MV4128big_NODE_1_length_685560_cov_728.732645	NODE_9_length_132992_cov_248.218066	99.998	132990	132992	2	0	400410	533401	1	132992	685560	132992	2.456e+05
MV4128big_NODE_1_length_685560_cov_728.732645	NODE_13_length_121960_cov_247.459374	99.998	121958	121960	2	0	534201	656160	121960	1	685560	121960	2.252e+05
MV4128big_NODE_1_length_685560_cov_728.732645	NODE_19_length_97715_cov_245.149621	100.000	97715	97715	0	0	199661	297375	97715	1	685560	97715	1.804e+05
MV4128big_NODE_1_length_685560_cov_728.732645	NODE_44_length_72013_cov_269.769240	100.000	72013	72013	0	0	297321	369333	72013	1	685560	72013	1.330e+05
MV4128big_NODE_1_length_685560_cov_728.732645	NODE_73_length_58288_cov_270.477427	100.000	58288	58288	0	0	77809	136096	1	58288	685560	58288	1.076e+05
MV4128big_NODE_1_length_685560_cov_728.732645	NODE_90_length_53420_cov_279.544158	100.000	53420	53420	0	0	1	53420	1	53420	685560	53420	98649
MV4128big_NODE_1_length_685560_cov_728.732645	NODE_273_length_28955_cov_281.986228	99.997	28954	28955	1	0	145601	174555	1	28955	685560	28955	53465
MV4128big_NODE_1_length_685560_cov_728.732645	NODE_338_length_25127_cov_264.605496	100.000	25127	25127	0	0	174589	199715	25127	1	685560	25127	46401
MV4128big_NODE_1_length_685560_cov_728.732645	NODE_352_length_24498_cov_205.200057	100.000	24498	24498	0	0	53366	77863	1	24498	685560	24498	45240
MV4128big_NODE_1_length_685560_cov_728.732645	NODE_49_length_67588_cov_246.638547	100.000	23592	23592	0	0	661969	685560	67588	43997	685560	67588	43567
MV4128big_NODE_1_length_685560_cov_728.732645	NODE_746_length_13784_cov_270.878505	100.000	13784	13784	0	0	382674	396457	1	13784	685560	13784	25455
MV4128big_NODE_1_length_685560_cov_728.732645	NODE_792_length_13205_cov_217.630570	100.000	13205	13205	0	0	369279	382483	1	13205	685560	13205	24386
MV4128big_NODE_1_length_685560_cov_728.732645	NODE_2414_length_5318_cov_381.484135	100.000	5318	5318	0	0	140338	145655	1	5318	685560	5318	9821
MV4128big_NODE_1_length_685560_cov_728.732645	NODE_3131_length_4351_cov_244.672952	100.000	4351	4351	0	0	136042	140392	1	4351	685560	4351	8035
MV4128big_NODE_1_length_685560_cov_728.732645	NODE_3436_length_4062_cov_185.113052	100.000	4062	4062	0	0	396403	400464	4062	1	685560	4062	7502
MV4128big_NODE_1_length_685560_cov_728.732645	NODE_4487_length_3272_cov_235.873174	100.000	3272	3272	0	0	658406	661677	3272	1	685560	3272	6043
MV4128big_NODE_1_length_685560_cov_728.732645	NODE_2917_length_4597_cov_17.497798	89.557	4125	4606	459	20	135795	140387	4597	1	685560	4597	5821
MV4128big_NODE_1_length_685560_cov_728.732645	NODE_3228_length_4252_cov_14.495116	87.371	3722	4260	525	10	321404	325658	1	4252	685560	4252	4874
MV4128big_NODE_1_length_685560_cov_728.732645	NODE_3362_length_4132_cov_17.789061	87.799	3634	4139	492	12	71017	75149	4132	1	685560	4132	4833
MV4128big_NODE_1_length_685560_cov_728.732645	NODE_1710_length_7109_cov_18.729799	87.359	3483	3987	474	25	220516	224491	3142	7109	685560	7109	4543
MV4128big_NODE_2_length_348281_cov_652.746880	NODE_58_length_65595_cov_217.211199	100.000	65595	65595	0	0	210717	276311	65595	1	348281	65595	1.211e+05
MV4128big_NODE_2_length_348281_cov_652.746880	NODE_67_length_63054_cov_243.558136	99.987	63046	63054	8	0	36911	99964	63054	1	348281	63054	1.164e+05
MV4128big_NODE_2_length_348281_cov_652.746880	NODE_115_length_48013_cov_217.554569	99.998	48012	48013	1	0	276257	324269	48013	1	348281	48013	88658
MV4128big_NODE_2_length_348281_cov_652.746880	NODE_115_length_48013_cov_217.554569	88.073	480	545	63	2	307090	307633	15789	15246	348281	48013	645
MV4128big_NODE_2_length_348281_cov_652.746880	NODE_115_length_48013_cov_217.554569	88.073	480	545	63	2	308481	309024	17180	16637	348281	48013	645
MV4128big_NODE_2_length_348281_cov_652.746880	NODE_188_length_36500_cov_235.867883	100.000	36500	36500	0	0	172096	208595	36500	1	348281	36500	67403
MV4128big_NODE_2_length_348281_cov_652.746880	NODE_363_length_24067_cov_242.208854	100.000	24067	24067	0	0	324215	348281	24067	1	348281	24067	44444
MV4128big_NODE_2_length_348281_cov_652.746880	NODE_482_length_19985_cov_248.962117	99.985	19982	19985	3	0	13719	33703	19985	1	348281	19985	36889
MV4128big_NODE_2_length_348281_cov_652.746880	NODE_541_length_18151_cov_207.265197	100.000	18151	18151	0	0	105064	123214	1	18151	348281	18151	33519
MV4128big_NODE_2_length_348281_cov_652.746880	NODE_588_length_16859_cov_223.140740	100.000	16859	16859	0	0	124356	141214	16859	1	348281	16859	31133
MV4128big_NODE_2_length_348281_cov_652.746880	NODE_588_length_16859_cov_223.140740	97.727	129	132	3	0	140641	140772	326	195	348281	16859	228
MV4128big_NODE_2_length_348281_cov_652.746880	NODE_588_length_16859_cov_223.140740	97.727	129	132	3	0	140889	141020	574	443	348281	16859	228
MV4128big_NODE_2_length_348281_cov_652.746880	NODE_701_length_14403_cov_219.679398	100.000	14403	14403	0	0	142734	157136	14403	1	348281	14403	26598
MV4128big_NODE_2_length_348281_cov_652.746880	NODE_1163_length_9633_cov_214.667572	100.000	9633	9633	0	0	158691	168323	9633	1	348281	9633	17789
MV4128big_NODE_2_length_348281_cov_652.746880	NODE_1236_length_9137_cov_275.366659	100.000	9137	9137	0	0	4637	13773	9137	1	348281	9137	16873
MV4128big_NODE_2_length_348281_cov_652.746880	NODE_2670_length_4908_cov_200.204616	100.000	4908	4908	0	0	100211	105118	1	4908	348281	4908	9064
MV4128big_NODE_2_length_348281_cov_652.746880	NODE_2827_length_4691_cov_251.265962	99.979	4690	4691	1	0	1	4691	4691	1	348281	4691	8658
MV4128big_NODE_2_length_348281_cov_652.746880	NODE_5754_length_2649_cov_324.005397	100.000	2649	2649	0	0	169502	172150	2649	1	348281	2649	4892
MV4128big_NODE_2_length_348281_cov_652.746880	NODE_3780_length_3796_cov_19.099973	88.909	3383	3805	406	13	142734	146531	1	3796	348281	3796	4674
MV4128big_NODE_2_length_348281_cov_652.746880	NODE_3887_length_3709_cov_15.704160	89.338	3251	3639	382	5	153496	157131	3636	1	348281	3709	4566
MV4128big_NODE_2_length_348281_cov_652.746880	NODE_7030_length_2231_cov_157.677390	100.000	2231	2231	0	0	208541	210771	2231	1	348281	2231	4120
MV4128big_NODE_2_length_348281_cov_652.746880	NODE_2895_length_4623_cov_24.204028	86.874	3157	3634	473	4	276257	279888	4623	992	348281	4623	4065
MV4128big_NODE_2_length_348281_cov_652.746880	NODE_3911_length_3689_cov_24.889928	85.475	3160	3697	510	25	75843	79520	3689	1	348281	3689	3827
MV4128big_NODE_2_length_348281_cov_652.746880	NODE_7817_length_2035_cov_207.348990	100.000	2035	2035	0	0	34931	36965	2035	1	348281	2035	3759
MV4128big_NODE_3_length_302913_cov_843.471888	NODE_1_length_227212_cov_294.345519	100.000	227212	227212	0	0	1	227212	227212	1	302913	227212	4.196e+05
MV4128big_NODE_3_length_302913_cov_843.471888	NODE_1_length_227212_cov_294.345519	81.780	193	236	41	2	157896	158130	68662	68428	302913	227212	196
MV4128big_NODE_3_length_302913_cov_843.471888	NODE_1_length_227212_cov_294.345519	81.780	193	236	41	2	158551	158785	69317	69083	302913	227212	196
MV4128big_NODE_3_length_302913_cov_843.471888	NODE_1_length_227212_cov_294.345519	81.818	126	154	12	13	43713	43858	183355	183500	302913	227212	115
MV4128big_NODE_3_length_302913_cov_843.471888	NODE_413_length_22155_cov_255.667466	100.000	22155	22155	0	0	246219	268373	1	22155	302913	22155	40913
MV4128big_NODE_3_length_302913_cov_843.471888	NODE_431_length_21638_cov_298.244961	100.000	21638	21638	0	0	278441	300078	1	21638	302913	21638	39958
MV4128big_NODE_3_length_302913_cov_843.471888	NODE_507_length_19116_cov_347.400136	100.000	19116	19116	0	0	227158	246273	1	19116	302913	19116	35301
MV4128big_NODE_3_length_302913_cov_843.471888	NODE_1091_length_10177_cov_281.470362	100.000	10177	10177	0	0	268319	278495	1	10177	302913	10177	18794
MV4128big_NODE_3_length_302913_cov_843.471888	NODE_1788_length_6877_cov_22.126942	85.425	5896	6902	951	37	174080	180951	1	6877	302913	6877	7121
MV4128big_NODE_3_length_302913_cov_843.471888	NODE_1617_length_7391_cov_27.661532	86.184	4797	5566	724	28	235391	240940	7391	1855	302913	7391	5976
MV4128big_NODE_3_length_302913_cov_843.471888	NODE_1617_length_7391_cov_27.661532	89.585	1531	1709	172	6	240949	242655	1705	1	302913	7391	2165
MV4128big_NODE_3_length_302913_cov_843.471888	NODE_2907_length_4608_cov_30.918955	89.250	4118	4614	484	12	15957	20564	4608	1	302913	4608	5762
MV4128big_NODE_3_length_302913_cov_843.471888	NODE_3108_length_4371_cov_19.925394	89.895	3932	4374	433	8	192608	196978	4368	1	302913	4371	5620
MV4128big_NODE_3_length_302913_cov_843.471888	NODE_5260_length_2860_cov_170.759002	100.000	2860	2860	0	0	300024	302883	2860	1	302913	2860	5282
MV4128big_NODE_3_length_302913_cov_843.471888	NODE_2984_length_4525_cov_19.808054	87.346	3969	4544	549	22	186765	191301	4525	1	302913	4525	5182
MV4128big_NODE_3_length_302913_cov_843.471888	NODE_1835_length_6671_cov_58.598700	91.521	3195	3491	290	6	272343	275830	3488	1	302913	6671	4802
MV4128big_NODE_3_length_302913_cov_843.471888	NODE_3127_length_4354_cov_17.838567	86.531	3771	4358	583	2	213100	217457	4354	1	302913	4354	4793
MV4128big_NODE_3_length_302913_cov_843.471888	NODE_4131_length_3518_cov_30.826740	89.779	3162	3522	352	8	26565	30082	3518	1	302913	3518	4503
MV4128big_NODE_3_length_302913_cov_843.471888	NODE_3789_length_3785_cov_26.151206	87.549	3319	3791	460	8	97100	100884	3785	1	302913	3785	4375
MV4128big_NODE_3_length_302913_cov_843.471888	NODE_4693_length_3154_cov_13.568571	87.773	2778	3165	370	10	183688	186847	3154	2	302913	3154	3685
MV4128big_NODE_3_length_302913_cov_843.471888	NODE_5100_length_2943_cov_25.218837	89.036	2623	2946	316	7	268319	271260	1	2943	302913	2943	3644
MV4128big_NODE_3_length_302913_cov_843.471888	NODE_4191_length_3473_cov_21.794909	89.437	2430	2717	280	7	83174	85886	1	2714	302913	3473	3421
MV4128big_NODE_3_length_302913_cov_843.471888	NODE_5190_length_2899_cov_24.375879	87.310	2532	2900	366	2	9828	12726	1	2899	302913	2899	3315
MV4128big_NODE_3_length_302913_cov_843.471888	NODE_5389_length_2805_cov_19.926545	87.211	2448	2807	355	4	201750	204554	2805	1	302913	2805	3192
MV4128big_NODE_4_length_283295_cov_705.596582	NODE_68_length_62063_cov_254.180267	100.000	62063	62063	0	0	5	62067	62063	1	283295	62063	1.146e+05
MV4128big_NODE_4_length_283295_cov_705.596582	NODE_89_length_53897_cov_270.645574	100.000	53897	53897	0	0	193686	247582	53897	1	283295	53897	99529
MV4128big_NODE_4_length_283295_cov_705.596582	NODE_100_length_51402_cov_257.613940	100.000	51402	51402	0	0	77116	128517	51402	1	283295	51402	94922
MV4128big_NODE_4_length_283295_cov_705.596582	NODE_217_length_33492_cov_272.542991	100.000	33492	33492	0	0	128463	161954	33492	1	283295	33492	61849
MV4128big_NODE_4_length_283295_cov_705.596582	NODE_386_length_23199_cov_203.997667	100.000	23199	23199	0	0	247528	270726	1	23199	283295	23199	42841
MV4128big_NODE_4_length_283295_cov_705.596582	NODE_543_length_18070_cov_250.644019	100.000	18070	18070	0	0	163446	181515	18070	1	283295	18070	33370
MV4128big_NODE_4_length_283295_cov_705.596582	NODE_667_length_15109_cov_215.120433	100.000	15109	15109	0	0	62013	77121	15109	1	283295	15109	27902
MV4128big_NODE_4_length_283295_cov_705.596582	NODE_845_length_12624_cov_122.819476	100.000	12624	12624	0	0	270672	283295	1	12624	283295	12624	23313
MV4128big_NODE_4_length_283295_cov_705.596582	NODE_1790_length_6863_cov_193.994859	99.985	6862	6863	1	0	185079	191941	6863	1	283295	6863	12669
MV4128big_NODE_4_length_283295_cov_705.596582	NODE_1925_length_6443_cov_21.097527	87.321	5613	6428	810	5	50542	56967	1	6425	283295	6443	7350
MV4128big_NODE_4_length_283295_cov_705.596582	NODE_3520_length_3996_cov_20.496067	85.832	3447	4016	527	37	145000	148993	3996	1	283295	3996	4226
MV4128big_NODE_4_length_283295_cov_705.596582	NODE_7086_length_2217_cov_241.213228	100.000	2217	2217	0	0	182917	185133	2217	1	283295	2217	4095
MV4128big_NODE_4_length_283295_cov_705.596582	NODE_3206_length_4273_cov_71.359649	95.848	2147	2240	93	0	189702	191941	2240	1	283295	4273	3622
MV4128big_NODE_4_length_283295_cov_705.596582	NODE_3206_length_4273_cov_71.359649	93.762	481	513	30	2	187228	187739	4273	3762	283295	4273	769
MV4128big_NODE_4_length_283295_cov_705.596582	NODE_3206_length_4273_cov_71.359649	89.959	439	488	44	3	188606	189091	3460	2976	283295	4273	625
MV4128big_NODE_4_length_283295_cov_705.596582	NODE_5920_length_2587_cov_16.250395	90.724	2357	2598	225	8	128463	131055	1	2587	283295	2587	3448
MV4128big_NODE_4_length_283295_cov_705.596582	NODE_8608_length_1854_cov_155.291273	100.000	1854	1854	0	0	191887	193740	1854	1	283295	1854	3424
MV4128big_NODE_4_length_283295_cov_705.596582	NODE_4136_length_3515_cov_14.538439	87.163	2621	3007	379	7	267274	270277	513	3515	283295	3515	3408
MV4128big_NODE_4_length_283295_cov_705.596582	NODE_4136_length_3515_cov_14.538439	91.167	289	317	27	1	266762	267077	1	317	283295	3515	429
MV4128big_NODE_4_length_283295_cov_705.596582	NODE_6189_length_2488_cov_15.758734	90.040	2242	2490	238	8	125823	128307	2485	1	283295	2488	3216
MV4128big_NODE_4_length_283295_cov_705.596582	NODE_10052_length_1601_cov_336.059508	100.000	1601	1601	0	0	161900	163500	1601	1	283295	1601	2957
MV4128big_NODE_4_length_283295_cov_705.596582	NODE_10661_length_1511_cov_170.901786	100.000	1511	1511	0	0	181461	182971	1	1511	283295	1511	2791
MV4128big_NODE_4_length_283295_cov_705.596582	NODE_7982_length_1994_cov_15.177411	90.581	1808	1996	186	2	7559	9554	1994	1	283295	1994	2643
MV4128big_NODE_5_length_269456_cov_691.517337	NODE_4_length_197564_cov_228.805032	100.000	197564	197564	0	0	71893	269456	1	197564	269456	197564	3.648e+05
MV4128big_NODE_5_length_269456_cov_691.517337	NODE_52_length_66314_cov_268.356676	99.992	66103	66108	5	0	1	66108	207	66314	269456	66314	1.221e+05
MV4128big_NODE_5_length_269456_cov_691.517337	NODE_2137_length_5894_cov_310.496832	100.000	5894	5894	0	0	66054	71947	1	5894	269456	5894	10885
MV4128big_NODE_5_length_269456_cov_691.517337	NODE_3104_length_4376_cov_21.248322	85.246	3721	4365	611	31	239822	244170	4348	1	269456	4376	4462
MV4128big_NODE_5_length_269456_cov_691.517337	NODE_4942_length_3016_cov_12.195204	87.773	2656	3026	350	14	212296	215311	1	3016	269456	3016	3520
MV4128big_NODE_5_length_269456_cov_691.517337	NODE_5586_length_2711_cov_28.625377	89.340	2422	2711	289	0	98272	100982	2711	1	269456	2711	3406
MV4128big_NODE_5_length_269456_cov_691.517337	NODE_6199_length_2484_cov_29.871140	91.135	2272	2493	206	6	63622	66108	1	2484	269456	2484	3365
MV4128big_NODE_5_length_269456_cov_691.517337	NODE_6430_length_2404_cov_18.814815	88.917	2142	2409	260	7	205081	207487	2404	1	269456	2404	2963
MV4128big_NODE_5_length_269456_cov_691.517337	NODE_5665_length_2679_cov_19.330030	86.526	2331	2694	342	17	232605	235292	2679	1	269456	2679	2944
MV4128big_NODE_5_length_269456_cov_691.517337	NODE_6604_length_2350_cov_13.463617	89.201	2098	2352	239	5	149538	151876	1	2350	269456	2350	2922
MV4128big_NODE_5_length_269456_cov_691.517337	NODE_6451_length_2396_cov_25.466040	88.468	2125	2402	265	12	194256	196651	1	2396	269456	2396	2891
MV4128big_NODE_5_length_269456_cov_691.517337	NODE_6607_length_2349_cov_19.697036	88.851	2088	2350	260	2	160888	163236	2349	1	269456	2349	2887
MV4128big_NODE_5_length_269456_cov_691.517337	NODE_7336_length_2150_cov_19.760859	90.454	1952	2158	196	7	252471	254626	2150	1	269456	2150	2835
MV4128big_NODE_5_length_269456_cov_691.517337	NODE_7677_length_2066_cov_26.273496	91.353	1891	2070	171	7	166940	169005	2066	1	269456	2066	2824
MV4128big_NODE_5_length_269456_cov_691.517337	NODE_8259_length_1937_cov_18.521785	92.101	1784	1937	153	0	250288	252224	1937	1	269456	1937	2730
MV4128big_NODE_5_length_269456_cov_691.517337	NODE_4451_length_3298_cov_14.197965	81.687	2654	3249	571	21	227381	230618	1	3236	269456	3298	2682
MV4128big_NODE_5_length_269456_cov_691.517337	NODE_8339_length_1919_cov_16.412017	90.375	1737	1922	176	6	132232	134147	1	1919	269456	1919	2516
MV4128big_NODE_5_length_269456_cov_691.517337	NODE_8304_length_1926_cov_20.572956	88.113	1690	1918	215	10	155677	157587	1912	1	269456	1926	2266
MV4128big_NODE_5_length_269456_cov_691.517337	NODE_8813_length_1818_cov_18.521838	89.182	1624	1821	190	7	116704	118520	1	1818	269456	1818	2265
MV4128big_NODE_5_length_269456_cov_691.517337	NODE_7001_length_2240_cov_27.227918	84.231	1907	2264	320	24	24942	27192	1	2240	269456	2240	2169
MV4128big_NODE_6_length_257161_cov_776.419383	NODE_75_length_58214_cov_245.523100	100.000	58214	58214	0	0	102834	161047	1	58214	257161	58214	1.075e+05
MV4128big_NODE_6_length_257161_cov_776.419383	NODE_125_length_45455_cov_272.543040	99.976	45444	45455	11	0	3849	49303	45455	1	257161	45455	83879
MV4128big_NODE_6_length_257161_cov_776.419383	NODE_178_length_37756_cov_290.916766	100.000	37756	37756	0	0	160993	198748	1	37756	257161	37756	69723
MV4128big_NODE_6_length_257161_cov_776.419383	NODE_178_length_37756_cov_290.916766	93.131	583	626	43	0	168349	168974	5958	6583	257161	37756	918
MV4128big_NODE_6_length_257161_cov_776.419383	NODE_178_length_37756_cov_290.916766	93.131	583	626	43	0	166950	167575	7357	7982	257161	37756	918
MV4128big_NODE_6_length_257161_cov_776.419383	NODE_224_length_33104_cov_247.506067	100.000	33104	33104	0	0	49249	82352	1	33104	257161	33104	61132
MV4128big_NODE_6_length_257161_cov_776.419383	NODE_428_length_21681_cov_278.377462	100.000	21681	21681	0	0	198694	220374	1	21681	257161	21681	40038
MV4128big_NODE_6_length_257161_cov_776.419383	NODE_428_length_21681_cov_278.377462	82.578	237	287	36	10	200956	201238	1978	2254	257161	21681	241
MV4128big_NODE_6_length_257161_cov_776.419383	NODE_428_length_21681_cov_278.377462	82.578	237	287	36	10	200671	200947	2263	2545	257161	21681	241
MV4128big_NODE_6_length_257161_cov_776.419383	NODE_720_length_14228_cov_268.697030	100.000	14228	14228	0	0	242934	257161	1	14228	257161	14228	26275
MV4128big_NODE_6_length_257161_cov_776.419383	NODE_812_length_12981_cov_281.429522	100.000	12981	12981	0	0	220320	233300	1	12981	257161	12981	23972
MV4128big_NODE_6_length_257161_cov_776.419383	NODE_858_length_12389_cov_280.381060	100.000	12389	12389	0	0	90500	102888	1	12389	257161	12389	22879
MV4128big_NODE_6_length_257161_cov_776.419383	NODE_1392_length_8257_cov_200.958912	100.000	8257	8257	0	0	82298	90554	1	8257	257161	8257	15248
MV4128big_NODE_6_length_257161_cov_776.419383	NODE_2392_length_5370_cov_361.087112	100.000	5370	5370	0	0	237561	242930	5370	1	257161	5370	9917
MV4128big_NODE_6_length_257161_cov_776.419383	NODE_3246_length_4233_cov_407.719244	100.000	3903	3903	0	0	1	3903	3903	1	257161	4233	7208
MV4128big_NODE_6_length_257161_cov_776.419383	NODE_1913_length_6472_cov_20.988156	84.644	5501	6499	939	49	69231	75699	1	6470	257161	6472	6418
MV4128big_NODE_6_length_257161_cov_776.419383	NODE_1926_length_6439_cov_20.969298	84.272	5449	6466	939	61	75935	82352	6436	1	257161	6439	6235
MV4128big_NODE_6_length_257161_cov_776.419383	NODE_2499_length_5178_cov_14.974624	86.194	4489	5208	648	47	103775	108941	5178	1	257161	5178	5568
MV4128big_NODE_6_length_257161_cov_776.419383	NODE_6972_length_2248_cov_347.896945	100.000	2248	2248	0	0	233246	235493	2248	1	257161	2248	4152
MV4128big_NODE_6_length_257161_cov_776.419383	NODE_8880_length_1806_cov_327.145631	100.000	1806	1806	0	0	235810	237615	1806	1	257161	1806	3336
MV4128big_NODE_6_length_257161_cov_776.419383	NODE_5366_length_2815_cov_22.610145	90.117	2307	2560	241	10	208871	211421	1	2557	257161	2815	3315
MV4128big_NODE_6_length_257161_cov_776.419383	NODE_5366_length_2815_cov_22.610145	83.193	198	238	29	8	211949	212182	2585	2815	257161	2815	207
MV4128big_NODE_6_length_257161_cov_776.419383	NODE_8503_length_1881_cov_13.011501	91.261	1723	1888	155	7	187006	188890	1	1881	257161	1881	2564
MV4128big_NODE_6_length_257161_cov_776.419383	NODE_9966_length_1614_cov_17.118666	90.217	1457	1615	156	2	109481	111094	1614	1	257161	1614	2106
MV4128big_NODE_6_length_257161_cov_776.419383	NODE_5614_length_2700_cov_8.680907	80.724	2207	2734	443	65	154239	156925	2697	1	257161	2700	2052
MV4128big_NODE_7_length_244923_cov_822.768377	NODE_22_length_95844_cov_296.359185	99.999	95843	95844	1	0	92879	188722	95844	1	244923	95844	1.770e+05
MV4128big_NODE_7_length_244923_cov_822.768377	NODE_27_length_88910_cov_294.649170	100.000	88910	88910	0	0	4024	92933	1	88910	244923	88910	1.642e+05
MV4128big_NODE_7_length_244923_cov_822.768377	NODE_82_length_56256_cov_263.925411	100.000	56256	56256	0	0	188668	244923	56256	1	244923	56256	1.039e+05
MV4128big_NODE_7_length_244923_cov_822.768377	NODE_452_length_21038_cov_298.703713	100.000	4078	4078	0	0	1	4078	16961	21038	244923	21038	7531
MV4128big_NODE_7_length_244923_cov_822.768377	NODE_4621_length_3193_cov_19.630656	86.536	2783	3216	402	19	63002	66209	3193	1	244923	3193	3511
MV4128big_NODE_7_length_244923_cov_822.768377	NODE_2433_length_5292_cov_22.806378	86.755	2417	2786	361	8	44310	47091	8	2789	244923	5292	3094
MV4128big_NODE_7_length_244923_cov_822.768377	NODE_6672_length_2328_cov_20.209855	90.554	2109	2329	212	5	182066	184390	1	2325	244923	2328	3075
MV4128big_NODE_7_length_244923_cov_822.768377	NODE_6641_length_2340_cov_14.333917	89.561	2102	2347	231	12	176319	178658	1	2340	244923	2340	2964
MV4128big_NODE_7_length_244923_cov_822.768377	NODE_5691_length_2671_cov_22.918960	86.652	2324	2682	336	17	98304	100974	2671	1	244923	2671	2950
MV4128big_NODE_7_length_244923_cov_822.768377	NODE_855_length_12413_cov_21.060204	80.526	3060	3800	699	33	231111	234893	8604	12379	244923	12413	2880
MV4128big_NODE_7_length_244923_cov_822.768377	NODE_7174_length_2190_cov_25.768618	89.709	1970	2196	214	12	48472	50661	2190	1	244923	2190	2793
MV4128big_NODE_7_length_244923_cov_822.768377	NODE_6361_length_2424_cov_15.701984	87.960	1936	2201	265	0	142684	144884	1	2201	244923	2424	2597
MV4128big_NODE_7_length_244923_cov_822.768377	NODE_6361_length_2424_cov_15.701984	93.478	86	92	6	0	144919	145010	2333	2424	244923	2424	137
MV4128big_NODE_7_length_244923_cov_822.768377	NODE_9137_length_1754_cov_18.562684	92.189	1617	1754	137	0	190032	191785	1	1754	244923	1754	2481
MV4128big_NODE_7_length_244923_cov_822.768377	NODE_4755_length_3126_cov_6.568870	81.284	2558	3147	505	70	163911	167030	3126	37	244923	3126	2471
MV4128big_NODE_7_length_244923_cov_822.768377	NODE_8409_length_1901_cov_21.489166	90.011	1712	1902	188	2	102041	103941	1901	1	244923	1901	2459
MV4128big_NODE_7_length_244923_cov_822.768377	NODE_8161_length_1958_cov_14.572254	89.229	1748	1959	209	2	174083	176040	1	1958	244923	1958	2447
MV4128big_NODE_7_length_244923_cov_822.768377	NODE_9676_length_1661_cov_19.908468	92.664	1541	1663	118	4	220818	222478	1661	1	244923	1661	2392
MV4128big_NODE_7_length_244923_cov_822.768377	NODE_9192_length_1746_cov_22.090479	91.185	1593	1747	152	2	51306	53051	1	1746	244923	1746	2372
MV4128big_NODE_7_length_244923_cov_822.768377	NODE_1710_length_7109_cov_18.729799	79.813	2475	3101	587	35	234898	237977	3	3085	244923	7109	2222
MV4128big_NODE_7_length_244923_cov_822.768377	NODE_10387_length_1547_cov_12.863271	91.602	1418	1548	128	2	73922	75468	1	1547	244923	1547	2137
MV4128big_NODE_8_length_215474_cov_787.018587	NODE_10_length_130112_cov_274.651414	99.990	130099	130112	13	0	1	130112	1	130112	215474	130112	2.402e+05
MV4128big_NODE_8_length_215474_cov_787.018587	NODE_123_length_46524_cov_272.492070	100.000	46524	46524	0	0	130058	176581	1	46524	215474	46524	85914
MV4128big_NODE_8_length_215474_cov_787.018587	NODE_169_length_38948_cov_247.199162	100.000	38948	38948	0	0	176527	215474	38948	1	215474	38948	71924
MV4128big_NODE_8_length_215474_cov_787.018587	NODE_2536_length_5119_cov_18.631912	86.563	4445	5135	653	28	12972	18085	5119	1	215474	5119	5626
MV4128big_NODE_8_length_215474_cov_787.018587	NODE_4144_length_3510_cov_20.141823	86.136	3038	3527	451	35	187090	190595	1	3510	215474	3510	3770
MV4128big_NODE_8_length_215474_cov_787.018587	NODE_6478_length_2390_cov_14.680942	88.787	2130	2399	259	8	172782	175179	2390	1	215474	2390	2931
MV4128big_NODE_8_length_215474_cov_787.018587	NODE_4858_length_3062_cov_7.306950	83.140	2574	3096	449	61	129664	132727	3062	8	215474	3062	2758
MV4128big_NODE_8_length_215474_cov_787.018587	NODE_10204_length_1576_cov_10.185404	90.228	1422	1576	154	0	177916	179491	1576	1	215474	1576	2058
MV4128big_NODE_8_length_215474_cov_787.018587	NODE_4123_length_3530_cov_9.814101	76.680	2624	3422	665	106	58326	61679	1	3357	215474	3530	1775
MV4128big_NODE_8_length_215474_cov_787.018587	NODE_11462_length_1407_cov_15.329142	91.771	1171	1276	103	2	192012	193286	1	1275	215474	1407	1773
MV4128big_NODE_8_length_215474_cov_787.018587	NODE_8782_length_1824_cov_13.299604	83.669	1537	1837	272	26	22289	24111	1824	2	215474	1824	1705
MV4128big_NODE_8_length_215474_cov_787.018587	NODE_11968_length_1349_cov_8.157651	88.039	1185	1346	153	6	27719	29060	8	1349	215474	1349	1587
MV4128big_NODE_8_length_215474_cov_787.018587	NODE_2184_length_5775_cov_8.454371	77.821	1979	2543	458	83	45501	47999	2481	1	215474	5775	1474
MV4128big_NODE_8_length_215474_cov_787.018587	NODE_2184_length_5775_cov_8.454371	74.134	1969	2656	557	114	42264	44840	5743	3139	215474	5775	979
MV4128big_NODE_8_length_215474_cov_787.018587	NODE_6371_length_2421_cov_9.304734	79.531	1694	2130	370	48	63573	65674	2421	330	215474	2421	1458
MV4128big_NODE_8_length_215474_cov_787.018587	NODE_6783_length_2299_cov_8.104724	79.946	1483	1855	317	42	157213	159030	2168	332	215474	2299	1314
MV4128big_NODE_8_length_215474_cov_787.018587	NODE_1911_length_6473_cov_6.676067	75.500	2191	2902	593	99	184670	187499	5063	2208	215474	6473	1312
MV4128big_NODE_8_length_215474_cov_787.018587	NODE_5675_length_2676_cov_5.936665	82.855	1213	1464	225	24	175696	177146	2674	1224	215474	2676	1290
MV4128big_NODE_8_length_215474_cov_787.018587	NODE_12506_length_1290_cov_9.875304	84.699	1096	1294	176	17	131445	132727	1	1283	215474	1290	1273
MV4128big_NODE_8_length_215474_cov_787.018587	NODE_15183_length_1061_cov_13.911531	88.169	939	1065	118	8	134810	135870	1	1061	215474	1061	1262
MV4128big_NODE_8_length_215474_cov_787.018587	NODE_6093_length_2519_cov_7.761364	79.264	1464	1847	331	41	157213	159030	2173	350	215474	2519	1242
MV4128big_NODE_9_length_206707_cov_901.894712	NODE_6_length_170868_cov_292.736384	100.000	170868	170868	0	0	19841	190708	170868	1	206707	170868	3.155e+05
MV4128big_NODE_9_length_206707_cov_901.894712	NODE_484_length_19925_cov_344.533216	100.000	19895	19895	0	0	1	19895	19895	1	206707	19925	36740
MV4128big_NODE_9_length_206707_cov_901.894712	NODE_452_length_21038_cov_298.703713	100.000	16054	16054	0	0	190654	206707	1	16054	206707	21038	29647
MV4128big_NODE_9_length_206707_cov_901.894712	NODE_494_length_19498_cov_25.343105	78.869	3180	4032	764	76	147292	151270	6745	10741	206707	19498	2645
MV4128big_NODE_9_length_206707_cov_901.894712	NODE_494_length_19498_cov_25.343105	80.160	1305	1628	293	26	131133	132745	13303	11691	206707	19498	1190
MV4128big_NODE_9_length_206707_cov_901.894712	NODE_494_length_19498_cov_25.343105	77.430	693	895	177	22	145462	146343	4791	5673	206707	19498	510
MV4128big_NODE_9_length_206707_cov_901.894712	NODE_494_length_19498_cov_25.343105	76.985	475	617	120	22	146587	147192	5995	6600	206707	19498	333
MV4128big_NODE_9_length_206707_cov_901.894712	NODE_494_length_19498_cov_25.343105	73.813	544	737	167	25	142049	142772	1260	1983	206707	19498	268
MV4128big_NODE_9_length_206707_cov_901.894712	NODE_4577_length_3216_cov_20.792787	90.261	1761	1951	190	0	49192	51142	1951	1	206707	3216	2551
MV4128big_NODE_9_length_206707_cov_901.894712	NODE_4577_length_3216_cov_20.792787	90.409	1150	1272	122	0	47813	49084	3216	1945	206707	3216	1674
MV4128big_NODE_9_length_206707_cov_901.894712	NODE_9262_length_1732_cov_26.725104	91.518	1586	1733	145	2	34273	36004	1	1732	206707	1732	2385
MV4128big_NODE_9_length_206707_cov_901.894712	NODE_6676_length_2327_cov_18.674736	84.957	1988	2340	333	14	203433	205766	1	2327	206707	2327	2353
MV4128big_NODE_9_length_206707_cov_901.894712	NODE_1664_length_7273_cov_6.190635	76.441	2998	3922	773	124	147412	151236	1556	5423	206707	7273	1984
MV4128big_NODE_9_length_206707_cov_901.894712	NODE_1664_length_7273_cov_6.190635	81.220	679	836	145	11	131914	132743	7257	6428	206707	7273	664
MV4128big_NODE_9_length_206707_cov_901.894712	NODE_11785_length_1368_cov_25.559025	92.263	1264	1370	102	4	1305	2672	1368	1	206707	1368	1940
MV4128big_NODE_9_length_206707_cov_901.894712	NODE_4969_length_3002_cov_28.516797	77.741	2361	3037	613	57	39425	42433	3002	1	206707	3002	1805
MV4128big_NODE_9_length_206707_cov_901.894712	NODE_8920_length_1798_cov_26.425703	81.215	1470	1810	320	17	193118	194919	1798	1	206707	1798	1441
MV4128big_NODE_9_length_206707_cov_901.894712	NODE_3800_length_3779_cov_23.247315	76.617	2002	2613	518	75	147673	150221	3759	1176	206707	3779	1354
MV4128big_NODE_9_length_206707_cov_901.894712	NODE_3800_length_3779_cov_23.247315	79.913	736	921	167	16	150327	151238	1013	102	206707	3779	660
MV4128big_NODE_9_length_206707_cov_901.894712	NODE_1753_length_6976_cov_23.460338	76.585	2005	2618	506	87	147655	150201	3	2584	206707	6976	1339
MV4128big_NODE_9_length_206707_cov_901.894712	NODE_17370_length_926_cov_24.454650	91.793	850	926	76	0	21567	22492	1	926	206707	926	1290
MV4128big_NODE_9_length_206707_cov_901.894712	NODE_7221_length_2179_cov_12.381827	83.695	1119	1337	200	15	43919	45246	843	2170	206707	2179	1245
MV4128big_NODE_9_length_206707_cov_901.894712	NODE_472_length_20409_cov_25.459811	80.696	1275	1580	277	27	131186	132751	7435	5870	206707	20409	1203
MV4128big_NODE_9_length_206707_cov_901.894712	NODE_472_length_20409_cov_25.459811	78.069	1011	1295	234	43	125264	126538	13206	11942	206707	20409	773
MV4128big_NODE_9_length_206707_cov_901.894712	NODE_472_length_20409_cov_25.459811	76.628	400	522	78	36	122852	123359	15662	15171	206707	20409	248
MV4128big_NODE_9_length_206707_cov_901.894712	NODE_1271_length_8879_cov_6.031845	79.110	1405	1776	319	40	59232	60978	2789	1037	206707	8879	1177
MV4128big_NODE_9_length_206707_cov_901.894712	NODE_1271_length_8879_cov_6.031845	76.595	1417	1850	351	59	54441	56252	6927	5122	206707	8879	942
MV4128big_NODE_9_length_206707_cov_901.894712	NODE_1271_length_8879_cov_6.031845	83.520	522	625	95	8	53555	54175	7900	7280	206707	8879	577
MV4128big_NODE_9_length_206707_cov_901.894712	NODE_1271_length_8879_cov_6.031845	86.262	270	313	39	4	61856	62166	311	1	206707	8879	337
MV4128big_NODE_9_length_206707_cov_901.894712	NODE_5498_length_2752_cov_8.905821	79.901	1292	1617	304	18	22729	24336	1	1605	206707	2752	1166
MV4128big_NODE_9_length_206707_cov_901.894712	NODE_2772_length_4778_cov_9.293034	79.625	1317	1654	310	22	22695	24336	2930	1292	206707	4778	1162
MV4128big_NODE_9_length_206707_cov_901.894712	NODE_2772_length_4778_cov_9.293034	76.364	252	330	68	10	21021	21345	4773	4449	206707	4778	169
MV4128big_NODE_9_length_206707_cov_901.894712	NODE_14233_length_1130_cov_17.151628	90.173	780	865	85	0	205843	206707	1	865	206707	1130	1127
MV4128big_NODE_10_length_168267_cov_702.126067	NODE_76_length_58188_cov_247.636919	100.000	58188	58188	0	0	23934	82121	1	58188	168267	58188	1.075e+05
MV4128big_NODE_10_length_168267_cov_702.126067	NODE_231_length_32444_cov_267.421748	100.000	32444	32444	0	0	83095	115538	1	32444	168267	32444	59913
MV4128big_NODE_10_length_168267_cov_702.126067	NODE_85_length_55362_cov_257.342760	100.000	31950	31950	0	0	136318	168267	1	31950	168267	55362	59001
MV4128big_NODE_10_length_168267_cov_702.126067	NODE_368_length_23988_cov_220.057118	100.000	23988	23988	0	0	1	23988	1	23988	168267	23988	44298
MV4128big_NODE_10_length_168267_cov_702.126067	NODE_1274_length_8869_cov_213.027229	100.000	8869	8869	0	0	117810	126678	1	8869	168267	8869	16379
MV4128big_NODE_10_length_168267_cov_702.126067	NODE_3539_length_3978_cov_167.906704	100.000	3978	3978	0	0	127467	131444	1	3978	168267	3978	7347
MV4128big_NODE_10_length_168267_cov_702.126067	NODE_5153_length_2917_cov_268.993361	99.966	2916	2917	1	0	131390	134306	1	2917	168267	2917	5382
MV4128big_NODE_10_length_168267_cov_702.126067	NODE_6510_length_2381_cov_259.045142	100.000	2381	2381	0	0	115484	117864	1	2381	168267	2381	4397
MV4128big_NODE_10_length_168267_cov_702.126067	NODE_5792_length_2634_cov_14.568437	86.694	2287	2638	343	8	154233	156866	2634	1	168267	2634	2920
MV4128big_NODE_10_length_168267_cov_702.126067	NODE_6071_length_2525_cov_19.171660	89.142	1954	2192	238	0	115673	117864	2192	1	168267	2525	2730
MV4128big_NODE_10_length_168267_cov_702.126067	NODE_6071_length_2525_cov_19.171660	95.062	154	162	8	0	115484	115645	2525	2364	168267	2525	255
MV4128big_NODE_10_length_168267_cov_702.126067	NODE_1604_length_7419_cov_17.801059	91.878	1561	1699	136	2	107165	108862	1	1698	168267	7419	2372
MV4128big_NODE_10_length_168267_cov_702.126067	NODE_3186_length_4293_cov_18.148891	83.792	2042	2437	389	5	27097	29530	4293	1860	168267	4293	2307
MV4128big_NODE_10_length_168267_cov_702.126067	NODE_3186_length_4293_cov_18.148891	90.160	1411	1565	149	5	40682	42243	1867	305	168267	4293	2032
MV4128big_NODE_10_length_168267_cov_702.126067	NODE_3186_length_4293_cov_18.148891	88.382	213	241	25	3	42342	42580	240	1	168267	4293	287
MV4128big_NODE_10_length_168267_cov_702.126067	NODE_8853_length_1810_cov_14.223932	88.901	1610	1811	199	2	122118	123927	1810	1	168267	1810	2230
MV4128big_NODE_10_length_168267_cov_702.126067	NODE_14875_length_1083_cov_124.500000	100.000	1083	1083	0	0	82067	83149	1	1083	168267	1083	2001
MV4128big_NODE_10_length_168267_cov_702.126067	NODE_11218_length_1436_cov_17.139030	91.574	1315	1436	120	1	87394	88828	1436	1	168267	1436	1980
MV4128big_NODE_10_length_168267_cov_702.126067	NODE_9054_length_1770_cov_13.616327	86.259	1538	1783	222	18	135799	137571	1770	1	168267	1770	1914
MV4128big_NODE_10_length_168267_cov_702.126067	NODE_1540_length_7670_cov_17.421536	78.743	2104	2672	478	70	132478	135110	5050	7670	168267	7670	1705
MV4128big_NODE_10_length_168267_cov_702.126067	NODE_15550_length_1035_cov_242.827551	98.639	942	955	5	6	135421	136372	950	1	168267	1035	1685
MV4128big_NODE_10_length_168267_cov_702.126067	NODE_17898_length_898_cov_379.809015	100.000	898	898	0	0	126624	127521	1	898	168267	898	1659
MV4128big_NODE_10_length_168267_cov_702.126067	NODE_10419_length_1541_cov_23.805518	87.347	1215	1391	164	11	25360	26744	1	1385	168267	1541	1583
MV4128big_NODE_11_length_163381_cov_739.494569	NODE_60_length_65120_cov_278.533958	100.000	65120	65120	0	0	43865	108984	65120	1	163381	65120	1.203e+05
MV4128big_NODE_11_length_163381_cov_739.494569	NODE_49_length_67588_cov_246.638547	100.000	43919	43919	0	0	1	43919	43919	1	163381	67588	81104
MV4128big_NODE_11_length_163381_cov_739.494569	NODE_185_length_36712_cov_238.681425	100.000	36712	36712	0	0	119656	156367	1	36712	163381	36712	67795
MV4128big_NODE_11_length_163381_cov_739.494569	NODE_1458_length_8015_cov_219.328015	100.000	8015	8015	0	0	111696	119710	1	8015	163381	8015	14802
MV4128big_NODE_11_length_163381_cov_739.494569	NODE_1737_length_7015_cov_219.485632	100.000	7015	7015	0	0	156313	163327	1	7015	163381	7015	12955
MV4128big_NODE_11_length_163381_cov_739.494569	NODE_133_length_44126_cov_17.871140	84.270	6343	7527	1099	66	62624	70112	35328	42807	163381	44126	7262
MV4128big_NODE_11_length_163381_cov_739.494569	NODE_133_length_44126_cov_17.871140	94.595	455	481	26	0	59242	59722	1	481	163381	44126	745
MV4128big_NODE_11_length_163381_cov_739.494569	NODE_133_length_44126_cov_17.871140	84.814	592	698	103	3	70107	70802	43430	44126	163381	44126	699
MV4128big_NODE_11_length_163381_cov_739.494569	NODE_5348_length_2821_cov_113.310557	100.000	2821	2821	0	0	108930	111750	1	2821	163381	2821	5210
MV4128big_NODE_11_length_163381_cov_739.494569	NODE_3776_length_3799_cov_22.652244	88.687	3371	3801	423	6	119656	123451	1	3799	163381	3799	4630
MV4128big_NODE_11_length_163381_cov_739.494569	NODE_5103_length_2941_cov_13.464310	87.581	2581	2947	357	8	115464	118407	2941	1	163381	2941	3406
MV4128big_NODE_11_length_163381_cov_739.494569	NODE_3927_length_3675_cov_15.246685	86.390	2558	2961	391	11	103420	106375	1	2954	163381	3675	3225
MV4128big_NODE_11_length_163381_cov_739.494569	NODE_3927_length_3675_cov_15.246685	90.486	428	473	45	0	106570	107042	3203	3675	163381	3675	625
MV4128big_NODE_11_length_163381_cov_739.494569	NODE_5679_length_2675_cov_16.641221	88.185	2366	2683	294	8	147756	150425	2673	1	163381	2675	3177
MV4128big_NODE_11_length_163381_cov_739.494569	NODE_8269_length_1935_cov_17.976064	91.628	1773	1935	162	0	152001	153935	1935	1	163381	1935	2676
MV4128big_NODE_11_length_163381_cov_739.494569	NODE_5538_length_2735_cov_23.703731	83.127	2217	2667	424	25	86465	89118	1	2654	163381	2735	2409
MV4128big_NODE_11_length_163381_cov_739.494569	NODE_7909_length_2013_cov_18.821757	87.996	1774	2016	236	6	127890	129902	1	2013	163381	2013	2377
MV4128big_NODE_11_length_163381_cov_739.494569	NODE_6913_length_2265_cov_7.662443	85.093	1958	2301	282	50	38850	41125	1	2265	163381	2265	2292
MV4128big_NODE_11_length_163381_cov_739.494569	NODE_9197_length_1745_cov_26.168047	90.143	1573	1745	172	0	90980	92724	1	1745	163381	1745	2270
MV4128big_NODE_11_length_163381_cov_739.494569	NODE_2331_length_5493_cov_5.428466	77.025	3014	3913	787	86	99027	102867	3903	31	163381	5493	2143
MV4128big_NODE_11_length_163381_cov_739.494569	NODE_6633_length_2343_cov_8.598776	82.783	1957	2364	367	35	384	2733	2338	1	163381	2343	2074
MV4128big_NODE_11_length_163381_cov_739.494569	NODE_10796_length_1495_cov_14.952778	91.037	1361	1495	134	0	130130	131624	1	1495	163381	1495	2019
MV4128big_NODE_11_length_163381_cov_739.494569	NODE_10627_length_1515_cov_18.878082	89.789	1363	1518	148	6	112751	114264	1515	1	163381	1515	1938
MV4128big_NODE_12_length_141680_cov_673.733402	NODE_247_length_31089_cov_248.981440	100.000	31089	31089	0	0	38187	69275	1	31089	141680	31089	57411
MV4128big_NODE_12_length_141680_cov_673.733402	NODE_334_length_25231_cov_222.338696	100.000	25231	25231	0	0	94886	120116	25231	1	141680	25231	46593
MV4128big_NODE_12_length_141680_cov_673.733402	NODE_366_length_24025_cov_255.363413	100.000	24025	24025	0	0	69221	93245	1	24025	141680	24025	44366
MV4128big_NODE_12_length_141680_cov_673.733402	NODE_406_length_22209_cov_227.360657	100.000	22209	22209	0	0	720	22928	22209	1	141680	22209	41013
MV4128big_NODE_12_length_141680_cov_673.733402	NODE_192_length_36032_cov_194.343914	100.000	21619	21619	0	0	120062	141680	36032	14414	141680	36032	39923
MV4128big_NODE_12_length_141680_cov_673.733402	NODE_192_length_36032_cov_194.343914	92.746	179	193	14	0	141484	141676	14502	14310	141680	36032	279
MV4128big_NODE_12_length_141680_cov_673.733402	NODE_192_length_36032_cov_194.343914	95.506	85	89	4	0	141592	141680	14610	14522	141680	36032	143
MV4128big_NODE_12_length_141680_cov_673.733402	NODE_649_length_15368_cov_232.643179	100.000	15368	15368	0	0	22874	38241	1	15368	141680	15368	28380
MV4128big_NODE_12_length_141680_cov_673.733402	NODE_4623_length_3191_cov_17.603954	86.217	2671	3098	420	7	9437	12531	3191	98	141680	3191	3349
MV4128big_NODE_12_length_141680_cov_673.733402	NODE_4623_length_3191_cov_17.603954	98.795	82	83	1	0	12576	12658	83	1	141680	3191	148
MV4128big_NODE_12_length_141680_cov_673.733402	NODE_9165_length_1750_cov_382.210619	100.000	1750	1750	0	0	93191	94940	1750	1	141680	1750	3232
MV4128big_NODE_12_length_141680_cov_673.733402	NODE_6494_length_2385_cov_23.639056	89.070	2127	2388	255	5	7101	9485	2385	1	141680	2385	2959
MV4128big_NODE_12_length_141680_cov_673.733402	NODE_2074_length_6051_cov_20.026184	84.028	2320	2761	427	14	115413	118166	2717	5470	141680	6051	2643
MV4128big_NODE_12_length_141680_cov_673.733402	NODE_2074_length_6051_cov_20.026184	84.220	1948	2313	338	25	106158	108454	211	2512	141680	6051	2224
MV4128big_NODE_12_length_141680_cov_673.733402	NODE_2074_length_6051_cov_20.026184	85.747	373	435	62	0	118315	118749	5617	6051	141680	6051	460
MV4128big_NODE_12_length_141680_cov_673.733402	NODE_2074_length_6051_cov_20.026184	86.387	165	191	23	3	105893	106081	1	190	141680	6051	206
MV4128big_NODE_12_length_141680_cov_673.733402	NODE_7100_length_2214_cov_21.372858	86.727	1921	2215	292	2	71073	73286	2214	1	141680	2214	2460
MV4128big_NODE_12_length_141680_cov_673.733402	NODE_9158_length_1751_cov_27.660377	90.588	1588	1753	160	2	93191	94940	1	1751	141680	1751	2318
MV4128big_NODE_12_length_141680_cov_673.733402	NODE_7410_length_2133_cov_13.245910	85.653	1809	2112	267	29	63166	65264	2089	1	141680	2133	2189
MV4128big_NODE_12_length_141680_cov_673.733402	NODE_9500_length_1694_cov_17.810250	89.787	1521	1694	173	0	99163	100856	1694	1	141680	1694	2170
MV4128big_NODE_12_length_141680_cov_673.733402	NODE_8418_length_1900_cov_25.404878	87.303	1664	1906	230	11	69221	71120	1	1900	141680	1900	2169
MV4128big_NODE_12_length_141680_cov_673.733402	NODE_9046_length_1771_cov_14.075175	87.556	1562	1784	206	12	87741	89521	1771	1	141680	1771	2050
MV4128big_NODE_12_length_141680_cov_673.733402	NODE_4029_length_3601_cov_6.431190	84.443	1623	1922	272	21	64684	66590	1910	1	141680	3601	1868
MV4128big_NODE_12_length_141680_cov_673.733402	NODE_4328_length_3380_cov_13.654135	87.800	1353	1541	184	4	12974	14512	1	1539	141680	3380	1801
MV4128big_NODE_12_length_141680_cov_673.733402	NODE_4328_length_3380_cov_13.654135	95.455	126	132	6	0	15019	15150	3249	3380	141680	3380	211
MV4128big_NODE_12_length_141680_cov_673.733402	NODE_7854_length_2027_cov_6.655680	81.946	1634	1994	331	20	137969	139940	1987	1	141680	2027	1661
MV4128big_NODE_12_length_141680_cov_673.733402	NODE_4032_length_3599_cov_9.311512	79.320	1726	2176	406	37	73468	75618	3598	1442	141680	3599	1485
MV4128big_NODE_13_length_134274_cov_42.610487	NODE_160_length_40336_cov_20.436211	100.000	40336	40336	0	0	13870	54205	40336	1	134274	40336	74487
MV4128big_NODE_13_length_134274_cov_42.610487	NODE_160_length_40336_cov_20.436211	80.513	157	195	34	3	31829	32021	21993	21801	134274	40336	147
MV4128big_NODE_13_length_134274_cov_42.610487	NODE_160_length_40336_cov_20.436211	80.412	156	194	36	2	32213	32405	22377	22185	134274	40336	147
MV4128big_NODE_13_length_134274_cov_42.610487	NODE_211_length_34047_cov_19.026447	100.000	33981	33981	0	0	59376	93356	33981	1	134274	34047	62752
MV4128big_NODE_13_length_134274_cov_42.610487	NODE_587_length_16873_cov_19.937329	99.982	16870	16873	3	0	108140	125012	16873	1	134274	16873	31143
MV4128big_NODE_13_length_134274_cov_42.610487	NODE_741_length_13860_cov_21.308077	100.000	13860	13860	0	0	6	13865	13860	1	134274	13860	25595
MV4128big_NODE_13_length_134274_cov_42.610487	NODE_168_length_39571_cov_20.718494	100.000	9219	9219	0	0	125056	134274	39571	30353	134274	39571	17025
MV4128big_NODE_13_length_134274_cov_42.610487	NODE_1797_length_6834_cov_20.018292	100.000	6834	6834	0	0	93338	100171	6834	1	134274	6834	12621
MV4128big_NODE_13_length_134274_cov_42.610487	NODE_2443_length_5273_cov_19.956113	100.000	5273	5273	0	0	102962	108234	5273	1	134274	5273	9738
MV4128big_NODE_13_length_134274_cov_42.610487	NODE_2461_length_5244_cov_19.984390	99.904	5178	5183	5	0	54219	59401	5244	62	134274	5244	9544
MV4128big_NODE_13_length_134274_cov_42.610487	NODE_9762_length_1648_cov_17.431890	100.000	1648	1648	0	0	101217	102864	1648	1	134274	1648	3044
MV4128big_NODE_13_length_134274_cov_42.610487	NODE_20966_length_764_cov_17.613540	100.000	764	764	0	0	100251	101014	764	1	134274	764	1411
MV4128big_NODE_13_length_134274_cov_42.610487	NODE_1252_length_9011_cov_7.768870	76.432	707	925	183	30	54578	55480	7117	6206	134274	9011	468
MV4128big_NODE_13_length_134274_cov_42.610487	NODE_1252_length_9011_cov_7.768870	72.824	954	1310	289	60	55725	57005	6096	4825	134274	9011	385
MV4128big_NODE_13_length_134274_cov_42.610487	NODE_33558_length_487_cov_2.162037	84.200	405	481	70	5	45884	46361	478	1	134274	487	462
MV4128big_NODE_13_length_134274_cov_42.610487	NODE_24352_length_657_cov_2.448505	79.475	515	648	127	6	30685	31329	12	656	134274	657	455
MV4128big_NODE_13_length_134274_cov_42.610487	NODE_36_length_80972_cov_30.855815	75.406	696	923	190	33	54579	55481	54508	53603	134274	80972	412
MV4128big_NODE_13_length_134274_cov_42.610487	NODE_36_length_80972_cov_30.855815	74.700	685	917	198	32	55752	56651	53407	52508	134274	80972	377
MV4128big_NODE_13_length_134274_cov_42.610487	NODE_36_length_80972_cov_30.855815	83.708	149	178	27	2	56741	56917	52442	52266	134274	80972	167
MV4128big_NODE_13_length_134274_cov_42.610487	NODE_198_length_35521_cov_22.161620	77.762	549	706	132	23	117587	118278	28478	27784	134274	35521	411
MV4128big_NODE_13_length_134274_cov_42.610487	NODE_198_length_35521_cov_22.161620	78.205	305	390	79	5	117083	117469	29144	28758	134274	35521	244
MV4128big_NODE_13_length_134274_cov_42.610487	NODE_55345_length_324_cov_1.828996	89.441	288	322	34	0	56856	57177	3	324	134274	324	407
MV4128big_NODE_13_length_134274_cov_42.610487	NODE_9404_length_1711_cov_5.497585	75.253	669	889	188	26	8003	8878	361	1230	134274	1711	394
MV4128big_NODE_13_length_134274_cov_42.610487	NODE_6438_length_2400_cov_86.810661	75.966	629	828	163	32	54563	55372	5	814	134274	2400	394
MV4128big_NODE_13_length_134274_cov_42.610487	NODE_106035_length_207_cov_3.026316	100.000	207	207	0	0	101029	101235	207	1	134274	207	383
MV4128big_NODE_13_length_134274_cov_42.610487	NODE_53057_length_335_cov_1.371429	86.944	293	337	38	4	103649	103982	335	2	134274	335	374
MV4128big_NODE_14_length_123696_cov_43.575295	NODE_101_length_51177_cov_20.752768	100.000	51177	51177	0	0	11	51187	51177	1	123696	51177	94507
MV4128big_NODE_14_length_123696_cov_43.575295	NODE_397_length_22495_cov_19.926292	100.000	22495	22495	0	0	101181	123675	1	22495	123696	22495	41541
MV4128big_NODE_14_length_123696_cov_43.575295	NODE_581_length_16938_cov_22.870402	99.994	16937	16938	1	0	63580	80517	16938	1	123696	16938	31274
MV4128big_NODE_14_length_123696_cov_43.575295	NODE_594_length_16711_cov_20.248559	100.000	16711	16711	0	0	84409	101119	1	16711	123696	16711	30860
MV4128big_NODE_14_length_123696_cov_43.575295	NODE_857_length_12403_cov_17.464205	100.000	12403	12403	0	0	51191	63593	12403	1	123696	12403	22905
MV4128big_NODE_14_length_123696_cov_43.575295	NODE_3618_length_3917_cov_20.881409	100.000	3917	3917	0	0	80498	84414	3917	1	123696	3917	7234
MV4128big_NODE_14_length_123696_cov_43.575295	NODE_29855_length_541_cov_2.765432	87.097	459	527	64	4	92119	92643	17	541	123696	541	593
MV4128big_NODE_14_length_123696_cov_43.575295	NODE_25796_length_621_cov_1.664311	84.539	514	608	82	12	109046	109647	610	9	123696	621	592
MV4128big_NODE_14_length_123696_cov_43.575295	NODE_43629_length_392_cov_1.068249	85.279	336	394	54	3	29081	29472	1	392	123696	392	403
MV4128big_NODE_14_length_123696_cov_43.575295	NODE_31490_length_516_cov_1.561822	81.527	331	406	73	2	51631	52035	20	424	123696	516	333
MV4128big_NODE_14_length_123696_cov_43.575295	NODE_94939_length_224_cov_1.644970	91.111	205	225	18	2	111434	111657	224	1	123696	224	303
MV4128big_NODE_14_length_123696_cov_43.575295	NODE_85668_length_239_cov_1.043478	89.167	214	240	24	2	111668	111906	239	1	123696	239	298
MV4128big_NODE_14_length_123696_cov_43.575295	NODE_63481_length_288_cov_4.120172	85.017	244	287	37	5	35653	35936	286	3	123696	288	287
MV4128big_NODE_14_length_123696_cov_43.575295	NODE_1647_length_7303_cov_9.621689	72.418	659	910	208	32	88132	89024	1205	322	123696	7303	250
MV4128big_NODE_14_length_123696_cov_43.575295	NODE_278_length_28304_cov_21.110588	72.329	677	936	204	40	87751	88663	12651	11748	123696	28304	243
MV4128big_NODE_14_length_123696_cov_43.575295	NODE_85123_length_240_cov_1.037838	83.471	202	242	36	4	88543	88782	240	1	123696	240	222
MV4128big_NODE_14_length_123696_cov_43.575295	NODE_62326_length_293_cov_1.575630	83.691	195	233	34	4	95157	95388	240	11	123696	293	217
MV4128big_NODE_14_length_123696_cov_43.575295	NODE_257_length_30106_cov_26.516788	83.471	202	242	31	5	47342	47579	9419	9655	123696	30106	217
MV4128big_NODE_14_length_123696_cov_43.575295	NODE_88860_length_234_cov_1.072626	82.479	193	234	41	0	46386	46619	1	234	123696	234	206
MV4128big_NODE_14_length_123696_cov_43.575295	NODE_72214_length_264_cov_1.282297	88.272	143	162	19	0	22161	22322	162	1	123696	264	195
MV4128big_NODE_15_length_113356_cov_43.622245	NODE_11_length_124370_cov_20.638652	99.999	79002	79003	1	0	34354	113356	1	79003	113356	124370	1.459e+05
MV4128big_NODE_15_length_113356_cov_43.622245	NODE_74_length_58246_cov_20.921637	100.000	27030	27030	0	0	1	27030	27030	1	113356	58246	49916
MV4128big_NODE_15_length_113356_cov_43.622245	NODE_2383_length_5383_cov_19.590653	100.000	5383	5383	0	0	27048	32430	5383	1	113356	5383	9941
MV4128big_NODE_15_length_113356_cov_43.622245	NODE_8216_length_1944_cov_20.529910	99.743	1939	1944	5	0	32428	34371	1	1944	113356	1944	3563
MV4128big_NODE_15_length_113356_cov_43.622245	NODE_3505_length_4006_cov_5.737788	74.754	1294	1731	380	46	13350	15051	3344	1642	113356	4006	723
MV4128big_NODE_15_length_113356_cov_43.622245	NODE_36859_length_449_cov_2.918782	84.798	357	421	56	8	27889	28305	449	33	113356	449	416
MV4128big_NODE_15_length_113356_cov_43.622245	NODE_50463_length_349_cov_1.146259	84.571	296	350	52	2	31105	31453	349	1	113356	349	346
MV4128big_NODE_15_length_113356_cov_43.622245	NODE_42553_length_399_cov_3.348837	81.886	330	403	63	8	84654	85051	399	2	113356	399	331
MV4128big_NODE_15_length_113356_cov_43.622245	NODE_96281_length_222_cov_1.149701	90.541	201	222	21	0	86459	86680	222	1	113356	222	294
MV4128big_NODE_15_length_113356_cov_43.622245	NODE_67134_length_276_cov_2.063348	83.755	232	277	43	2	108428	108703	276	1	113356	276	261
MV4128big_NODE_15_length_113356_cov_43.622245	NODE_89830_length_232_cov_1.101695	86.147	199	231	26	4	108189	108416	5	232	113356	232	244
MV4128big_NODE_15_length_113356_cov_43.622245	NODE_54716_length_327_cov_1.386029	79.701	267	335	52	15	23604	23930	1	327	113356	327	228
MV4128big_NODE_15_length_113356_cov_43.622245	NODE_83060_length_243_cov_2.015957	84.581	192	227	33	2	82601	82826	226	1	113356	243	224
MV4128big_NODE_15_length_113356_cov_43.622245	NODE_30926_length_524_cov_2.569296	75.256	368	489	107	12	38293	38777	524	46	113356	524	220
MV4128big_NODE_15_length_113356_cov_43.622245	NODE_60181_length_302_cov_1.554656	83.929	188	224	34	2	62877	63099	299	77	113356	302	213
MV4128big_NODE_15_length_113356_cov_43.622245	NODE_1416_length_8177_cov_7.029549	75.297	317	421	96	8	71749	72165	444	28	113356	8177	195
MV4128big_NODE_15_length_113356_cov_43.622245	NODE_103788_length_211_cov_1.153846	82.629	176	213	33	4	12186	12396	211	1	113356	211	185
MV4128big_NODE_15_length_113356_cov_43.622245	NODE_3353_length_4144_cov_6.475422	77.126	263	341	57	17	6337	6668	1482	1154	113356	4144	178
MV4128big_NODE_15_length_113356_cov_43.622245	NODE_5466_length_2771_cov_7.942194	81.643	169	207	34	4	14535	14739	822	1026	113356	2771	169
MV4128big_NODE_15_length_113356_cov_43.622245	NODE_103229_length_212_cov_1.044586	81.683	165	202	33	4	85871	86070	1	200	113356	212	165
MV4128big_NODE_16_length_111033_cov_669.917767	NODE_200_length_35119_cov_251.881987	100.000	35119	35119	0	0	52632	87750	1	35119	111033	35119	64853
MV4128big_NODE_16_length_111033_cov_669.917767	NODE_383_length_23284_cov_232.333333	100.000	23284	23284	0	0	21780	45063	1	23284	111033	23284	42998
MV4128big_NODE_16_length_111033_cov_669.917767	NODE_456_length_20974_cov_220.314833	100.000	20974	20974	0	0	90007	110980	20974	1	111033	20974	38732
MV4128big_NODE_16_length_111033_cov_669.917767	NODE_1665_length_7267_cov_266.565446	100.000	7267	7267	0	0	5633	12899	7267	1	111033	7267	13420
MV4128big_NODE_16_length_111033_cov_669.917767	NODE_2515_length_5154_cov_193.611100	100.000	5154	5154	0	0	16681	21834	5154	1	111033	5154	9518
MV4128big_NODE_16_length_111033_cov_669.917767	NODE_2669_length_4908_cov_229.112508	100.000	4908	4908	0	0	409	5316	4908	1	111033	4908	9064
MV4128big_NODE_16_length_111033_cov_669.917767	NODE_2751_length_4800_cov_226.064700	100.000	4800	4800	0	0	45009	49808	1	4800	111033	4800	8865
MV4128big_NODE_16_length_111033_cov_669.917767	NODE_5120_length_2933_cov_151.235580	100.000	2933	2933	0	0	49754	52686	1	2933	111033	2933	5417
MV4128big_NODE_16_length_111033_cov_669.917767	NODE_3267_length_4217_cov_21.661941	87.781	3707	4223	504	11	39253	43469	1	4217	111033	4217	4929
MV4128big_NODE_16_length_111033_cov_669.917767	NODE_6023_length_2542_cov_174.889425	100.000	2542	2542	0	0	14194	16735	2542	1	111033	2542	4695
MV4128big_NODE_16_length_111033_cov_669.917767	NODE_6736_length_2310_cov_368.372062	100.000	2310	2310	0	0	87696	90005	1	2310	111033	2310	4266
MV4128big_NODE_16_length_111033_cov_669.917767	NODE_3568_length_3958_cov_21.872918	84.646	3363	3973	574	28	52632	56583	1	3958	111033	3958	3925
MV4128big_NODE_16_length_111033_cov_669.917767	NODE_4776_length_3114_cov_17.655443	88.746	2768	3119	341	9	79032	82145	1	3114	111033	3114	3807
MV4128big_NODE_16_length_111033_cov_669.917767	NODE_4646_length_3178_cov_135.604227	94.209	2180	2314	124	8	12632	14941	2308	1	111033	3178	3522
MV4128big_NODE_16_length_111033_cov_669.917767	NODE_5988_length_2557_cov_18.850919	88.265	2264	2565	285	16	45009	47565	1	2557	111033	2557	3055
MV4128big_NODE_16_length_111033_cov_669.917767	NODE_5882_length_2604_cov_14.051000	87.182	2231	2559	320	8	30679	33233	2603	49	111033	2604	2902
MV4128big_NODE_16_length_111033_cov_669.917767	NODE_4405_length_3325_cov_16.715902	89.423	2046	2288	236	6	98134	100417	3325	1040	111033	3325	2880
MV4128big_NODE_16_length_111033_cov_669.917767	NODE_4405_length_3325_cov_16.715902	91.383	403	441	38	0	101079	101519	441	1	111033	3325	604
MV4128big_NODE_16_length_111033_cov_669.917767	NODE_5414_length_2793_cov_79.800950	86.874	2065	2377	280	22	87651	90006	428	2793	111033	2793	2632
MV4128big_NODE_16_length_111033_cov_669.917767	NODE_5414_length_2793_cov_79.800950	94.465	256	271	15	0	86984	87254	1	271	111033	2793	418
MV4128big_NODE_16_length_111033_cov_669.917767	NODE_6855_length_2278_cov_17.417454	87.418	1994	2281	279	8	47533	49808	1	2278	111033	2278	2615
MV4128big_NODE_16_length_111033_cov_669.917767	NODE_9242_length_1735_cov_16.619048	91.880	1471	1601	130	0	29041	30641	1735	135	111033	1735	2237
MV4128big_NODE_17_length_106871_cov_44.092261	NODE_11_length_124370_cov_20.638652	99.998	45421	45422	1	0	61450	106871	124370	78949	106871	124370	83874
MV4128big_NODE_17_length_106871_cov_44.092261	NODE_11_length_124370_cov_20.638652	94.792	91	96	5	0	64123	64218	121535	121440	106871	124370	150
MV4128big_NODE_17_length_106871_cov_44.092261	NODE_11_length_124370_cov_20.638652	94.792	91	96	5	0	64285	64380	121697	121602	106871	124370	150
MV4128big_NODE_17_length_106871_cov_44.092261	NODE_146_length_42397_cov_20.412734	100.000	42397	42397	0	0	19036	61432	1	42397	106871	42397	78293
MV4128big_NODE_17_length_106871_cov_44.092261	NODE_146_length_42397_cov_20.412734	76.299	235	308	56	17	32109	32407	13026	13325	106871	42397	148
MV4128big_NODE_17_length_106871_cov_44.092261	NODE_146_length_42397_cov_20.412734	76.299	235	308	56	17	32061	32360	13074	13372	106871	42397	148
MV4128big_NODE_17_length_106871_cov_44.092261	NODE_516_length_18911_cov_21.622613	100.000	18911	18911	0	0	110	19020	18911	1	106871	18911	34923
MV4128big_NODE_17_length_106871_cov_44.092261	NODE_39670_length_423_cov_1.736413	90.330	383	424	39	2	36493	36915	423	1	106871	423	555
MV4128big_NODE_17_length_106871_cov_44.092261	NODE_46123_length_374_cov_2.971787	91.233	333	365	32	0	18319	18683	1	365	106871	374	497
MV4128big_NODE_17_length_106871_cov_44.092261	NODE_70254_length_268_cov_1.769953	96.642	259	268	9	0	19262	19529	1	268	106871	268	446
MV4128big_NODE_17_length_106871_cov_44.092261	NODE_50192_length_350_cov_1.952542	85.511	301	352	47	4	11122	11471	1	350	106871	350	364
MV4128big_NODE_17_length_106871_cov_44.092261	NODE_58651_length_309_cov_1.232283	87.625	262	299	37	0	41363	41661	299	1	106871	309	348
MV4128big_NODE_17_length_106871_cov_44.092261	NODE_24268_length_659_cov_3.178808	77.336	447	578	121	9	70508	71080	641	69	106871	659	333
MV4128big_NODE_17_length_106871_cov_44.092261	NODE_41156_length_411_cov_1.328652	82.124	317	386	67	2	61620	62004	400	16	106871	411	329
MV4128big_NODE_17_length_106871_cov_44.092261	NODE_41495_length_408_cov_2.175637	82.493	311	377	63	3	73055	73430	408	34	106871	408	327
MV4128big_NODE_17_length_106871_cov_44.092261	NODE_97981_length_219_cov_3.365854	92.793	206	222	13	3	11951	12172	1	219	106871	219	318
MV4128big_NODE_17_length_106871_cov_44.092261	NODE_36868_length_449_cov_2.505076	78.889	355	450	93	2	93217	93665	1	449	106871	449	303
MV4128big_NODE_17_length_106871_cov_44.092261	NODE_62330_length_293_cov_1.563025	84.615	242	286	40	3	70826	71109	1	284	106871	293	281
MV4128big_NODE_17_length_106871_cov_44.092261	NODE_84799_length_240_cov_2.259459	88.210	202	229	27	0	43200	43428	229	1	106871	240	274
MV4128big_NODE_17_length_106871_cov_44.092261	NODE_85119_length_240_cov_1.037838	85.417	205	240	33	2	42632	42870	2	240	106871	240	248
MV4128big_NODE_17_length_106871_cov_44.092261	NODE_95002_length_224_cov_1.136095	85.714	186	217	30	1	75112	75328	224	9	106871	224	228
MV4128big_NODE_17_length_106871_cov_44.092261	NODE_101714_length_214_cov_1.207547	86.275	176	204	26	2	41054	41256	1	203	106871	214	220
MV4128big_NODE_17_length_106871_cov_44.092261	NODE_40044_length_420_cov_1.578082	78.964	244	309	57	6	23601	23905	351	47	106871	420	204
MV4128big_NODE_17_length_106871_cov_44.092261	NODE_67901_length_274_cov_1.753425	79.767	205	257	40	10	38517	38767	23	273	106871	274	176
MV4128big_NODE_18_length_104252_cov_25.096250	NODE_703_length_14382_cov_27.038040	95.205	13741	14433	622	32	36497	50910	1	14382	104252	14382	22755
MV4128big_NODE_18_length_104252_cov_25.096250	NODE_868_length_12315_cov_24.508646	94.641	11674	12335	637	15	50856	63186	1	12315	104252	12315	19095
MV4128big_NODE_18_length_104252_cov_25.096250	NODE_1036_length_10662_cov_27.562836	95.012	10134	10666	525	6	78721	89383	10662	1	104252	10662	16742
MV4128big_NODE_18_length_104252_cov_25.096250	NODE_1762_length_6941_cov_28.221609	94.190	6550	6954	364	9	9366	16292	1	6941	104252	6941	10567
MV4128big_NODE_18_length_104252_cov_25.096250	NODE_1906_length_6478_cov_26.719290	95.649	6199	6481	278	2	90691	97170	1	6478	104252	6478	10403
MV4128big_NODE_18_length_104252_cov_25.096250	NODE_3292_length_4195_cov_21.515942	96.343	4057	4211	138	6	74616	78826	1	4195	104252	4195	6909
MV4128big_NODE_18_length_104252_cov_25.096250	NODE_2467_length_5237_cov_22.871671	96.089	3980	4142	143	4	66711	70851	4124	1	104252	5237	6734
MV4128big_NODE_18_length_104252_cov_25.096250	NODE_2467_length_5237_cov_22.871671	99.062	1056	1066	10	0	65646	66711	5237	4172	104252	5237	1914
MV4128big_NODE_18_length_104252_cov_25.096250	NODE_4039_length_3592_cov_4.779757	99.972	3591	3592	1	0	4194	7785	3592	1	104252	3592	6628
MV4128big_NODE_18_length_104252_cov_25.096250	NODE_3486_length_4021_cov_23.682804	95.899	3858	4023	162	3	30195	34216	1	4021	104252	4021	6512
MV4128big_NODE_18_length_104252_cov_25.096250	NODE_2095_length_5995_cov_19.798485	96.187	3506	3645	133	4	21525	25166	2354	5995	104252	5995	5956
MV4128big_NODE_18_length_104252_cov_25.096250	NODE_2095_length_5995_cov_19.798485	76.711	1502	1958	346	85	19184	21095	1	1894	104252	5995	989
MV4128big_NODE_18_length_104252_cov_25.096250	NODE_3909_length_3690_cov_24.177442	94.011	3469	3690	221	0	98209	101898	3690	1	104252	3690	5590
MV4128big_NODE_18_length_104252_cov_25.096250	NODE_5441_length_2780_cov_16.285138	95.965	2545	2652	106	1	70869	73519	2652	1	104252	2780	4303
MV4128big_NODE_18_length_104252_cov_25.096250	NODE_384_length_23261_cov_29.275834	82.539	3101	3757	547	79	25672	29380	19301	22996	104252	23261	3203
MV4128big_NODE_18_length_104252_cov_25.096250	NODE_384_length_23261_cov_29.275834	87.648	1114	1271	144	11	23332	24595	14880	16144	104252	23261	1465
MV4128big_NODE_18_length_104252_cov_25.096250	NODE_384_length_23261_cov_29.275834	87.805	792	902	108	2	24653	25553	17586	18486	104252	23261	1055
MV4128big_NODE_18_length_104252_cov_25.096250	NODE_271_length_29022_cov_72.192012	82.243	2992	3638	576	46	38311	41911	1898	5502	104252	29022	3075
MV4128big_NODE_18_length_104252_cov_25.096250	NODE_271_length_29022_cov_72.192012	84.375	486	576	85	4	36497	37067	1	576	104252	29022	560
MV4128big_NODE_18_length_104252_cov_25.096250	NODE_704_length_14377_cov_71.901829	84.199	2643	3139	438	49	25673	28785	3469	363	104252	14377	2996
MV4128big_NODE_18_length_104252_cov_25.096250	NODE_704_length_14377_cov_71.901829	84.671	2342	2766	387	30	21844	24591	8098	5352	104252	14377	2724
MV4128big_NODE_18_length_104252_cov_25.096250	NODE_704_length_14377_cov_71.901829	85.559	788	921	126	7	24644	25561	4972	4056	104252	14377	957
MV4128big_NODE_18_length_104252_cov_25.096250	NODE_704_length_14377_cov_71.901829	83.591	540	646	102	4	18517	19160	11318	10675	104252	14377	603
MV4128big_NODE_18_length_104252_cov_25.096250	NODE_704_length_14377_cov_71.901829	72.115	1531	2123	469	103	19549	21614	10363	8307	104252	14377	527
MV4128big_NODE_18_length_104252_cov_25.096250	NODE_704_length_14377_cov_71.901829	78.324	430	549	93	24	17641	18179	12111	11579	104252	14377	331
MV4128big_NODE_18_length_104252_cov_25.096250	NODE_704_length_14377_cov_71.901829	80.077	209	261	43	8	28825	29082	292	38	104252	14377	185
MV4128big_NODE_18_length_104252_cov_25.096250	NODE_8956_length_1792_cov_20.073115	96.224	1733	1801	59	5	28010	29810	1792	1	104252	1792	2940
MV4128big_NODE_18_length_104252_cov_25.096250	NODE_9688_length_1659_cov_18.231920	97.043	1608	1657	49	0	17510	19166	1659	3	104252	1659	2789
MV4128big_NODE_18_length_104252_cov_25.096250	NODE_1048_length_10542_cov_9.229713	80.961	2543	3141	497	79	18513	21603	3090	1	104252	10542	2394
MV4128big_NODE_18_length_104252_cov_25.096250	NODE_1048_length_10542_cov_9.229713	79.978	1434	1793	302	50	81166	82922	8547	10318	104252	10542	1269
MV4128big_NODE_18_length_104252_cov_25.096250	NODE_1048_length_10542_cov_9.229713	80.311	310	386	68	8	80134	80515	7467	7848	104252	10542	285
MV4128big_NODE_18_length_104252_cov_25.096250	NODE_117_length_47776_cov_27.955303	83.968	1917	2283	332	24	38311	40579	30513	28251	104252	47776	2158
MV4128big_NODE_18_length_104252_cov_25.096250	NODE_117_length_47776_cov_27.955303	81.784	1751	2141	346	41	40647	42770	28141	26028	104252	47776	1753
MV4128big_NODE_18_length_104252_cov_25.096250	NODE_117_length_47776_cov_27.955303	86.878	1013	1166	145	6	35937	37097	32984	31822	104252	47776	1299
MV4128big_NODE_18_length_104252_cov_25.096250	NODE_117_length_47776_cov_27.955303	85.399	930	1089	150	9	31552	32635	36616	35532	104252	47776	1122
MV4128big_NODE_18_length_104252_cov_25.096250	NODE_1500_length_7857_cov_20.383107	92.427	1306	1413	95	12	102157	103564	7857	6452	104252	7857	2006
MV4128big_NODE_19_length_100162_cov_39.841510	NODE_392_length_22956_cov_15.989782	99.996	22955	22956	1	0	75219	98174	1	22956	100162	22956	42387
MV4128big_NODE_19_length_100162_cov_39.841510	NODE_615_length_16022_cov_19.946076	99.994	16021	16022	1	0	11043	27064	1	16022	100162	16022	29582
MV4128big_NODE_19_length_100162_cov_39.841510	NODE_721_length_14152_cov_24.876357	100.000	14152	14152	0	0	49851	64002	14152	1	100162	14152	26134
MV4128big_NODE_19_length_100162_cov_39.841510	NODE_771_length_13539_cov_22.416568	100.000	13539	13539	0	0	27055	40593	1	13539	100162	13539	25002
MV4128big_NODE_19_length_100162_cov_39.841510	NODE_1127_length_9917_cov_19.316771	100.000	9917	9917	0	0	65294	75210	9917	1	100162	9917	18314
MV4128big_NODE_19_length_100162_cov_39.841510	NODE_1216_length_9267_cov_17.809379	100.000	9267	9267	0	0	40616	49882	1	9267	100162	9267	17114
MV4128big_NODE_19_length_100162_cov_39.841510	NODE_2755_length_4794_cov_18.135683	99.979	4793	4794	1	0	6239	11032	4794	1	100162	4794	8848
MV4128big_NODE_19_length_100162_cov_39.841510	NODE_2857_length_4663_cov_22.517578	100.000	4663	4663	0	0	1563	6225	4663	1	100162	4663	8612
MV4128big_NODE_19_length_100162_cov_39.841510	NODE_8528_length_1873_cov_7.877338	99.893	1871	1873	2	0	98222	100094	1873	1	100162	1873	3448
MV4128big_NODE_19_length_100162_cov_39.841510	NODE_10695_length_1506_cov_15.521020	99.602	1500	1506	6	0	45	1550	1506	1	100162	1506	2748
MV4128big_NODE_19_length_100162_cov_39.841510	NODE_11517_length_1401_cov_41.951709	100.000	1401	1401	0	0	63948	65348	1401	1	100162	1401	2588
MV4128big_NODE_19_length_100162_cov_39.841510	NODE_774_length_13510_cov_16.117428	89.594	353	394	39	2	99292	99683	1397	1790	100162	13510	499
MV4128big_NODE_19_length_100162_cov_39.841510	NODE_34467_length_476_cov_1.491686	85.232	404	474	68	2	26316	26788	1	473	100162	476	486
MV4128big_NODE_19_length_100162_cov_39.841510	NODE_47251_length_367_cov_2.461538	90.463	332	367	35	0	9544	9910	1	367	100162	367	484
MV4128big_NODE_19_length_100162_cov_39.841510	NODE_37179_length_446_cov_2.186701	86.099	384	446	62	0	64749	65194	1	446	100162	446	481
MV4128big_NODE_19_length_100162_cov_39.841510	NODE_11306_length_1426_cov_6.488694	75.848	738	973	195	31	25707	26656	1357	402	100162	1426	459
MV4128big_NODE_19_length_100162_cov_39.841510	NODE_814_length_12964_cov_8.637927	79.136	531	671	112	22	25598	26254	5540	4884	100162	12964	438
MV4128big_NODE_19_length_100162_cov_39.841510	NODE_62_length_64527_cov_26.276756	78.331	535	683	132	15	25596	26270	21168	21842	100162	64527	427
MV4128big_NODE_19_length_100162_cov_39.841510	NODE_314_length_26274_cov_65.893169	81.980	414	505	73	13	25605	26100	23945	23450	100162	26274	412
MV4128big_NODE_19_length_100162_cov_39.841510	NODE_5820_length_2625_cov_7.710506	76.430	548	717	143	24	25548	26251	1715	2418	100162	2625	364
MV4128big_NODE_20_length_94254_cov_745.260831	NODE_72_length_58526_cov_250.932753	99.998	58525	58526	1	0	35729	94254	1	58526	94254	58526	1.081e+05
MV4128big_NODE_20_length_94254_cov_745.260831	NODE_218_length_33473_cov_264.595996	100.000	33473	33473	0	0	56	33528	33473	1	94254	33473	61814
MV4128big_NODE_20_length_94254_cov_745.260831	NODE_1897_length_6502_cov_18.143788	87.126	3404	3907	468	24	41612	45493	3897	1	94254	6502	4396
MV4128big_NODE_20_length_94254_cov_745.260831	NODE_1897_length_6502_cov_18.143788	88.217	1123	1273	134	8	35737	36994	6502	5231	94254	6502	1506
MV4128big_NODE_20_length_94254_cov_745.260831	NODE_6737_length_2310_cov_347.898891	100.000	2310	2310	0	0	33474	35783	2310	1	94254	2310	4266
MV4128big_NODE_20_length_94254_cov_745.260831	NODE_3365_length_4131_cov_19.554465	89.201	2478	2778	280	11	14862	17635	2762	1	94254	4131	3450
MV4128big_NODE_20_length_94254_cov_745.260831	NODE_3365_length_4131_cov_19.554465	88.452	720	814	92	2	13993	14805	4131	3319	94254	4131	981
MV4128big_NODE_20_length_94254_cov_745.260831	NODE_6768_length_2303_cov_23.114324	88.543	2048	2313	252	11	33474	35783	2303	1	94254	2303	2791
MV4128big_NODE_20_length_94254_cov_745.260831	NODE_430_length_21651_cov_20.211937	77.135	3134	4063	845	62	37364	41390	19261	15247	94254	21651	2279
MV4128big_NODE_20_length_94254_cov_745.260831	NODE_15137_length_1064_cov_23.957384	91.917	978	1064	86	0	12982	14045	1	1064	94254	1064	1489
MV4128big_NODE_20_length_94254_cov_745.260831	NODE_14658_length_1099_cov_17.366858	90.992	1000	1099	99	0	49564	50662	1099	1	94254	1099	1482
MV4128big_NODE_20_length_94254_cov_745.260831	NODE_11949_length_1351_cov_9.650463	86.420	1120	1296	153	18	45774	47063	1	1279	94254	1351	1397
MV4128big_NODE_20_length_94254_cov_745.260831	NODE_16180_length_994_cov_23.195953	90.251	898	995	95	2	20284	21277	1	994	94254	994	1299
MV4128big_NODE_20_length_94254_cov_745.260831	NODE_20759_length_772_cov_17.411437	92.358	713	772	59	0	31285	32056	1	772	94254	772	1099
MV4128big_NODE_20_length_94254_cov_745.260831	NODE_7292_length_2164_cov_7.143196	76.082	1600	2103	400	84	77217	79281	2047	10	94254	2164	1002
MV4128big_NODE_20_length_94254_cov_745.260831	NODE_7999_length_1992_cov_7.203407	84.685	846	999	142	9	81951	82945	21	1012	94254	1992	987
MV4128big_NODE_20_length_94254_cov_745.260831	NODE_4044_length_3585_cov_8.716147	77.026	1378	1789	353	50	30791	32553	1821	3577	94254	3585	974
MV4128big_NODE_20_length_94254_cov_745.260831	NODE_6487_length_2388_cov_13.343763	89.075	693	778	81	4	88381	89156	858	1633	94254	2388	963
MV4128big_NODE_20_length_94254_cov_745.260831	NODE_6487_length_2388_cov_13.343763	90.602	376	415	39	0	87939	88353	1	415	94254	2388	551
MV4128big_NODE_20_length_94254_cov_745.260831	NODE_6487_length_2388_cov_13.343763	90.506	143	158	13	2	89201	89357	2232	2388	94254	2388	207
MV4128big_NODE_20_length_94254_cov_745.260831	NODE_4249_length_3434_cov_7.413140	76.752	1380	1798	345	58	30791	32553	1667	3426	94254	3434	937
MV4128big_NODE_20_length_94254_cov_745.260831	NODE_24875_length_643_cov_8.986395	92.846	597	643	46	0	29385	30027	1	643	94254	643	933
MV4128big_NODE_20_length_94254_cov_745.260831	NODE_3741_length_3827_cov_6.735154	82.163	889	1082	184	8	10242	11320	3825	2750	94254	3827	920
MV4128big_NODE_20_length_94254_cov_745.260831	NODE_13734_length_1170_cov_8.551570	81.902	887	1083	187	8	10242	11321	3	1079	94254	1170	905
MV4128big_NODE_21_length_90382_cov_38.042346	NODE_360_length_24185_cov_20.178699	100.000	24185	24185	0	0	4947	29131	1	24185	90382	24185	44662
MV4128big_NODE_21_length_90382_cov_38.042346	NODE_410_length_22168_cov_17.444987	100.000	22168	22168	0	0	68203	90370	1	22168	90382	22168	40937
MV4128big_NODE_21_length_90382_cov_38.042346	NODE_697_length_14588_cov_21.310535	100.000	14588	14588	0	0	43987	58574	14588	1	90382	14588	26940
MV4128big_NODE_21_length_90382_cov_38.042346	NODE_1198_length_9375_cov_14.413090	99.979	9373	9375	2	0	58583	67957	9375	1	90382	9375	17302
MV4128big_NODE_21_length_90382_cov_38.042346	NODE_1387_length_8281_cov_18.611233	99.940	8274	8279	5	0	29121	37399	1	8279	90382	8281	15261
MV4128big_NODE_21_length_90382_cov_38.042346	NODE_1834_length_6674_cov_20.060885	100.000	6674	6674	0	0	37304	43977	1	6674	90382	6674	12325
MV4128big_NODE_21_length_90382_cov_38.042346	NODE_2614_length_4977_cov_10.807192	99.980	4965	4966	1	0	1	4966	12	4977	90382	4977	9166
MV4128big_NODE_21_length_90382_cov_38.042346	NODE_839_length_12670_cov_14.138724	76.794	1873	2439	496	60	82597	84988	6151	3736	90382	12670	1304
MV4128big_NODE_21_length_90382_cov_38.042346	NODE_12412_length_1300_cov_3.848193	77.436	906	1170	227	31	3254	4406	1	1150	90382	1300	664
MV4128big_NODE_21_length_90382_cov_38.042346	NODE_1878_length_6566_cov_13.657503	75.145	910	1211	250	46	3221	4407	6566	5383	90382	6566	521
MV4128big_NODE_21_length_90382_cov_38.042346	NODE_34436_length_476_cov_2.192399	91.159	299	328	29	0	3130	3457	329	2	90382	476	446
MV4128big_NODE_21_length_90382_cov_38.042346	NODE_62710_length_291_cov_3.254237	90.068	263	292	27	2	3926	4216	1	291	90382	291	377
MV4128big_NODE_21_length_90382_cov_38.042346	NODE_54732_length_327_cov_1.279412	86.562	277	320	41	2	48427	48745	321	3	90382	327	351
MV4128big_NODE_21_length_90382_cov_38.042346	NODE_29193_length_552_cov_1.905433	79.142	406	513	89	17	82605	83108	511	8	90382	552	339
MV4128big_NODE_21_length_90382_cov_38.042346	NODE_38971_length_429_cov_1.695187	80.893	326	403	72	5	54238	54637	26	426	90382	429	313
MV4128big_NODE_21_length_90382_cov_38.042346	NODE_48685_length_358_cov_2.742574	83.381	291	349	45	11	44303	44644	343	1	90382	358	311
MV4128big_NODE_21_length_90382_cov_38.042346	NODE_38758_length_431_cov_1.156915	79.551	354	445	75	11	29478	29920	1	431	90382	431	303
MV4128big_NODE_21_length_90382_cov_38.042346	NODE_69364_length_270_cov_1.972093	86.100	223	259	34	2	3546	3803	265	8	90382	270	278
MV4128big_NODE_21_length_90382_cov_38.042346	NODE_98684_length_218_cov_2.331288	89.302	192	215	23	0	35179	35393	1	215	90382	218	270
MV4128big_NODE_21_length_90382_cov_38.042346	NODE_86123_length_238_cov_1.573770	81.933	195	238	43	0	35872	36109	238	1	90382	238	202
MV4128big_NODE_22_length_85747_cov_45.786281	NODE_194_length_35929_cov_20.697915	100.000	35929	35929	0	0	30	35958	35929	1	85747	35929	66349
MV4128big_NODE_22_length_85747_cov_45.786281	NODE_332_length_25311_cov_21.810382	100.000	25311	25311	0	0	60436	85746	1	25311	85747	25311	46741
MV4128big_NODE_22_length_85747_cov_45.786281	NODE_659_length_15239_cov_21.569152	100.000	15239	15239	0	0	44260	59498	15239	1	85747	15239	28142
MV4128big_NODE_22_length_85747_cov_45.786281	NODE_1473_length_7956_cov_20.898367	99.975	7954	7956	2	0	36014	43969	1	7956	85747	7956	14681
MV4128big_NODE_22_length_85747_cov_45.786281	NODE_20758_length_772_cov_18.027894	100.000	772	772	0	0	59542	60313	1	772	85747	772	1426
MV4128big_NODE_22_length_85747_cov_45.786281	NODE_63991_length_286_cov_9.069264	100.000	286	286	0	0	43969	44254	286	1	85747	286	529
MV4128big_NODE_22_length_85747_cov_45.786281	NODE_30884_length_525_cov_1.448936	83.369	386	463	67	10	63086	63544	23	479	85747	525	420
MV4128big_NODE_22_length_85747_cov_45.786281	NODE_39302_length_426_cov_2.328841	81.429	342	420	74	4	14389	14806	9	426	85747	426	340
MV4128big_NODE_22_length_85747_cov_45.786281	NODE_4555_length_3234_cov_5.495753	78.748	415	527	92	17	2751	3267	315	831	85747	3234	335
MV4128big_NODE_22_length_85747_cov_45.786281	NODE_66467_length_278_cov_1.721973	84.982	232	273	41	0	41793	42065	275	3	85747	278	278
MV4128big_NODE_22_length_85747_cov_45.786281	NODE_97010_length_221_cov_1.156627	88.479	192	217	23	2	27567	27782	6	221	85747	221	261
MV4128big_NODE_22_length_85747_cov_45.786281	NODE_99443_length_217_cov_1.654321	86.111	186	216	30	0	28329	28544	217	2	85747	217	233
MV4128big_NODE_22_length_85747_cov_45.786281	NODE_89157_length_233_cov_1.617978	84.188	197	234	35	2	77992	78224	233	1	85747	233	226
MV4128big_NODE_22_length_85747_cov_45.786281	NODE_122_length_46791_cov_48.701536	82.759	144	174	24	4	3097	3267	43289	43119	85747	46791	150
MV4128big_NODE_22_length_85747_cov_45.786281	NODE_90130_length_232_cov_1.062147	87.037	94	108	14	0	14945	15052	231	124	85747	232	122
MV4128big_NODE_23_length_85549_cov_46.556378	NODE_336_length_25186_cov_21.167363	99.992	25184	25186	2	0	9166	34351	25186	1	85549	25186	46499
MV4128big_NODE_23_length_85549_cov_46.556378	NODE_648_length_15422_cov_21.803085	100.000	15422	15422	0	0	59451	74872	15422	1	85549	15422	28480
MV4128big_NODE_23_length_85549_cov_46.556378	NODE_802_length_13109_cov_21.494484	99.977	13106	13109	1	1	46364	59470	13109	1	85549	13109	24190
MV4128big_NODE_23_length_85549_cov_46.556378	NODE_962_length_11357_cov_19.701823	99.991	11356	11357	0	1	34324	45679	1	11357	85549	11357	20966
MV4128big_NODE_23_length_85549_cov_46.556378	NODE_1031_length_10704_cov_22.967790	100.000	10704	10704	0	0	74818	85521	10704	1	85549	10704	19767
MV4128big_NODE_23_length_85549_cov_46.556378	NODE_2119_length_5925_cov_18.564906	100.000	5925	5925	0	0	3201	9125	1	5925	85549	5925	10942
MV4128big_NODE_23_length_85549_cov_46.556378	NODE_1991_length_6260_cov_17.479452	99.721	3212	3221	7	2	1	3220	3041	6260	85549	6260	5897
MV4128big_NODE_23_length_85549_cov_46.556378	NODE_25977_length_616_cov_4.798574	100.000	616	616	0	0	45777	46392	616	1	85549	616	1138
MV4128big_NODE_23_length_85549_cov_46.556378	NODE_32388_length_502_cov_2.736018	83.696	385	460	73	2	37333	37791	42	500	85549	502	433
MV4128big_NODE_23_length_85549_cov_46.556378	NODE_4406_length_3325_cov_5.951682	75.107	528	703	148	23	22451	23141	820	1507	85549	3325	303
MV4128big_NODE_23_length_85549_cov_46.556378	NODE_2098_length_5985_cov_6.961046	76.619	426	556	106	21	22584	23130	5426	5966	85549	5985	285
MV4128big_NODE_23_length_85549_cov_46.556378	NODE_59240_length_306_cov_1.625498	83.007	254	306	50	2	37807	38111	306	2	85549	306	276
MV4128big_NODE_23_length_85549_cov_46.556378	NODE_79671_length_249_cov_2.278351	86.345	215	249	34	0	69909	70157	249	1	85549	249	272
MV4128big_NODE_23_length_85549_cov_46.556378	NODE_600_length_16326_cov_10.057280	73.770	585	793	156	42	50147	50913	4633	5399	85549	16326	265
MV4128big_NODE_23_length_85549_cov_46.556378	NODE_5913_length_2592_cov_6.597950	73.739	497	674	137	33	22452	23108	2328	1678	85549	2592	228
MV4128big_NODE_23_length_85549_cov_46.556378	NODE_442_length_21230_cov_19.451759	78.182	258	330	54	17	22464	22784	6956	6636	85549	21230	195
MV4128big_NODE_23_length_85549_cov_46.556378	NODE_106802_length_179_cov_2.879032	97.273	107	110	3	0	74763	74872	70	179	85549	179	187
MV4128big_NODE_23_length_85549_cov_46.556378	NODE_99499_length_217_cov_1.185185	81.567	177	217	36	4	5516	5730	217	3	85549	217	176
MV4128big_NODE_23_length_85549_cov_46.556378	NODE_64704_length_284_cov_1.366812	77.108	192	249	53	4	78624	78870	253	7	85549	284	141
MV4128big_NODE_23_length_85549_cov_46.556378	NODE_86476_length_238_cov_1.010929	76.991	174	226	42	7	16982	17202	12	232	85549	238	121
MV4128big_NODE_24_length_82224_cov_28.425513	NODE_860_length_12372_cov_6.333279	99.992	12371	12372	1	0	46534	58905	12372	1	82224	12372	22842
MV4128big_NODE_24_length_82224_cov_28.425513	NODE_2004_length_6212_cov_7.242975	100.000	6212	6212	0	0	685	6896	6212	1	82224	6212	11472
MV4128big_NODE_24_length_82224_cov_28.425513	NODE_2058_length_6090_cov_6.917481	100.000	6090	6090	0	0	12081	18170	6090	1	82224	6090	11247
MV4128big_NODE_24_length_82224_cov_28.425513	NODE_2571_length_5046_cov_6.310158	100.000	5046	5046	0	0	35426	40471	1	5046	82224	5046	9319
MV4128big_NODE_24_length_82224_cov_28.425513	NODE_3461_length_4038_cov_6.229224	100.000	4038	4038	0	0	21338	25375	4038	1	82224	4038	7457
MV4128big_NODE_24_length_82224_cov_28.425513	NODE_3864_length_3725_cov_6.416894	99.839	3719	3725	6	0	64509	68233	3725	1	82224	3725	6846
MV4128big_NODE_24_length_82224_cov_28.425513	NODE_3986_length_3632_cov_5.823316	99.917	3629	3632	3	0	26186	29817	1	3632	82224	3632	6691
MV4128big_NODE_24_length_82224_cov_28.425513	NODE_4373_length_3354_cov_4.374659	99.851	3349	3354	5	0	74167	77520	3354	1	82224	3354	6167
MV4128big_NODE_24_length_82224_cov_28.425513	NODE_5661_length_2682_cov_6.916635	100.000	2682	2682	0	0	68312	70993	2682	1	82224	2682	4953
MV4128big_NODE_24_length_82224_cov_28.425513	NODE_5726_length_2661_cov_5.521873	99.962	2660	2661	1	0	41805	44465	2661	1	82224	2661	4909
MV4128big_NODE_24_length_82224_cov_28.425513	NODE_6121_length_2510_cov_5.589817	100.000	2510	2510	0	0	60052	62561	1	2510	82224	2510	4636
MV4128big_NODE_24_length_82224_cov_28.425513	NODE_7102_length_2214_cov_5.224641	100.000	2214	2214	0	0	9842	12055	2214	1	82224	2214	4089
MV4128big_NODE_24_length_82224_cov_28.425513	NODE_8291_length_1930_cov_8.361067	100.000	1930	1930	0	0	62590	64519	1	1930	82224	1930	3565
MV4128big_NODE_24_length_82224_cov_28.425513	NODE_9056_length_1770_cov_6.020991	100.000	1770	1770	0	0	33667	35436	1770	1	82224	1770	3269
MV4128big_NODE_24_length_82224_cov_28.425513	NODE_9408_length_1710_cov_5.160725	100.000	1710	1710	0	0	8172	9881	1710	1	82224	1710	3158
MV4128big_NODE_24_length_82224_cov_28.425513	NODE_9554_length_1684_cov_8.929405	100.000	1668	1668	0	0	30889	32556	1	1668	82224	1684	3081
MV4128big_NODE_24_length_82224_cov_28.425513	NODE_9570_length_1681_cov_3.944034	99.703	1676	1681	5	0	78429	80109	1	1681	82224	1681	3077
MV4128big_NODE_24_length_82224_cov_28.425513	NODE_9772_length_1647_cov_4.038317	99.879	1645	1647	2	0	71117	72763	1	1647	82224	1647	3031
MV4128big_NODE_24_length_82224_cov_28.425513	NODE_11138_length_1449_cov_3.829268	99.931	1448	1449	1	0	19757	21205	1449	1	82224	1449	2671
MV4128big_NODE_24_length_82224_cov_28.425513	NODE_12563_length_1284_cov_8.126119	99.844	1282	1284	2	0	45252	46535	1	1284	82224	1284	2361
MV4128big_NODE_25_length_80807_cov_42.802903	NODE_246_length_31141_cov_20.518208	100.000	31141	31141	0	0	20	31160	31141	1	80807	31141	57507
MV4128big_NODE_25_length_80807_cov_42.802903	NODE_189_length_36496_cov_21.162454	99.909	19701	19719	13	4	61092	80807	12577	32293	80807	36496	36309
MV4128big_NODE_25_length_80807_cov_42.802903	NODE_189_length_36496_cov_21.162454	100.000	12509	12509	0	0	48675	61183	1	12509	80807	36496	23100
MV4128big_NODE_25_length_80807_cov_42.802903	NODE_566_length_17481_cov_21.362332	99.983	17478	17481	3	0	31150	48630	1	17481	80807	17481	32265
MV4128big_NODE_25_length_80807_cov_42.802903	NODE_24906_length_643_cov_1.624150	85.848	552	643	81	5	540	1175	640	1	80807	643	675
MV4128big_NODE_25_length_80807_cov_42.802903	NODE_57336_length_314_cov_3.938224	84.416	260	308	48	0	40463	40770	7	314	80807	314	303
MV4128big_NODE_25_length_80807_cov_42.802903	NODE_106910_length_154_cov_16.191919	100.000	154	154	0	0	48576	48729	1	154	80807	154	285
MV4128big_NODE_25_length_80807_cov_42.802903	NODE_87406_length_236_cov_1.281768	88.136	208	236	28	0	26748	26983	1	236	80807	236	281
MV4128big_NODE_25_length_80807_cov_42.802903	NODE_58830_length_308_cov_1.517787	83.280	259	311	44	7	1455	1761	308	2	80807	308	279
MV4128big_NODE_25_length_80807_cov_42.802903	NODE_60058_length_302_cov_3.109312	83.389	251	301	48	2	1170	1469	1	300	80807	302	278
MV4128big_NODE_25_length_80807_cov_42.802903	NODE_76970_length_255_cov_0.950000	83.200	208	250	40	2	20994	21242	249	1	80807	255	228
MV4128big_NODE_25_length_80807_cov_42.802903	NODE_104139_length_210_cov_1.858065	86.124	180	209	27	2	27868	28075	3	210	80807	210	224
MV4128big_NODE_25_length_80807_cov_42.802903	NODE_67086_length_276_cov_2.597285	78.417	218	278	56	4	55699	55974	1	276	80807	276	178
MV4128big_NODE_25_length_80807_cov_42.802903	NODE_87864_length_235_cov_2.111111	88.596	101	114	13	0	27041	27154	235	122	80807	235	139
MV4128big_NODE_25_length_80807_cov_42.802903	NODE_697_length_14588_cov_21.310535	93.023	80	86	5	1	61166	61251	2041	2125	80807	14588	124
MV4128big_NODE_25_length_80807_cov_42.802903	NODE_483_length_19985_cov_23.092775	79.885	139	174	27	7	21129	21298	6475	6644	80807	19985	121
MV4128big_NODE_25_length_80807_cov_42.802903	NODE_82408_length_244_cov_2.862434	98.413	62	63	1	0	48667	48729	182	244	80807	244	111
MV4128big_NODE_25_length_80807_cov_42.802903	NODE_1388_length_8275_cov_19.759611	80.556	116	144	26	2	21180	21322	6433	6291	80807	8275	110
MV4128big_NODE_26_length_75050_cov_26.829695	NODE_931_length_11637_cov_6.407356	99.957	11632	11637	5	0	36305	47941	1	11637	75050	11637	21462
MV4128big_NODE_26_length_75050_cov_26.829695	NODE_1866_length_6597_cov_6.089575	99.924	6592	6597	5	0	51063	57659	1	6597	75050	6597	12155
MV4128big_NODE_26_length_75050_cov_26.829695	NODE_2116_length_5936_cov_6.384799	99.983	5935	5936	1	0	13289	19224	1	5936	75050	5936	10957
MV4128big_NODE_26_length_75050_cov_26.829695	NODE_2243_length_5652_cov_6.439343	99.947	5649	5652	3	0	5733	11384	5652	1	75050	5652	10421
MV4128big_NODE_26_length_75050_cov_26.829695	NODE_2725_length_4844_cov_6.376279	100.000	4844	4844	0	0	57591	62434	4844	1	75050	4844	8946
MV4128big_NODE_26_length_75050_cov_26.829695	NODE_2839_length_4676_cov_5.539061	99.979	4664	4665	1	0	27461	32125	4665	1	75050	4676	8610
MV4128big_NODE_26_length_75050_cov_26.829695	NODE_3767_length_3805_cov_6.844533	99.974	3804	3805	1	0	64438	68242	3805	1	75050	3805	7022
MV4128big_NODE_26_length_75050_cov_26.829695	NODE_4073_length_3564_cov_5.227985	100.000	3564	3564	0	0	19215	22778	1	3564	75050	3564	6582
MV4128big_NODE_26_length_75050_cov_26.829695	NODE_4090_length_3550_cov_5.215737	99.915	3547	3550	3	0	71347	74896	1	3550	75050	3550	6540
MV4128big_NODE_26_length_75050_cov_26.829695	NODE_4750_length_3128_cov_5.716564	99.968	3127	3128	1	0	68213	71340	3128	1	75050	3128	5771
MV4128big_NODE_26_length_75050_cov_26.829695	NODE_5423_length_2788_cov_6.743871	100.000	2756	2756	0	0	2996	5751	33	2788	75050	2788	5090
MV4128big_NODE_26_length_75050_cov_26.829695	NODE_5518_length_2742_cov_6.581690	100.000	2742	2742	0	0	22825	25566	2742	1	75050	2742	5064
MV4128big_NODE_26_length_75050_cov_26.829695	NODE_5715_length_2664_cov_6.453430	100.000	2664	2664	0	0	47961	50624	2664	1	75050	2664	4920
MV4128big_NODE_26_length_75050_cov_26.829695	NODE_7937_length_2003_cov_5.003593	100.000	2003	2003	0	0	62440	64442	1	2003	75050	2003	3699
MV4128big_NODE_26_length_75050_cov_26.829695	NODE_8566_length_1864_cov_6.599779	100.000	1864	1864	0	0	25606	27469	1	1864	75050	1864	3443
MV4128big_NODE_26_length_75050_cov_26.829695	NODE_10986_length_1470_cov_4.635336	99.932	1469	1470	1	0	11368	12837	1470	1	75050	1470	2710
MV4128big_NODE_26_length_75050_cov_26.829695	NODE_17624_length_913_cov_4.817016	99.890	912	913	1	0	35333	36245	913	1	75050	913	1681
MV4128big_NODE_26_length_75050_cov_26.829695	NODE_20800_length_771_cov_2.770950	99.222	765	771	6	0	1312	2082	771	1	75050	771	1391
MV4128big_NODE_26_length_75050_cov_26.829695	NODE_24228_length_660_cov_4.710744	99.848	659	660	1	0	2204	2863	1	660	75050	660	1214
MV4128big_NODE_26_length_75050_cov_26.829695	NODE_25106_length_637_cov_3.649485	99.843	636	637	1	0	34047	34683	1	637	75050	637	1171
MV4128big_NODE_27_length_73417_cov_47.492557	NODE_295_length_27074_cov_20.838780	99.945	27060	27075	13	2	22366	49439	27074	1	73417	27074	49914
MV4128big_NODE_27_length_73417_cov_47.492557	NODE_295_length_27074_cov_20.838780	88.688	196	221	21	4	36192	36410	13149	12931	73417	27074	267
MV4128big_NODE_27_length_73417_cov_47.492557	NODE_295_length_27074_cov_20.838780	88.688	196	221	21	4	36291	36509	13248	13030	73417	27074	267
MV4128big_NODE_27_length_73417_cov_47.492557	NODE_295_length_27074_cov_20.838780	91.667	110	120	10	0	36192	36311	13050	12931	73417	27074	167
MV4128big_NODE_27_length_73417_cov_47.492557	NODE_295_length_27074_cov_20.838780	91.667	110	120	10	0	36390	36509	13248	13129	73417	27074	167
MV4128big_NODE_27_length_73417_cov_47.492557	NODE_370_length_23893_cov_19.118424	100.000	23893	23893	0	0	49429	73321	1	23893	73417	23893	44123
MV4128big_NODE_27_length_73417_cov_47.492557	NODE_953_length_11439_cov_20.945098	100.000	11439	11439	0	0	123	11561	11439	1	73417	11439	21124
MV4128big_NODE_27_length_73417_cov_47.492557	NODE_953_length_11439_cov_20.945098	90.979	353	388	26	6	3143	3524	8212	7828	73417	11439	514
MV4128big_NODE_27_length_73417_cov_47.492557	NODE_953_length_11439_cov_20.945098	90.979	353	388	26	6	3350	3734	8419	8038	73417	11439	514
MV4128big_NODE_27_length_73417_cov_47.492557	NODE_953_length_11439_cov_20.945098	92.674	253	273	20	0	59	331	11404	11132	73417	11439	394
MV4128big_NODE_27_length_73417_cov_47.492557	NODE_953_length_11439_cov_20.945098	92.308	192	208	16	0	223	430	11438	11231	73417	11439	296
MV4128big_NODE_27_length_73417_cov_47.492557	NODE_953_length_11439_cov_20.945098	95.402	166	174	8	0	59	232	11305	11132	73417	11439	278
MV4128big_NODE_27_length_73417_cov_47.492557	NODE_953_length_11439_cov_20.945098	96.364	106	110	4	0	321	430	11439	11330	73417	11439	182
MV4128big_NODE_27_length_73417_cov_47.492557	NODE_953_length_11439_cov_20.945098	80.337	143	178	26	6	3143	3314	8002	7828	73417	11439	126
MV4128big_NODE_27_length_73417_cov_47.492557	NODE_953_length_11439_cov_20.945098	80.337	143	178	26	6	3560	3734	8419	8248	73417	11439	126
MV4128big_NODE_27_length_73417_cov_47.492557	NODE_1357_length_8445_cov_24.541836	100.000	8445	8445	0	0	14030	22474	1	8445	73417	8445	15596
MV4128big_NODE_27_length_73417_cov_47.492557	NODE_6859_length_2277_cov_25.012601	100.000	2277	2277	0	0	11808	14084	1	2277	73417	2277	4205
MV4128big_NODE_27_length_73417_cov_47.492557	NODE_686_length_14741_cov_19.797698	76.376	1096	1435	304	32	53092	54508	11311	9894	73417	14741	739
MV4128big_NODE_27_length_73417_cov_47.492557	NODE_92801_length_227_cov_4.383721	100.000	227	227	0	0	11569	11795	1	227	73417	227	420
MV4128big_NODE_27_length_73417_cov_47.492557	NODE_7026_length_2233_cov_4.612948	73.430	912	1242	274	51	53134	54347	1011	2224	73417	2233	414
MV4128big_NODE_27_length_73417_cov_47.492557	NODE_44341_length_386_cov_3.900302	91.319	263	288	23	2	14030	14316	1	287	73417	386	392
MV4128big_NODE_27_length_73417_cov_47.492557	NODE_44341_length_386_cov_3.900302	96.629	86	89	2	1	14165	14253	299	386	73417	386	147
MV4128big_NODE_27_length_73417_cov_47.492557	NODE_36237_length_456_cov_1.361596	85.246	312	366	47	7	51957	52318	365	3	73417	456	370
MV4128big_NODE_27_length_73417_cov_47.492557	NODE_53566_length_332_cov_2.714801	85.669	269	314	41	4	68258	68569	323	12	73417	332	327
MV4128big_NODE_27_length_73417_cov_47.492557	NODE_8439_length_1895_cov_20.344565	100.000	139	139	0	0	1	139	139	1	73417	1895	257
MV4128big_NODE_27_length_73417_cov_47.492557	NODE_8439_length_1895_cov_20.344565	95.062	77	81	4	0	257	337	81	1	73417	1895	128
MV4128big_NODE_27_length_73417_cov_47.492557	NODE_8439_length_1895_cov_20.344565	95.062	77	81	4	0	158	238	81	1	73417	1895	128
MV4128big_NODE_27_length_73417_cov_47.492557	NODE_48042_length_362_cov_2.188925	79.286	222	280	48	9	34347	34621	360	86	73417	362	187
MV4128big_NODE_27_length_73417_cov_47.492557	NODE_94695_length_225_cov_1.047059	80.090	177	221	40	4	669	887	219	1	73417	225	161
MV4128big_NODE_27_length_73417_cov_47.492557	NODE_77135_length_254_cov_1.663317	79.149	186	235	42	6	41527	41758	250	20	73417	254	156
MV4128big_NODE_27_length_73417_cov_47.492557	NODE_2308_length_5534_cov_5.784997	76.000	190	250	42	15	54239	54478	4966	4725	73417	5534	113
MV4128big_NODE_28_length_70332_cov_40.589553	NODE_88_length_54099_cov_19.598068	100.000	40361	40361	0	0	1	40361	13739	54099	70332	54099	74533
MV4128big_NODE_28_length_70332_cov_40.589553	NODE_328_length_25406_cov_20.570155	100.000	25406	25406	0	0	40307	65712	1	25406	70332	25406	46917
MV4128big_NODE_28_length_70332_cov_40.589553	NODE_3507_length_4005_cov_20.855696	100.000	4005	4005	0	0	65709	69713	1	4005	70332	4005	7396
MV4128big_NODE_28_length_70332_cov_40.589553	NODE_25844_length_619_cov_13.409574	99.492	588	591	3	0	69742	70332	619	29	70332	619	1075
MV4128big_NODE_28_length_70332_cov_40.589553	NODE_24_length_91998_cov_69.661519	73.577	827	1124	252	30	64111	65219	8607	9700	70332	91998	388
MV4128big_NODE_28_length_70332_cov_40.589553	NODE_57930_length_312_cov_1.478599	87.948	270	307	37	0	38694	39000	307	1	70332	312	363
MV4128big_NODE_28_length_70332_cov_40.589553	NODE_5252_length_2863_cov_17.710470	71.768	905	1261	300	46	64026	65264	417	1643	70332	2863	305
MV4128big_NODE_28_length_70332_cov_40.589553	NODE_81924_length_245_cov_1.936842	87.083	209	240	31	0	63975	64214	1	240	70332	245	272
MV4128big_NODE_28_length_70332_cov_40.589553	NODE_7_length_167495_cov_35.511383	76.815	381	496	107	8	64116	64607	101071	100580	70332	167495	272
MV4128big_NODE_28_length_70332_cov_40.589553	NODE_4378_length_3351_cov_5.708434	76.600	383	500	107	9	63981	64475	497	3	70332	3351	267
MV4128big_NODE_28_length_70332_cov_40.589553	NODE_3886_length_3710_cov_22.132421	79.319	303	382	69	9	64111	64487	3334	3710	70332	3710	259
MV4128big_NODE_28_length_70332_cov_40.589553	NODE_78681_length_251_cov_1.724490	85.000	204	240	30	6	56670	56906	237	1	70332	251	239
MV4128big_NODE_28_length_70332_cov_40.589553	NODE_79580_length_250_cov_0.887179	83.600	209	250	34	7	66256	66501	1	247	70332	250	228
MV4128big_NODE_28_length_70332_cov_40.589553	NODE_578_length_16961_cov_22.170886	77.067	289	375	80	6	64104	64475	377	6	70332	16961	211
MV4128big_NODE_28_length_70332_cov_40.589553	NODE_41712_length_406_cov_2.364672	88.750	142	160	18	0	56274	56433	160	1	70332	406	196
MV4128big_NODE_28_length_70332_cov_40.589553	NODE_134_length_43896_cov_20.861021	74.151	393	530	107	24	48844	49358	17426	16912	70332	43896	193
MV4128big_NODE_28_length_70332_cov_40.589553	NODE_782_length_13412_cov_22.497342	71.652	503	702	151	37	39771	40448	2911	2234	70332	13412	150
MV4128big_NODE_28_length_70332_cov_40.589553	NODE_104068_length_210_cov_2.296774	84.828	123	145	22	0	37366	37510	3	147	70332	210	147
MV4128big_NODE_28_length_70332_cov_40.589553	NODE_107389_length_83_cov_3.214286	97.590	81	83	2	0	40307	40389	1	83	70332	83	143
MV4128big_NODE_29_length_69162_cov_83.801887	NODE_113_length_48364_cov_56.646567	99.942	48344	48372	19	3	20748	69118	48364	1	69162	48364	89162
MV4128big_NODE_29_length_69162_cov_83.801887	NODE_113_length_48364_cov_56.646567	76.136	3200	4203	933	62	35634	39801	11823	15990	69162	48364	2141
MV4128big_NODE_29_length_69162_cov_83.801887	NODE_113_length_48364_cov_56.646567	76.153	3187	4185	934	57	53129	57281	29318	33470	69162	48364	2141
MV4128big_NODE_29_length_69162_cov_83.801887	NODE_113_length_48364_cov_56.646567	78.696	181	230	43	6	35275	35501	11485	11711	69162	48364	148
MV4128big_NODE_29_length_69162_cov_83.801887	NODE_113_length_48364_cov_56.646567	78.696	181	230	43	6	57408	57634	33618	33844	69162	48364	148
MV4128big_NODE_29_length_69162_cov_83.801887	NODE_348_length_24562_cov_34.625291	99.466	20311	20420	105	4	1	20418	20418	1	69162	24562	37102
MV4128big_NODE_29_length_69162_cov_83.801887	NODE_127_length_45033_cov_248.494331	79.118	3194	4037	734	81	60781	64774	4692	722	69162	45033	2684
MV4128big_NODE_29_length_69162_cov_83.801887	NODE_127_length_45033_cov_248.494331	75.995	3419	4499	961	107	24833	29270	36965	41405	69162	45033	2215
MV4128big_NODE_29_length_69162_cov_83.801887	NODE_127_length_45033_cov_248.494331	74.453	851	1143	259	28	17167	18294	28995	30119	69162	45033	462
MV4128big_NODE_29_length_69162_cov_83.801887	NODE_441_length_21232_cov_36.215139	82.322	2063	2506	423	19	7763	10258	14306	11811	69162	21232	2156
MV4128big_NODE_29_length_69162_cov_83.801887	NODE_208_length_34243_cov_65.736106	79.442	2419	3045	593	31	26253	29280	32019	28991	69162	34243	2124
MV4128big_NODE_29_length_69162_cov_83.801887	NODE_364_length_24055_cov_28.911167	77.335	2368	3062	616	68	26260	29282	19430	22452	69162	24055	1738
MV4128big_NODE_29_length_69162_cov_83.801887	NODE_97_length_51713_cov_64.280673	72.222	2210	3060	760	76	35700	38714	7654	10668	69162	51713	859
MV4128big_NODE_29_length_69162_cov_83.801887	NODE_97_length_51713_cov_64.280673	71.505	1335	1867	469	50	53920	55756	10964	9131	69162	51713	442
MV4128big_NODE_29_length_69162_cov_83.801887	NODE_37840_length_439_cov_41.447917	100.000	439	439	0	0	20364	20802	1	439	69162	439	811
MV4128big_NODE_29_length_69162_cov_83.801887	NODE_37842_length_439_cov_26.031250	92.027	404	439	35	0	20364	20802	439	1	69162	439	617
MV4128big_NODE_29_length_69162_cov_83.801887	NODE_10878_length_1485_cov_6.313287	75.902	926	1220	251	38	63280	64478	1	1198	69162	1485	584
MV4128big_NODE_29_length_69162_cov_83.801887	NODE_2848_length_4669_cov_6.328782	74.519	1085	1456	308	48	3867	5304	2	1412	69162	4669	575
MV4128big_NODE_29_length_69162_cov_83.801887	NODE_9878_length_1630_cov_6.751111	76.136	737	968	204	22	3864	4819	1604	652	69162	1630	483
MV4128big_NODE_29_length_69162_cov_83.801887	NODE_575_length_16993_cov_254.223993	70.065	2172	3100	752	151	35715	38726	9836	6825	69162	16993	422
MV4128big_NODE_29_length_69162_cov_83.801887	NODE_459_length_20854_cov_66.168854	72.890	898	1232	296	34	9050	10263	7747	8958	69162	20854	390
MV4128big_NODE_29_length_69162_cov_83.801887	NODE_459_length_20854_cov_66.168854	81.679	321	393	64	8	50248	50636	20466	20854	69162	20854	320
MV4128big_NODE_29_length_69162_cov_83.801887	NODE_27143_length_591_cov_3.917910	82.313	363	441	72	5	63164	63601	591	154	69162	591	377
MV4128big_NODE_29_length_69162_cov_83.801887	NODE_967_length_11316_cov_48.783234	90.000	234	260	21	5	65125	65383	8768	9023	69162	11316	331
MV4128big_NODE_29_length_69162_cov_83.801887	NODE_1263_length_8969_cov_6.990464	81.250	312	384	66	5	4924	5304	750	370	69162	8969	305
MV4128big_NODE_29_length_69162_cov_83.801887	NODE_10981_length_1470_cov_6.143463	72.299	783	1083	232	65	31653	32701	320	1368	69162	1470	276
MV4128big_NODE_29_length_69162_cov_83.801887	NODE_990_length_11057_cov_255.052718	78.796	301	382	75	6	4925	5303	8973	9351	69162	11057	252
MV4128big_NODE_29_length_69162_cov_83.801887	NODE_10_length_130112_cov_274.651414	77.176	328	425	89	8	4909	5329	35858	35438	69162	130112	241
MV4128big_NODE_30_length_66623_cov_40.879432	NODE_81_length_57037_cov_19.805324	99.972	57021	57037	16	0	7977	65013	57037	1	66623	57037	1.052e+05
MV4128big_NODE_30_length_66623_cov_40.879432	NODE_1376_length_8346_cov_18.243879	99.988	8050	8051	1	0	1	8051	296	8346	66623	8346	14862
MV4128big_NODE_30_length_66623_cov_40.879432	NODE_10110_length_1591_cov_23.621745	100.000	1582	1582	0	0	65035	66616	1591	10	66623	1591	2922
MV4128big_NODE_30_length_66623_cov_40.879432	NODE_25169_length_636_cov_1.098107	79.627	512	643	111	16	55452	56081	1	636	66623	636	444
MV4128big_NODE_30_length_66623_cov_40.879432	NODE_50370_length_349_cov_2.159864	88.047	302	343	39	2	57480	57821	349	8	66623	349	405
MV4128big_NODE_30_length_66623_cov_40.879432	NODE_23397_length_685_cov_1.815873	91.985	241	262	19	2	15820	16081	426	685	66623	685	366
MV4128big_NODE_30_length_66623_cov_40.879432	NODE_25840_length_620_cov_1.251327	77.129	462	599	121	15	65523	66113	595	5	66623	620	333
MV4128big_NODE_30_length_66623_cov_40.879432	NODE_5353_length_2821_cov_4.022777	75.078	482	642	129	24	17311	17932	418	1048	66623	2821	270
MV4128big_NODE_30_length_66623_cov_40.879432	NODE_94932_length_224_cov_1.680473	86.301	189	219	28	2	9155	9372	2	219	66623	224	237
MV4128big_NODE_30_length_66623_cov_40.879432	NODE_80228_length_248_cov_1.989637	81.818	189	231	34	6	36381	36607	3	229	66623	248	187
MV4128big_NODE_30_length_66623_cov_40.879432	NODE_20_length_97580_cov_25.242051	73.767	374	507	101	29	9534	10024	60020	59530	66623	97580	171
MV4128big_NODE_30_length_66623_cov_40.879432	NODE_76337_length_256_cov_0.955224	78.824	201	255	42	9	42619	42867	249	1	66623	256	161
MV4128big_NODE_30_length_66623_cov_40.879432	NODE_44463_length_386_cov_1.160121	76.531	225	294	54	15	44982	45269	1	285	66623	386	147
MV4128big_NODE_30_length_66623_cov_40.879432	NODE_93989_length_226_cov_1.122807	80.000	148	185	37	0	30608	30792	187	3	66623	226	137
MV4128big_NODE_30_length_66623_cov_40.879432	NODE_98131_length_219_cov_1.756098	82.993	122	147	25	0	61630	61776	147	1	66623	219	134
MV4128big_NODE_30_length_66623_cov_40.879432	NODE_86561_length_237_cov_2.868132	77.922	180	231	36	13	62416	62637	225	1	66623	237	130
MV4128big_NODE_30_length_66623_cov_40.879432	NODE_312_length_26379_cov_20.934774	98.592	70	71	1	0	1	71	1	71	66623	26379	126
MV4128big_NODE_31_length_66345_cov_44.621723	NODE_134_length_43896_cov_20.861021	99.945	21842	21854	12	0	44487	66340	1	21854	66345	43896	40291
MV4128big_NODE_31_length_66345_cov_44.621723	NODE_655_length_15281_cov_19.370222	100.000	15281	15281	0	0	17973	33253	15281	1	66345	15281	28219
MV4128big_NODE_31_length_66345_cov_44.621723	NODE_978_length_11210_cov_20.586374	100.000	11210	11210	0	0	33245	44454	11210	1	66345	11210	20702
MV4128big_NODE_31_length_66345_cov_44.621723	NODE_367_length_23991_cov_21.807988	100.000	10025	10025	0	0	1	10025	10025	1	66345	23991	18513
MV4128big_NODE_31_length_66345_cov_44.621723	NODE_1465_length_7976_cov_20.504229	100.000	7976	7976	0	0	10002	17977	1	7976	66345	7976	14729
MV4128big_NODE_31_length_66345_cov_44.621723	NODE_1302_length_8741_cov_9.203085	88.174	589	668	73	6	47963	48627	3906	4570	66345	8741	791
MV4128big_NODE_31_length_66345_cov_44.621723	NODE_13524_length_1189_cov_2.026455	78.762	916	1163	213	33	53804	54948	1	1147	66345	1189	749
MV4128big_NODE_31_length_66345_cov_44.621723	NODE_24508_length_653_cov_2.605351	81.623	533	653	116	4	19860	20510	1	651	66345	653	538
MV4128big_NODE_31_length_66345_cov_44.621723	NODE_29386_length_549_cov_1.269231	84.211	432	513	79	2	24008	24519	512	1	66345	549	497
MV4128big_NODE_31_length_66345_cov_44.621723	NODE_27318_length_588_cov_1.596623	81.636	449	550	88	12	48104	48646	575	32	66345	588	444
MV4128big_NODE_31_length_66345_cov_44.621723	NODE_8973_length_1788_cov_7.040969	73.121	827	1131	262	39	23665	24771	1770	658	66345	1788	366
MV4128big_NODE_31_length_66345_cov_44.621723	NODE_55978_length_321_cov_1.443609	89.199	256	287	31	0	35402	35688	287	1	66345	321	359
MV4128big_NODE_31_length_66345_cov_44.621723	NODE_59735_length_304_cov_1.542169	85.526	260	304	42	2	57816	58118	304	2	66345	304	316
MV4128big_NODE_31_length_66345_cov_44.621723	NODE_45870_length_376_cov_2.155763	82.254	292	355	61	2	46295	46648	1	354	66345	376	305
MV4128big_NODE_31_length_66345_cov_44.621723	NODE_27410_length_586_cov_1.785311	75.285	463	615	111	32	49435	50039	584	1	66345	586	255
MV4128big_NODE_31_length_66345_cov_44.621723	NODE_64789_length_283_cov_2.947368	82.721	225	272	47	0	34220	34491	1	272	66345	283	243
MV4128big_NODE_31_length_66345_cov_44.621723	NODE_84916_length_240_cov_1.556757	83.962	178	212	34	0	12679	12890	212	1	66345	240	204
MV4128big_NODE_31_length_66345_cov_44.621723	NODE_328_length_25406_cov_20.570155	74.151	393	530	107	23	61398	61912	9052	8538	66345	25406	193
MV4128big_NODE_31_length_66345_cov_44.621723	NODE_67573_length_275_cov_1.727273	78.495	219	279	52	7	23798	24072	275	1	66345	275	176
MV4128big_NODE_31_length_66345_cov_44.621723	NODE_81766_length_246_cov_1.000000	88.496	100	113	11	2	40615	40726	1	112	66345	246	135
MV4128big_NODE_32_length_66083_cov_26.765478	NODE_1760_length_6948_cov_5.616277	99.899	6941	6948	7	0	19972	26919	6948	1	66083	6948	12792
MV4128big_NODE_32_length_66083_cov_26.765478	NODE_1989_length_6263_cov_6.392558	99.920	6258	6263	5	0	59630	65892	6263	1	66083	6263	11538
MV4128big_NODE_32_length_66083_cov_26.765478	NODE_2146_length_5881_cov_6.201682	99.983	5880	5881	1	0	394	6274	5881	1	66083	5881	10855
MV4128big_NODE_32_length_66083_cov_26.765478	NODE_2544_length_5101_cov_5.266151	100.000	5045	5045	0	0	14673	19717	5045	1	66083	5101	9317
MV4128big_NODE_32_length_66083_cov_26.765478	NODE_2544_length_5101_cov_5.266151	89.055	179	201	18	4	18465	18663	990	792	66083	5101	246
MV4128big_NODE_32_length_66083_cov_26.765478	NODE_2544_length_5101_cov_5.266151	89.055	179	201	18	4	18728	18926	1253	1055	66083	5101	246
MV4128big_NODE_32_length_66083_cov_26.765478	NODE_3207_length_4273_cov_7.147463	99.977	4272	4273	1	0	27797	32069	1	4273	66083	4273	7886
MV4128big_NODE_32_length_66083_cov_26.765478	NODE_3277_length_4209_cov_6.126384	99.952	4207	4209	2	0	55459	59667	4209	1	66083	4209	7762
MV4128big_NODE_32_length_66083_cov_26.765478	NODE_4444_length_3302_cov_5.372652	100.000	3302	3302	0	0	47011	50312	3302	1	66083	3302	6098
MV4128big_NODE_32_length_66083_cov_26.765478	NODE_4494_length_3270_cov_5.958320	100.000	3270	3270	0	0	42548	45817	3270	1	66083	3270	6039
MV4128big_NODE_32_length_66083_cov_26.765478	NODE_4976_length_2999_cov_5.302989	99.933	2997	2999	2	0	10426	13424	1	2999	66083	2999	5528
MV4128big_NODE_32_length_66083_cov_26.765478	NODE_5076_length_2953_cov_7.428916	99.932	2951	2953	2	0	39473	42425	1	2953	66083	2953	5443
MV4128big_NODE_32_length_66083_cov_26.765478	NODE_5165_length_2910_cov_7.661296	99.931	2908	2910	2	0	32044	34953	2910	1	66083	2910	5363
MV4128big_NODE_32_length_66083_cov_26.765478	NODE_6802_length_2294_cov_5.568111	99.913	2292	2294	2	0	35083	37376	2294	1	66083	2294	4226
MV4128big_NODE_32_length_66083_cov_26.765478	NODE_7632_length_2080_cov_7.245432	99.904	2078	2080	2	0	37448	39527	1	2080	66083	2080	3831
MV4128big_NODE_32_length_66083_cov_26.765478	NODE_7701_length_2060_cov_5.906733	99.320	2046	2060	14	0	53399	55458	2060	1	66083	2060	3727
MV4128big_NODE_32_length_66083_cov_26.765478	NODE_8748_length_1829_cov_4.602593	99.945	1828	1829	1	0	51490	53318	1829	1	66083	1829	3373
MV4128big_NODE_32_length_66083_cov_26.765478	NODE_11951_length_1351_cov_6.293981	99.852	1349	1351	2	0	13324	14674	1351	1	66083	1351	2484
MV4128big_NODE_32_length_66083_cov_26.765478	NODE_13302_length_1209_cov_5.386482	99.752	1206	1209	3	0	6186	7394	1209	1	66083	1209	2217
MV4128big_NODE_32_length_66083_cov_26.765478	NODE_14180_length_1134_cov_5.554217	100.000	1134	1134	0	0	50293	51426	1134	1	66083	1134	2095
MV4128big_NODE_32_length_66083_cov_26.765478	NODE_19008_length_844_cov_4.034221	99.882	843	844	1	0	46222	47065	844	1	66083	844	1554
MV4128big_NODE_32_length_66083_cov_26.765478	NODE_19490_length_824_cov_4.993498	100.000	824	824	0	0	8442	9265	824	1	66083	824	1522
MV4128big_NODE_33_length_65691_cov_45.967365	NODE_249_length_31028_cov_21.973816	99.997	31027	31028	1	0	25651	56678	31028	1	65691	31028	57293
MV4128big_NODE_33_length_65691_cov_45.967365	NODE_325_length_25521_cov_20.096639	100.000	25521	25521	0	0	19	25539	25521	1	65691	25521	47129
MV4128big_NODE_33_length_65691_cov_45.967365	NODE_1316_length_8646_cov_20.798161	100.000	6446	6446	0	0	59246	65691	8646	2201	65691	8646	11904
MV4128big_NODE_33_length_65691_cov_45.967365	NODE_6072_length_2525_cov_17.063968	100.000	2525	2525	0	0	56704	59228	1	2525	65691	2525	4663
MV4128big_NODE_33_length_65691_cov_45.967365	NODE_25513_length_628_cov_1.670157	76.814	487	634	128	18	63239	63861	626	1	65691	628	339
MV4128big_NODE_33_length_65691_cov_45.967365	NODE_27532_length_584_cov_1.240076	79.326	353	445	70	22	7691	8124	488	55	65691	584	292
MV4128big_NODE_33_length_65691_cov_45.967365	NODE_67623_length_275_cov_1.309091	81.159	224	276	46	6	32756	33028	1	273	65691	275	217
MV4128big_NODE_33_length_65691_cov_45.967365	NODE_6893_length_2271_cov_5.036552	72.441	552	762	172	32	8636	9378	34	776	65691	2271	209
MV4128big_NODE_33_length_65691_cov_45.967365	NODE_31483_length_516_cov_2.047722	76.615	249	325	55	17	47337	47655	310	1	65691	516	159
MV4128big_NODE_34_length_63524_cov_41.918968	NODE_350_length_24543_cov_19.687439	100.000	24543	24543	0	0	38982	63524	1	24543	63524	24543	45323
MV4128big_NODE_34_length_63524_cov_41.918968	NODE_707_length_14347_cov_21.620627	100.000	14317	14317	0	0	17809	32125	1	14317	63524	14347	26439
MV4128big_NODE_34_length_63524_cov_41.918968	NODE_1111_length_10013_cov_20.456517	100.000	10013	10013	0	0	20	10032	1	10013	63524	10013	18491
MV4128big_NODE_34_length_63524_cov_41.918968	NODE_1515_length_7807_cov_17.377451	99.987	7806	7807	1	0	10022	17828	1	7807	63524	7807	14412
MV4128big_NODE_34_length_63524_cov_41.918968	NODE_1795_length_6845_cov_16.382916	99.985	6844	6845	1	0	32119	38963	6845	1	63524	6845	12635
MV4128big_NODE_34_length_63524_cov_41.918968	NODE_60_length_65120_cov_278.533958	78.186	638	816	156	18	25375	26179	40117	40921	63524	65120	501
MV4128big_NODE_34_length_63524_cov_41.918968	NODE_6458_length_2395_cov_5.781197	77.725	649	835	164	18	25363	26186	2233	1410	63524	2395	492
MV4128big_NODE_34_length_63524_cov_41.918968	NODE_133_length_44126_cov_17.871140	77.681	623	802	163	12	25386	26179	41550	40757	63524	44126	475
MV4128big_NODE_34_length_63524_cov_41.918968	NODE_59633_length_304_cov_2.337349	83.987	257	306	45	4	25703	26006	1	304	63524	304	291
MV4128big_NODE_34_length_63524_cov_41.918968	NODE_85267_length_240_cov_1.037838	85.417	205	240	35	0	25488	25727	1	240	63524	240	250
MV4128big_NODE_35_length_63063_cov_28.230050	NODE_622_length_15885_cov_6.233923	99.981	15882	15885	3	0	16410	32294	1	15885	63063	15885	29318
MV4128big_NODE_35_length_63063_cov_28.230050	NODE_1613_length_7396_cov_6.232393	100.000	7396	7396	0	0	4975	12370	7396	1	63063	7396	13658
MV4128big_NODE_35_length_63063_cov_28.230050	NODE_1822_length_6728_cov_5.650532	99.985	6727	6728	1	0	43856	50583	1	6728	63063	6728	12419
MV4128big_NODE_35_length_63063_cov_28.230050	NODE_3492_length_4016_cov_5.955819	99.975	4015	4016	1	0	12361	16376	1	4016	63063	4016	7411
MV4128big_NODE_35_length_63063_cov_28.230050	NODE_3648_length_3892_cov_8.368256	100.000	3892	3892	0	0	56631	60522	3892	1	63063	3892	7188
MV4128big_NODE_35_length_63063_cov_28.230050	NODE_5164_length_2911_cov_4.459384	99.966	2910	2911	1	0	40924	43834	1	2911	63063	2911	5371
MV4128big_NODE_35_length_63063_cov_28.230050	NODE_5232_length_2877_cov_6.356130	100.000	2877	2877	0	0	1708	4584	1	2877	63063	2877	5313
MV4128big_NODE_35_length_63063_cov_28.230050	NODE_6824_length_2287_cov_4.482527	99.738	2281	2287	6	0	34971	37257	2287	1	63063	2287	4191
MV4128big_NODE_35_length_63063_cov_28.230050	NODE_8601_length_1856_cov_4.886174	100.000	1856	1856	0	0	39025	40880	1856	1	63063	1856	3428
MV4128big_NODE_35_length_63063_cov_28.230050	NODE_9516_length_1692_cov_6.088577	100.000	1692	1692	0	0	54923	56614	1692	1	63063	1692	3125
MV4128big_NODE_35_length_63063_cov_28.230050	NODE_10257_length_1569_cov_4.949141	99.745	1565	1569	4	0	33512	35080	1569	1	63063	1569	2876
MV4128big_NODE_35_length_63063_cov_28.230050	NODE_10723_length_1504_cov_5.623188	99.867	1502	1504	2	0	61330	62833	1	1504	63063	1504	2767
MV4128big_NODE_35_length_63063_cov_28.230050	NODE_11474_length_1406_cov_5.948927	100.000	1406	1406	0	0	51755	53160	1406	1	63063	1406	2597
MV4128big_NODE_35_length_63063_cov_28.230050	NODE_12014_length_1344_cov_7.434445	100.000	1344	1344	0	0	37608	38951	1	1344	63063	1344	2483
MV4128big_NODE_35_length_63063_cov_28.230050	NODE_12210_length_1322_cov_5.254144	100.000	1322	1322	0	0	53451	54772	1	1322	63063	1322	2442
MV4128big_NODE_35_length_63063_cov_28.230050	NODE_16188_length_994_cov_4.335463	99.799	992	994	2	0	32319	33312	994	1	63063	994	1825
MV4128big_NODE_35_length_63063_cov_28.230050	NODE_16874_length_953_cov_6.143653	99.790	951	953	2	0	59	1011	1	953	63063	953	1749
MV4128big_NODE_35_length_63063_cov_28.230050	NODE_20819_length_770_cov_4.032168	99.870	769	770	1	0	51004	51773	770	1	63063	770	1417
MV4128big_NODE_35_length_63063_cov_28.230050	NODE_22478_length_712_cov_3.073059	100.000	712	712	0	0	1003	1714	1	712	63063	712	1315
MV4128big_NODE_35_length_63063_cov_28.230050	NODE_517_length_18886_cov_26.721204	75.874	1953	2574	506	104	23492	26000	9503	12026	63063	18886	1206
MV4128big_NODE_35_length_63063_cov_28.230050	NODE_517_length_18886_cov_26.721204	81.607	985	1207	208	10	29291	30488	14579	15780	63063	18886	987
MV4128big_NODE_35_length_63063_cov_28.230050	NODE_517_length_18886_cov_26.721204	78.148	1148	1469	264	50	30842	32289	15906	17338	63063	18886	881
MV4128big_NODE_35_length_63063_cov_28.230050	NODE_517_length_18886_cov_26.721204	75.920	1094	1441	289	44	27752	29165	13088	14497	63063	18886	686
MV4128big_NODE_36_length_60955_cov_35.511494	NODE_179_length_37735_cov_19.758519	100.000	37735	37735	0	0	19660	57394	1	37735	60955	37735	69684
MV4128big_NODE_36_length_60955_cov_35.511494	NODE_1081_length_10264_cov_12.388873	99.834	10247	10264	14	3	6225	16485	1	10264	60955	10264	18857
MV4128big_NODE_36_length_60955_cov_35.511494	NODE_3684_length_3871_cov_17.587002	100.000	3871	3871	0	0	187	4057	1	3871	60955	3871	7149
MV4128big_NODE_36_length_60955_cov_35.511494	NODE_4145_length_3509_cov_16.204401	100.000	3509	3509	0	0	57446	60954	1	3509	60955	3509	6481
MV4128big_NODE_36_length_60955_cov_35.511494	NODE_4573_length_3219_cov_17.295828	99.938	3217	3219	2	0	16457	19675	3219	1	60955	3219	5934
MV4128big_NODE_36_length_60955_cov_35.511494	NODE_7384_length_2141_cov_17.393097	100.000	2141	2141	0	0	4038	6178	2141	1	60955	2141	3954
MV4128big_NODE_36_length_60955_cov_35.511494	NODE_36_length_80972_cov_30.855815	77.262	316	409	79	13	17229	17630	20571	20170	60955	80972	228
MV4128big_NODE_36_length_60955_cov_35.511494	NODE_40477_length_416_cov_2.409972	87.218	116	133	17	0	48350	48482	103	235	60955	416	152
MV4128big_NODE_36_length_60955_cov_35.511494	NODE_101091_length_215_cov_1.150000	78.075	146	187	37	4	17315	17499	19	203	60955	215	115
MV4128big_NODE_37_length_59684_cov_27.153197	NODE_1747_length_6993_cov_6.029692	99.986	6992	6993	1	0	51913	58905	1	6993	59684	6993	12909
MV4128big_NODE_37_length_59684_cov_27.153197	NODE_2091_length_6001_cov_5.595526	99.950	5998	6001	3	0	41890	47890	6001	1	59684	6001	11066
MV4128big_NODE_37_length_59684_cov_27.153197	NODE_2578_length_5034_cov_6.304479	99.980	5033	5034	1	0	32437	37470	1	5034	59684	5034	9291
MV4128big_NODE_37_length_59684_cov_27.153197	NODE_2791_length_4753_cov_6.730311	99.979	4752	4753	1	0	17155	21907	1	4753	59684	4753	8772
MV4128big_NODE_37_length_59684_cov_27.153197	NODE_4634_length_3184_cov_5.490892	99.874	3180	3184	4	0	4944	8127	1	3184	59684	3184	5858
MV4128big_NODE_37_length_59684_cov_27.153197	NODE_5494_length_2754_cov_6.035198	100.000	2754	2754	0	0	22467	25220	2754	1	59684	2754	5086
MV4128big_NODE_37_length_59684_cov_27.153197	NODE_5693_length_2671_cov_5.121942	100.000	2671	2671	0	0	1470	4140	2671	1	59684	2671	4933
MV4128big_NODE_37_length_59684_cov_27.153197	NODE_5738_length_2655_cov_5.506538	100.000	2655	2655	0	0	8581	11235	2655	1	59684	2655	4903
MV4128big_NODE_37_length_59684_cov_27.153197	NODE_5821_length_2625_cov_7.274319	99.924	2623	2625	2	0	14051	16675	1	2625	59684	2625	4837
MV4128big_NODE_37_length_59684_cov_27.153197	NODE_6914_length_2265_cov_6.907240	100.000	2265	2265	0	0	11234	13498	1	2265	59684	2265	4183
MV4128big_NODE_37_length_59684_cov_27.153197	NODE_8091_length_1974_cov_6.582074	100.000	1974	1974	0	0	38754	40727	1974	1	59684	1974	3646
MV4128big_NODE_37_length_59684_cov_27.153197	NODE_9380_length_1714_cov_5.497288	99.825	1711	1714	3	0	50166	51879	1714	1	59684	1714	3149
MV4128big_NODE_37_length_59684_cov_27.153197	NODE_9935_length_1619_cov_4.009591	99.938	1618	1619	1	0	28917	30535	1	1619	59684	1619	2985
MV4128big_NODE_37_length_59684_cov_27.153197	NODE_10565_length_1523_cov_8.411444	100.000	1522	1522	0	0	48649	50170	2	1523	59684	1523	2811
MV4128big_NODE_37_length_59684_cov_27.153197	NODE_11894_length_1357_cov_3.843318	99.853	1355	1357	2	0	31141	32497	1	1357	59684	1357	2495
MV4128big_NODE_37_length_59684_cov_27.153197	NODE_17459_length_922_cov_2.202999	99.349	916	922	6	0	27966	28887	1	922	59684	922	1670
MV4128big_NODE_37_length_59684_cov_27.153197	NODE_18404_length_873_cov_5.718826	99.885	872	873	1	0	27191	28063	1	873	59684	873	1607
MV4128big_NODE_37_length_59684_cov_27.153197	NODE_20578_length_780_cov_2.689655	99.744	778	780	2	0	4130	4909	780	1	59684	780	1430
MV4128big_NODE_37_length_59684_cov_27.153197	NODE_20918_length_766_cov_7.111111	100.000	766	766	0	0	58891	59656	766	1	59684	766	1415
MV4128big_NODE_37_length_59684_cov_27.153197	NODE_20773_length_772_cov_3.174338	98.964	764	772	8	0	25271	26042	772	1	59684	772	1382
MV4128big_NODE_38_length_59250_cov_45.315990	NODE_311_length_26386_cov_19.279936	99.992	26384	26386	2	0	21543	47928	1	26386	59250	26386	48715
MV4128big_NODE_38_length_59250_cov_45.315990	NODE_434_length_21572_cov_21.218200	100.000	21530	21530	0	0	1	21530	16	21545	59250	21572	39759
MV4128big_NODE_38_length_59250_cov_45.315990	NODE_956_length_11397_cov_20.056339	100.000	11333	11333	0	0	47918	59250	1	11333	59250	11397	20929
MV4128big_NODE_38_length_59250_cov_45.315990	NODE_956_length_11397_cov_20.056339	86.992	107	123	12	3	55173	55295	7145	7263	59250	11397	135
MV4128big_NODE_38_length_59250_cov_45.315990	NODE_956_length_11397_cov_20.056339	86.992	107	123	12	3	55062	55180	7256	7378	59250	11397	135
MV4128big_NODE_38_length_59250_cov_45.315990	NODE_66765_length_277_cov_2.162162	90.975	252	277	25	0	24188	24464	1	277	59250	277	374
MV4128big_NODE_38_length_59250_cov_45.315990	NODE_21694_length_738_cov_1.686676	77.470	447	577	116	13	24874	25443	590	21	59250	738	333
MV4128big_NODE_39_length_58549_cov_23.014788	NODE_1463_length_7991_cov_6.443170	100.000	7991	7991	0	0	42700	50690	1	7991	58549	7991	14757
MV4128big_NODE_39_length_58549_cov_23.014788	NODE_1756_length_6965_cov_6.128365	100.000	6965	6965	0	0	29987	36951	6965	1	58549	6965	12863
MV4128big_NODE_39_length_58549_cov_23.014788	NODE_2212_length_5709_cov_4.622037	99.947	5706	5709	3	0	51197	56905	5709	1	58549	5709	10527
MV4128big_NODE_39_length_58549_cov_23.014788	NODE_2486_length_5205_cov_5.138641	100.000	5205	5205	0	0	37395	42599	1	5205	58549	5205	9612
MV4128big_NODE_39_length_58549_cov_23.014788	NODE_3579_length_3950_cov_6.052118	99.949	3948	3950	2	0	16871	20820	1	3950	58549	3950	7284
MV4128big_NODE_39_length_58549_cov_23.014788	NODE_4603_length_3202_cov_5.252304	100.000	3202	3202	0	0	24987	28188	1	3202	58549	3202	5914
MV4128big_NODE_39_length_58549_cov_23.014788	NODE_4692_length_3155_cov_5.109677	99.968	3154	3155	1	0	127	3281	3155	1	58549	3155	5821
MV4128big_NODE_39_length_58549_cov_23.014788	NODE_5545_length_2729_cov_5.895662	100.000	2729	2729	0	0	11385	14113	1	2729	58549	2729	5040
MV4128big_NODE_39_length_58549_cov_23.014788	NODE_5891_length_2602_cov_4.510797	99.923	2600	2602	2	0	3558	6159	2602	1	58549	2602	4795
MV4128big_NODE_39_length_58549_cov_23.014788	NODE_6297_length_2446_cov_5.315349	100.000	2446	2446	0	0	8915	11360	1	2446	58549	2446	4518
MV4128big_NODE_39_length_58549_cov_23.014788	NODE_6292_length_2448_cov_6.430840	99.877	2445	2448	3	0	14114	16561	1	2448	58549	2448	4505
MV4128big_NODE_39_length_58549_cov_23.014788	NODE_6462_length_2394_cov_5.534844	99.958	2393	2394	1	0	22611	25004	1	2394	58549	2394	4416
MV4128big_NODE_39_length_58549_cov_23.014788	NODE_8944_length_1795_cov_4.172414	99.889	1793	1795	2	0	28208	30002	1	1795	58549	1795	3304
MV4128big_NODE_39_length_58549_cov_23.014788	NODE_10515_length_1530_cov_5.371525	100.000	1530	1530	0	0	56935	58464	1	1530	58549	1530	2826
MV4128big_NODE_39_length_58549_cov_23.014788	NODE_10914_length_1480_cov_4.235789	99.932	1479	1480	1	0	6143	7622	1480	1	58549	1480	2728
MV4128big_NODE_39_length_58549_cov_23.014788	NODE_11231_length_1435_cov_4.150000	99.791	1432	1435	3	0	20817	22251	1	1435	58549	1435	2634
MV4128big_NODE_39_length_58549_cov_23.014788	NODE_24911_length_642_cov_5.516184	100.000	642	642	0	0	7938	8579	642	1	58549	642	1186
MV4128big_NODE_39_length_58549_cov_23.014788	NODE_24_length_91998_cov_69.661519	78.894	1256	1592	296	32	36022	37594	88560	90130	58549	91998	1042
MV4128big_NODE_39_length_58549_cov_23.014788	NODE_20_length_97580_cov_25.242051	76.436	1450	1897	390	50	36016	37886	86878	88743	58549	97580	974
MV4128big_NODE_39_length_58549_cov_23.014788	NODE_11453_length_1408_cov_5.535846	78.380	1113	1420	283	20	36042	37449	1	1408	58549	1408	900
MV4128big_NODE_40_length_57595_cov_45.206100	NODE_248_length_31088_cov_22.053363	99.974	31081	31089	7	1	105	31193	1	31088	57595	31088	57365
MV4128big_NODE_40_length_57595_cov_45.206100	NODE_312_length_26379_cov_20.934774	99.996	26378	26379	1	0	31217	57595	26379	1	57595	26379	48708
MV4128big_NODE_40_length_57595_cov_45.206100	NODE_29692_length_544_cov_1.503067	84.249	460	546	82	4	30410	30953	544	1	57595	544	529
MV4128big_NODE_40_length_57595_cov_45.206100	NODE_40697_length_414_cov_3.000000	88.835	366	412	46	0	621	1032	414	3	57595	414	507
MV4128big_NODE_40_length_57595_cov_45.206100	NODE_32929_length_495_cov_2.288636	80.000	400	500	74	18	1093	1573	495	3	57595	495	346
MV4128big_NODE_40_length_57595_cov_45.206100	NODE_39630_length_423_cov_2.307065	83.140	286	344	54	3	47895	48236	342	1	57595	423	311
MV4128big_NODE_40_length_57595_cov_45.206100	NODE_68569_length_272_cov_2.345622	86.397	235	272	37	0	1804	2075	1	272	57595	272	298
MV4128big_NODE_40_length_57595_cov_45.206100	NODE_53854_length_331_cov_1.579710	82.424	272	330	56	2	43179	43507	331	3	57595	331	287
MV4128big_NODE_40_length_57595_cov_45.206100	NODE_69791_length_269_cov_1.766355	84.387	227	269	42	0	2114	2382	1	269	57595	269	265
MV4128big_NODE_40_length_57595_cov_45.206100	NODE_69356_length_270_cov_2.176744	89.202	190	213	22	1	35797	36009	35	246	57595	270	265
MV4128big_NODE_40_length_57595_cov_45.206100	NODE_61038_length_298_cov_2.370370	81.788	247	302	48	7	17364	17662	1	298	57595	298	246
MV4128big_NODE_40_length_57595_cov_45.206100	NODE_103919_length_211_cov_1.032051	87.500	182	208	22	4	1850	2055	2	207	57595	211	237
MV4128big_NODE_40_length_57595_cov_45.206100	NODE_106135_length_207_cov_2.184211	87.019	181	208	25	2	20579	20785	207	1	57595	207	233
MV4128big_NODE_40_length_57595_cov_45.206100	NODE_67578_length_275_cov_1.709091	78.495	219	279	50	10	53068	53341	275	2	57595	275	174
MV4128big_NODE_40_length_57595_cov_45.206100	NODE_94984_length_224_cov_1.337278	81.193	177	218	33	7	43446	43659	11	224	57595	224	169
MV4128big_NODE_40_length_57595_cov_45.206100	NODE_78782_length_251_cov_1.260204	76.860	186	242	50	5	43656	43894	251	13	57595	251	132
MV4128big_NODE_40_length_57595_cov_45.206100	NODE_1376_length_8346_cov_18.243879	98.592	70	71	1	0	57525	57595	366	296	57595	8346	126
MV4128big_NODE_41_length_56738_cov_25.048145	NODE_3062_length_4424_cov_5.371252	99.977	4423	4424	1	0	48898	53321	4424	1	56738	4424	8165
MV4128big_NODE_41_length_56738_cov_25.048145	NODE_3247_length_4231_cov_6.370450	100.000	4231	4231	0	0	10929	15159	1	4231	56738	4231	7814
MV4128big_NODE_41_length_56738_cov_25.048145	NODE_3417_length_4080_cov_6.993789	99.902	4076	4080	4	0	29567	33646	4080	1	56738	4080	7513
MV4128big_NODE_41_length_56738_cov_25.048145	NODE_3620_length_3915_cov_4.853886	100.000	3915	3915	0	0	6598	10512	3915	1	56738	3915	7230
MV4128big_NODE_41_length_56738_cov_25.048145	NODE_5065_length_2958_cov_5.195660	99.932	2956	2958	2	0	3607	6564	2958	1	56738	2958	5452
MV4128big_NODE_41_length_56738_cov_25.048145	NODE_5191_length_2899_cov_5.765471	99.966	2898	2899	1	0	46008	48906	1	2899	56738	2899	5349
MV4128big_NODE_41_length_56738_cov_25.048145	NODE_5710_length_2665_cov_5.321839	99.850	2661	2665	4	0	639	3303	2665	1	56738	2665	4900
MV4128big_NODE_41_length_56738_cov_25.048145	NODE_5741_length_2654_cov_5.598307	99.962	2653	2654	1	0	40104	42757	2654	1	56738	2654	4896
MV4128big_NODE_41_length_56738_cov_25.048145	NODE_5910_length_2593_cov_7.089441	100.000	2593	2593	0	0	42760	45352	2593	1	56738	2593	4789
MV4128big_NODE_41_length_56738_cov_25.048145	NODE_6005_length_2549_cov_5.311147	99.961	2548	2549	1	0	53410	55958	2549	1	56738	2549	4702
MV4128big_NODE_41_length_56738_cov_25.048145	NODE_6075_length_2524_cov_6.613204	99.960	2523	2524	1	0	26831	29354	1	2524	56738	2524	4656
MV4128big_NODE_41_length_56738_cov_25.048145	NODE_6662_length_2333_cov_6.754609	100.000	2333	2333	0	0	18264	20596	2333	1	56738	2333	4309
MV4128big_NODE_41_length_56738_cov_25.048145	NODE_7061_length_2222_cov_7.618366	100.000	2220	2220	0	0	20674	22893	2220	1	56738	2222	4100
MV4128big_NODE_41_length_56738_cov_25.048145	NODE_9093_length_1762_cov_5.984769	100.000	1762	1762	0	0	15181	16942	1762	1	56738	1762	3254
MV4128big_NODE_41_length_56738_cov_25.048145	NODE_9515_length_1692_cov_6.377520	99.823	1689	1692	3	0	25132	26823	1	1692	56738	1692	3109
MV4128big_NODE_41_length_56738_cov_25.048145	NODE_9977_length_1612_cov_6.779705	99.938	1611	1612	1	0	34552	36163	1	1612	56738	1612	2972
MV4128big_NODE_41_length_56738_cov_25.048145	NODE_9953_length_1616_cov_5.869315	99.752	1612	1616	4	0	36731	38346	1	1616	56738	1616	2963
MV4128big_NODE_41_length_56738_cov_25.048145	NODE_13614_length_1180_cov_6.899556	100.000	1180	1180	0	0	23920	25099	1	1180	56738	1180	2180
MV4128big_NODE_41_length_56738_cov_25.048145	NODE_14205_length_1132_cov_4.144847	99.823	1130	1132	2	0	17020	18151	1	1132	56738	1132	2080
MV4128big_NODE_41_length_56738_cov_25.048145	NODE_17797_length_904_cov_4.266196	100.000	904	904	0	0	22919	23822	904	1	56738	904	1670
MV4128big_NODE_42_length_54582_cov_43.815669	NODE_288_length_27429_cov_19.617191	100.000	25672	25672	0	0	89	25760	25672	1	54582	27429	47408
MV4128big_NODE_42_length_54582_cov_43.815669	NODE_288_length_27429_cov_19.617191	93.333	154	165	11	0	1	165	25671	25507	54582	27429	244
MV4128big_NODE_42_length_54582_cov_43.815669	NODE_96_length_51970_cov_19.617394	99.958	21416	21425	9	0	33158	54582	51970	30546	54582	51970	39515
MV4128big_NODE_42_length_54582_cov_43.815669	NODE_1603_length_7421_cov_21.759707	100.000	7421	7421	0	0	25757	33177	7421	1	54582	7421	13705
MV4128big_NODE_42_length_54582_cov_43.815669	NODE_60441_length_301_cov_1.333333	91.030	274	301	27	0	7522	7822	1	301	54582	301	407
MV4128big_NODE_42_length_54582_cov_43.815669	NODE_46031_length_375_cov_1.800000	83.573	290	347	55	2	2082	2427	30	375	54582	375	324
MV4128big_NODE_42_length_54582_cov_43.815669	NODE_40475_length_416_cov_2.462604	79.572	335	421	65	8	23409	23828	3	403	54582	416	281
MV4128big_NODE_42_length_54582_cov_43.815669	NODE_79763_length_249_cov_1.623711	86.561	219	253	24	9	41097	41344	1	248	54582	249	270
MV4128big_NODE_42_length_54582_cov_43.815669	NODE_52421_length_338_cov_1.936396	80.357	270	336	62	4	32306	32639	334	1	54582	338	252
MV4128big_NODE_42_length_54582_cov_43.815669	NODE_42774_length_398_cov_1.542274	80.115	278	347	61	6	23276	23618	393	51	54582	398	252
MV4128big_NODE_42_length_54582_cov_43.815669	NODE_92921_length_227_cov_2.075581	86.124	180	209	29	0	11821	12029	223	15	54582	227	226
MV4128big_NODE_42_length_54582_cov_43.815669	NODE_22072_length_725_cov_1.905970	73.490	438	596	140	15	32021	32607	602	16	54582	725	209
MV4128big_NODE_42_length_54582_cov_43.815669	NODE_61709_length_296_cov_1.024896	79.298	226	285	51	7	9447	9727	1	281	54582	296	193
MV4128big_NODE_42_length_54582_cov_43.815669	NODE_52800_length_336_cov_2.241993	79.184	194	245	39	11	26499	26737	240	2	54582	336	159
MV4128big_NODE_42_length_54582_cov_43.815669	NODE_100037_length_216_cov_2.161491	80.303	159	198	34	5	14319	14515	23	216	54582	216	145
MV4128big_NODE_42_length_54582_cov_43.815669	NODE_76474_length_255_cov_9.065000	94.521	69	73	4	0	54342	54414	255	183	54582	255	113
MV4128big_NODE_43_length_54008_cov_23.028006	NODE_1623_length_7366_cov_5.558884	99.932	7361	7366	5	0	19416	26781	1	7366	54008	7366	13575
MV4128big_NODE_43_length_54008_cov_23.028006	NODE_3769_length_3804_cov_5.016538	99.895	3800	3804	4	0	6814	10617	1	3804	54008	3804	7003
MV4128big_NODE_43_length_54008_cov_23.028006	NODE_4615_length_3197_cov_6.610121	100.000	3197	3197	0	0	28014	31210	3197	1	54008	3197	5904
MV4128big_NODE_43_length_54008_cov_23.028006	NODE_4348_length_3367_cov_5.519928	99.902	3050	3053	3	0	16369	19421	3053	1	54008	3367	5622
MV4128big_NODE_43_length_54008_cov_23.028006	NODE_5072_length_2955_cov_4.298276	99.594	2944	2956	10	2	36872	39826	1	2955	54008	2955	5391
MV4128big_NODE_43_length_54008_cov_23.028006	NODE_5822_length_2625_cov_6.178599	100.000	2625	2625	0	0	39889	42513	2625	1	54008	2625	4848
MV4128big_NODE_43_length_54008_cov_23.028006	NODE_5996_length_2554_cov_5.784714	99.843	2550	2554	4	0	31218	33771	2554	1	54008	2554	4695
MV4128big_NODE_43_length_54008_cov_23.028006	NODE_7484_length_2117_cov_5.294374	99.906	2115	2117	2	0	13008	15124	2117	1	54008	2117	3899
MV4128big_NODE_43_length_54008_cov_23.028006	NODE_7658_length_2073_cov_4.644698	100.000	2073	2073	0	0	49320	51392	2073	1	54008	2073	3829
MV4128big_NODE_43_length_54008_cov_23.028006	NODE_8992_length_1785_cov_5.076301	99.944	1784	1785	1	0	33710	35494	1	1785	54008	1785	3291
MV4128big_NODE_43_length_54008_cov_23.028006	NODE_9055_length_1770_cov_6.537609	99.944	1769	1770	1	0	47456	49225	1770	1	54008	1770	3264
MV4128big_NODE_43_length_54008_cov_23.028006	NODE_10481_length_1535_cov_5.481757	100.000	1535	1535	0	0	414	1948	1535	1	54008	1535	2835
MV4128big_NODE_43_length_54008_cov_23.028006	NODE_11371_length_1419_cov_6.322581	99.930	1418	1419	1	0	10674	12092	1	1419	54008	1419	2615
MV4128big_NODE_43_length_54008_cov_23.028006	NODE_11780_length_1369_cov_5.556317	100.000	1369	1369	0	0	51619	52987	1369	1	54008	1369	2529
MV4128big_NODE_43_length_54008_cov_23.028006	NODE_11889_length_1357_cov_6.432412	100.000	1357	1357	0	0	4195	5551	1357	1	54008	1357	2507
MV4128big_NODE_43_length_54008_cov_23.028006	NODE_11992_length_1347_cov_5.037926	100.000	1347	1347	0	0	45550	46896	1	1347	54008	1347	2488
MV4128big_NODE_43_length_54008_cov_23.028006	NODE_12490_length_1292_cov_7.555376	100.000	1292	1292	0	0	5526	6817	1	1292	54008	1292	2386
MV4128big_NODE_43_length_54008_cov_23.028006	NODE_13018_length_1239_cov_5.758446	100.000	1239	1239	0	0	43474	44712	1	1239	54008	1239	2289
MV4128big_NODE_43_length_54008_cov_23.028006	NODE_13328_length_1207_cov_4.302083	99.669	1203	1207	4	0	35537	36743	1	1207	54008	1207	2207
MV4128big_NODE_43_length_54008_cov_23.028006	NODE_17666_length_911_cov_4.394860	99.890	910	911	1	0	42495	43405	1	911	54008	911	1677
MV4128big_NODE_44_length_53885_cov_42.649489	NODE_276_length_28515_cov_19.473999	100.000	28515	28515	0	0	13072	41586	28515	1	53885	28515	52658
MV4128big_NODE_44_length_53885_cov_42.649489	NODE_806_length_13082_cov_19.383127	100.000	13082	13082	0	0	9	13090	1	13082	53885	13082	24158
MV4128big_NODE_44_length_53885_cov_42.649489	NODE_1156_length_9678_cov_23.178219	99.920	8780	8787	7	0	45099	53885	33	8819	53885	9678	16188
MV4128big_NODE_44_length_53885_cov_42.649489	NODE_4410_length_3323_cov_15.288862	100.000	3323	3323	0	0	41726	45048	1	3323	53885	3323	6137
MV4128big_NODE_45_length_53574_cov_44.752107	NODE_556_length_17721_cov_19.182158	99.989	17719	17721	2	0	20848	38568	17721	1	53574	17721	32714
MV4128big_NODE_45_length_53574_cov_44.752107	NODE_795_length_13171_cov_20.899665	99.992	13170	13171	1	0	38593	51763	1	13171	53574	13171	24317
MV4128big_NODE_45_length_53574_cov_44.752107	NODE_1443_length_8075_cov_20.227556	100.000	8075	8075	0	0	12730	20804	8075	1	53574	8075	14912
MV4128big_NODE_45_length_53574_cov_44.752107	NODE_1690_length_7157_cov_19.975781	100.000	7157	7157	0	0	3176	10332	7157	1	53574	7157	13217
MV4128big_NODE_45_length_53574_cov_44.752107	NODE_4962_length_3006_cov_22.893595	100.000	3006	3006	0	0	21	3026	3006	1	53574	3006	5552
MV4128big_NODE_45_length_53574_cov_44.752107	NODE_6299_length_2445_cov_26.158996	100.000	2445	2445	0	0	10313	12757	1	2445	53574	2445	4516
MV4128big_NODE_45_length_53574_cov_44.752107	NODE_288_length_27429_cov_19.617191	100.000	1812	1812	0	0	51763	53574	27429	25618	53574	27429	3347
MV4128big_NODE_45_length_53574_cov_44.752107	NODE_20479_length_784_cov_1.507545	83.312	654	785	125	6	29557	30338	784	3	53574	784	719
MV4128big_NODE_45_length_53574_cov_44.752107	NODE_18494_length_868_cov_2.209102	79.741	555	696	125	10	43880	44570	868	184	53574	868	490
MV4128big_NODE_45_length_53574_cov_44.752107	NODE_74398_length_259_cov_20.431373	100.000	259	259	0	0	2972	3230	259	1	53574	259	479
MV4128big_NODE_45_length_53574_cov_44.752107	NODE_35688_length_462_cov_1.832924	81.758	372	455	77	6	44811	45262	7	458	53574	462	375
MV4128big_NODE_45_length_53574_cov_44.752107	NODE_56784_length_317_cov_1.828244	80.696	255	316	59	2	50297	50611	3	317	53574	317	244
MV4128big_NODE_45_length_53574_cov_44.752107	NODE_106797_length_180_cov_3.728000	96.241	128	133	4	1	2972	3104	180	49	53574	180	217
MV4128big_NODE_45_length_53574_cov_44.752107	NODE_5870_length_2608_cov_7.980807	71.636	543	758	179	27	34700	35439	332	1071	53574	2608	176
MV4128big_NODE_45_length_53574_cov_44.752107	NODE_1750_length_6983_cov_5.973441	71.683	524	731	173	23	34748	35464	109	819	53574	6983	172
MV4128big_NODE_45_length_53574_cov_44.752107	NODE_4098_length_3542_cov_5.433897	81.176	138	170	28	4	34684	34851	168	1	53574	3542	134
MV4128big_NODE_46_length_52884_cov_25.857086	NODE_1062_length_10443_cov_6.692626	100.000	10443	10443	0	0	30679	41121	10443	1	52884	10443	19285
MV4128big_NODE_46_length_52884_cov_25.857086	NODE_3518_length_3997_cov_5.539320	99.925	3994	3997	3	0	41139	45135	3997	1	52884	3997	7365
MV4128big_NODE_46_length_52884_cov_25.857086	NODE_3569_length_3958_cov_7.174994	100.000	3958	3958	0	0	53	4010	1	3958	52884	3958	7310
MV4128big_NODE_46_length_52884_cov_25.857086	NODE_3791_length_3784_cov_6.536069	100.000	3784	3784	0	0	20535	24318	3784	1	52884	3784	6988
MV4128big_NODE_46_length_52884_cov_25.857086	NODE_4683_length_3159_cov_6.894974	99.810	3153	3159	6	0	17427	20585	1	3159	52884	3159	5801
MV4128big_NODE_46_length_52884_cov_25.857086	NODE_4914_length_3032_cov_5.645280	99.967	3031	3032	1	0	11538	14569	1	3032	52884	3032	5594
MV4128big_NODE_46_length_52884_cov_25.857086	NODE_4960_length_3008_cov_6.510328	100.000	3008	3008	0	0	45244	48251	1	3008	52884	3008	5555
MV4128big_NODE_46_length_52884_cov_25.857086	NODE_5580_length_2713_cov_5.437547	99.963	2712	2713	1	0	4357	7069	2713	1	52884	2713	5005
MV4128big_NODE_46_length_52884_cov_25.857086	NODE_6560_length_2367_cov_6.009083	100.000	2367	2367	0	0	48463	50829	2367	1	52884	2367	4372
MV4128big_NODE_46_length_52884_cov_25.857086	NODE_7415_length_2132_cov_5.686567	99.953	2131	2132	1	0	15280	17411	2132	1	52884	2132	3932
MV4128big_NODE_46_length_52884_cov_25.857086	NODE_7945_length_2001_cov_4.978417	99.950	2000	2001	1	0	50834	52834	2001	1	52884	2001	3690
MV4128big_NODE_46_length_52884_cov_25.857086	NODE_8490_length_1884_cov_5.595954	99.735	1879	1884	5	0	25857	27740	1	1884	52884	1884	3452
MV4128big_NODE_46_length_52884_cov_25.857086	NODE_10605_length_1518_cov_5.900205	99.934	1517	1518	1	0	24343	25860	1	1518	52884	1518	2798
MV4128big_NODE_46_length_52884_cov_25.857086	NODE_1247_length_9056_cov_6.988001	83.051	2357	2838	443	35	17541	20359	5957	3139	52884	9056	2542
MV4128big_NODE_46_length_52884_cov_25.857086	NODE_1247_length_9056_cov_6.988001	83.742	376	449	69	4	20412	20858	2942	2496	52884	9056	422
MV4128big_NODE_46_length_52884_cov_25.857086	NODE_13125_length_1226_cov_5.822374	100.000	1226	1226	0	0	7713	8938	1	1226	52884	1226	2265
MV4128big_NODE_46_length_52884_cov_25.857086	NODE_13953_length_1151_cov_5.879562	99.913	1150	1151	1	0	8946	10096	1151	1	52884	1151	2121
MV4128big_NODE_46_length_52884_cov_25.857086	NODE_14785_length_1090_cov_4.942029	99.908	1089	1090	1	0	28498	29587	1090	1	52884	1090	2008
MV4128big_NODE_46_length_52884_cov_25.857086	NODE_6885_length_2272_cov_4.971132	81.989	1880	2293	371	40	17944	20215	1	2272	52884	2272	1908
MV4128big_NODE_46_length_52884_cov_25.857086	NODE_198_length_35521_cov_22.161620	82.109	1464	1783	267	44	18603	20359	26742	28498	52884	35521	1478
MV4128big_NODE_46_length_52884_cov_25.857086	NODE_198_length_35521_cov_22.161620	77.966	644	826	148	24	17697	18496	25881	26698	52884	35521	486
MV4128big_NODE_46_length_52884_cov_25.857086	NODE_198_length_35521_cov_22.161620	73.985	674	911	198	35	13646	14535	21801	22693	52884	35521	333
MV4128big_NODE_46_length_52884_cov_25.857086	NODE_198_length_35521_cov_22.161620	80.562	344	427	64	12	20435	20859	28736	29145	52884	35521	311
MV4128big_NODE_46_length_52884_cov_25.857086	NODE_20669_length_776_cov_3.975035	99.871	775	776	1	0	27749	28524	776	1	52884	776	1428
