gene	start	end	length	strand	gc_content	genetic_code	rbs_motif	marker	evalue	bitscore	uscg	plasmid_hallmark	virus_hallmark	taxid	taxname	annotation_conjscan	annotation_amr	annotation_accessions	annotation_description
vOTU_001_1	1	222	222	-1	0.676	11	GGAGG	NA	NA	NA	0	0	0	1	NA	NA	NA	NA	NA
vOTU_001_2	795	1004	210	-1	0.610	11	GGA/GAG/AGG	GENOMAD.061220.PP	2.679e-05	42	0	0	0	1	NA	NA	NA	NA	NA
vOTU_001_3	1195	1929	735	1	0.644	11	GGA/GAG/AGG	NA	NA	NA	0	0	0	1	NA	NA	NA	NA	NA
vOTU_001_4	1926	3851	1926	-1	0.627	11	AGGAG	GENOMAD.220785.VP	2.027e-32	138	0	0	0	3292	Straboviridae	NA	NA	PF14606;COG2755;K09795	Lysophospholipase L1 or related esterase
vOTU_001_5	3931	4263	333	-1	0.703	11	GGAG/GAGG	GENOMAD.133961.VP	7.508e-11	60	0	0	1	1246	Caudoviricetes	NA	NA	PF16081	Mycobacterial 2 TMS Phage Holin (M2 Hol) Family
vOTU_001_6	4260	4700	441	-1	0.624	11	GGA/GAG/AGG	NA	NA	NA	0	0	0	1	NA	NA	NA	NA	NA
vOTU_001_7	4705	5367	663	-1	0.700	11	None	NA	NA	NA	0	0	0	1	NA	NA	NA	NA	NA
vOTU_001_8	5364	6029	666	-1	0.695	11	GGAGG	GENOMAD.118544.VC	1.506e-07	54	0	0	0	1246	Caudoviricetes	NA	NA	K07273;COG3757	Lyzozyme M1 (1,4-beta-N-acetylmuramidase), GH25 family
vOTU_001_9	6029	7030	1002	-1	0.675	11	AGGAG	GENOMAD.121557.VV	2.499e-14	77	0	0	0	1246	Caudoviricetes	NA	NA	NA	NA
vOTU_001_10	7027	7311	285	-1	0.639	11	GGAGG	GENOMAD.177602.VV	2.317e-16	75	0	0	0	1246	Caudoviricetes	NA	NA	NA	NA
vOTU_001_11	7381	8244	864	-1	0.671	11	GGA/GAG/AGG	NA	NA	NA	0	0	0	1	NA	NA	NA	NA	NA
vOTU_001_12	8244	9431	1188	-1	0.664	11	GGA/GAG/AGG	GENOMAD.027765.VV	1.881e-08	59	0	0	0	1246	Caudoviricetes	NA	NA	PF14594	Siphovirus ReqiPepy6 Gp37-like protein
vOTU_001_13	9434	10465	1032	-1	0.665	11	AGGAG	GENOMAD.060238.VV	5.283e-13	73	0	0	1	14083	Pahexavirus	NA	NA	PF20195;COG4722;TIGR01633	Phage-related protein
vOTU_001_14	10475	15316	4842	-1	0.677	11	GGxGG	GENOMAD.136027.VP	6.221e-37	156	0	0	0	443	Vilmaviridae	NA	NA	COG3953	SLT domain protein
vOTU_001_15	15353	15739	387	-1	0.674	11	GGA/GAG/AGG	GENOMAD.092875.VV	1.644e-26	106	0	0	0	1246	Caudoviricetes	NA	NA	PF17318	NA
vOTU_001_16	15790	16128	339	-1	0.646	11	GGAGG	GENOMAD.096441.VV	2.026e-17	79	0	0	0	1246	Caudoviricetes	NA	NA	NA	NA
vOTU_001_17	16174	16488	315	-1	0.724	11	AGGAG	NA	NA	NA	0	0	0	1	NA	NA	NA	NA	NA
vOTU_001_18	16591	17265	675	-1	0.683	11	GGA/GAG/AGG	GENOMAD.054386.VV	4.093e-104	335	0	0	0	1246	Caudoviricetes	NA	NA	NA	NA
vOTU_001_19	17309	17710	402	-1	0.657	11	AGxAGG/AGGxGG	GENOMAD.012539.VV	3.828e-36	134	0	0	1	1246	Caudoviricetes	NA	NA	PF20441;TIGR01547;COG5323	Terminase large subunit, endonuclease domain
vOTU_001_20	17707	18009	303	-1	0.667	11	AGGAG	GENOMAD.155211.VV	1.179e-25	102	0	0	0	2838	Daemsvirinae	NA	NA	NA	NA
vOTU_001_21	18009	18356	348	-1	0.644	11	AGGAGG	GENOMAD.070290.VV	1.544e-21	91	0	0	0	1246	Caudoviricetes	NA	NA	NA	NA
vOTU_001_22	18356	18784	429	-1	0.671	11	GGAGG	GENOMAD.014651.VV	6.357e-06	47	0	0	1	1246	Caudoviricetes	NA	NA	PF09355	Phage protein Gp19/Gp15/Gp42
vOTU_001_23	18800	19102	303	-1	0.706	11	GGAG/GAGG	NA	NA	NA	0	0	0	1	NA	NA	NA	NA	NA
vOTU_001_24	19102	20043	942	-1	0.684	11	AGGAG	GENOMAD.038079.VV	9.966e-102	333	0	0	1	1246	Caudoviricetes	NA	NA	PF05065;COG4653;TIGR04387	Phage capsid family
vOTU_001_25	20052	20411	360	-1	0.711	11	GGAG/GAGG	GENOMAD.043111.VV	1.149e-09	57	0	0	0	1246	Caudoviricetes	NA	NA	PF09956;COG5471	Predicted phage recombinase, RecA/RadA family
vOTU_001_26	20415	21731	1317	-1	0.678	11	GGxGG	GENOMAD.096083.VP	6.796e-29	124	0	0	0	1246	Caudoviricetes	NA	NA	PF00574;K01358;TIGR00493;COG0740	ATP-dependent Clp endopeptidase, proteolytic subunit ClpP
vOTU_001_27	21728	23083	1356	-1	0.664	11	AGGAG	GENOMAD.125725.VV	8.886e-113	372	0	0	1	1246	Caudoviricetes	NA	NA	PF06074;COG4383;TIGR01537	Mu-like prophage protein gp29
vOTU_001_28	23099	24802	1704	-1	0.677	11	None	GENOMAD.037086.VV	1.119e-125	415	0	0	1	1246	Caudoviricetes	NA	NA	PF20441;PF03354;COG4626;TIGR01547	Phage terminase-like protein, large subunit, contains N-terminal HTH domain
vOTU_001_29	24789	25460	672	-1	0.677	11	GGAGG	GENOMAD.107059.VV	8.069e-12	67	0	0	1	1246	Caudoviricetes	NA	NA	TIGR01558;COG3747	phage terminase, small subunit, putative, P27 family
vOTU_001_30	25457	25855	399	-1	0.687	11	GGAGG	NA	NA	NA	0	0	0	1	NA	NA	NA	NA	NA
vOTU_001_31	26123	26620	498	-1	0.657	11	GGA/GAG/AGG	NA	NA	NA	0	0	0	1	NA	NA	NA	NA	NA
vOTU_001_32	26814	27242	429	-1	0.662	11	AGGAG	GENOMAD.173591.VV	0.0001438	43	0	0	0	1	NA	NA	NA	PF13238;COG0645;TIGR01313	Predicted kinase
vOTU_001_33	27242	27544	303	-1	0.634	11	GGAGG	GENOMAD.041582.VV	1.689e-06	47	0	0	0	1246	Caudoviricetes	NA	NA	PF13395;TIGR02646	TIGR02646 family protein
vOTU_001_34	27717	28529	813	-1	0.641	11	AGGAG	NA	NA	NA	0	0	0	1	NA	NA	NA	NA	NA
vOTU_001_35	28526	28882	357	-1	0.602	11	AGGAG/GGAGG	GENOMAD.133389.VP	2.134e-19	85	0	0	0	1246	Caudoviricetes	NA	NA	NA	NA
vOTU_001_36	28879	29961	1083	-1	0.644	11	None	GENOMAD.068921.VV	3.815e-78	267	0	0	0	1246	Caudoviricetes	NA	NA	PF13395;TIGR02646	NA
vOTU_001_37	29965	30348	384	-1	0.690	11	3Base/5BMM	NA	NA	NA	0	0	0	1	NA	NA	NA	NA	NA
vOTU_001_38	30345	30713	369	-1	0.659	11	None	NA	NA	NA	0	0	0	1	NA	NA	NA	NA	NA
vOTU_001_39	30710	31042	333	-1	0.646	11	AGGA	NA	NA	NA	0	0	0	1	NA	NA	NA	NA	NA
vOTU_001_40	31039	31503	465	-1	0.673	11	AGxAGG/AGGxGG	NA	NA	NA	0	0	0	1	NA	NA	NA	NA	NA
vOTU_001_41	31500	32606	1107	-1	0.678	11	4Base/6BMM	GENOMAD.092957.VV	7.419e-44	167	0	0	0	1246	Caudoviricetes	NA	NA	PF00712;TIGR00663	DNA polymerase III beta subunit, N-terminal domain
vOTU_001_42	32603	33040	438	-1	0.678	11	AGxAGG/AGGxGG	NA	NA	NA	0	0	0	1	NA	NA	NA	NA	NA
vOTU_001_43	33044	33652	609	-1	0.688	11	AGGAG	NA	NA	NA	0	0	0	1	NA	NA	NA	NA	NA
vOTU_001_44	33646	33783	138	-1	0.659	11	GGA/GAG/AGG	NA	NA	NA	0	0	0	1	NA	NA	NA	NA	NA
vOTU_001_45	33780	34247	468	-1	0.679	11	AGGA	GENOMAD.163846.VV	0.0004178	42	0	0	0	11243	Bridgettevirus	NA	NA	TIGR01905	NA
vOTU_001_46	34244	34381	138	-1	0.710	11	GGAG/GAGG	NA	NA	NA	0	0	0	1	NA	NA	NA	NA	NA
vOTU_001_47	34378	35991	1614	-1	0.662	11	AGGAG	GENOMAD.129560.VP	6.779e-170	542	0	0	0	1246	Caudoviricetes	NA	NA	PF00145;TIGR00675;K00558;COG0270	DNA-methyltransferase (dcm)
vOTU_001_48	35985	36197	213	-1	0.681	11	GGAG/GAGG	NA	NA	NA	0	0	0	1	NA	NA	NA	NA	NA
vOTU_001_49	36194	36370	177	-1	0.718	11	None	NA	NA	NA	0	0	0	1	NA	NA	NA	NA	NA
vOTU_001_50	36367	36669	303	-1	0.683	11	3Base/5BMM	NA	NA	NA	0	0	0	1	NA	NA	NA	NA	NA
vOTU_001_51	36685	37317	633	-1	0.694	11	AGGA	NA	NA	NA	0	0	0	1	NA	NA	NA	NA	NA
vOTU_001_52	37409	38086	678	1	0.611	11	GGA/GAG/AGG	NA	NA	NA	0	0	0	1	NA	NA	NA	NA	NA
vOTU_001_53	38452	38652	201	1	0.577	11	AGGAG	NA	NA	NA	0	0	0	1	NA	NA	NA	NA	NA
vOTU_001_54	38656	38976	321	1	0.579	11	GGAG/GAGG	NA	NA	NA	0	0	0	1	NA	NA	NA	NA	NA
vOTU_001_55	39018	39320	303	-1	0.647	11	AGxAGG/AGGxGG	NA	NA	NA	0	0	0	1	NA	NA	NA	NA	NA
vOTU_001_56	39317	39574	258	-1	0.636	11	AGGAG	GENOMAD.122222.VV	2.403e-12	63	0	0	0	1246	Caudoviricetes	NA	NA	PF13693;COG3655;K22299;TIGR02612	DNA-binding transcriptional regulator, XRE family
vOTU_001_57	39837	40376	540	1	0.643	11	AGGA/GGAG/GAGG	GENOMAD.223831.VP	8.351e-40	147	0	0	0	1246	Caudoviricetes	NA	NA	PF20075;K22299;TIGR02612;COG3655	DNA-binding transcriptional regulator, XRE family
vOTU_001_58	40373	40624	252	1	0.587	11	GGAG/GAGG	NA	NA	NA	0	0	0	1	NA	NA	NA	NA	NA
vOTU_001_59	40617	41222	606	1	0.573	11	GGAGG	NA	NA	NA	0	0	0	1	NA	NA	NA	NA	NA
vOTU_001_60	41301	41699	399	1	0.614	11	None	GENOMAD.079752.VV	9.627e-26	104	0	0	0	1246	Caudoviricetes	NA	NA	PF06114;COG2856	IrrE N-terminal-like domain
vOTU_001_61	41677	41931	255	1	0.616	11	None	NA	NA	NA	0	0	0	1	NA	NA	NA	NA	NA
vOTU_001_62	41928	42227	300	-1	0.623	11	GGAG/GAGG	NA	NA	NA	0	0	0	1	NA	NA	NA	NA	NA
vOTU_001_63	42534	43643	1110	-1	0.660	11	None	NA	NA	NA	0	0	0	1	NA	NA	NA	NA	NA
vOTU_002_1	499	858	360	1	0.656	11	AGGAG	GENOMAD.070312.VV	7.177e-06	46	0	0	0	1246	Caudoviricetes	NA	NA	PF13455	Meiotically up-regulated gene 113
vOTU_002_2	953	1402	450	1	0.611	11	GGA/GAG/AGG	GENOMAD.211481.VP	1.463e-08	55	0	0	0	1246	Caudoviricetes	NA	NA	PF12728;PF01541;COG0322;TIGR01453	Excinuclease UvrABC, nuclease subunit
vOTU_002_3	1474	1647	174	1	0.632	11	GGAG/GAGG	NA	NA	NA	0	0	0	1	NA	NA	NA	NA	NA
vOTU_002_4	1635	1823	189	1	0.630	11	GGAG/GAGG	NA	NA	NA	0	0	0	1	NA	NA	NA	NA	NA
vOTU_002_5	1823	2020	198	1	0.621	11	GGAG/GAGG	NA	NA	NA	0	0	0	1	NA	NA	NA	NA	NA
vOTU_002_6	2109	2318	210	1	0.667	11	GGAG/GAGG	NA	NA	NA	0	0	0	1	NA	NA	NA	NA	NA
vOTU_002_7	2353	2580	228	1	0.601	11	GGAG/GAGG	GENOMAD.224472.VP	2.432e-08	51	0	0	0	9377	Kenyattavirus kv136	NA	NA	NA	NA
vOTU_002_8	2600	2749	150	1	0.620	11	GGAG/GAGG	NA	NA	NA	0	0	0	1	NA	NA	NA	NA	NA
vOTU_002_9	3040	3249	210	-1	0.562	11	GGAGG	NA	NA	NA	0	0	0	1	NA	NA	NA	NA	NA
vOTU_002_10	3305	3526	222	-1	0.563	11	GGA/GAG/AGG	NA	NA	NA	0	0	0	1	NA	NA	NA	NA	NA
vOTU_002_11	3523	4611	1089	-1	0.667	11	3Base/5BMM	GENOMAD.006334.VV	4.414e-52	191	0	0	0	1246	Caudoviricetes	NA	NA	PF12850;TIGR03729;COG0622;K07096	Calcineurin-like phosphoesterase superfamily domain
vOTU_002_12	4771	5199	429	-1	0.662	11	GGAG/GAGG	NA	NA	NA	0	0	0	1	NA	NA	NA	NA	NA
vOTU_002_13	5196	5309	114	-1	0.658	11	GGA/GAG/AGG	NA	NA	NA	0	0	0	1	NA	NA	NA	NA	NA
vOTU_002_14	5306	5737	432	-1	0.641	11	GGAG/GAGG	GENOMAD.209300.VP	4.235e-13	68	0	0	0	1246	Caudoviricetes	NA	NA	NA	NA
vOTU_002_15	5773	6240	468	1	0.635	11	GGA/GAG/AGG	GENOMAD.159052.VC	1.385e-12	67	0	0	0	1246	Caudoviricetes	NA	NA	PF13328;COG0317;TIGR00691	(p)ppGpp synthase/hydrolase, HD superfamily
vOTU_002_16	6280	6600	321	-1	0.685	11	GGA/GAG/AGG	NA	NA	NA	0	0	0	1	NA	NA	NA	NA	NA
vOTU_002_17	6597	6881	285	-1	0.611	11	GGA/GAG/AGG	NA	NA	NA	0	0	0	1	NA	NA	NA	NA	NA
vOTU_002_18	7050	7913	864	-1	0.611	11	GGAG/GAGG	NA	NA	NA	0	0	0	1	NA	NA	NA	NA	NA
vOTU_002_19	7910	8665	756	-1	0.597	11	None	NA	NA	NA	0	0	0	1	NA	NA	NA	NA	NA
vOTU_002_20	8705	11065	2361	-1	0.619	11	AGxAGG/AGGxGG	NA	NA	NA	0	0	0	1	NA	NA	NA	NA	NA
vOTU_002_21	11062	11442	381	-1	0.661	11	GGA/GAG/AGG	NA	NA	NA	0	0	0	1	NA	NA	NA	NA	NA
vOTU_002_22	11544	13772	2229	-1	0.703	11	None	GENOMAD.018979.VV	4.219e-33	141	0	0	0	1246	Caudoviricetes	NA	NA	NA	NA
vOTU_002_23	13769	15004	1236	-1	0.689	11	GGxGG	NA	NA	NA	0	0	0	1	NA	NA	NA	NA	NA
vOTU_002_24	15007	15573	567	-1	0.651	11	AGGA	GENOMAD.005606.VV	3.452e-13	70	0	0	0	1246	Caudoviricetes	NA	NA	NA	NA
vOTU_002_25	15574	15795	222	-1	0.613	11	GGAG/GAGG	GENOMAD.006909.VV	3.496e-11	59	0	0	0	1246	Caudoviricetes	NA	NA	NA	NA
vOTU_002_26	15902	16096	195	-1	0.656	11	GGxGG	NA	NA	NA	0	0	0	1	NA	NA	NA	NA	NA
vOTU_002_27	16093	16299	207	-1	0.652	11	GGA/GAG/AGG	GENOMAD.055715.VV	8.89e-08	49	0	0	0	1246	Caudoviricetes	NA	NA	NA	NA
vOTU_002_28	16296	17762	1467	-1	0.652	11	None	GENOMAD.000924.VV	4.491e-97	328	0	0	1	1246	Caudoviricetes	NA	NA	PF11134	Phage stabilisation protein
vOTU_002_29	17762	18373	612	-1	0.645	11	GGAGG	NA	NA	NA	0	0	0	1	NA	NA	NA	NA	NA
vOTU_002_30	18370	18978	609	-1	0.649	11	GGA/GAG/AGG	GENOMAD.001204.VV	1.11e-37	142	0	0	1	1246	Caudoviricetes	NA	NA	PF20387	NA
vOTU_002_31	18981	19307	327	-1	0.587	11	GGAGG	GENOMAD.015336.VV	7.69e-18	80	0	0	0	1246	Caudoviricetes	NA	NA	NA	NA
vOTU_002_32	19376	20329	954	-1	0.629	11	GGAG/GAGG	GENOMAD.136637.VV	9.741e-65	226	0	0	0	1246	Caudoviricetes	NA	NA	PF17236	NA
vOTU_002_33	20329	21276	948	-1	0.637	11	GGA/GAG/AGG	GENOMAD.052123.VV	1.05e-35	141	0	0	0	1246	Caudoviricetes	NA	NA	NA	NA
vOTU_002_34	21328	21597	270	-1	0.644	11	None	NA	NA	NA	0	0	0	1	NA	NA	NA	NA	NA
vOTU_002_35	21587	21784	198	-1	0.641	11	GGAG/GAGG	NA	NA	NA	0	0	0	1	NA	NA	NA	NA	NA
vOTU_002_36	21781	23910	2130	-1	0.636	11	AGGA/GGAG/GAGG	GENOMAD.052171.VV	2.796e-107	367	0	0	1	1246	Caudoviricetes	NA	NA	PF16510	Phage P22-like portal protein
vOTU_002_37	23914	25188	1275	-1	0.647	11	GGA/GAG/AGG	GENOMAD.158976.VV	4.587e-108	357	0	0	1	1246	Caudoviricetes	NA	NA	PF17288	Terminase RNAseH like domain
vOTU_002_38	25175	25444	270	-1	0.622	11	GGA/GAG/AGG	NA	NA	NA	0	0	0	1	NA	NA	NA	NA	NA
vOTU_002_39	25641	26036	396	-1	0.631	11	AGGAG	NA	NA	NA	0	0	0	1	NA	NA	NA	NA	NA
vOTU_002_40	26142	26348	207	-1	0.614	11	None	NA	NA	NA	0	0	0	1	NA	NA	NA	NA	NA
vOTU_002_41	26345	26656	312	-1	0.622	11	GGAGG	NA	NA	NA	0	0	0	1	NA	NA	NA	NA	NA
vOTU_002_42	27117	27677	561	-1	0.656	11	GGAGG	NA	NA	NA	0	0	0	1	NA	NA	NA	NA	NA
vOTU_002_43	27677	28030	354	-1	0.630	11	GGAG/GAGG	NA	NA	NA	0	0	0	1	NA	NA	NA	NA	NA
vOTU_002_44	28107	28310	204	-1	0.637	11	GGAG/GAGG	NA	NA	NA	0	0	0	1	NA	NA	NA	NA	NA
vOTU_002_45	28310	28573	264	-1	0.655	11	GGA/GAG/AGG	NA	NA	NA	0	0	0	1	NA	NA	NA	NA	NA
vOTU_002_46	28566	29342	777	-1	0.623	11	AGGA/GGAG/GAGG	GENOMAD.218096.VP	7.696e-14	74	0	0	0	1246	Caudoviricetes	NA	NA	PF07120;COG3756	Uncharacterized conserved protein YdaU, DUF1376 family
vOTU_002_47	29342	29884	543	-1	0.657	11	AGxAGG/AGGxGG	NA	NA	NA	0	0	0	1	NA	NA	NA	NA	NA
vOTU_002_48	29884	30306	423	-1	0.645	11	None	GENOMAD.177634.VP	1.24e-17	81	0	0	0	1246	Caudoviricetes	NA	NA	PF05866;COG4570	Endodeoxyribonuclease RusA
vOTU_002_49	30545	30856	312	1	0.599	11	GGA/GAG/AGG	GENOMAD.218832.VP	9.158e-22	91	0	0	0	1246	Caudoviricetes	NA	NA	NA	NA
vOTU_002_50	30923	31237	315	1	0.603	11	GGA/GAG/AGG	NA	NA	NA	0	0	0	1	NA	NA	NA	NA	NA
vOTU_002_51	31585	31812	228	-1	0.614	11	GGAG/GAGG	NA	NA	NA	0	0	0	1	NA	NA	NA	NA	NA
vOTU_002_52	31812	32465	654	-1	0.661	11	AGxAGG/AGGxGG	NA	NA	NA	0	0	0	1	NA	NA	NA	NA	NA
vOTU_002_53	32547	32945	399	-1	0.634	11	GGAGG	NA	NA	NA	0	0	0	1	NA	NA	NA	NA	NA
vOTU_002_54	32942	33562	621	-1	0.634	11	GGAG/GAGG	NA	NA	NA	0	0	0	1	NA	NA	NA	NA	NA
vOTU_002_55	33571	33789	219	-1	0.603	11	None	NA	NA	NA	0	0	0	1	NA	NA	NA	NA	NA
vOTU_002_56	33885	34223	339	1	0.605	11	GGA/GAG/AGG	NA	NA	NA	0	0	0	1	NA	NA	NA	NA	NA
vOTU_002_57	34315	34512	198	1	0.626	11	GGAG/GAGG	NA	NA	NA	0	0	0	1	NA	NA	NA	NA	NA
vOTU_002_58	34512	34778	267	1	0.670	11	GGxGG	NA	NA	NA	0	0	0	1	NA	NA	NA	NA	NA
vOTU_002_59	34775	35062	288	1	0.656	11	AGxAGG/AGGxGG	GENOMAD.151601.VP	2.534e-08	52	0	0	0	1246	Caudoviricetes	NA	NA	NA	NA
vOTU_002_60	35059	35313	255	1	0.631	11	GGAG/GAGG	NA	NA	NA	0	0	0	1	NA	NA	NA	NA	NA
vOTU_002_61	35313	35465	153	1	0.569	11	AGGA	NA	NA	NA	0	0	0	1	NA	NA	NA	NA	NA
vOTU_002_62	35462	35674	213	1	0.582	11	AGxAGG/AGGxGG	NA	NA	NA	0	0	0	1	NA	NA	NA	NA	NA
vOTU_002_63	35671	36108	438	1	0.644	11	GGA/GAG/AGG	GENOMAD.154422.VP	2.148e-22	95	0	0	0	1246	Caudoviricetes	NA	NA	NA	NA
vOTU_002_64	36105	36323	219	1	0.621	11	GGA/GAG/AGG	NA	NA	NA	0	0	0	1	NA	NA	NA	NA	NA
vOTU_002_65	36307	36945	639	1	0.618	11	GGAG/GAGG	GENOMAD.103515.VV	2.202e-33	130	0	0	0	1246	Caudoviricetes	NA	NA	NA	NA
vOTU_002_66	36964	37233	270	1	0.641	11	GGA/GAG/AGG	NA	NA	NA	0	0	0	1	NA	NA	NA	NA	NA
vOTU_002_67	37230	37715	486	1	0.619	11	GGAG/GAGG	GENOMAD.104660.VP	3.453e-13	69	0	0	0	1246	Caudoviricetes	NA	NA	PF07105	NinB protein
vOTU_002_68	37715	38128	414	1	0.652	11	GGxGG	GENOMAD.161183.VV	8.239e-12	64	0	0	0	1246	Caudoviricetes	NA	NA	PF07102	Putative nuclease YbcO
vOTU_002_69	38205	38609	405	1	0.644	11	AGGAG	NA	NA	NA	0	0	0	1	NA	NA	NA	NA	NA
vOTU_002_70	38606	39277	672	1	0.637	11	AGGA	NA	NA	NA	0	0	0	1	NA	NA	NA	NA	NA
vOTU_002_71	39274	39594	321	1	0.611	11	GGAG/GAGG	NA	NA	NA	0	0	0	1	NA	NA	NA	NA	NA
vOTU_002_72	39591	40154	564	1	0.613	11	GGAG/GAGG	NA	NA	NA	0	0	0	1	NA	NA	NA	NA	NA
vOTU_002_73	40279	40587	309	1	0.621	11	GGAG/GAGG	NA	NA	NA	0	0	0	1	NA	NA	NA	NA	NA
vOTU_002_74	40580	41221	642	1	0.639	11	AGGA	GENOMAD.222259.VP	8.658e-25	105	0	0	0	1246	Caudoviricetes	NA	NA	NA	NA
vOTU_002_75	41218	41406	189	1	0.614	11	GGAGG	NA	NA	NA	0	0	0	1	NA	NA	NA	NA	NA
vOTU_002_76	41406	41618	213	1	0.620	11	GGAG/GAGG	NA	NA	NA	0	0	0	1	NA	NA	NA	NA	NA
vOTU_002_77	41618	41890	273	1	0.663	11	GGAGG	NA	NA	NA	0	0	0	1	NA	NA	NA	NA	NA
vOTU_002_78	41887	41988	102	1	0.627	11	GGA/GAG/AGG	NA	NA	NA	0	0	0	1	NA	NA	NA	NA	NA
vOTU_002_79	42058	42303	246	1	0.683	11	GGA/GAG/AGG	GENOMAD.224236.VP	1.415e-08	52	0	0	0	1246	Caudoviricetes	NA	NA	PF09035;COG3311;TIGR01764	Predicted DNA-binding transcriptional regulator AlpA
vOTU_002_80	42300	43364	1065	1	0.639	11	GGA/GAG/AGG	GENOMAD.221099.VP	1.282e-07	56	0	0	0	1246	Caudoviricetes	NA	NA	PF00589;TIGR02249;COG4973;K21039	integron integrase
vOTU_003_1	2	319	318	1	0.572	11	None	NA	NA	NA	0	0	0	1	NA	NA	NA	NA	NA
vOTU_003_2	477	923	447	-1	0.649	11	GGAG/GAGG	NA	NA	NA	0	0	0	1	NA	NA	NA	NA	NA
vOTU_003_3	1000	1416	417	-1	0.645	11	AGGAG	NA	NA	NA	0	0	0	1	NA	NA	NA	NA	NA
vOTU_003_4	1434	2156	723	-1	0.602	11	GGA/GAG/AGG	GENOMAD.218015.VP	1.622e-28	117	0	0	0	1246	Caudoviricetes	NA	NA	NA	NA
vOTU_003_5	2242	2487	246	1	0.671	11	None	GENOMAD.050285.VV	2.52e-10	57	0	0	0	1246	Caudoviricetes	NA	NA	COG4197	NA
vOTU_003_6	2480	2956	477	1	0.662	11	AGGAG	NA	NA	NA	0	0	0	1	NA	NA	NA	NA	NA
vOTU_003_7	2953	3465	513	1	0.591	11	GGAG/GAGG	GENOMAD.153186.VP	5.895e-21	92	0	0	0	1246	Caudoviricetes	NA	NA	PF13392	HNH endonuclease
vOTU_003_8	3514	3726	213	1	0.577	11	GGA/GAG/AGG	NA	NA	NA	0	0	0	1	NA	NA	NA	NA	NA
vOTU_003_9	3748	3939	192	1	0.682	11	GGAG/GAGG	NA	NA	NA	0	0	0	1	NA	NA	NA	NA	NA
vOTU_003_10	3981	4226	246	1	0.715	11	GGA/GAG/AGG	NA	NA	NA	0	0	0	1	NA	NA	NA	NA	NA
vOTU_003_11	4235	4351	117	1	0.658	11	GGAG/GAGG	NA	NA	NA	0	0	0	1	NA	NA	NA	NA	NA
vOTU_003_12	4351	5112	762	1	0.610	11	GGxGG	GENOMAD.040673.VV	7.113e-15	77	0	0	1	1246	Caudoviricetes	NA	NA	PF09681;TIGR01714	N-terminal phage replisome organiser (Phage_rep_org_N)
vOTU_003_13	5109	6470	1362	1	0.671	11	AGGAG	GENOMAD.032636.VV	2.774e-13	75	0	0	1	1246	Caudoviricetes	NA	NA	PF20307;PF07486;TIGR02239;COG0468;K18947	Divergent DnaB-like ATPase; Cell Wall Hydrolase
vOTU_003_14	6471	6659	189	1	0.698	11	GGAG/GAGG	NA	NA	NA	0	0	0	1	NA	NA	NA	NA	NA
vOTU_003_15	6760	7098	339	1	0.673	11	GGAG/GAGG	NA	NA	NA	0	0	0	1	NA	NA	NA	NA	NA
vOTU_003_16	7095	7226	132	1	0.712	11	GGAG/GAGG	NA	NA	NA	0	0	0	1	NA	NA	NA	NA	NA
vOTU_003_17	7219	7740	522	1	0.659	11	None	GENOMAD.034516.VV	2.763e-100	321	0	0	0	1246	Caudoviricetes	NA	NA	PF07105	NA
vOTU_003_18	7737	8285	549	1	0.659	11	GGAG/GAGG	GENOMAD.069979.VV	2.981e-44	160	0	0	1	1246	Caudoviricetes	NA	NA	PF05766;TIGR02646	Bacteriophage Lambda NinG protein
vOTU_003_19	8282	8746	465	1	0.652	11	GGAG/GAGG	GENOMAD.214061.VP	5.619e-33	126	0	0	0	1246	Caudoviricetes	NA	NA	PF11313;COG0735	NA
vOTU_003_20	8913	9578	666	1	0.692	11	AGGA	GENOMAD.098491.VV	2.824e-34	133	0	0	0	1246	Caudoviricetes	NA	NA	PF15777	NA
vOTU_003_21	10042	10413	372	1	0.691	11	None	GENOMAD.223795.VP	4.592e-13	67	0	0	0	1246	Caudoviricetes	NA	NA	PF13395	HNH endonuclease
vOTU_003_22	11049	11528	480	1	0.683	11	AGGAG	GENOMAD.148016.VP	5.832e-16	77	0	0	1	1246	Caudoviricetes	NA	NA	PF05119;COG3747;TIGR01558	Phage terminase, small subunit
vOTU_003_23	11531	13246	1716	1	0.649	11	None	GENOMAD.194580.VP	9.255e-59	218	0	0	1	1246	Caudoviricetes	NA	NA	PF03354;PF05521;PF20441;COG4626;TIGR01563	Phage terminase-like protein, large subunit, contains N-terminal HTH domain
vOTU_003_24	13243	13431	189	1	0.661	11	None	NA	NA	NA	0	0	0	1	NA	NA	NA	NA	NA
vOTU_003_25	13424	14695	1272	1	0.666	11	AGGA	GENOMAD.152445.VP	2.53e-29	125	0	0	0	1246	Caudoviricetes	NA	NA	PF13876	Phage protein (N4 Gp49/phage Sf6 gene 66) family
vOTU_003_26	14692	15381	690	1	0.642	11	GGA/GAG/AGG	GENOMAD.119462.VV	9.023e-16	79	0	0	1	1246	Caudoviricetes	NA	NA	TIGR01543	phage prohead protease, HK97 family
vOTU_003_27	15448	16767	1320	1	0.661	11	GGA/GAG/AGG	GENOMAD.104534.VP	9.484e-106	351	0	0	0	1246	Caudoviricetes	NA	NA	COG1659	Uncharacterized protein, linocin/CFP29 family
vOTU_003_28	16816	17040	225	1	0.658	11	AGGAG	NA	NA	NA	0	0	0	1	NA	NA	NA	NA	NA
vOTU_003_29	17040	17381	342	1	0.670	11	GGA/GAG/AGG	GENOMAD.141245.VP	3.123e-45	159	0	0	1	1246	Caudoviricetes	NA	NA	PF05135;TIGR01560	Phage gp6-like head-tail connector protein
vOTU_003_30	17381	17704	324	1	0.670	11	GGxGG	GENOMAD.141183.VP	1.461e-26	105	0	0	1	1246	Caudoviricetes	NA	NA	PF05521;TIGR01563;COG5614	phage head-tail adaptor, putative, SPP1 family
vOTU_003_31	17704	18141	438	1	0.598	11	GGAG/GAGG	GENOMAD.059334.VV	1.62e-16	78	0	0	1	1246	Caudoviricetes	NA	NA	PF11114;TIGR01725;COG5005	phage protein, HK97 gp10 family
vOTU_003_32	18138	18494	357	1	0.669	11	GGA/GAG/AGG	GENOMAD.054901.VV	2.593e-17	79	0	0	1	1246	Caudoviricetes	NA	NA	PF11367;TIGR02215	phage conserved hypothetical protein, phiE125 gp8 family
vOTU_003_33	18627	19280	654	1	0.653	11	GGA/GAG/AGG	GENOMAD.090233.VV	5.749e-62	213	0	0	1	1246	Caudoviricetes	NA	NA	PF08813;COG5437	Phage tail tube protein, TTP
vOTU_003_34	19382	19885	504	1	0.629	11	AGGA	GENOMAD.052719.VV	5.264e-07	51	0	0	1	17982	Drexlerviridae	NA	NA	PF08748	Phage tail assembly chaperone
vOTU_003_35	19954	20226	273	1	0.659	11	None	GENOMAD.038599.VV	9.671e-16	73	0	0	0	1246	Caudoviricetes	NA	NA	PF08809	Phage related hypothetical protein (DUF1799)
vOTU_003_36	20276	20452	177	1	0.548	11	AGGAGG	NA	NA	NA	0	0	0	1	NA	NA	NA	NA	NA
vOTU_003_37	20546	25729	5184	1	0.659	11	None	GENOMAD.019591.VV	3.346e-77	289	0	0	1	1246	Caudoviricetes	NA	NA	COG5281	Phage-related minor tail protein
vOTU_003_38	25726	26637	912	1	0.663	11	GGAG/GAGG	GENOMAD.116281.VV	1.718e-60	213	0	0	0	1246	Caudoviricetes	NA	NA	NA	NA
vOTU_003_39	26634	27617	984	1	0.698	11	AGGA	GENOMAD.103345.VV	9.098e-47	174	0	0	0	1246	Caudoviricetes	NA	NA	NA	NA
vOTU_003_40	27581	28237	657	1	0.644	11	GGA/GAG/AGG	NA	NA	NA	0	0	0	1	NA	NA	NA	NA	NA
vOTU_003_41	28234	28554	321	1	0.670	11	GGAG/GAGG	NA	NA	NA	0	0	0	1	NA	NA	NA	NA	NA
vOTU_003_42	28551	29264	714	1	0.702	11	GGAGG	GENOMAD.155986.VV	1.633e-05	48	0	0	0	275	Ionavirus W14	NA	NA	NA	NA
vOTU_003_43	29261	29581	321	1	0.648	11	GGAG/GAGG	NA	NA	NA	0	0	0	1	NA	NA	NA	NA	NA
vOTU_003_44	29578	30261	684	1	0.706	11	GGxGG	GENOMAD.082189.VV	8.6e-16	79	0	0	1	1246	Caudoviricetes	NA	NA	PF00959;COG3772	Phage-related lysozyme (muramidase), GH24 family
vOTU_003_45	30261	30623	363	1	0.747	11	GGAGG	GENOMAD.117892.VV	8.737e-46	161	0	0	0	1246	Caudoviricetes	NA	NA	NA	NA
vOTU_003_46	30620	30883	264	1	0.761	11	GGAGG	GENOMAD.068225.VV	1.835e-38	138	0	0	0	1246	Caudoviricetes	NA	NA	PF08139;COG3895	Membrane-bound inhibitor of C-type lysozyme
vOTU_003_47	31105	32106	1002	-1	0.653	11	AGGAG/GGAGG	NA	NA	NA	0	0	0	1	NA	NA	NA	NA	NA
vOTU_003_48	32255	33160	906	-1	0.664	11	GGAG/GAGG	NA	NA	NA	0	0	0	1	NA	NA	NA	NA	NA
vOTU_003_49	33234	33392	159	-1	0.692	11	GGAGG	NA	NA	NA	0	0	0	1	NA	NA	NA	NA	NA
vOTU_003_50	33389	33712	324	-1	0.559	11	AGGA	GENOMAD.120662.VV	3.895e-40	144	0	0	0	1246	Caudoviricetes	NA	NA	NA	NA
vOTU_003_51	33709	34092	384	-1	0.690	11	AGGAG	NA	NA	NA	0	0	0	1	NA	NA	NA	NA	NA
vOTU_003_52	34089	34604	516	-1	0.560	11	AGGA	GENOMAD.153186.VP	3.675e-17	81	0	0	0	1246	Caudoviricetes	NA	NA	PF13392	HNH endonuclease
vOTU_003_53	34597	35148	552	-1	0.665	11	AGGA	GENOMAD.226684.VP	1.601e-06	50	0	0	0	1	NA	NA	NA	NA	NA
vOTU_003_54	35145	35342	198	-1	0.646	11	GGAG/GAGG	NA	NA	NA	0	0	0	1	NA	NA	NA	NA	NA
vOTU_003_55	35346	35798	453	-1	0.651	11	GGAG/GAGG	GENOMAD.066941.VV	8e-05	44	0	0	0	1246	Caudoviricetes	NA	NA	NA	NA
vOTU_003_56	35873	36325	453	-1	0.678	11	GGA/GAG/AGG	GENOMAD.219187.VP	4.624e-15	74	0	0	0	1246	Caudoviricetes	NA	NA	PF10771;TIGR02702;COG2345;K09012	iron-sulfur cluster biosynthesis transcriptional regulator SufR
vOTU_003_57	36325	36966	642	-1	0.671	11	AGGAG	GENOMAD.120931.VP	4.315e-45	164	0	0	1	1246	Caudoviricetes	NA	NA	PF09588;COG5377;TIGR03033;K01143	Phage-related protein, predicted endonuclease
vOTU_003_58	36963	37736	774	-1	0.691	11	GGAG/GAGG	GENOMAD.007018.VV	2.004e-93	306	0	0	0	1246	Caudoviricetes	NA	NA	PF04404	ERF superfamily
vOTU_003_59	37744	37851	108	-1	0.685	11	GGAG/GAGG	NA	NA	NA	0	0	0	1	NA	NA	NA	NA	NA
vOTU_003_60	37848	38540	693	-1	0.658	11	AGGAG	GENOMAD.183319.VP	4.331e-12	68	0	0	0	1246	Caudoviricetes	NA	NA	NA	NA
vOTU_003_61	38537	38758	222	-1	0.608	11	AGGA	NA	NA	NA	0	0	0	1	NA	NA	NA	NA	NA
vOTU_003_62	38769	38963	195	-1	0.713	11	None	NA	NA	NA	0	0	0	1	NA	NA	NA	NA	NA
vOTU_003_63	38963	39151	189	-1	0.656	11	GGAG/GAGG	NA	NA	NA	0	0	0	1	NA	NA	NA	NA	NA
vOTU_003_64	39175	39546	372	-1	0.656	11	AGGA	GENOMAD.122722.VV	2.427e-28	111	0	0	0	1	NA	NA	NA	NA	NA
vOTU_003_65	39703	40134	432	-1	0.620	11	AGGAG	NA	NA	NA	0	0	0	1	NA	NA	NA	NA	NA
vOTU_003_66	40449	40784	336	1	0.601	11	AGGAG	NA	NA	NA	0	0	0	1	NA	NA	NA	NA	NA
vOTU_003_67	40708	41094	387	-1	0.594	11	AGGAG	NA	NA	NA	0	0	0	1	NA	NA	NA	NA	NA
vOTU_003_68	41128	41337	210	-1	0.710	11	None	GENOMAD.174903.VV	2.679e-05	42	0	0	0	1	NA	NA	NA	NA	NA
vOTU_003_69	41334	41756	423	-1	0.697	11	None	NA	NA	NA	0	0	0	1	NA	NA	NA	NA	NA
vOTU_003_70	41846	42031	186	1	0.667	11	AGGAG	NA	NA	NA	0	0	0	1	NA	NA	NA	NA	NA
vOTU_004_1	1	369	369	-1	0.553	11	GGA/GAG/AGG	GENOMAD.224220.VP	0.000918	40	0	0	0	1246	Caudoviricetes	NA	NA	PF08667;TIGR00673;COG1974;K22299	cyanase
vOTU_004_2	591	848	258	-1	0.690	11	AGGA/GGAG/GAGG	NA	NA	NA	0	0	0	1	NA	NA	NA	NA	NA
vOTU_004_3	944	1408	465	1	0.699	11	GGA/GAG/AGG	GENOMAD.141418.VV	6.158e-32	123	0	0	1	1	NA	NA	NA	PF06892	Phage regulatory protein CII (CP76)
vOTU_004_4	1408	1680	273	1	0.685	11	GGA/GAG/AGG	NA	NA	NA	0	0	0	1	NA	NA	NA	NA	NA
vOTU_004_5	1677	2603	927	1	0.669	11	4Base/6BMM	NA	NA	NA	0	0	0	1	NA	NA	NA	NA	NA
vOTU_004_6	2603	4042	1440	1	0.642	11	GGAG/GAGG	GENOMAD.212786.VV	0.0005304	45	0	0	1	1246	Caudoviricetes	NA	NA	PF20307;PF00772;TIGR00665;K02314;COG0305	replicative DNA helicase
vOTU_004_7	4089	5033	945	1	0.634	11	GGAGG	GENOMAD.013924.VV	1.241e-21	99	0	0	1	1246	Caudoviricetes	NA	NA	TIGR01714	phage replisome organizer, putative, N-terminal region
vOTU_004_8	5033	5209	177	1	0.661	11	AGGA	NA	NA	NA	0	0	0	1	NA	NA	NA	NA	NA
vOTU_004_9	5446	5928	483	1	0.631	11	GGAG/GAGG	NA	NA	NA	0	0	0	1	NA	NA	NA	NA	NA
vOTU_004_10	6098	6628	531	1	0.627	11	GGA/GAG/AGG	NA	NA	NA	0	0	0	1	NA	NA	NA	NA	NA
vOTU_004_11	6848	7075	228	1	0.645	11	GGAG/GAGG	NA	NA	NA	0	0	0	1	NA	NA	NA	NA	NA
vOTU_004_12	7234	7908	675	1	0.653	11	GGAGG	GENOMAD.084927.VV	2.933e-05	47	0	0	1	1246	Caudoviricetes	NA	NA	PF07471;COG4220;K22014;TIGR02047	Phage DNA packaging protein, Nu1 subunit of terminase
vOTU_004_13	8015	9937	1923	1	0.645	11	3Base/5BMM	GENOMAD.177655.VP	1.523e-148	485	0	0	1	1246	Caudoviricetes	NA	NA	PF05876;PF20454;K21512;COG5525	Phage terminase, large subunit GpA
vOTU_004_14	9954	10160	207	1	0.623	11	AGGAG	NA	NA	NA	0	0	0	1	NA	NA	NA	NA	NA
vOTU_004_15	10160	11884	1725	1	0.668	11	None	GENOMAD.105991.VV	9.804e-65	236	0	0	1	1246	Caudoviricetes	NA	NA	PF05136;TIGR01539;COG5511	phage portal protein, lambda family
vOTU_004_16	11887	13929	2043	1	0.678	11	AGGA	GENOMAD.136610.VP	2.823e-44	176	0	0	1	1246	Caudoviricetes	NA	NA	PF04586;TIGR01539;COG5511	phage portal protein, lambda family
vOTU_004_17	13995	14324	330	1	0.655	11	None	GENOMAD.105991.VV	1.46e-19	85	0	0	1	1246	Caudoviricetes	NA	NA	PF05136;TIGR01539;COG5511	phage portal protein, lambda family
vOTU_004_18	14347	14763	417	1	0.638	11	AGGAG	NA	NA	NA	0	0	0	1	NA	NA	NA	NA	NA
vOTU_004_19	14760	15566	807	1	0.654	11	None	GENOMAD.222627.VP	2.078e-15	79	0	0	0	1246	Caudoviricetes	NA	NA	PF20039	NA
vOTU_004_20	15563	16081	519	1	0.649	11	GGA/GAG/AGG	NA	NA	NA	0	0	0	1	NA	NA	NA	NA	NA
vOTU_004_21	16093	16347	255	1	0.659	11	GGAG/GAGG	NA	NA	NA	0	0	0	1	NA	NA	NA	NA	NA
vOTU_004_22	16369	17358	990	1	0.679	11	GGAG/GAGG	GENOMAD.027407.VV	4.132e-12	70	0	0	1	1246	Caudoviricetes	NA	NA	PF18906	Phage tail tube protein
vOTU_004_23	17358	18197	840	1	0.660	11	GGA/GAG/AGG	NA	NA	NA	0	0	0	1	NA	NA	NA	NA	NA
vOTU_004_24	18435	20966	2532	1	0.645	11	GGAG/GAGG	GENOMAD.146095.VP	1.042e-13	78	0	0	0	1246	Caudoviricetes	NA	NA	NA	NA
vOTU_004_25	20966	21889	924	1	0.684	11	AGGA/GGAG/GAGG	NA	NA	NA	0	0	0	1	NA	NA	NA	NA	NA
vOTU_004_26	21889	22362	474	1	0.669	11	GGAG/GAGG	GENOMAD.021774.VV	2.655e-15	75	0	0	1	1246	Caudoviricetes	NA	NA	PF08875;COG4672;TIGR01600	Phage-related protein
vOTU_004_27	22317	22817	501	1	0.653	11	GGAG/GAGG	GENOMAD.151617.VC	5.236e-05	45	0	0	0	1246	Caudoviricetes	NA	NA	PF06940;K13695;COG3738;TIGR02219	Uncharacterized protein YijF, DUF1287 family
vOTU_004_28	22846	29433	6588	1	0.661	11	GGA/GAG/AGG	GENOMAD.078358.VV	6.345e-35	150	0	0	1	1246	Caudoviricetes	NA	NA	PF13550;COG4733	Phage-related protein, tail component
vOTU_004_29	29463	29741	279	1	0.642	11	GGA/GAG/AGG	NA	NA	NA	0	0	0	1	NA	NA	NA	NA	NA
vOTU_004_30	29802	30134	333	1	0.682	11	GGAGG	NA	NA	NA	0	0	0	1	NA	NA	NA	NA	NA
vOTU_004_31	30131	30676	546	1	0.637	11	GGAGG	NA	NA	NA	0	0	0	1	NA	NA	NA	NA	NA
vOTU_004_32	30724	31203	480	1	0.631	11	GGAG/GAGG	GENOMAD.209300.VP	8.431e-10	59	0	0	0	1246	Caudoviricetes	NA	NA	NA	NA
vOTU_004_33	31200	31613	414	1	0.674	11	GGA/GAG/AGG	GENOMAD.206389.VC	5.939e-16	76	0	0	0	1	NA	NA	NA	NA	NA
vOTU_004_34	31901	32260	360	-1	0.561	11	3Base/5BMM	NA	NA	NA	0	0	0	1	NA	NA	NA	NA	NA
vOTU_004_35	32257	32724	468	-1	0.639	11	GGAG/GAGG	NA	NA	NA	0	0	0	1	NA	NA	NA	NA	NA
vOTU_004_36	33294	34496	1203	1	0.677	11	None	NA	NA	NA	0	0	0	1	NA	NA	NA	NA	NA
vOTU_004_37	34493	35095	603	-1	0.629	11	None	NA	NA	NA	0	0	0	1	NA	NA	NA	NA	NA
vOTU_004_38	35046	35285	240	-1	0.642	11	AGGAG	NA	NA	NA	0	0	0	1	NA	NA	NA	NA	NA
vOTU_004_39	35306	35533	228	-1	0.618	11	None	GENOMAD.227629.VP	0.0001754	40	0	0	0	1	NA	NA	NA	NA	NA
vOTU_004_40	35530	35898	369	-1	0.610	11	GGAG/GAGG	NA	NA	NA	0	0	0	1	NA	NA	NA	NA	NA
vOTU_004_41	35895	36347	453	-1	0.645	11	AGxAGG/AGGxGG	NA	NA	NA	0	0	0	1	NA	NA	NA	NA	NA
vOTU_004_42	36344	36628	285	-1	0.618	11	AGGA	GENOMAD.224122.VP	0.0001652	41	0	0	0	13161	Spounavirinae	NA	NA	PF20037;PF16408;K06345;COG5567	NA
vOTU_004_43	36669	36992	324	-1	0.694	11	GGAG/GAGG	NA	NA	NA	0	0	0	1	NA	NA	NA	NA	NA
vOTU_004_44	36989	37117	129	-1	0.659	11	GGA/GAG/AGG	NA	NA	NA	0	0	0	1	NA	NA	NA	NA	NA
vOTU_004_45	37114	38580	1467	-1	0.635	11	AGGAG	NA	NA	NA	0	0	0	1	NA	NA	NA	NA	NA
vOTU_004_46	38595	39080	486	-1	0.632	11	GGAGG	NA	NA	NA	0	0	0	1	NA	NA	NA	NA	NA
vOTU_004_47	39064	39930	867	-1	0.640	11	GGA/GAG/AGG	NA	NA	NA	0	0	0	1	NA	NA	NA	NA	NA
vOTU_004_48	39930	40250	321	-1	0.648	11	AGGAG	NA	NA	NA	0	0	0	1	NA	NA	NA	NA	NA
vOTU_004_49	40309	40752	444	-1	0.606	11	None	NA	NA	NA	0	0	0	1	NA	NA	NA	NA	NA
vOTU_005_1	1	615	615	-1	0.649	11	None	NA	NA	NA	0	0	0	1	NA	NA	NA	NA	NA
vOTU_005_2	857	2158	1302	-1	0.639	11	GGAG/GAGG	NA	NA	NA	0	0	0	1	NA	NA	NA	NA	NA
vOTU_005_3	2223	2717	495	-1	0.657	11	GGA/GAG/AGG	GENOMAD.225375.VP	4.225e-11	63	0	0	0	1	NA	NA	NA	NA	NA
vOTU_005_4	2992	4176	1185	-1	0.625	11	GGAGG	NA	NA	NA	0	0	0	1	NA	NA	NA	NA	NA
vOTU_005_5	4181	5278	1098	-1	0.629	11	None	GENOMAD.125462.VV	0.0003501	45	0	0	0	1246	Caudoviricetes	NA	NA	PF01121;TIGR02173;COG0125	Dephospho-CoA kinase
vOTU_005_6	5275	5517	243	-1	0.626	11	GGA/GAG/AGG	NA	NA	NA	0	0	0	1	NA	NA	NA	NA	NA
vOTU_005_7	5514	5762	249	-1	0.667	11	GGA/GAG/AGG	NA	NA	NA	0	0	0	1	NA	NA	NA	NA	NA
vOTU_005_8	5762	5947	186	-1	0.645	11	GGAG/GAGG	NA	NA	NA	0	0	0	1	NA	NA	NA	NA	NA
vOTU_005_9	5944	6099	156	-1	0.615	11	GGAG/GAGG	NA	NA	NA	0	0	0	1	NA	NA	NA	NA	NA
vOTU_005_10	6099	6434	336	-1	0.503	11	AGGA	NA	NA	NA	0	0	0	1	NA	NA	NA	NA	NA
vOTU_005_11	6431	6775	345	-1	0.687	11	None	NA	NA	NA	0	0	0	1	NA	NA	NA	NA	NA
vOTU_005_12	6772	7041	270	-1	0.596	11	GGAG/GAGG	GENOMAD.212054.VP	1.876e-31	118	0	0	0	1246	Caudoviricetes	NA	NA	NA	NA
vOTU_005_13	7038	7295	258	-1	0.698	11	GGA/GAG/AGG	GENOMAD.077623.VV	3.247e-24	97	0	0	0	1246	Caudoviricetes	NA	NA	TIGR02419	phage/conjugal plasmid C-4 type zinc finger protein, TraR family
vOTU_005_14	7246	7482	237	-1	0.679	11	GGAGG	NA	NA	NA	0	0	0	1	NA	NA	NA	NA	NA
vOTU_005_15	7469	7681	213	-1	0.596	11	GGAGG	NA	NA	NA	0	0	0	1	NA	NA	NA	NA	NA
vOTU_005_16	7681	7899	219	-1	0.703	11	GGAGG	NA	NA	NA	0	0	0	1	NA	NA	NA	NA	NA
vOTU_005_17	7896	8318	423	-1	0.712	11	GGAGG	NA	NA	NA	0	0	0	1	NA	NA	NA	NA	NA
vOTU_005_18	8411	8635	225	-1	0.644	11	None	NA	NA	NA	0	0	0	1	NA	NA	NA	NA	NA
vOTU_005_19	8673	9002	330	-1	0.658	11	GGA/GAG/AGG	NA	NA	NA	0	0	0	1	NA	NA	NA	NA	NA
vOTU_005_20	9108	9335	228	1	0.636	11	None	NA	NA	NA	0	0	0	1	NA	NA	NA	NA	NA
vOTU_005_21	9460	9696	237	1	0.743	11	4Base/6BMM	NA	NA	NA	0	0	0	1	NA	NA	NA	NA	NA
vOTU_005_22	9696	9872	177	1	0.644	11	GGAG/GAGG	NA	NA	NA	0	0	0	1	NA	NA	NA	NA	NA
vOTU_005_23	9869	10240	372	1	0.715	11	None	NA	NA	NA	0	0	0	1	NA	NA	NA	NA	NA
vOTU_005_24	10231	10527	297	1	0.653	11	GGAG/GAGG	NA	NA	NA	0	0	0	1	NA	NA	NA	NA	NA
vOTU_005_25	10532	11686	1155	1	0.676	11	None	NA	NA	NA	0	0	0	1	NA	NA	NA	NA	NA
vOTU_005_26	11683	13620	1938	1	0.664	11	GGAG/GAGG	GENOMAD.057118.VV	2.002e-15	83	0	0	0	1246	Caudoviricetes	NA	NA	NA	NA
vOTU_005_27	13617	14738	1122	1	0.635	11	AGxAGG/AGGxGG	NA	NA	NA	0	0	0	1	NA	NA	NA	NA	NA
vOTU_005_28	14725	15336	612	1	0.600	11	GGAGG	GENOMAD.076543.VV	2.393e-12	68	0	0	0	1246	Caudoviricetes	NA	NA	NA	NA
vOTU_005_29	15329	15604	276	1	0.656	11	GGAG/GAGG	NA	NA	NA	0	0	0	1	NA	NA	NA	NA	NA
vOTU_005_30	15601	17160	1560	1	0.616	11	GGxGG	GENOMAD.005723.VV	4.337e-259	799	0	0	1	1246	Caudoviricetes	NA	NA	PF04466;TIGR01547;COG1783;K06909	phage terminase, large subunit, PBSX family
vOTU_005_31	17160	17390	231	1	0.719	11	GGAGG	GENOMAD.108922.VV	1.527e-27	106	0	0	0	1	NA	NA	NA	NA	NA
vOTU_005_32	17402	18049	648	1	0.610	11	AGGA	NA	NA	NA	0	0	0	1	NA	NA	NA	NA	NA
vOTU_005_33	18106	19755	1650	1	0.643	11	GGA/GAG/AGG	GENOMAD.072058.VV	6.27e-113	377	0	0	1	1246	Caudoviricetes	NA	NA	PF17212;PF12236	Tail tubular protein; Bacteriophage head to tail connecting protein
vOTU_005_34	19752	20039	288	1	0.580	11	GGA/GAG/AGG	GENOMAD.207915.VP	3.071e-29	112	0	0	0	1246	Caudoviricetes	NA	NA	NA	NA
vOTU_005_35	20041	20376	336	1	0.613	11	None	GENOMAD.051640.VV	3.507e-11	61	0	0	0	1246	Caudoviricetes	NA	NA	NA	NA
vOTU_005_36	20366	21319	954	1	0.640	11	GGAG/GAGG	GENOMAD.074027.VV	2.967e-10	64	0	0	0	1246	Caudoviricetes	NA	NA	NA	NA
vOTU_005_37	21548	22477	930	1	0.590	11	GGAG/GAGG	GENOMAD.046380.VV	1.12e-58	208	0	0	1	1246	Caudoviricetes	NA	NA	PF19821;TIGR04387	Phage capsid protein
vOTU_005_38	22534	22974	441	1	0.612	11	AGGAG	NA	NA	NA	0	0	0	1	NA	NA	NA	NA	NA
vOTU_005_39	23093	23290	198	1	0.576	11	GGA/GAG/AGG	NA	NA	NA	0	0	0	1	NA	NA	NA	NA	NA
vOTU_005_40	23299	23931	633	1	0.629	11	GGA/GAG/AGG	GENOMAD.072058.VV	1.839e-80	266	0	0	1	1246	Caudoviricetes	NA	NA	PF17212;PF12236	Tail tubular protein; Bacteriophage head to tail connecting protein
vOTU_005_41	23931	26156	2226	1	0.656	11	GGA/GAG/AGG	GENOMAD.063198.VV	0.0	1181	0	0	0	1246	Caudoviricetes	NA	NA	NA	NA
vOTU_005_42	26153	26668	516	1	0.676	11	GGAG/GAGG	GENOMAD.023215.VV	2.452e-10	61	0	0	0	1246	Caudoviricetes	NA	NA	PF11090	Bacteriophage T7, probable scaffold protein Gp13
vOTU_005_43	26668	27180	513	1	0.665	11	GGAG/GAGG	NA	NA	NA	0	0	0	1	NA	NA	NA	NA	NA
vOTU_005_44	27180	27821	642	1	0.512	11	GGA/GAG/AGG	NA	NA	NA	0	0	0	1	NA	NA	NA	NA	NA
vOTU_005_45	27821	29824	2004	1	0.633	11	None	GENOMAD.072714.VV	2.644e-96	333	0	0	0	1	NA	NA	NA	NA	NA
vOTU_005_46	29821	33318	3498	1	0.630	11	GGA/GAG/AGG	GENOMAD.073311.VV	3.757e-07	57	0	0	0	1246	Caudoviricetes	NA	NA	NA	NA
vOTU_005_47	33315	35840	2526	1	0.654	11	GGAG/GAGG	GENOMAD.126373.VP	4.573e-91	323	0	0	0	1246	Caudoviricetes	NA	NA	NA	NA
vOTU_005_48	35837	38185	2349	1	0.588	11	AGGA	GENOMAD.063793.VV	4.613e-14	79	0	0	1	1246	Caudoviricetes	NA	NA	PF03906	Phage T7 tail fibre protein
vOTU_005_49	38567	38902	336	1	0.637	11	GGA/GAG/AGG	NA	NA	NA	0	0	0	1	NA	NA	NA	NA	NA
vOTU_005_50	38899	39282	384	1	0.651	11	AGGA	NA	NA	NA	0	0	0	1	NA	NA	NA	NA	NA
vOTU_005_51	39279	39533	255	1	0.612	11	GGAG/GAGG	NA	NA	NA	0	0	0	1	NA	NA	NA	NA	NA
vOTU_006_1	3	746	744	-1	0.699	11	GGAG/GAGG	NA	NA	NA	0	0	0	1	NA	NA	NA	NA	NA
vOTU_006_2	811	3621	2811	-1	0.675	11	GGA/GAG/AGG	NA	NA	NA	0	0	0	1	NA	NA	NA	NA	NA
vOTU_006_3	3618	4061	444	-1	0.687	11	AGGA	NA	NA	NA	0	0	0	1	NA	NA	NA	NA	NA
vOTU_006_4	4169	4588	420	-1	0.669	11	AGGA	GENOMAD.100280.VV	2.033e-20	89	0	0	0	265	Stanwilliamsviridae	NA	NA	NA	NA
vOTU_006_5	4585	4962	378	-1	0.690	11	AGGA/GGAG/GAGG	NA	NA	NA	0	0	0	1	NA	NA	NA	NA	NA
vOTU_006_6	4955	5461	507	-1	0.700	11	None	NA	NA	NA	0	0	0	1	NA	NA	NA	NA	NA
vOTU_006_7	5458	6261	804	-1	0.695	11	GGAG/GAGG	NA	NA	NA	0	0	0	1	NA	NA	NA	NA	NA
vOTU_006_8	6258	6512	255	-1	0.667	11	GGAG/GAGG	NA	NA	NA	0	0	0	1	NA	NA	NA	NA	NA
vOTU_006_9	6544	7602	1059	-1	0.653	11	AGxAGG/AGGxGG	NA	NA	NA	0	0	0	1	NA	NA	NA	NA	NA
vOTU_006_10	7595	8692	1098	-1	0.662	11	AGxAGG/AGGxGG	NA	NA	NA	0	0	0	1	NA	NA	NA	NA	NA
vOTU_006_11	8709	9086	378	-1	0.685	11	None	NA	NA	NA	0	0	0	1	NA	NA	NA	NA	NA
vOTU_006_12	9494	11653	2160	-1	0.677	11	AGxAGG/AGGxGG	GENOMAD.054172.VV	2.478e-54	208	0	0	0	1246	Caudoviricetes	NA	NA	NA	NA
vOTU_006_13	11670	11954	285	-1	0.674	11	None	NA	NA	NA	0	0	0	1	NA	NA	NA	NA	NA
vOTU_006_14	11957	12349	393	-1	0.659	11	GGA/GAG/AGG	NA	NA	NA	0	0	0	1	NA	NA	NA	NA	NA
vOTU_006_15	12441	13019	579	-1	0.686	11	AGGAG	GENOMAD.058969.VV	6.787e-83	272	0	0	0	1246	Caudoviricetes	NA	NA	NA	NA
vOTU_006_16	13080	13511	432	-1	0.667	11	GGAGG	NA	NA	NA	0	0	0	1	NA	NA	NA	NA	NA
vOTU_006_17	13508	13780	273	-1	0.656	11	GGAGG	GENOMAD.060887.VV	7.42e-26	102	0	0	1	1246	Caudoviricetes	NA	NA	PF04883;TIGR01725	Bacteriophage HK97-gp10, putative tail-component
vOTU_006_18	13780	14130	351	-1	0.672	11	GGAG/GAGG	GENOMAD.063176.VV	4.863e-50	173	0	0	0	1246	Caudoviricetes	NA	NA	PF12206	NA
vOTU_006_19	14127	14483	357	-1	0.639	11	AGxAGG/AGGxGG	GENOMAD.163103.VV	4.809e-35	130	0	0	0	1246	Caudoviricetes	NA	NA	NA	NA
vOTU_006_20	14504	14827	324	-1	0.673	11	GGA/GAG/AGG	NA	NA	NA	0	0	0	1	NA	NA	NA	NA	NA
vOTU_006_21	14827	15759	933	-1	0.700	11	AGGAG	GENOMAD.064592.VV	4.901e-60	212	0	0	1	1246	Caudoviricetes	NA	NA	PF19821	Phage capsid protein
vOTU_006_22	15774	16136	363	-1	0.713	11	AGGAG	GENOMAD.076036.VV	6.255e-17	78	0	0	0	2838	Daemsvirinae	NA	NA	PF09956;COG5471	Predicted phage recombinase, RecA/RadA family
vOTU_006_23	16139	17386	1248	-1	0.693	11	AGGAGG	GENOMAD.126436.VP	5.471e-44	169	0	0	0	1246	Caudoviricetes	NA	NA	PF13872	NA
vOTU_006_24	17383	18654	1272	-1	0.664	11	AGGAG	GENOMAD.125725.VV	2.92e-103	343	0	0	1	1246	Caudoviricetes	NA	NA	PF06074;COG4383;TIGR01537	Mu-like prophage protein gp29
vOTU_006_25	18664	20253	1590	-1	0.683	11	AGGAG	GENOMAD.001717.VV	6.746e-241	747	0	0	1	1246	Caudoviricetes	NA	NA	PF20441;PF03354;COG4626;TIGR01547	Phage terminase-like protein, large subunit, contains N-terminal HTH domain
vOTU_006_26	20738	20926	189	-1	0.714	11	GGA/GAG/AGG	NA	NA	NA	0	0	0	1	NA	NA	NA	NA	NA
vOTU_006_27	20923	21279	357	-1	0.714	11	AGGAG	GENOMAD.064187.VV	1.314e-07	51	0	0	1	1246	Caudoviricetes	NA	NA	TIGR01558	NA
vOTU_006_28	21377	21682	306	-1	0.690	11	GGAG/GAGG	GENOMAD.045984.VV	5.846e-49	169	0	0	0	1246	Caudoviricetes	NA	NA	PF13395	HNH endonuclease
vOTU_006_29	21767	21907	141	-1	0.730	11	GGAGG	NA	NA	NA	0	0	0	1	NA	NA	NA	NA	NA
vOTU_006_30	21864	22040	177	-1	0.689	11	GGA/GAG/AGG	NA	NA	NA	0	0	0	1	NA	NA	NA	NA	NA
vOTU_006_31	22359	22571	213	-1	0.676	11	GGxGG	NA	NA	NA	0	0	0	1	NA	NA	NA	NA	NA
vOTU_006_32	22568	23491	924	-1	0.682	11	AGGAG	GENOMAD.104064.VV	0.000126	46	0	0	0	1246	Caudoviricetes	NA	NA	PF14205;COG5349;TIGR04165	NA
vOTU_006_33	23484	23834	351	-1	0.687	11	GGAGG	NA	NA	NA	0	0	0	1	NA	NA	NA	NA	NA
vOTU_006_34	23812	24300	489	-1	0.658	11	GGA/GAG/AGG	NA	NA	NA	0	0	0	1	NA	NA	NA	NA	NA
vOTU_006_35	24290	24799	510	-1	0.655	11	AGGAG	NA	NA	NA	0	0	0	1	NA	NA	NA	NA	NA
vOTU_006_36	24796	24954	159	-1	0.648	11	AGxAGG/AGGxGG	NA	NA	NA	0	0	0	1	NA	NA	NA	NA	NA
vOTU_006_37	24951	25268	318	-1	0.676	11	None	NA	NA	NA	0	0	0	1	NA	NA	NA	NA	NA
vOTU_006_38	25265	25495	231	-1	0.632	11	AGGAG	NA	NA	NA	0	0	0	1	NA	NA	NA	NA	NA
vOTU_006_39	25492	25785	294	-1	0.694	11	3Base/5BMM	NA	NA	NA	0	0	0	1	NA	NA	NA	NA	NA
vOTU_006_40	25790	26371	582	-1	0.698	11	GGA/GAG/AGG	GENOMAD.102193.VV	5.009e-61	209	0	0	0	1	NA	NA	NA	NA	NA
vOTU_006_41	26789	27100	312	-1	0.731	11	GGAG/GAGG	GENOMAD.154815.VP	7.45e-24	97	0	0	0	1246	Caudoviricetes	NA	NA	NA	NA
vOTU_006_42	27769	28230	462	-1	0.673	11	GGA/GAG/AGG	NA	NA	NA	0	0	0	1	NA	NA	NA	NA	NA
vOTU_006_43	28314	28469	156	1	0.712	11	GGAGG	NA	NA	NA	0	0	0	1	NA	NA	NA	NA	NA
vOTU_006_44	28618	29028	411	-1	0.703	11	None	GENOMAD.022759.VV	3.891e-11	62	0	0	0	1246	Caudoviricetes	NA	NA	NA	NA
vOTU_006_45	29025	29921	897	-1	0.640	11	AGGAG	GENOMAD.129560.VP	4.724e-42	159	0	0	0	1246	Caudoviricetes	NA	NA	PF00145;TIGR00675;K00558;COG0270	DNA-methyltransferase (dcm)
vOTU_006_46	29918	31213	1296	-1	0.665	11	GGAG/GAGG	GENOMAD.116403.VP	1.07e-120	394	0	0	0	1246	Caudoviricetes	NA	NA	PF13871	C-terminal domain on Strawberry notch homologue
vOTU_006_47	31210	31650	441	-1	0.683	11	AGxAGG/AGGxGG	NA	NA	NA	0	0	0	1	NA	NA	NA	NA	NA
vOTU_006_48	31640	32431	792	-1	0.736	11	AGGAG	NA	NA	NA	0	0	0	1	NA	NA	NA	NA	NA
vOTU_006_49	32428	32652	225	-1	0.636	11	AGGAG	NA	NA	NA	0	0	0	1	NA	NA	NA	NA	NA
vOTU_006_50	32656	33621	966	-1	0.719	11	GGAG/GAGG	GENOMAD.153453.VP	2.741e-18	89	0	0	1	1246	Caudoviricetes	NA	NA	PF09588;COG5377;TIGR03033	Phage-related protein, predicted endonuclease
vOTU_006_51	33618	33803	186	-1	0.640	11	GGxGG	NA	NA	NA	0	0	0	1	NA	NA	NA	NA	NA
vOTU_006_52	34048	34287	240	-1	0.717	11	GGxGG	NA	NA	NA	0	0	0	1	NA	NA	NA	NA	NA
vOTU_006_53	34586	35338	753	-1	0.708	11	GGxGG	GENOMAD.176510.VP	2.429e-08	57	0	0	0	1246	Caudoviricetes	NA	NA	PF02498;COG3617	Prophage antirepressor
vOTU_006_54	35366	35848	483	1	0.634	11	None	NA	NA	NA	0	0	0	1	NA	NA	NA	NA	NA
vOTU_006_55	35775	35948	174	-1	0.644	11	GGxGG	NA	NA	NA	0	0	0	1	NA	NA	NA	NA	NA
vOTU_006_56	36023	36229	207	1	0.643	11	None	NA	NA	NA	0	0	0	1	NA	NA	NA	NA	NA
vOTU_006_57	36485	36880	396	1	0.659	11	None	NA	NA	NA	0	0	0	1	NA	NA	NA	NA	NA
vOTU_006_58	36947	37171	225	-1	0.684	11	GGxGG	NA	NA	NA	0	0	0	1	NA	NA	NA	NA	NA
vOTU_006_59	37168	37362	195	-1	0.687	11	AGGA/GGAG/GAGG	NA	NA	NA	0	0	0	1	NA	NA	NA	NA	NA
vOTU_006_60	37508	37921	414	1	0.647	11	None	NA	NA	NA	0	0	0	1	NA	NA	NA	NA	NA
vOTU_006_61	37905	38366	462	1	0.675	11	GGA/GAG/AGG	GENOMAD.189732.VP	5.91e-32	123	0	0	1	1246	Caudoviricetes	NA	NA	PF17288;PF13058;COG2856	Terminase RNAseH like domain
vOTU_006_62	38366	39529	1164	1	0.696	11	AGGAG	NA	NA	NA	0	0	0	1	NA	NA	NA	NA	NA
vOTU_007_1	1	315	315	-1	0.597	11	GGA/GAG/AGG	NA	NA	NA	0	0	0	1	NA	NA	NA	NA	NA
vOTU_007_2	513	1361	849	-1	0.595	11	AGGAG	NA	NA	NA	0	0	0	1	NA	NA	NA	NA	NA
vOTU_007_3	1399	2751	1353	-1	0.617	11	GGAG/GAGG	GENOMAD.152011.VP	8.4e-91	308	0	0	0	1246	Caudoviricetes	NA	NA	NA	NA
vOTU_007_4	2818	3480	663	-1	0.640	11	None	GENOMAD.171651.VP	2.919e-71	240	0	0	1	1246	Caudoviricetes	NA	NA	PF10076	Bacteriophage Mu-like, Gp48
vOTU_007_5	3480	4613	1134	-1	0.633	11	GGA/GAG/AGG	GENOMAD.161610.VP	7.64e-65	229	0	0	1	1246	Caudoviricetes	NA	NA	PF04865;COG3299	Baseplate J-like protein
vOTU_007_6	4613	4996	384	-1	0.661	11	GGAGG	GENOMAD.170676.VP	1.349e-52	181	0	0	1	1246	Caudoviricetes	NA	NA	PF10934;COG3628;K06903;TIGR03357	Phage baseplate assembly protein W
vOTU_007_7	4993	5541	549	-1	0.634	11	GGAGG	GENOMAD.136131.VV	1.225e-36	138	0	0	1	1246	Caudoviricetes	NA	NA	PF04717;COG4540;TIGR01644	Phage P2 baseplate assembly protein gpV
vOTU_007_8	5538	6662	1125	-1	0.604	11	GGxGG	GENOMAD.098633.VV	3.573e-86	291	0	0	1	1246	Caudoviricetes	NA	NA	PF05954;COG4379;K06905;TIGR03361	Mu-like prophage tail protein gpP
vOTU_007_9	6655	7611	957	-1	0.644	11	None	GENOMAD.205286.VP	2.655e-33	134	0	0	0	1246	Caudoviricetes	NA	NA	PF06995;COG3499	Phage protein U
vOTU_007_10	7608	9575	1968	-1	0.584	11	GGAGG	NA	NA	NA	0	0	0	1	NA	NA	NA	NA	NA
vOTU_007_11	9795	10283	489	-1	0.628	11	None	GENOMAD.162181.VP	9.169e-57	195	0	0	1	1246	Caudoviricetes	NA	NA	PF05069;COG5005;TIGR01635	Mu-like prophage protein gpG
vOTU_007_12	10387	11106	720	-1	0.617	11	GGAG/GAGG	GENOMAD.178041.VP	3.744e-39	148	0	0	0	1246	Caudoviricetes	NA	NA	PF03374;PF09669;COG3645;TIGR02681	Phage antirepressor protein YoqD, KilAC domain
vOTU_007_13	11106	11414	309	-1	0.608	11	AGGAG	NA	NA	NA	0	0	0	1	NA	NA	NA	NA	NA
vOTU_007_14	11724	12410	687	1	0.504	11	GGAG/GAGG	NA	NA	NA	0	0	0	1	NA	NA	NA	NA	NA
vOTU_007_15	12574	12957	384	-1	0.604	11	AGxAGG/AGGxGG	GENOMAD.088634.VV	5.669e-21	90	0	0	0	1246	Caudoviricetes	NA	NA	NA	NA
vOTU_007_16	12960	13394	435	-1	0.632	11	AGGAG	GENOMAD.167524.VP	4.789e-47	166	0	0	0	1246	Caudoviricetes	NA	NA	PF06995;COG3499	Phage protein U
vOTU_007_17	13436	14968	1533	-1	0.633	11	AGGAG	GENOMAD.008961.VV	0.0002865	46	0	0	1	1246	Caudoviricetes	NA	NA	PF11649;K21531	Virus neck protein
vOTU_007_18	14981	15148	168	-1	0.619	11	AGGA	NA	NA	NA	0	0	0	1	NA	NA	NA	NA	NA
vOTU_007_19	15161	15763	603	-1	0.638	11	GGAG/GAGG	GENOMAD.208908.VP	1.684e-19	89	0	0	0	1246	Caudoviricetes	NA	NA	NA	NA
vOTU_007_20	15798	16034	237	1	0.549	11	GGA/GAG/AGG	NA	NA	NA	0	0	0	1	NA	NA	NA	NA	NA
vOTU_007_21	16001	16348	348	-1	0.624	11	None	GENOMAD.095654.VV	3.439e-29	113	0	0	0	1246	Caudoviricetes	NA	NA	NA	NA
vOTU_007_22	16348	17265	918	-1	0.634	11	None	NA	NA	NA	0	0	0	1	NA	NA	NA	NA	NA
vOTU_007_23	17265	17507	243	-1	0.638	11	GGAG/GAGG	NA	NA	NA	0	0	0	1	NA	NA	NA	NA	NA
vOTU_007_24	17560	18591	1032	-1	0.621	11	AGGAG	NA	NA	NA	0	0	0	1	NA	NA	NA	NA	NA
vOTU_007_25	18623	20011	1389	-1	0.631	11	None	NA	NA	NA	0	0	0	1	NA	NA	NA	NA	NA
vOTU_007_26	20016	20633	618	-1	0.650	11	GGAG/GAGG	NA	NA	NA	0	0	0	1	NA	NA	NA	NA	NA
vOTU_007_27	20722	21030	309	-1	0.654	11	AGGA	GENOMAD.173871.VV	4.713e-28	109	0	0	0	1246	Caudoviricetes	NA	NA	NA	NA
vOTU_007_28	21033	22361	1329	-1	0.625	11	AGxAGG/AGGxGG	NA	NA	NA	0	0	0	1	NA	NA	NA	NA	NA
vOTU_007_29	22363	23808	1446	-1	0.586	11	None	GENOMAD.087713.VP	9.129e-36	146	0	0	1	1246	Caudoviricetes	NA	NA	PF03237;COG4626	Phage terminase-like protein, large subunit, contains N-terminal HTH domain
vOTU_007_30	23805	24521	717	-1	0.643	11	GGAG/GAGG	NA	NA	NA	0	0	0	1	NA	NA	NA	NA	NA
vOTU_007_31	24669	24911	243	-1	0.609	11	AGxAGG/AGGxGG	NA	NA	NA	0	0	0	1	NA	NA	NA	NA	NA
vOTU_007_32	24911	25267	357	-1	0.664	11	AGGAG	NA	NA	NA	0	0	0	1	NA	NA	NA	NA	NA
vOTU_007_33	25264	25479	216	-1	0.556	11	AGGAG	NA	NA	NA	0	0	0	1	NA	NA	NA	NA	NA
vOTU_007_34	25479	26360	882	-1	0.666	11	GGAG/GAGG	NA	NA	NA	0	0	0	1	NA	NA	NA	NA	NA
vOTU_007_35	26411	26611	201	-1	0.706	11	GGAG/GAGG	NA	NA	NA	0	0	0	1	NA	NA	NA	NA	NA
vOTU_007_36	26608	27327	720	-1	0.578	11	None	GENOMAD.068235.VV	2.406e-17	84	0	0	1	1246	Caudoviricetes	NA	NA	PF04492;TIGR01714	Bacteriophage replication protein O
vOTU_007_37	27324	28760	1437	-1	0.637	11	GGA/GAG/AGG	GENOMAD.068048.VV	4.553e-11	68	0	0	1	1246	Caudoviricetes	NA	NA	PF20307;TIGR03600;K02314;COG0305	phage replicative helicase, DnaB family, HK022 subfamily
vOTU_007_38	28754	28939	186	-1	0.634	11	GGAG/GAGG	NA	NA	NA	0	0	0	1	NA	NA	NA	NA	NA
vOTU_007_39	28936	29280	345	-1	0.629	11	GGA/GAG/AGG	GENOMAD.111853.VV	1.627e-52	180	0	0	0	1246	Caudoviricetes	NA	NA	PF05866;K01160;COG4570	Holliday junction resolvase RusA (prophage-encoded endonuclease)
vOTU_007_40	29280	29489	210	-1	0.662	11	GGA/GAG/AGG	NA	NA	NA	0	0	0	1	NA	NA	NA	NA	NA
vOTU_007_41	29489	30421	933	-1	0.606	11	AGGA	GENOMAD.048995.VV	1.138e-27	117	0	0	0	1246	Caudoviricetes	NA	NA	PF10065;COG5532	Uncharacterized conserved protein YfdQ, DUF2303 family
vOTU_007_42	30463	30882	420	-1	0.629	11	AGGAG	GENOMAD.090043.VV	5.27e-27	108	0	0	0	1246	Caudoviricetes	NA	NA	NA	NA
vOTU_007_43	30958	31122	165	-1	0.691	11	None	NA	NA	NA	0	0	0	1	NA	NA	NA	NA	NA
vOTU_007_44	31646	32536	891	-1	0.682	11	GGAG/GAGG	NA	NA	NA	0	0	0	1	NA	NA	NA	NA	NA
vOTU_007_45	32536	32997	462	-1	0.621	11	GGAG/GAGG	NA	NA	NA	0	0	0	1	NA	NA	NA	NA	NA
vOTU_007_46	32997	33164	168	-1	0.673	11	GGA/GAG/AGG	NA	NA	NA	0	0	0	1	NA	NA	NA	NA	NA
vOTU_007_47	33250	33549	300	1	0.543	11	GGA/GAG/AGG	NA	NA	NA	0	0	0	1	NA	NA	NA	NA	NA
vOTU_007_48	33546	33716	171	-1	0.591	11	GGA/GAG/AGG	NA	NA	NA	0	0	0	1	NA	NA	NA	NA	NA
vOTU_007_49	33713	33943	231	-1	0.571	11	GGA/GAG/AGG	GENOMAD.125963.VV	4.014e-11	59	0	0	0	1246	Caudoviricetes	NA	NA	NA	NA
vOTU_007_50	34779	35117	339	1	0.661	11	GGAG/GAGG	NA	NA	NA	0	0	0	1	NA	NA	NA	NA	NA
vOTU_007_51	35114	35245	132	1	0.659	11	None	NA	NA	NA	0	0	0	1	NA	NA	NA	NA	NA
vOTU_007_52	35245	35550	306	1	0.595	11	GGxGG	NA	NA	NA	0	0	0	1	NA	NA	NA	NA	NA
vOTU_007_53	35550	35843	294	1	0.639	11	GGAG/GAGG	NA	NA	NA	0	0	0	1	NA	NA	NA	NA	NA
vOTU_007_54	35840	36145	306	1	0.641	11	GGAGG	NA	NA	NA	0	0	0	1	NA	NA	NA	NA	NA
vOTU_007_55	36145	36303	159	1	0.698	11	GGAG/GAGG	NA	NA	NA	0	0	0	1	NA	NA	NA	NA	NA
vOTU_007_56	36300	36692	393	1	0.669	11	None	NA	NA	NA	0	0	0	1	NA	NA	NA	NA	NA
vOTU_007_57	36704	37618	915	1	0.627	11	GGA/GAG/AGG	NA	NA	NA	0	0	0	1	NA	NA	NA	NA	NA
vOTU_007_58	37615	37995	381	1	0.633	11	GGAG/GAGG	GENOMAD.169611.VP	1.957e-05	45	0	0	0	1	NA	NA	NA	NA	NA
vOTU_007_59	38026	39069	1044	1	0.642	11	GGAG/GAGG	GENOMAD.192631.VV	5.023e-38	149	0	0	0	1246	Caudoviricetes	NA	NA	PF03837;TIGR01913	RecT family
vOTU_007_60	39112	39258	147	1	0.639	11	AGGA	NA	NA	NA	0	0	0	1	NA	NA	NA	NA	NA
vOTU_008_1	2	442	441	-1	0.571	11	GGAG/GAGG	NA	NA	NA	0	0	0	1	NA	NA	NA	NA	NA
vOTU_008_2	473	1036	564	-1	0.598	11	GGA/GAG/AGG	GENOMAD.044962.VV	1.651e-11	65	0	0	1	1246	Caudoviricetes	NA	NA	PF21882	Putative tail fiber protein gp53-like, C-terminal
vOTU_008_3	1047	1802	756	-1	0.627	11	None	GENOMAD.129874.VP	6.479e-21	95	0	0	1	1246	Caudoviricetes	NA	NA	PF10076;COG3778;TIGR02242	Uncharacterized protein YmfQ in lambdoid prophage, DUF2313 family
vOTU_008_4	1799	2938	1140	-1	0.640	11	GGAG/GAGG	GENOMAD.117356.VP	2.357e-40	157	0	0	1	1246	Caudoviricetes	NA	NA	PF04865;COG3299;TIGR02243	Baseplate J-like protein
vOTU_008_5	2938	3462	525	-1	0.613	11	GGA/GAG/AGG	GENOMAD.108660.VV	1.39e-21	94	0	0	1	1246	Caudoviricetes	NA	NA	PF07409;COG4381;K21530	Phage protein GP46
vOTU_008_6	3471	4052	582	-1	0.617	11	None	NA	NA	NA	0	0	0	1	NA	NA	NA	NA	NA
vOTU_008_7	4049	5161	1113	-1	0.593	11	None	GENOMAD.219885.VP	2.838e-50	186	0	0	1	1246	Caudoviricetes	NA	NA	PF05954;COG4379;TIGR03361;K06905	Mu-like prophage tail protein gpP
vOTU_008_8	5158	6480	1323	-1	0.642	11	AGGAG	GENOMAD.113154.VV	1.341e-77	269	0	0	0	1246	Caudoviricetes	NA	NA	PF07157;COG4228	Mu-like prophage DNA circulation protein
vOTU_008_9	6980	8647	1668	-1	0.628	11	GGAGG	NA	NA	NA	0	0	0	1	NA	NA	NA	NA	NA
vOTU_008_10	8758	9036	279	-1	0.595	11	GGA/GAG/AGG	GENOMAD.103857.VV	5.014e-08	51	0	0	1	1246	Caudoviricetes	NA	NA	PF10109	Phage tail assembly chaperone proteins, E, or 41 or 14
vOTU_008_11	9048	9419	372	-1	0.594	11	GGAG/GAGG	GENOMAD.062821.VV	3.593e-24	99	0	0	1	1246	Caudoviricetes	NA	NA	PF10618	Phage tail tube protein
vOTU_008_12	9447	10940	1494	-1	0.623	11	AGGAG	GENOMAD.108416.VP	8.324e-116	383	0	0	1	1246	Caudoviricetes	NA	NA	PF11863;COG4386	Mu-like prophage tail sheath protein gpL
vOTU_008_13	10944	11147	204	-1	0.681	11	GGAG/GAGG	NA	NA	NA	0	0	0	1	NA	NA	NA	NA	NA
vOTU_008_14	11158	11703	546	-1	0.643	11	None	GENOMAD.064227.VV	1.079e-37	141	0	0	1	1246	Caudoviricetes	NA	NA	PF06141	Phage minor tail protein U
vOTU_008_15	11700	12056	357	-1	0.599	11	GGA/GAG/AGG	GENOMAD.079934.VV	3.537e-22	93	0	0	0	1246	Caudoviricetes	NA	NA	PF05354	Phage Head-Tail Attachment
vOTU_008_16	12060	13091	1032	-1	0.584	11	GGAG/GAGG	GENOMAD.105303.VP	2.921e-73	252	0	0	1	12034	Casjensviridae	NA	NA	PF05876;COG5525;K21512;TIGR01547	Phage terminase, large subunit GpA
vOTU_008_17	13219	13893	675	-1	0.637	11	AGGAG	GENOMAD.080031.VV	4.403e-29	118	0	0	0	1246	Caudoviricetes	NA	NA	PF02924	Bacteriophage lambda head decoration protein D
vOTU_008_18	13950	14687	738	-1	0.657	11	AGGAG	NA	NA	NA	0	0	0	1	NA	NA	NA	NA	NA
vOTU_008_19	14744	15613	870	-1	0.646	11	GGAG/GAGG	GENOMAD.160855.VP	2.733e-13	73	0	0	0	1246	Caudoviricetes	NA	NA	PF00574;TIGR00706;COG0740	signal peptide peptidase SppA, 36K type
vOTU_008_20	15610	15909	300	-1	0.613	11	GGAG/GAGG	NA	NA	NA	0	0	0	1	NA	NA	NA	NA	NA
vOTU_008_21	15909	17600	1692	-1	0.624	11	None	GENOMAD.192924.VP	4.446e-84	293	0	0	1	1246	Caudoviricetes	NA	NA	PF21683	Mu phage baseplate assembly protein GpP-like, N-terminal
vOTU_008_22	17600	17866	267	-1	0.622	11	AGGAG	NA	NA	NA	0	0	0	1	NA	NA	NA	NA	NA
vOTU_008_23	17877	19799	1923	-1	0.644	11	3Base/5BMM	GENOMAD.177655.VP	1.035e-142	468	0	0	1	1246	Caudoviricetes	NA	NA	PF05876;PF20454;K21512;COG5525	Phage terminase, large subunit GpA
vOTU_008_24	19951	20598	648	-1	0.639	11	GGAGG	GENOMAD.223213.VP	1.309e-06	51	0	0	1	1246	Caudoviricetes	NA	NA	PF07471;COG4220;K22014	Phage DNA packaging protein, Nu1 subunit of terminase
vOTU_008_25	20730	21017	288	-1	0.656	11	None	NA	NA	NA	0	0	0	1	NA	NA	NA	NA	NA
vOTU_008_26	21017	21490	474	-1	0.586	11	GGAGG	NA	NA	NA	0	0	0	1	NA	NA	NA	NA	NA
vOTU_008_27	21492	22178	687	-1	0.623	11	GGA/GAG/AGG	GENOMAD.196834.VV	1.048e-50	181	0	0	0	1246	Caudoviricetes	NA	NA	PF20039	Prophage minor tail protein Z (GPZ)
vOTU_008_28	22142	22780	639	-1	0.621	11	GGAG/GAGG	GENOMAD.148172.VP	2.203e-79	263	0	0	0	1246	Caudoviricetes	NA	NA	PF11363	NA
vOTU_008_29	22790	23038	249	-1	0.590	11	GGA/GAG/AGG	NA	NA	NA	0	0	0	1	NA	NA	NA	NA	NA
vOTU_008_30	23165	23341	177	-1	0.672	11	None	NA	NA	NA	0	0	0	1	NA	NA	NA	NA	NA
vOTU_008_31	23397	23621	225	-1	0.702	11	GGAG/GAGG	NA	NA	NA	0	0	0	1	NA	NA	NA	NA	NA
vOTU_008_32	23775	24398	624	-1	0.681	11	GGA/GAG/AGG	GENOMAD.125336.VV	1.336e-82	272	0	0	0	1	NA	NA	NA	PF20057	NA
vOTU_008_33	24428	24832	405	-1	0.659	11	None	GENOMAD.120647.VV	2.327e-06	48	0	0	0	1246	Caudoviricetes	NA	NA	PF04358;COG4533;TIGR01610	DsrC like protein
vOTU_008_34	25018	26577	1560	-1	0.522	11	AGGA	NA	NA	NA	0	0	0	1	NA	NA	NA	NA	NA
vOTU_008_35	27228	27704	477	-1	0.616	11	None	NA	NA	NA	0	0	0	1	NA	NA	NA	NA	NA
vOTU_008_36	27955	28530	576	-1	0.634	11	GGA/GAG/AGG	NA	NA	NA	0	0	0	1	NA	NA	NA	NA	NA
vOTU_008_37	28647	28904	258	1	0.643	11	GGA/GAG/AGG	GENOMAD.223122.VP	4.703e-06	45	0	0	0	1246	Caudoviricetes	NA	NA	PF18010;K22302;TIGR00673;COG3311	Cry35Ab1 HTH C-terminal domain
vOTU_008_38	28901	29101	201	1	0.582	11	GGAG/GAGG	NA	NA	NA	0	0	0	1	NA	NA	NA	NA	NA
vOTU_008_39	29098	29751	654	1	0.639	11	GGAG/GAGG	NA	NA	NA	0	0	0	1	NA	NA	NA	NA	NA
vOTU_008_40	29748	30218	471	1	0.648	11	GGxGG	GENOMAD.141418.VV	4.715e-27	109	0	0	1	1	NA	NA	NA	PF06892	Phage regulatory protein CII (CP76)
vOTU_008_41	30323	30595	273	1	0.652	11	GGA/GAG/AGG	NA	NA	NA	0	0	0	1	NA	NA	NA	NA	NA
vOTU_008_42	30592	30987	396	1	0.689	11	None	GENOMAD.226332.VP	4.93e-57	194	0	0	0	1	NA	NA	NA	TIGR00673;K07110;COG1426	cyanase
vOTU_008_43	30984	31184	201	1	0.662	11	None	NA	NA	NA	0	0	0	1	NA	NA	NA	NA	NA
vOTU_008_44	31174	31401	228	1	0.715	11	GGAG/GAGG	NA	NA	NA	0	0	0	1	NA	NA	NA	NA	NA
vOTU_008_45	31541	31780	240	1	0.613	11	AGGAG	NA	NA	NA	0	0	0	1	NA	NA	NA	NA	NA
vOTU_008_46	31780	32196	417	1	0.609	11	None	NA	NA	NA	0	0	0	1	NA	NA	NA	NA	NA
vOTU_008_47	32193	32453	261	1	0.644	11	GGA/GAG/AGG	NA	NA	NA	0	0	0	1	NA	NA	NA	NA	NA
vOTU_008_48	32450	32770	321	1	0.639	11	GGxGG	NA	NA	NA	0	0	0	1	NA	NA	NA	NA	NA
vOTU_008_49	32770	32982	213	1	0.634	11	GGxGG	GENOMAD.174241.VV	7.663e-10	55	0	0	0	1	NA	NA	NA	NA	NA
vOTU_008_50	32979	33521	543	1	0.595	11	None	NA	NA	NA	0	0	0	1	NA	NA	NA	NA	NA
vOTU_008_51	33871	35865	1995	1	0.673	11	AGGAG	NA	NA	NA	0	0	0	1	NA	NA	NA	NA	NA
vOTU_008_52	35865	36032	168	1	0.655	11	AGxAGG/AGGxGG	NA	NA	NA	0	0	0	1	NA	NA	NA	NA	NA
vOTU_009_1	50	337	288	1	0.688	11	GGAG/GAGG	NA	NA	NA	0	0	0	1	NA	NA	NA	NA	NA
vOTU_009_2	334	735	402	1	0.721	11	GGAG/GAGG	NA	NA	NA	0	0	0	1	NA	NA	NA	NA	NA
vOTU_009_3	740	1486	747	1	0.738	11	None	NA	NA	NA	0	0	0	1	NA	NA	NA	NA	NA
vOTU_009_4	1490	1744	255	1	0.639	11	GGA/GAG/AGG	NA	NA	NA	0	0	0	1	NA	NA	NA	NA	NA
vOTU_009_5	1741	2196	456	1	0.667	11	GGAGG	NA	NA	NA	0	0	0	1	NA	NA	NA	NA	NA
vOTU_009_6	2193	2348	156	1	0.641	11	GGxGG	NA	NA	NA	0	0	0	1	NA	NA	NA	NA	NA
vOTU_009_7	2345	3487	1143	1	0.688	11	GGAGG	NA	NA	NA	0	0	0	1	NA	NA	NA	NA	NA
vOTU_009_8	3484	3756	273	1	0.678	11	GGA/GAG/AGG	NA	NA	NA	0	0	0	1	NA	NA	NA	NA	NA
vOTU_009_9	3753	5870	2118	1	0.685	11	GGA/GAG/AGG	GENOMAD.057118.VV	1.537e-24	113	0	0	0	1246	Caudoviricetes	NA	NA	NA	NA
vOTU_009_10	6618	7283	666	1	0.677	11	GGAG/GAGG	GENOMAD.080845.VV	7.421e-16	79	0	0	0	1246	Caudoviricetes	NA	NA	NA	NA
vOTU_009_11	7507	9087	1581	1	0.670	11	GGA/GAG/AGG	GENOMAD.005358.VV	7.025e-58	214	0	0	1	1246	Caudoviricetes	NA	NA	PF17288;PF04466;TIGR01547;COG1783;K06909	phage terminase, large subunit, PBSX family
vOTU_009_12	9075	9551	477	1	0.713	11	GGA/GAG/AGG	NA	NA	NA	0	0	0	1	NA	NA	NA	NA	NA
vOTU_009_13	9535	9762	228	1	0.728	11	GGAGG	NA	NA	NA	0	0	0	1	NA	NA	NA	NA	NA
vOTU_009_14	9762	11330	1569	1	0.679	11	None	GENOMAD.061003.VV	2.72e-45	176	0	0	1	1246	Caudoviricetes	NA	NA	PF12236	Bacteriophage head to tail connecting protein
vOTU_009_15	11327	11776	450	1	0.698	11	GGA/GAG/AGG	NA	NA	NA	0	0	0	1	NA	NA	NA	NA	NA
vOTU_009_16	11832	12401	570	1	0.696	11	None	GENOMAD.027766.VV	7.96e-05	45	0	0	1	1	NA	NA	NA	PF05396	Phage T7 capsid assembly protein
vOTU_009_17	12488	13369	882	1	0.634	11	GGAG/GAGG	GENOMAD.171903.VV	0.000115	46	0	0	1	1246	Caudoviricetes	NA	NA	PF19821;TIGR04387	Phage capsid protein
vOTU_009_18	13441	14115	675	1	0.696	11	GGA/GAG/AGG	GENOMAD.063272.VV	1.578e-07	54	0	0	1	1246	Caudoviricetes	NA	NA	PF17212	Tail tubular protein
vOTU_009_19	14117	14602	486	1	0.679	11	GGAGG	GENOMAD.066277.VV	2.185e-05	46	0	0	0	1	NA	NA	NA	NA	NA
vOTU_009_20	14599	16716	2118	1	0.688	11	GGAG/GAGG	GENOMAD.069518.VV	3.283e-63	235	0	0	0	1	NA	NA	NA	NA	NA
vOTU_009_21	16728	17246	519	1	0.701	11	GGAGG	NA	NA	NA	0	0	0	1	NA	NA	NA	NA	NA
vOTU_009_22	17246	19831	2586	1	0.723	11	AGxAGG/AGGxGG	NA	NA	NA	0	0	0	1	NA	NA	NA	NA	NA
vOTU_009_23	19828	22572	2745	1	0.711	11	None	GENOMAD.141115.VV	6.656e-48	190	0	0	0	1246	Caudoviricetes	NA	NA	TIGR04285	NA
vOTU_009_24	22572	25241	2670	1	0.701	11	GGAGG	GENOMAD.126373.VP	3.634e-79	288	0	0	0	1246	Caudoviricetes	NA	NA	NA	NA
vOTU_009_25	25287	25880	594	1	0.689	11	None	NA	NA	NA	0	0	0	1	NA	NA	NA	NA	NA
vOTU_009_26	25880	27199	1320	1	0.700	11	GGAG/GAGG	NA	NA	NA	0	0	0	1	NA	NA	NA	NA	NA
vOTU_010_1	1	1239	1239	-1	0.623	11	GGAG/GAGG	GENOMAD.084248.VV	5.477e-64	228	0	0	0	1246	Caudoviricetes	NA	NA	NA	NA
vOTU_010_2	1302	2402	1101	-1	0.620	11	GGA/GAG/AGG	NA	NA	NA	0	0	0	1	NA	NA	NA	NA	NA
vOTU_010_3	2412	4400	1989	-1	0.582	11	AGxAGG/AGGxGG	NA	NA	NA	0	0	0	1	NA	NA	NA	NA	NA
vOTU_010_4	4400	5344	945	-1	0.617	11	GGAG/GAGG	GENOMAD.082147.VV	1.759e-54	196	0	0	0	12391	Kochitakasuvirus	NA	NA	NA	NA
vOTU_010_5	5356	7188	1833	-1	0.621	11	None	GENOMAD.167039.VP	2.274e-67	245	0	0	0	1246	Caudoviricetes	NA	NA	NA	NA
vOTU_010_6	7206	7646	441	-1	0.615	11	GGAG/GAGG	GENOMAD.123371.VP	7.688e-26	105	0	0	0	1246	Caudoviricetes	NA	NA	NA	NA
vOTU_010_7	7646	8029	384	-1	0.594	11	AGxAGG/AGGxGG	GENOMAD.004870.VV	2.401e-13	68	0	0	1	1246	Caudoviricetes	NA	NA	PF23140	Podophage GP4 fiber I protein gp80
vOTU_010_8	8042	8560	519	-1	0.609	11	AGGA/GGAG/GAGG	GENOMAD.021422.VV	1.521e-38	143	0	0	0	1246	Caudoviricetes	NA	NA	NA	NA
vOTU_010_9	8557	9768	1212	-1	0.617	11	GGAG/GAGG	GENOMAD.151869.VP	2.36e-106	351	0	0	0	1246	Caudoviricetes	NA	NA	NA	NA
vOTU_010_10	9768	10430	663	-1	0.609	11	None	GENOMAD.041155.VV	1.633e-12	69	0	0	1	1246	Caudoviricetes	NA	NA	PF20387	NA
vOTU_010_11	10434	10823	390	-1	0.587	11	GGAG/GAGG	NA	NA	NA	0	0	0	1	NA	NA	NA	NA	NA
vOTU_010_12	10875	11270	396	-1	0.621	11	GGAG/GAGG	GENOMAD.059283.VV	1.016e-24	101	0	0	0	1246	Caudoviricetes	NA	NA	NA	NA
vOTU_010_13	11318	12436	1119	-1	0.601	11	AGGA	GENOMAD.021025.VV	1.6e-62	222	0	0	1	1246	Caudoviricetes	NA	NA	TIGR04387	major capsid protein, N4-gp56 family
vOTU_010_14	12680	13636	957	-1	0.608	11	GGAG/GAGG	GENOMAD.058304.VV	9.855e-15	78	0	0	0	1246	Caudoviricetes	NA	NA	NA	NA
vOTU_010_15	13661	13822	162	-1	0.549	11	AGGAG	GENOMAD.065708.VV	1.036e-13	65	0	0	0	1	NA	NA	NA	NA	NA
vOTU_010_16	13819	15918	2100	-1	0.613	11	GGA/GAG/AGG	GENOMAD.032997.VV	6.13e-37	153	0	0	0	1246	Caudoviricetes	NA	NA	NA	NA
vOTU_010_17	15920	17458	1539	-1	0.611	11	GGA/GAG/AGG	GENOMAD.111208.VP	4.978e-58	214	0	0	1	1246	Caudoviricetes	NA	NA	PF20441	Terminase large subunit, endonuclease domain
vOTU_010_18	17462	17833	372	-1	0.583	11	GGA/GAG/AGG	GENOMAD.009811.VV	1.203e-27	109	0	0	0	1246	Caudoviricetes	NA	NA	PF13876	Phage protein (N4 Gp49/phage Sf6 gene 66) family
vOTU_010_19	17956	18246	291	-1	0.612	11	GGA/GAG/AGG	GENOMAD.225011.VP	2.998e-22	92	0	0	0	1246	Caudoviricetes	NA	NA	NA	NA
vOTU_010_20	18291	18458	168	-1	0.595	11	GGAG/GAGG	NA	NA	NA	0	0	0	1	NA	NA	NA	NA	NA
vOTU_010_21	18581	18772	192	-1	0.526	11	AGGAGG	GENOMAD.224021.VP	2.71e-16	73	0	0	0	1246	Caudoviricetes	NA	NA	NA	NA
vOTU_010_22	19072	19476	405	-1	0.593	11	GGAG/GAGG	NA	NA	NA	0	0	0	1	NA	NA	NA	NA	NA
vOTU_010_23	19473	20090	618	-1	0.587	11	GGAG/GAGG	GENOMAD.076022.VV	5.413e-57	198	0	0	0	1246	Caudoviricetes	NA	NA	NA	NA
vOTU_010_24	20115	20621	507	-1	0.607	11	None	GENOMAD.168728.VP	9.602e-24	100	0	0	0	4653	Litunavirus	NA	NA	PF10721	NA
vOTU_010_25	20618	21046	429	-1	0.604	11	AGGAG	GENOMAD.082189.VV	2.445e-28	112	0	0	1	1246	Caudoviricetes	NA	NA	PF00959;COG3772	Phage-related lysozyme (muramidase), GH24 family
vOTU_010_26	21056	21376	321	-1	0.623	11	GGAGG	GENOMAD.099299.VV	1.231e-43	154	0	0	0	1246	Caudoviricetes	NA	NA	NA	NA
vOTU_010_27	21373	21699	327	-1	0.581	11	GGAG/GAGG	GENOMAD.072283.VV	4.485e-55	187	0	0	0	1246	Caudoviricetes	NA	NA	NA	NA
vOTU_010_28	21849	22133	285	1	0.604	11	GGA/GAG/AGG	NA	NA	NA	0	0	0	1	NA	NA	NA	NA	NA
vOTU_010_29	22130	22480	351	-1	0.604	11	AGGAG	NA	NA	NA	0	0	0	1	NA	NA	NA	NA	NA
vOTU_010_30	22493	23104	612	-1	0.611	11	GGAGG	GENOMAD.069979.VV	8.774e-77	255	0	0	1	1246	Caudoviricetes	NA	NA	PF05766;TIGR02646	Bacteriophage Lambda NinG protein
vOTU_010_31	23104	23520	417	-1	0.614	11	GGA/GAG/AGG	GENOMAD.141296.VP	9.631e-37	136	0	0	0	1246	Caudoviricetes	NA	NA	PF05772	NinB protein
vOTU_010_32	23517	23762	246	-1	0.573	11	GGA/GAG/AGG	GENOMAD.150649.VV	5.141e-33	122	0	0	0	1	NA	NA	NA	NA	NA
vOTU_010_33	23759	24070	312	-1	0.622	11	GGAG/GAGG	NA	NA	NA	0	0	0	1	NA	NA	NA	NA	NA
vOTU_010_34	24063	24311	249	-1	0.566	11	GGAGG	NA	NA	NA	0	0	0	1	NA	NA	NA	NA	NA
vOTU_010_35	24311	25078	768	-1	0.648	11	None	GENOMAD.120801.VV	1.445e-38	147	0	0	1	1246	Caudoviricetes	NA	NA	PF06992	Replication protein P
vOTU_010_36	25075	25833	759	-1	0.594	11	AGGA	GENOMAD.015239.VV	1.486e-36	141	0	0	0	1246	Caudoviricetes	NA	NA	PF17948	DnaT DNA-binding domain
vOTU_010_37	25833	26567	735	-1	0.571	11	None	GENOMAD.142049.VP	4.26e-122	388	0	0	0	1246	Caudoviricetes	NA	NA	PF09669;COG3646;TIGR02681	Phage regulatory protein Rha
vOTU_011_1	3	83	81	-1	0.617	11	GGAGG	NA	NA	NA	0	0	0	1	NA	NA	NA	NA	NA
vOTU_011_2	80	427	348	-1	0.626	11	GGAG/GAGG	GENOMAD.177448.VC	0.0007311	40	0	0	0	1	NA	NA	NA	PF03852;COG3727;TIGR00632	DNA mismatch endonuclease Vsr
vOTU_011_3	504	1553	1050	-1	0.677	11	GGA/GAG/AGG	GENOMAD.191055.CP	2.549e-07	55	0	0	0	1	NA	NA	NA	TIGR01729	taurine ABC transporter, periplasmic binding protein
vOTU_011_4	1645	3540	1896	-1	0.683	11	None	NA	NA	NA	0	0	0	1	NA	NA	NA	NA	NA
vOTU_011_5	3647	4117	471	1	0.652	11	GGA/GAG/AGG	GENOMAD.182942.VC	4.231e-05	45	0	0	0	1	NA	NA	NA	COG2983;K09160	Uncharacterized cysteine cluster protein YcgN, CxxCxxCC family
vOTU_011_6	4178	6586	2409	1	0.651	11	GGAG/GAGG	NA	NA	NA	0	0	0	1	NA	NA	NA	NA	NA
vOTU_011_7	6583	7005	423	1	0.664	11	GGAG/GAGG	NA	NA	NA	0	0	0	1	NA	NA	NA	NA	NA
vOTU_011_8	7449	8714	1266	1	0.697	11	None	NA	NA	NA	0	0	0	1	NA	NA	NA	NA	NA
vOTU_011_9	8768	9040	273	1	0.689	11	AGGAG	GENOMAD.181585.VP	6.682e-12	62	0	0	0	12034	Casjensviridae	NA	NA	NA	NA
vOTU_011_10	9037	10227	1191	1	0.686	11	None	GENOMAD.126429.VV	3.274e-07	55	0	0	0	1246	Caudoviricetes	NA	NA	NA	NA
vOTU_011_11	10240	10515	276	1	0.688	11	GGAG/GAGG	GENOMAD.062275.VV	1.332e-05	44	0	0	0	3782	Aurunvirus	NA	NA	NA	NA
vOTU_011_12	10530	11681	1152	1	0.699	11	AGGAGG	GENOMAD.065578.VV	2.875e-58	210	0	0	1	1246	Caudoviricetes	NA	NA	PF04860;PF04233;TIGR01537;COG4695;K06904	phage portal protein, HK97 family
vOTU_011_13	11894	12118	225	1	0.702	11	AGGAG	GENOMAD.170953.VC	1.159e-14	69	0	0	0	1246	Caudoviricetes	NA	NA	PF10779	NA
vOTU_011_14	12118	12582	465	1	0.701	11	GGAGG	GENOMAD.095259.VC	1.254e-13	70	0	0	1	1246	Caudoviricetes	NA	NA	PF04586;PF12518;TIGR01543;K06904;COG3740	phage prohead protease, HK97 family
vOTU_011_15	12659	12931	273	1	0.480	11	GGAG/GAGG	NA	NA	NA	0	0	0	1	NA	NA	NA	NA	NA
vOTU_011_16	13269	13910	642	1	0.634	11	GGAGG	GENOMAD.052417.CC	6.249e-30	120	0	0	0	1	NA	NA	NA	NA	NA
vOTU_011_17	13950	14492	543	-1	0.683	11	GGxGG	NA	NA	NA	0	0	0	1	NA	NA	NA	NA	NA
vOTU_011_18	14655	15842	1188	1	0.694	11	GGA/GAG/AGG	GENOMAD.158601.VC	1.575e-42	164	0	0	0	1246	Caudoviricetes	NA	NA	PF13547;PF09343;TIGR02217;COG5448	GTA TIM-barrel-like domain; Conserved hypothetical protein 2217 (DUF2460)
vOTU_011_19	15785	18079	2295	1	0.715	11	GGxGG	GENOMAD.126384.VC	5.684e-57	217	0	0	0	1246	Caudoviricetes	NA	NA	PF13547	GTA TIM-barrel-like domain
vOTU_011_20	18187	19089	903	1	0.685	11	AGGAG/GGAGG	GENOMAD.092059.VV	6.721e-13	72	0	0	0	1246	Caudoviricetes	NA	NA	PF00226;K05516;TIGR02349;COG0484	chaperone protein DnaJ
vOTU_011_21	19114	20250	1137	1	0.680	11	None	GENOMAD.147733.CP	1.792e-97	324	0	0	0	1	NA	NA	NA	PF19488;K00831;TIGR01365;COG1932	phosphoserine aminotransferase, Methanosarcina type
vOTU_011_22	20341	21636	1296	1	0.670	11	GGAG/GAGG	NA	NA	NA	0	0	0	1	NA	NA	NA	NA	NA
vOTU_011_23	21718	22521	804	1	0.679	11	GGAG/GAGG	NA	NA	NA	0	0	0	1	NA	NA	NA	NA	NA
vOTU_011_24	22560	23447	888	-1	0.615	11	GGAGG	GENOMAD.182050.VC	7.386e-16	81	0	0	0	1246	Caudoviricetes	NA	NA	PF12645;K03087;TIGR02997;COG0568	RNA polymerase sigma factor, cyanobacterial RpoD-like family
vOTU_011_25	23648	24658	1011	-1	0.664	11	None	GENOMAD.126268.CP	2.071e-26	114	0	0	0	1	NA	NA	NA	K09992;COG4813	Trehalose utilization protein
vOTU_011_26	24703	25710	1008	-1	0.706	11	None	NA	NA	NA	0	0	0	1	NA	NA	NA	NA	NA
vOTU_011_27	25766	26062	297	-1	0.636	11	None	NA	NA	NA	0	0	0	1	NA	NA	NA	NA	NA
vOTU_012_1	114	1160	1047	-1	0.645	11	GGAG/GAGG	GENOMAD.166960.VP	0.0006592	44	0	0	1	1246	Caudoviricetes	NA	NA	PF04860;COG5518;TIGR01537	Bacteriophage capsid portal protein
vOTU_012_2	1160	2959	1800	-1	0.630	11	None	GENOMAD.151636.VP	3.703e-111	374	0	0	0	1246	Caudoviricetes	NA	NA	COG5484	Uncharacterized protein YjcR, contains N-terminal HTH domain
vOTU_012_3	3127	3969	843	1	0.676	11	AGGA	GENOMAD.042716.VV	1.599e-60	212	0	0	0	1246	Caudoviricetes	NA	NA	COG4388	Mu-like prophage I protein
vOTU_012_4	4033	5046	1014	1	0.629	11	GGAG/GAGG	GENOMAD.059047.VV	9.82e-30	124	0	0	1	1246	Caudoviricetes	NA	NA	PF05125;PF06528;TIGR01551	phage major capsid protein, P2 family
vOTU_012_5	5058	5759	702	1	0.674	11	GGAG/GAGG	GENOMAD.034571.VV	6.187e-40	150	0	0	1	1246	Caudoviricetes	NA	NA	PF05944	Phage small terminase subunit
vOTU_012_6	5866	6348	483	1	0.689	11	None	GENOMAD.119083.VV	1.109e-36	137	0	0	0	1246	Caudoviricetes	NA	NA	PF05926	Phage head completion protein (GPL)
vOTU_012_7	6348	6551	204	1	0.691	11	GGA/GAG/AGG	GENOMAD.159179.VP	8.284e-15	69	0	0	1	1246	Caudoviricetes	NA	NA	COG5004;K06370	P2-like prophage tail protein X
vOTU_012_8	6555	6785	231	1	0.662	11	GGA/GAG/AGG	GENOMAD.106474.VV	1.052e-23	95	0	0	1	1	NA	NA	NA	PF10746	Phage holin T7 family, holin superfamily II
vOTU_012_9	6782	7363	582	1	0.708	11	GGA/GAG/AGG	GENOMAD.093436.VV	4.765e-24	102	0	0	0	1246	Caudoviricetes	NA	NA	NA	NA
vOTU_012_10	7391	7939	549	1	0.701	11	GGA/GAG/AGG	GENOMAD.178646.VP	2.492e-37	140	0	0	0	8600	Peduoviridae	NA	NA	PF10721	NA
vOTU_012_11	7923	8417	495	1	0.642	11	None	GENOMAD.125799.VP	2.666e-28	113	0	0	1	1246	Caudoviricetes	NA	NA	PF06891	P2 phage tail completion protein R (GpR)
vOTU_012_12	8419	8886	468	1	0.692	11	GGxGG	GENOMAD.134219.VP	6.457e-49	172	0	0	1	1246	Caudoviricetes	NA	NA	PF05069;TIGR01635;COG5005	phage virion morphogenesis (putative tail completion) protein
vOTU_012_13	8970	9518	549	1	0.674	11	None	GENOMAD.132521.VP	2.585e-27	111	0	0	1	1246	Caudoviricetes	NA	NA	PF04717;COG4540;TIGR01644	Phage P2 baseplate assembly protein gpV
vOTU_012_14	9515	9871	357	1	0.720	11	GGA/GAG/AGG	GENOMAD.123275.VP	3.798e-13	67	0	0	1	1246	Caudoviricetes	NA	NA	PF04965;K06903;COG3628;TIGR03357	Phage baseplate assembly protein W
vOTU_012_15	9868	10719	852	1	0.697	11	None	GENOMAD.116571.VP	2.237e-46	171	0	0	1	1246	Caudoviricetes	NA	NA	PF03434;COG3948;TIGR02243	Phage-related baseplate assembly protein
vOTU_012_16	10716	11651	936	1	0.705	11	GGA/GAG/AGG	GENOMAD.077170.VV	2.389e-30	125	0	0	1	1246	Caudoviricetes	NA	NA	PF09684;TIGR01634;COG4385	phage tail protein, P2 protein I family
vOTU_012_17	11654	12139	486	1	0.693	11	GGAG/GAGG	GENOMAD.084759.VV	2.989e-43	156	0	0	1	1246	Caudoviricetes	NA	NA	COG5301	Phage-related tail fibre protein
vOTU_012_18	12149	15403	3255	1	0.684	11	GGA/GAG/AGG	GENOMAD.151750.VC	4.396e-85	310	0	0	0	12762	Herelleviridae	NA	NA	PF16075	NA
vOTU_012_19	15414	15971	558	1	0.706	11	GGAG/GAGG	GENOMAD.215765.VC	3.567e-09	58	0	0	0	1	NA	NA	NA	NA	NA
vOTU_012_20	15968	16891	924	1	0.724	11	GGAGG	GENOMAD.057889.VV	0.0005296	44	0	0	0	1	NA	NA	NA	NA	NA
vOTU_012_21	16892	17302	411	1	0.679	11	AGGAG	GENOMAD.075982.VV	2.365e-17	80	0	0	0	14089	Barbavirus	NA	NA	NA	NA
vOTU_012_22	17299	18030	732	1	0.714	11	None	GENOMAD.155986.VV	4.317e-26	110	0	0	0	275	Ionavirus W14	NA	NA	NA	NA
vOTU_012_23	18086	19297	1212	1	0.677	11	AGGA	GENOMAD.102019.VV	3.056e-53	196	0	0	1	1246	Caudoviricetes	NA	NA	PF10758;COG3497	Phage tail sheath protein FI
vOTU_012_24	19370	19879	510	1	0.643	11	AGGAG	GENOMAD.222086.VV	1.456e-18	85	0	0	1	1246	Caudoviricetes	NA	NA	PF04985;K06908;TIGR01611;COG3498	phage contractile tail tube protein, P2 family
vOTU_012_25	19950	20282	333	1	0.631	11	None	GENOMAD.135969.VP	1.378e-20	88	0	0	1	1246	Caudoviricetes	NA	NA	PF10109	Phage tail assembly chaperone proteins, E, or 41 or 14
vOTU_012_26	20291	20413	123	1	0.650	11	GGAG/GAGG	GENOMAD.171822.VP	5.883e-13	62	0	0	0	1246	Caudoviricetes	NA	NA	PF06528	Phage P2 GpE
vOTU_012_27	20445	20624	180	1	0.706	11	None	NA	NA	NA	0	0	0	1	NA	NA	NA	NA	NA
vOTU_012_28	20700	23399	2700	1	0.692	11	None	GENOMAD.181311.VP	3.823e-26	119	0	0	0	1246	Caudoviricetes	NA	NA	K06905	NA
vOTU_012_29	23405	23848	444	1	0.687	11	GGAG/GAGG	GENOMAD.116424.VV	4.315e-24	100	0	0	0	1246	Caudoviricetes	NA	NA	PF06995;K06906;COG3499	Phage protein U
vOTU_012_30	23848	24870	1023	1	0.683	11	GGA/GAG/AGG	GENOMAD.209614.VP	2.574e-62	220	0	0	1	1246	Caudoviricetes	NA	NA	PF05954;K06905;COG3500;TIGR03361	Phage protein D
vOTU_012_31	24867	25184	318	-1	0.613	11	None	GENOMAD.191961.VV	7.527e-09	54	0	0	0	1246	Caudoviricetes	NA	NA	NA	NA
vOTU_013_1	1	507	507	1	0.657	11	None	GENOMAD.017106.VV	5.123e-09	57	0	0	0	1246	Caudoviricetes	NA	NA	PF07120;COG3756	Uncharacterized conserved protein YdaU, DUF1376 family
vOTU_013_2	500	832	333	1	0.643	11	GGAG/GAGG	GENOMAD.085207.VV	5.811e-05	43	0	0	0	1246	Caudoviricetes	NA	NA	PF11417	Loader and inhibitor of phage G40P
vOTU_013_3	844	1425	582	1	0.648	11	GGAG/GAGG	NA	NA	NA	0	0	0	1	NA	NA	NA	NA	NA
vOTU_013_4	1422	1703	282	1	0.553	11	GGAGG	NA	NA	NA	0	0	0	1	NA	NA	NA	NA	NA
vOTU_013_5	2155	2445	291	1	0.570	11	AGGA	GENOMAD.121562.VV	1.182e-08	53	0	0	0	2527	Dolichocephalovirinae	NA	NA	NA	NA
vOTU_013_6	2489	2914	426	1	0.627	11	AGGAG	GENOMAD.151983.VC	1.013e-10	61	0	0	0	1246	Caudoviricetes	NA	NA	PF00227;TIGR03692;K01419;COG5405	ATP-dependent protease HslVU, peptidase subunit
vOTU_013_7	3120	3404	285	1	0.632	11	None	GENOMAD.171398.VP	2.083e-17	78	0	0	0	1246	Caudoviricetes	NA	NA	NA	NA
vOTU_013_8	3401	4723	1323	1	0.621	11	None	GENOMAD.063205.VV	3.305e-75	262	0	0	1	1246	Caudoviricetes	NA	NA	PF04466;K06909;TIGR01547;COG5323	phage terminase, large subunit, PBSX family
vOTU_013_9	4727	6610	1884	1	0.621	11	GGA/GAG/AGG	GENOMAD.014629.VV	2.082e-148	484	0	0	0	1246	Caudoviricetes	NA	NA	NA	NA
vOTU_013_10	6634	7503	870	1	0.614	11	GGA/GAG/AGG	GENOMAD.007415.VV	7.301e-23	102	0	0	0	3575	Privateervirus	NA	NA	NA	NA
vOTU_013_11	7503	8675	1173	1	0.623	11	GGAG/GAGG	GENOMAD.005163.VV	6.344e-75	259	0	0	1	1246	Caudoviricetes	NA	NA	PF11651;TIGR04387	P22 coat protein - gene protein 5
vOTU_013_12	8732	9358	627	1	0.617	11	GGAG/GAGG	GENOMAD.000453.VV	1.764e-34	133	0	0	1	1246	Caudoviricetes	NA	NA	PF20387	NA
vOTU_013_13	9362	10075	714	1	0.665	11	GGA/GAG/AGG	GENOMAD.067935.VV	4.507e-09	59	0	0	1	1246	Caudoviricetes	NA	NA	COG4675	Microcystin-dependent protein  (function unknown)
vOTU_013_14	10075	11538	1464	1	0.629	11	3Base/5BMM	GENOMAD.000924.VV	9.421e-109	362	0	0	1	1246	Caudoviricetes	NA	NA	PF11134	Phage stabilisation protein
vOTU_013_15	11535	11741	207	1	0.657	11	AGxAGG/AGGxGG	GENOMAD.055715.VV	1.995e-07	48	0	0	0	1246	Caudoviricetes	NA	NA	NA	NA
vOTU_013_16	11738	12109	372	1	0.637	11	GGA/GAG/AGG	GENOMAD.005114.VV	1.203e-27	109	0	0	0	1246	Caudoviricetes	NA	NA	NA	NA
vOTU_013_17	12100	12645	546	1	0.626	11	AGGAG	GENOMAD.005606.VV	2.441e-16	79	0	0	0	1246	Caudoviricetes	NA	NA	NA	NA
vOTU_013_18	12650	13939	1290	1	0.662	11	GGAGG	NA	NA	NA	0	0	0	1	NA	NA	NA	NA	NA
vOTU_013_19	13936	16320	2385	1	0.665	11	3Base/5BMM	GENOMAD.108133.VV	1.88e-20	100	0	0	0	1246	Caudoviricetes	NA	NA	NA	NA
vOTU_013_20	16304	16471	168	-1	0.607	11	GGA/GAG/AGG	NA	NA	NA	0	0	0	1	NA	NA	NA	NA	NA
vOTU_013_21	16527	16913	387	1	0.625	11	GGA/GAG/AGG	NA	NA	NA	0	0	0	1	NA	NA	NA	NA	NA
vOTU_013_22	16910	18859	1950	1	0.635	11	AGxAGG/AGGxGG	NA	NA	NA	0	0	0	1	NA	NA	NA	NA	NA
vOTU_013_23	19005	19358	354	1	0.664	11	None	NA	NA	NA	0	0	0	1	NA	NA	NA	NA	NA
vOTU_013_24	19355	19645	291	1	0.639	11	AGxAGG/AGGxGG	NA	NA	NA	0	0	0	1	NA	NA	NA	NA	NA
vOTU_013_25	19700	19882	183	-1	0.617	11	GGA/GAG/AGG	NA	NA	NA	0	0	0	1	NA	NA	NA	NA	NA
vOTU_013_26	19920	20063	144	-1	0.618	11	None	NA	NA	NA	0	0	0	1	NA	NA	NA	NA	NA
vOTU_013_27	20063	20224	162	-1	0.568	11	GGA/GAG/AGG	NA	NA	NA	0	0	0	1	NA	NA	NA	NA	NA
vOTU_013_28	20258	20641	384	1	0.648	11	AGGAG	GENOMAD.100890.VV	6.317e-11	61	0	0	0	1246	Caudoviricetes	NA	NA	PF13539	D-alanyl-D-alanine carboxypeptidase
vOTU_013_29	20936	21259	324	1	0.670	11	GGAG/GAGG	NA	NA	NA	0	0	0	1	NA	NA	NA	NA	NA
vOTU_013_30	21260	22348	1089	1	0.620	11	GGA/GAG/AGG	GENOMAD.006334.VV	1.46e-41	160	0	0	0	1246	Caudoviricetes	NA	NA	PF12850;TIGR03729;COG0622;K07096	Calcineurin-like phosphoesterase superfamily domain
vOTU_013_31	22574	23260	687	-1	0.559	11	GGAG/GAGG	NA	NA	NA	0	0	0	1	NA	NA	NA	NA	NA
vOTU_013_32	23337	23579	243	-1	0.601	11	None	NA	NA	NA	0	0	0	1	NA	NA	NA	NA	NA
vOTU_014_1	3	878	876	-1	0.664	11	GGAG/GAGG	GENOMAD.094216.VV	6.394e-14	75	0	0	0	1246	Caudoviricetes	NA	NA	NA	NA
vOTU_014_2	939	2939	2001	-1	0.677	11	GGAG/GAGG	NA	NA	NA	0	0	0	1	NA	NA	NA	NA	NA
vOTU_014_3	2948	3244	297	-1	0.626	11	GGAG/GAGG	NA	NA	NA	0	0	0	1	NA	NA	NA	NA	NA
vOTU_014_4	3367	5346	1980	-1	0.699	11	GGA/GAG/AGG	GENOMAD.158980.VP	3.467e-30	131	0	0	0	1246	Caudoviricetes	NA	NA	NA	NA
vOTU_014_5	5346	6455	1110	-1	0.641	11	AGGAG	GENOMAD.104262.VV	8.955e-28	119	0	0	0	1246	Caudoviricetes	NA	NA	NA	NA
vOTU_014_6	6468	7565	1098	-1	0.666	11	AGGA/GGAG/GAGG	GENOMAD.129537.VP	7.064e-23	104	0	0	0	1246	Caudoviricetes	NA	NA	NA	NA
vOTU_014_7	7567	7995	429	-1	0.650	11	GGA/GAG/AGG	GENOMAD.005287.VV	1.119e-09	58	0	0	0	1246	Caudoviricetes	NA	NA	COG3916;TIGR03585	N-acyl-L-homoserine lactone synthetase
vOTU_014_8	7992	8255	264	-1	0.652	11	AGGA	NA	NA	NA	0	0	0	1	NA	NA	NA	NA	NA
vOTU_014_9	8248	8451	204	-1	0.613	11	None	NA	NA	NA	0	0	0	1	NA	NA	NA	NA	NA
vOTU_014_10	8451	9893	1443	-1	0.662	11	None	GENOMAD.058181.VV	2.702e-88	302	0	0	1	1246	Caudoviricetes	NA	NA	PF11134	Phage stabilisation protein
vOTU_014_11	9893	10522	630	-1	0.632	11	GGAG/GAGG	GENOMAD.010615.VV	5.833e-29	117	0	0	1	1246	Caudoviricetes	NA	NA	PF20387	NA
vOTU_014_12	10604	11029	426	-1	0.660	11	AGGAG	GENOMAD.048350.VV	1.158e-52	182	0	0	0	1246	Caudoviricetes	NA	NA	NA	NA
vOTU_014_13	11042	12106	1065	-1	0.643	11	AGGAG	GENOMAD.081999.VV	2.882e-118	383	0	0	1	1246	Caudoviricetes	NA	NA	PF13252;TIGR04387	major capsid protein, N4-gp56 family
vOTU_014_14	12253	13191	939	-1	0.671	11	GGA/GAG/AGG	GENOMAD.060431.VV	2.586e-27	116	0	0	0	1246	Caudoviricetes	NA	NA	NA	NA
vOTU_014_15	13279	13554	276	-1	0.659	11	AGGA	GENOMAD.211653.VP	5.967e-06	45	0	0	0	1246	Caudoviricetes	NA	NA	NA	NA
vOTU_014_16	13566	14891	1326	-1	0.690	11	GGAG/GAGG	NA	NA	NA	0	0	0	1	NA	NA	NA	NA	NA
vOTU_014_17	14896	15330	435	-1	0.669	11	AGGAG	GENOMAD.010200.VV	2.874e-44	158	0	0	1	1246	Caudoviricetes	NA	NA	PF23140	Podophage GP4 fiber I protein gp80
vOTU_014_18	15347	17524	2178	-1	0.645	11	AGGA	GENOMAD.100785.VV	2.893e-184	593	0	0	0	1246	Caudoviricetes	NA	NA	NA	NA
vOTU_014_19	17537	18292	756	-1	0.651	11	GGAGG	GENOMAD.009149.VV	2.65e-78	262	0	0	1	1246	Caudoviricetes	NA	NA	PF17288;TIGR01630	Terminase RNAseH like domain
vOTU_014_20	18289	18810	522	-1	0.665	11	None	GENOMAD.019349.VV	4.145e-45	162	0	0	1	1246	Caudoviricetes	NA	NA	COG5565;TIGR01547	Bacteriophage terminase large (ATPase) subunit and inactivated derivatives
vOTU_014_21	18887	19252	366	-1	0.639	11	None	GENOMAD.220127.VP	6.082e-34	127	0	0	0	1246	Caudoviricetes	NA	NA	PF18932	NA
vOTU_014_22	19326	19499	174	-1	0.655	11	AGGA	NA	NA	NA	0	0	0	1	NA	NA	NA	NA	NA
vOTU_014_23	19511	19792	282	-1	0.631	11	GGxGG	NA	NA	NA	0	0	0	1	NA	NA	NA	NA	NA
vOTU_014_24	20099	20767	669	-1	0.691	11	AGxAGG/AGGxGG	GENOMAD.109340.VV	3.37e-32	127	0	0	0	1	NA	NA	NA	NA	NA
vOTU_014_25	20876	21076	201	-1	0.647	11	AGxAGG/AGGxGG	NA	NA	NA	0	0	0	1	NA	NA	NA	NA	NA
vOTU_014_26	21090	21362	273	-1	0.656	11	AGxAGG/AGGxGG	GENOMAD.146681.VP	5.153e-07	48	0	0	0	1246	Caudoviricetes	NA	NA	NA	NA
vOTU_014_27	21394	21897	504	-1	0.655	11	GGAG/GAGG	NA	NA	NA	0	0	0	1	NA	NA	NA	NA	NA
vOTU_014_28	21894	22427	534	-1	0.670	11	GGAG/GAGG	NA	NA	NA	0	0	0	1	NA	NA	NA	NA	NA
vOTU_014_29	22424	22756	333	-1	0.664	11	None	NA	NA	NA	0	0	0	1	NA	NA	NA	NA	NA
vOTU_015_1	94	3465	3372	-1	0.617	11	None	NA	NA	NA	0	0	0	1	NA	NA	NA	NA	NA
vOTU_015_2	3872	4834	963	1	0.687	11	AGGA	GENOMAD.080085.VV	1.118e-52	191	0	0	0	1246	Caudoviricetes	NA	NA	NA	NA
vOTU_015_3	4834	5037	204	1	0.672	11	None	NA	NA	NA	0	0	0	1	NA	NA	NA	NA	NA
vOTU_015_4	5097	6212	1116	1	0.661	11	AGGAG	GENOMAD.081999.VV	3.01e-97	323	0	0	1	1246	Caudoviricetes	NA	NA	PF13252;TIGR04387	major capsid protein, N4-gp56 family
vOTU_015_5	6250	6708	459	1	0.693	11	AGGAG	GENOMAD.084330.VV	4.951e-15	74	0	0	0	11679	Gervaisevirus	NA	NA	NA	NA
vOTU_015_6	6771	7151	381	1	0.685	11	GGAG/GAGG	NA	NA	NA	0	0	0	1	NA	NA	NA	NA	NA
vOTU_015_7	7185	7784	600	1	0.700	11	GGA/GAG/AGG	GENOMAD.099024.VV	2.31e-26	109	0	0	1	1246	Caudoviricetes	NA	NA	PF20387	NA
vOTU_015_8	7775	8404	630	1	0.665	11	GGAGG	GENOMAD.067331.VV	2.835e-28	115	0	0	1	1246	Caudoviricetes	NA	NA	PF20387	NA
vOTU_015_9	8476	8892	417	1	0.676	11	AGGA	GENOMAD.074302.VV	1.994e-45	161	0	0	1	1246	Caudoviricetes	NA	NA	PF23140	Podophage GP4 fiber I protein gp80
vOTU_015_10	8908	9666	759	1	0.704	11	GGA/GAG/AGG	NA	NA	NA	0	0	0	1	NA	NA	NA	NA	NA
vOTU_015_11	9670	9954	285	1	0.628	11	GGAG/GAGG	GENOMAD.019622.VV	5.753e-15	71	0	0	1	1246	Caudoviricetes	NA	NA	PF23148	Podophage GP4 fiber-tail adaptor protein gp77
vOTU_015_12	9955	11361	1407	1	0.657	11	AGGAG	GENOMAD.091815.VV	4.091e-46	177	0	0	0	1246	Caudoviricetes	NA	NA	NA	NA
vOTU_015_13	11365	12051	687	1	0.607	11	GGA/GAG/AGG	GENOMAD.033731.VV	1.76e-08	57	0	0	1	1246	Caudoviricetes	NA	NA	PF05268	Phage tail fibre adhesin Gp38
vOTU_015_14	12062	12640	579	1	0.630	11	AGGA	GENOMAD.111163.VV	2.519e-32	126	0	0	0	1246	Caudoviricetes	NA	NA	NA	NA
vOTU_015_15	12637	15213	2577	1	0.670	11	None	GENOMAD.093436.VV	2.945e-55	213	0	0	0	1246	Caudoviricetes	NA	NA	NA	NA
vOTU_015_16	15210	17141	1932	1	0.678	11	AGGA/GGAG/GAGG	GENOMAD.016393.VV	1.175e-48	189	0	0	0	1246	Caudoviricetes	NA	NA	NA	NA
vOTU_015_17	17138	17554	417	1	0.674	11	GGA/GAG/AGG	GENOMAD.008991.VV	8.805e-21	90	0	0	1	1246	Caudoviricetes	NA	NA	PF16778	Phage tail assembly chaperone protein
vOTU_015_18	18012	18437	426	1	0.631	11	None	GENOMAD.124329.VP	1.272e-26	107	0	0	0	1246	Caudoviricetes	NA	NA	PF11039;TIGR03585;COG5628	UDP-4-amino-4,6-dideoxy-N-acetyl-beta-L-altrosamine N-acetyltransferase
vOTU_015_19	18493	19311	819	1	0.647	11	AGxAGG/AGGxGG	NA	NA	NA	0	0	0	1	NA	NA	NA	NA	NA
vOTU_015_20	19623	19802	180	1	0.478	11	GGA/GAG/AGG	NA	NA	NA	0	0	0	1	NA	NA	NA	NA	NA
vOTU_016_1	1	729	729	-1	0.642	11	GGA/GAG/AGG	GENOMAD.110135.VV	5.647e-18	86	0	0	0	1246	Caudoviricetes	NA	NA	NA	NA
vOTU_016_2	726	2006	1281	-1	0.664	11	GGAG/GAGG	GENOMAD.127413.VV	1.554e-37	150	0	0	0	1246	Caudoviricetes	NA	NA	NA	NA
vOTU_016_3	2003	4303	2301	-1	0.663	11	GGAG/GAGG	GENOMAD.100596.VV	5.486e-26	118	0	0	0	1	NA	NA	NA	NA	NA
vOTU_016_4	4296	5108	813	-1	0.699	11	AGGAG	NA	NA	NA	0	0	0	1	NA	NA	NA	NA	NA
vOTU_016_5	5119	8835	3717	-1	0.671	11	GGAGG	GENOMAD.178333.VV	2.923e-53	209	0	0	1	1246	Caudoviricetes	NA	NA	TIGR01760;COG5283	phage tail tape measure protein, TP901 family, core region
vOTU_016_6	9186	9551	366	-1	0.664	11	GGA/GAG/AGG	NA	NA	NA	0	0	0	1	NA	NA	NA	NA	NA
vOTU_016_7	9491	9760	270	-1	0.644	11	GGAGG	NA	NA	NA	0	0	0	1	NA	NA	NA	NA	NA
vOTU_016_8	9859	10371	513	-1	0.645	11	AGGAG	GENOMAD.060818.VV	8.511e-70	233	0	0	0	1246	Caudoviricetes	NA	NA	NA	NA
vOTU_016_9	10374	10556	183	-1	0.656	11	AGGAG	NA	NA	NA	0	0	0	1	NA	NA	NA	NA	NA
vOTU_016_10	10565	10990	426	-1	0.685	11	AGGAG	GENOMAD.110193.VV	3.104e-16	77	0	0	0	1246	Caudoviricetes	NA	NA	NA	NA
vOTU_016_11	10983	11324	342	-1	0.699	11	AGGA	GENOMAD.109970.VV	6.958e-13	66	0	0	1	1246	Caudoviricetes	NA	NA	PF11114;TIGR01725;COG5005	phage protein, HK97 gp10 family
vOTU_016_12	11340	11768	429	-1	0.683	11	GGAG/GAGG	NA	NA	NA	0	0	0	1	NA	NA	NA	NA	NA
vOTU_016_13	11765	12121	357	-1	0.686	11	AGGAG	GENOMAD.043035.VV	1.949e-28	111	0	0	0	1246	Caudoviricetes	NA	NA	NA	NA
vOTU_016_14	12200	13267	1068	-1	0.667	11	AGGAG	NA	NA	NA	0	0	0	1	NA	NA	NA	NA	NA
vOTU_016_15	13278	13625	348	-1	0.687	11	AGGAG	GENOMAD.047391.VV	2.301e-49	171	0	0	0	1246	Caudoviricetes	NA	NA	PF09956;COG5471	Predicted phage recombinase, RecA/RadA family
vOTU_016_16	13635	14831	1197	-1	0.658	11	AGGAG	GENOMAD.045327.VV	8.761e-86	291	0	0	1	1246	Caudoviricetes	NA	NA	PF03420	Prohead core protein serine protease
vOTU_016_17	14997	16058	1062	-1	0.679	11	GGAGG	GENOMAD.014312.VV	3.569e-115	374	0	0	1	1246	Caudoviricetes	NA	NA	PF06152;TIGR01641;COG5585	phage putative head morphogenesis protein, SPP1 gp7 family
vOTU_016_18	16125	17690	1566	-1	0.670	11	AGGAG	GENOMAD.061267.VV	2.238e-40	161	0	0	0	1246	Caudoviricetes	NA	NA	COG3567	Phage portal protein BeeE
vOTU_016_19	17709	19208	1500	-1	0.659	11	GGA/GAG/AGG	GENOMAD.023991.VV	2.999e-38	154	0	0	1	1246	Caudoviricetes	NA	NA	COG5410	Mu-like prophage FluMu protein gp28
vOTU_017_1	99	740	642	1	0.631	11	3Base/5BMM	NA	NA	NA	0	0	0	1	NA	NA	NA	NA	NA
vOTU_017_2	880	2841	1962	1	0.607	11	4Base/6BMM	GENOMAD.177655.VP	1.876e-140	462	0	0	1	1246	Caudoviricetes	NA	NA	PF05876;PF20454;K21512;COG5525	Phage terminase, large subunit GpA
vOTU_017_3	2838	3083	246	1	0.638	11	AGGAG	GENOMAD.094896.VV	8.981e-13	64	0	0	1	1246	Caudoviricetes	NA	NA	PF02831	gpW
vOTU_017_4	3080	4723	1644	1	0.627	11	None	GENOMAD.109676.VP	3.899e-93	319	0	0	1	1246	Caudoviricetes	NA	NA	PF10618;TIGR01539	Phage tail tube protein
vOTU_017_5	4720	5610	891	1	0.655	11	GGA/GAG/AGG	GENOMAD.160855.VP	2.388e-10	64	0	0	0	1246	Caudoviricetes	NA	NA	PF00574;TIGR00706;COG0740	signal peptide peptidase SppA, 36K type
vOTU_017_6	5630	6247	618	1	0.712	11	GGAG/GAGG	GENOMAD.057577.VV	5.504e-10	61	0	0	0	1246	Caudoviricetes	NA	NA	NA	NA
vOTU_017_7	6280	6699	420	1	0.645	11	GGAG/GAGG	GENOMAD.126303.VV	1.858e-21	92	0	0	0	1246	Caudoviricetes	NA	NA	PF02924	Bacteriophage lambda head decoration protein D
vOTU_017_8	6762	7835	1074	1	0.620	11	AGGAG	GENOMAD.105523.VV	2.845e-138	441	0	0	1	1246	Caudoviricetes	NA	NA	PF03864	Phage major capsid protein E
vOTU_017_9	7894	8172	279	1	0.634	11	AGGAG	NA	NA	NA	0	0	0	1	NA	NA	NA	NA	NA
vOTU_017_10	8176	8529	354	1	0.641	11	GGA/GAG/AGG	GENOMAD.079934.VV	2.516e-25	102	0	0	0	1246	Caudoviricetes	NA	NA	PF05354	Phage Head-Tail Attachment
vOTU_017_11	8526	9077	552	1	0.641	11	None	GENOMAD.064227.VV	4.429e-40	148	0	0	1	1246	Caudoviricetes	NA	NA	PF06141	Phage minor tail protein U
vOTU_017_12	9088	9291	204	1	0.686	11	GGAG/GAGG	NA	NA	NA	0	0	0	1	NA	NA	NA	NA	NA
vOTU_017_13	9295	10788	1494	1	0.627	11	AGGAG	GENOMAD.108416.VP	3.773e-116	384	0	0	1	1246	Caudoviricetes	NA	NA	PF11863;COG4386	Mu-like prophage tail sheath protein gpL
vOTU_017_14	10817	11188	372	1	0.605	11	GGAG/GAGG	GENOMAD.109676.VP	1.464e-25	103	0	0	1	1246	Caudoviricetes	NA	NA	PF10618;TIGR01539	Phage tail tube protein
vOTU_017_15	11200	11478	279	1	0.588	11	GGA/GAG/AGG	NA	NA	NA	0	0	0	1	NA	NA	NA	NA	NA
vOTU_017_16	11589	13256	1668	1	0.641	11	AGGAG	NA	NA	NA	0	0	0	1	NA	NA	NA	NA	NA
vOTU_017_17	13304	14626	1323	1	0.631	11	GGAGG	GENOMAD.113154.VV	3.121e-76	265	0	0	0	1246	Caudoviricetes	NA	NA	PF07157;COG4228	Mu-like prophage DNA circulation protein
vOTU_017_18	14623	15735	1113	1	0.582	11	None	GENOMAD.219885.VP	5.931e-51	188	0	0	1	1246	Caudoviricetes	NA	NA	PF05954;COG4379;TIGR03361;K06905	Mu-like prophage tail protein gpP
vOTU_017_19	15732	16313	582	1	0.596	11	None	NA	NA	NA	0	0	0	1	NA	NA	NA	NA	NA
vOTU_017_20	16322	16846	525	1	0.610	11	GGAG/GAGG	GENOMAD.108660.VV	6.777e-21	92	0	0	1	1246	Caudoviricetes	NA	NA	PF07409;COG4381;K21530	Phage protein GP46
vOTU_017_21	16846	17985	1140	1	0.626	11	GGAG/GAGG	GENOMAD.117356.VP	5.291e-38	150	0	0	1	1246	Caudoviricetes	NA	NA	PF04865;COG3299;TIGR02243	Baseplate J-like protein
vOTU_017_22	18453	18743	291	1	0.588	11	AGGA/GGAG/GAGG	GENOMAD.103082.VV	1.924e-11	61	0	0	1	1246	Caudoviricetes	NA	NA	PF10076;COG3778	Uncharacterized protein YmfQ in lambdoid prophage, DUF2313 family
vOTU_018_1	1	273	273	1	0.670	11	None	NA	NA	NA	0	0	0	1	NA	NA	NA	NA	NA
vOTU_018_2	498	812	315	1	0.727	11	GGxGG	GENOMAD.098001.VV	5.848e-19	83	0	0	0	1246	Caudoviricetes	NA	NA	NA	NA
vOTU_018_3	892	2514	1623	1	0.688	11	GGA/GAG/AGG	GENOMAD.003253.VV	3.955e-09	62	0	0	1	1246	Caudoviricetes	NA	NA	PF03354;PF20441;COG4626;TIGR01547	Phage terminase-like protein, large subunit, contains N-terminal HTH domain
vOTU_018_4	2526	2741	216	1	0.708	11	GGAG/GAGG	NA	NA	NA	0	0	0	1	NA	NA	NA	NA	NA
vOTU_018_5	2779	3834	1056	1	0.688	11	None	NA	NA	NA	0	0	0	1	NA	NA	NA	NA	NA
vOTU_018_6	3838	5583	1746	1	0.692	11	GGAG/GAGG	GENOMAD.098737.VP	1.105e-31	135	0	0	1	1246	Caudoviricetes	NA	NA	K06904;COG3740	Phage head maturation protease
vOTU_018_7	5603	5971	369	1	0.678	11	GGAG/GAGG	GENOMAD.108902.VV	1.564e-32	123	0	0	0	1246	Caudoviricetes	NA	NA	NA	NA
vOTU_018_8	5961	6332	372	1	0.672	11	GGA/GAG/AGG	NA	NA	NA	0	0	0	1	NA	NA	NA	NA	NA
vOTU_018_9	6338	6739	402	1	0.687	11	AGGAG	GENOMAD.153533.VP	2.962e-22	94	0	0	0	1246	Caudoviricetes	NA	NA	NA	NA
vOTU_018_10	6742	8175	1434	1	0.683	11	None	NA	NA	NA	0	0	0	1	NA	NA	NA	NA	NA
vOTU_018_11	8179	8667	489	1	0.718	11	3Base/5BMM	GENOMAD.101378.VV	3.211e-34	130	0	0	0	1246	Caudoviricetes	NA	NA	NA	NA
vOTU_018_12	8669	9859	1191	1	0.658	11	GGA/GAG/AGG	GENOMAD.102569.VV	9.438e-14	76	0	0	0	1246	Caudoviricetes	NA	NA	NA	NA
vOTU_018_13	9862	10206	345	1	0.699	11	None	GENOMAD.122286.VV	9.584e-10	57	0	0	0	1	NA	NA	NA	NA	NA
vOTU_018_14	10203	11867	1665	1	0.692	11	GGAGG	GENOMAD.094595.VV	1.04e-33	141	0	0	1	1246	Caudoviricetes	NA	NA	PF13550;COG4379	Mu-like prophage tail protein gpP
vOTU_018_15	11879	12679	801	1	0.692	11	AGGAG	GENOMAD.067837.VV	1.53e-09	61	0	0	0	1246	Caudoviricetes	NA	NA	NA	NA
vOTU_018_16	12676	13419	744	1	0.696	11	GGAGG	NA	NA	NA	0	0	0	1	NA	NA	NA	NA	NA
vOTU_018_17	13464	13808	345	1	0.646	11	GGA/GAG/AGG	NA	NA	NA	0	0	0	1	NA	NA	NA	NA	NA
vOTU_018_18	13805	13963	159	-1	0.635	11	GGAGG	NA	NA	NA	0	0	0	1	NA	NA	NA	NA	NA
vOTU_018_19	13960	14772	813	-1	0.716	11	AGxAGG/AGGxGG	NA	NA	NA	0	0	0	1	NA	NA	NA	NA	NA
vOTU_018_20	15418	15849	432	-1	0.648	11	AGxAGG/AGGxGG	GENOMAD.120261.VV	1.366e-06	49	0	0	0	1246	Caudoviricetes	NA	NA	NA	NA
vOTU_018_21	15846	16031	186	-1	0.699	11	None	GENOMAD.224006.PV	0.0004761	38	0	0	0	1	NA	NA	NA	PF11242	NA
vOTU_018_22	16454	16783	330	1	0.688	11	AGxAGG/AGGxGG	NA	NA	NA	0	0	0	1	NA	NA	NA	NA	NA
vOTU_018_23	16806	17420	615	-1	0.722	11	GGAGG	NA	NA	NA	0	0	0	1	NA	NA	NA	NA	NA
vOTU_018_24	17471	17956	486	-1	0.702	11	None	GENOMAD.167423.CP	3.95e-40	147	0	0	0	1	NA	NA	NA	PF08922;PF13376	Bacteriocin-protection, YdeI or OmpD-Associated
vOTU_019_1	23	667	645	-1	0.643	11	AGGAG	GENOMAD.076160.VV	1.747e-37	142	0	0	0	1246	Caudoviricetes	NA	NA	PF14301	NA
vOTU_019_2	681	2498	1818	-1	0.598	11	AGGAG	NA	NA	NA	0	0	0	1	NA	NA	NA	NA	NA
vOTU_019_3	2470	2637	168	-1	0.607	11	AGGA	NA	NA	NA	0	0	0	1	NA	NA	NA	NA	NA
vOTU_019_4	2648	4993	2346	-1	0.618	11	GGAG/GAGG	GENOMAD.111617.VV	3.985e-209	668	0	0	0	1246	Caudoviricetes	NA	NA	NA	NA
vOTU_019_5	4993	5628	636	-1	0.645	11	GGAG/GAGG	GENOMAD.035993.VV	3.237e-83	274	0	0	1	1246	Caudoviricetes	NA	NA	PF09684;TIGR01634;COG4385	phage tail protein, P2 protein I family
vOTU_019_6	5625	6509	885	-1	0.653	11	GGA/GAG/AGG	GENOMAD.119297.VP	3.118e-115	371	0	0	1	1246	Caudoviricetes	NA	NA	PF03434;COG3948	Phage-related baseplate assembly protein
vOTU_019_7	6506	6847	342	-1	0.582	11	AGGAG	GENOMAD.136378.VP	5.192e-16	75	0	0	1	1246	Caudoviricetes	NA	NA	PF05136;PF04965;TIGR01539;K06903;COG5511	phage portal protein, lambda family
vOTU_019_8	6864	7136	273	-1	0.667	11	GGAG/GAGG	GENOMAD.209550.VP	2.046e-23	95	0	0	0	1246	Caudoviricetes	NA	NA	PF19267;COG4104	Zn-binding Pro-Ala-Ala-Arg (PAAR) domain, incolved in TypeVI secretion
vOTU_019_9	7133	7609	477	-1	0.612	11	None	GENOMAD.129302.VP	7.811e-22	94	0	0	1	1246	Caudoviricetes	NA	NA	PF04717;COG4540;TIGR01644	Phage P2 baseplate assembly protein gpV
vOTU_019_10	7606	8208	603	-1	0.625	11	GGA/GAG/AGG	GENOMAD.083356.VV	3.11e-22	97	0	0	1	1	NA	NA	NA	PF06141	Phage minor tail protein U
vOTU_019_11	8208	8525	318	-1	0.623	11	GGA/GAG/AGG	GENOMAD.054474.VV	3.382e-09	55	0	0	0	1246	Caudoviricetes	NA	NA	PF05354	Phage Head-Tail Attachment
vOTU_019_12	8543	9625	1083	-1	0.616	11	GGA/GAG/AGG	GENOMAD.124233.VP	7.343e-56	202	0	0	1	1246	Caudoviricetes	NA	NA	PF03864	Phage major capsid protein E
vOTU_019_13	9650	10003	354	-1	0.667	11	GGAG/GAGG	GENOMAD.218795.VP	5.262e-09	55	0	0	0	1246	Caudoviricetes	NA	NA	PF02924	Bacteriophage lambda head decoration protein D
vOTU_019_14	10026	11408	1383	-1	0.634	11	GGAG/GAGG	GENOMAD.160855.VP	2.444e-12	72	0	0	0	1246	Caudoviricetes	NA	NA	PF00574;TIGR00706;COG0740	signal peptide peptidase SppA, 36K type
vOTU_019_15	11398	12978	1581	-1	0.648	11	GGxGG	GENOMAD.116501.VP	7.134e-54	202	0	0	1	1246	Caudoviricetes	NA	NA	PF05136;TIGR01539;COG5511	phage portal protein, lambda family
vOTU_019_16	12978	13193	216	-1	0.648	11	AGGAG	GENOMAD.220917.VP	1.8e-09	54	0	0	0	1	NA	NA	NA	PF19645	gpW
vOTU_019_17	13209	15221	2013	-1	0.637	11	GGAG/GAGG	GENOMAD.179152.VP	8.268e-85	299	0	0	1	1246	Caudoviricetes	NA	NA	PF20454;PF05876;K21512;COG5525	Phage terminase, large subunit GpA
vOTU_019_18	15218	15781	564	-1	0.645	11	GGAG/GAGG	GENOMAD.145936.VV	3.346e-26	108	0	0	1	1246	Caudoviricetes	NA	NA	PF07471;COG4220;TIGR02147;K22014	Phage DNA packaging protein, Nu1 subunit of terminase
vOTU_019_19	15878	16561	684	1	0.658	11	GGA/GAG/AGG	NA	NA	NA	0	0	0	1	NA	NA	NA	NA	NA
vOTU_019_20	16558	16845	288	1	0.611	11	GGA/GAG/AGG	NA	NA	NA	0	0	0	1	NA	NA	NA	NA	NA
vOTU_019_21	16842	17111	270	1	0.656	11	GGA/GAG/AGG	NA	NA	NA	0	0	0	1	NA	NA	NA	NA	NA
vOTU_019_22	17124	17312	189	1	0.646	11	AGGA	NA	NA	NA	0	0	0	1	NA	NA	NA	NA	NA
vOTU_019_23	17499	17687	189	-1	0.577	11	None	NA	NA	NA	0	0	0	1	NA	NA	NA	NA	NA
vOTU_020_1	544	1029	486	1	0.656	11	None	GENOMAD.105157.VV	1.191e-17	82	0	0	0	1	NA	NA	NA	NA	NA
vOTU_020_2	980	2449	1470	1	0.634	11	None	GENOMAD.097639.VV	1.009e-25	115	0	0	1	1246	Caudoviricetes	NA	NA	PF17289;TIGR01630;COG5362	phage uncharacterized protein (putative large terminase), C-terminal domain
vOTU_020_3	2458	4269	1812	1	0.656	11	AGGA	GENOMAD.015918.VV	7.656e-54	204	0	0	1	1246	Caudoviricetes	NA	NA	PF06381;K09961;TIGR01555;COG3567	phage-related protein, HI1409 family
vOTU_020_4	4269	4505	237	1	0.671	11	GGAG/GAGG	NA	NA	NA	0	0	0	1	NA	NA	NA	NA	NA
vOTU_020_5	4505	5341	837	1	0.655	11	GGAG/GAGG	GENOMAD.079042.VV	1.044e-28	119	0	0	1	1246	Caudoviricetes	NA	NA	PF04233;COG2369;TIGR01641	Uncharacterized conserved protein, contains phage Mu gpF-like domain
vOTU_020_6	5308	5553	246	-1	0.618	11	None	NA	NA	NA	0	0	0	1	NA	NA	NA	NA	NA
vOTU_020_7	5588	6736	1149	1	0.665	11	None	GENOMAD.017568.VV	4.367e-64	227	0	0	0	1246	Caudoviricetes	NA	NA	PF09979;K09960;COG3566	NA
vOTU_020_8	6740	7198	459	1	0.662	11	AGGAG	GENOMAD.037367.VV	4.399e-26	106	0	0	0	1246	Caudoviricetes	NA	NA	COG5471	Predicted phage recombinase, RecA/RadA family
vOTU_020_9	7212	8150	939	1	0.672	11	GGAG/GAGG	GENOMAD.007190.VV	4.753e-34	136	0	0	0	1246	Caudoviricetes	NA	NA	PF19774;COG4834	Encapsulating protein for peroxidase
vOTU_020_10	8154	8465	312	1	0.654	11	GGA/GAG/AGG	GENOMAD.124387.VV	7.694e-08	51	0	0	0	1246	Caudoviricetes	NA	NA	NA	NA
vOTU_020_11	8469	8861	393	1	0.656	11	GGA/GAG/AGG	GENOMAD.073604.VV	2.881e-21	91	0	0	0	1246	Caudoviricetes	NA	NA	PF13262	NA
vOTU_020_12	8861	9334	474	1	0.652	11	GGxGG	GENOMAD.009722.VV	4.382e-79	259	0	0	0	1246	Caudoviricetes	NA	NA	NA	NA
vOTU_020_13	9331	9690	360	1	0.661	11	GGA/GAG/AGG	GENOMAD.079818.VV	3.947e-13	67	0	0	1	1246	Caudoviricetes	NA	NA	PF05521;COG5614;TIGR01563	Bacteriophage head-tail adaptor
vOTU_020_14	9687	10190	504	1	0.629	11	None	GENOMAD.127620.VV	1.264e-19	88	0	0	0	1246	Caudoviricetes	NA	NA	NA	NA
vOTU_020_15	10230	11393	1164	1	0.656	11	AGGAG	GENOMAD.008370.VV	6.244e-171	537	0	0	1	1246	Caudoviricetes	NA	NA	PF11863;COG4386	Mu-like prophage tail sheath protein gpL
vOTU_020_16	11406	11834	429	1	0.650	11	GGAG/GAGG	GENOMAD.020520.VV	3.974e-48	169	0	0	0	1246	Caudoviricetes	NA	NA	PF11681	Bacteriophage KPP10, Structural protein ORF10
vOTU_020_17	11843	12259	417	1	0.647	11	GGAG/GAGG	GENOMAD.113677.VV	6.097e-25	102	0	0	1	1246	Caudoviricetes	NA	NA	PF10876	Phage tail assembly chaperone protein, TAC
vOTU_020_18	12449	12721	273	-1	0.623	11	None	GENOMAD.136892.VV	0.000318	40	0	0	0	1246	Caudoviricetes	NA	NA	NA	NA
vOTU_020_19	12878	14914	2037	1	0.642	11	AGGA	GENOMAD.081106.VV	1.256e-32	139	0	0	1	12133	Guernseyvirinae	NA	NA	COG3941	Phage tail tape-measure protein, controls tail length
vOTU_020_20	14914	15513	600	1	0.647	11	None	GENOMAD.019727.VV	1.037e-10	63	0	0	0	1246	Caudoviricetes	NA	NA	PF19512	NA
vOTU_020_21	15513	15824	312	1	0.654	11	None	GENOMAD.075117.VV	2.408e-35	130	0	0	1	1246	Caudoviricetes	NA	NA	PF22479	Cyanophage baseplate Pam3 plug gp18
vOTU_020_22	15802	16629	828	1	0.652	11	GGA/GAG/AGG	GENOMAD.083229.VV	1.26e-125	400	0	0	0	1246	Caudoviricetes	NA	NA	COG3500	Phage protein D
vOTU_021_1	192	3641	3450	-1	0.695	11	GGA/GAG/AGG	GENOMAD.169247.CP	1.665e-55	216	0	0	0	1	NA	NA	NA	PF13872;K03580;TIGR04095;COG1111	DNA phosphorothioation system restriction enzyme
vOTU_021_2	3696	4817	1122	-1	0.664	11	GGA/GAG/AGG	GENOMAD.192056.PC	2.836e-52	192	0	0	0	1	NA	NA	NA	PF02273;TIGR03100;COG4757;K00433	exosortase A system-associated hydrolase 1
vOTU_021_3	4832	5851	1020	-1	0.650	11	GGAG/GAGG	GENOMAD.078375.PP	4.902e-51	187	0	0	0	1	NA	NA	NA	NA	NA
vOTU_021_4	5848	6312	465	-1	0.643	11	GGAG/GAGG	GENOMAD.062277.PP	3.455e-80	262	0	0	0	1	NA	NA	NA	COG2856	NA
vOTU_021_5	6371	6802	432	-1	0.604	11	AGxAGG/AGGxGG	GENOMAD.123936.PC	2.491e-78	256	0	0	0	1	NA	NA	NA	NA	NA
vOTU_021_6	7121	8056	936	1	0.724	11	AGGAG	GENOMAD.197438.VP	3.972e-14	76	0	0	0	1246	Caudoviricetes	NA	NA	PF09250	Bifunctional DNA primase/polymerase, N-terminal
vOTU_021_7	8053	8694	642	1	0.704	11	GGA/GAG/AGG	GENOMAD.221828.VP	1.351e-14	75	0	0	0	1246	Caudoviricetes	NA	NA	PF10935	NA
vOTU_021_8	8691	9131	441	1	0.723	11	AGGAG	NA	NA	NA	0	0	0	1	NA	NA	NA	NA	NA
vOTU_021_9	9139	9969	831	1	0.698	11	GGA/GAG/AGG	NA	NA	NA	0	0	0	1	NA	NA	NA	NA	NA
vOTU_021_10	9974	10963	990	1	0.687	11	GGAG/GAGG	NA	NA	NA	0	0	0	1	NA	NA	NA	NA	NA
vOTU_021_11	10963	11637	675	1	0.676	11	AGGAG	NA	NA	NA	0	0	0	1	NA	NA	NA	NA	NA
vOTU_021_12	11649	12818	1170	1	0.664	11	None	NA	NA	NA	0	0	0	1	NA	NA	NA	NA	NA
vOTU_021_13	12820	13086	267	1	0.659	11	None	GENOMAD.180809.PP	6.505e-34	125	0	0	0	1	NA	NA	NA	PF19607	NA
vOTU_021_14	13102	13851	750	-1	0.628	11	GGAG/GAGG	NA	NA	NA	0	0	0	1	NA	NA	NA	NA	NA
vOTU_021_15	13852	14532	681	-1	0.636	11	AGGA	NA	NA	NA	0	0	0	1	NA	NA	NA	NA	NA
vOTU_021_16	14577	16580	2004	-1	0.644	11	None	NA	NA	NA	0	0	0	1	NA	NA	NA	NA	NA
vOTU_022_1	436	870	435	1	0.618	11	GGAG/GAGG	NA	NA	NA	0	0	0	1	NA	NA	NA	NA	NA
vOTU_022_2	863	1042	180	1	0.639	11	GGAGG	NA	NA	NA	0	0	0	1	NA	NA	NA	NA	NA
vOTU_022_3	1767	2024	258	1	0.671	11	GGA/GAG/AGG	NA	NA	NA	0	0	0	1	NA	NA	NA	NA	NA
vOTU_022_4	2024	2377	354	1	0.715	11	GGA/GAG/AGG	GENOMAD.094814.VV	2.744e-16	76	0	0	0	1	NA	NA	NA	NA	NA
vOTU_022_5	2374	3300	927	1	0.621	11	GGAGG	GENOMAD.068542.VV	1.101e-21	99	0	0	0	1246	Caudoviricetes	NA	NA	PF20008;COG2005;TIGR02719;K18906	DNA-binding transcriptional regulator ModE (molybdenum-dependent)
vOTU_022_6	3294	4076	783	1	0.700	11	GGAGG	GENOMAD.060019.VV	8.585e-78	261	0	0	0	1246	Caudoviricetes	NA	NA	PF11417	Loader and inhibitor of phage G40P
vOTU_022_7	4073	4336	264	1	0.655	11	GGAG/GAGG	NA	NA	NA	0	0	0	1	NA	NA	NA	NA	NA
vOTU_022_8	4333	4785	453	1	0.678	11	None	GENOMAD.158947.VP	4.841e-58	198	0	0	0	1246	Caudoviricetes	NA	NA	PF02075;COG0817;TIGR00228	Holliday junction resolvasome RuvABC endonuclease subunit
vOTU_022_9	4785	4997	213	1	0.695	11	GGA/GAG/AGG	NA	NA	NA	0	0	0	1	NA	NA	NA	NA	NA
vOTU_022_10	4990	5481	492	1	0.673	11	AGGAG	GENOMAD.049425.VV	1.374e-69	232	0	0	0	1246	Caudoviricetes	NA	NA	PF05772	NinB protein
vOTU_022_11	5647	6003	357	1	0.678	11	GGAG/GAGG	NA	NA	NA	0	0	0	1	NA	NA	NA	NA	NA
vOTU_022_12	6032	6334	303	1	0.700	11	None	NA	NA	NA	0	0	0	1	NA	NA	NA	NA	NA
vOTU_022_13	6909	7397	489	1	0.642	11	None	GENOMAD.042369.VV	4.542e-08	54	0	0	0	1246	Caudoviricetes	NA	NA	NA	NA
vOTU_022_14	7394	8053	660	1	0.626	11	GGA/GAG/AGG	GENOMAD.076022.VV	8.144e-59	204	0	0	0	1246	Caudoviricetes	NA	NA	NA	NA
vOTU_022_15	8056	9636	1581	1	0.660	11	GGAG/GAGG	GENOMAD.159758.VV	2.654e-42	167	0	0	0	1246	Caudoviricetes	NA	NA	NA	NA
vOTU_022_16	9666	10088	423	1	0.662	11	None	NA	NA	NA	0	0	0	1	NA	NA	NA	NA	NA
vOTU_022_17	10075	12429	2355	1	0.665	11	GGA/GAG/AGG	GENOMAD.079194.VV	1.173e-227	722	0	0	1	1246	Caudoviricetes	NA	NA	PF16510;PF06992	Phage P22-like portal protein; Replication protein P
vOTU_022_18	12426	13151	726	1	0.687	11	GGAG/GAGG	GENOMAD.155986.VV	1.708e-05	48	0	0	0	275	Ionavirus W14	NA	NA	NA	NA
vOTU_022_19	13148	13474	327	1	0.642	11	GGAG/GAGG	GENOMAD.062921.VV	7.592e-26	103	0	0	1	1246	Caudoviricetes	NA	NA	PF16082	Bacteriophage holin family, superfamily II-like
vOTU_022_20	13467	13658	192	1	0.688	11	GGAGG	NA	NA	NA	0	0	0	1	NA	NA	NA	NA	NA
vOTU_022_21	13651	14205	555	1	0.697	11	GGAG/GAGG	GENOMAD.083189.VV	5.236e-18	84	0	0	1	1246	Caudoviricetes	NA	NA	PF00959;COG3772;K01185	Phage-related lysozyme (muramidase), GH24 family
vOTU_022_22	14202	14567	366	1	0.730	11	AGGA	GENOMAD.117892.VV	1.513e-48	169	0	0	0	1246	Caudoviricetes	NA	NA	NA	NA
vOTU_022_23	14564	14869	306	1	0.618	11	GGAGG	GENOMAD.068225.VV	5.413e-34	126	0	0	0	1246	Caudoviricetes	NA	NA	PF08139;COG3895	Membrane-bound inhibitor of C-type lysozyme
vOTU_022_24	15500	15967	468	-1	0.573	11	None	NA	NA	NA	0	0	0	1	NA	NA	NA	NA	NA
vOTU_022_25	16259	16435	177	-1	0.554	11	None	NA	NA	NA	0	0	0	1	NA	NA	NA	NA	NA
vOTU_023_1	1	66	66	-1	0.758	11	GGxGG	NA	NA	NA	0	0	0	1	NA	NA	NA	NA	NA
vOTU_023_2	66	1316	1251	-1	0.696	11	GGAG/GAGG	GENOMAD.080602.VV	1.584e-23	107	0	0	1	1246	Caudoviricetes	NA	NA	PF05135;TIGR02215	phage conserved hypothetical protein, phiE125 gp8 family
vOTU_023_3	1330	2022	693	-1	0.719	11	AGGAG	GENOMAD.126169.VV	1.42e-37	143	0	0	1	1246	Caudoviricetes	NA	NA	PF04586;K06904;COG3740;TIGR01543	Phage head maturation protease
vOTU_023_4	2019	3179	1161	-1	0.668	11	GGxGG	GENOMAD.167887.VP	5.958e-17	86	0	0	1	1246	Caudoviricetes	NA	NA	PF04860;TIGR01537;COG4383	phage portal protein, HK97 family
vOTU_023_5	3176	3349	174	-1	0.701	11	GGAGG	NA	NA	NA	0	0	0	1	NA	NA	NA	NA	NA
vOTU_023_6	3301	4800	1500	-1	0.669	11	AGGA/GGAG/GAGG	GENOMAD.034157.VV	1.547e-61	224	0	0	1	1246	Caudoviricetes	NA	NA	PF20441;PF03354;COG4626;TIGR01547	Phage terminase-like protein, large subunit, contains N-terminal HTH domain
vOTU_023_7	4841	5389	549	-1	0.701	11	GGA/GAG/AGG	NA	NA	NA	0	0	0	1	NA	NA	NA	NA	NA
vOTU_023_8	5573	5881	309	-1	0.738	11	3Base/5BMM	GENOMAD.031519.VV	3.671e-07	49	0	0	0	1246	Caudoviricetes	NA	NA	PF13395;TIGR02646	HNH endonuclease
vOTU_023_9	5891	6634	744	-1	0.703	11	AGxAGG/AGGxGG	GENOMAD.067739.VV	2.713e-11	66	0	0	0	1246	Caudoviricetes	NA	NA	NA	NA
vOTU_023_10	6654	6836	183	-1	0.732	11	GGA/GAG/AGG	NA	NA	NA	0	0	0	1	NA	NA	NA	NA	NA
vOTU_023_11	6818	7123	306	-1	0.690	11	GGAG/GAGG	GENOMAD.081198.VV	1.643e-30	116	0	0	0	1246	Caudoviricetes	NA	NA	NA	NA
vOTU_023_12	7120	7707	588	-1	0.733	11	AGxAGG/AGGxGG	NA	NA	NA	0	0	0	1	NA	NA	NA	NA	NA
vOTU_023_13	7700	8137	438	-1	0.692	11	AGxAGG/AGGxGG	GENOMAD.054012.VV	1.499e-05	46	0	0	0	1246	Caudoviricetes	NA	NA	NA	NA
vOTU_023_14	8157	8297	141	-1	0.730	11	GGA/GAG/AGG	NA	NA	NA	0	0	0	1	NA	NA	NA	NA	NA
vOTU_023_15	8300	9133	834	-1	0.719	11	GGAGG	NA	NA	NA	0	0	0	1	NA	NA	NA	NA	NA
vOTU_023_16	10133	10369	237	-1	0.726	11	None	NA	NA	NA	0	0	0	1	NA	NA	NA	NA	NA
vOTU_023_17	10366	10692	327	-1	0.719	11	None	NA	NA	NA	0	0	0	1	NA	NA	NA	NA	NA
vOTU_023_18	10689	11273	585	-1	0.713	11	GGA/GAG/AGG	GENOMAD.208972.VP	6.005e-32	125	0	0	0	1246	Caudoviricetes	NA	NA	NA	NA
vOTU_023_19	11260	12111	852	-1	0.705	11	3Base/5BMM	GENOMAD.104064.VV	2.498e-13	73	0	0	0	1246	Caudoviricetes	NA	NA	PF14205;COG5349;TIGR04165	NA
vOTU_023_20	12104	12433	330	-1	0.721	11	GGAG/GAGG	NA	NA	NA	0	0	0	1	NA	NA	NA	NA	NA
vOTU_023_21	12430	12876	447	-1	0.705	11	AGGA	NA	NA	NA	0	0	0	1	NA	NA	NA	NA	NA
vOTU_023_22	12873	13091	219	-1	0.699	11	None	NA	NA	NA	0	0	0	1	NA	NA	NA	NA	NA
vOTU_023_23	13078	13746	669	-1	0.706	11	GGA/GAG/AGG	GENOMAD.102193.VV	4.101e-103	332	0	0	0	1	NA	NA	NA	NA	NA
vOTU_023_24	14068	14397	330	-1	0.742	11	GGxGG	NA	NA	NA	0	0	0	1	NA	NA	NA	NA	NA
vOTU_023_25	14394	14699	306	-1	0.712	11	GGAG/GAGG	GENOMAD.222251.VP	8.014e-38	137	0	0	0	3748	Appavirus	NA	NA	NA	NA
vOTU_023_26	14696	14893	198	-1	0.697	11	None	NA	NA	NA	0	0	0	1	NA	NA	NA	NA	NA
vOTU_023_27	14890	15312	423	-1	0.728	11	GGxGG	GENOMAD.022759.VV	2.315e-09	57	0	0	0	1246	Caudoviricetes	NA	NA	NA	NA
vOTU_023_28	15306	15476	171	-1	0.731	11	GGAG/GAGG	NA	NA	NA	0	0	0	1	NA	NA	NA	NA	NA
vOTU_023_29	15473	15949	477	-1	0.719	11	GGxGG	NA	NA	NA	0	0	0	1	NA	NA	NA	NA	NA
vOTU_024_1	139	465	327	1	0.654	11	GGAGG	NA	NA	NA	0	0	0	1	NA	NA	NA	NA	NA
vOTU_024_2	462	5330	4869	-1	0.656	11	GGA/GAG/AGG	GENOMAD.181291.VP	1.576e-47	191	0	0	0	1246	Caudoviricetes	NA	NA	PF18857	Large polyvalent protein associated domain 38
vOTU_024_3	5330	7600	2271	-1	0.678	11	GGA/GAG/AGG	GENOMAD.215705.VP	4.018e-47	186	0	0	0	2156	Autographiviridae	NA	NA	COG4764	NA
vOTU_024_4	7715	8236	522	-1	0.657	11	None	GENOMAD.027971.VV	1.185e-10	62	0	0	0	1	NA	NA	NA	NA	NA
vOTU_024_5	8236	10776	2541	-1	0.636	11	AGGA	GENOMAD.059108.VV	4.628e-86	308	0	0	0	1	NA	NA	NA	NA	NA
vOTU_024_6	10777	11385	609	-1	0.668	11	GGA/GAG/AGG	GENOMAD.064054.VV	2.926e-24	103	0	0	1	1246	Caudoviricetes	NA	NA	PF17212	Tail tubular protein
vOTU_024_7	11388	12227	840	-1	0.632	11	GGA/GAG/AGG	GENOMAD.032013.VV	3.773e-35	138	0	0	0	1246	Caudoviricetes	NA	NA	NA	NA
vOTU_024_8	12381	12620	240	-1	0.675	11	GGAGG	NA	NA	NA	0	0	0	1	NA	NA	NA	NA	NA
vOTU_024_9	12617	12955	339	-1	0.676	11	GGAG/GAGG	GENOMAD.042799.VV	2.802e-05	44	0	0	0	1246	Caudoviricetes	NA	NA	NA	NA
vOTU_024_10	13025	13468	444	-1	0.687	11	AGGAG	NA	NA	NA	0	0	0	1	NA	NA	NA	NA	NA
vOTU_024_11	13521	14540	1020	-1	0.643	11	AGGA	GENOMAD.106858.VP	9.61e-53	192	0	0	1	1246	Caudoviricetes	NA	NA	PF20036	Major capsid protein 13-like
vOTU_024_12	14641	15522	882	-1	0.644	11	AGGA	GENOMAD.011064.VV	4.261e-64	223	0	0	0	1246	Caudoviricetes	NA	NA	NA	NA
vOTU_025_1	1	612	612	-1	0.446	11	GGA/GAG/AGG	NA	NA	NA	0	0	0	1	NA	NA	NA	NA	NA
vOTU_025_2	624	740	117	1	0.325	11	GGA/GAG/AGG	NA	NA	NA	0	0	0	1	NA	NA	NA	NA	NA
vOTU_025_3	779	2026	1248	1	0.602	11	GGA/GAG/AGG	GENOMAD.179073.VP	2.044e-18	91	0	0	0	1246	Caudoviricetes	NA	NA	NA	NA
vOTU_025_4	2023	2310	288	1	0.552	11	GGA/GAG/AGG	NA	NA	NA	0	0	0	1	NA	NA	NA	NA	NA
vOTU_025_5	2310	2672	363	1	0.570	11	None	GENOMAD.073802.VV	1.056e-27	109	0	0	1	1246	Caudoviricetes	NA	NA	PF11836	Phage tail tube protein, GTA-gp10
vOTU_025_6	2672	4183	1512	1	0.582	11	GGAG/GAGG	GENOMAD.079226.VV	1.218e-11	70	0	0	0	1246	Caudoviricetes	NA	NA	NA	NA
vOTU_025_7	4197	4625	429	1	0.587	11	AGGA	GENOMAD.209745.VV	7.285e-50	174	0	0	1	1246	Caudoviricetes	NA	NA	PF04860;TIGR01537	phage portal protein, HK97 family
vOTU_025_8	4628	5233	606	1	0.620	11	None	GENOMAD.150017.VV	4.38e-16	79	0	0	1	1246	Caudoviricetes	NA	NA	PF09550;TIGR02216	Phage tail assembly chaperone protein, TAC
vOTU_025_9	5233	5589	357	1	0.641	11	GGA/GAG/AGG	GENOMAD.219652.VP	1.424e-06	48	0	0	0	1246	Caudoviricetes	NA	NA	NA	NA
vOTU_025_10	5586	6092	507	1	0.602	11	None	GENOMAD.211129.VP	0.0001171	44	0	0	0	1246	Caudoviricetes	NA	NA	PF07768	PVL ORF-50-like family
vOTU_025_11	6089	6379	291	1	0.601	11	GGA/GAG/AGG	GENOMAD.095806.VV	2.529e-16	75	0	0	1	1246	Caudoviricetes	NA	NA	PF05135;TIGR01560	Phage gp6-like head-tail connector protein
vOTU_025_12	6379	6804	426	1	0.608	11	3Base/5BMM	NA	NA	NA	0	0	0	1	NA	NA	NA	NA	NA
vOTU_025_13	6801	7211	411	1	0.591	11	GGAG/GAGG	GENOMAD.144023.VV	4.231e-28	111	0	0	1	1	NA	NA	NA	PF16807	NA
vOTU_025_14	7211	7525	315	1	0.613	11	None	GENOMAD.123093.VP	1.254e-34	128	0	0	1	1246	Caudoviricetes	NA	NA	PF05521;COG5614;TIGR01563	Bacteriophage head-tail adaptor
vOTU_025_15	7522	7917	396	1	0.593	11	None	GENOMAD.130585.VV	8.795e-18	81	0	0	1	1246	Caudoviricetes	NA	NA	PF05119;COG3747;TIGR01558	Phage terminase, small subunit
vOTU_025_16	7895	9511	1617	1	0.597	11	GGA/GAG/AGG	GENOMAD.181434.VP	1.089e-28	125	0	0	1	1246	Caudoviricetes	NA	NA	PF20441	Terminase large subunit, endonuclease domain
vOTU_025_17	9508	11805	2298	1	0.597	11	AGxAGG/AGGxGG	GENOMAD.190609.VP	1.859e-36	152	0	0	1	1246	Caudoviricetes	NA	NA	COG5281	Phage-related minor tail protein
vOTU_025_18	12257	12685	429	1	0.590	11	GGAG/GAGG	NA	NA	NA	0	0	0	1	NA	NA	NA	NA	NA
vOTU_025_19	12750	13262	513	1	0.563	11	None	NA	NA	NA	0	0	0	1	NA	NA	NA	NA	NA
vOTU_025_20	13445	13702	258	1	0.597	11	GGA/GAG/AGG	NA	NA	NA	0	0	0	1	NA	NA	NA	NA	NA
vOTU_025_21	13742	14014	273	1	0.527	11	AGGAG	NA	NA	NA	0	0	0	1	NA	NA	NA	NA	NA
vOTU_025_22	14126	14902	777	-1	0.503	11	GGAG/GAGG	NA	NA	NA	0	0	0	1	NA	NA	NA	NA	NA
vOTU_025_23	15051	15248	198	-1	0.540	11	GGAG/GAGG	NA	NA	NA	0	0	0	1	NA	NA	NA	NA	NA
vOTU_026_1	143	646	504	-1	0.657	11	AGGA	NA	NA	NA	0	0	0	1	NA	NA	NA	NA	NA
vOTU_026_2	660	2834	2175	-1	0.678	11	GGAG/GAGG	GENOMAD.137500.VC	0.0	999	0	0	1	1246	Caudoviricetes	NA	NA	PF13550	Putative phage tail protein
vOTU_026_3	2838	3236	399	-1	0.729	11	None	GENOMAD.170843.VV	1.325e-30	118	0	0	0	1	NA	NA	NA	PF06940;COG3738;K13695;TIGR02219	Uncharacterized protein YijF, DUF1287 family
vOTU_026_4	3233	4045	813	-1	0.695	11	GGAG/GAGG	GENOMAD.103140.VC	4.093e-42	158	0	0	1	1246	Caudoviricetes	NA	NA	PF09356;PF05100;TIGR02218;COG5449	Phage minor tail protein L
vOTU_026_5	4042	6345	2304	-1	0.689	11	GGAG/GAGG	GENOMAD.221603.VP	1.799e-61	231	0	0	0	1246	Caudoviricetes	NA	NA	PF17182	NA
vOTU_026_6	6509	7075	567	-1	0.730	11	AGGAG	GENOMAD.049689.VV	9.466e-69	231	0	0	0	1246	Caudoviricetes	NA	NA	NA	NA
vOTU_026_7	7068	7268	201	-1	0.726	11	GGxGG	NA	NA	NA	0	0	0	1	NA	NA	NA	NA	NA
vOTU_026_8	7268	7579	312	-1	0.740	11	GGxGG	GENOMAD.115235.VV	1.587e-47	165	0	0	1	1	NA	NA	NA	PF11836	Phage tail tube protein, GTA-gp10
vOTU_026_9	7576	7983	408	-1	0.650	11	AGGAG	GENOMAD.134093.VC	9.108e-69	228	0	0	1	1246	Caudoviricetes	NA	NA	PF06199;TIGR02126;COG5437	Phage tail tube protein
vOTU_026_10	8294	8680	387	-1	0.729	11	GGAG/GAGG	GENOMAD.192963.VV	9.395e-16	75	0	0	1	1	NA	NA	NA	PF11367	NA
vOTU_026_11	8677	8874	198	-1	0.763	11	None	NA	NA	NA	0	0	0	1	NA	NA	NA	NA	NA
vOTU_026_12	8868	9428	561	-1	0.738	11	GGAGG	GENOMAD.091823.VV	1.108e-48	173	0	0	1	1	NA	NA	NA	PF05135;TIGR02215	phage conserved hypothetical protein, phiE125 gp8 family
vOTU_026_13	9537	10589	1053	-1	0.662	11	AGGAG	GENOMAD.080602.VV	6.1e-08	57	0	0	1	1246	Caudoviricetes	NA	NA	PF05135;TIGR02215	phage conserved hypothetical protein, phiE125 gp8 family
vOTU_026_14	10708	10905	198	-1	0.631	11	AGGAG	NA	NA	NA	0	0	0	1	NA	NA	NA	NA	NA
vOTU_026_15	10898	11341	444	-1	0.703	11	GGAGG	GENOMAD.119462.VV	3.318e-06	48	0	0	1	1246	Caudoviricetes	NA	NA	TIGR01543	phage prohead protease, HK97 family
vOTU_026_16	11473	11778	306	-1	0.683	11	GGAGG	NA	NA	NA	0	0	0	1	NA	NA	NA	NA	NA
vOTU_026_17	11775	12911	1137	-1	0.693	11	AGGA	GENOMAD.065578.VV	5.23e-37	147	0	0	1	1246	Caudoviricetes	NA	NA	PF04860;PF04233;TIGR01537;COG4695;K06904	phage portal protein, HK97 family
vOTU_026_18	13130	13804	675	-1	0.693	11	AGGA	NA	NA	NA	0	0	0	1	NA	NA	NA	NA	NA
vOTU_026_19	13884	15164	1281	-1	0.703	11	GGxGG	NA	NA	NA	0	0	0	1	NA	NA	NA	NA	NA
vOTU_027_1	56	718	663	1	0.763	11	GGAG/GAGG	GENOMAD.127022.VV	7.392e-15	76	0	0	1	1246	Caudoviricetes	NA	NA	PF04586;K06904;COG3740;TIGR01543	Phage head maturation protease
vOTU_027_2	720	1982	1263	1	0.702	11	AGGA	GENOMAD.080602.VV	6.023e-10	64	0	0	1	1246	Caudoviricetes	NA	NA	PF05135;TIGR02215	phage conserved hypothetical protein, phiE125 gp8 family
vOTU_027_3	2008	2766	759	-1	0.771	11	GGAG/GAGG	NA	NA	NA	0	0	0	1	NA	NA	NA	NA	NA
vOTU_027_4	2837	3403	567	1	0.760	11	GGAG/GAGG	GENOMAD.158311.VV	2.094e-22	97	0	0	1	1246	Caudoviricetes	NA	NA	PF05135;TIGR02215	phage conserved hypothetical protein, phiE125 gp8 family
vOTU_027_5	3405	3749	345	1	0.728	11	GGAGG	GENOMAD.146389.VV	4.315e-10	58	0	0	1	1	NA	NA	NA	PF05521;TIGR01563;COG5614	phage head-tail adaptor, putative, SPP1 family
vOTU_027_6	3746	4171	426	1	0.761	11	AGGAG	GENOMAD.146533.VV	8.269e-23	96	0	0	1	1	NA	NA	NA	PF11367	NA
vOTU_027_7	4215	4625	411	1	0.713	11	AGGAG	GENOMAD.062241.VV	6.596e-40	145	0	0	1	1246	Caudoviricetes	NA	NA	PF06199;COG5437;TIGR02126	Predicted secreted protein
vOTU_027_8	4635	5012	378	1	0.762	11	GGAG/GAGG	GENOMAD.153091.VC	1.204e-36	135	0	0	1	1246	Caudoviricetes	NA	NA	PF11836	Phage tail tube protein, GTA-gp10
vOTU_027_9	5009	5227	219	1	0.758	11	GGA/GAG/AGG	NA	NA	NA	0	0	0	1	NA	NA	NA	NA	NA
vOTU_027_10	5224	5781	558	1	0.711	11	AGGAG	GENOMAD.214866.VV	8.088e-52	182	0	0	0	1246	Caudoviricetes	NA	NA	NA	NA
vOTU_027_11	5786	6025	240	-1	0.696	11	AGGAG	GENOMAD.159240.CP	1.155e-09	55	0	0	0	1	NA	NA	NA	PF04325;K09794;COG2841	Uncharacterized conserved protein YdcH, DUF465 family
vOTU_027_12	6167	6811	645	1	0.715	11	AGGAG	GENOMAD.124471.VC	2.735e-31	124	0	0	0	1246	Caudoviricetes	NA	NA	PF09343;TIGR02217;COG5448	TIGR02217 family protein
vOTU_027_13	6819	7712	894	1	0.728	11	GGAG/GAGG	GENOMAD.103140.VC	7.458e-47	173	0	0	1	1246	Caudoviricetes	NA	NA	PF09356;PF05100;TIGR02218;COG5449	Phage minor tail protein L
vOTU_027_14	7723	8199	477	1	0.761	11	AGGAG	GENOMAD.154677.VC	4.585e-54	187	0	0	0	1246	Caudoviricetes	NA	NA	PF06940;K13695;TIGR02219;COG3738	putative phage cell wall peptidase, NlpC/P60 family
vOTU_027_15	8196	12101	3906	1	0.755	11	GGA/GAG/AGG	GENOMAD.126384.VC	3.553e-111	395	0	0	0	1246	Caudoviricetes	NA	NA	PF13547	GTA TIM-barrel-like domain
vOTU_027_16	12162	13583	1422	1	0.751	11	GGAG/GAGG	GENOMAD.123482.VP	3.25e-18	91	0	0	1	1246	Caudoviricetes	NA	NA	PF12571;COG5301	Phage-related tail fibre protein
vOTU_027_17	13592	14362	771	1	0.751	11	AGGAG	GENOMAD.212689.VC	7.667e-17	83	0	0	0	1	NA	NA	NA	NA	NA
vOTU_027_18	14476	14847	372	1	0.731	11	None	NA	NA	NA	0	0	0	1	NA	NA	NA	NA	NA
vOTU_028_1	3	1064	1062	1	0.727	11	None	NA	NA	NA	0	0	0	1	NA	NA	NA	NA	NA
vOTU_028_2	1216	2379	1164	1	0.705	11	AGGAGG	GENOMAD.065578.VV	2.488e-63	225	0	0	1	1246	Caudoviricetes	NA	NA	PF04860;PF04233;TIGR01537;COG4695;K06904	phage portal protein, HK97 family
vOTU_028_3	2376	2606	231	1	0.736	11	GGxGG	GENOMAD.170953.VC	1.598e-12	63	0	0	0	1246	Caudoviricetes	NA	NA	PF10779	NA
vOTU_028_4	2603	3142	540	1	0.713	11	GGAGG	GENOMAD.127022.VV	1.387e-10	62	0	0	1	1246	Caudoviricetes	NA	NA	PF04586;K06904;COG3740;TIGR01543	Phage head maturation protease
vOTU_028_5	3123	3998	876	-1	0.701	11	GGAGG	NA	NA	NA	0	0	0	1	NA	NA	NA	NA	NA
vOTU_028_6	4097	5359	1263	1	0.687	11	GGAG/GAGG	GENOMAD.123356.VV	2.572e-05	49	0	0	0	1246	Caudoviricetes	NA	NA	NA	NA
vOTU_028_7	5601	5867	267	1	0.693	11	GGAG/GAGG	GENOMAD.157913.VV	1.567e-40	144	0	0	1	1246	Caudoviricetes	NA	NA	PF05135;TIGR01560	Phage gp6-like head-tail connector protein
vOTU_028_8	5864	6187	324	1	0.747	11	GGAG/GAGG	NA	NA	NA	0	0	0	1	NA	NA	NA	NA	NA
vOTU_028_9	6184	6597	414	1	0.708	11	GGAGG	GENOMAD.092143.VV	3.414e-39	143	0	0	1	1246	Caudoviricetes	NA	NA	PF11367	NA
vOTU_028_10	6699	7115	417	1	0.717	11	AGGAG	GENOMAD.062241.VV	2.422e-43	155	0	0	1	1246	Caudoviricetes	NA	NA	PF06199;COG5437;TIGR02126	Predicted secreted protein
vOTU_028_11	7163	7420	258	1	0.764	11	GGAG/GAGG	GENOMAD.195081.VC	4.024e-22	91	0	0	1	1246	Caudoviricetes	NA	NA	PF11836	Phage tail tube protein, GTA-gp10
vOTU_028_12	7417	7611	195	1	0.723	11	GGxGG	GENOMAD.215049.VC	1.602e-14	68	0	0	1	1	NA	NA	NA	PF09550;TIGR02216	phage conserved hypothetical protein
vOTU_028_13	7604	8155	552	1	0.770	11	GGAGG	GENOMAD.049689.VV	3.133e-12	67	0	0	0	1246	Caudoviricetes	NA	NA	NA	NA
vOTU_028_14	8159	8845	687	-1	0.643	11	GGAG/GAGG	GENOMAD.207269.CP	1.243e-26	111	0	0	0	1	NA	NA	NA	PF05656;COG3152	Uncharacterized membrane protein YhaH, DUF805 family
vOTU_028_15	8932	9549	618	1	0.696	11	GGAG/GAGG	GENOMAD.124471.VC	3.772e-33	129	0	0	0	1246	Caudoviricetes	NA	NA	PF09343;TIGR02217;COG5448	TIGR02217 family protein
vOTU_028_16	9551	10201	651	1	0.688	11	AGGA/GGAG/GAGG	GENOMAD.103140.VC	1.287e-18	87	0	0	1	1246	Caudoviricetes	NA	NA	PF09356;PF05100;TIGR02218;COG5449	Phage minor tail protein L
vOTU_028_17	10198	10665	468	1	0.726	11	GGAG/GAGG	GENOMAD.154677.VC	5.337e-51	178	0	0	0	1246	Caudoviricetes	NA	NA	PF06940;K13695;TIGR02219;COG3738	putative phage cell wall peptidase, NlpC/P60 family
vOTU_028_18	10666	14391	3726	1	0.697	11	AGGAG	GENOMAD.126384.VC	7.745e-113	399	0	0	0	1246	Caudoviricetes	NA	NA	PF13547	GTA TIM-barrel-like domain
vOTU_029_1	2	1582	1581	-1	0.677	11	AGGAG	NA	NA	NA	0	0	0	1	NA	NA	NA	NA	NA
vOTU_029_2	1655	4375	2721	-1	0.694	11	GGAGG	GENOMAD.205792.VP	1.305e-47	189	0	0	0	1246	Caudoviricetes	NA	NA	PF22262	NA
vOTU_029_3	4360	4794	435	-1	0.743	11	GGA/GAG/AGG	GENOMAD.083007.VV	1.889e-23	98	0	0	0	1246	Caudoviricetes	NA	NA	PF22262	NA
vOTU_029_4	4798	5403	606	-1	0.716	11	GGA/GAG/AGG	GENOMAD.084020.VV	3.009e-34	132	0	0	0	1246	Caudoviricetes	NA	NA	NA	NA
vOTU_029_5	5400	6110	711	-1	0.698	11	GGAG/GAGG	NA	NA	NA	0	0	0	1	NA	NA	NA	NA	NA
vOTU_029_6	6120	8870	2751	-1	0.686	11	AGGAG	GENOMAD.126095.VP	5.847e-14	79	0	0	1	1246	Caudoviricetes	NA	NA	COG5281	Phage-related minor tail protein
vOTU_029_7	8867	9019	153	-1	0.647	11	GGAG/GAGG	NA	NA	NA	0	0	0	1	NA	NA	NA	NA	NA
vOTU_029_8	9028	9603	576	-1	0.693	11	GGAG/GAGG	GENOMAD.116501.VP	1.504e-16	80	0	0	1	1246	Caudoviricetes	NA	NA	PF05136;TIGR01539;COG5511	phage portal protein, lambda family
vOTU_029_9	9603	10910	1308	-1	0.694	11	GGAG/GAGG	GENOMAD.027407.VV	3.228e-30	128	0	0	1	1246	Caudoviricetes	NA	NA	PF18906	Phage tail tube protein
vOTU_029_10	10938	11372	435	-1	0.715	11	GGAG/GAGG	GENOMAD.109719.VV	5.808e-45	160	0	0	1	1246	Caudoviricetes	NA	NA	PF06141	Phage minor tail protein U
vOTU_029_11	11375	12064	690	-1	0.691	11	None	GENOMAD.222627.VP	2.223e-51	183	0	0	0	1246	Caudoviricetes	NA	NA	PF20039	NA
vOTU_029_12	12064	12354	291	-1	0.729	11	GGAG/GAGG	GENOMAD.201286.VV	9.581e-11	59	0	0	0	1	NA	NA	NA	PF05354	Phage Head-Tail Attachment
vOTU_029_13	12381	12719	339	-1	0.681	11	AGGA	GENOMAD.105991.VV	1.641e-35	131	0	0	1	1246	Caudoviricetes	NA	NA	PF05136;TIGR01539;COG5511	phage portal protein, lambda family
vOTU_029_14	12815	14134	1320	-1	0.695	11	None	GENOMAD.182779.VV	1.344e-09	63	0	0	1	1246	Caudoviricetes	NA	NA	PF04985;PF10124;PF04586;K06908;COG3498;TIGR01611	Phage tail tube protein FII
vOTU_030_1	1	888	888	1	0.497	11	None	NA	NA	NA	0	0	0	1	NA	NA	NA	NA	NA
vOTU_030_2	910	1533	624	1	0.500	11	GGA/GAG/AGG	NA	NA	NA	0	0	0	1	NA	NA	NA	NA	NA
vOTU_030_3	1643	3832	2190	-1	0.594	11	GGAG/GAGG	GENOMAD.190609.VP	6.393e-36	150	0	0	1	1246	Caudoviricetes	NA	NA	COG5281	Phage-related minor tail protein
vOTU_030_4	3842	5473	1632	-1	0.576	11	None	GENOMAD.181434.VP	3.292e-31	133	0	0	1	1246	Caudoviricetes	NA	NA	PF20441	Terminase large subunit, endonuclease domain
vOTU_030_5	5474	5881	408	-1	0.600	11	GGAG/GAGG	GENOMAD.130585.VV	5.252e-06	47	0	0	1	1246	Caudoviricetes	NA	NA	PF05119;COG3747;TIGR01558	Phage terminase, small subunit
vOTU_030_6	5884	6207	324	-1	0.586	11	GGAG/GAGG	GENOMAD.123093.VP	3.521e-41	147	0	0	1	1246	Caudoviricetes	NA	NA	PF05521;COG5614;TIGR01563	Bacteriophage head-tail adaptor
vOTU_030_7	6209	6616	408	-1	0.596	11	GGAG/GAGG	GENOMAD.107323.VV	5.192e-42	151	0	0	1	1	NA	NA	NA	PF11367	NA
vOTU_030_8	6613	7014	402	-1	0.604	11	GGAG/GAGG	GENOMAD.193152.VP	2.126e-07	51	0	0	1	1	NA	NA	NA	PF11114;TIGR01725;COG5005	phage protein, HK97 gp10 family
vOTU_030_9	7011	7298	288	-1	0.531	11	GGA/GAG/AGG	GENOMAD.095806.VV	3.33e-13	66	0	0	1	1246	Caudoviricetes	NA	NA	PF05135;TIGR01560	Phage gp6-like head-tail connector protein
vOTU_030_10	7295	7969	675	-1	0.576	11	AGGAG	GENOMAD.212912.VP	7.442e-08	55	0	0	0	1246	Caudoviricetes	NA	NA	PF07768	PVL ORF-50-like family
vOTU_030_11	8307	8519	213	-1	0.573	11	AGxAG	NA	NA	NA	0	0	0	1	NA	NA	NA	NA	NA
vOTU_030_12	8523	9092	570	-1	0.570	11	GGA/GAG/AGG	GENOMAD.150017.VV	1.343e-17	83	0	0	1	1246	Caudoviricetes	NA	NA	PF09550;TIGR02216	Phage tail assembly chaperone protein, TAC
vOTU_030_13	9095	9571	477	-1	0.553	11	GGA/GAG/AGG	GENOMAD.034909.VV	1.592e-22	96	0	0	1	1246	Caudoviricetes	NA	NA	PF16463;COG5437;TIGR02126	Phage tail tube protein family
vOTU_030_14	9637	10815	1179	-1	0.608	11	AGGA	GENOMAD.095008.VP	2.149e-14	78	0	0	1	1246	Caudoviricetes	NA	NA	PF06141;PF05065;K21512;TIGR01554;COG5525	Phage minor tail protein U; Phage capsid family
vOTU_030_15	10820	11383	564	-1	0.603	11	AGGAGG	GENOMAD.210408.VV	0.0003481	43	0	0	1	1246	Caudoviricetes	NA	NA	PF04586;COG3740;TIGR01543;K06904	Phage head maturation protease
vOTU_030_16	11373	11741	369	-1	0.572	11	GGAG/GAGG	GENOMAD.073802.VV	2.121e-37	137	0	0	1	1246	Caudoviricetes	NA	NA	PF11836	Phage tail tube protein, GTA-gp10
vOTU_030_17	11734	12939	1206	-1	0.605	11	GGA/GAG/AGG	GENOMAD.179073.VP	4.501e-20	96	0	0	0	1246	Caudoviricetes	NA	NA	NA	NA
vOTU_030_18	13057	14079	1023	-1	0.545	11	None	GENOMAD.170522.VV	2.781e-08	58	0	0	0	1	NA	NA	NA	NA	NA
vOTU_031_1	1	75	75	-1	0.653	11	GGA/GAG/AGG	NA	NA	NA	0	0	0	1	NA	NA	NA	NA	NA
vOTU_031_2	553	921	369	1	0.661	11	3Base/5BMM	NA	NA	NA	0	0	0	1	NA	NA	NA	NA	NA
vOTU_031_3	908	1009	102	1	0.618	11	GGAG/GAGG	NA	NA	NA	0	0	0	1	NA	NA	NA	NA	NA
vOTU_031_4	1428	3173	1746	1	0.680	11	AGGA	NA	NA	NA	0	0	0	1	NA	NA	NA	NA	NA
vOTU_031_5	3233	4309	1077	1	0.688	11	None	GENOMAD.007347.VV	5.4e-20	95	0	0	0	1246	Caudoviricetes	NA	NA	NA	NA
vOTU_031_6	4306	6108	1803	1	0.698	11	AGGAG	GENOMAD.098737.VP	2.952e-50	193	0	0	1	1246	Caudoviricetes	NA	NA	K06904;COG3740	Phage head maturation protease
vOTU_031_7	6127	6471	345	1	0.704	11	GGxGG	GENOMAD.108902.VV	1.091e-16	77	0	0	0	1246	Caudoviricetes	NA	NA	NA	NA
vOTU_031_8	6468	6839	372	1	0.664	11	GGxGG	NA	NA	NA	0	0	0	1	NA	NA	NA	NA	NA
vOTU_031_9	6843	7259	417	1	0.691	11	AGGA	GENOMAD.153533.VP	3.302e-23	97	0	0	0	1246	Caudoviricetes	NA	NA	NA	NA
vOTU_031_10	7272	7781	510	1	0.647	11	GGA/GAG/AGG	GENOMAD.101378.VV	1.875e-25	105	0	0	0	1246	Caudoviricetes	NA	NA	NA	NA
vOTU_031_11	7785	9029	1245	1	0.677	11	AGGAG	NA	NA	NA	0	0	0	1	NA	NA	NA	NA	NA
vOTU_031_12	9026	9388	363	1	0.700	11	GGxGG	GENOMAD.122286.VV	4.1e-13	67	0	0	0	1	NA	NA	NA	NA	NA
vOTU_031_13	9390	10535	1146	1	0.673	11	AGGAG	GENOMAD.094595.VV	1.224e-32	134	0	0	1	1246	Caudoviricetes	NA	NA	PF13550;COG4379	Mu-like prophage tail protein gpP
vOTU_031_14	10535	11992	1458	1	0.665	11	GGAG/GAGG	GENOMAD.136909.VC	3.244e-13	75	0	0	0	1246	Caudoviricetes	NA	NA	PF14606;PF06439	GDSL-like Lipase/Acylhydrolase family; 3-keto-disaccharide hydrolase
vOTU_031_15	12012	12707	696	1	0.655	11	4Base/6BMM	NA	NA	NA	0	0	0	1	NA	NA	NA	NA	NA
vOTU_031_16	12711	13424	714	1	0.695	11	GGA/GAG/AGG	NA	NA	NA	0	0	0	1	NA	NA	NA	NA	NA
vOTU_031_17	13470	13829	360	1	0.669	11	AGGA	NA	NA	NA	0	0	0	1	NA	NA	NA	NA	NA
vOTU_032_1	2	562	561	-1	0.645	11	GGAGG	GENOMAD.138378.VP	1.694e-05	47	0	0	0	1246	Caudoviricetes	NA	NA	PF05838;PF09374;COG3926	Lysozyme family protein
vOTU_032_2	555	4283	3729	-1	0.661	11	AGGA	GENOMAD.126384.VC	3.238e-125	437	0	0	0	1246	Caudoviricetes	NA	NA	PF13547	GTA TIM-barrel-like domain
vOTU_032_3	4305	4718	414	-1	0.669	11	None	GENOMAD.154677.VC	6.895e-40	145	0	0	0	1246	Caudoviricetes	NA	NA	PF06940;K13695;TIGR02219;COG3738	putative phage cell wall peptidase, NlpC/P60 family
vOTU_032_4	4715	5605	891	-1	0.652	11	GGAG/GAGG	GENOMAD.103140.VC	1.903e-43	163	0	0	1	1246	Caudoviricetes	NA	NA	PF09356;PF05100;TIGR02218;COG5449	Phage minor tail protein L
vOTU_032_5	5602	6222	621	-1	0.651	11	GGAG/GAGG	GENOMAD.124471.VC	1.159e-28	116	0	0	0	1246	Caudoviricetes	NA	NA	PF09343;TIGR02217;COG5448	TIGR02217 family protein
vOTU_032_6	6326	6874	549	-1	0.654	11	GGAG/GAGG	GENOMAD.214866.VV	6.882e-61	208	0	0	0	1246	Caudoviricetes	NA	NA	NA	NA
vOTU_032_7	6864	7055	192	-1	0.651	11	GGAGG	GENOMAD.038364.VV	0.0001031	40	0	0	1	1	NA	NA	NA	PF09550;TIGR02216	phage conserved hypothetical protein
vOTU_032_8	7052	7366	315	-1	0.679	11	GGA/GAG/AGG	GENOMAD.153091.VC	1.679e-39	142	0	0	1	1246	Caudoviricetes	NA	NA	PF11836	Phage tail tube protein, GTA-gp10
vOTU_032_9	7445	7858	414	-1	0.645	11	GGA/GAG/AGG	GENOMAD.062241.VV	1.393e-40	147	0	0	1	1246	Caudoviricetes	NA	NA	PF06199;COG5437;TIGR02126	Predicted secreted protein
vOTU_032_10	7933	8304	372	-1	0.642	11	None	GENOMAD.120664.VV	1.203e-27	109	0	0	1	1246	Caudoviricetes	NA	NA	PF11367	NA
vOTU_032_11	8309	8638	330	-1	0.648	11	GGA/GAG/AGG	GENOMAD.143128.VP	4.731e-07	49	0	0	1	1246	Caudoviricetes	NA	NA	PF05521;COG5614;TIGR01563	Bacteriophage head-tail adaptor
vOTU_032_12	8647	9216	570	-1	0.661	11	GGA/GAG/AGG	GENOMAD.081013.VV	1.508e-27	112	0	0	1	1	NA	NA	NA	PF05135;TIGR02215	phage conserved hypothetical protein, phiE125 gp8 family
vOTU_032_13	9447	10667	1221	-1	0.629	11	GGA/GAG/AGG	GENOMAD.079226.VV	3.714e-12	71	0	0	0	1246	Caudoviricetes	NA	NA	NA	NA
vOTU_032_14	10679	11155	477	-1	0.642	11	None	GENOMAD.127022.VV	1.427e-13	70	0	0	1	1246	Caudoviricetes	NA	NA	PF04586;K06904;COG3740;TIGR01543	Phage head maturation protease
vOTU_032_15	11155	11283	129	-1	0.674	11	GGA/GAG/AGG	NA	NA	NA	0	0	0	1	NA	NA	NA	NA	NA
vOTU_032_16	11288	11476	189	-1	0.561	11	GGA/GAG/AGG	GENOMAD.031967.CC	3.25e-14	67	0	0	0	1	NA	NA	NA	PF00089;K08649;COG5640	Secreted trypsin-like serine protease
vOTU_032_17	11473	12645	1173	-1	0.643	11	None	GENOMAD.065578.VV	5.698e-64	227	0	0	1	1246	Caudoviricetes	NA	NA	PF04860;PF04233;TIGR01537;COG4695;K06904	phage portal protein, HK97 family
vOTU_033_1	2	1015	1014	-1	0.650	11	GGA/GAG/AGG	NA	NA	NA	0	0	0	1	NA	NA	NA	NA	NA
vOTU_033_2	1015	1272	258	-1	0.667	11	AGGAG	GENOMAD.226057.VP	2.103e-06	46	0	0	0	1	NA	NA	NA	PF06806;COG3311	Predicted DNA-binding transcriptional regulator AlpA
vOTU_033_3	1269	1463	195	-1	0.646	11	GGAGG	NA	NA	NA	0	0	0	1	NA	NA	NA	NA	NA
vOTU_033_4	1460	1873	414	-1	0.633	11	AGGAG	NA	NA	NA	0	0	0	1	NA	NA	NA	NA	NA
vOTU_033_5	1870	2100	231	-1	0.675	11	AGxAGG/AGGxGG	NA	NA	NA	0	0	0	1	NA	NA	NA	NA	NA
vOTU_033_6	2100	3053	954	-1	0.657	11	GGAG/GAGG	GENOMAD.160916.VP	3.298e-11	67	0	0	0	1246	Caudoviricetes	NA	NA	NA	NA
vOTU_033_7	3057	3452	396	-1	0.702	11	AGxAGG/AGGxGG	GENOMAD.061310.VV	6.667e-21	90	0	0	0	1246	Caudoviricetes	NA	NA	PF13395	HNH endonuclease
vOTU_033_8	3449	3844	396	-1	0.646	11	AGGAG	GENOMAD.158060.VV	3.613e-19	85	0	0	0	1246	Caudoviricetes	NA	NA	PF05772	NinB protein
vOTU_033_9	3841	4488	648	-1	0.657	11	GGAG/GAGG	GENOMAD.099644.VP	2.113e-35	136	0	0	1	1246	Caudoviricetes	NA	NA	PF09588;COG5377;TIGR03033;K01143	Phage-related protein, predicted endonuclease
vOTU_033_10	4485	5270	786	-1	0.639	11	GGAG/GAGG	GENOMAD.161221.VP	1.5e-71	243	0	0	1	1246	Caudoviricetes	NA	NA	PF04404;PF03237	ERF superfamily; Terminase large subunit, T4likevirus-type, N-terminal
vOTU_033_11	5267	5434	168	-1	0.637	11	GGAG/GAGG	NA	NA	NA	0	0	0	1	NA	NA	NA	NA	NA
vOTU_033_12	5427	5741	315	-1	0.648	11	GGA/GAG/AGG	GENOMAD.151601.VP	1.613e-08	53	0	0	0	1246	Caudoviricetes	NA	NA	NA	NA
vOTU_033_13	5734	5859	126	-1	0.619	11	None	NA	NA	NA	0	0	0	1	NA	NA	NA	NA	NA
vOTU_033_14	5856	6053	198	-1	0.626	11	GGAGG	NA	NA	NA	0	0	0	1	NA	NA	NA	NA	NA
vOTU_033_15	6050	6397	348	-1	0.684	11	GGAGG	NA	NA	NA	0	0	0	1	NA	NA	NA	NA	NA
vOTU_033_16	6394	6702	309	-1	0.657	11	GGAG/GAGG	NA	NA	NA	0	0	0	1	NA	NA	NA	NA	NA
vOTU_033_17	6706	7026	321	-1	0.673	11	GGAG/GAGG	GENOMAD.151601.VP	3.868e-08	52	0	0	0	1246	Caudoviricetes	NA	NA	NA	NA
vOTU_033_18	7026	7514	489	-1	0.640	11	GGAG/GAGG	GENOMAD.145976.VP	8.74e-11	62	0	0	0	1246	Caudoviricetes	NA	NA	PF13392	HNH endonuclease
vOTU_033_19	7589	8257	669	-1	0.641	11	GGA/GAG/AGG	NA	NA	NA	0	0	0	1	NA	NA	NA	NA	NA
vOTU_033_20	8288	8569	282	1	0.660	11	GGA/GAG/AGG	GENOMAD.180739.VP	1.295e-06	47	0	0	1	1246	Caudoviricetes	NA	NA	PF13411;K22302;TIGR00721;COG4220	MerR HTH family regulatory protein
vOTU_033_21	8569	8859	291	1	0.656	11	AGxAGG/AGGxGG	NA	NA	NA	0	0	0	1	NA	NA	NA	NA	NA
vOTU_033_22	8860	9543	684	1	0.646	11	AGxAGG/AGGxGG	GENOMAD.009959.VV	8.81e-13	70	0	0	0	1246	Caudoviricetes	NA	NA	PF01555;COG0863;K13581	DNA modification methylase
vOTU_033_23	9540	9689	150	1	0.633	11	AGGAG	NA	NA	NA	0	0	0	1	NA	NA	NA	NA	NA
vOTU_033_24	9686	9802	117	1	0.641	11	GGAG/GAGG	NA	NA	NA	0	0	0	1	NA	NA	NA	NA	NA
vOTU_033_25	9811	10047	237	-1	0.633	11	GGAG/GAGG	NA	NA	NA	0	0	0	1	NA	NA	NA	NA	NA
vOTU_033_26	10100	10453	354	1	0.624	11	GGAG/GAGG	NA	NA	NA	0	0	0	1	NA	NA	NA	NA	NA
vOTU_033_27	10450	10578	129	1	0.659	11	GGAG/GAGG	NA	NA	NA	0	0	0	1	NA	NA	NA	NA	NA
vOTU_033_28	10575	10892	318	1	0.635	11	AGGAG	GENOMAD.085421.VV	4.921e-05	43	0	0	0	1246	Caudoviricetes	NA	NA	NA	NA
vOTU_033_29	10889	11431	543	1	0.683	11	GGxGG	GENOMAD.151709.VC	3.195e-05	46	0	0	0	1	NA	NA	NA	PF08299	Bacterial dnaA protein helix-turn-helix
vOTU_033_30	11428	11802	375	1	0.669	11	None	GENOMAD.101914.VV	2.586e-44	157	0	0	0	1246	Caudoviricetes	NA	NA	NA	NA
vOTU_033_31	11799	12002	204	1	0.603	11	GGAG/GAGG	NA	NA	NA	0	0	0	1	NA	NA	NA	NA	NA
vOTU_033_32	11999	12469	471	1	0.592	11	GGA/GAG/AGG	NA	NA	NA	0	0	0	1	NA	NA	NA	NA	NA
vOTU_033_33	12471	12554	84	1	0.524	11	GGAG/GAGG	NA	NA	NA	0	0	0	1	NA	NA	NA	NA	NA
vOTU_034_1	1	972	972	-1	0.717	11	GGAGG	NA	NA	NA	0	0	0	1	NA	NA	NA	NA	NA
vOTU_034_2	962	1252	291	-1	0.735	11	None	NA	NA	NA	0	0	0	1	NA	NA	NA	NA	NA
vOTU_034_3	1339	1860	522	-1	0.728	11	None	NA	NA	NA	0	0	0	1	NA	NA	NA	NA	NA
vOTU_034_4	1862	3118	1257	-1	0.699	11	AGxAGG/AGGxGG	NA	NA	NA	0	0	0	1	NA	NA	NA	NA	NA
vOTU_034_5	3122	3637	516	-1	0.682	11	GGAG/GAGG	NA	NA	NA	0	0	0	1	NA	NA	NA	NA	NA
vOTU_034_6	3630	4097	468	-1	0.737	11	GGxGG	NA	NA	NA	0	0	0	1	NA	NA	NA	NA	NA
vOTU_034_7	4097	4552	456	-1	0.706	11	GGA/GAG/AGG	NA	NA	NA	0	0	0	1	NA	NA	NA	NA	NA
vOTU_034_8	4563	4934	372	-1	0.677	11	None	NA	NA	NA	0	0	0	1	NA	NA	NA	NA	NA
vOTU_034_9	4934	5890	957	-1	0.683	11	AGGA	GENOMAD.167030.VV	7.67e-12	69	0	0	1	1246	Caudoviricetes	NA	NA	PF10124;COG4397	Mu-like prophage major head subunit gpT
vOTU_034_10	5923	6354	432	-1	0.662	11	GGAG/GAGG	NA	NA	NA	0	0	0	1	NA	NA	NA	NA	NA
vOTU_034_11	6384	7316	933	-1	0.703	11	GGA/GAG/AGG	GENOMAD.064435.VV	3.659e-39	151	0	0	0	1	NA	NA	NA	NA	NA
vOTU_034_12	7317	8402	1086	-1	0.705	11	GGAGG	NA	NA	NA	0	0	0	1	NA	NA	NA	NA	NA
vOTU_034_13	8399	9598	1200	-1	0.696	11	None	NA	NA	NA	0	0	0	1	NA	NA	NA	NA	NA
vOTU_034_14	9821	11215	1395	-1	0.724	11	None	NA	NA	NA	0	0	0	1	NA	NA	NA	NA	NA
vOTU_034_15	11178	11486	309	-1	0.706	11	GGA/GAG/AGG	NA	NA	NA	0	0	0	1	NA	NA	NA	NA	NA
vOTU_034_16	11767	12045	279	-1	0.667	11	None	NA	NA	NA	0	0	0	1	NA	NA	NA	NA	NA
vOTU_035_1	2	1636	1635	-1	0.658	11	GGAG/GAGG	NA	NA	NA	0	0	0	1	NA	NA	NA	NA	NA
vOTU_035_2	1673	3529	1857	-1	0.655	11	GGAGG	GENOMAD.048695.VV	5.395e-43	171	0	0	0	1246	Caudoviricetes	NA	NA	NA	NA
vOTU_035_3	3530	3907	378	-1	0.664	11	None	GENOMAD.083007.VV	5.342e-29	113	0	0	0	1246	Caudoviricetes	NA	NA	PF22262	NA
vOTU_035_4	3907	4506	600	-1	0.633	11	GGAGG	GENOMAD.084020.VV	2.072e-82	271	0	0	0	1246	Caudoviricetes	NA	NA	NA	NA
vOTU_035_5	4506	5276	771	-1	0.645	11	GGAG/GAGG	GENOMAD.137934.VV	5.512e-08	56	0	0	1	1246	Caudoviricetes	NA	NA	PF06892	Phage regulatory protein CII (CP76)
vOTU_035_6	5263	5781	519	-1	0.628	11	None	GENOMAD.189528.VP	2.078e-14	73	0	0	0	1246	Caudoviricetes	NA	NA	PF13392	NA
vOTU_035_7	5850	6143	294	1	0.646	11	GGAG/GAGG	NA	NA	NA	0	0	0	1	NA	NA	NA	NA	NA
vOTU_035_8	6154	6414	261	-1	0.640	11	None	NA	NA	NA	0	0	0	1	NA	NA	NA	NA	NA
vOTU_035_9	6493	7173	681	1	0.621	11	GGAG/GAGG	NA	NA	NA	0	0	0	1	NA	NA	NA	NA	NA
vOTU_035_10	7253	8686	1434	-1	0.589	11	GGA/GAG/AGG	NA	NA	NA	0	0	0	1	NA	NA	NA	NA	NA
vOTU_035_11	8910	9383	474	1	0.660	11	GGAG/GAGG	NA	NA	NA	0	0	0	1	NA	NA	NA	NA	NA
vOTU_035_12	9383	9697	315	1	0.683	11	GGAG/GAGG	NA	NA	NA	0	0	0	1	NA	NA	NA	NA	NA
vOTU_035_13	10079	10639	561	1	0.676	11	3Base/5BMM	NA	NA	NA	0	0	0	1	NA	NA	NA	NA	NA
vOTU_035_14	10639	11373	735	1	0.663	11	AGGA	NA	NA	NA	0	0	0	1	NA	NA	NA	NA	NA
vOTU_035_15	11582	11854	273	1	0.568	11	AGGAG	NA	NA	NA	0	0	0	1	NA	NA	NA	NA	NA
vOTU_035_16	11851	11913	63	1	0.651	11	GGAGG	NA	NA	NA	0	0	0	1	NA	NA	NA	NA	NA
vOTU_036_1	123	329	207	1	0.614	11	None	NA	NA	NA	0	0	0	1	NA	NA	NA	NA	NA
vOTU_036_2	387	1892	1506	1	0.653	11	GGAG/GAGG	GENOMAD.060072.VV	4.172e-10	65	0	0	0	1246	Caudoviricetes	NA	NA	NA	NA
vOTU_036_3	1908	2276	369	1	0.653	11	GGA/GAG/AGG	NA	NA	NA	0	0	0	1	NA	NA	NA	NA	NA
vOTU_036_4	2379	5063	2685	1	0.656	11	None	NA	NA	NA	0	0	0	1	NA	NA	NA	NA	NA
vOTU_036_5	5063	8140	3078	1	0.672	11	GGAG/GAGG	GENOMAD.159299.VP	6.032e-45	181	0	0	0	1246	Caudoviricetes	NA	NA	PF04607	NA
vOTU_036_6	8140	10833	2694	1	0.649	11	GGAG/GAGG	GENOMAD.126373.VP	1.541e-75	277	0	0	0	1246	Caudoviricetes	NA	NA	NA	NA
vOTU_036_7	11075	11464	390	1	0.579	11	GGAG/GAGG	NA	NA	NA	0	0	0	1	NA	NA	NA	NA	NA
vOTU_037_1	2	232	231	-1	0.494	11	AGGA	NA	NA	NA	0	0	0	1	NA	NA	NA	NA	NA
vOTU_037_2	405	986	582	-1	0.627	11	GGA/GAG/AGG	NA	NA	NA	0	0	0	1	NA	NA	NA	NA	NA
vOTU_037_3	983	1345	363	-1	0.603	11	GGAG/GAGG	NA	NA	NA	0	0	0	1	NA	NA	NA	NA	NA
vOTU_037_4	1342	1725	384	-1	0.602	11	None	NA	NA	NA	0	0	0	1	NA	NA	NA	NA	NA
vOTU_037_5	1718	2044	327	-1	0.602	11	AGGA	NA	NA	NA	0	0	0	1	NA	NA	NA	NA	NA
vOTU_037_6	2041	2346	306	-1	0.595	11	GGAG/GAGG	NA	NA	NA	0	0	0	1	NA	NA	NA	NA	NA
vOTU_037_7	2427	2630	204	1	0.632	11	GGA/GAG/AGG	GENOMAD.222935.VP	1.653e-15	71	0	0	0	1	NA	NA	NA	PF09957;COG0864	NA
vOTU_037_8	2634	3077	444	-1	0.669	11	GGA/GAG/AGG	GENOMAD.161183.VV	5.547e-30	117	0	0	0	1246	Caudoviricetes	NA	NA	PF07102	Putative nuclease YbcO
vOTU_037_9	3074	3589	516	-1	0.630	11	GGAG/GAGG	GENOMAD.126386.VP	1.246e-57	198	0	0	0	1246	Caudoviricetes	NA	NA	PF07105;PF13252	NA
vOTU_037_10	3589	4371	783	-1	0.648	11	GGA/GAG/AGG	GENOMAD.158186.VP	8.523e-49	177	0	0	0	1246	Caudoviricetes	NA	NA	NA	NA
vOTU_037_11	4382	4648	267	-1	0.625	11	AGxAG	GENOMAD.142162.VV	2.457e-13	66	0	0	0	1246	Caudoviricetes	NA	NA	NA	NA
vOTU_037_12	4652	5389	738	-1	0.646	11	AGGAG	GENOMAD.048830.VV	3.154e-91	299	0	0	0	7192	Cheoctovirus	NA	NA	PF06378;COG4712;TIGR00607	Rad52/22 family double-strand break repair protein
vOTU_037_13	5386	5586	201	-1	0.647	11	GGA/GAG/AGG	NA	NA	NA	0	0	0	1	NA	NA	NA	NA	NA
vOTU_037_14	5583	5747	165	-1	0.618	11	GGA/GAG/AGG	NA	NA	NA	0	0	0	1	NA	NA	NA	NA	NA
vOTU_037_15	5744	5965	222	-1	0.595	11	GGA/GAG/AGG	NA	NA	NA	0	0	0	1	NA	NA	NA	NA	NA
vOTU_037_16	5962	6144	183	-1	0.574	11	GGAG/GAGG	NA	NA	NA	0	0	0	1	NA	NA	NA	NA	NA
vOTU_037_17	6144	6251	108	-1	0.556	11	GGxGG	NA	NA	NA	0	0	0	1	NA	NA	NA	NA	NA
vOTU_037_18	6248	6544	297	-1	0.606	11	GGAGG	NA	NA	NA	0	0	0	1	NA	NA	NA	NA	NA
vOTU_037_19	6541	6888	348	-1	0.632	11	None	NA	NA	NA	0	0	0	1	NA	NA	NA	NA	NA
vOTU_037_20	6885	7232	348	-1	0.609	11	GGAG/GAGG	NA	NA	NA	0	0	0	1	NA	NA	NA	NA	NA
vOTU_037_21	7229	7648	420	-1	0.607	11	GGAGG	NA	NA	NA	0	0	0	1	NA	NA	NA	NA	NA
vOTU_037_22	7645	7866	222	-1	0.631	11	3Base/5BMM	NA	NA	NA	0	0	0	1	NA	NA	NA	NA	NA
vOTU_037_23	7863	8105	243	-1	0.658	11	AGxAGG/AGGxGG	NA	NA	NA	0	0	0	1	NA	NA	NA	NA	NA
vOTU_037_24	8102	8404	303	-1	0.601	11	GGxGG	NA	NA	NA	0	0	0	1	NA	NA	NA	NA	NA
vOTU_037_25	8404	8577	174	-1	0.649	11	GGAG/GAGG	NA	NA	NA	0	0	0	1	NA	NA	NA	NA	NA
vOTU_037_26	8708	9076	369	1	0.631	11	GGAG/GAGG	NA	NA	NA	0	0	0	1	NA	NA	NA	NA	NA
vOTU_037_27	9085	10098	1014	-1	0.603	11	GGAGG	NA	NA	NA	0	0	0	1	NA	NA	NA	NA	NA
vOTU_037_28	10433	10852	420	1	0.612	11	GGAG/GAGG	NA	NA	NA	0	0	0	1	NA	NA	NA	NA	NA
vOTU_037_29	11083	11202	120	1	0.558	11	GGxGG	NA	NA	NA	0	0	0	1	NA	NA	NA	NA	NA
vOTU_038_1	31	516	486	-1	0.613	11	GGAGG	NA	NA	NA	0	0	0	1	NA	NA	NA	NA	NA
vOTU_038_2	516	701	186	-1	0.618	11	GGAG/GAGG	NA	NA	NA	0	0	0	1	NA	NA	NA	NA	NA
vOTU_038_3	698	1051	354	-1	0.619	11	AGGA	NA	NA	NA	0	0	0	1	NA	NA	NA	NA	NA
vOTU_038_4	1061	1714	654	-1	0.624	11	AGGA/GGAG/GAGG	GENOMAD.177536.VP	5.047e-45	164	0	0	0	1246	Caudoviricetes	NA	NA	NA	NA
vOTU_038_5	1711	2046	336	-1	0.708	11	GGAGG	GENOMAD.135948.VV	2.619e-14	70	0	0	0	1246	Caudoviricetes	NA	NA	PF00145;PF13395;TIGR00675;COG0270;K18896	DNA-methyltransferase (dcm)
vOTU_038_6	2043	2264	222	-1	0.689	11	GGAGG	NA	NA	NA	0	0	0	1	NA	NA	NA	NA	NA
vOTU_038_7	2261	2740	480	-1	0.696	11	GGAG/GAGG	GENOMAD.207349.VP	1.653e-22	96	0	0	0	1246	Caudoviricetes	NA	NA	PF11672;TIGR03831;K13655	zinc-finger-containing domain
vOTU_038_8	2737	3243	507	-1	0.659	11	AGGAGG	GENOMAD.126386.VP	1.25e-64	218	0	0	0	1246	Caudoviricetes	NA	NA	PF07105;PF13252	NA
vOTU_038_9	3240	3614	375	-1	0.661	11	AGGAG	GENOMAD.219362.VP	1.161e-44	158	0	0	0	1246	Caudoviricetes	NA	NA	NA	NA
vOTU_038_10	3611	3757	147	-1	0.680	11	GGAG/GAGG	NA	NA	NA	0	0	0	1	NA	NA	NA	NA	NA
vOTU_038_11	3754	4389	636	-1	0.664	11	GGA/GAG/AGG	GENOMAD.099644.VP	1.286e-29	119	0	0	1	1246	Caudoviricetes	NA	NA	PF09588;COG5377;TIGR03033;K01143	Phage-related protein, predicted endonuclease
vOTU_038_12	4389	5102	714	-1	0.667	11	GGAG/GAGG	GENOMAD.161221.VP	4.209e-66	226	0	0	1	1246	Caudoviricetes	NA	NA	PF04404;PF03237	ERF superfamily; Terminase large subunit, T4likevirus-type, N-terminal
vOTU_038_13	5099	5437	339	-1	0.699	11	GGAGG	GENOMAD.053790.VV	4.811e-08	52	0	0	0	1246	Caudoviricetes	NA	NA	NA	NA
vOTU_038_14	5434	5646	213	-1	0.657	11	GGAGG	NA	NA	NA	0	0	0	1	NA	NA	NA	NA	NA
vOTU_038_15	5643	5936	294	-1	0.701	11	GGAGG	NA	NA	NA	0	0	0	1	NA	NA	NA	NA	NA
vOTU_038_16	5929	6117	189	-1	0.688	11	GGxGG	NA	NA	NA	0	0	0	1	NA	NA	NA	NA	NA
vOTU_038_17	6114	6218	105	-1	0.619	11	GGAG/GAGG	NA	NA	NA	0	0	0	1	NA	NA	NA	NA	NA
vOTU_038_18	6396	6695	300	-1	0.563	11	AGGAG	NA	NA	NA	0	0	0	1	NA	NA	NA	NA	NA
vOTU_038_19	6685	6915	231	-1	0.571	11	GGA/GAG/AGG	NA	NA	NA	0	0	0	1	NA	NA	NA	NA	NA
vOTU_038_20	6938	7273	336	-1	0.628	11	GGAG/GAGG	NA	NA	NA	0	0	0	1	NA	NA	NA	NA	NA
vOTU_038_21	7294	8001	708	-1	0.636	11	GGA/GAG/AGG	GENOMAD.102941.VV	4.681e-11	65	0	0	0	1246	Caudoviricetes	NA	NA	PF08667;COG1974;TIGR00673;K22300	SOS-response transcriptional repressor LexA (RecA-mediated autopeptidase)
vOTU_038_22	8152	8343	192	-1	0.708	11	AGGAG	NA	NA	NA	0	0	0	1	NA	NA	NA	NA	NA
vOTU_038_23	8430	8801	372	1	0.659	11	GGAG/GAGG	NA	NA	NA	0	0	0	1	NA	NA	NA	NA	NA
vOTU_038_24	8832	9107	276	1	0.663	11	AGGAGG	NA	NA	NA	0	0	0	1	NA	NA	NA	NA	NA
vOTU_038_25	9080	9274	195	-1	0.636	11	GGAG/GAGG	NA	NA	NA	0	0	0	1	NA	NA	NA	NA	NA
vOTU_038_26	9460	9762	303	1	0.644	11	GGAGG	NA	NA	NA	0	0	0	1	NA	NA	NA	NA	NA
vOTU_038_27	9759	9887	129	1	0.690	11	GGAG/GAGG	NA	NA	NA	0	0	0	1	NA	NA	NA	NA	NA
vOTU_038_28	9884	10468	585	1	0.670	11	GGA/GAG/AGG	NA	NA	NA	0	0	0	1	NA	NA	NA	NA	NA
vOTU_038_29	10465	10683	219	1	0.680	11	AGGAG	NA	NA	NA	0	0	0	1	NA	NA	NA	NA	NA
vOTU_038_30	10687	11067	381	1	0.596	11	GGAG/GAGG	GENOMAD.183059.VP	9.162e-06	46	0	0	0	1246	Caudoviricetes	NA	NA	PF07120;COG3756	Uncharacterized conserved protein YdaU, DUF1376 family
vOTU_039_1	187	435	249	1	0.627	11	GGxGG	NA	NA	NA	0	0	0	1	NA	NA	NA	NA	NA
vOTU_039_2	432	707	276	1	0.688	11	None	NA	NA	NA	0	0	0	1	NA	NA	NA	NA	NA
vOTU_039_3	742	1023	282	1	0.656	11	AGGA	GENOMAD.040384.VV	1.696e-11	61	0	0	0	1246	Caudoviricetes	NA	NA	NA	NA
vOTU_039_4	1013	1588	576	1	0.677	11	GGA/GAG/AGG	GENOMAD.171676.VP	0.00037	43	0	0	1	1246	Caudoviricetes	NA	NA	PF00959;COG3772	Phage-related lysozyme (muramidase), GH24 family
vOTU_039_5	1585	1923	339	1	0.590	11	GGA/GAG/AGG	GENOMAD.084196.VV	1.807e-42	151	0	0	0	7236	Ackermannviridae	NA	NA	PF20137	NA
vOTU_039_6	1920	2369	450	1	0.629	11	AGGA	NA	NA	NA	0	0	0	1	NA	NA	NA	NA	NA
vOTU_039_7	2377	2589	213	1	0.681	11	GGA/GAG/AGG	NA	NA	NA	0	0	0	1	NA	NA	NA	NA	NA
vOTU_039_8	2612	2857	246	-1	0.650	11	GGAG/GAGG	NA	NA	NA	0	0	0	1	NA	NA	NA	NA	NA
vOTU_039_9	2847	3305	459	-1	0.625	11	None	NA	NA	NA	0	0	0	1	NA	NA	NA	NA	NA
vOTU_039_10	3302	3496	195	-1	0.605	11	AGGAG	GENOMAD.130214.VP	1.146e-10	57	0	0	0	1246	Caudoviricetes	NA	NA	NA	NA
vOTU_039_11	3501	4055	555	-1	0.652	11	GGAGG	NA	NA	NA	0	0	0	1	NA	NA	NA	NA	NA
vOTU_039_12	4058	4339	282	-1	0.617	11	AGGAG	NA	NA	NA	0	0	0	1	NA	NA	NA	NA	NA
vOTU_039_13	4336	4608	273	-1	0.571	11	GGAG/GAGG	NA	NA	NA	0	0	0	1	NA	NA	NA	NA	NA
vOTU_039_14	4862	5176	315	-1	0.581	11	GGAG/GAGG	GENOMAD.051929.VV	2.142e-05	44	0	0	0	1246	Caudoviricetes	NA	NA	NA	NA
vOTU_039_15	5173	5628	456	-1	0.603	11	GGxGG	NA	NA	NA	0	0	0	1	NA	NA	NA	NA	NA
vOTU_039_16	5625	6029	405	-1	0.605	11	AGGAG	GENOMAD.157179.VV	7.517e-21	90	0	0	1	14878	Nanhaivirus	NA	NA	PF14354;TIGR03655	restriction alleviation protein, Lar family
vOTU_039_17	6026	6631	606	-1	0.627	11	GGxGG	NA	NA	NA	0	0	0	1	NA	NA	NA	NA	NA
vOTU_039_18	6628	7869	1242	-1	0.628	11	GGAGG	NA	NA	NA	0	0	0	1	NA	NA	NA	NA	NA
vOTU_039_19	8185	9207	1023	-1	0.667	11	None	NA	NA	NA	0	0	0	1	NA	NA	NA	NA	NA
vOTU_039_20	9210	10736	1527	-1	0.672	11	None	GENOMAD.154050.CP	1.724e-66	239	0	0	0	1	NA	NA	NA	COG3920;K19622	Two-component sensor histidine kinase, HisKA and HATPase domains
vOTU_040_1	1	357	357	-1	0.630	11	None	NA	NA	NA	0	0	0	1	NA	NA	NA	NA	NA
vOTU_040_2	350	757	408	-1	0.610	11	GGAG/GAGG	GENOMAD.076933.VV	5.252e-06	47	0	0	1	1	NA	NA	NA	PF04883;TIGR01725;COG5005	phage protein, HK97 gp10 family
vOTU_040_3	754	1170	417	-1	0.616	11	None	NA	NA	NA	0	0	0	1	NA	NA	NA	NA	NA
vOTU_040_4	1167	1550	384	-1	0.615	11	None	GENOMAD.055080.VV	2.008e-15	74	0	0	1	1246	Caudoviricetes	NA	NA	PF09355	Phage protein Gp19/Gp15/Gp42
vOTU_040_5	1550	2065	516	-1	0.661	11	None	GENOMAD.090456.VV	1.202e-08	56	0	0	0	1246	Caudoviricetes	NA	NA	NA	NA
vOTU_040_6	2068	3105	1038	-1	0.630	11	AGGA	GENOMAD.085103.VV	4.085e-146	463	0	0	1	1246	Caudoviricetes	NA	NA	PF03864	Phage major capsid protein E
vOTU_040_7	3119	3544	426	-1	0.653	11	AGGAGG	GENOMAD.180511.VP	8.269e-23	96	0	0	0	1246	Caudoviricetes	NA	NA	NA	NA
vOTU_040_8	3566	4168	603	-1	0.648	11	None	GENOMAD.088392.VV	1.025e-06	51	0	0	0	1246	Caudoviricetes	NA	NA	NA	NA
vOTU_040_9	4258	5436	1179	-1	0.623	11	None	GENOMAD.048768.VV	3.18e-86	292	0	0	1	1246	Caudoviricetes	NA	NA	PF04233;TIGR01641	Phage Mu protein F like protein
vOTU_040_10	5504	6892	1389	-1	0.611	11	None	GENOMAD.075466.VV	3.424e-99	333	0	0	1	1246	Caudoviricetes	NA	NA	PF05133;TIGR01538;COG5511	phage portal protein, SPP1 family
vOTU_040_11	6902	7522	621	-1	0.588	11	GGAG/GAGG	GENOMAD.012923.VV	5.086e-67	227	0	0	1	1246	Caudoviricetes	NA	NA	PF20441	Terminase large subunit, endonuclease domain
vOTU_040_12	7497	8552	1056	-1	0.632	11	None	GENOMAD.013946.VV	1.149e-68	239	0	0	0	1246	Caudoviricetes	NA	NA	NA	NA
vOTU_040_13	9165	9365	201	-1	0.652	11	None	NA	NA	NA	0	0	0	1	NA	NA	NA	NA	NA
vOTU_040_14	9362	9619	258	-1	0.581	11	GGAG/GAGG	NA	NA	NA	0	0	0	1	NA	NA	NA	NA	NA
vOTU_040_15	9616	9873	258	-1	0.620	11	AGGAG	NA	NA	NA	0	0	0	1	NA	NA	NA	NA	NA
vOTU_040_16	9897	10217	321	-1	0.648	11	None	GENOMAD.115157.VV	1.006e-45	160	0	0	0	1246	Caudoviricetes	NA	NA	NA	NA
vOTU_040_17	10225	10410	186	-1	0.683	11	None	NA	NA	NA	0	0	0	1	NA	NA	NA	NA	NA
vOTU_040_18	10392	10697	306	-1	0.627	11	GGAGG	GENOMAD.146599.VP	8.671e-06	45	0	0	0	1246	Caudoviricetes	NA	NA	NA	NA
vOTU_041_1	1	972	972	1	0.575	11	None	NA	NA	NA	0	0	0	1	NA	NA	NA	NA	NA
vOTU_041_2	1332	1835	504	1	0.556	11	GGAG/GAGG	GENOMAD.048081.VV	3.007e-37	139	0	0	1	1246	Caudoviricetes	NA	NA	PF08875;COG4672	Phage-related protein
vOTU_041_3	1835	2230	396	1	0.609	11	GGA/GAG/AGG	GENOMAD.043081.VV	1.734e-09	57	0	0	0	1246	Caudoviricetes	NA	NA	PF05382;COG3234;K13695;TIGR02219	Uncharacterized conserved protein YfaT, DUF1175 family
vOTU_041_4	2227	6033	3807	1	0.595	11	GGA/GAG/AGG	GENOMAD.092892.VV	3.771e-138	477	0	0	1	1246	Caudoviricetes	NA	NA	COG4733	Phage-related protein, tail component
vOTU_041_5	6061	9105	3045	1	0.629	11	AGGA	GENOMAD.037894.VV	3.91e-25	116	0	0	0	16143	Nerrivikvirus srim2	NA	NA	NA	NA
vOTU_041_6	9158	10591	1434	1	0.612	11	AGGA	GENOMAD.114943.VV	6.433e-23	106	0	0	0	1246	Caudoviricetes	NA	NA	NA	NA
vOTU_042_1	113	1066	954	1	0.610	11	AGGA	GENOMAD.005347.VV	4.026e-55	198	0	0	1	15044	Studiervirinae	NA	NA	PF19821;TIGR04387;COG4653	Phage capsid protein
vOTU_042_2	1160	1768	609	1	0.624	11	AGGAG	GENOMAD.005475.VV	3.923e-19	88	0	0	1	2156	Autographiviridae	NA	NA	PF17212	Tail tubular protein
vOTU_042_3	1765	3954	2190	1	0.614	11	GGxGG	GENOMAD.004015.VV	3.2e-94	329	0	0	0	15044	Studiervirinae	NA	NA	NA	NA
vOTU_042_4	3987	4490	504	1	0.605	11	None	GENOMAD.004943.VV	1.36e-18	85	0	0	0	15044	Studiervirinae	NA	NA	PF11090;COG2153;TIGR03585;K03825	Bacteriophage T7, probable scaffold protein Gp13
vOTU_042_5	4504	4974	471	1	0.618	11	None	GENOMAD.150793.VV	9.577e-28	111	0	0	0	1	NA	NA	NA	NA	NA
vOTU_042_6	4967	7177	2211	1	0.650	11	GGA/GAG/AGG	NA	NA	NA	0	0	0	1	NA	NA	NA	NA	NA
vOTU_042_7	7187	9841	2655	1	0.624	11	GGA/GAG/AGG	NA	NA	NA	0	0	0	1	NA	NA	NA	NA	NA
vOTU_043_1	61	252	192	-1	0.609	11	GGAGG	NA	NA	NA	0	0	0	1	NA	NA	NA	NA	NA
vOTU_043_2	255	503	249	-1	0.602	11	AGGAG	NA	NA	NA	0	0	0	1	NA	NA	NA	NA	NA
vOTU_043_3	500	994	495	-1	0.671	11	GGAG/GAGG	NA	NA	NA	0	0	0	1	NA	NA	NA	NA	NA
vOTU_043_4	991	1275	285	-1	0.632	11	AGGAG	NA	NA	NA	0	0	0	1	NA	NA	NA	NA	NA
vOTU_043_5	1272	1577	306	-1	0.608	11	AGGAG	NA	NA	NA	0	0	0	1	NA	NA	NA	NA	NA
vOTU_043_6	1574	2389	816	-1	0.637	11	AGGAG	GENOMAD.106794.VV	9.763e-05	46	0	0	1	1246	Caudoviricetes	NA	NA	PF14354;TIGR03655	restriction alleviation protein, Lar family
vOTU_043_7	2489	2689	201	-1	0.642	11	AGGAG	NA	NA	NA	0	0	0	1	NA	NA	NA	NA	NA
vOTU_043_8	2686	3078	393	-1	0.634	11	GGAG/GAGG	GENOMAD.161183.VV	1.215e-30	118	0	0	0	1246	Caudoviricetes	NA	NA	PF07102	Putative nuclease YbcO
vOTU_043_9	3078	4322	1245	-1	0.650	11	GGAG/GAGG	GENOMAD.147054.VP	3.307e-16	84	0	0	1	1246	Caudoviricetes	NA	NA	PF03837;PF05133;TIGR00616;K07455;COG3723	recombinase, phage RecT family
vOTU_043_10	4319	4918	600	-1	0.638	11	GGAGG	GENOMAD.132443.VP	2.151e-27	112	0	0	0	1246	Caudoviricetes	NA	NA	NA	NA
vOTU_043_11	4915	5862	948	-1	0.653	11	GGA/GAG/AGG	NA	NA	NA	0	0	0	1	NA	NA	NA	NA	NA
vOTU_043_12	5859	6200	342	-1	0.643	11	GGAG/GAGG	NA	NA	NA	0	0	0	1	NA	NA	NA	NA	NA
vOTU_043_13	6197	6475	279	-1	0.627	11	GGAG/GAGG	NA	NA	NA	0	0	0	1	NA	NA	NA	NA	NA
vOTU_043_14	6472	6651	180	-1	0.678	11	GGAGG	NA	NA	NA	0	0	0	1	NA	NA	NA	NA	NA
vOTU_043_15	6651	6983	333	-1	0.625	11	GGAGG	NA	NA	NA	0	0	0	1	NA	NA	NA	NA	NA
vOTU_043_16	6980	7357	378	-1	0.627	11	AGGAG	NA	NA	NA	0	0	0	1	NA	NA	NA	NA	NA
vOTU_043_17	7345	7485	141	-1	0.660	11	None	NA	NA	NA	0	0	0	1	NA	NA	NA	NA	NA
vOTU_043_18	7482	7778	297	-1	0.606	11	GGA/GAG/AGG	NA	NA	NA	0	0	0	1	NA	NA	NA	NA	NA
vOTU_043_19	7790	7978	189	-1	0.656	11	GGA/GAG/AGG	NA	NA	NA	0	0	0	1	NA	NA	NA	NA	NA
vOTU_043_20	7978	8265	288	-1	0.677	11	GGAG/GAGG	GENOMAD.133380.VP	8.267e-12	62	0	0	0	1246	Caudoviricetes	NA	NA	NA	NA
vOTU_043_21	8296	8454	159	-1	0.654	11	GGAG/GAGG	NA	NA	NA	0	0	0	1	NA	NA	NA	NA	NA
vOTU_043_22	8503	8658	156	-1	0.654	11	GGAG/GAGG	NA	NA	NA	0	0	0	1	NA	NA	NA	NA	NA
vOTU_043_23	9352	9642	291	-1	0.588	11	None	NA	NA	NA	0	0	0	1	NA	NA	NA	NA	NA
vOTU_044_1	3	62	60	-1	0.567	11	GGAG/GAGG	NA	NA	NA	0	0	0	1	NA	NA	NA	NA	NA
vOTU_044_2	141	401	261	1	0.640	11	None	NA	NA	NA	0	0	0	1	NA	NA	NA	NA	NA
vOTU_044_3	412	705	294	-1	0.643	11	GGAG/GAGG	NA	NA	NA	0	0	0	1	NA	NA	NA	NA	NA
vOTU_044_4	774	1292	519	1	0.630	11	None	GENOMAD.189528.VP	2.078e-14	73	0	0	0	1246	Caudoviricetes	NA	NA	PF13392	NA
vOTU_044_5	1279	2049	771	1	0.646	11	GGAG/GAGG	GENOMAD.137934.VV	5.512e-08	56	0	0	1	1246	Caudoviricetes	NA	NA	PF06892	Phage regulatory protein CII (CP76)
vOTU_044_6	2049	2648	600	1	0.635	11	GGAGG	GENOMAD.084020.VV	2.072e-82	271	0	0	0	1246	Caudoviricetes	NA	NA	NA	NA
vOTU_044_7	2648	3025	378	1	0.664	11	None	GENOMAD.083007.VV	5.342e-29	113	0	0	0	1246	Caudoviricetes	NA	NA	PF22262	NA
vOTU_044_8	3026	4882	1857	1	0.655	11	GGAGG	GENOMAD.048695.VV	5.395e-43	171	0	0	0	1246	Caudoviricetes	NA	NA	NA	NA
vOTU_044_9	4919	6568	1650	1	0.655	11	GGAG/GAGG	NA	NA	NA	0	0	0	1	NA	NA	NA	NA	NA
vOTU_044_10	6584	7339	756	1	0.671	11	AGGA	NA	NA	NA	0	0	0	1	NA	NA	NA	NA	NA
vOTU_044_11	7479	7808	330	1	0.688	11	GGAG/GAGG	NA	NA	NA	0	0	0	1	NA	NA	NA	NA	NA
vOTU_044_12	7965	8183	219	-1	0.626	11	GGA/GAG/AGG	NA	NA	NA	0	0	0	1	NA	NA	NA	NA	NA
vOTU_044_13	8209	8538	330	1	0.670	11	GGAGG	NA	NA	NA	0	0	0	1	NA	NA	NA	NA	NA
vOTU_044_14	8535	9059	525	1	0.646	11	AGGAG	NA	NA	NA	0	0	0	1	NA	NA	NA	NA	NA
vOTU_044_15	9137	9316	180	1	0.656	11	None	NA	NA	NA	0	0	0	1	NA	NA	NA	NA	NA
vOTU_044_16	9303	9530	228	-1	0.689	11	AGGAG	NA	NA	NA	0	0	0	1	NA	NA	NA	NA	NA
vOTU_044_17	9550	9636	87	-1	0.471	11	None	NA	NA	NA	0	0	0	1	NA	NA	NA	NA	NA
vOTU_045_1	108	359	252	-1	0.635	11	None	NA	NA	NA	0	0	0	1	NA	NA	NA	NA	NA
vOTU_045_2	442	777	336	-1	0.598	11	None	NA	NA	NA	0	0	0	1	NA	NA	NA	NA	NA
vOTU_045_3	794	883	90	-1	0.667	11	None	NA	NA	NA	0	0	0	1	NA	NA	NA	NA	NA
vOTU_045_4	924	1094	171	-1	0.596	11	None	NA	NA	NA	0	0	0	1	NA	NA	NA	NA	NA
vOTU_045_5	1439	2176	738	1	0.587	11	None	NA	NA	NA	0	0	0	1	NA	NA	NA	NA	NA
vOTU_045_6	2197	2787	591	-1	0.596	11	None	NA	NA	NA	0	0	0	1	NA	NA	NA	NA	NA
vOTU_045_7	2832	3014	183	-1	0.623	11	None	NA	NA	NA	0	0	0	1	NA	NA	NA	NA	NA
vOTU_045_8	3184	3852	669	-1	0.650	11	None	NA	NA	NA	0	0	0	1	NA	NA	NA	NA	NA
vOTU_045_9	4005	4181	177	-1	0.644	11	None	NA	NA	NA	0	0	0	1	NA	NA	NA	NA	NA
vOTU_045_10	4178	4822	645	-1	0.634	11	None	NA	NA	NA	0	0	0	1	NA	NA	NA	NA	NA
vOTU_045_11	4828	5439	612	-1	0.636	11	None	NA	NA	NA	0	0	0	1	NA	NA	NA	NA	NA
vOTU_045_12	5534	8638	3105	-1	0.621	11	None	GENOMAD.005798.VV	2.694e-37	156	0	0	0	1246	Caudoviricetes	NA	NA	NA	NA
vOTU_045_13	8638	9012	375	-1	0.605	11	None	NA	NA	NA	0	0	0	1	NA	NA	NA	NA	NA
vOTU_045_14	9236	9604	369	-1	0.602	11	None	GENOMAD.040664.VV	0.0001852	42	0	0	0	1246	Caudoviricetes	NA	NA	NA	NA
vOTU_046_1	2	307	306	1	0.631	11	None	NA	NA	NA	0	0	0	1	NA	NA	NA	NA	NA
vOTU_046_2	307	705	399	1	0.729	11	GGAG/GAGG	GENOMAD.039850.VV	2.195e-06	48	0	0	0	1246	Caudoviricetes	NA	NA	PF08809	Phage related hypothetical protein (DUF1799)
vOTU_046_3	716	3682	2967	1	0.711	11	GGAG/GAGG	GENOMAD.130591.VP	6.162e-54	210	0	0	1	1246	Caudoviricetes	NA	NA	COG5281	Phage-related minor tail protein
vOTU_046_4	3699	4070	372	1	0.683	11	GGxGG	GENOMAD.085452.VV	9.313e-14	69	0	0	1	1246	Caudoviricetes	NA	NA	PF05939	Phage minor tail protein
vOTU_046_5	4064	4546	483	1	0.704	11	GGxGG	GENOMAD.064366.VV	2.487e-27	110	0	0	1	1246	Caudoviricetes	NA	NA	PF08875;COG4672;TIGR01600	Phage-related protein
vOTU_046_6	4551	4991	441	1	0.703	11	GGAG/GAGG	GENOMAD.085236.VV	1.099e-21	93	0	0	0	1246	Caudoviricetes	NA	NA	K13695;TIGR02219	putative phage cell wall peptidase, NlpC/P60 family
vOTU_046_7	4988	9376	4389	1	0.682	11	GGA/GAG/AGG	GENOMAD.070319.VV	8.269e-109	390	0	0	1	1246	Caudoviricetes	NA	NA	PF13550;COG4733	Phage-related protein, tail component
vOTU_047_1	3	1283	1281	1	0.635	11	None	GENOMAD.104534.VP	4.35e-88	299	0	0	0	1246	Caudoviricetes	NA	NA	COG1659	Uncharacterized protein, linocin/CFP29 family
vOTU_047_2	1356	1907	552	1	0.601	11	AGGA	GENOMAD.120885.VV	0.0006944	42	0	0	0	1	NA	NA	NA	NA	NA
vOTU_047_3	1911	2207	297	1	0.606	11	GGA/GAG/AGG	GENOMAD.166225.VP	1.417e-07	50	0	0	1	1246	Caudoviricetes	NA	NA	PF05135;TIGR01560	Phage gp6-like head-tail connector protein
vOTU_047_4	2204	2584	381	1	0.659	11	GGxGG	GENOMAD.216260.VV	8.489e-41	147	0	0	1	1246	Caudoviricetes	NA	NA	PF05521;COG5614;TIGR01563	Bacteriophage head-tail adaptor
vOTU_047_5	2585	3136	552	1	0.661	11	3Base/5BMM	GENOMAD.050211.VV	6.776e-53	185	0	0	1	1	NA	NA	NA	PF11114;TIGR01725;COG5005	phage protein, HK97 gp10 family
vOTU_047_6	3133	3537	405	1	0.637	11	GGA/GAG/AGG	GENOMAD.090759.VV	4.502e-43	154	0	0	1	1	NA	NA	NA	PF11367	NA
vOTU_047_7	3550	3759	210	1	0.638	11	AGGAG	NA	NA	NA	0	0	0	1	NA	NA	NA	NA	NA
vOTU_047_8	3828	4280	453	1	0.636	11	GGAG/GAGG	GENOMAD.041554.VV	1.022e-14	73	0	0	1	1246	Caudoviricetes	NA	NA	PF16463;COG5437	Phage tail tube protein family
vOTU_047_9	4391	4804	414	1	0.623	11	GGAG/GAGG	GENOMAD.075044.VV	6.521e-57	194	0	0	0	1	NA	NA	NA	NA	NA
vOTU_047_10	4831	5235	405	1	0.654	11	GGAG/GAGG	GENOMAD.054710.VV	1.631e-37	138	0	0	0	1246	Caudoviricetes	NA	NA	NA	NA
vOTU_047_11	5284	9348	4065	1	0.633	11	AGGA	GENOMAD.148075.VP	5.12e-279	898	0	0	0	1246	Caudoviricetes	NA	NA	NA	NA
vOTU_048_1	329	1645	1317	1	0.666	11	AGGA	NA	NA	NA	0	0	0	1	NA	NA	NA	NA	NA
vOTU_048_2	1698	2858	1161	1	0.689	11	GGAG/GAGG	GENOMAD.065578.VV	1.096e-63	226	0	0	1	1246	Caudoviricetes	NA	NA	PF04860;PF04233;TIGR01537;COG4695;K06904	phage portal protein, HK97 family
vOTU_048_3	2858	3085	228	1	0.706	11	None	GENOMAD.170953.VC	2.718e-14	68	0	0	0	1246	Caudoviricetes	NA	NA	PF10779	NA
vOTU_048_4	3082	3516	435	1	0.669	11	GGAGG	GENOMAD.127022.VV	2.456e-10	60	0	0	1	1246	Caudoviricetes	NA	NA	PF04586;K06904;COG3740;TIGR01543	Phage head maturation protease
vOTU_048_5	3635	4882	1248	1	0.663	11	GGAG/GAGG	NA	NA	NA	0	0	0	1	NA	NA	NA	NA	NA
vOTU_048_6	4996	5190	195	1	0.651	11	GGAG/GAGG	GENOMAD.157913.VV	1.045e-25	100	0	0	1	1246	Caudoviricetes	NA	NA	PF05135;TIGR01560	Phage gp6-like head-tail connector protein
vOTU_048_7	5259	5570	312	1	0.702	11	GGA/GAG/AGG	NA	NA	NA	0	0	0	1	NA	NA	NA	NA	NA
vOTU_048_8	5567	5974	408	1	0.669	11	GGAG/GAGG	GENOMAD.092143.VV	3.794e-37	137	0	0	1	1246	Caudoviricetes	NA	NA	PF11367	NA
vOTU_048_9	5999	6415	417	1	0.691	11	AGGAG	GENOMAD.062241.VV	2.198e-44	158	0	0	1	1246	Caudoviricetes	NA	NA	PF06199;COG5437;TIGR02126	Predicted secreted protein
vOTU_048_10	6415	6723	309	1	0.693	11	GGAG/GAGG	GENOMAD.195081.VC	1.165e-26	105	0	0	1	1246	Caudoviricetes	NA	NA	PF11836	Phage tail tube protein, GTA-gp10
vOTU_048_11	6759	6890	132	1	0.689	11	GGAGG	GENOMAD.215049.VC	1.376e-13	64	0	0	1	1	NA	NA	NA	PF09550;TIGR02216	phage conserved hypothetical protein
vOTU_048_12	6883	7413	531	1	0.708	11	GGAGG	GENOMAD.049689.VV	2.468e-13	70	0	0	0	1246	Caudoviricetes	NA	NA	NA	NA
vOTU_048_13	7451	8068	618	1	0.634	11	AGGAG	GENOMAD.124471.VC	7.719e-34	131	0	0	0	1246	Caudoviricetes	NA	NA	PF09343;TIGR02217;COG5448	TIGR02217 family protein
vOTU_048_14	8070	8723	654	1	0.683	11	GGA/GAG/AGG	GENOMAD.103140.VC	2.992e-17	83	0	0	1	1246	Caudoviricetes	NA	NA	PF09356;PF05100;TIGR02218;COG5449	Phage minor tail protein L
vOTU_048_15	8720	9178	459	1	0.678	11	None	GENOMAD.154677.VC	3.181e-55	190	0	0	0	1246	Caudoviricetes	NA	NA	PF06940;K13695;TIGR02219;COG3738	putative phage cell wall peptidase, NlpC/P60 family
vOTU_048_16	9178	9321	144	1	0.667	11	GGAGG	NA	NA	NA	0	0	0	1	NA	NA	NA	NA	NA
vOTU_049_1	510	689	180	1	0.639	11	AGGAG	GENOMAD.179193.VV	4.048e-25	98	0	0	0	1	NA	NA	NA	NA	NA
vOTU_049_2	749	934	186	1	0.548	11	GGAG/GAGG	NA	NA	NA	0	0	0	1	NA	NA	NA	NA	NA
vOTU_049_3	998	1438	441	1	0.546	11	GGAG/GAGG	NA	NA	NA	0	0	0	1	NA	NA	NA	NA	NA
vOTU_049_4	1689	2117	429	1	0.585	11	GGAGG	GENOMAD.089755.VV	3.731e-32	123	0	0	0	1246	Caudoviricetes	NA	NA	NA	NA
vOTU_049_5	2114	2305	192	1	0.583	11	GGAG/GAGG	GENOMAD.131474.VV	3.448e-21	87	0	0	0	1246	Caudoviricetes	NA	NA	NA	NA
vOTU_049_6	2302	2523	222	1	0.577	11	AGGAGG	GENOMAD.117556.VV	7.879e-18	78	0	0	0	1	NA	NA	NA	NA	NA
vOTU_049_7	2587	3714	1128	1	0.633	11	AGGA	GENOMAD.103114.VV	5.546e-69	241	0	0	0	1246	Caudoviricetes	NA	NA	NA	NA
vOTU_049_8	3722	4483	762	1	0.601	11	GGAG/GAGG	GENOMAD.012443.VV	3.209e-48	175	0	0	0	1246	Caudoviricetes	NA	NA	PF04404	ERF superfamily
vOTU_049_9	4467	5084	618	1	0.573	11	GGAGG	GENOMAD.099644.VP	1.375e-25	107	0	0	1	1246	Caudoviricetes	NA	NA	PF09588;COG5377;TIGR03033;K01143	Phage-related protein, predicted endonuclease
vOTU_049_10	5081	5314	234	1	0.667	11	GGA/GAG/AGG	GENOMAD.152958.VV	1.494e-13	66	0	0	0	1	NA	NA	NA	NA	NA
vOTU_049_11	5311	5772	462	1	0.632	11	GGxGG	GENOMAD.059384.VV	4.881e-51	178	0	0	0	1246	Caudoviricetes	NA	NA	NA	NA
vOTU_049_12	5884	6255	372	1	0.669	11	GGA/GAG/AGG	NA	NA	NA	0	0	0	1	NA	NA	NA	NA	NA
vOTU_049_13	6255	6590	336	1	0.610	11	AGGAG	GENOMAD.073431.VV	4.699e-40	144	0	0	0	1246	Caudoviricetes	NA	NA	PF10723	NA
vOTU_049_14	6565	6762	198	-1	0.455	11	AGGAG	NA	NA	NA	0	0	0	1	NA	NA	NA	NA	NA
vOTU_049_15	6867	7085	219	-1	0.539	11	GGA/GAG/AGG	NA	NA	NA	0	0	0	1	NA	NA	NA	NA	NA
vOTU_049_16	7172	7768	597	1	0.581	11	GGAG/GAGG	GENOMAD.117038.VV	1.261e-61	211	0	0	0	14111	Lietduovirus LIET2	NA	NA	PF10122;TIGR04104;COG4416	cxxc_20_cxxc protein
vOTU_049_17	7849	8067	219	-1	0.539	11	AGGA	NA	NA	NA	0	0	0	1	NA	NA	NA	NA	NA
vOTU_049_18	8452	9015	564	1	0.619	11	GGAGG	GENOMAD.222546.VP	7.877e-79	260	0	0	0	1246	Caudoviricetes	NA	NA	NA	NA
vOTU_050_1	2	319	318	1	0.528	11	None	NA	NA	NA	0	0	0	1	NA	NA	NA	NA	NA
vOTU_050_2	325	762	438	-1	0.607	11	None	NA	NA	NA	0	0	0	1	NA	NA	NA	NA	NA
vOTU_050_3	759	1076	318	-1	0.553	11	AGGA	GENOMAD.152713.VV	1.376e-10	59	0	0	0	1246	Caudoviricetes	NA	NA	NA	NA
vOTU_050_4	1249	1527	279	-1	0.634	11	None	NA	NA	NA	0	0	0	1	NA	NA	NA	NA	NA
vOTU_050_5	1527	2603	1077	-1	0.643	11	GGAG/GAGG	GENOMAD.146217.VV	0.0001663	46	0	0	0	1246	Caudoviricetes	NA	NA	TIGR02869;COG3409	spore cortex-lytic enzyme
vOTU_050_6	2698	3975	1278	-1	0.622	11	GGAG/GAGG	GENOMAD.158351.VP	8.074e-187	585	0	0	1	1246	Caudoviricetes	NA	NA	PF05954;K06905;COG3500;TIGR03361	Phage protein D
vOTU_050_7	3972	4187	216	-1	0.630	11	None	GENOMAD.159179.VP	2.249e-14	68	0	0	1	1246	Caudoviricetes	NA	NA	COG5004;K06370	P2-like prophage tail protein X
vOTU_050_8	4187	4582	396	-1	0.609	11	GGAG/GAGG	GENOMAD.124222.VP	1.398e-29	115	0	0	0	1246	Caudoviricetes	NA	NA	K06906;COG3499	Phage protein U
vOTU_050_9	4593	6824	2232	-1	0.629	11	None	GENOMAD.081106.VV	3.005e-40	164	0	0	1	12133	Guernseyvirinae	NA	NA	COG3941	Phage tail tape-measure protein, controls tail length
vOTU_050_10	6825	6950	126	-1	0.619	11	None	GENOMAD.171822.VP	4.523e-09	51	0	0	0	1246	Caudoviricetes	NA	NA	PF06528	Phage P2 GpE
vOTU_050_11	6968	7231	264	-1	0.614	11	AGGA	GENOMAD.221065.VV	5.254e-13	65	0	0	1	1	NA	NA	NA	PF10109;COG4518	Phage tail assembly chaperone proteins, E, or 41 or 14
vOTU_050_12	7256	7759	504	-1	0.627	11	GGAG/GAGG	GENOMAD.222086.VV	1.14e-06	50	0	0	1	1246	Caudoviricetes	NA	NA	PF04985;K06908;TIGR01611;COG3498	phage contractile tail tube protein, P2 family
vOTU_050_13	7759	8979	1221	-1	0.638	11	None	GENOMAD.102019.VV	1.042e-75	262	0	0	1	1246	Caudoviricetes	NA	NA	PF10758;COG3497	Phage tail sheath protein FI
vOTU_051_1	242	1504	1263	-1	0.615	11	None	GENOMAD.189926.CP	2.613e-161	511	0	0	0	1	NA	NA	NA	COG1055	Na+/H+ antiporter NhaD or related arsenite permease
vOTU_051_2	1643	2722	1080	-1	0.622	11	GGAG/GAGG	NA	NA	NA	0	0	0	1	NA	NA	NA	NA	NA
vOTU_051_3	2706	2981	276	-1	0.681	11	GGxGG	GENOMAD.110877.VV	5.674e-29	111	0	0	0	1	NA	NA	NA	PF13986	NA
vOTU_051_4	2978	3406	429	-1	0.709	11	GGAGG	NA	NA	NA	0	0	0	1	NA	NA	NA	NA	NA
vOTU_051_5	3403	3912	510	-1	0.722	11	GGAGG	NA	NA	NA	0	0	0	1	NA	NA	NA	NA	NA
vOTU_051_6	3909	4529	621	-1	0.710	11	GGA/GAG/AGG	NA	NA	NA	0	0	0	1	NA	NA	NA	NA	NA
vOTU_051_7	4591	4803	213	-1	0.742	11	GGAGG	NA	NA	NA	0	0	0	1	NA	NA	NA	NA	NA
vOTU_051_8	4864	6699	1836	-1	0.691	11	None	NA	NA	NA	0	0	0	1	NA	NA	NA	NA	NA
vOTU_051_9	6699	6986	288	-1	0.698	11	None	GENOMAD.227649.VP	2.864e-22	92	0	0	0	1246	Caudoviricetes	NA	NA	PF17282	NA
vOTU_051_10	7033	7200	168	-1	0.708	11	None	NA	NA	NA	0	0	0	1	NA	NA	NA	NA	NA
vOTU_051_11	7197	7352	156	-1	0.750	11	GGAGG	NA	NA	NA	0	0	0	1	NA	NA	NA	NA	NA
vOTU_051_12	7343	7690	348	-1	0.687	11	None	NA	NA	NA	0	0	0	1	NA	NA	NA	NA	NA
vOTU_051_13	7774	8088	315	-1	0.657	11	AGGAG	GENOMAD.222803.VP	2.623e-19	84	0	0	0	1246	Caudoviricetes	NA	NA	PF04606;TIGR04165;COG1326	Ogr/Delta-like zinc finger
vOTU_051_14	8079	8414	336	-1	0.679	11	None	GENOMAD.148951.VV	2.14e-24	99	0	0	0	1	NA	NA	NA	NA	NA
vOTU_051_15	8521	8781	261	-1	0.682	11	None	GENOMAD.126941.VV	0.0001223	41	0	0	0	2407	Tigrvirus	NA	NA	PF19514;TIGR04563;COG4877	MobC-like protein
vOTU_052_1	31	600	570	1	0.707	11	AGGA	NA	NA	NA	0	0	0	1	NA	NA	NA	NA	NA
vOTU_052_2	667	789	123	1	0.683	11	GGAG/GAGG	NA	NA	NA	0	0	0	1	NA	NA	NA	NA	NA
vOTU_052_3	789	1289	501	1	0.665	11	GGAGG	GENOMAD.097627.VV	0.0005191	42	0	0	0	1246	Caudoviricetes	NA	NA	PF13392;PF07463	HNH endonuclease; NUMOD4 motif
vOTU_052_4	1282	2541	1260	1	0.687	11	GGAG/GAGG	GENOMAD.136786.VV	6.036e-91	307	0	0	0	1246	Caudoviricetes	NA	NA	PF10926;TIGR01896;COG2887;K07465	CRISPR-associated exonuclease Csa1
vOTU_052_5	2605	3204	600	1	0.665	11	None	GENOMAD.039702.VV	9.404e-15	75	0	0	0	1246	Caudoviricetes	NA	NA	PF10991	NA
vOTU_052_6	3207	3485	279	1	0.634	11	None	NA	NA	NA	0	0	0	1	NA	NA	NA	NA	NA
vOTU_052_7	3566	4459	894	1	0.671	11	GGA/GAG/AGG	GENOMAD.158068.VP	1.837e-19	92	0	0	0	1246	Caudoviricetes	NA	NA	PF20188;TIGR00180;COG1475	ParB/RepB/Spo0J family partition protein
vOTU_052_8	4459	4848	390	1	0.687	11	AGxAGG/AGGxGG	NA	NA	NA	0	0	0	1	NA	NA	NA	NA	NA
vOTU_052_9	4845	5009	165	1	0.739	11	None	NA	NA	NA	0	0	0	1	NA	NA	NA	NA	NA
vOTU_052_10	5006	5635	630	1	0.678	11	GGAGG	GENOMAD.208665.VP	1.235e-07	54	0	0	0	1246	Caudoviricetes	NA	NA	PF05869;TIGR01712	DNA N-6-adenine-methyltransferase (Dam)
vOTU_052_11	5632	5958	327	1	0.679	11	GGAG/GAGG	GENOMAD.222252.VP	4.164e-08	52	0	0	0	1	NA	NA	NA	NA	NA
vOTU_052_12	5955	6449	495	1	0.711	11	3Base/5BMM	NA	NA	NA	0	0	0	1	NA	NA	NA	NA	NA
vOTU_052_13	6446	6793	348	1	0.675	11	GGAG/GAGG	NA	NA	NA	0	0	0	1	NA	NA	NA	NA	NA
vOTU_052_14	6790	8538	1749	1	0.687	11	AGGAG	GENOMAD.038590.VV	8.871e-81	284	0	0	0	1246	Caudoviricetes	NA	NA	PF00476;PF13482;K02334;COG0749;TIGR01388	DNA polymerase I - 3'-5' exonuclease and polymerase domains
vOTU_053_1	2	193	192	1	0.557	11	None	NA	NA	NA	0	0	0	1	NA	NA	NA	NA	NA
vOTU_053_2	100	1155	1056	-1	0.642	11	3Base/5BMM	NA	NA	NA	0	0	0	1	NA	NA	NA	NA	NA
vOTU_053_3	1152	1346	195	-1	0.646	11	GGA/GAG/AGG	NA	NA	NA	0	0	0	1	NA	NA	NA	NA	NA
vOTU_053_4	1343	3016	1674	-1	0.656	11	GGA/GAG/AGG	NA	NA	NA	0	0	0	1	NA	NA	NA	NA	NA
vOTU_053_5	3013	3405	393	-1	0.644	11	GGAGG	GENOMAD.221955.VP	2.68e-13	68	0	0	0	1590	Klausavirus	NA	NA	PF18742;TIGR04256;COG5321	REase_DpnII-MboI
vOTU_053_6	3405	4076	672	-1	0.652	11	None	GENOMAD.170570.VP	5.114e-26	109	0	0	0	1246	Caudoviricetes	NA	NA	PF05551	Zinc-binding loop region of homing endonuclease
vOTU_053_7	4073	4315	243	-1	0.638	11	GGAG/GAGG	GENOMAD.176891.VP	3.066e-15	71	0	0	0	1246	Caudoviricetes	NA	NA	NA	NA
vOTU_053_8	4343	5473	1131	-1	0.670	11	GGAG/GAGG	GENOMAD.159486.VC	0.0007478	44	0	0	0	1246	Caudoviricetes	NA	NA	PF02767	DNA polymerase III beta subunit, central domain
vOTU_053_9	5470	5835	366	-1	0.650	11	GGAGG	NA	NA	NA	0	0	0	1	NA	NA	NA	NA	NA
vOTU_053_10	5832	6491	660	-1	0.629	11	AGGA	NA	NA	NA	0	0	0	1	NA	NA	NA	NA	NA
vOTU_053_11	6491	6907	417	-1	0.679	11	AGxAGG/AGGxGG	NA	NA	NA	0	0	0	1	NA	NA	NA	NA	NA
vOTU_053_12	6907	7149	243	-1	0.613	11	GGAG/GAGG	GENOMAD.223616.VP	2.456e-17	77	0	0	0	1	NA	NA	NA	NA	NA
vOTU_053_13	7149	8222	1074	-1	0.629	11	None	NA	NA	NA	0	0	0	1	NA	NA	NA	NA	NA
vOTU_054_1	1	852	852	-1	0.714	11	None	GENOMAD.222285.VV	6.167e-26	111	0	0	1	1246	Caudoviricetes	NA	NA	PF05929;COG4388	Phage capsid scaffolding protein (GPO) serine peptidase
vOTU_054_2	1084	1689	606	-1	0.700	11	GGAG/GAGG	GENOMAD.221358.VP	1.071e-11	66	0	0	1	1246	Caudoviricetes	NA	NA	PF05069;TIGR01635;COG5005	phage virion morphogenesis (putative tail completion) protein
vOTU_054_3	1686	1943	258	-1	0.686	11	GGA/GAG/AGG	GENOMAD.178434.VP	2.777e-18	80	0	0	0	1246	Caudoviricetes	NA	NA	PF11351	Holin of 3TMs, for gene-transfer release
vOTU_054_4	2039	3283	1245	-1	0.692	11	GGAG/GAGG	GENOMAD.169564.VP	4.05e-54	199	0	0	0	1246	Caudoviricetes	NA	NA	COG2369	Uncharacterized conserved protein, contains phage Mu gpF-like domain
vOTU_054_5	3285	4790	1506	-1	0.691	11	GGAG/GAGG	GENOMAD.095114.VV	4.5e-19	94	0	0	0	1246	Caudoviricetes	NA	NA	PF06995;PF06074;COG3499;K06906	Phage protein U
vOTU_054_6	4802	6556	1755	-1	0.690	11	GGAG/GAGG	NA	NA	NA	0	0	0	1	NA	NA	NA	NA	NA
vOTU_054_7	6560	7060	501	-1	0.677	11	GGAG/GAGG	GENOMAD.126976.VV	3.711e-25	104	0	0	0	1246	Caudoviricetes	NA	NA	PF08822;COG2826;TIGR00721	Transposase and inactivated derivatives, IS30 family
vOTU_054_8	7068	7337	270	-1	0.656	11	GGA/GAG/AGG	NA	NA	NA	0	0	0	1	NA	NA	NA	NA	NA
vOTU_054_9	7339	7659	321	-1	0.617	11	None	NA	NA	NA	0	0	0	1	NA	NA	NA	NA	NA
vOTU_054_10	7831	8211	381	-1	0.682	11	None	NA	NA	NA	0	0	0	1	NA	NA	NA	NA	NA
vOTU_055_1	1	1368	1368	-1	0.640	11	GGAG/GAGG	GENOMAD.022244.VV	1.294e-258	794	0	0	1	1246	Caudoviricetes	NA	NA	PF04466;PF17288;TIGR01547;COG1783;K06909	phage terminase, large subunit, PBSX family
vOTU_055_2	1352	1858	507	-1	0.598	11	None	NA	NA	NA	0	0	0	1	NA	NA	NA	NA	NA
vOTU_055_3	1862	2836	975	-1	0.624	11	GGAG/GAGG	GENOMAD.091148.VV	3.116e-33	134	0	0	1	1246	Caudoviricetes	NA	NA	PF20036	Major capsid protein 13-like
vOTU_055_4	2991	3593	603	-1	0.605	11	GGA/GAG/AGG	NA	NA	NA	0	0	0	1	NA	NA	NA	NA	NA
vOTU_055_5	3649	4284	636	-1	0.679	11	GGAG/GAGG	NA	NA	NA	0	0	0	1	NA	NA	NA	NA	NA
vOTU_055_6	4281	5573	1293	-1	0.612	11	AGGA	GENOMAD.211695.VP	1.022e-12	73	0	0	0	1246	Caudoviricetes	NA	NA	PF08423;PF08707;COG3598;TIGR03878;K04485	RecA-family ATPase
vOTU_055_7	5627	5899	273	-1	0.601	11	GGAG/GAGG	NA	NA	NA	0	0	0	1	NA	NA	NA	NA	NA
vOTU_055_8	5899	6201	303	-1	0.657	11	GGA/GAG/AGG	NA	NA	NA	0	0	0	1	NA	NA	NA	NA	NA
vOTU_055_9	6198	6422	225	-1	0.596	11	AGGAG	NA	NA	NA	0	0	0	1	NA	NA	NA	NA	NA
vOTU_055_10	6503	6895	393	-1	0.588	11	GGAGG	NA	NA	NA	0	0	0	1	NA	NA	NA	NA	NA
vOTU_055_11	6892	8169	1278	-1	0.614	11	None	NA	NA	NA	0	0	0	1	NA	NA	NA	NA	NA
vOTU_056_1	1	969	969	1	0.683	11	None	NA	NA	NA	0	0	0	1	NA	NA	NA	NA	NA
vOTU_056_2	1143	2039	897	1	0.753	11	GGAGG	GENOMAD.197438.VP	1.719e-16	83	0	0	0	1246	Caudoviricetes	NA	NA	PF09250	Bifunctional DNA primase/polymerase, N-terminal
vOTU_056_3	2036	2689	654	1	0.719	11	GGxGG	GENOMAD.221828.VP	6.871e-15	76	0	0	0	1246	Caudoviricetes	NA	NA	PF10935	NA
vOTU_056_4	2686	3102	417	1	0.731	11	AGGA	NA	NA	NA	0	0	0	1	NA	NA	NA	NA	NA
vOTU_056_5	3195	4031	837	1	0.708	11	AGGAG	NA	NA	NA	0	0	0	1	NA	NA	NA	NA	NA
vOTU_056_6	4028	5107	1080	1	0.719	11	GGA/GAG/AGG	NA	NA	NA	0	0	0	1	NA	NA	NA	NA	NA
vOTU_056_7	5142	5834	693	1	0.734	11	None	NA	NA	NA	0	0	0	1	NA	NA	NA	NA	NA
vOTU_056_8	5839	7011	1173	1	0.717	11	None	GENOMAD.209158.VC	9.422e-05	47	0	0	0	1	NA	NA	NA	PF01333;COG2190	NA
vOTU_056_9	7011	7277	267	1	0.700	11	GGAGG	GENOMAD.180809.PP	1.062e-36	133	0	0	0	1	NA	NA	NA	PF19607	NA
vOTU_056_10	7349	7618	270	1	0.656	11	AGGAG	GENOMAD.180809.PP	1.494e-18	81	0	0	0	1	NA	NA	NA	PF19607	NA
vOTU_056_11	7653	8069	417	1	0.686	11	GGAG/GAGG	GENOMAD.112833.PP	3.138e-15	74	0	0	0	1	NA	NA	NA	NA	NA
vOTU_057_1	1	657	657	-1	0.723	11	AGxAGG/AGGxGG	NA	NA	NA	0	0	0	1	NA	NA	NA	NA	NA
vOTU_057_2	847	1725	879	-1	0.702	11	AGGA	GENOMAD.159850.VP	1.436e-30	125	0	0	0	1246	Caudoviricetes	NA	NA	PF03837;TIGR00616;K07455;COG3723	recombinase, phage RecT family
vOTU_057_3	1722	2717	996	-1	0.736	11	None	GENOMAD.136906.VP	0.0006055	44	0	0	1	1246	Caudoviricetes	NA	NA	COG5377	Phage-related protein, predicted endonuclease
vOTU_057_4	2714	2890	177	-1	0.746	11	GGAGG	NA	NA	NA	0	0	0	1	NA	NA	NA	NA	NA
vOTU_057_5	2887	3078	192	-1	0.766	11	AGGA/GGAG/GAGG	NA	NA	NA	0	0	0	1	NA	NA	NA	NA	NA
vOTU_057_6	3078	3368	291	-1	0.735	11	None	NA	NA	NA	0	0	0	1	NA	NA	NA	NA	NA
vOTU_057_7	3469	3942	474	1	0.741	11	None	NA	NA	NA	0	0	0	1	NA	NA	NA	NA	NA
vOTU_057_8	3943	4428	486	-1	0.716	11	None	NA	NA	NA	0	0	0	1	NA	NA	NA	NA	NA
vOTU_057_9	4529	4777	249	1	0.723	11	None	GENOMAD.225550.VP	0.0001044	41	0	0	0	1	NA	NA	NA	PF05339;K22300;TIGR00673;COG3655	cyanase
vOTU_057_10	4780	5307	528	1	0.763	11	AGxAGG/AGGxGG	NA	NA	NA	0	0	0	1	NA	NA	NA	NA	NA
vOTU_057_11	5304	5603	300	1	0.740	11	GGxGG	NA	NA	NA	0	0	0	1	NA	NA	NA	NA	NA
vOTU_057_12	5603	5710	108	1	0.713	11	GGxGG	NA	NA	NA	0	0	0	1	NA	NA	NA	NA	NA
vOTU_057_13	5707	6180	474	1	0.732	11	GGA/GAG/AGG	NA	NA	NA	0	0	0	1	NA	NA	NA	NA	NA
vOTU_057_14	6177	6422	246	1	0.740	11	AGGAG	NA	NA	NA	0	0	0	1	NA	NA	NA	NA	NA
vOTU_057_15	6419	6736	318	1	0.726	11	GGxGG	NA	NA	NA	0	0	0	1	NA	NA	NA	NA	NA
vOTU_057_16	6733	6936	204	1	0.725	11	GGAG/GAGG	NA	NA	NA	0	0	0	1	NA	NA	NA	NA	NA
vOTU_057_17	6933	7733	801	1	0.747	11	GGAGG	NA	NA	NA	0	0	0	1	NA	NA	NA	NA	NA
vOTU_057_18	7730	8035	306	1	0.725	11	None	NA	NA	NA	0	0	0	1	NA	NA	NA	NA	NA
vOTU_058_1	3	296	294	1	0.643	11	None	NA	NA	NA	0	0	0	1	NA	NA	NA	NA	NA
vOTU_058_2	310	696	387	1	0.620	11	GGAG/GAGG	NA	NA	NA	0	0	0	1	NA	NA	NA	NA	NA
vOTU_058_3	693	3353	2661	1	0.635	11	GGAG/GAGG	GENOMAD.116343.VV	8.13e-09	62	0	0	0	1246	Caudoviricetes	NA	NA	NA	NA
vOTU_058_4	3357	3803	447	1	0.635	11	GGA/GAG/AGG	NA	NA	NA	0	0	0	1	NA	NA	NA	NA	NA
vOTU_058_5	3812	4510	699	-1	0.625	11	GGAG/GAGG	NA	NA	NA	0	0	0	1	NA	NA	NA	NA	NA
vOTU_058_6	4655	5134	480	1	0.667	11	GGAGG	NA	NA	NA	0	0	0	1	NA	NA	NA	NA	NA
vOTU_058_7	5136	5429	294	1	0.626	11	GGAG/GAGG	NA	NA	NA	0	0	0	1	NA	NA	NA	NA	NA
vOTU_058_8	5459	6142	684	1	0.655	11	GGAG/GAGG	GENOMAD.210341.VP	1.556e-06	51	0	0	0	1246	Caudoviricetes	NA	NA	PF05926	Phage head completion protein (GPL)
vOTU_058_9	6139	6528	390	1	0.674	11	GGAG/GAGG	NA	NA	NA	0	0	0	1	NA	NA	NA	NA	NA
vOTU_058_10	6682	6858	177	-1	0.559	11	None	NA	NA	NA	0	0	0	1	NA	NA	NA	NA	NA
vOTU_058_11	7081	7350	270	-1	0.622	11	GGA/GAG/AGG	NA	NA	NA	0	0	0	1	NA	NA	NA	NA	NA
vOTU_058_12	7350	7553	204	-1	0.632	11	GGAG/GAGG	NA	NA	NA	0	0	0	1	NA	NA	NA	NA	NA
vOTU_058_13	7624	7878	255	-1	0.573	11	None	NA	NA	NA	0	0	0	1	NA	NA	NA	NA	NA
vOTU_059_1	2	457	456	1	0.643	11	None	NA	NA	NA	0	0	0	1	NA	NA	NA	NA	NA
vOTU_059_2	454	924	471	1	0.675	11	None	NA	NA	NA	0	0	0	1	NA	NA	NA	NA	NA
vOTU_059_3	921	1100	180	1	0.683	11	GGAG/GAGG	NA	NA	NA	0	0	0	1	NA	NA	NA	NA	NA
vOTU_059_4	1097	2098	1002	1	0.661	11	AGGAG	NA	NA	NA	0	0	0	1	NA	NA	NA	NA	NA
vOTU_059_5	2095	2433	339	1	0.658	11	AGGAG	GENOMAD.224661.VP	5.719e-06	46	0	0	1	712	Affertcholeramvirus CTXphi	NA	NA	PF07459	CTX phage RstB protein
vOTU_059_6	2444	2758	315	1	0.660	11	None	GENOMAD.218207.VP	1.445e-17	79	0	0	1	1	NA	NA	NA	PF05356	Inovirus Coat protein B
vOTU_059_7	2762	2953	192	1	0.646	11	None	GENOMAD.187343.VV	1.724e-20	85	0	0	0	1	NA	NA	NA	NA	NA
vOTU_059_8	2956	4305	1350	1	0.608	11	None	NA	NA	NA	0	0	0	1	NA	NA	NA	NA	NA
vOTU_059_9	4302	4589	288	1	0.618	11	None	GENOMAD.220085.VP	9.193e-11	59	0	0	0	2773	Inoviridae	NA	NA	PF10734	NA
vOTU_059_10	4586	5671	1086	1	0.679	11	None	GENOMAD.228060.VP	1.989e-05	49	0	0	1	2773	Inoviridae	NA	NA	PF05707;COG4128;K10954	Zonular occludens toxin (Zot)
vOTU_059_11	6162	6410	249	1	0.530	11	GGAG/GAGG	NA	NA	NA	0	0	0	1	NA	NA	NA	NA	NA
vOTU_059_12	6519	7088	570	1	0.609	11	AGGAGG	NA	NA	NA	0	0	0	1	NA	NA	NA	NA	NA
vOTU_060_1	1	201	201	1	0.562	11	None	NA	NA	NA	0	0	0	1	NA	NA	NA	NA	NA
vOTU_060_2	201	491	291	1	0.615	11	GGAG/GAGG	NA	NA	NA	0	0	0	1	NA	NA	NA	NA	NA
vOTU_060_3	488	913	426	1	0.627	11	GGAG/GAGG	NA	NA	NA	0	0	0	1	NA	NA	NA	NA	NA
vOTU_060_4	910	1602	693	1	0.620	11	GGA/GAG/AGG	NA	NA	NA	0	0	0	1	NA	NA	NA	NA	NA
vOTU_060_5	1595	1948	354	1	0.616	11	None	NA	NA	NA	0	0	0	1	NA	NA	NA	NA	NA
vOTU_060_6	1945	2481	537	1	0.575	11	None	NA	NA	NA	0	0	0	1	NA	NA	NA	NA	NA
vOTU_060_7	2478	2762	285	1	0.579	11	GGAG/GAGG	NA	NA	NA	0	0	0	1	NA	NA	NA	NA	NA
vOTU_060_8	3126	3869	744	1	0.507	11	GGAG/GAGG	NA	NA	NA	0	0	0	1	NA	NA	NA	NA	NA
vOTU_060_9	3871	4488	618	1	0.479	11	None	NA	NA	NA	0	0	0	1	NA	NA	NA	NA	NA
vOTU_060_10	4472	5035	564	1	0.488	11	GGA/GAG/AGG	NA	NA	NA	0	0	0	1	NA	NA	NA	NA	NA
vOTU_060_11	5207	5737	531	1	0.595	11	AGGA	NA	NA	NA	0	0	0	1	NA	NA	NA	NA	NA
vOTU_060_12	5734	7593	1860	1	0.586	11	GGAG/GAGG	GENOMAD.136610.VP	2.011e-51	197	0	0	1	1246	Caudoviricetes	NA	NA	PF04586;TIGR01539;COG5511	phage portal protein, lambda family
vOTU_061_1	1	102	102	-1	0.686	11	GGxGG	NA	NA	NA	0	0	0	1	NA	NA	NA	NA	NA
vOTU_061_2	99	659	561	-1	0.658	11	GGAG/GAGG	GENOMAD.084159.VC	7.684e-25	104	0	0	1	6582	Tequatrovirus T4	NA	NA	PF00959;COG3772	Phage-related lysozyme (muramidase), GH24 family
vOTU_061_3	918	1238	321	-1	0.657	11	None	GENOMAD.126386.VP	1.028e-29	114	0	0	0	1246	Caudoviricetes	NA	NA	PF07105;PF13252	NA
vOTU_061_4	1389	1709	321	1	0.682	11	AGGA	NA	NA	NA	0	0	0	1	NA	NA	NA	NA	NA
vOTU_061_5	1766	2245	480	1	0.692	11	GGAG/GAGG	NA	NA	NA	0	0	0	1	NA	NA	NA	NA	NA
vOTU_061_6	2242	2715	474	1	0.646	11	GGAG/GAGG	NA	NA	NA	0	0	0	1	NA	NA	NA	NA	NA
vOTU_061_7	2894	3232	339	1	0.699	11	GGA/GAG/AGG	GENOMAD.161183.VV	4.503e-25	101	0	0	0	1246	Caudoviricetes	NA	NA	PF07102	Putative nuclease YbcO
vOTU_061_8	3236	4498	1263	1	0.651	11	GGAGG	GENOMAD.179024.VV	4.065e-25	112	0	0	0	1246	Caudoviricetes	NA	NA	PF05430;COG0863;K13581	DNA modification methylase
vOTU_061_9	4498	4950	453	1	0.627	11	GGAG/GAGG	NA	NA	NA	0	0	0	1	NA	NA	NA	NA	NA
vOTU_061_10	4950	5288	339	1	0.628	11	GGAGG	NA	NA	NA	0	0	0	1	NA	NA	NA	NA	NA
vOTU_061_11	5285	6043	759	1	0.630	11	GGAG/GAGG	GENOMAD.146064.VP	1.228e-25	109	0	0	0	1246	Caudoviricetes	NA	NA	NA	NA
vOTU_061_12	6040	7383	1344	1	0.626	11	GGAG/GAGG	NA	NA	NA	0	0	0	1	NA	NA	NA	NA	NA
vOTU_061_13	7390	7572	183	1	0.519	11	GGA/GAG/AGG	NA	NA	NA	0	0	0	1	NA	NA	NA	NA	NA
vOTU_062_1	78	554	477	-1	0.614	11	GGAG/GAGG	NA	NA	NA	0	0	0	1	NA	NA	NA	NA	NA
vOTU_062_2	580	798	219	1	0.630	11	None	NA	NA	NA	0	0	0	1	NA	NA	NA	NA	NA
vOTU_062_3	799	1182	384	1	0.625	11	AGxAGG/AGGxGG	NA	NA	NA	0	0	0	1	NA	NA	NA	NA	NA
vOTU_062_4	1176	1355	180	1	0.683	11	GGAG/GAGG	NA	NA	NA	0	0	0	1	NA	NA	NA	NA	NA
vOTU_062_5	1406	1822	417	1	0.624	11	GGA/GAG/AGG	NA	NA	NA	0	0	0	1	NA	NA	NA	NA	NA
vOTU_062_6	1822	2172	351	1	0.650	11	AGxAGG/AGGxGG	NA	NA	NA	0	0	0	1	NA	NA	NA	NA	NA
vOTU_062_7	2193	2657	465	1	0.594	11	None	GENOMAD.079919.VV	2.4e-15	75	0	0	0	1246	Caudoviricetes	NA	NA	NA	NA
vOTU_062_8	2736	3302	567	-1	0.557	11	GGAG/GAGG	NA	NA	NA	0	0	0	1	NA	NA	NA	NA	NA
vOTU_062_9	3384	3983	600	1	0.650	11	GGAGG	GENOMAD.084020.VV	1.124e-80	266	0	0	0	1246	Caudoviricetes	NA	NA	NA	NA
vOTU_062_10	3983	4360	378	1	0.696	11	None	GENOMAD.083007.VV	5.342e-29	113	0	0	0	1246	Caudoviricetes	NA	NA	PF22262	NA
vOTU_062_11	4361	6217	1857	1	0.648	11	GGAGG	GENOMAD.048695.VV	1.318e-44	176	0	0	0	1246	Caudoviricetes	NA	NA	NA	NA
vOTU_062_12	6251	7456	1206	1	0.688	11	GGAG/GAGG	NA	NA	NA	0	0	0	1	NA	NA	NA	NA	NA
vOTU_063_1	1	438	438	1	0.630	11	None	NA	NA	NA	0	0	0	1	NA	NA	NA	NA	NA
vOTU_063_2	660	896	237	1	0.633	11	AGxAG	NA	NA	NA	0	0	0	1	NA	NA	NA	NA	NA
vOTU_063_3	899	1255	357	1	0.639	11	None	NA	NA	NA	0	0	0	1	NA	NA	NA	NA	NA
vOTU_063_4	1406	1801	396	1	0.641	11	GGAG/GAGG	GENOMAD.214229.VP	3.96e-18	82	0	0	1	1246	Caudoviricetes	NA	NA	PF07141;COG2826	Putative bacteriophage terminase small subunit
vOTU_063_5	1794	3095	1302	1	0.632	11	None	GENOMAD.147571.VP	3.844e-46	176	0	0	1	1246	Caudoviricetes	NA	NA	PF20441;COG5362	Terminase large subunit, endonuclease domain
vOTU_063_6	3241	3528	288	1	0.656	11	GGAG/GAGG	NA	NA	NA	0	0	0	1	NA	NA	NA	NA	NA
vOTU_063_7	3616	4278	663	-1	0.597	11	GGAG/GAGG	NA	NA	NA	0	0	0	1	NA	NA	NA	NA	NA
vOTU_063_8	4334	4741	408	1	0.635	11	None	GENOMAD.049233.VV	7.134e-22	93	0	0	0	1246	Caudoviricetes	NA	NA	PF11039;COG1670	Bacteriophage T7, probable scaffold protein Gp13
vOTU_063_9	4746	4979	234	1	0.697	11	AGGA	NA	NA	NA	0	0	0	1	NA	NA	NA	NA	NA
vOTU_063_10	4982	5161	180	1	0.628	11	None	NA	NA	NA	0	0	0	1	NA	NA	NA	NA	NA
vOTU_063_11	5161	7023	1863	1	0.654	11	None	GENOMAD.063568.VV	9.635e-52	198	0	0	1	1246	Caudoviricetes	NA	NA	PF12236	Bacteriophage head to tail connecting protein
vOTU_063_12	7090	7350	261	-1	0.613	11	None	NA	NA	NA	0	0	0	1	NA	NA	NA	NA	NA
vOTU_064_1	3	917	915	1	0.685	11	None	NA	NA	NA	0	0	0	1	NA	NA	NA	NA	NA
vOTU_064_2	945	1403	459	1	0.654	11	AGGAG	GENOMAD.041923.PP	4.023e-27	109	0	0	0	1	NA	NA	NA	NA	NA
vOTU_064_3	1495	2130	636	1	0.659	11	GGAGG	NA	NA	NA	0	0	0	1	NA	NA	NA	NA	NA
vOTU_064_4	2157	2687	531	1	0.616	11	GGAG/GAGG	GENOMAD.034440.PP	1.363e-32	126	0	0	0	1	NA	NA	NA	NA	NA
vOTU_064_5	2898	3509	612	1	0.644	11	GGAG/GAGG	GENOMAD.096115.PP	2.032e-17	83	0	0	0	1	NA	NA	NA	NA	NA
vOTU_064_6	3502	4446	945	1	0.679	11	AGGA	GENOMAD.212456.VP	1.217e-20	96	0	0	0	1246	Caudoviricetes	NA	NA	PF01507;TIGR02057;COG0175	phosphoadenosine phosphosulfate reductase, thioredoxin dependent
vOTU_064_7	4439	4678	240	1	0.633	11	GGAG/GAGG	NA	NA	NA	0	0	0	1	NA	NA	NA	NA	NA
vOTU_064_8	4728	5066	339	1	0.643	11	GGA/GAG/AGG	GENOMAD.223964.VP	4.923e-40	144	0	0	0	1	NA	NA	NA	NA	NA
vOTU_064_9	5017	5604	588	1	0.634	11	AGGA/GGAG/GAGG	NA	NA	NA	0	0	0	1	NA	NA	NA	NA	NA
vOTU_064_10	5638	6789	1152	1	0.643	11	GGAG/GAGG	NA	NA	NA	0	0	0	1	NA	NA	NA	NA	NA
vOTU_064_11	7041	7346	306	-1	0.595	11	None	NA	NA	NA	0	0	0	1	NA	NA	NA	NA	NA
vOTU_065_1	1	1083	1083	1	0.616	11	None	GENOMAD.159486.VC	4.748e-06	51	0	0	0	1246	Caudoviricetes	NA	NA	PF02767	DNA polymerase III beta subunit, central domain
vOTU_065_2	1157	1330	174	1	0.632	11	AGGA	NA	NA	NA	0	0	0	1	NA	NA	NA	NA	NA
vOTU_065_3	1341	1769	429	1	0.569	11	GGAG/GAGG	NA	NA	NA	0	0	0	1	NA	NA	NA	NA	NA
vOTU_065_4	2026	2469	444	1	0.644	11	GGAG/GAGG	NA	NA	NA	0	0	0	1	NA	NA	NA	NA	NA
vOTU_065_5	2466	2885	420	1	0.617	11	GGA/GAG/AGG	NA	NA	NA	0	0	0	1	NA	NA	NA	NA	NA
vOTU_065_6	2990	3727	738	1	0.669	11	4Base/6BMM	NA	NA	NA	0	0	0	1	NA	NA	NA	NA	NA
vOTU_065_7	3688	3978	291	1	0.595	11	3Base/5BMM	NA	NA	NA	0	0	0	1	NA	NA	NA	NA	NA
vOTU_065_8	4240	4512	273	1	0.612	11	GGAG/GAGG	NA	NA	NA	0	0	0	1	NA	NA	NA	NA	NA
vOTU_065_9	4509	5045	537	1	0.618	11	AGGAG	NA	NA	NA	0	0	0	1	NA	NA	NA	NA	NA
vOTU_065_10	5373	6263	891	-1	0.642	11	GGAG/GAGG	GENOMAD.079238.VV	2.388e-10	64	0	0	0	1246	Caudoviricetes	NA	NA	PF14582;TIGR03729;COG1768;K07099	putative phosphoesterase
vOTU_065_11	6245	7189	945	-1	0.616	11	None	GENOMAD.083351.VV	1.243e-09	62	0	0	0	1246	Caudoviricetes	NA	NA	NA	NA
vOTU_066_1	43	453	411	1	0.642	11	GGAGG	GENOMAD.116443.VV	1.429e-31	121	0	0	1	1246	Caudoviricetes	NA	NA	PF11367	NA
vOTU_066_2	570	983	414	1	0.698	11	GGAG/GAGG	GENOMAD.062241.VV	5.679e-42	151	0	0	1	1246	Caudoviricetes	NA	NA	PF06199;COG5437;TIGR02126	Predicted secreted protein
vOTU_066_3	983	1318	336	1	0.750	11	None	GENOMAD.153091.VC	1.158e-38	140	0	0	1	1246	Caudoviricetes	NA	NA	PF11836	Phage tail tube protein, GTA-gp10
vOTU_066_4	1315	1533	219	1	0.717	11	None	GENOMAD.038364.VV	1.206e-06	46	0	0	1	1	NA	NA	NA	PF09550;TIGR02216	phage conserved hypothetical protein
vOTU_066_5	1537	2115	579	1	0.751	11	GGAG/GAGG	GENOMAD.214866.VV	1.03e-69	234	0	0	0	1246	Caudoviricetes	NA	NA	NA	NA
vOTU_066_6	2117	2743	627	1	0.703	11	GGxGG	GENOMAD.157940.VC	5.634e-29	117	0	0	0	1246	Caudoviricetes	NA	NA	PF09343;TIGR02217;COG5448	TIGR02217 family protein
vOTU_066_7	2740	3627	888	1	0.714	11	GGAG/GAGG	GENOMAD.103140.VC	1.107e-38	149	0	0	1	1246	Caudoviricetes	NA	NA	PF09356;PF05100;TIGR02218;COG5449	Phage minor tail protein L
vOTU_066_8	3624	4187	564	1	0.725	11	GGxGG	GENOMAD.154677.VC	4.754e-50	177	0	0	0	1246	Caudoviricetes	NA	NA	PF06940;K13695;TIGR02219;COG3738	putative phage cell wall peptidase, NlpC/P60 family
vOTU_066_9	4191	7142	2952	1	0.726	11	GGAG/GAGG	GENOMAD.126384.VC	6.028e-126	432	0	0	0	1246	Caudoviricetes	NA	NA	PF13547	GTA TIM-barrel-like domain
vOTU_067_1	105	437	333	-1	0.718	11	None	GENOMAD.153342.VP	0.0006284	40	0	0	1	1246	Caudoviricetes	NA	NA	PF05521;TIGR01563;COG5614	phage head-tail adaptor, putative, SPP1 family
vOTU_067_2	437	997	561	-1	0.724	11	AGGA	GENOMAD.081013.VV	8.264e-24	101	0	0	1	1	NA	NA	NA	PF05135;TIGR02215	phage conserved hypothetical protein, phiE125 gp8 family
vOTU_067_3	1111	2379	1269	-1	0.701	11	AGGAG	GENOMAD.079226.VV	1.241e-09	63	0	0	0	1246	Caudoviricetes	NA	NA	NA	NA
vOTU_067_4	2427	3236	810	-1	0.762	11	GGAGG	GENOMAD.119462.VV	1.006e-16	83	0	0	1	1246	Caudoviricetes	NA	NA	TIGR01543	phage prohead protease, HK97 family
vOTU_067_5	3239	3583	345	-1	0.765	11	GGAGG	GENOMAD.200274.VV	5.419e-32	121	0	0	0	1	NA	NA	NA	PF19602	NA
vOTU_067_6	3621	4880	1260	-1	0.717	11	GGAG/GAGG	GENOMAD.065578.VV	2.066e-55	203	0	0	1	1246	Caudoviricetes	NA	NA	PF04860;PF04233;TIGR01537;COG4695;K06904	phage portal protein, HK97 family
vOTU_067_7	5158	6609	1452	-1	0.739	11	GGA/GAG/AGG	GENOMAD.182459.VP	5.524e-12	71	0	0	0	1246	Caudoviricetes	NA	NA	PF13086	NA
vOTU_067_8	6633	7007	375	-1	0.749	11	None	NA	NA	NA	0	0	0	1	NA	NA	NA	NA	NA
vOTU_068_1	1	3900	3900	-1	0.665	11	GGA/GAG/AGG	GENOMAD.078358.VV	4.67e-34	146	0	0	1	1246	Caudoviricetes	NA	NA	PF13550;COG4733	Phage-related protein, tail component
vOTU_068_2	3929	4429	501	-1	0.653	11	GGAG/GAGG	GENOMAD.151617.VC	5.236e-05	45	0	0	0	1246	Caudoviricetes	NA	NA	PF06940;K13695;COG3738;TIGR02219	Uncharacterized protein YijF, DUF1287 family
vOTU_068_3	4384	4857	474	-1	0.665	11	GGAG/GAGG	GENOMAD.021774.VV	1.203e-15	76	0	0	1	1246	Caudoviricetes	NA	NA	PF08875;COG4672;TIGR01600	Phage-related protein
vOTU_068_4	4857	5774	918	-1	0.660	11	AGGA/GGAG/GAGG	NA	NA	NA	0	0	0	1	NA	NA	NA	NA	NA
vOTU_068_5	5774	7000	1227	-1	0.652	11	None	NA	NA	NA	0	0	0	1	NA	NA	NA	NA	NA
vOTU_069_1	133	978	846	-1	0.613	11	AGGA	GENOMAD.004315.VV	4.014e-35	138	0	0	1	2156	Autographiviridae	NA	NA	PF05396	Phage T7 capsid assembly protein
vOTU_069_2	975	2495	1521	-1	0.611	11	None	GENOMAD.001757.VV	1.864e-61	224	0	0	1	15044	Studiervirinae	NA	NA	PF12236	Bacteriophage head to tail connecting protein
vOTU_069_3	2502	2813	312	-1	0.663	11	AGGAGG	NA	NA	NA	0	0	0	1	NA	NA	NA	NA	NA
vOTU_069_4	2816	3028	213	-1	0.629	11	None	GENOMAD.029510.VV	0.0003177	39	0	0	0	2156	Autographiviridae	NA	NA	NA	NA
vOTU_069_5	3350	3667	318	-1	0.591	11	None	NA	NA	NA	0	0	0	1	NA	NA	NA	NA	NA
vOTU_069_6	3664	3954	291	-1	0.612	11	None	GENOMAD.122943.VV	3.126e-14	69	0	0	0	1	NA	NA	NA	NA	NA
vOTU_069_7	4010	6406	2397	-1	0.625	11	None	GENOMAD.001328.VV	1.081e-32	140	0	0	1	2156	Autographiviridae	NA	NA	PF00940;PF20307;K21502;TIGR02239;COG0468	DNA-dependent RNA polymerase; Divergent DnaB-like ATPase
vOTU_070_1	1	90	90	1	0.456	11	None	NA	NA	NA	0	0	0	1	NA	NA	NA	NA	NA
vOTU_070_2	143	646	504	1	0.516	11	GGxGG	GENOMAD.066892.VV	1.05e-09	59	0	0	0	1246	Caudoviricetes	NA	NA	PF06854	Bacteriophage Gp15 protein
vOTU_070_3	643	3108	2466	1	0.539	11	GGAG/GAGG	GENOMAD.116946.VP	1.646e-30	133	0	0	1	1246	Caudoviricetes	NA	NA	COG3941	Phage tail tape-measure protein, controls tail length
vOTU_070_4	3105	3827	723	1	0.519	11	GGAG/GAGG	NA	NA	NA	0	0	0	1	NA	NA	NA	NA	NA
vOTU_070_5	3824	4963	1140	1	0.589	11	GGAGG	GENOMAD.054393.VV	1.064e-05	50	0	0	0	1246	Caudoviricetes	NA	NA	PF21722	Glycine-rich domain
vOTU_070_6	4965	6404	1440	1	0.529	11	GGA/GAG/AGG	NA	NA	NA	0	0	0	1	NA	NA	NA	NA	NA
vOTU_071_1	3	65	63	-1	0.397	11	GGAG/GAGG	NA	NA	NA	0	0	0	1	NA	NA	NA	NA	NA
vOTU_071_2	651	1244	594	1	0.606	11	GGAG/GAGG	NA	NA	NA	0	0	0	1	NA	NA	NA	NA	NA
vOTU_071_3	1249	2631	1383	1	0.662	11	None	GENOMAD.096808.VV	1.438e-53	199	0	0	1	1246	Caudoviricetes	NA	NA	PF05136;TIGR01539;COG5511	phage portal protein, lambda family
vOTU_071_4	2628	4409	1782	1	0.648	11	GGAGG	GENOMAD.136610.VP	1.953e-29	128	0	0	1	1246	Caudoviricetes	NA	NA	PF04586;TIGR01539;COG5511	phage portal protein, lambda family
vOTU_071_5	4412	4630	219	1	0.607	11	None	GENOMAD.054955.VV	5.922e-13	64	0	0	1	12034	Casjensviridae	NA	NA	PF02831	gpW
vOTU_071_6	4633	4962	330	1	0.652	11	AGGAG	GENOMAD.027851.VV	3.6e-18	81	0	0	0	1246	Caudoviricetes	NA	NA	PF09956;COG5471	Predicted phage recombinase, RecA/RadA family
vOTU_071_7	5161	6318	1158	1	0.612	11	None	NA	NA	NA	0	0	0	1	NA	NA	NA	NA	NA
vOTU_071_8	6315	6392	78	1	0.551	11	AGGAG	NA	NA	NA	0	0	0	1	NA	NA	NA	NA	NA
vOTU_072_1	1	891	891	-1	0.652	11	GGAG/GAGG	GENOMAD.034519.VV	3.362e-69	238	0	0	1	1246	Caudoviricetes	NA	NA	PF05136;TIGR01537;COG4695	phage portal protein, HK97 family
vOTU_072_2	895	1167	273	-1	0.619	11	AGGAG	GENOMAD.115200.VV	9.791e-31	116	0	0	0	1	NA	NA	NA	NA	NA
vOTU_072_3	1228	3252	2025	-1	0.654	11	AGGAG	GENOMAD.142428.VP	4.424e-82	291	0	0	1	1246	Caudoviricetes	NA	NA	COG4653	Predicted phage phi-C31 gp36 major capsid-like protein
vOTU_072_4	3265	4254	990	-1	0.625	11	GGAG/GAGG	GENOMAD.117102.VP	6.851e-10	63	0	0	1	1246	Caudoviricetes	NA	NA	PF19835;TIGR01453;COG2827	group I intron endonuclease
vOTU_072_5	4200	4472	273	-1	0.619	11	GGA/GAG/AGG	NA	NA	NA	0	0	0	1	NA	NA	NA	NA	NA
vOTU_072_6	4481	4720	240	-1	0.642	11	GGAGG	NA	NA	NA	0	0	0	1	NA	NA	NA	NA	NA
vOTU_072_7	4755	6245	1491	-1	0.632	11	None	GENOMAD.148122.VP	3.467e-45	175	0	0	1	1246	Caudoviricetes	NA	NA	PF20441	Terminase large subunit, endonuclease domain
vOTU_073_1	809	2104	1296	1	0.621	11	None	NA	NA	NA	0	0	0	1	NA	NA	NA	NA	NA
vOTU_073_2	2092	2331	240	-1	0.588	11	GGA/GAG/AGG	NA	NA	NA	0	0	0	1	NA	NA	NA	NA	NA
vOTU_073_3	2456	3031	576	-1	0.623	11	AGxAGG/AGGxGG	GENOMAD.159222.VP	0.0007832	42	0	0	0	1246	Caudoviricetes	NA	NA	COG3097	N4-acylcytosine amidohydrolase
vOTU_073_4	3028	3246	219	-1	0.612	11	AGGAGG	NA	NA	NA	0	0	0	1	NA	NA	NA	NA	NA
vOTU_073_5	3243	3884	642	-1	0.592	11	GGAGG	NA	NA	NA	0	0	0	1	NA	NA	NA	NA	NA
vOTU_073_6	3889	4386	498	-1	0.671	11	GGA/GAG/AGG	NA	NA	NA	0	0	0	1	NA	NA	NA	NA	NA
vOTU_073_7	4383	4550	168	-1	0.589	11	AGGAG	NA	NA	NA	0	0	0	1	NA	NA	NA	NA	NA
vOTU_073_8	4556	5347	792	-1	0.611	11	GGAGG	NA	NA	NA	0	0	0	1	NA	NA	NA	NA	NA
vOTU_073_9	5340	5486	147	-1	0.701	11	None	NA	NA	NA	0	0	0	1	NA	NA	NA	NA	NA
vOTU_073_10	5483	5701	219	-1	0.598	11	AGGA	GENOMAD.130214.VP	3.752e-10	56	0	0	0	1246	Caudoviricetes	NA	NA	NA	NA
vOTU_073_11	5782	6207	426	-1	0.634	11	None	GENOMAD.060191.VV	2.081e-11	63	0	0	0	1246	Caudoviricetes	NA	NA	NA	NA
vOTU_074_1	2	526	525	1	0.716	11	None	NA	NA	NA	0	0	0	1	NA	NA	NA	NA	NA
vOTU_074_2	526	801	276	1	0.696	11	AGxAGG/AGGxGG	NA	NA	NA	0	0	0	1	NA	NA	NA	NA	NA
vOTU_074_3	798	956	159	1	0.723	11	GGA/GAG/AGG	NA	NA	NA	0	0	0	1	NA	NA	NA	NA	NA
vOTU_074_4	963	1160	198	1	0.712	11	GGA/GAG/AGG	NA	NA	NA	0	0	0	1	NA	NA	NA	NA	NA
vOTU_074_5	1157	2098	942	1	0.677	11	AGGA	GENOMAD.148172.VP	4.737e-62	218	0	0	0	1246	Caudoviricetes	NA	NA	PF11363	NA
vOTU_074_6	2099	2371	273	1	0.703	11	GGAG/GAGG	NA	NA	NA	0	0	0	1	NA	NA	NA	NA	NA
vOTU_074_7	2358	2639	282	1	0.677	11	GGA/GAG/AGG	NA	NA	NA	0	0	0	1	NA	NA	NA	NA	NA
vOTU_074_8	2636	2824	189	1	0.667	11	GGA/GAG/AGG	NA	NA	NA	0	0	0	1	NA	NA	NA	NA	NA
vOTU_074_9	2824	3858	1035	1	0.695	11	GGAG/GAGG	GENOMAD.209339.VP	1.354e-140	447	0	0	0	1246	Caudoviricetes	NA	NA	NA	NA
vOTU_074_10	3855	4187	333	1	0.700	11	GGxGG	NA	NA	NA	0	0	0	1	NA	NA	NA	NA	NA
vOTU_074_11	4184	4651	468	1	0.714	11	GGAGG	NA	NA	NA	0	0	0	1	NA	NA	NA	NA	NA
vOTU_074_12	4648	5004	357	1	0.700	11	GGxGG	NA	NA	NA	0	0	0	1	NA	NA	NA	NA	NA
vOTU_074_13	5001	5684	684	1	0.681	11	GGAGG	GENOMAD.183319.VP	3.677e-08	56	0	0	0	1246	Caudoviricetes	NA	NA	NA	NA
vOTU_074_14	5681	6181	501	1	0.673	11	GGAGG	GENOMAD.080973.VV	0.0001149	44	0	0	0	1246	Caudoviricetes	NA	NA	NA	NA
vOTU_075_1	1	744	744	1	0.699	11	None	NA	NA	NA	0	0	0	1	NA	NA	NA	NA	NA
vOTU_075_2	986	1648	663	1	0.697	11	GGAGG	GENOMAD.100507.VV	1.58e-60	209	0	0	1	1	NA	NA	NA	PF07471;COG4220;K22014	Phage DNA packaging protein, Nu1 subunit of terminase
vOTU_075_3	1648	3645	1998	1	0.687	11	GGAG/GAGG	GENOMAD.133665.VP	1.48e-87	307	0	0	1	1246	Caudoviricetes	NA	NA	PF20454;PF05876;K21512;COG5525;TIGR01539	Phage terminase, large subunit GpA
vOTU_075_4	3642	3854	213	1	0.676	11	GGAG/GAGG	NA	NA	NA	0	0	0	1	NA	NA	NA	NA	NA
vOTU_075_5	3854	5374	1521	1	0.686	11	GGAGG	GENOMAD.105991.VV	1.864e-61	224	0	0	1	1246	Caudoviricetes	NA	NA	PF05136;TIGR01539;COG5511	phage portal protein, lambda family
vOTU_075_6	5387	6100	714	1	0.709	11	GGAG/GAGG	GENOMAD.061487.VV	1.033e-19	91	0	0	1	1246	Caudoviricetes	NA	NA	PF04586;COG3740;TIGR01543;K06904	Phage head maturation protease
vOTU_076_1	80	643	564	-1	0.652	11	AGGAG	GENOMAD.227169.VP	8.555e-24	101	0	0	0	1246	Caudoviricetes	NA	NA	NA	NA
vOTU_076_2	737	943	207	-1	0.614	11	AGGA	GENOMAD.222388.VP	7.755e-16	72	0	0	0	1246	Caudoviricetes	NA	NA	PF21841	NA
vOTU_076_3	1050	1616	567	1	0.660	11	GGA/GAG/AGG	GENOMAD.222196.VP	7.243e-14	72	0	0	1	1246	Caudoviricetes	NA	NA	PF07278;COG4220;K22014;TIGR01481	Phage DNA packaging protein, Nu1 subunit of terminase
vOTU_076_4	1616	3574	1959	1	0.666	11	None	GENOMAD.179152.VP	9.867e-90	313	0	0	1	1246	Caudoviricetes	NA	NA	PF20454;PF05876;K21512;COG5525	Phage terminase, large subunit GpA
vOTU_076_5	3605	4096	492	1	0.642	11	AGGAG	GENOMAD.015412.VV	2.703e-45	162	0	0	0	1246	Caudoviricetes	NA	NA	NA	NA
vOTU_076_6	4096	4488	393	1	0.654	11	None	GENOMAD.045038.VV	7.919e-68	225	0	0	0	1246	Caudoviricetes	NA	NA	NA	NA
vOTU_076_7	4488	4709	222	1	0.649	11	None	GENOMAD.076847.VV	1.131e-21	89	0	0	1	1246	Caudoviricetes	NA	NA	PF02831	gpW
vOTU_076_8	4709	5968	1260	1	0.672	11	GGA/GAG/AGG	GENOMAD.116501.VP	1.218e-67	239	0	0	1	1246	Caudoviricetes	NA	NA	PF05136;TIGR01539;COG5511	phage portal protein, lambda family
vOTU_077_1	3	1100	1098	-1	0.631	11	GGxGG	GENOMAD.115758.VV	3.054e-21	99	0	0	0	1	NA	NA	NA	NA	NA
vOTU_077_2	1093	1788	696	-1	0.595	11	AGGA	NA	NA	NA	0	0	0	1	NA	NA	NA	NA	NA
vOTU_077_3	1791	2636	846	-1	0.677	11	GGA/GAG/AGG	NA	NA	NA	0	0	0	1	NA	NA	NA	NA	NA
vOTU_077_4	2636	3625	990	-1	0.675	11	GGAG/GAGG	GENOMAD.027407.VV	8.599e-12	69	0	0	1	1246	Caudoviricetes	NA	NA	PF18906	Phage tail tube protein
vOTU_077_5	3650	3955	306	-1	0.670	11	AGGAG	NA	NA	NA	0	0	0	1	NA	NA	NA	NA	NA
vOTU_077_6	3967	4476	510	-1	0.661	11	GGAG/GAGG	NA	NA	NA	0	0	0	1	NA	NA	NA	NA	NA
vOTU_077_7	4476	5321	846	-1	0.669	11	None	GENOMAD.222627.VP	2.293e-12	70	0	0	0	1246	Caudoviricetes	NA	NA	PF20039	NA
vOTU_077_8	5321	5665	345	-1	0.643	11	None	GENOMAD.138599.VV	0.0003218	41	0	0	0	1246	Caudoviricetes	NA	NA	PF13856	ATP-binding sugar transporter from pro-phage
vOTU_077_9	5672	5965	294	-1	0.684	11	None	NA	NA	NA	0	0	0	1	NA	NA	NA	NA	NA
vOTU_078_1	2	352	351	-1	0.427	11	None	NA	NA	NA	0	0	0	1	NA	NA	NA	NA	NA
vOTU_078_2	672	1067	396	-1	0.548	11	GGA/GAG/AGG	NA	NA	NA	0	0	0	1	NA	NA	NA	NA	NA
vOTU_078_3	1076	3244	2169	-1	0.609	11	None	GENOMAD.105533.VV	1.47e-16	87	0	0	0	1246	Caudoviricetes	NA	NA	NA	NA
vOTU_078_4	3237	3443	207	-1	0.594	11	None	GENOMAD.109769.VV	5.074e-06	44	0	0	0	1246	Caudoviricetes	NA	NA	NA	NA
vOTU_078_5	3443	3964	522	-1	0.642	11	GGAG/GAGG	GENOMAD.050951.VV	3.001e-74	246	0	0	0	1246	Caudoviricetes	NA	NA	NA	NA
vOTU_078_6	3970	4557	588	-1	0.577	11	GGAG/GAGG	GENOMAD.050249.VV	1.234e-51	182	0	0	0	1246	Caudoviricetes	NA	NA	NA	NA
vOTU_078_7	4554	5168	615	-1	0.572	11	AGGAG	GENOMAD.081825.VV	1.776e-32	127	0	0	0	1246	Caudoviricetes	NA	NA	PF16190	Ubiquitin-activating enzyme E1 FCCH domain
vOTU_078_8	5290	5685	396	1	0.515	11	AGGAG	GENOMAD.195017.VC	4.686e-06	47	0	0	0	10929	Lederbergvirus	NA	NA	NA	NA
vOTU_078_9	5686	5886	201	-1	0.458	11	None	NA	NA	NA	0	0	0	1	NA	NA	NA	NA	NA
vOTU_079_1	1	1917	1917	-1	0.640	11	GGAG/GAGG	GENOMAD.126230.VP	1.726e-07	57	0	0	0	1246	Caudoviricetes	NA	NA	NA	NA
vOTU_079_2	1910	2158	249	-1	0.671	11	GGAG/GAGG	NA	NA	NA	0	0	0	1	NA	NA	NA	NA	NA
vOTU_079_3	2278	2784	507	-1	0.629	11	None	NA	NA	NA	0	0	0	1	NA	NA	NA	NA	NA
vOTU_079_4	2781	3749	969	-1	0.664	11	AGGAG	NA	NA	NA	0	0	0	1	NA	NA	NA	NA	NA
vOTU_079_5	3753	3956	204	-1	0.657	11	GGAGG	NA	NA	NA	0	0	0	1	NA	NA	NA	NA	NA
vOTU_079_6	3968	4432	465	-1	0.680	11	GGA/GAG/AGG	NA	NA	NA	0	0	0	1	NA	NA	NA	NA	NA
vOTU_079_7	4425	5150	726	-1	0.638	11	GGAG/GAGG	GENOMAD.222627.VP	4.643e-23	101	0	0	0	1246	Caudoviricetes	NA	NA	PF20039	NA
vOTU_079_8	5147	5479	333	-1	0.625	11	AGGAG	NA	NA	NA	0	0	0	1	NA	NA	NA	NA	NA
vOTU_079_9	5502	5798	297	-1	0.640	11	None	GENOMAD.060866.VV	3.491e-06	46	0	0	0	1246	Caudoviricetes	NA	NA	PF09956;COG5471	Predicted phage recombinase, RecA/RadA family
vOTU_080_1	2	181	180	1	0.744	11	None	GENOMAD.106293.VV	1.3e-07	48	0	0	0	1	NA	NA	NA	NA	NA
vOTU_080_2	245	589	345	1	0.681	11	GGAG/GAGG	NA	NA	NA	0	0	0	1	NA	NA	NA	NA	NA
vOTU_080_3	586	1053	468	1	0.673	11	None	NA	NA	NA	0	0	0	1	NA	NA	NA	NA	NA
vOTU_080_4	1071	1427	357	1	0.720	11	GGAGG	NA	NA	NA	0	0	0	1	NA	NA	NA	NA	NA
vOTU_080_5	1424	2467	1044	1	0.664	11	AGGAG	NA	NA	NA	0	0	0	1	NA	NA	NA	NA	NA
vOTU_080_6	2474	3052	579	1	0.679	11	None	GENOMAD.067516.VV	8.662e-06	48	0	0	0	1246	Caudoviricetes	NA	NA	NA	NA
vOTU_080_7	3068	3451	384	1	0.682	11	GGA/GAG/AGG	NA	NA	NA	0	0	0	1	NA	NA	NA	NA	NA
vOTU_080_8	3493	3675	183	1	0.705	11	GGA/GAG/AGG	NA	NA	NA	0	0	0	1	NA	NA	NA	NA	NA
vOTU_080_9	3682	5760	2079	1	0.677	11	AGxAGG/AGGxGG	GENOMAD.106657.VP	1.209e-36	152	0	0	1	1246	Caudoviricetes	NA	NA	COG5280	Phage-related minor tail protein
vOTU_081_1	2	220	219	-1	0.758	11	GGAGG	NA	NA	NA	0	0	0	1	NA	NA	NA	NA	NA
vOTU_081_2	240	1616	1377	1	0.720	11	AGGAG	NA	NA	NA	0	0	0	1	NA	NA	NA	NA	NA
vOTU_081_3	1713	2894	1182	1	0.717	11	GGAG/GAGG	GENOMAD.065578.VV	2.865e-64	228	0	0	1	1246	Caudoviricetes	NA	NA	PF04860;PF04233;TIGR01537;COG4695;K06904	phage portal protein, HK97 family
vOTU_081_4	2891	3346	456	1	0.706	11	GGAGG	NA	NA	NA	0	0	0	1	NA	NA	NA	NA	NA
vOTU_081_5	3333	4037	705	1	0.732	11	AGxAGG/AGGxGG	GENOMAD.127022.VV	4.757e-14	74	0	0	1	1246	Caudoviricetes	NA	NA	PF04586;K06904;COG3740;TIGR01543	Phage head maturation protease
vOTU_081_6	4046	5299	1254	1	0.696	11	GGAG/GAGG	GENOMAD.079226.VV	2.247e-13	75	0	0	0	1246	Caudoviricetes	NA	NA	NA	NA
vOTU_081_7	5452	5721	270	-1	0.752	11	None	NA	NA	NA	0	0	0	1	NA	NA	NA	NA	NA
vOTU_082_1	3	311	309	1	0.599	11	None	NA	NA	NA	0	0	0	1	NA	NA	NA	NA	NA
vOTU_082_2	308	910	603	1	0.677	11	GGA/GAG/AGG	GENOMAD.084020.VV	2.276e-37	141	0	0	0	1246	Caudoviricetes	NA	NA	NA	NA
vOTU_082_3	914	1345	432	1	0.706	11	GGA/GAG/AGG	GENOMAD.083007.VV	2.172e-21	92	0	0	0	1246	Caudoviricetes	NA	NA	PF22262	NA
vOTU_082_4	1330	4047	2718	1	0.679	11	GGAGG	GENOMAD.205792.VP	1.017e-50	199	0	0	0	1246	Caudoviricetes	NA	NA	PF22262	NA
vOTU_082_5	4121	5701	1581	1	0.683	11	AGGAG	NA	NA	NA	0	0	0	1	NA	NA	NA	NA	NA
vOTU_083_1	3	110	108	-1	0.583	11	GGA/GAG/AGG	NA	NA	NA	0	0	0	1	NA	NA	NA	NA	NA
vOTU_083_2	110	1357	1248	-1	0.653	11	GGAG/GAGG	GENOMAD.014890.VV	1.645e-11	69	0	0	0	1	NA	NA	NA	NA	NA
vOTU_083_3	1344	1718	375	-1	0.613	11	GGA/GAG/AGG	NA	NA	NA	0	0	0	1	NA	NA	NA	NA	NA
vOTU_083_4	1711	1914	204	-1	0.603	11	None	NA	NA	NA	0	0	0	1	NA	NA	NA	NA	NA
vOTU_083_5	1914	3017	1104	-1	0.619	11	GGA/GAG/AGG	NA	NA	NA	0	0	0	1	NA	NA	NA	NA	NA
vOTU_083_6	3024	3689	666	-1	0.650	11	GGA/GAG/AGG	GENOMAD.041388.VV	2.454e-46	168	0	0	0	12612	Kleczkowskavirus	NA	NA	PF11041	NA
vOTU_083_7	3689	4591	903	-1	0.657	11	GGAG/GAGG	GENOMAD.006060.VV	8.982e-78	263	0	0	0	12612	Kleczkowskavirus	NA	NA	PF03434;COG3299	DUF276
vOTU_083_8	4588	4962	375	-1	0.656	11	None	GENOMAD.009305.VV	1.922e-47	166	0	0	1	1246	Caudoviricetes	NA	NA	PF10934;COG3628	Phage baseplate assembly protein W
vOTU_083_9	4962	5639	678	-1	0.640	11	GGA/GAG/AGG	GENOMAD.014074.VV	3.17e-90	295	0	0	1	1246	Caudoviricetes	NA	NA	PF18352;TIGR01644;COG4384	Phage protein Gp138 N-terminal domain
vOTU_084_1	1	168	168	1	0.589	11	None	NA	NA	NA	0	0	0	1	NA	NA	NA	NA	NA
vOTU_084_2	267	1208	942	1	0.682	11	AGGA	NA	NA	NA	0	0	0	1	NA	NA	NA	NA	NA
vOTU_084_3	1214	1735	522	1	0.682	11	AGGAG	NA	NA	NA	0	0	0	1	NA	NA	NA	NA	NA
vOTU_084_4	1740	2057	318	1	0.582	11	GGA/GAG/AGG	GENOMAD.152713.VV	1.126e-12	65	0	0	0	1246	Caudoviricetes	NA	NA	NA	NA
vOTU_084_5	2054	2491	438	1	0.644	11	AGxAGG/AGGxGG	NA	NA	NA	0	0	0	1	NA	NA	NA	NA	NA
vOTU_084_6	2712	2963	252	-1	0.599	11	None	GENOMAD.215945.VP	4.395e-13	65	0	0	0	1246	Caudoviricetes	NA	NA	NA	NA
vOTU_084_7	2982	3446	465	-1	0.600	11	None	NA	NA	NA	0	0	0	1	NA	NA	NA	NA	NA
vOTU_084_8	3519	3782	264	-1	0.617	11	AGGA	NA	NA	NA	0	0	0	1	NA	NA	NA	NA	NA
vOTU_084_9	3779	4096	318	-1	0.629	11	GGA/GAG/AGG	NA	NA	NA	0	0	0	1	NA	NA	NA	NA	NA
vOTU_084_10	4206	5444	1239	-1	0.678	11	GGxGG	NA	NA	NA	0	0	0	1	NA	NA	NA	NA	NA
vOTU_085_1	46	246	201	1	0.567	11	GGA/GAG/AGG	GENOMAD.222935.VP	5.603e-18	78	0	0	0	1	NA	NA	NA	PF09957;COG0864	NA
vOTU_085_2	243	470	228	-1	0.610	11	AGGA	NA	NA	NA	0	0	0	1	NA	NA	NA	NA	NA
vOTU_085_3	467	667	201	-1	0.612	11	GGAGG	NA	NA	NA	0	0	0	1	NA	NA	NA	NA	NA
vOTU_085_4	664	861	198	-1	0.566	11	GGAGG	NA	NA	NA	0	0	0	1	NA	NA	NA	NA	NA
vOTU_085_5	858	1265	408	-1	0.593	11	GGAG/GAGG	NA	NA	NA	0	0	0	1	NA	NA	NA	NA	NA
vOTU_085_6	1262	1966	705	-1	0.626	11	AGGAG	NA	NA	NA	0	0	0	1	NA	NA	NA	NA	NA
vOTU_085_7	1963	2184	222	-1	0.626	11	GGAG/GAGG	NA	NA	NA	0	0	0	1	NA	NA	NA	NA	NA
vOTU_085_8	2177	3118	942	-1	0.622	11	GGAGG	GENOMAD.159222.VP	3.588e-06	51	0	0	0	1246	Caudoviricetes	NA	NA	COG3097	N4-acylcytosine amidohydrolase
vOTU_085_9	3115	3783	669	-1	0.625	11	GGAGG	GENOMAD.170570.VP	5.541e-24	103	0	0	0	1246	Caudoviricetes	NA	NA	PF05551	Zinc-binding loop region of homing endonuclease
vOTU_085_10	3780	4040	261	-1	0.609	11	GGA/GAG/AGG	GENOMAD.176891.VP	3.242e-17	77	0	0	0	1246	Caudoviricetes	NA	NA	NA	NA
vOTU_085_11	4114	5259	1146	-1	0.647	11	GGAG/GAGG	GENOMAD.102155.VV	2.175e-45	172	0	0	0	1246	Caudoviricetes	NA	NA	PF00589;COG4973;TIGR02225;K14059	Site-specific recombinase XerC
vOTU_085_12	5265	5519	255	-1	0.596	11	AGGAG	NA	NA	NA	0	0	0	1	NA	NA	NA	NA	NA
vOTU_086_1	52	390	339	1	0.699	11	GGAGG	NA	NA	NA	0	0	0	1	NA	NA	NA	NA	NA
vOTU_086_2	387	650	264	1	0.746	11	GGA/GAG/AGG	NA	NA	NA	0	0	0	1	NA	NA	NA	NA	NA
vOTU_086_3	664	1416	753	1	0.710	11	GGAG/GAGG	NA	NA	NA	0	0	0	1	NA	NA	NA	NA	NA
vOTU_086_4	1416	1985	570	1	0.663	11	GGAG/GAGG	GENOMAD.103042.VP	2.137e-42	155	0	0	0	1246	Caudoviricetes	NA	NA	PF16473;COG1949;TIGR01298;K03683	3'-5' exoribonuclease Rv2179c-like domain
vOTU_086_5	2053	2262	210	1	0.690	11	GGAGG	NA	NA	NA	0	0	0	1	NA	NA	NA	NA	NA
vOTU_086_6	2259	2561	303	1	0.743	11	GGA/GAG/AGG	NA	NA	NA	0	0	0	1	NA	NA	NA	NA	NA
vOTU_086_7	2596	3012	417	1	0.712	11	GGA/GAG/AGG	NA	NA	NA	0	0	0	1	NA	NA	NA	NA	NA
vOTU_086_8	3009	3887	879	1	0.643	11	GGAG/GAGG	NA	NA	NA	0	0	0	1	NA	NA	NA	NA	NA
vOTU_086_9	3897	5243	1347	1	0.719	11	3Base/5BMM	NA	NA	NA	0	0	0	1	NA	NA	NA	NA	NA
vOTU_087_1	69	245	177	1	0.701	11	AGGAG	NA	NA	NA	0	0	0	1	NA	NA	NA	NA	NA
vOTU_087_2	245	637	393	1	0.677	11	3Base/5BMM	GENOMAD.123275.VP	1.296e-21	92	0	0	1	1246	Caudoviricetes	NA	NA	PF04965;K06903;COG3628;TIGR03357	Phage baseplate assembly protein W
vOTU_087_3	858	1547	690	1	0.700	11	None	GENOMAD.119297.VP	1.556e-91	299	0	0	1	1246	Caudoviricetes	NA	NA	PF03434;COG3948	Phage-related baseplate assembly protein
vOTU_087_4	1544	2179	636	1	0.675	11	GGAG/GAGG	GENOMAD.035993.VV	3.55e-82	271	0	0	1	1246	Caudoviricetes	NA	NA	PF09684;TIGR01634;COG4385	phage tail protein, P2 protein I family
vOTU_087_5	2179	4458	2280	1	0.668	11	GGAG/GAGG	GENOMAD.111617.VV	1.064e-236	747	0	0	0	1246	Caudoviricetes	NA	NA	NA	NA
vOTU_087_6	4469	4648	180	1	0.650	11	AGGAG	NA	NA	NA	0	0	0	1	NA	NA	NA	NA	NA
vOTU_087_7	4620	5402	783	1	0.650	11	AGGAG	NA	NA	NA	0	0	0	1	NA	NA	NA	NA	NA
vOTU_088_1	1	780	780	1	0.683	11	None	GENOMAD.220766.VP	1.198e-07	55	0	0	0	6770	Vojvodinavirus	NA	NA	COG5156	NA
vOTU_088_2	777	1697	921	1	0.721	11	GGAG/GAGG	NA	NA	NA	0	0	0	1	NA	NA	NA	NA	NA
vOTU_088_3	1713	3569	1857	1	0.655	11	AGGA	NA	NA	NA	0	0	0	1	NA	NA	NA	NA	NA
vOTU_088_4	3577	4989	1413	1	0.689	11	None	GENOMAD.016110.VV	7.467e-06	51	0	0	1	1246	Caudoviricetes	NA	NA	PF11134	Phage stabilisation protein
vOTU_088_5	4983	5327	345	1	0.635	11	GGAG/GAGG	NA	NA	NA	0	0	0	1	NA	NA	NA	NA	NA
vOTU_088_6	5282	5392	111	-1	0.658	11	None	NA	NA	NA	0	0	0	1	NA	NA	NA	NA	NA
vOTU_089_1	1	2448	2448	-1	0.625	11	None	NA	NA	NA	0	0	0	1	NA	NA	NA	NA	NA
vOTU_089_2	2449	3477	1029	-1	0.603	11	AGGAG	GENOMAD.149717.VV	3.031e-15	80	0	0	0	1	NA	NA	NA	NA	NA
vOTU_089_3	3479	4222	744	-1	0.621	11	AGGAGG	GENOMAD.102716.VV	1.352e-46	170	0	0	0	1246	Caudoviricetes	NA	NA	NA	NA
vOTU_089_4	4235	4990	756	-1	0.618	11	GGAG/GAGG	GENOMAD.076146.VV	9.644e-63	217	0	0	0	1246	Caudoviricetes	NA	NA	NA	NA
vOTU_089_5	4995	5381	387	-1	0.581	11	None	GENOMAD.024901.VV	2.52e-38	140	0	0	0	1246	Caudoviricetes	NA	NA	PF13420;TIGR01575	NA
vOTU_090_1	3	107	105	-1	0.610	11	AGGAG	NA	NA	NA	0	0	0	1	NA	NA	NA	NA	NA
vOTU_090_2	165	2672	2508	1	0.685	11	None	GENOMAD.206514.VV	2.687e-45	181	0	0	1	1246	Caudoviricetes	NA	NA	TIGR01760	phage tail tape measure protein, TP901 family, core region
vOTU_090_3	2672	3112	441	1	0.649	11	GGA/GAG/AGG	GENOMAD.189590.VP	6.737e-36	134	0	0	0	1246	Caudoviricetes	NA	NA	PF06995;K06906;COG3499	Phage protein U
vOTU_090_4	3112	3339	228	1	0.689	11	GGAGG	GENOMAD.085669.VV	0.0008829	38	0	0	0	1246	Caudoviricetes	NA	NA	NA	NA
vOTU_090_5	3345	4499	1155	1	0.693	11	None	GENOMAD.132562.VV	4.134e-51	189	0	0	1	1246	Caudoviricetes	NA	NA	PF05954;K06905;COG3500;TIGR03361	Phage protein D
vOTU_090_6	4541	5329	789	1	0.696	11	GGAG/GAGG	NA	NA	NA	0	0	0	1	NA	NA	NA	NA	NA
vOTU_091_1	2	421	420	1	0.643	11	None	NA	NA	NA	0	0	0	1	NA	NA	NA	NA	NA
vOTU_091_2	418	585	168	1	0.631	11	GGA/GAG/AGG	NA	NA	NA	0	0	0	1	NA	NA	NA	NA	NA
vOTU_091_3	694	924	231	-1	0.662	11	GGAG/GAGG	NA	NA	NA	0	0	0	1	NA	NA	NA	NA	NA
vOTU_091_4	921	1742	822	-1	0.667	11	GGAG/GAGG	GENOMAD.030932.VV	4.98e-72	245	0	0	0	1246	Caudoviricetes	NA	NA	PF01507;COG3969;TIGR03183	Predicted phosphoadenosine phosphosulfate sulfurtransferase, contains C-terminal DUF3440 domain
vOTU_091_5	1840	2844	1005	-1	0.702	11	None	GENOMAD.180926.VP	3.132e-41	158	0	0	0	1	NA	NA	NA	NA	NA
vOTU_091_6	3355	3519	165	-1	0.697	11	GGAG/GAGG	NA	NA	NA	0	0	0	1	NA	NA	NA	NA	NA
vOTU_091_7	3516	3881	366	-1	0.650	11	AGGA	GENOMAD.217985.VP	1.131e-10	60	0	0	0	1246	Caudoviricetes	NA	NA	NA	NA
vOTU_091_8	3878	4576	699	-1	0.657	11	AGGAG	GENOMAD.159222.VP	3.749e-07	53	0	0	0	1246	Caudoviricetes	NA	NA	COG3097	N4-acylcytosine amidohydrolase
vOTU_091_9	4573	4833	261	-1	0.663	11	None	GENOMAD.222884.VP	4.502e-14	68	0	0	0	1	NA	NA	NA	NA	NA
vOTU_091_10	4826	5275	450	-1	0.651	11	None	NA	NA	NA	0	0	0	1	NA	NA	NA	NA	NA
vOTU_092_1	257	481	225	-1	0.653	11	None	NA	NA	NA	0	0	0	1	NA	NA	NA	NA	NA
vOTU_092_2	520	870	351	-1	0.652	11	AGGAG	GENOMAD.103687.VV	7.818e-13	66	0	0	1	1246	Caudoviricetes	NA	NA	PF11836	Phage tail tube protein, GTA-gp10
vOTU_092_3	978	1439	462	-1	0.680	11	AGGAG	GENOMAD.034909.VV	1.839e-18	84	0	0	1	1246	Caudoviricetes	NA	NA	PF16463;COG5437;TIGR02126	Phage tail tube protein family
vOTU_092_4	1524	1760	237	-1	0.692	11	AGGA	NA	NA	NA	0	0	0	1	NA	NA	NA	NA	NA
vOTU_092_5	1766	2161	396	-1	0.679	11	GGA/GAG/AGG	GENOMAD.209864.VP	2.054e-25	103	0	0	1	14878	Nanhaivirus	NA	NA	PF13554	Bacteriophage related domain of unknown function
vOTU_092_6	2161	2805	645	-1	0.698	11	GGAG/GAGG	GENOMAD.211299.VP	6.226e-41	152	0	0	0	1246	Caudoviricetes	NA	NA	NA	NA
vOTU_092_7	2808	3152	345	-1	0.681	11	GGAGG	NA	NA	NA	0	0	0	1	NA	NA	NA	NA	NA
vOTU_092_8	3149	3781	633	-1	0.662	11	AGGA	GENOMAD.087191.VV	2.677e-07	53	0	0	1	1246	Caudoviricetes	NA	NA	PF05135;TIGR02215	phage conserved hypothetical protein, phiE125 gp8 family
vOTU_092_9	3784	4038	255	-1	0.682	11	AGGAG	GENOMAD.157216.VV	4.062e-29	111	0	0	0	1	NA	NA	NA	NA	NA
vOTU_092_10	4113	5234	1122	-1	0.673	11	None	GENOMAD.090434.VV	5.07e-06	51	0	0	1	1246	Caudoviricetes	NA	NA	PF05065;TIGR01554;COG4653	phage major capsid protein, HK97 family
vOTU_093_1	3	1007	1005	1	0.717	11	None	GENOMAD.171381.VV	4.76e-07	54	0	0	0	1246	Caudoviricetes	NA	NA	PF17182;COG2755	Lysophospholipase L1 or related esterase
vOTU_093_2	1046	2146	1101	1	0.697	11	None	NA	NA	NA	0	0	0	1	NA	NA	NA	NA	NA
vOTU_093_3	2273	3445	1173	1	0.705	11	AGGAG	GENOMAD.065578.VV	2.904e-62	222	0	0	1	1246	Caudoviricetes	NA	NA	PF04860;PF04233;TIGR01537;COG4695;K06904	phage portal protein, HK97 family
vOTU_093_4	3442	3675	234	1	0.731	11	GGxGG	GENOMAD.170953.VC	1.877e-11	60	0	0	0	1246	Caudoviricetes	NA	NA	PF10779	NA
vOTU_093_5	3672	4265	594	1	0.729	11	GGAGG	GENOMAD.119462.VV	4.575e-11	64	0	0	1	1246	Caudoviricetes	NA	NA	TIGR01543	phage prohead protease, HK97 family
vOTU_093_6	4252	5070	819	-1	0.706	11	None	NA	NA	NA	0	0	0	1	NA	NA	NA	NA	NA
vOTU_094_1	1	237	237	-1	0.662	11	GGAG/GAGG	GENOMAD.199062.VV	1.637e-06	46	0	0	0	1246	Caudoviricetes	NA	NA	NA	NA
vOTU_094_2	237	2771	2535	-1	0.679	11	GGA/GAG/AGG	GENOMAD.205792.VP	2.104e-112	387	0	0	0	1246	Caudoviricetes	NA	NA	PF22262	NA
vOTU_094_3	2775	3173	399	-1	0.682	11	GGAG/GAGG	GENOMAD.070644.VV	1.091e-32	124	0	0	0	1246	Caudoviricetes	NA	NA	PF22262	NA
vOTU_094_4	3170	3745	576	-1	0.674	11	GGA/GAG/AGG	GENOMAD.059768.VV	3.03e-48	172	0	0	0	1	NA	NA	NA	PF09931;COG5449;TIGR02218	Uncharacterized conserved protein (DUF2163)
vOTU_094_5	3742	4353	612	-1	0.665	11	GGxGG	GENOMAD.210168.VP	1.466e-34	133	0	0	0	1	NA	NA	NA	TIGR02217	NA
vOTU_094_6	4353	5192	840	-1	0.655	11	None	GENOMAD.157993.VP	8.246e-48	175	0	0	0	1246	Caudoviricetes	NA	NA	NA	NA
vOTU_095_1	3	512	510	1	0.633	11	None	GENOMAD.215484.PC	6.598e-19	86	0	0	0	1	NA	NA	NA	PF12545	Filamentous haemagglutinin family outer membrane protein
vOTU_095_2	1340	3001	1662	-1	0.599	11	GGAGG	NA	NA	NA	0	0	0	1	NA	NA	NA	NA	NA
vOTU_095_3	3019	3192	174	-1	0.649	11	GGA/GAG/AGG	NA	NA	NA	0	0	0	1	NA	NA	NA	NA	NA
vOTU_095_4	3189	3422	234	-1	0.564	11	None	NA	NA	NA	0	0	0	1	NA	NA	NA	NA	NA
vOTU_095_5	3416	4027	612	-1	0.619	11	GGAGG	NA	NA	NA	0	0	0	1	NA	NA	NA	NA	NA
vOTU_095_6	4027	4203	177	-1	0.599	11	GGAG/GAGG	NA	NA	NA	0	0	0	1	NA	NA	NA	NA	NA
vOTU_095_7	4214	5053	840	-1	0.644	11	GGAG/GAGG	GENOMAD.178041.VP	4.093e-10	63	0	0	0	1246	Caudoviricetes	NA	NA	PF03374;PF09669;COG3645;TIGR02681	Phage antirepressor protein YoqD, KilAC domain
vOTU_095_8	5090	5167	78	1	0.462	11	GGAG/GAGG	NA	NA	NA	0	0	0	1	NA	NA	NA	NA	NA
vOTU_096_1	2	607	606	-1	0.652	11	GGA/GAG/AGG	GENOMAD.161994.VP	8.597e-19	87	0	0	0	1246	Caudoviricetes	NA	NA	NA	NA
vOTU_096_2	626	2032	1407	-1	0.595	11	GGAG/GAGG	GENOMAD.034519.VV	3.418e-58	213	0	0	1	1246	Caudoviricetes	NA	NA	PF05136;TIGR01537;COG4695	phage portal protein, HK97 family
vOTU_096_3	2036	2284	249	-1	0.590	11	GGAG/GAGG	GENOMAD.164467.VV	1.858e-06	46	0	0	0	1	NA	NA	NA	NA	NA
vOTU_096_4	2345	4306	1962	-1	0.636	11	AGGA	GENOMAD.121387.VP	2.748e-78	279	0	0	0	1246	Caudoviricetes	NA	NA	K02334	NA
vOTU_096_5	4318	5133	816	-1	0.602	11	None	GENOMAD.148122.VP	3.264e-33	132	0	0	1	1246	Caudoviricetes	NA	NA	PF20441	Terminase large subunit, endonuclease domain
vOTU_097_1	2	508	507	1	0.629	11	None	GENOMAD.119024.VV	1.51e-17	82	0	0	1	1246	Caudoviricetes	NA	NA	PF04586;COG3740;TIGR01543	Caudovirus prohead serine protease
vOTU_097_2	501	1289	789	1	0.688	11	GGAGG	GENOMAD.161994.VP	1.705e-12	70	0	0	0	1246	Caudoviricetes	NA	NA	NA	NA
vOTU_097_3	1289	1594	306	1	0.670	11	GGA/GAG/AGG	GENOMAD.132459.VP	9.561e-13	65	0	0	1	1246	Caudoviricetes	NA	NA	PF05135;TIGR01560	Phage gp6-like head-tail connector protein
vOTU_097_4	1605	1787	183	1	0.650	11	AGGAG	GENOMAD.128324.VV	1.204e-08	51	0	0	0	1246	Caudoviricetes	NA	NA	NA	NA
vOTU_097_5	1774	2133	360	1	0.631	11	GGA/GAG/AGG	GENOMAD.054539.VV	3.344e-23	96	0	0	1	1246	Caudoviricetes	NA	NA	PF05521;COG5614;TIGR01563	Bacteriophage head-tail adaptor
vOTU_097_6	2126	2374	249	1	0.594	11	GGAGG	NA	NA	NA	0	0	0	1	NA	NA	NA	NA	NA
vOTU_097_7	2367	2786	420	1	0.657	11	GGxGG	NA	NA	NA	0	0	0	1	NA	NA	NA	NA	NA
vOTU_097_8	2783	3205	423	1	0.643	11	AGGAG	GENOMAD.092143.VV	2.713e-26	106	0	0	1	1246	Caudoviricetes	NA	NA	PF11367	NA
vOTU_097_9	3269	3703	435	1	0.618	11	GGA/GAG/AGG	GENOMAD.059781.VV	2.655e-28	112	0	0	1	1246	Caudoviricetes	NA	NA	PF06199;TIGR02126;COG5437	Phage tail tube protein
vOTU_097_10	3703	4158	456	1	0.638	11	None	GENOMAD.070986.VV	2.034e-34	130	0	0	1	1246	Caudoviricetes	NA	NA	PF11836	Phage tail tube protein, GTA-gp10
vOTU_097_11	4252	4812	561	-1	0.572	11	GGAGG	NA	NA	NA	0	0	0	1	NA	NA	NA	NA	NA
vOTU_097_12	4895	5092	198	1	0.581	11	GGAGG	NA	NA	NA	0	0	0	1	NA	NA	NA	NA	NA
