#rname	startpos	endpos	numreads	covbases	coverage	meandepth	meanbaseq	meanmapq
MV-4128_S29__NODE_1_length_685560_cov_728.732645	1	685560	4	503	0.0733707	0.000881032	34.6	42
cell-4122-0-44_S10__NODE_1_length_365826_cov_606.839892	1	365826	2	302	0.0825529	0.000825529	36	42
MV-4128_S29__NODE_2_length_348281_cov_652.746880	1	348281	4	456	0.130929	0.00173423	36	42
MV-4122_S12__NODE_2_length_335597_cov_164.528679	1	335597	3	302	0.0899889	0.00134983	36.2	16.3
cell-4122-0-44_S10__NODE_3_length_257420_cov_587.591090	1	257420	2	152	0.0590475	0.00117318	36.3	42
cell-4122-0-44_S10__NODE_4_length_229683_cov_605.599269	1	229683	6	385	0.167622	0.00394457	34.2	42
MV-4128_S29__NODE_8_length_215474_cov_787.018587	1	215474	2	181	0.0840009	0.00140156	32.9	42
cell-4122-0-44_S10__NODE_5_length_177758_cov_542.156812	1	177758	6	768	0.432048	0.00509682	34.7	42
MV-4122_S12__NODE_19_length_154573_cov_42.191130	1	154573	6	199	0.128742	0.00521436	35.9	1.33
MV-4122_S12__NODE_30_length_141235_cov_62.330224	1	141235	1	151	0.106914	0.00106914	37	0
cell-4122-0-44_S10__NODE_8_length_132317_cov_640.299580	1	132317	6	582	0.439853	0.00669604	35.2	42
MV-4128_S29__NODE_18_length_104252_cov_25.096250	1	104252	8	653	0.626367	0.0114722	36.1	13.5
cell-4122-0-44_S10__NODE_11_length_96191_cov_596.114473	1	96191	2	302	0.313959	0.00313959	36.2	42
cell-4122-0-44_S10__NODE_13_length_88735_cov_624.612066	1	88735	4	361	0.406829	0.00637854	33.5	42
cell-4122-0-44_S10__NODE_14_length_87399_cov_613.114295	1	87399	2	136	0.155608	0.00311216	36.5	42
MV-4122_S12__NODE_124_length_68751_cov_59.893444	1	68751	18	1803	2.62251	0.0383413	35.5	37.4
Biragzang__NODE_6_length_63067_cov_30.681934	1	63067	1105	48907	77.5477	2.55205	35.6	41.8
Biragzang__NODE_7_length_61587_cov_49.254778	1	61587	11	1141	1.85266	0.02697	35.8	42
MV-4122_S12__NODE_152_length_60845_cov_156.050156	1	60845	1	151	0.248172	0.00248172	36.1	0
MV-4128_S29__NODE_43_length_54008_cov_23.028006	1	54008	2	230	0.425863	0.00559176	36	42
Biragzang__NODE_11_length_53321_cov_35.227650	1	53321	1125	43790	82.1252	3.08846	35.5	41.9
Biragzang__NODE_13_length_52248_cov_12.253770	1	52248	86	7939	15.1948	0.245751	35.6	41.6
Biragzang__NODE_15_length_49941_cov_30.881911	1	49941	841	38021	76.1318	2.47292	35.5	41.9
Biragzang__NODE_17_length_48952_cov_39.249075	1	48952	968	41055	83.8679	2.91868	35.5	41.8
Biragzang__NODE_18_length_48658_cov_12.255437	1	48658	114	8288	17.0332	0.34276	35.5	42
MV-4128_S29__NODE_47_length_48646_cov_40.516721	1	48646	1	151	0.310406	0.00310406	36.4	0
cell-4122-0-44_S10__NODE_21_length_48646_cov_541.704328	1	48646	2	267	0.548863	0.00620812	33.4	42
MV-4122_S12__NODE_228_length_46562_cov_51.209130	1	46562	1	151	0.324299	0.00324299	35.7	15
MV-4125_S18__NODE_127_length_45033_cov_248.494331	1	45033	46	3804	8.44714	0.149179	35.7	41.9
Biragzang__NODE_28_length_44639_cov_32.878364	1	44639	839	36109	80.8911	2.75799	35.6	41.8
Biragzang__NODE_29_length_44261_cov_51.803352	1	44261	12	1344	3.03653	0.0398545	35.8	41.7
cell-4122-0-44_S10__NODE_22_length_43789_cov_467.380436	1	43789	2	184	0.420197	0.00689671	36.5	42
MV-4128_S29__NODE_64_length_43717_cov_22.029316	1	43717	1	151	0.345403	0.00345403	35.6	0
MV-4122_S12__NODE_251_length_43303_cov_74.459304	1	43303	6	708	1.63499	0.0209223	36.2	42
MV-4122_S12__NODE_255_length_43102_cov_37.852742	1	43102	2	181	0.419934	0.00700664	36.3	42
MV-4128_S29__NODE_68_length_42298_cov_22.499657	1	42298	5	605	1.43033	0.0178495	35.4	10
Biragzang__NODE_34_length_42056_cov_38.320040	1	42056	6	370	0.879779	0.0215427	36.3	42
Biragzang__NODE_37_length_41489_cov_39.591133	1	41489	5	506	1.2196	0.0181976	35.4	42
MV-4122_S12__NODE_283_length_40129_cov_209.901432	1	40129	1	151	0.376286	0.00376286	36.1	0
MV-4125_S18__NODE_166_length_39690_cov_19.241403	1	39690	18	1706	4.29831	0.0684807	36	30.6
Biragzang__NODE_42_length_39433_cov_36.033445	1	39433	858	33442	84.8071	3.20617	35.6	41.8
MV-4128_S29__NODE_76_length_39397_cov_25.416705	1	39397	2	302	0.766556	0.00766556	36.1	14.5
Biragzang__NODE_43_length_39358_cov_12.776582	1	39358	114	9158	23.2685	0.433101	35.5	42
cell-4122-0-44_S10__NODE_27_length_38516_cov_575.372455	1	38516	2	173	0.449164	0.00765915	30.6	42
Biragzang__NODE_44_length_38352_cov_45.830561	1	38352	664	18521	48.2921	2.56062	35.5	39.7
cell-4122-0-44_S10__NODE_28_length_38013_cov_1387.913457	1	38013	4	509	1.33902	0.0158893	35	42
MV-4125_S18__NODE_176_length_37797_cov_23.644295	1	37797	1	151	0.399503	0.00399503	35.6	0
Biragzang__NODE_46_length_37424_cov_25.718162	1	37424	494	23979	64.0739	1.9285	35.5	41.8
Biragzang__NODE_48_length_37007_cov_41.210083	1	37007	839	31674	85.5892	3.35885	35.5	41.8
Biragzang__NODE_49_length_36852_cov_37.813545	1	36852	4	445	1.20753	0.0163899	36.4	42
Biragzang__NODE_51_length_36471_cov_41.726906	1	36471	2	160	0.438705	0.00828055	34.3	42
Biragzang__NODE_52_length_36272_cov_11.190601	1	36272	88	7385	20.3601	0.356528	35.5	42
Biragzang__NODE_53_length_36160_cov_39.244287	1	36160	4	581	1.60675	0.0167035	36.2	42
Biragzang__NODE_54_length_35994_cov_28.142714	1	35994	556	24087	66.9195	2.26982	35.4	38.4
MV-4128_S29__NODE_89_length_35948_cov_25.486474	1	35948	1	151	0.420051	0.00420051	34.5	11
Biragzang__NODE_55_length_35795_cov_53.700755	1	35795	10	1072	2.99483	0.0407319	35.7	41
Biragzang__NODE_56_length_35672_cov_35.337114	1	35672	2	114	0.319578	0.00639157	32.6	42
cell-4122-0-44_S10__NODE_31_length_35454_cov_49.532699	1	35454	2	276	0.778474	0.00851808	35.2	42
MV-4128_S29__NODE_98_length_35001_cov_27.838665	1	35001	8	713	2.03708	0.0342847	35	9.75
Biragzang__NODE_58_length_34868_cov_30.995576	1	34868	625	26199	75.1377	2.62585	35.6	41.7
Biragzang__NODE_60_length_34594_cov_47.013087	1	34594	8	825	2.38481	0.0349194	34.9	42
Biragzang__NODE_61_length_34555_cov_39.459101	1	34555	834	29787	86.2017	3.53645	35.5	41.8
Biragzang__NODE_63_length_34210_cov_38.579242	1	34210	693	28378	82.9524	2.99275	35.4	40.6
Biragzang__NODE_66_length_33495_cov_38.904037	1	33495	2	299	0.892671	0.00901627	36.1	42
Biragzang__NODE_69_length_33152_cov_27.947760	1	33152	482	23165	69.8751	2.13495	35.6	41.4
MV-4122_S12__NODE_370_length_32950_cov_209.761453	1	32950	1	151	0.45827	0.0045827	35.5	1
Biragzang__NODE_72_length_32738_cov_34.030658	1	32738	623	25735	78.609	2.80588	35.4	41.8
MV-4128_S29__NODE_112_length_32713_cov_23.279013	1	32713	2	150	0.458533	0.00917067	36.3	24
Biragzang__NODE_74_length_32637_cov_39.758640	1	32637	728	26907	82.4432	3.28805	35.4	41.9
Biragzang__NODE_77_length_32394_cov_40.964377	1	32394	4	479	1.47867	0.0186454	36.2	42
Biragzang__NODE_79_length_32316_cov_37.627755	1	32316	713	26235	81.1827	3.25009	35.6	42
Biragzang__NODE_80_length_32296_cov_34.817282	1	32296	614	27568	85.3604	2.79598	35.5	41.9
Biragzang__NODE_85_length_31517_cov_37.371941	1	31517	674	26033	82.5999	3.15719	35.6	41.6
Biragzang__NODE_86_length_31212_cov_50.995057	1	31212	953	26925	86.2649	4.48981	35.6	38.3
Biragzang__NODE_87_length_31156_cov_36.477477	1	31156	575	24472	78.5467	2.72082	35.5	41.8
Biragzang__NODE_92_length_30796_cov_29.426954	1	30796	457	20731	67.3172	2.20227	35.4	42
Biragzang__NODE_93_length_30741_cov_41.619631	1	30741	703	25574	83.1918	3.36882	35.6	41.9
MV-4122_S12__NODE_404_length_30554_cov_44.582281	1	30554	2	137	0.448386	0.00896773	33.1	42
MV-4128_S29__NODE_135_length_30487_cov_21.632328	1	30487	4	465	1.52524	0.0198117	33.7	11
Biragzang__NODE_101_length_29935_cov_32.770348	1	29935	554	23365	78.0524	2.7252	35.4	41.9
cell-4122-0-44_S10__NODE_38_length_29372_cov_607.733977	1	29372	4	131	0.446003	0.0178401	36.1	42
Biragzang__NODE_104_length_29371_cov_39.055362	1	29371	2	129	0.439209	0.00878417	36.7	42
Biragzang__NODE_106_length_29130_cov_37.845297	1	29130	2	302	1.03673	0.0103673	35.6	42
Biragzang__NODE_107_length_29104_cov_41.649454	1	29104	6	599	2.05814	0.0311297	36.3	42
Biragzang__NODE_108_length_29093_cov_17.418727	1	29093	3069	29058	99.8797	15.6264	35.5	41.9
Biragzang__NODE_109_length_28947_cov_40.111692	1	28947	666	25253	87.2387	3.38812	35.5	41.6
MV-4125_S18__NODE_275_length_28653_cov_19.151269	1	28653	12	1220	4.25784	0.0632395	36.1	23.8
Biragzang__NODE_112_length_28488_cov_47.609749	1	28488	957	24433	85.7659	4.95535	35.5	40.7
Biragzang__NODE_113_length_28390_cov_49.494689	1	28390	973	26029	91.6837	5.07746	35.5	39.2
MV-4122_S12__NODE_445_length_28225_cov_25.967448	1	28225	21	594	2.10452	0.106749	35.6	7
Biragzang__NODE_114_length_28187_cov_34.474229	1	28187	539	22663	80.4023	2.81197	35.4	42
Biragzang__NODE_115_length_28126_cov_51.718001	1	28126	828	25370	90.2012	4.33169	35.4	41.7
MV-4128_S29__NODE_150_length_27711_cov_22.929202	1	27711	6	367	1.32438	0.0315398	36.5	15.3
Biragzang__NODE_118_length_27690_cov_38.076931	1	27690	581	22430	81.004	3.10246	35.7	41.5
Biragzang__NODE_119_length_27474_cov_35.903643	1	27474	6	414	1.50688	0.0329766	36	42
Biragzang__NODE_120_length_27384_cov_28.912547	1	27384	408	18542	67.7111	2.20983	35.5	41.1
Biragzang__NODE_124_length_26958_cov_32.714641	1	26958	566	21798	80.8591	3.08287	35.6	41.9
Biragzang__NODE_125_length_26947_cov_52.042169	1	26947	942	23033	85.4752	5.16009	35.5	40
MV-4128_S29__NODE_156_length_26943_cov_26.982632	1	26943	2	151	0.560442	0.0112088	36.5	23
Biragzang__NODE_128_length_26886_cov_11.573329	1	26886	67	5819	21.6432	0.369523	35.5	42
Biragzang__NODE_129_length_26874_cov_41.778553	1	26874	2	161	0.599092	0.0112376	36.6	42
MV-4122_S12__NODE_479_length_26692_cov_74.554342	1	26692	12	649	2.43144	0.0624157	35.5	31.2
MV-4128_S29__NODE_159_length_26659_cov_23.736468	1	26659	2	271	1.01654	0.0113283	34.7	42
Biragzang__NODE_133_length_26449_cov_44.765932	1	26449	2	249	0.941434	0.0114182	35.3	42
cell-4125-0-44_S16__NODE_2_length_26278_cov_11.092285	1	26278	10	1009	3.83971	0.0574625	35.6	26
Biragzang__NODE_134_length_26238_cov_33.962877	1	26238	468	20339	77.5173	2.61068	35.5	40.2
Biragzang__NODE_135_length_26216_cov_38.169909	1	26216	536	21668	82.6518	2.9625	35.6	41.9
MV-4122_S12__NODE_493_length_26205_cov_98.254914	1	26205	1	151	0.576226	0.00576226	36.3	0
MV-4128_S29__NODE_166_length_26102_cov_21.271356	1	26102	4	584	2.23738	0.02314	35.2	14
Biragzang__NODE_139_length_26080_cov_37.382709	1	26080	552	22282	85.4371	3.13838	35.5	41.9
MV-4122_S12__NODE_505_length_25776_cov_85.827767	1	25776	2	86	0.333644	0.00667287	34.8	42
Biragzang__NODE_146_length_25644_cov_51.258627	1	25644	1045	23400	91.2494	5.97259	35.6	40.5
Biragzang__NODE_147_length_25610_cov_29.264214	1	25610	420	20208	78.9067	2.40297	35.4	41.9
MV-4122_S12__NODE_510_length_25546_cov_20.707348	1	25546	2	271	1.06083	0.0118218	36.1	42
Biragzang__NODE_148_length_25461_cov_33.072857	1	25461	441	19462	76.4385	2.51974	35.5	41.9
Biragzang__NODE_149_length_25428_cov_33.960154	1	25428	4	279	1.09722	0.0219443	36.2	42
Biragzang__NODE_150_length_25226_cov_39.560566	1	25226	4	604	2.39436	0.0239436	35.3	42
MV-4128_S29__NODE_173_length_25178_cov_17.683079	1	25178	2	135	0.536182	0.0107236	33.7	6
Biragzang__NODE_154_length_25042_cov_10.020931	1	25042	65	5713	22.8137	0.382118	35.5	41.8
Biragzang__NODE_155_length_24983_cov_52.931162	1	24983	4	492	1.96934	0.0241764	36.2	42
Biragzang__NODE_156_length_24900_cov_30.662950	1	24900	402	18981	76.2289	2.37546	35.5	41.9
MV-4128_S29__NODE_178_length_24894_cov_26.095455	1	24894	2	171	0.686913	0.0121314	36.4	24
MV-4128_S29__NODE_179_length_24861_cov_23.497259	1	24861	2	299	1.20269	0.0120269	36.1	23.5
Biragzang__NODE_157_length_24774_cov_37.542700	1	24774	4	278	1.12214	0.021797	36.1	42
Biragzang__NODE_162_length_24494_cov_32.208887	1	24494	469	20016	81.718	2.83796	35.4	41.6
cell-4125-0-44_S16__NODE_3_length_24469_cov_10.203326	1	24469	10	1051	4.29523	0.0606482	36	23.6
MV-4128_S29__NODE_184_length_24371_cov_16.942013	1	24371	2	245	1.00529	0.0123918	34.6	42
Biragzang__NODE_166_length_24234_cov_46.419165	1	24234	786	20939	86.4034	4.80767	35.5	40.8
MV-4122_S12__NODE_549_length_24037_cov_45.734509	1	24037	2	259	1.07751	0.012564	33.6	42
MV-4128_S29__NODE_187_length_23983_cov_29.059846	1	23983	2	173	0.721344	0.0125923	36.5	42
Biragzang__NODE_172_length_23867_cov_40.026751	1	23867	2	171	0.71647	0.0126535	35.4	42
MV-4122_S12__NODE_559_length_23817_cov_88.208358	1	23817	12	1603	6.73049	0.0755763	35.7	22.8
Biragzang__NODE_173_length_23808_cov_12.709426	1	23808	42	4195	17.6201	0.259241	35.5	42
Biragzang__NODE_176_length_23432_cov_52.968131	1	23432	798	19488	83.1683	4.99757	35.6	37.6
cell-4125-0-44_S16__NODE_4_length_23405_cov_10.669593	1	23405	6	641	2.73873	0.0381115	35.5	27
MV-4128_S29__NODE_200_length_23360_cov_23.323364	1	23360	2	235	1.00599	0.0129281	36.4	0
Biragzang__NODE_179_length_23200_cov_11.602031	1	23200	4	364	1.56897	0.0240517	34.5	42
MV-4122_S12__NODE_584_length_23087_cov_87.468739	1	23087	6	534	2.31299	0.0392429	36.3	32.3
Biragzang__NODE_181_length_22944_cov_29.508104	1	22944	330	15780	68.7762	2.126	35.5	41.7
Biragzang__NODE_182_length_22902_cov_26.074058	1	22902	326	15741	68.732	2.06043	35.6	41.3
Biragzang__NODE_184_length_22795_cov_34.987995	1	22795	10	1027	4.50537	0.0662426	34.9	38
Biragzang__NODE_186_length_22776_cov_39.947273	1	22776	623	20800	91.3242	4.03565	35.6	42
Biragzang__NODE_188_length_22727_cov_36.447601	1	22727	473	19129	84.1686	3.05724	35.4	41.9
MV-4122_S12__NODE_596_length_22682_cov_23.965307	1	22682	3	174	0.767128	0.0199718	35.5	24
Biragzang__NODE_196_length_22524_cov_11.952201	1	22524	26	2807	12.4623	0.171373	35.9	42
Biragzang__NODE_197_length_22450_cov_52.414869	1	22450	783	18763	83.5768	5.15639	35.6	39.2
Biragzang__NODE_203_length_22152_cov_15.911436	1	22152	2195	22094	99.7382	14.6726	35.5	41.6
MV-4122_S12__NODE_608_length_22141_cov_76.288916	1	22141	4	404	1.82467	0.0272797	35.4	9
Biragzang__NODE_204_length_22110_cov_36.988257	1	22110	470	19502	88.2044	3.1488	35.4	41.8
cell-4125-0-44_S16__NODE_5_length_22021_cov_10.474779	1	22021	4	303	1.37596	0.0257936	36.3	27
MV-4122_S12__NODE_616_length_21930_cov_86.065234	1	21930	2	193	0.880073	0.0137711	34.4	42
Biragzang__NODE_205_length_21924_cov_12.417074	1	21924	46	3787	17.2733	0.306559	35.3	42
Biragzang__NODE_208_length_21825_cov_9.994718	1	21825	32	2901	13.2921	0.221397	35.6	42
cell-4122-0-44_S10__NODE_55_length_21619_cov_397.839687	1	21619	2	188	0.869605	0.0139692	36.2	42
Biragzang__NODE_212_length_21585_cov_10.977706	1	21585	138	10189	47.2041	0.943896	35.5	41.7
MV-4122_S12__NODE_637_length_21535_cov_65.914898	1	21535	1	151	0.701184	0.00701184	36.3	0
Biragzang__NODE_213_length_21470_cov_12.554798	1	21470	44	4476	20.8477	0.307313	35.8	42
Biragzang__NODE_215_length_21442_cov_12.260859	1	21442	75	6306	29.4096	0.52705	35.4	42
Biragzang__NODE_217_length_21251_cov_13.107001	1	21251	91	4163	19.5897	0.630229	35.5	24.6
Biragzang__NODE_219_length_21171_cov_31.461356	1	21171	329	15336	72.4387	2.26253	35.5	41.7
cell-4125-0-44_S16__NODE_6_length_21106_cov_10.244501	1	21106	4	168	0.795982	0.0286175	35.6	6
MV-4125_S18__NODE_448_length_21100_cov_21.943359	1	21100	4	604	2.86256	0.0286256	35.9	24
Biragzang__NODE_222_length_21039_cov_9.981796	1	21039	40	3917	18.6178	0.280337	35.2	42
cell-4125-0-44_S16__NODE_7_length_20973_cov_10.467779	1	20973	12	1087	5.18285	0.0833453	35.5	25.5
MV-4128_S29__NODE_232_length_20966_cov_21.685046	1	20966	2	116	0.553277	0.0110655	36.2	6
Biragzang__NODE_225_length_20954_cov_24.617207	1	20954	406	14765	70.4639	2.83459	35.5	41.6
Biragzang__NODE_227_length_20951_cov_31.545320	1	20951	380	14975	71.4763	2.66947	35.6	41.9
Biragzang__NODE_229_length_20813_cov_33.877252	1	20813	353	15873	76.2648	2.47557	35.6	42
Biragzang__NODE_230_length_20804_cov_47.285170	1	20804	705	17856	85.8296	5.0138	35.6	38.6
Biragzang__NODE_231_length_20786_cov_32.853263	1	20786	32	1086	5.22467	0.230347	35.2	36.4
MV-4122_S12__NODE_664_length_20732_cov_29.016685	1	20732	3	213	1.0274	0.0218503	34.8	4.67
MV-4125_S18__NODE_463_length_20729_cov_14.998694	1	20729	8	669	3.22736	0.0579864	34.8	31.8
cell-4125-0-44_S16__NODE_8_length_20609_cov_9.431643	1	20609	2	195	0.946189	0.0146538	36.6	1
Biragzang__NODE_235_length_20567_cov_11.481377	1	20567	1409	20340	98.8963	10.0548	35.6	41.9
Biragzang__NODE_236_length_20536_cov_32.792686	1	20536	340	15043	73.2519	2.45647	35.2	41.7
Biragzang__NODE_237_length_20513_cov_53.167221	1	20513	836	18257	89.0021	6.0254	35.6	39.3
Biragzang__NODE_242_length_20290_cov_34.208500	1	20290	5	515	2.5382	0.0368655	35.4	41.6
MV-4128_S29__NODE_247_length_20242_cov_19.854956	1	20242	4	505	2.49481	0.0298389	36.6	3.5
MV-4125_S18__NODE_478_length_20191_cov_18.797030	1	20191	4	417	2.06528	0.0287257	35.8	1
Biragzang__NODE_245_length_20154_cov_41.540723	1	20154	509	16976	84.2314	3.72596	35.5	41.9
Biragzang__NODE_248_length_20120_cov_28.405383	1	20120	22	1150	5.71571	0.163519	35.5	31.4
Biragzang__NODE_250_length_20067_cov_13.157855	1	20067	38	3228	16.0861	0.276175	35.8	42
MV-4122_S12__NODE_684_length_20058_cov_83.983802	1	20058	6	690	3.44002	0.045169	35.6	1
cell-4125-0-44_S16__NODE_10_length_20055_cov_10.214000	1	20055	2	249	1.24159	0.0150586	36.1	36
Biragzang__NODE_252_length_19904_cov_12.092952	1	19904	1330	19409	97.5131	9.85721	35.5	41.9
Biragzang__NODE_254_length_19887_cov_13.241025	1	19887	35	2849	14.3259	0.249711	34.9	41.5
Biragzang__NODE_255_length_19884_cov_16.018710	1	19884	1851	19723	99.1903	13.7149	35.6	41.6
Biragzang__NODE_257_length_19853_cov_39.046621	1	19853	4	470	2.3674	0.0304236	36	42
Biragzang__NODE_259_length_19834_cov_12.082663	1	19834	10	926	4.66875	0.07109	35.6	42
Biragzang__NODE_261_length_19804_cov_16.573447	1	19804	890	19117	96.531	6.70284	35.5	41.6
Biragzang__NODE_262_length_19732_cov_46.595264	1	19732	5	702	3.55767	0.0382627	35.4	28.8
Biragzang__NODE_263_length_19640_cov_15.806127	1	19640	2	302	1.53768	0.0153768	35.2	42
cell-4125-0-44_S16__NODE_12_length_19611_cov_10.395071	1	19611	4	449	2.28953	0.030799	35.8	27.5
MV-4128_S29__NODE_262_length_19600_cov_20.668816	1	19600	1	151	0.770408	0.00770408	36.8	23
Biragzang__NODE_266_length_19584_cov_13.421578	1	19584	1525	19422	99.1728	11.5664	35.6	41.6
MV-4125_S18__NODE_492_length_19577_cov_195.513677	1	19577	1	151	0.771313	0.00771313	33	24
Biragzang__NODE_268_length_19489_cov_49.241175	1	19489	2	154	0.790189	0.0154959	36.4	42
cell-4125-0-44_S16__NODE_13_length_19476_cov_11.304928	1	19476	10	605	3.10639	0.0771719	35	23.6
MV-4122_S12__NODE_710_length_19360_cov_30.302202	1	19360	1	151	0.779959	0.00779959	34.7	5
Biragzang__NODE_270_length_19315_cov_11.027622	1	19315	39	3095	16.0238	0.29723	35.6	42
MV-4122_S12__NODE_718_length_19253_cov_78.281436	1	19253	2	177	0.919337	0.0156859	36.3	36
MV-4128_S29__NODE_270_length_19219_cov_25.068775	1	19219	2	250	1.3008	0.0157136	36.4	36
MV-4122_S12__NODE_719_length_19211_cov_93.903372	1	19211	6	594	3.09198	0.0439332	36.1	13.3
MV-4128_S29__NODE_271_length_19202_cov_24.092129	1	19202	2	96	0.499948	0.00999896	36.1	42
MV-4122_S12__NODE_722_length_19159_cov_33.898084	1	19159	4	175	0.913409	0.0315257	36.2	42
Biragzang__NODE_272_length_19143_cov_33.712594	1	19143	419	15739	82.218	3.19631	35.6	41.9
Biragzang__NODE_273_length_19143_cov_14.581832	1	19143	1638	19072	99.6291	12.5944	35.4	41.5
Biragzang__NODE_274_length_19103_cov_37.282602	1	19103	365	15444	80.8459	2.80558	35.6	42
MV-4122_S12__NODE_725_length_19092_cov_99.725534	1	19092	6	660	3.45695	0.0474544	35.9	21.7
Biragzang__NODE_275_length_19090_cov_24.952456	1	19090	251	12689	66.4694	1.9319	35.5	41.8
Biragzang__NODE_276_length_19086_cov_39.356891	1	19086	2	197	1.03217	0.0158231	36.3	42
Biragzang__NODE_277_length_19047_cov_56.326453	1	19047	808	17138	89.9774	6.3159	35.5	38.4
Biragzang__NODE_278_length_19036_cov_14.025973	1	19036	43	3786	19.8886	0.332265	35.5	41.6
Biragzang__NODE_279_length_19029_cov_45.166333	1	19029	6	387	2.03374	0.0406748	36.3	42
Biragzang__NODE_283_length_18926_cov_12.597160	1	18926	1294	18821	99.4452	10.073	35.5	41.8
Biragzang__NODE_284_length_18909_cov_12.750769	1	18909	11	1243	6.57359	0.0878418	35	41.8
MV-4128_S29__NODE_277_length_18851_cov_19.433390	1	18851	2	166	0.88059	0.0160204	36.5	42
MV-4125_S18__NODE_518_length_18841_cov_20.463483	1	18841	2	158	0.838597	0.0160289	36.5	1
MV-4125_S18__NODE_519_length_18831_cov_21.529666	1	18831	2	116	0.616006	0.0123201	36.5	34
Biragzang__NODE_287_length_18789_cov_29.080602	1	18789	295	13388	71.2545	2.27394	35.6	41.9
MV-4128_S29__NODE_281_length_18786_cov_26.961881	1	18786	2	221	1.17641	0.0160758	36.3	6
MV-4122_S12__NODE_739_length_18673_cov_77.393651	1	18673	5	555	2.97221	0.0400578	35.9	33.6
Biragzang__NODE_292_length_18577_cov_34.686211	1	18577	371	15250	82.0908	2.96087	35.4	41.9
MV-4122_S12__NODE_747_length_18467_cov_30.511949	1	18467	8	862	4.66779	0.065414	36.2	35.2
Biragzang__NODE_295_length_18371_cov_26.145883	1	18371	4	471	2.56382	0.0328779	36.1	41
Biragzang__NODE_296_length_18362_cov_12.674878	1	18362	33	2569	13.9909	0.271376	34.9	40.7
Biragzang__NODE_298_length_18294_cov_28.920774	1	18294	324	14915	81.5295	2.59932	35.4	41.3
MV-4122_S12__NODE_756_length_18293_cov_12.390558	1	18293	2	220	1.20265	0.016509	36.5	42
Biragzang__NODE_299_length_18291_cov_14.429041	1	18291	1505	18072	98.8027	12.1602	35.5	41.8
Biragzang__NODE_300_length_18288_cov_11.648001	1	18288	32	2831	15.4801	0.260499	35.3	42
Biragzang__NODE_301_length_18281_cov_33.136508	1	18281	345	14814	81.035	2.74558	35.5	41.9
MV-4125_S18__NODE_538_length_18211_cov_21.157799	1	18211	6	730	4.00857	0.0497502	35.3	29.7
Biragzang__NODE_304_length_18188_cov_35.719682	1	18188	2	98	0.538817	0.0107763	34.8	42
MV-4125_S18__NODE_542_length_18109_cov_20.001108	1	18109	1	151	0.83384	0.0083384	36.8	0
Biragzang__NODE_306_length_18102_cov_12.157422	1	18102	2	158	0.872832	0.0166832	35.8	42
MV-4122_S12__NODE_765_length_18087_cov_74.808174	1	18087	4	568	3.14038	0.0333942	34.3	19
Biragzang__NODE_309_length_17985_cov_43.906581	1	17985	2	302	1.67918	0.0167918	36.2	42
Biragzang__NODE_310_length_17968_cov_14.493496	1	17968	14	520	2.89403	0.114871	35.5	1
Biragzang__NODE_311_length_17938_cov_50.900073	1	17938	743	15579	86.8491	6.13798	35.6	40.7
cell-4125-0-44_S16__NODE_15_length_17922_cov_10.843063	1	17922	5	544	3.03538	0.042127	36.1	13.8
Biragzang__NODE_312_length_17842_cov_28.650194	1	17842	290	12824	71.8754	2.36969	35.6	41.9
cell-4125-0-44_S16__NODE_16_length_17834_cov_10.423927	1	17834	10	1260	7.06516	0.0846697	36	28
MV-4128_S29__NODE_305_length_17756_cov_25.984464	1	17756	4	470	2.64699	0.0340167	35.5	25
Biragzang__NODE_316_length_17742_cov_34.730423	1	17742	4	428	2.41235	0.0340435	36.6	42
Biragzang__NODE_317_length_17730_cov_33.014597	1	17730	368	14956	84.3542	3.07118	35.6	41.4
MV-4128_S29__NODE_313_length_17651_cov_27.353433	1	17651	2	264	1.49567	0.0171095	36.2	42
Biragzang__NODE_321_length_17636_cov_9.212957	1	17636	22	2251	12.7637	0.178272	36.3	42
Biragzang__NODE_325_length_17525_cov_30.501030	1	17525	284	13256	75.6405	2.38636	35.5	41.7
Biragzang__NODE_327_length_17419_cov_45.662635	1	17419	2	202	1.15965	0.0173374	35.7	42
Biragzang__NODE_328_length_17380_cov_9.803579	1	17380	4	410	2.35903	0.0327963	36.4	42
Biragzang__NODE_329_length_17379_cov_13.141480	1	17379	40	3492	20.0932	0.337879	35.3	40
MV-4128_S29__NODE_320_length_17349_cov_26.225165	1	17349	2	302	1.74073	0.0174073	36.3	40
Biragzang__NODE_330_length_17329_cov_41.003184	1	17329	4	288	1.66195	0.0348549	36.1	42
Biragzang__NODE_331_length_17305_cov_10.934145	1	17305	34	3207	18.5322	0.289512	35.5	42
Biragzang__NODE_332_length_17296_cov_22.177832	1	17296	186	10834	62.6388	1.59991	35.5	42
Biragzang__NODE_334_length_17277_cov_11.074382	1	17277	16	1612	9.33032	0.131504	35.8	42
MV-4122_S12__NODE_798_length_17267_cov_93.685859	1	17267	2	302	1.749	0.01749	35	17
Biragzang__NODE_335_length_17221_cov_52.234359	1	17221	648	14581	84.6699	5.54759	35.6	38.5
cell-4125-0-44_S16__NODE_17_length_17201_cov_11.089059	1	17201	4	207	1.20342	0.0351142	36.2	34
MV-4122_S12__NODE_803_length_17169_cov_81.373788	1	17169	4	482	2.80739	0.0351797	35.5	36
Biragzang__NODE_337_length_17125_cov_11.247042	1	17125	87	6933	40.4847	0.735942	35.5	41.8
Biragzang__NODE_338_length_17113_cov_13.923965	1	17113	1402	17076	99.7838	12.0421	35.5	41.6
Biragzang__NODE_339_length_17080_cov_10.669310	1	17080	10	1027	6.01288	0.0884075	35.5	27.6
MV-4125_S18__NODE_575_length_16993_cov_254.223993	1	16993	3	268	1.57712	0.0226564	35.6	35.7
MV-4125_S18__NODE_576_length_16992_cov_23.231446	1	16992	4	595	3.50165	0.0355461	35.2	12
Biragzang__NODE_349_length_16697_cov_19.911669	1	16697	2	201	1.20381	0.0180871	35.4	42
Biragzang__NODE_351_length_16641_cov_31.944351	1	16641	29	1897	11.3996	0.244036	35.5	41.3
MV-4128_S29__NODE_333_length_16634_cov_13.510163	1	16634	2	151	0.907779	0.0181556	35.5	42
Biragzang__NODE_353_length_16533_cov_11.542663	1	16533	968	16283	98.4879	8.65481	35.4	41.3
MV-4128_S29__NODE_336_length_16445_cov_25.636059	1	16445	4	485	2.94922	0.0367285	35.3	33.5
Biragzang__NODE_356_length_16437_cov_51.033329	1	16437	4	400	2.43353	0.036503	34.3	21.5
Biragzang__NODE_358_length_16420_cov_59.024381	1	16420	6	743	4.52497	0.0548721	35.4	42
Biragzang__NODE_359_length_16418_cov_12.945609	1	16418	1239	16045	97.7281	11.1414	35.5	41.8
Biragzang__NODE_361_length_16374_cov_34.123353	1	16374	295	13181	80.4996	2.66636	35.5	41.9
Biragzang__NODE_362_length_16361_cov_11.953330	1	16361	40	3407	20.8239	0.348389	35.8	40.2
cell-4122-0-44_S10__NODE_80_length_16361_cov_1183.702012	1	16361	2	155	0.947375	0.0184585	36.5	39
MV-4122_S12__NODE_836_length_16313_cov_23.584389	1	16313	5	184	1.12793	0.0462821	34.4	19.6
Biragzang__NODE_364_length_16255_cov_10.977840	1	16255	2	302	1.85789	0.0185789	36.3	42
Biragzang__NODE_365_length_16247_cov_47.226285	1	16247	506	13575	83.5539	4.58005	35.6	38.2
MV-4125_S18__NODE_604_length_16225_cov_20.861596	1	16225	2	245	1.51002	0.0186133	36.3	1
MV-4128_S29__NODE_345_length_16224_cov_26.548952	1	16224	1	151	0.93072	0.0093072	31.5	2
Biragzang__NODE_367_length_16202_cov_10.007741	1	16202	20	2134	13.1712	0.186397	35.4	42
Biragzang__NODE_369_length_16152_cov_39.049264	1	16152	2	242	1.49827	0.0186974	34.9	42
MV-4122_S12__NODE_850_length_16122_cov_83.449866	1	16122	8	558	3.46111	0.0744325	35.9	1
MV-4122_S12__NODE_851_length_16117_cov_55.716411	1	16117	2	183	1.13545	0.018738	30.5	42
Biragzang__NODE_373_length_16109_cov_52.825589	1	16109	2	221	1.3719	0.0187473	35.9	42
MV-4122_S12__NODE_855_length_16077_cov_86.177506	1	16077	8	792	4.92629	0.0679231	36	12.5
Biragzang__NODE_375_length_15968_cov_20.423050	1	15968	22	1988	12.4499	0.205035	35.7	42
Biragzang__NODE_376_length_15909_cov_25.075754	1	15909	212	11102	69.7844	1.9521	35.5	42
Biragzang__NODE_377_length_15859_cov_41.762402	1	15859	286	9262	58.4022	2.64979	35.6	38.7
Biragzang__NODE_378_length_15793_cov_9.554835	1	15793	38	3761	23.8143	0.356994	35.6	42
MV-4128_S29__NODE_361_length_15780_cov_9.437011	1	15780	18	1227	7.77567	0.164385	36.1	42
Biragzang__NODE_380_length_15717_cov_15.008939	1	15717	29	3170	20.1692	0.278361	35.5	41.9
Biragzang__NODE_384_length_15660_cov_55.170715	1	15660	2	182	1.1622	0.0192848	35.1	42
Biragzang__NODE_385_length_15659_cov_13.256345	1	15659	45	3511	22.4216	0.427933	35.5	42
Biragzang__NODE_386_length_15647_cov_11.593509	1	15647	26	2365	15.1147	0.249633	34.8	42
Biragzang__NODE_388_length_15620_cov_37.408802	1	15620	281	11614	74.3534	2.64136	35.5	42
MV-4122_S12__NODE_881_length_15596_cov_83.171160	1	15596	2	165	1.05796	0.0193639	33.7	42
Biragzang__NODE_390_length_15564_cov_40.123864	1	15564	2	201	1.29144	0.0194038	36.1	42
Biragzang__NODE_391_length_15564_cov_27.218647	1	15564	210	11091	71.2606	2.00373	35.4	41.6
Biragzang__NODE_392_length_15516_cov_42.221978	1	15516	4	531	3.42227	0.0389276	35.9	42
Biragzang__NODE_393_length_15471_cov_71.615464	1	15471	4	604	3.90408	0.0390408	34.9	42
MV-4122_S12__NODE_890_length_15464_cov_48.709975	1	15464	2	255	1.64899	0.0195292	35.9	42
Biragzang__NODE_396_length_15407_cov_7.863666	1	15407	68	5164	33.5172	0.657039	35.3	42
Biragzang__NODE_397_length_15405_cov_41.205081	1	15405	335	13210	85.7514	3.21551	35.5	41.4
Biragzang__NODE_399_length_15385_cov_11.432355	1	15385	76	5874	38.18	0.736042	35.6	42
Biragzang__NODE_400_length_15376_cov_7.567522	1	15376	66	4803	31.237	0.629292	35.8	42
Biragzang__NODE_401_length_15361_cov_11.521952	1	15361	87	6186	40.2708	0.831131	35.5	42
Biragzang__NODE_402_length_15358_cov_17.628374	1	15358	1678	15350	99.9479	16.1728	35.5	41.7
MV-4125_S18__NODE_654_length_15288_cov_17.839034	1	15288	6	626	4.09471	0.0592622	36.2	10.7
Biragzang__NODE_403_length_15279_cov_10.299002	1	15279	903	15054	98.5274	8.7259	35.5	41.9
MV-4125_S18__NODE_657_length_15260_cov_17.749688	1	15260	6	469	3.07339	0.0593709	36.3	22.7
Biragzang__NODE_405_length_15238_cov_7.644010	1	15238	90	7082	46.4759	0.875837	35.6	42
Biragzang__NODE_406_length_15237_cov_30.394019	1	15237	225	10950	71.8645	2.17563	35.5	41.5
Biragzang__NODE_407_length_15171_cov_41.569000	1	15171	2	256	1.68743	0.0199064	36.2	42
Biragzang__NODE_408_length_15142_cov_13.276728	1	15142	26	2297	15.1697	0.256901	35.6	42
Biragzang__NODE_409_length_15119_cov_40.822292	1	15119	365	11934	78.9338	3.56022	35.4	41.9
Biragzang__NODE_410_length_15111_cov_26.023180	1	15111	167	7860	52.0151	1.63867	35.5	41.7
Biragzang__NODE_411_length_15059_cov_11.230605	1	15059	69	5353	35.5468	0.681519	35.4	41.6
Biragzang__NODE_413_length_15039_cov_39.722838	1	15039	47	2378	15.8122	0.460203	35.7	38.4
Biragzang__NODE_414_length_15038_cov_7.346993	1	15038	66	5193	34.5325	0.650352	35.8	42
Biragzang__NODE_415_length_15023_cov_8.813870	1	15023	6	649	4.32004	0.0603075	35.6	41.3
Biragzang__NODE_416_length_14987_cov_9.164881	1	14987	16	1524	10.1688	0.161206	34.8	42
Biragzang__NODE_419_length_14964_cov_9.083574	1	14964	105	7306	48.8238	1.05086	35.4	41.4
Biragzang__NODE_421_length_14937_cov_32.769386	1	14937	2	274	1.83437	0.0202182	34.3	42
MV-4128_S29__NODE_387_length_14928_cov_25.892490	1	14928	2	135	0.904341	0.0180868	35.6	0
cell-4122-0-44_S10__NODE_101_length_14926_cov_36.867057	1	14926	2	128	0.857564	0.0171513	36.5	40
Biragzang__NODE_422_length_14912_cov_9.706536	1	14912	4	482	3.2323	0.0405043	36	42
MV-4122_S12__NODE_921_length_14912_cov_59.187925	1	14912	6	329	2.20628	0.0607564	35.4	42
Biragzang__NODE_424_length_14881_cov_65.356333	1	14881	1371	14597	98.0915	13.6646	35.5	41.9
Biragzang__NODE_426_length_14864_cov_11.841043	1	14864	1026	14732	99.1119	10.1236	35.6	41.9
Biragzang__NODE_427_length_14858_cov_41.151794	1	14858	351	12491	84.0692	3.46877	35.5	41.9
Biragzang__NODE_428_length_14833_cov_10.493639	1	14833	2	261	1.75959	0.02036	36.4	42
MV-4125_S18__NODE_682_length_14824_cov_21.140429	1	14824	3	425	2.86697	0.0305586	31.5	24
Biragzang__NODE_430_length_14778_cov_13.456157	1	14778	1267	14625	98.9647	12.6551	35.5	41.9
Biragzang__NODE_432_length_14739_cov_13.916167	1	14739	1266	14674	99.559	12.6438	35.5	41.8
MV-4122_S12__NODE_936_length_14734_cov_94.392261	1	14734	4	377	2.55871	0.0369214	36.1	33
MV-4128_S29__NODE_396_length_14720_cov_24.275486	1	14720	3	216	1.46739	0.0307745	36.3	40
MV-4128_S29__NODE_397_length_14720_cov_21.857347	1	14720	2	225	1.52853	0.0205163	35.6	0
cell-4122-0-44_S10__NODE_105_length_14692_cov_91.481314	1	14692	2	156	1.0618	0.0205554	35.5	40
Biragzang__NODE_440_length_14622_cov_12.656964	1	14622	26	1536	10.5047	0.261387	36.1	42
MV-4122_S12__NODE_943_length_14612_cov_56.221955	1	14612	10	605	4.14043	0.0981385	35.7	42
Biragzang__NODE_442_length_14571_cov_9.984638	1	14571	782	14299	98.1333	7.95024	35.5	41.8
Biragzang__NODE_443_length_14563_cov_29.495520	1	14563	212	10840	74.4352	2.14187	35.7	42
Biragzang__NODE_444_length_14557_cov_39.231141	1	14557	293	11706	80.4149	2.95954	35.5	41.8
Biragzang__NODE_446_length_14548_cov_47.719589	1	14548	536	12490	85.8537	5.40562	35.5	39.7
cell-4125-0-44_S16__NODE_25_length_14537_cov_14.780141	1	14537	2	143	0.983697	0.0196739	35.1	42
cell-4125-0-44_S16__NODE_26_length_14536_cov_9.796975	1	14536	2	294	2.02256	0.020776	35.6	32
Biragzang__NODE_449_length_14514_cov_7.921156	1	14514	92	6940	47.8159	0.947223	35.6	41.6
Biragzang__NODE_450_length_14512_cov_55.306357	1	14512	9	1047	7.21472	0.0936466	35.1	42
Biragzang__NODE_451_length_14505_cov_12.403183	1	14505	16	1521	10.486	0.166563	35.9	42
MV-4125_S18__NODE_699_length_14504_cov_25.586061	1	14504	2	107	0.737728	0.0147546	35.5	1
Biragzang__NODE_454_length_14473_cov_14.226453	1	14473	22	1793	12.3886	0.210323	35	42
cell-4125-0-44_S16__NODE_27_length_14471_cov_10.552511	1	14471	6	821	5.67342	0.062608	35.6	19
Biragzang__NODE_456_length_14455_cov_12.295694	1	14455	24	2298	15.8976	0.250432	35.9	42
cell-4125-0-44_S16__NODE_28_length_14396_cov_9.277317	1	14396	6	403	2.79939	0.04793	34.8	25.7
Biragzang__NODE_460_length_14389_cov_12.427515	1	14389	5	432	3.00229	0.0452429	34.6	31.2
MV-4125_S18__NODE_703_length_14382_cov_27.038040	1	14382	8	525	3.6504	0.0839939	35.2	28.8
Biragzang__NODE_462_length_14371_cov_46.196004	1	14371	3	348	2.42154	0.0315218	31.9	41.3
Biragzang__NODE_465_length_14358_cov_33.958470	1	14358	51	3778	26.3129	0.523541	35.1	42
cell-4125-0-44_S16__NODE_29_length_14344_cov_8.461404	1	14344	2	83	0.578639	0.0115728	36.3	6
MV-4122_S12__NODE_963_length_14338_cov_82.043338	1	14338	2	302	2.10629	0.0210629	35.7	1
cell-4125-0-44_S16__NODE_30_length_14304_cov_10.366201	1	14304	8	641	4.48126	0.0844519	34.8	26.8
MV-4122_S12__NODE_966_length_14302_cov_72.704710	1	14302	1	151	1.0558	0.010558	36.8	0
Biragzang__NODE_468_length_14291_cov_13.922310	1	14291	45	2940	20.5724	0.434049	35.1	42
cell-4122-0-44_S10__NODE_110_length_14291_cov_1190.374965	1	14291	1	151	1.05661	0.0105661	35.8	3
Biragzang__NODE_469_length_14290_cov_15.052828	1	14290	1202	14284	99.958	12.3848	35.5	41.4
Biragzang__NODE_470_length_14288_cov_7.746856	1	14288	75	5145	36.0092	0.732573	35.9	41.9
Biragzang__NODE_471_length_14285_cov_43.756852	1	14285	246	6094	42.6601	2.55009	35.6	39.1
Biragzang__NODE_472_length_14283_cov_12.051940	1	14283	8	809	5.66408	0.0792551	35.5	41.5
Biragzang__NODE_473_length_14283_cov_10.382626	1	14283	30	2468	17.2793	0.31716	35.7	42
cell-4125-0-44_S16__NODE_32_length_14247_cov_10.468926	1	14247	2	175	1.22833	0.0211974	36	35
Biragzang__NODE_475_length_14202_cov_10.687213	1	14202	895	14152	99.6479	9.14589	35.5	41.3
Biragzang__NODE_477_length_14195_cov_11.303890	1	14195	11	723	5.09334	0.104333	35.9	38.9
Biragzang__NODE_478_length_14188_cov_16.461473	1	14188	1365	14175	99.9084	14.2596	35.6	41.8
Biragzang__NODE_479_length_14181_cov_32.265185	1	14181	42	3768	26.5708	0.431281	35.4	42
MV-4122_S12__NODE_982_length_14169_cov_65.398115	1	14169	2	197	1.39036	0.0213141	36.3	32
Biragzang__NODE_480_length_14164_cov_11.993125	1	14164	54	4866	34.3547	0.558034	35.3	42
Biragzang__NODE_481_length_14153_cov_9.886863	1	14153	12	960	6.78301	0.128029	35.2	42
MV-4122_S12__NODE_985_length_14149_cov_73.931886	1	14149	2	168	1.18736	0.0213443	36.2	21
cell-4125-0-44_S16__NODE_33_length_14104_cov_10.062994	1	14104	2	270	1.91435	0.0214124	34.8	1
MV-4122_S12__NODE_988_length_14100_cov_64.840085	1	14100	2	156	1.10638	0.0214184	36.1	1
Biragzang__NODE_483_length_14058_cov_14.117046	1	14058	1159	14022	99.7439	12.1327	35.5	41.9
Biragzang__NODE_484_length_14053_cov_51.726247	1	14053	480	12274	87.3408	5.07045	35.6	40.8
MV-4122_S12__NODE_994_length_14023_cov_26.652348	1	14023	3	151	1.0768	0.0323041	36	3
MV-4128_S29__NODE_422_length_14021_cov_8.233710	1	14021	18	1539	10.9764	0.187861	35.7	42
cell-4125-0-44_S16__NODE_34_length_13996_cov_10.299763	1	13996	2	205	1.4647	0.0215776	36.6	31
Biragzang__NODE_488_length_13990_cov_46.664657	1	13990	501	12007	85.8256	5.2975	35.4	42
Biragzang__NODE_489_length_13988_cov_9.488193	1	13988	20	2437	17.4221	0.21447	35.9	42
MV-4122_S12__NODE_996_length_13986_cov_70.693776	1	13986	2	222	1.5873	0.021593	36.5	32
Biragzang__NODE_490_length_13976_cov_34.574097	1	13976	257	11063	79.1571	2.70693	35.7	41.9
cell-4125-0-44_S16__NODE_35_length_13972_cov_9.611626	1	13972	4	604	4.32293	0.0432293	35.4	27
Biragzang__NODE_492_length_13969_cov_11.305232	1	13969	828	13885	99.3987	8.7609	35.5	41.7
MV-4125_S18__NODE_732_length_13952_cov_22.756062	1	13952	1	151	1.08228	0.0108228	36.9	1
MV-4122_S12__NODE_1001_length_13912_cov_71.115682	1	13912	2	274	1.96952	0.0217079	36.2	1
Biragzang__NODE_496_length_13898_cov_17.881023	1	13898	129	2073	14.9158	1.37466	35.5	41.2
Biragzang__NODE_497_length_13886_cov_38.791411	1	13886	248	10441	75.1908	2.64612	35.3	41.9
Biragzang__NODE_498_length_13852_cov_28.414945	1	13852	210	9634	69.5495	2.20835	35.3	42
Biragzang__NODE_499_length_13847_cov_14.516676	1	13847	1097	13723	99.1045	11.6281	35.6	41
Biragzang__NODE_501_length_13815_cov_8.489244	1	13815	85	5434	39.3341	0.864206	35	42
MV-4128_S29__NODE_427_length_13785_cov_23.777349	1	13785	4	297	2.15452	0.0430903	36.3	9.5
Biragzang__NODE_503_length_13758_cov_10.675691	1	13758	22	2025	14.7187	0.241169	35.6	42
Biragzang__NODE_504_length_13737_cov_10.079301	1	13737	22	2057	14.9742	0.231928	35.5	42
Biragzang__NODE_505_length_13714_cov_12.608244	1	13714	40	3638	26.5276	0.427519	35.2	42
Biragzang__NODE_506_length_13708_cov_12.303303	1	13708	8	731	5.33265	0.0881237	35.4	41.5
Biragzang__NODE_507_length_13707_cov_45.338705	1	13707	457	11795	86.0509	4.91851	35.3	41.6
Biragzang__NODE_508_length_13706_cov_32.604791	1	13706	205	10253	74.8067	2.16752	35.3	41.4
Biragzang__NODE_509_length_13700_cov_38.019494	1	13700	2	204	1.48905	0.0220438	36.2	1
Biragzang__NODE_510_length_13688_cov_23.181691	1	13688	49	1626	11.879	0.517753	35.2	40.6
Biragzang__NODE_511_length_13660_cov_13.501507	1	13660	26	2614	19.1362	0.287408	35.9	42
MV-4125_S18__NODE_762_length_13634_cov_23.465130	1	13634	2	187	1.37157	0.0221505	33.5	42
Biragzang__NODE_513_length_13600_cov_26.928977	1	13600	217	9044	66.5	2.34184	35.4	41.8
MV-4122_S12__NODE_1038_length_13577_cov_65.513829	1	13577	4	381	2.80622	0.0444133	35.7	42
Biragzang__NODE_515_length_13572_cov_9.341570	1	13572	6	546	4.02299	0.0621869	36.1	42
cell-4125-0-44_S16__NODE_36_length_13559_cov_12.248963	1	13559	6	320	2.36006	0.0668191	34.8	6
Biragzang__NODE_516_length_13542_cov_12.417736	1	13542	958	13266	97.9619	10.509	35.5	41.9
MV-4125_S18__NODE_778_length_13472_cov_23.844749	1	13472	2	213	1.58106	0.0224169	33	1
Biragzang__NODE_521_length_13454_cov_10.936861	1	13454	22	2035	15.1256	0.237699	35.5	41.1
Biragzang__NODE_523_length_13448_cov_46.149332	1	13448	2	186	1.38311	0.0224569	36.2	42
Biragzang__NODE_525_length_13437_cov_11.842326	1	13437	34	2806	20.8826	0.380591	35.5	42
Biragzang__NODE_526_length_13427_cov_46.908017	1	13427	418	11685	87.0261	4.63782	35.5	39.1
MV-4122_S12__NODE_1046_length_13408_cov_80.089119	1	13408	2	205	1.52894	0.0225239	36.5	1
Biragzang__NODE_529_length_13392_cov_52.500637	1	13392	440	11399	85.118	4.87888	35.6	38.8
Biragzang__NODE_530_length_13362_cov_46.205305	1	13362	277	9245	69.1887	3.06563	35.6	35.9
MV-4122_S12__NODE_1052_length_13355_cov_81.601805	1	13355	2	262	1.96181	0.0226133	36.1	1
Biragzang__NODE_531_length_13344_cov_36.970953	1	13344	280	9045	67.7833	3.0673	35.6	39.7
Biragzang__NODE_534_length_13330_cov_9.932655	1	13330	3	305	2.28807	0.0339835	35.8	42
Biragzang__NODE_535_length_13324_cov_18.745120	1	13324	22	2070	15.5359	0.24332	35.3	41.8
Biragzang__NODE_536_length_13313_cov_10.061321	1	13313	22	2032	15.2633	0.246225	35.6	42
Biragzang__NODE_537_length_13307_cov_11.333459	1	13307	22	1666	12.5197	0.249643	35.6	42
Biragzang__NODE_539_length_13286_cov_12.150253	1	13286	22	2036	15.3244	0.245522	35.9	42
MV-4125_S18__NODE_793_length_13205_cov_21.530646	1	13205	4	412	3.12003	0.0457402	34.6	16.5
cell-4125-0-44_S16__NODE_39_length_13195_cov_10.382192	1	13195	16	760	5.75976	0.165669	35.7	20.8
Biragzang__NODE_543_length_13176_cov_10.679293	1	13176	24	2307	17.5091	0.26867	35.7	42
Biragzang__NODE_544_length_13175_cov_14.813034	1	13175	1100	13026	98.8691	12.3212	35.5	41.9
Biragzang__NODE_547_length_13152_cov_40.091929	1	13152	287	10669	81.1207	3.23662	35.5	41.7
Biragzang__NODE_549_length_13131_cov_8.746788	1	13131	62	4889	37.2325	0.69256	35.6	42
Biragzang__NODE_550_length_13125_cov_12.328615	1	13125	29	2763	21.0514	0.333029	34.7	41.9
Biragzang__NODE_551_length_13124_cov_10.806259	1	13124	22	2148	16.367	0.250381	35.1	42
Biragzang__NODE_552_length_13122_cov_10.480370	1	13122	30	2963	22.5804	0.345222	35.4	42
Biragzang__NODE_554_length_13116_cov_11.654850	1	13116	30	2787	21.2489	0.343626	35.4	42
Biragzang__NODE_556_length_13098_cov_50.890593	1	13098	442	11066	84.4862	5.0313	35.6	39.5
MV-4128_S29__NODE_449_length_13094_cov_28.003605	1	13094	2	277	2.11547	0.023064	36.2	30
Biragzang__NODE_559_length_13063_cov_10.376153	1	13063	803	12673	97.0145	9.07885	35.4	41.8
MV-4122_S12__NODE_1078_length_13061_cov_10.627941	1	13061	3	453	3.46834	0.0346834	36.5	40
Biragzang__NODE_560_length_13059_cov_10.413488	1	13059	2	218	1.66935	0.0231258	36.6	42
Biragzang__NODE_562_length_13043_cov_36.202495	1	13043	2	142	1.08871	0.0217741	35.2	42
Biragzang__NODE_563_length_13003_cov_36.395660	1	13003	271	9888	76.044	3.10013	35.5	41.6
Biragzang__NODE_564_length_13000_cov_12.598532	1	13000	948	12789	98.3769	10.7676	35.5	41.8
cell-4125-0-44_S16__NODE_40_length_12954_cov_10.670129	1	12954	8	611	4.71669	0.0821368	36.1	20.2
Biragzang__NODE_568_length_12940_cov_42.928133	1	12940	2	127	0.981453	0.0196291	35.2	42
Biragzang__NODE_570_length_12923_cov_38.891669	1	12923	1	151	1.16846	0.0116846	35.5	42
Biragzang__NODE_573_length_12905_cov_11.741634	1	12905	34	3212	24.8896	0.388532	35.3	42
MV-4125_S18__NODE_821_length_12869_cov_20.621664	1	12869	6	408	3.17041	0.0634082	35.4	28
Biragzang__NODE_575_length_12858_cov_14.485824	1	12858	12	1039	8.08057	0.140302	36	42
Biragzang__NODE_576_length_12855_cov_43.243906	1	12855	2	285	2.21704	0.0234928	35.2	42
cell-4125-0-44_S16__NODE_42_length_12836_cov_10.460762	1	12836	4	524	4.08227	0.0470552	36	9
Biragzang__NODE_577_length_12786_cov_43.131412	1	12786	10	825	6.45237	0.117785	34.8	42
Biragzang__NODE_580_length_12773_cov_11.681632	1	12773	2	166	1.29962	0.0236436	33	42
Biragzang__NODE_581_length_12769_cov_11.845367	1	12769	22	2008	15.7256	0.25977	35.3	41.8
Biragzang__NODE_583_length_12742_cov_32.240719	1	12742	278	10174	79.8462	3.19267	35.6	41.8
MV-4125_S18__NODE_833_length_12739_cov_483.733917	1	12739	2	101	0.792841	0.0158568	31.5	40
cell-4125-0-44_S16__NODE_44_length_12724_cov_10.204989	1	12724	2	236	1.85476	0.0237347	36.1	2
cell-4125-0-44_S16__NODE_45_length_12714_cov_9.676989	1	12714	4	361	2.83939	0.0407425	35	30.5
Biragzang__NODE_588_length_12662_cov_45.715951	1	12662	2	187	1.47686	0.0238509	35.9	42
Biragzang__NODE_590_length_12645_cov_43.247657	1	12645	2	266	2.1036	0.023883	35.1	42
Biragzang__NODE_591_length_12641_cov_7.032894	1	12641	59	5235	41.4129	0.662527	35.7	41.7
Biragzang__NODE_593_length_12626_cov_37.576088	1	12626	290	10516	83.2885	3.34706	35.5	41.4
MV-4128_S29__NODE_467_length_12606_cov_8.237670	1	12606	13	1133	8.98778	0.148263	36	42
Biragzang__NODE_600_length_12562_cov_11.807948	1	12562	32	2993	23.8258	0.384493	36	42
MV-4125_S18__NODE_847_length_12557_cov_18.512318	1	12557	2	156	1.24233	0.0240503	35.8	1
Biragzang__NODE_601_length_12541_cov_11.823482	1	12541	26	2006	15.9955	0.312256	35.5	42
MV-4122_S12__NODE_1109_length_12540_cov_37.235322	1	12540	1	151	1.20415	0.0120415	34.6	24
Biragzang__NODE_604_length_12513_cov_21.118558	1	12513	48	4623	36.9456	0.56741	35.5	42
Biragzang__NODE_605_length_12500_cov_30.300522	1	12500	233	10145	81.16	2.7324	35.3	41.9
MV-4122_S12__NODE_1120_length_12446_cov_74.632959	1	12446	8	635	5.10204	0.0970593	34.2	21
Biragzang__NODE_610_length_12402_cov_7.908156	1	12402	6	645	5.20077	0.0657958	35.8	42
Biragzang__NODE_611_length_12396_cov_9.770602	1	12396	637	12281	99.0723	7.57365	35.5	41.9
Biragzang__NODE_613_length_12386_cov_12.990755	1	12386	12	1204	9.72065	0.137252	35.7	42
Biragzang__NODE_615_length_12349_cov_12.821214	1	12349	25	2634	21.3297	0.303425	35.9	40.8
Biragzang__NODE_616_length_12349_cov_9.789247	1	12349	16	1606	13.0051	0.195643	35.6	42
Biragzang__NODE_617_length_12348_cov_33.569999	1	12348	231	10405	84.2647	2.74668	35.5	42
Biragzang__NODE_618_length_12338_cov_35.562322	1	12338	2	120	0.972605	0.0194521	35.2	42
MV-4128_S29__NODE_477_length_12320_cov_13.659845	1	12320	2	139	1.12825	0.0225649	36.7	42
Biragzang__NODE_620_length_12300_cov_41.897999	1	12300	4	440	3.57724	0.0469919	34.2	42
Biragzang__NODE_622_length_12273_cov_12.062694	1	12273	28	2460	20.044	0.342541	35.5	42
Biragzang__NODE_623_length_12270_cov_16.201228	1	12270	1184	12193	99.3725	14.2765	35.4	41.8
MV-4128_S29__NODE_481_length_12258_cov_23.084897	1	12258	1	151	1.23185	0.0123185	36.8	0
Biragzang__NODE_626_length_12239_cov_23.956418	1	12239	139	7313	59.7516	1.64956	35.3	41.9
Biragzang__NODE_627_length_12234_cov_9.128828	1	12234	57	3874	31.6658	0.686202	35.5	41.7
MV-4128_S29__NODE_483_length_12225_cov_24.478718	1	12225	1	151	1.23517	0.0123517	35.8	8
Biragzang__NODE_628_length_12223_cov_11.258958	1	12223	808	12198	99.7955	9.76225	35.4	41.8
Biragzang__NODE_629_length_12193_cov_54.669962	1	12193	524	11270	92.4301	6.34479	35.4	40.3
Biragzang__NODE_630_length_12180_cov_48.320330	1	12180	406	10249	84.1461	4.93982	35.6	39.7
Biragzang__NODE_631_length_12172_cov_9.059751	1	12172	4	531	4.36247	0.0496221	33.8	32.8
Biragzang__NODE_632_length_12159_cov_56.346827	1	12159	6	396	3.25685	0.0646435	34.8	42
MV-4122_S12__NODE_1156_length_12154_cov_23.582197	1	12154	2	151	1.24239	0.0248478	36.5	8
Biragzang__NODE_633_length_12150_cov_8.866970	1	12150	70	5015	41.2757	0.865021	35.9	42
Biragzang__NODE_635_length_12133_cov_49.870591	1	12133	420	10678	88.0079	5.09602	35.7	39
Biragzang__NODE_636_length_12111_cov_12.128235	1	12111	26	2245	18.5369	0.31715	35.4	39.2
MV-4122_S12__NODE_1164_length_12086_cov_71.426897	1	12086	2	113	0.934966	0.0186993	36.1	40
Biragzang__NODE_640_length_12078_cov_8.169342	1	12078	67	4590	38.003	0.824143	35.2	41.7
Biragzang__NODE_641_length_12060_cov_29.602082	1	12060	170	7430	61.6086	2.10564	35.4	42
cell-4125-0-44_S16__NODE_53_length_12055_cov_11.381917	1	12055	2	302	2.50518	0.0250518	35.9	18
Biragzang__NODE_643_length_12054_cov_11.585132	1	12054	32	2657	22.0425	0.400199	35.5	42
Biragzang__NODE_644_length_12050_cov_47.421592	1	12050	295	6409	53.1867	3.63154	35.4	37.3
MV-4122_S12__NODE_1173_length_12006_cov_27.564388	1	12006	9	208	1.73247	0.107363	35.7	14.9
Biragzang__NODE_647_length_12002_cov_12.743785	1	12002	20	2151	17.922	0.246959	35.9	42
cell-4125-0-44_S16__NODE_55_length_12002_cov_10.790324	1	12002	4	428	3.56607	0.049825	36.4	33.5
Biragzang__NODE_648_length_11984_cov_16.498449	1	11984	2	237	1.97764	0.0252003	35.5	24
Biragzang__NODE_649_length_11972_cov_9.849878	1	11972	85	5941	49.6241	1.04987	35.6	42
Biragzang__NODE_650_length_11967_cov_7.886501	1	11967	49	4261	35.6063	0.601571	35.7	37.7
Biragzang__NODE_657_length_11926_cov_17.251790	1	11926	1259	11820	99.1112	15.569	35.5	41.9
Biragzang__NODE_658_length_11925_cov_12.300842	1	11925	6	327	2.74214	0.0759748	36.1	42
MV-4122_S12__NODE_1181_length_11914_cov_43.765916	1	11914	1	151	1.26742	0.0126742	36.3	42
MV-4128_S29__NODE_498_length_11911_cov_8.329116	1	11911	12	1328	11.1494	0.142725	35.6	42
MV-4128_S29__NODE_499_length_11906_cov_22.907687	1	11906	1	151	1.26827	0.0126827	36.7	0
Biragzang__NODE_661_length_11896_cov_16.911410	1	11896	1189	11830	99.4452	14.7685	35.5	41.6
Biragzang__NODE_666_length_11875_cov_9.779103	1	11875	22	1803	15.1832	0.279747	34.9	42
Biragzang__NODE_667_length_11867_cov_52.324670	1	11867	381	9420	79.3798	4.71602	35.6	37.2
MV-4122_S12__NODE_1186_length_11843_cov_74.952833	1	11843	2	234	1.97585	0.0255003	35.5	1
Biragzang__NODE_673_length_11832_cov_9.960771	1	11832	2	167	1.41143	0.025524	36.7	42
Biragzang__NODE_674_length_11823_cov_25.092539	1	11823	16	1527	12.9155	0.20181	35.7	38.1
Biragzang__NODE_675_length_11819_cov_31.940326	1	11819	191	8714	73.7287	2.36729	35.7	42
Biragzang__NODE_676_length_11814_cov_28.417978	1	11814	172	8919	75.4952	2.12621	35.6	42
cell-4125-0-44_S16__NODE_57_length_11814_cov_11.838167	1	11814	38	3220	27.2558	0.461148	35.3	41.7
Biragzang__NODE_677_length_11800_cov_11.809110	1	11800	13	1355	11.4831	0.164322	34.8	42
Biragzang__NODE_678_length_11799_cov_12.470964	1	11799	18	1832	15.5267	0.225443	35.9	42
Biragzang__NODE_679_length_11794_cov_13.438368	1	11794	29	2689	22.7997	0.370782	35.6	41.3
MV-4122_S12__NODE_1197_length_11759_cov_92.639525	1	11759	2	238	2.02398	0.0256825	35.6	22
Biragzang__NODE_684_length_11756_cov_9.577216	1	11756	65	5056	43.0078	0.815498	35.6	41.7
MV-4128_S29__NODE_510_length_11743_cov_23.728867	1	11743	2	160	1.36251	0.0257174	36.5	3
Biragzang__NODE_686_length_11741_cov_9.160021	1	11741	615	11475	97.7344	7.77012	35.5	41.9
Biragzang__NODE_687_length_11740_cov_11.901070	1	11740	15	1483	12.632	0.182709	35.2	42
MV-4125_S18__NODE_916_length_11709_cov_23.347091	1	11709	2	130	1.11026	0.0222051	36	1
cell-4125-0-44_S16__NODE_58_length_11668_cov_10.126238	1	11668	4	540	4.62804	0.0517655	36.3	36.5
Biragzang__NODE_695_length_11657_cov_54.658766	1	11657	2	166	1.42404	0.0259072	36	42
Biragzang__NODE_699_length_11636_cov_12.774631	1	11636	10	796	6.84084	0.117051	35.8	42
Biragzang__NODE_700_length_11633_cov_14.355070	1	11633	25	2303	19.7971	0.324508	35	41.3
Biragzang__NODE_704_length_11604_cov_45.235605	1	11604	362	9563	82.4112	4.58152	35.6	42
Biragzang__NODE_705_length_11598_cov_7.778394	1	11598	64	4657	40.1535	0.811347	35.3	42
Biragzang__NODE_709_length_11560_cov_11.623816	1	11560	38	3496	30.2422	0.48045	35.4	42
Biragzang__NODE_710_length_11542_cov_54.438496	1	11542	540	10749	93.1294	6.94394	35.5	40.2
MV-4128_S29__NODE_521_length_11533_cov_6.591828	1	11533	12	859	7.44819	0.151045	36	42
Biragzang__NODE_715_length_11483_cov_11.531677	1	11483	701	11253	97.997	8.93843	35.4	41.6
Biragzang__NODE_716_length_11472_cov_43.929404	1	11472	1378	11172	97.3849	17.6521	35.6	41
Biragzang__NODE_718_length_11468_cov_11.539735	1	11468	44	3654	31.8626	0.554761	35.8	42
Biragzang__NODE_719_length_11464_cov_9.712508	1	11464	610	11233	97.985	7.83548	35.6	41.9
Biragzang__NODE_720_length_11458_cov_10.174515	1	11458	28	2355	20.5533	0.369	35.4	42
Biragzang__NODE_722_length_11443_cov_46.690288	1	11443	324	9294	81.22	4.17994	35.7	40.6
MV-4128_S29__NODE_526_length_11426_cov_7.712514	1	11426	10	1140	9.97724	0.132155	33.9	42
Biragzang__NODE_723_length_11425_cov_34.679859	1	11425	2	240	2.10066	0.0264333	36.4	42
Biragzang__NODE_724_length_11424_cov_11.414548	1	11424	753	11371	99.5361	9.69485	35.4	42
Biragzang__NODE_727_length_11412_cov_15.345162	1	11412	34	2742	24.0273	0.448125	35.9	42
Biragzang__NODE_728_length_11406_cov_36.855696	1	11406	225	9015	79.0373	2.93793	35.4	41.5
Biragzang__NODE_729_length_11405_cov_10.287048	1	11405	16	1681	14.7391	0.211837	36.2	42
MV-4128_S29__NODE_527_length_11385_cov_26.213504	1	11385	2	192	1.68643	0.0265261	36.4	24
MV-4128_S29__NODE_530_length_11372_cov_23.185827	1	11372	2	265	2.33028	0.0265565	34.7	1
Biragzang__NODE_730_length_11370_cov_29.119487	1	11370	2	131	1.15215	0.0230431	36.6	1
Biragzang__NODE_731_length_11369_cov_7.743062	1	11369	2	270	2.37488	0.0265635	35.8	42
cell-4125-0-44_S16__NODE_65_length_11368_cov_10.360470	1	11368	5	545	4.79416	0.0659747	36	21.2
MV-4128_S29__NODE_531_length_11364_cov_20.240074	1	11364	2	189	1.66315	0.0265751	33.4	42
Biragzang__NODE_732_length_11361_cov_28.542367	1	11361	171	7816	68.7968	2.19109	35.5	41.8
Biragzang__NODE_735_length_11355_cov_8.669292	1	11355	76	5619	49.4848	0.996037	35.6	42
MV-4128_S29__NODE_533_length_11308_cov_8.180485	1	11308	10	1000	8.8433	0.12982	35.4	42
Biragzang__NODE_739_length_11298_cov_34.822823	1	11298	234	9427	83.4395	3.04213	35.3	42
Biragzang__NODE_740_length_11297_cov_19.073652	1	11297	18	1516	13.4195	0.233867	35.7	41.8
Biragzang__NODE_742_length_11293_cov_25.546539	1	11293	165	7613	67.4134	2.08014	35.5	42
Biragzang__NODE_743_length_11269_cov_11.521491	1	11269	18	2047	18.1649	0.241193	35.6	42
Biragzang__NODE_744_length_11264_cov_31.210634	1	11264	4	302	2.68111	0.0536222	35.8	42
Biragzang__NODE_745_length_11249_cov_48.152492	1	11249	389	9220	81.9628	5.0945	35.6	39.5
Biragzang__NODE_747_length_11234_cov_8.823329	1	11234	562	10697	95.2199	7.32428	35.5	41.7
Biragzang__NODE_750_length_11212_cov_52.379224	1	11212	470	10825	96.5483	6.22521	35.4	41.2
Biragzang__NODE_751_length_11212_cov_9.748230	1	11212	7	647	5.7706	0.0835712	35.5	40.6
Biragzang__NODE_752_length_11210_cov_12.235320	1	11210	24	2082	18.5727	0.323283	35.6	42
Biragzang__NODE_753_length_11210_cov_8.112954	1	11210	50	3819	34.0678	0.650134	35.6	42
Biragzang__NODE_755_length_11200_cov_12.114132	1	11200	20	1643	14.6696	0.25625	35.7	40.4
Biragzang__NODE_758_length_11166_cov_11.975520	1	11166	808	10954	98.1014	10.7148	35.4	41.9
cell-4125-0-44_S16__NODE_70_length_11162_cov_11.907086	1	11162	2	233	2.08744	0.0270561	31.9	42
Biragzang__NODE_759_length_11159_cov_33.021073	1	11159	162	7316	65.5614	2.13039	35.5	40.3
MV-4128_S29__NODE_543_length_11154_cov_20.767997	1	11154	2	302	2.70755	0.0270755	36.2	42
Biragzang__NODE_760_length_11153_cov_11.411155	1	11153	702	11133	99.8207	9.28925	35.5	42
Biragzang__NODE_762_length_11150_cov_10.937720	1	11150	635	10664	95.6413	8.32771	35.6	42
Biragzang__NODE_764_length_11133_cov_11.426160	1	11133	18	1235	11.0931	0.229588	35.8	42
cell-4125-0-44_S16__NODE_71_length_11122_cov_8.834734	1	11122	2	281	2.52652	0.0271534	36.6	6
Biragzang__NODE_767_length_11121_cov_7.477770	1	11121	58	3688	33.1625	0.769715	35.3	42
Biragzang__NODE_769_length_11097_cov_11.500000	1	11097	10	978	8.81319	0.136073	35.6	42
Biragzang__NODE_771_length_11079_cov_9.260250	1	11079	49	4226	38.1442	0.660439	35.4	42
Biragzang__NODE_772_length_11067_cov_11.126952	1	11067	8	600	5.42152	0.109153	35.6	37.2
Biragzang__NODE_776_length_11049_cov_13.634892	1	11049	18	2044	18.4994	0.245995	35.9	42
Biragzang__NODE_779_length_11037_cov_33.721726	1	11037	154	7271	65.8784	2.0608	35.6	39.7
Biragzang__NODE_781_length_11018_cov_45.890267	1	11018	390	9977	90.5518	5.22881	35.6	41
Biragzang__NODE_782_length_11018_cov_30.354647	1	11018	27	357	3.24015	0.321383	35.2	36
MV-4128_S29__NODE_552_length_11013_cov_15.450082	1	11013	2	302	2.74221	0.0274221	34	42
MV-4128_S29__NODE_558_length_10960_cov_7.124713	1	10960	8	574	5.23723	0.107482	35.3	42
MV-4128_S29__NODE_559_length_10958_cov_25.499679	1	10958	2	128	1.1681	0.0233619	36	1
Biragzang__NODE_792_length_10948_cov_12.561461	1	10948	34	3373	30.8093	0.461637	35.4	42
Biragzang__NODE_793_length_10947_cov_12.402864	1	10947	741	10717	97.899	9.9472	35.6	41.9
Biragzang__NODE_794_length_10939_cov_10.473815	1	10939	22	1543	14.1055	0.299845	34.9	42
Biragzang__NODE_795_length_10921_cov_9.059267	1	10921	50	3591	32.8816	0.676129	36	42
Biragzang__NODE_796_length_10912_cov_15.987474	1	10912	2	99	0.907258	0.0181452	36.1	40
MV-4122_S12__NODE_1280_length_10910_cov_24.171534	1	10910	2	151	1.38405	0.027681	36	3
Biragzang__NODE_798_length_10906_cov_26.086444	1	10906	185	6960	63.8181	2.47818	35.6	41.9
cell-4125-0-44_S16__NODE_72_length_10890_cov_10.690540	1	10890	4	433	3.97612	0.0554637	35.3	1
cell-4125-0-44_S16__NODE_73_length_10888_cov_9.373673	1	10888	2	229	2.10323	0.027737	36.2	1
Biragzang__NODE_801_length_10858_cov_13.617791	1	10858	879	10824	99.6869	11.9622	35.5	41.9
cell-4125-0-44_S16__NODE_74_length_10858_cov_9.181894	1	10858	2	262	2.41297	0.0278136	36.6	32
Biragzang__NODE_804_length_10813_cov_41.514315	1	10813	6	231	2.13632	0.083788	34.5	42
Biragzang__NODE_807_length_10804_cov_55.904363	1	10804	2	291	2.69345	0.0279526	36.6	42
Biragzang__NODE_812_length_10783_cov_11.579884	1	10783	26	2476	22.9621	0.364092	35.5	42
Biragzang__NODE_813_length_10781_cov_15.775219	1	10781	956	10669	98.9611	13.0787	35.5	41.9
Biragzang__NODE_815_length_10753_cov_9.984203	1	10753	6	715	6.64931	0.0842556	35.9	40.3
Biragzang__NODE_816_length_10748_cov_15.015805	1	10748	941	10733	99.8604	12.9749	35.5	41.7
cell-4125-0-44_S16__NODE_79_length_10742_cov_10.138954	1	10742	3	371	3.45373	0.0421709	36.3	33.3
Biragzang__NODE_818_length_10716_cov_9.610731	1	10716	570	10543	98.3856	7.89054	35.4	41.8
cell-4125-0-44_S16__NODE_82_length_10687_cov_9.055963	1	10687	2	207	1.93693	0.0282586	35.8	21
Biragzang__NODE_820_length_10681_cov_8.051478	1	10681	8	427	3.99775	0.113098	34.5	42
Biragzang__NODE_821_length_10679_cov_50.900038	1	10679	396	9406	88.0794	5.49443	35.6	39.7
Biragzang__NODE_822_length_10675_cov_11.867891	1	10675	22	1978	18.5293	0.306323	36	42
Biragzang__NODE_823_length_10675_cov_8.154520	1	10675	48	4384	41.0679	0.671475	35.7	42
Biragzang__NODE_824_length_10672_cov_10.098992	1	10672	8	879	8.23651	0.108883	34.3	42
Biragzang__NODE_826_length_10653_cov_38.975844	1	10653	292	8582	80.5595	4.05548	35.5	40.4
Biragzang__NODE_827_length_10647_cov_40.176548	1	10647	231	9356	87.8745	3.20306	35.5	40.1
Biragzang__NODE_828_length_10642_cov_11.830547	1	10642	728	10631	99.8966	10.0324	35.5	41.9
Biragzang__NODE_830_length_10637_cov_11.528161	1	10637	18	1287	12.0993	0.243678	35.2	42
Biragzang__NODE_831_length_10634_cov_12.300123	1	10634	422	10454	98.3073	5.86562	35.3	41.9
MV-4122_S12__NODE_1319_length_10625_cov_51.288553	1	10625	2	241	2.26824	0.0284235	36.4	42
MV-4125_S18__NODE_1039_length_10617_cov_19.299564	1	10617	2	270	2.54309	0.0284449	35.9	32
Biragzang__NODE_834_length_10606_cov_25.886172	1	10606	143	6067	57.2035	1.98963	35.4	42
MV-4122_S12__NODE_1323_length_10601_cov_62.787313	1	10601	4	197	1.85832	0.0569758	35	42
Biragzang__NODE_836_length_10586_cov_34.106543	1	10586	2	302	2.85282	0.0285282	35.3	42
MV-4128_S29__NODE_593_length_10579_cov_7.799981	1	10579	13	1510	14.2736	0.184989	34.8	41.8
Biragzang__NODE_839_length_10572_cov_16.211467	1	10572	393	9605	90.8532	5.52705	35.6	41.9
Biragzang__NODE_842_length_10538_cov_31.286559	1	10538	4	140	1.32853	0.043272	36.2	24
Biragzang__NODE_845_length_10514_cov_10.143130	1	10514	50	4426	42.0963	0.71809	35.8	42
Biragzang__NODE_846_length_10514_cov_7.054499	1	10514	45	4304	40.9359	0.623264	35.6	41.6
cell-4125-0-44_S16__NODE_86_length_10509_cov_11.066099	1	10509	8	604	5.74745	0.114949	34.8	27
Biragzang__NODE_849_length_10488_cov_8.429119	1	10488	462	10242	97.6545	6.46806	35.6	41.6
MV-4128_S29__NODE_604_length_10468_cov_8.016134	1	10468	4	369	3.52503	0.0576997	35.7	42
Biragzang__NODE_854_length_10456_cov_8.633497	1	10456	6	429	4.10291	0.0732594	36.1	42
MV-4125_S18__NODE_1058_length_10448_cov_19.095738	1	10448	8	904	8.65237	0.11562	35.9	25.5
MV-4128_S29__NODE_606_length_10443_cov_7.207258	1	10443	8	823	7.88088	0.108781	36	42
Biragzang__NODE_857_length_10430_cov_43.566843	1	10430	2	184	1.76414	0.0289549	35.9	24
cell-4125-0-44_S16__NODE_87_length_10425_cov_9.809740	1	10425	6	568	5.44844	0.0869065	35.9	26.3
Biragzang__NODE_860_length_10410_cov_9.021149	1	10410	510	9833	94.4573	7.19039	35.6	41.9
MV-4125_S18__NODE_1068_length_10407_cov_22.895866	1	10407	8	294	2.82502	0.112424	36.6	30.2
Biragzang__NODE_861_length_10406_cov_48.350014	1	10406	246	7506	72.1315	3.47569	35.5	36.3
Biragzang__NODE_863_length_10392_cov_7.983941	1	10392	62	4771	45.9103	0.889338	35.3	41.9
Biragzang__NODE_864_length_10385_cov_8.589158	1	10385	81	5445	52.4314	1.15985	35.4	42
Biragzang__NODE_865_length_10376_cov_9.398605	1	10376	504	10093	97.2726	7.10476	35.5	41.8
cell-4125-0-44_S16__NODE_88_length_10375_cov_12.031783	1	10375	6	411	3.96145	0.0873253	36.3	23
Biragzang__NODE_866_length_10372_cov_56.394979	1	10372	385	9861	95.0733	5.48467	35.6	40.8
Biragzang__NODE_867_length_10363_cov_11.989329	1	10363	692	10212	98.5429	9.86664	35.5	41.8
Biragzang__NODE_868_length_10357_cov_8.222772	1	10357	78	6147	59.3512	1.13431	35.5	42
Biragzang__NODE_869_length_10351_cov_50.100233	1	10351	344	8853	85.528	4.92841	35.6	38.5
Biragzang__NODE_870_length_10345_cov_25.213508	1	10345	141	6980	67.4722	1.98753	35.5	41.4
MV-4122_S12__NODE_1354_length_10309_cov_41.665789	1	10309	2	150	1.45504	0.0291008	36.5	40
Biragzang__NODE_876_length_10274_cov_10.556415	1	10274	32	2727	26.5427	0.46642	35.7	41.1
Biragzang__NODE_877_length_10269_cov_14.725181	1	10269	78	5464	53.2087	1.11257	35.5	42
Biragzang__NODE_880_length_10252_cov_9.656468	1	10252	2	289	2.81896	0.0294577	36.3	42
Biragzang__NODE_881_length_10247_cov_12.236754	1	10247	2	214	2.08842	0.029472	36.5	40
Biragzang__NODE_883_length_10238_cov_12.184032	1	10238	22	1609	15.716	0.324477	36	42
Biragzang__NODE_884_length_10232_cov_7.582392	1	10232	70	4625	45.2013	1.01358	35.7	41.8
Biragzang__NODE_885_length_10229_cov_50.448300	1	10229	398	9546	93.3229	5.75472	35.6	40.9
cell-4125-0-44_S16__NODE_91_length_10219_cov_11.156828	1	10219	8	988	9.66826	0.118211	35.3	7
cell-4125-0-44_S16__NODE_92_length_10214_cov_9.815139	1	10214	2	206	2.01684	0.0295673	36.5	31
Biragzang__NODE_887_length_10201_cov_9.046915	1	10201	2	238	2.3331	0.0296049	35.1	42
MV-4122_S12__NODE_1369_length_10186_cov_22.663705	1	10186	2	157	1.54133	0.0296485	36.2	13
Biragzang__NODE_889_length_10178_cov_25.823570	1	10178	1262	10069	98.9291	18.4175	35.5	41.9
Biragzang__NODE_890_length_10177_cov_8.094547	1	10177	38	3632	35.6883	0.562346	35.7	42
Biragzang__NODE_892_length_10167_cov_31.498220	1	10167	151	7643	75.1746	2.15649	35.4	42
Biragzang__NODE_893_length_10164_cov_46.507172	1	10164	2	271	2.66627	0.0297127	33.7	42
MV-4122_S12__NODE_1373_length_10163_cov_98.906015	1	10163	2	302	2.97156	0.0297156	33.9	12
Biragzang__NODE_894_length_10162_cov_35.722371	1	10162	165	7755	76.3137	2.37562	35.6	41.5
MV-4128_S29__NODE_615_length_10158_cov_11.548154	1	10158	2	275	2.70723	0.0297303	36.6	6
Biragzang__NODE_896_length_10149_cov_28.846741	1	10149	158	7415	73.0614	2.2822	35.3	42
MV-4122_S12__NODE_1378_length_10138_cov_40.152732	1	10138	2	143	1.41053	0.0282107	36.4	42
Biragzang__NODE_898_length_10131_cov_12.019849	1	10131	3	407	4.01737	0.0447142	34.8	35.7
Biragzang__NODE_899_length_10127_cov_7.883539	1	10127	10	584	5.76676	0.149106	36.3	42
Biragzang__NODE_900_length_10115_cov_12.918588	1	10115	815	9722	96.1147	11.8402	35.6	42
Biragzang__NODE_901_length_10109_cov_10.550229	1	10109	18	1219	12.0586	0.258977	35.4	42
Biragzang__NODE_902_length_10098_cov_48.465100	1	10098	289	7453	73.8067	4.2044	35.7	40
MV-4128_S29__NODE_624_length_10095_cov_6.659263	1	10095	18	1993	19.7424	0.269242	35.2	42
Biragzang__NODE_904_length_10091_cov_7.638900	1	10091	52	3918	38.8267	0.762858	35.1	41.9
Biragzang__NODE_907_length_10084_cov_48.763785	1	10084	372	8099	80.3154	5.48106	35.6	40.7
MV-4128_S29__NODE_626_length_10079_cov_7.672785	1	10079	2	244	2.42088	0.0299633	33.7	42
Biragzang__NODE_908_length_10062_cov_13.835515	1	10062	42	3544	35.2216	0.630292	35.4	42
MV-4128_S29__NODE_629_length_10061_cov_22.767539	1	10061	3	318	3.16072	0.0450253	36	24
Biragzang__NODE_910_length_10029_cov_12.354923	1	10029	36	2760	27.5202	0.524479	35.7	42
Biragzang__NODE_911_length_10012_cov_7.421613	1	10012	26	522	5.21374	0.356772	35.6	27.7
Biragzang__NODE_912_length_10011_cov_14.189634	1	10011	836	9851	98.4018	12.35	35.5	41.6
MV-4125_S18__NODE_1113_length_10009_cov_12.996082	1	10009	4	402	4.01639	0.0593466	36.4	1
cell-4125-0-44_S16__NODE_99_length_10008_cov_10.019090	1	10008	8	634	6.33493	0.119105	35.6	13.5
Biragzang__NODE_916_length_9995_cov_11.110463	1	9995	615	9916	99.2096	9.10465	35.4	41.4
Biragzang__NODE_917_length_9994_cov_10.925445	1	9994	4	207	2.07124	0.0604363	36.4	42
Biragzang__NODE_918_length_9987_cov_8.988321	1	9987	64	4401	44.0673	0.959247	35.4	41.8
Biragzang__NODE_920_length_9976_cov_14.571515	1	9976	43	1386	13.8933	0.643244	35	38.3
Biragzang__NODE_921_length_9976_cov_14.024292	1	9976	13	1632	16.3593	0.196772	35.2	41.8
Biragzang__NODE_922_length_9974_cov_8.502672	1	9974	45	3449	34.5799	0.643172	35.6	42
Biragzang__NODE_924_length_9960_cov_13.241494	1	9960	24	2232	22.4096	0.359438	35.4	42
Biragzang__NODE_925_length_9954_cov_13.437317	1	9954	2	128	1.28592	0.0257183	36.5	42
Biragzang__NODE_926_length_9951_cov_53.047898	1	9951	356	8901	89.4483	5.2644	35.4	40.3
cell-4122-0-44_S10__NODE_207_length_9946_cov_12.593368	1	9946	2	182	1.82988	0.030364	33.7	42
MV-4128_S29__NODE_634_length_9942_cov_24.556589	1	9942	2	205	2.06196	0.0303762	36.4	42
Biragzang__NODE_928_length_9929_cov_10.273243	1	9929	619	9844	99.1439	9.14302	35.4	41.8
MV-4122_S12__NODE_1411_length_9928_cov_50.493872	1	9928	2	168	1.69218	0.030419	36.1	42
Biragzang__NODE_930_length_9914_cov_48.591541	1	9914	339	8467	85.4045	5.06102	35.6	40.5
Biragzang__NODE_933_length_9856_cov_15.851648	1	9856	4	478	4.84984	0.0612825	36.4	42
MV-4128_S29__NODE_643_length_9853_cov_7.505001	1	9853	10	717	7.27697	0.145945	35.6	42
Biragzang__NODE_936_length_9845_cov_40.083759	1	9845	14	1122	11.3966	0.214728	35.7	23.2
Biragzang__NODE_937_length_9844_cov_15.286853	1	9844	567	9053	91.9646	8.46119	35.4	41
Biragzang__NODE_938_length_9843_cov_8.021046	1	9843	47	3542	35.985	0.719394	35.5	42
Biragzang__NODE_939_length_9836_cov_41.411001	1	9836	147	4940	50.2237	2.20323	35.5	31.5
Biragzang__NODE_942_length_9822_cov_11.829835	1	9822	16	1590	16.1881	0.244757	35.9	42
Biragzang__NODE_944_length_9817_cov_13.682647	1	9817	786	9697	98.7776	11.7439	35.5	41.8
Biragzang__NODE_945_length_9805_cov_11.260615	1	9805	14	1452	14.8088	0.207445	36.2	42
Biragzang__NODE_948_length_9789_cov_14.739984	1	9789	688	9760	99.7037	10.2563	35.6	41.6
Biragzang__NODE_950_length_9782_cov_27.434975	1	9782	129	7794	79.677	1.95512	35.6	41.9
MV-4128_S29__NODE_647_length_9779_cov_8.712258	1	9779	6	663	6.77983	0.0926475	36	42
Biragzang__NODE_955_length_9764_cov_10.120713	1	9764	563	9663	98.9656	8.42319	35.6	41.2
cell-4125-0-44_S16__NODE_109_length_9749_cov_11.402311	1	9749	1	151	1.54888	0.0154888	35.9	0
cell-4125-0-44_S16__NODE_110_length_9733_cov_9.519116	1	9733	2	215	2.20898	0.0310285	35.8	7
MV-4125_S18__NODE_1151_length_9721_cov_18.095076	1	9721	5	424	4.36169	0.0776669	34.6	21.8
Biragzang__NODE_959_length_9705_cov_37.659793	1	9705	4	453	4.6677	0.062236	36.3	32.5
cell-4125-0-44_S16__NODE_112_length_9702_cov_8.738572	1	9702	3	362	3.73119	0.0466914	33.6	18
Biragzang__NODE_960_length_9695_cov_9.226349	1	9695	84	5790	59.7215	1.27241	35.8	41.4
Biragzang__NODE_961_length_9694_cov_27.791161	1	9694	181	7354	75.8614	2.71188	35.6	42
MV-4125_S18__NODE_1155_length_9685_cov_18.416615	1	9685	4	418	4.31595	0.0602994	35	1
cell-4122-0-44_S10__NODE_218_length_9664_cov_45.119055	1	9664	2	94	0.972682	0.0194536	33.9	40
Biragzang__NODE_967_length_9648_cov_26.195455	1	9648	4	183	1.89677	0.0626036	36.3	13
MV-4125_S18__NODE_1159_length_9638_cov_12.392257	1	9638	2	302	3.13343	0.0313343	34.8	42
Biragzang__NODE_968_length_9637_cov_8.035901	1	9637	56	4552	47.2346	0.862509	35.8	42
Biragzang__NODE_970_length_9634_cov_11.786512	1	9634	14	1617	16.7843	0.219431	35.9	42
Biragzang__NODE_971_length_9613_cov_7.642498	1	9613	46	4214	43.8365	0.715177	35.3	41
Biragzang__NODE_973_length_9605_cov_35.501361	1	9605	5	453	4.71629	0.0786049	36.3	38.2
Biragzang__NODE_974_length_9604_cov_49.746675	1	9604	4	390	4.06081	0.0620575	36.4	21.5
Biragzang__NODE_975_length_9603_cov_9.620758	1	9603	6	604	6.2897	0.0943455	36.1	42
Biragzang__NODE_976_length_9602_cov_6.912014	1	9602	48	4104	42.7411	0.743387	35.9	41.6
Biragzang__NODE_977_length_9591_cov_11.290373	1	9591	14	1371	14.2947	0.212491	34.6	42
Biragzang__NODE_979_length_9579_cov_11.351953	1	9579	615	9498	99.1544	9.50538	35.4	41.8
Biragzang__NODE_980_length_9576_cov_55.018170	1	9576	2	252	2.63158	0.0315372	36.8	42
Biragzang__NODE_982_length_9543_cov_15.783621	1	9543	808	9452	99.0464	12.4722	35.6	41.4
MV-4128_S29__NODE_666_length_9529_cov_16.455351	1	9529	2	165	1.73156	0.0316927	36.3	42
Biragzang__NODE_983_length_9528_cov_13.359548	1	9528	24	1878	19.7103	0.372586	34.2	42
Biragzang__NODE_984_length_9511_cov_43.073393	1	9511	14	270	2.83882	0.214068	35.9	42
cell-4125-0-44_S16__NODE_117_length_9509_cov_8.332663	1	9509	8	622	6.54117	0.114208	35.3	22.5
Biragzang__NODE_988_length_9486_cov_8.382462	1	9486	40	3539	37.3076	0.607843	35.7	38.8
Biragzang__NODE_989_length_9485_cov_14.846766	1	9485	812	9390	98.9984	12.5184	35.5	41.1
Biragzang__NODE_991_length_9479_cov_49.344228	1	9479	339	7856	82.8779	5.28505	35.5	39.1
cell-4125-0-44_S16__NODE_118_length_9471_cov_8.230140	1	9471	13	1200	12.6703	0.190899	35	40.5
Biragzang__NODE_994_length_9468_cov_25.344205	1	9468	90	5195	54.869	1.39649	35.5	41.6
Biragzang__NODE_995_length_9463_cov_13.159864	1	9463	31	2870	30.3286	0.471309	35.6	41.9
Biragzang__NODE_997_length_9457_cov_10.180068	1	9457	7	878	9.28413	0.111769	34.3	42
Biragzang__NODE_998_length_9457_cov_7.926505	1	9457	10	1162	12.2872	0.15967	35.8	42
Biragzang__NODE_999_length_9456_cov_13.198702	1	9456	12	849	8.97843	0.184222	35.8	42
Biragzang__NODE_1001_length_9447_cov_9.543548	1	9447	14	1485	15.7193	0.215518	35.7	42
Biragzang__NODE_1003_length_9442_cov_69.901779	1	9442	127	6686	70.8113	2.01091	35.6	37.4
Biragzang__NODE_1004_length_9439_cov_23.535699	1	9439	136	5728	60.6844	2.11495	35.3	41.5
Biragzang__NODE_1006_length_9437_cov_37.966851	1	9437	199	7964	84.3912	3.11169	35.7	42
Biragzang__NODE_1007_length_9435_cov_34.435394	1	9435	31	711	7.53577	0.486592	35.6	11.1
Biragzang__NODE_1010_length_9412_cov_9.872288	1	9412	12	755	8.02167	0.191989	35.7	34.1
Biragzang__NODE_1012_length_9401_cov_34.070939	1	9401	154	7519	79.9809	2.3472	35.3	41.4
Biragzang__NODE_1017_length_9386_cov_18.073518	1	9386	2	302	3.21756	0.0321756	35.5	42
Biragzang__NODE_1018_length_9384_cov_14.838782	1	9384	28	2831	30.1684	0.445439	35.1	41.4
Biragzang__NODE_1019_length_9377_cov_13.583888	1	9377	747	9226	98.3897	11.8187	35.5	41.9
Biragzang__NODE_1020_length_9376_cov_9.846798	1	9376	510	8935	95.2965	8.00128	35.4	41.9
Biragzang__NODE_1021_length_9373_cov_13.655613	1	9373	4	383	4.08621	0.0512109	35.7	42
cell-4125-0-44_S16__NODE_120_length_9373_cov_10.025005	1	9373	4	399	4.25691	0.0627334	35.9	3
Biragzang__NODE_1024_length_9354_cov_39.779654	1	9354	175	7077	75.6575	2.78394	35.8	41.7
Biragzang__NODE_1026_length_9349_cov_32.382612	1	9349	165	6684	71.4943	2.56006	35.6	41
MV-4122_S12__NODE_1495_length_9339_cov_11.323029	1	9339	2	81	0.867331	0.0173466	36.2	22
Biragzang__NODE_1029_length_9333_cov_11.882733	1	9333	4	458	4.90732	0.0647166	36.4	42
Biragzang__NODE_1030_length_9332_cov_53.846287	1	9332	360	8641	92.5954	5.69235	35.6	37.2
Biragzang__NODE_1031_length_9332_cov_13.011642	1	9332	660	9309	99.7535	10.4585	35.4	41.9
MV-4128_S29__NODE_678_length_9328_cov_9.905856	1	9328	10	801	8.58705	0.161878	36.3	42
Biragzang__NODE_1032_length_9327_cov_15.894737	1	9327	779	9210	98.7456	12.3812	35.5	41.5
MV-4128_S29__NODE_683_length_9295_cov_7.840476	1	9295	6	496	5.3362	0.0856374	35.1	42
Biragzang__NODE_1037_length_9281_cov_12.566226	1	9281	22	1955	21.0645	0.355134	35.2	42
Biragzang__NODE_1038_length_9280_cov_9.835230	1	9280	50	4084	44.0086	0.813578	35.4	42
Biragzang__NODE_1040_length_9276_cov_30.157033	1	9276	106	5475	59.0233	1.67896	35.3	34.7
Biragzang__NODE_1041_length_9273_cov_43.164027	1	9273	6	738	7.95859	0.097703	36	42
Biragzang__NODE_1042_length_9269_cov_13.992294	1	9269	16	1503	16.2153	0.260654	35.8	42
Biragzang__NODE_1044_length_9263_cov_45.462750	1	9263	2	172	1.85685	0.0326028	36.3	42
Biragzang__NODE_1045_length_9263_cov_6.357298	1	9263	35	3042	32.8403	0.556083	35.4	42
Biragzang__NODE_1046_length_9257_cov_7.870028	1	9257	46	3399	36.7182	0.732635	35.6	42
Biragzang__NODE_1047_length_9255_cov_8.778804	1	9255	34	2617	28.2766	0.540032	35.8	42
Biragzang__NODE_1050_length_9240_cov_55.257485	1	9240	2	284	3.07359	0.032684	36.3	42
Biragzang__NODE_1051_length_9237_cov_13.267480	1	9237	10	1327	14.3661	0.163473	35.5	40.4
MV-4125_S18__NODE_1221_length_9237_cov_20.205946	1	9237	2	88	0.95269	0.0190538	36.8	6
Biragzang__NODE_1054_length_9225_cov_14.119193	1	9225	19	919	9.96206	0.311003	35.5	40.2
Biragzang__NODE_1055_length_9219_cov_9.851157	1	9219	40	3703	40.167	0.652023	35.2	41.1
Biragzang__NODE_1056_length_9216_cov_10.447222	1	9216	6	731	7.93186	0.0983073	34	42
Biragzang__NODE_1058_length_9210_cov_11.435281	1	9210	8	598	6.49294	0.131162	36.2	42
Biragzang__NODE_1060_length_9202_cov_11.499289	1	9202	608	9135	99.2719	9.73604	35.6	41.8
Biragzang__NODE_1063_length_9193_cov_10.631976	1	9193	3	369	4.01392	0.0492766	33.8	36
Biragzang__NODE_1065_length_9184_cov_7.358637	1	9184	46	3525	38.382	0.74216	35.6	42
Biragzang__NODE_1066_length_9171_cov_11.815050	1	9171	414	5934	64.704	6.69796	35.4	41.9
Biragzang__NODE_1067_length_9165_cov_11.049506	1	9165	4	485	5.29187	0.0659029	36.2	42
MV-4125_S18__NODE_1231_length_9165_cov_22.484303	1	9165	3	413	4.50627	0.0494272	36.2	4
Biragzang__NODE_1068_length_9160_cov_8.959802	1	9160	21	2095	22.8712	0.338974	35.4	41.9
MV-4125_S18__NODE_1234_length_9153_cov_22.278962	1	9153	6	386	4.2172	0.0989839	34.5	20
Biragzang__NODE_1070_length_9151_cov_10.158421	1	9151	50	4547	49.6886	0.802972	35.8	41.2
Biragzang__NODE_1071_length_9136_cov_8.451382	1	9136	59	4515	49.4199	0.969461	35	42
Biragzang__NODE_1072_length_9135_cov_14.036784	1	9135	14	1243	13.607	0.227915	36.1	42
Biragzang__NODE_1073_length_9131_cov_39.706258	1	9131	195	7242	79.3122	3.15256	35.4	41.9
Biragzang__NODE_1076_length_9107_cov_14.197746	1	9107	715	9087	99.7804	11.5879	35.5	41.6
Biragzang__NODE_1079_length_9083_cov_50.400310	1	9083	273	6348	69.8888	4.4722	35.7	39
Biragzang__NODE_1083_length_9066_cov_12.095550	1	9066	4	493	5.4379	0.0666225	36.2	42
Biragzang__NODE_1084_length_9065_cov_33.390011	1	9065	1	151	1.66575	0.0166575	35	8
Biragzang__NODE_1085_length_9062_cov_7.410014	1	9062	40	2781	30.6886	0.663209	35.3	42
Biragzang__NODE_1086_length_9059_cov_9.427477	1	9059	4	408	4.50381	0.0567392	36.3	36
cell-4125-0-44_S16__NODE_135_length_9057_cov_8.402799	1	9057	10	1289	14.2321	0.16628	35.9	38.4
Biragzang__NODE_1088_length_9052_cov_57.795487	1	9052	520	8665	95.7247	8.47382	35.6	41.9
Biragzang__NODE_1091_length_9041_cov_10.819831	1	9041	12	1388	15.3523	0.20042	34.4	42
Biragzang__NODE_1092_length_9039_cov_12.296638	1	9039	18	1583	17.513	0.291183	36	42
Biragzang__NODE_1099_length_9017_cov_53.638585	1	9017	364	8154	90.4292	5.96207	35.6	41.1
Biragzang__NODE_1100_length_9016_cov_8.454302	1	9016	54	3113	34.5275	0.868012	35.6	41.6
Biragzang__NODE_1102_length_9011_cov_11.928986	1	9011	28	2836	31.4726	0.466763	34.5	41.8
Biragzang__NODE_1103_length_8998_cov_13.365761	1	8998	700	8998	100	11.4195	35.6	41.8
Biragzang__NODE_1104_length_8998_cov_12.544113	1	8998	12	1129	12.5472	0.201156	36.1	42
Biragzang__NODE_1105_length_8996_cov_50.853596	1	8996	4	383	4.25745	0.067141	35.4	42
Biragzang__NODE_1106_length_8994_cov_9.666629	1	8994	21	1947	21.6478	0.334334	35.1	41.9
Biragzang__NODE_1110_length_8984_cov_52.507560	1	8984	7	822	9.1496	0.117654	36.3	39.4
Biragzang__NODE_1111_length_8979_cov_23.221425	1	8979	2	222	2.47244	0.033634	36.4	42
Biragzang__NODE_1112_length_8975_cov_7.984641	1	8975	66	4198	46.7744	1.08345	35.7	42
Biragzang__NODE_1114_length_8971_cov_8.420704	1	8971	40	2660	29.6511	0.640174	35.2	40.2
Biragzang__NODE_1115_length_8969_cov_9.115885	1	8969	10	521	5.8089	0.168358	36	42
Biragzang__NODE_1116_length_8968_cov_7.279816	1	8968	56	4272	47.636	0.908341	35.6	42
Biragzang__NODE_1119_length_8962_cov_7.002919	1	8962	1	151	1.68489	0.0168489	34.9	3
Biragzang__NODE_1120_length_8957_cov_8.003145	1	8957	31	3129	34.9336	0.520598	35.2	41.9
Biragzang__NODE_1121_length_8949_cov_24.200585	1	8949	757	8510	95.0944	12.4431	35.5	40.3
Biragzang__NODE_1122_length_8948_cov_26.937704	1	8948	32	2470	27.6039	0.520787	35.5	38.2
Biragzang__NODE_1126_length_8935_cov_55.675225	1	8935	346	8347	93.4191	5.73195	35.4	40.8
Biragzang__NODE_1129_length_8926_cov_46.226919	1	8926	2	125	1.4004	0.0280081	36.3	15.5
Biragzang__NODE_1130_length_8921_cov_9.834311	1	8921	512	8553	95.8749	8.41587	35.5	41.8
Biragzang__NODE_1134_length_8898_cov_10.478910	1	8898	20	1599	17.9703	0.336031	35.7	42
cell-4125-0-44_S16__NODE_141_length_8890_cov_10.083418	1	8890	1	151	1.69854	0.0169854	34.6	2
Biragzang__NODE_1136_length_8886_cov_9.335862	1	8886	14	1157	13.0205	0.237677	35.9	40.7
Biragzang__NODE_1137_length_8886_cov_9.302457	1	8886	52	3967	44.6433	0.873734	35.7	42
MV-4122_S12__NODE_1574_length_8885_cov_84.778822	1	8885	4	302	3.39899	0.0544738	36.2	1
Biragzang__NODE_1140_length_8876_cov_15.951820	1	8876	434	8659	97.5552	7.20967	35.7	41.6
Biragzang__NODE_1143_length_8864_cov_13.139743	1	8864	357	8450	95.3294	5.96988	35.7	41.6
Biragzang__NODE_1146_length_8854_cov_55.187635	1	8854	266	6920	78.1568	4.49243	35.7	36.4
Biragzang__NODE_1148_length_8850_cov_9.298920	1	8850	16	1820	20.565	0.256045	34.8	41.8
Biragzang__NODE_1149_length_8846_cov_10.916051	1	8846	8	515	5.82184	0.136559	34.6	36.5
Biragzang__NODE_1150_length_8843_cov_22.996928	1	8843	140	6692	75.6757	2.35915	35.4	41.8
Biragzang__NODE_1151_length_8843_cov_9.348202	1	8843	4	424	4.79475	0.0683026	35.1	42
Biragzang__NODE_1152_length_8842_cov_8.384545	1	8842	46	4364	49.3553	0.785569	35.6	42
Biragzang__NODE_1156_length_8834_cov_9.602802	1	8834	26	2442	27.6432	0.428345	36	42
Biragzang__NODE_1157_length_8830_cov_32.070541	1	8830	124	6211	70.3398	2.06251	35.5	41.4
Biragzang__NODE_1158_length_8829_cov_53.732961	1	8829	2	302	3.42055	0.0342055	35.3	42
MV-4122_S12__NODE_1586_length_8814_cov_73.434867	1	8814	2	178	2.01951	0.0342637	36.3	12
Biragzang__NODE_1164_length_8807_cov_6.676417	1	8807	32	3041	34.5294	0.524583	35.1	42
Biragzang__NODE_1166_length_8801_cov_10.133089	1	8801	58	4475	50.8465	0.980343	35.6	42
Biragzang__NODE_1172_length_8780_cov_9.481605	1	8780	16	1011	11.5148	0.250114	35.5	42
MV-4125_S18__NODE_1292_length_8772_cov_16.764598	1	8772	4	381	4.34337	0.0688554	36.4	39
Biragzang__NODE_1175_length_8763_cov_30.494832	1	8763	157	7069	80.6687	2.63974	35.6	42
MV-4122_S12__NODE_1599_length_8761_cov_26.991615	1	8761	1	142	1.62082	0.0162082	36	0
Biragzang__NODE_1176_length_8758_cov_11.104906	1	8758	7	441	5.0354	0.12069	35.3	42
Biragzang__NODE_1178_length_8751_cov_19.655934	1	8751	82	4612	52.7025	1.37116	35.4	40.6
Biragzang__NODE_1179_length_8748_cov_9.270908	1	8748	3	446	5.09831	0.0517833	35.1	33.3
Biragzang__NODE_1180_length_8738_cov_37.531038	1	8738	210	8182	93.637	3.57244	35.4	41.9
Biragzang__NODE_1181_length_8735_cov_10.527419	1	8735	48	3424	39.1986	0.809044	35.5	42
Biragzang__NODE_1185_length_8726_cov_23.391650	1	8726	4	302	3.46092	0.0692184	36.2	42
Biragzang__NODE_1188_length_8715_cov_40.204503	1	8715	2	302	3.46529	0.0346529	36.1	42
Biragzang__NODE_1192_length_8695_cov_7.275579	1	8695	35	2625	30.1898	0.588039	34.6	41.5
Biragzang__NODE_1193_length_8693_cov_11.364089	1	8693	6	435	5.00403	0.104222	36.1	42
Biragzang__NODE_1195_length_8688_cov_10.096374	1	8688	28	2991	34.4268	0.480318	35.5	42
Biragzang__NODE_1196_length_8687_cov_10.481696	1	8687	540	8498	97.8243	9.06492	35.5	40.7
MV-4125_S18__NODE_1312_length_8684_cov_16.712597	1	8684	2	210	2.41824	0.0347766	36.1	36
cell-4125-0-44_S16__NODE_148_length_8674_cov_5.875740	1	8674	2	157	1.81001	0.0348167	33	42
Biragzang__NODE_1201_length_8663_cov_8.965846	1	8663	440	8125	93.7897	7.45065	35.5	41.4
Biragzang__NODE_1202_length_8659_cov_14.583333	1	8659	423	8334	96.2467	7.25834	35.5	38.9
Biragzang__NODE_1203_length_8651_cov_12.139716	1	8651	577	8649	99.9769	9.83193	35.5	41.2
Biragzang__NODE_1206_length_8643_cov_11.956567	1	8643	9	804	9.30233	0.150989	35.5	39.6
Biragzang__NODE_1207_length_8642_cov_13.947362	1	8642	704	8520	98.5883	12.0275	35.5	42
Biragzang__NODE_1210_length_8635_cov_14.376224	1	8635	12	1099	12.7273	0.209844	36	42
cell-4125-0-44_S16__NODE_151_length_8635_cov_9.939860	1	8635	4	312	3.6132	0.066242	35.9	31.5
Biragzang__NODE_1212_length_8631_cov_11.075793	1	8631	4	430	4.98204	0.0699803	35.6	41
Biragzang__NODE_1213_length_8629_cov_12.344063	1	8629	38	3252	37.6869	0.645614	35.6	41.1
Biragzang__NODE_1219_length_8617_cov_13.642140	1	8617	21	1913	22.2003	0.367994	35.3	42
MV-4122_S12__NODE_1632_length_8616_cov_29.575050	1	8616	2	288	3.34262	0.0350511	36.2	42
Biragzang__NODE_1222_length_8603_cov_45.065863	1	8603	256	7459	86.7023	4.38975	35.4	40
Biragzang__NODE_1224_length_8596_cov_36.309566	1	8596	1	151	1.75663	0.0175663	34.9	23
Biragzang__NODE_1225_length_8596_cov_11.361550	1	8596	3	286	3.32713	0.0489763	36.6	30.7
Biragzang__NODE_1226_length_8595_cov_10.702810	1	8595	14	1502	17.4753	0.238278	36	42
Biragzang__NODE_1228_length_8589_cov_9.974455	1	8589	490	8433	98.1837	8.4366	35.6	41.7
Biragzang__NODE_1231_length_8574_cov_12.445357	1	8574	48	1557	18.1596	0.840564	35.1	25.8
Biragzang__NODE_1232_length_8572_cov_58.212399	1	8572	403	8233	96.0453	6.95334	35.5	41.4
Biragzang__NODE_1236_length_8561_cov_54.298613	1	8561	293	6734	78.659	4.99299	35.7	38.1
Biragzang__NODE_1238_length_8554_cov_9.457819	1	8554	6	406	4.74632	0.105915	35.9	42
Biragzang__NODE_1239_length_8553_cov_8.235703	1	8553	3	338	3.95183	0.0529639	35.8	42
Biragzang__NODE_1240_length_8550_cov_10.307710	1	8550	4	481	5.62573	0.0706433	34.9	33
Biragzang__NODE_1241_length_8549_cov_49.764657	1	8549	4	223	2.60849	0.0706515	36.4	42
Biragzang__NODE_1242_length_8524_cov_9.866926	1	8524	4	490	5.74847	0.0708588	36.3	42
cell-4125-0-44_S16__NODE_156_length_8520_cov_10.906202	1	8520	4	316	3.70892	0.070892	36.7	14
Biragzang__NODE_1243_length_8513_cov_8.838614	1	8513	38	2787	32.7382	0.64795	35.1	42
Biragzang__NODE_1244_length_8511_cov_13.358444	1	8511	7	573	6.73246	0.124192	36.3	42
Biragzang__NODE_1245_length_8509_cov_27.258339	1	8509	140	6574	77.2594	2.36432	35.3	42
Biragzang__NODE_1249_length_8496_cov_9.289539	1	8496	2	151	1.77731	0.0355461	35.9	42
Biragzang__NODE_1252_length_8482_cov_9.956568	1	8482	489	8303	97.8896	8.42985	35.4	41.9
Biragzang__NODE_1253_length_8481_cov_10.737954	1	8481	3	421	4.96404	0.0534135	33.9	36
Biragzang__NODE_1254_length_8479_cov_13.042854	1	8479	14	1549	18.2687	0.242599	35.2	42
Biragzang__NODE_1256_length_8471_cov_9.391635	1	8471	5	587	6.92952	0.0851139	35.4	42
Biragzang__NODE_1258_length_8466_cov_8.292117	1	8466	14	1101	13.005	0.236239	35.7	42
Biragzang__NODE_1260_length_8457_cov_17.951797	1	8457	186	4537	53.6479	3.2761	35.6	41.5
Biragzang__NODE_1261_length_8454_cov_48.221693	1	8454	157	6028	71.3035	2.7083	35.5	32.2
Biragzang__NODE_1265_length_8447_cov_9.331387	1	8447	73	4657	55.132	1.28412	35.4	42
Biragzang__NODE_1266_length_8445_cov_7.299523	1	8445	49	4387	51.9479	0.872232	34.9	42
Biragzang__NODE_1267_length_8441_cov_27.622705	1	8441	74	4584	54.3064	1.2662	35.5	41.3
MV-4128_S29__NODE_758_length_8428_cov_6.429834	1	8428	4	390	4.62743	0.0716659	35.5	42
Biragzang__NODE_1272_length_8426_cov_11.821527	1	8426	4	183	2.17185	0.0716829	36.1	42
Biragzang__NODE_1273_length_8421_cov_8.099689	1	8421	50	4203	49.9109	0.884218	35.4	42
Biragzang__NODE_1276_length_8416_cov_9.922139	1	8416	44	3418	40.6131	0.789449	35.5	41.2
cell-4125-0-44_S16__NODE_166_length_8413_cov_11.152668	1	8413	6	522	6.20468	0.10769	36.3	30.7
Biragzang__NODE_1278_length_8411_cov_11.613092	1	8411	10	785	9.33302	0.174533	35.4	42
Biragzang__NODE_1279_length_8407_cov_14.701269	1	8407	743	8323	99.0008	12.9919	35.5	41.5
Biragzang__NODE_1280_length_8406_cov_7.368100	1	8406	52	4415	52.522	0.923864	35.7	42
Biragzang__NODE_1281_length_8403_cov_10.573551	1	8403	36	3079	36.6417	0.641914	34.8	42
Biragzang__NODE_1282_length_8398_cov_13.089896	1	8398	645	8366	99.619	11.3595	35.4	41.9
Biragzang__NODE_1285_length_8388_cov_7.814113	1	8388	74	5325	63.4835	1.30162	35.5	42
MV-4128_S29__NODE_764_length_8386_cov_5.961229	1	8386	12	1124	13.4033	0.216074	34.8	42
Biragzang__NODE_1286_length_8385_cov_38.920408	1	8385	168	6832	81.4788	2.96577	35.5	41.8
Biragzang__NODE_1287_length_8377_cov_30.259913	1	8377	4	547	6.52978	0.0721022	36	40
Biragzang__NODE_1290_length_8364_cov_9.598628	1	8364	18	1704	20.373	0.304161	35.7	42
Biragzang__NODE_1292_length_8350_cov_29.196022	1	8350	5	555	6.64671	0.0892216	36	31.2
Biragzang__NODE_1294_length_8344_cov_12.233683	1	8344	616	8135	97.4952	10.8423	35.6	41.8
Biragzang__NODE_1295_length_8339_cov_11.334862	1	8339	16	1370	16.4288	0.286605	36	42
MV-4122_S12__NODE_1678_length_8337_cov_113.177976	1	8337	8	640	7.67662	0.142977	36.1	31.8
Biragzang__NODE_1299_length_8323_cov_10.606555	1	8323	45	3373	40.5263	0.813288	35.6	41.6
Biragzang__NODE_1301_length_8321_cov_14.370070	1	8321	18	1467	17.6301	0.307175	35.3	42
Biragzang__NODE_1309_length_8294_cov_25.028523	1	8294	101	5918	71.3528	1.81372	35.4	42
Biragzang__NODE_1312_length_8280_cov_12.479027	1	8280	2	195	2.35507	0.0364734	36.5	42
Biragzang__NODE_1314_length_8272_cov_16.368139	1	8272	737	8108	98.0174	13.1919	35.5	40.7
Biragzang__NODE_1317_length_8267_cov_9.747077	1	8267	34	3391	41.0185	0.618362	35.5	42
Biragzang__NODE_1319_length_8253_cov_12.149427	1	8253	16	1581	19.1567	0.287168	36	42
Biragzang__NODE_1320_length_8252_cov_57.300232	1	8252	2	301	3.6476	0.0365972	36	42
Biragzang__NODE_1321_length_8252_cov_48.723801	1	8252	339	7376	89.3844	6.10616	35.5	41
Biragzang__NODE_1322_length_8251_cov_8.934846	1	8251	4	469	5.68416	0.0732032	35.9	34
MV-4128_S29__NODE_775_length_8240_cov_26.996701	1	8240	4	153	1.8568	0.073301	36.4	6
Biragzang__NODE_1332_length_8227_cov_54.577827	1	8227	2	302	3.67084	0.0367084	35.9	27
Biragzang__NODE_1335_length_8191_cov_14.127950	1	8191	686	8111	99.0233	12.3218	35.5	41.9
Biragzang__NODE_1339_length_8181_cov_11.399089	1	8181	14	919	11.2333	0.251803	35.7	42
Biragzang__NODE_1342_length_8171_cov_10.229423	1	8171	6	451	5.51952	0.11088	34.8	41.3
Biragzang__NODE_1343_length_8163_cov_13.006167	1	8163	644	7969	97.6234	11.687	35.5	41.8
Biragzang__NODE_1344_length_8161_cov_11.017148	1	8161	8	708	8.67541	0.148021	35.9	38.2
MV-4122_S12__NODE_1706_length_8160_cov_31.662554	1	8160	4	276	3.38235	0.0656863	36.3	9.5
Biragzang__NODE_1345_length_8155_cov_9.673457	1	8155	18	1370	16.7995	0.332557	35.5	42
Biragzang__NODE_1346_length_8149_cov_11.240796	1	8149	16	1358	16.6646	0.284207	36	42
Biragzang__NODE_1349_length_8137_cov_9.843108	1	8137	10	1064	13.0761	0.178936	35.6	42
Biragzang__NODE_1350_length_8132_cov_7.644422	1	8132	28	2818	34.6532	0.516478	36	42
Biragzang__NODE_1351_length_8122_cov_5.989587	1	8122	4	432	5.31889	0.0743659	35.9	32.8
Biragzang__NODE_1353_length_8117_cov_10.978789	1	8117	2	182	2.24221	0.0372059	36.1	42
Biragzang__NODE_1354_length_8113_cov_36.718292	1	8113	182	6014	74.1279	3.30655	35.7	42
Biragzang__NODE_1355_length_8113_cov_14.341400	1	8113	12	1047	12.9052	0.208308	35.6	42
Biragzang__NODE_1356_length_8113_cov_9.396997	1	8113	11	911	11.2289	0.188216	35.1	42
MV-4125_S18__NODE_1431_length_8112_cov_20.906913	1	8112	4	302	3.72288	0.0739645	31.3	37.5
Biragzang__NODE_1357_length_8107_cov_11.669399	1	8107	8	983	12.1253	0.14765	35.9	42
cell-4125-0-44_S16__NODE_184_length_8106_cov_9.414234	1	8106	8	544	6.71108	0.149025	36.1	42
Biragzang__NODE_1359_length_8101_cov_47.161322	1	8101	8	248	3.06135	0.149117	35.9	42
Biragzang__NODE_1363_length_8086_cov_37.582493	1	8086	2	117	1.44695	0.0289389	36.6	42
Biragzang__NODE_1365_length_8082_cov_11.327893	1	8082	4	529	6.54541	0.074734	34.9	42
Biragzang__NODE_1366_length_8081_cov_10.290057	1	8081	1	151	1.86858	0.0186858	34.9	3
Biragzang__NODE_1368_length_8076_cov_10.849021	1	8076	12	1238	15.3294	0.224368	35.1	42
cell-4125-0-44_S16__NODE_186_length_8075_cov_6.244638	1	8075	6	633	7.83901	0.112198	36.2	42
Biragzang__NODE_1369_length_8068_cov_36.571072	1	8068	6	738	9.14725	0.108081	35.9	33.3
MV-4128_S29__NODE_793_length_8067_cov_7.989641	1	8067	9	733	9.0864	0.147639	35.7	40
Biragzang__NODE_1375_length_8056_cov_10.028746	1	8056	2	217	2.69364	0.0374876	35.8	42
MV-4122_S12__NODE_1731_length_8056_cov_13.388451	1	8056	4	466	5.78451	0.0749752	36.1	42
Biragzang__NODE_1377_length_8048_cov_12.424496	1	8048	310	7827	97.254	5.68091	35.6	41
Biragzang__NODE_1381_length_8040_cov_11.742142	1	8040	2	100	1.24378	0.0248756	35.3	42
Biragzang__NODE_1382_length_8035_cov_10.174311	1	8035	68	4512	56.1543	1.24294	35.5	42
Biragzang__NODE_1383_length_8023_cov_63.626506	1	8023	8	632	7.87735	0.130874	35.8	40
MV-4125_S18__NODE_1461_length_8013_cov_28.681453	1	8013	1	151	1.88444	0.0188444	36.8	3
Biragzang__NODE_1387_length_8011_cov_7.631850	1	8011	51	2970	37.074	0.921108	35.6	42
Biragzang__NODE_1390_length_8008_cov_8.475041	1	8008	394	7863	98.1893	7.21341	35.3	41.6
Biragzang__NODE_1391_length_8004_cov_57.697446	1	8004	453	7933	99.1129	8.38456	35.4	41.1
MV-4128_S29__NODE_800_length_8002_cov_15.121178	1	8002	2	191	2.3869	0.0377406	36.4	42
Biragzang__NODE_1394_length_7996_cov_8.028586	1	7996	20	1570	19.6348	0.377689	35	42
Biragzang__NODE_1395_length_7993_cov_10.104560	1	7993	10	815	10.1964	0.178656	33.8	42
Biragzang__NODE_1398_length_7988_cov_10.888693	1	7988	444	7885	98.7106	8.16149	35.6	41.7
cell-4125-0-44_S16__NODE_195_length_7978_cov_10.971223	1	7978	2	271	3.39684	0.0378541	36	1
Biragzang__NODE_1401_length_7970_cov_24.231586	1	7970	1	151	1.8946	0.018946	36.8	0
Biragzang__NODE_1402_length_7970_cov_10.408718	1	7970	6	604	7.57842	0.113676	34.3	41.3
MV-4125_S18__NODE_1467_length_7969_cov_20.304145	1	7969	4	509	6.38725	0.0757937	35.8	29.5
Biragzang__NODE_1403_length_7967_cov_7.939459	1	7967	46	3383	42.4627	0.846366	35.3	41.9
Biragzang__NODE_1406_length_7963_cov_7.912241	1	7963	46	3623	45.4979	0.867763	35.4	42
Biragzang__NODE_1408_length_7948_cov_10.610288	1	7948	30	2311	29.0765	0.523402	35.7	42
Biragzang__NODE_1410_length_7943_cov_12.763058	1	7943	569	7906	99.5342	10.5679	35.5	41.9
Biragzang__NODE_1412_length_7935_cov_12.288325	1	7935	6	641	8.07813	0.112161	36.1	42
Biragzang__NODE_1415_length_7921_cov_15.613272	1	7921	20	1812	22.8759	0.369398	35.7	41.7
Biragzang__NODE_1417_length_7920_cov_15.144819	1	7920	363	7609	96.0732	6.79722	35.6	40
Biragzang__NODE_1419_length_7915_cov_24.633079	1	7915	65	3234	40.8591	1.1832	35.5	37.2
Biragzang__NODE_1420_length_7912_cov_23.690594	1	7912	1	151	1.90849	0.0190849	33.6	24
cell-4125-0-44_S16__NODE_199_length_7907_cov_10.834947	1	7907	2	261	3.30087	0.038194	36.6	32
Biragzang__NODE_1422_length_7906_cov_16.416507	1	7906	576	7795	98.596	10.704	35.5	40.9
Biragzang__NODE_1424_length_7900_cov_7.469089	1	7900	34	2768	35.038	0.646835	35.8	41.4
MV-4128_S29__NODE_807_length_7899_cov_14.817823	1	7899	4	162	2.05089	0.0764654	36.2	42
Biragzang__NODE_1425_length_7889_cov_13.328568	1	7889	628	7660	97.0972	11.8541	35.5	41.5
Biragzang__NODE_1429_length_7876_cov_8.761284	1	7876	35	2676	33.9766	0.671026	35.5	42
Biragzang__NODE_1430_length_7873_cov_19.403044	1	7873	58	3630	46.1069	1.10098	35.6	42
Biragzang__NODE_1431_length_7868_cov_49.976194	1	7868	305	6821	86.6929	5.7303	35.5	40.1
Biragzang__NODE_1432_length_7859_cov_8.437340	1	7859	68	4244	54.0018	1.28464	35.6	41.5
Biragzang__NODE_1435_length_7843_cov_7.862481	1	7843	46	3689	47.0356	0.877725	35.5	42
cell-4125-0-44_S16__NODE_201_length_7832_cov_8.210492	1	7832	6	216	2.75792	0.115679	36.2	42
Biragzang__NODE_1437_length_7825_cov_9.695367	1	7825	35	3083	39.3994	0.668115	35.6	41.9
Biragzang__NODE_1438_length_7817_cov_36.826720	1	7817	143	5905	75.5405	2.67916	35.6	40.4
Biragzang__NODE_1439_length_7813_cov_33.116396	1	7813	130	6022	77.0767	2.39985	35.6	41.8
Biragzang__NODE_1441_length_7808_cov_48.566877	1	7808	180	6398	81.9416	3.42649	35.5	33.6
Biragzang__NODE_1445_length_7803_cov_8.640552	1	7803	376	7575	97.078	7.09471	35.5	41.6
Biragzang__NODE_1447_length_7799_cov_10.931043	1	7799	20	1701	21.8105	0.387229	36.1	42
MV-4128_S29__NODE_819_length_7792_cov_5.445651	1	7792	6	680	8.7269	0.116273	35.3	42
Biragzang__NODE_1450_length_7790_cov_15.487783	1	7790	644	7746	99.4352	12.2123	35.6	41.9
Biragzang__NODE_1451_length_7788_cov_30.459847	1	7788	128	5785	74.2809	2.41551	35.6	41.7
Biragzang__NODE_1452_length_7787_cov_9.687144	1	7787	2	202	2.59407	0.0387826	34.7	42
Biragzang__NODE_1453_length_7779_cov_9.493786	1	7779	42	2899	37.267	0.788148	35.3	41.1
Biragzang__NODE_1454_length_7776_cov_31.573889	1	7776	14	1305	16.7824	0.268519	36.3	42
Biragzang__NODE_1455_length_7759_cov_12.766485	1	7759	16	1436	18.5075	0.31138	35.2	42
Biragzang__NODE_1456_length_7756_cov_9.580574	1	7756	394	7431	95.8097	7.41129	35.5	42
MV-4128_S29__NODE_821_length_7754_cov_27.623068	1	7754	4	514	6.62884	0.0778953	36.3	22.5
Biragzang__NODE_1459_length_7748_cov_9.642142	1	7748	3	175	2.25865	0.0584667	36	8
Biragzang__NODE_1461_length_7743_cov_53.227497	1	7743	378	6873	88.764	7.24732	35.7	41.3
Biragzang__NODE_1462_length_7742_cov_10.136334	1	7742	4	361	4.66288	0.078016	34.1	42
Biragzang__NODE_1463_length_7741_cov_10.600312	1	7741	462	7472	96.525	8.77871	35.5	41.8
Biragzang__NODE_1465_length_7729_cov_9.499088	1	7729	14	1355	17.5314	0.269893	35	42
Biragzang__NODE_1466_length_7729_cov_9.140865	1	7729	8	599	7.75003	0.156294	36.1	42
Biragzang__NODE_1470_length_7716_cov_9.456859	1	7716	2	180	2.33281	0.0391395	36	42
Biragzang__NODE_1471_length_7710_cov_9.748922	1	7710	4	274	3.55383	0.0710765	34.4	41
Biragzang__NODE_1472_length_7704_cov_12.070336	1	7704	530	7600	98.6501	10.2538	35.3	41.8
Biragzang__NODE_1474_length_7691_cov_13.825563	1	7691	20	1860	24.1841	0.390326	35.7	42
Biragzang__NODE_1475_length_7690_cov_12.694434	1	7690	540	7506	97.6073	10.3471	35.5	41.9
Biragzang__NODE_1476_length_7687_cov_59.672825	1	7687	285	6472	84.1941	5.45024	35.6	37.2
MV-4128_S29__NODE_831_length_7683_cov_24.548374	1	7683	2	291	3.78758	0.0393076	36.3	6
Biragzang__NODE_1478_length_7681_cov_11.114215	1	7681	462	7670	99.8568	8.80133	35.4	41.7
MV-4128_S29__NODE_832_length_7679_cov_8.467865	1	7679	26	1591	20.7188	0.50892	35.6	42
Biragzang__NODE_1481_length_7673_cov_34.124836	1	7673	43	2552	33.2595	0.832399	35.5	42
Biragzang__NODE_1484_length_7653_cov_12.793367	1	7653	14	1481	19.3519	0.276232	34.4	42
Biragzang__NODE_1485_length_7638_cov_5.940789	1	7638	35	2309	30.2304	0.678843	35.2	41.5
cell-4122-0-44_S10__NODE_310_length_7638_cov_1517.774891	1	7638	1	151	1.97696	0.0197696	31.6	42
Biragzang__NODE_1486_length_7636_cov_11.991030	1	7636	2	302	3.95495	0.0395495	35.1	42
Biragzang__NODE_1487_length_7633_cov_10.863552	1	7633	14	1348	17.6602	0.273287	35.6	42
Biragzang__NODE_1488_length_7629_cov_13.624637	1	7629	20	1301	17.0533	0.370822	34.9	41
Biragzang__NODE_1489_length_7628_cov_10.107883	1	7628	4	413	5.41426	0.079182	35.5	42
Biragzang__NODE_1490_length_7624_cov_12.252874	1	7624	26	2203	28.8956	0.512592	35.9	42
Biragzang__NODE_1493_length_7617_cov_12.721634	1	7617	30	2698	35.4208	0.584482	36.1	42
MV-4128_S29__NODE_840_length_7615_cov_23.305026	1	7615	1	151	1.98293	0.0198293	36.6	42
MV-4128_S29__NODE_841_length_7609_cov_24.901509	1	7609	1	151	1.98449	0.0198449	36.3	4
Biragzang__NODE_1496_length_7608_cov_13.150669	1	7608	27	2406	31.6246	0.532729	35.6	41.6
Biragzang__NODE_1498_length_7603_cov_9.953498	1	7603	2	272	3.57754	0.0397212	36.4	42
Biragzang__NODE_1499_length_7600_cov_8.703645	1	7600	32	2582	33.9737	0.635789	36	42
Biragzang__NODE_1500_length_7591_cov_14.346736	1	7591	597	7580	99.8551	11.6575	35.7	41.1
Biragzang__NODE_1501_length_7591_cov_11.840366	1	7591	556	7489	98.6563	10.75	35.5	41.8
Biragzang__NODE_1503_length_7583_cov_34.180393	1	7583	126	6228	82.1311	2.48477	35.2	41.7
Biragzang__NODE_1504_length_7580_cov_11.064585	1	7580	508	7384	97.4142	9.83865	35.4	41.7
Biragzang__NODE_1505_length_7580_cov_8.346047	1	7580	36	2898	38.2322	0.682586	35.6	42
Biragzang__NODE_1507_length_7574_cov_53.048411	1	7574	209	7098	93.7153	4.06073	35.5	41.3
Biragzang__NODE_1508_length_7573_cov_7.087390	1	7573	48	3885	51.3007	0.943483	35.2	42
Biragzang__NODE_1509_length_7572_cov_47.997339	1	7572	229	6671	88.1009	4.44982	35.6	39.8
Biragzang__NODE_1513_length_7565_cov_9.541278	1	7565	8	716	9.46464	0.150165	36.2	42
MV-4122_S12__NODE_1814_length_7563_cov_20.234283	1	7563	2	153	2.02301	0.0399312	36.3	16
Biragzang__NODE_1517_length_7550_cov_11.675517	1	7550	496	7465	98.8742	9.59828	35.5	41.7
cell-4125-0-44_S16__NODE_220_length_7541_cov_11.383382	1	7541	2	302	4.00477	0.0400477	36.2	1
Biragzang__NODE_1518_length_7537_cov_11.611868	1	7537	8	747	9.91111	0.152581	35.3	42
cell-4125-0-44_S16__NODE_221_length_7535_cov_9.358021	1	7535	2	162	2.14997	0.0400796	36.6	42
MV-4128_S29__NODE_855_length_7533_cov_26.780824	1	7533	2	159	2.11071	0.0400903	33.6	18
Biragzang__NODE_1519_length_7527_cov_10.123260	1	7527	12	1390	18.4669	0.238076	35.6	42
cell-4125-0-44_S16__NODE_222_length_7522_cov_9.931030	1	7522	2	84	1.11672	0.0223345	34.5	34
Biragzang__NODE_1520_length_7519_cov_13.707931	1	7519	6	695	9.24325	0.120495	35.2	42
Biragzang__NODE_1521_length_7513_cov_27.802628	1	7513	274	7282	96.9253	5.43245	35.6	41.5
Biragzang__NODE_1522_length_7511_cov_14.486856	1	7511	285	7267	96.7514	5.61563	35.5	41.8
Biragzang__NODE_1524_length_7505_cov_11.717718	1	7505	493	7384	98.3877	9.66156	35.6	41.4
Biragzang__NODE_1526_length_7496_cov_11.963849	1	7496	505	7492	99.9466	9.96572	35.5	41.9
MV-4128_S29__NODE_860_length_7496_cov_5.042199	1	7496	8	636	8.48453	0.161153	34.6	42
Biragzang__NODE_1531_length_7481_cov_12.542957	1	7481	20	1698	22.6975	0.395402	35.6	42
Biragzang__NODE_1532_length_7478_cov_23.746464	1	7478	818	7322	97.9139	16.1557	35.6	42
MV-4128_S29__NODE_864_length_7470_cov_7.717869	1	7470	4	477	6.38554	0.0808568	33.3	42
Biragzang__NODE_1536_length_7456_cov_14.866910	1	7456	674	7337	98.404	13.3169	35.7	41.9
MV-4128_S29__NODE_870_length_7456_cov_7.175652	1	7456	18	1336	17.9185	0.364539	36	42
Biragzang__NODE_1538_length_7447_cov_31.298837	1	7447	95	5166	69.3702	1.8296	35.5	41.2
Biragzang__NODE_1539_length_7446_cov_9.051143	1	7446	34	3000	40.2901	0.684797	35.2	42
Biragzang__NODE_1540_length_7445_cov_17.153857	1	7445	12	810	10.8798	0.231565	35.9	0.667
Biragzang__NODE_1542_length_7442_cov_45.322594	1	7442	4	409	5.49583	0.0736361	34.8	42
cell-4125-0-44_S16__NODE_229_length_7430_cov_5.064136	1	7430	2	257	3.45895	0.040646	36.3	42
Biragzang__NODE_1547_length_7425_cov_41.505427	1	7425	2	200	2.6936	0.0406734	35.6	42
MV-4128_S29__NODE_873_length_7422_cov_4.551514	1	7422	19	1657	22.3255	0.386553	35.7	41.9
Biragzang__NODE_1551_length_7413_cov_51.721799	1	7413	305	6817	91.9601	6.09281	35.7	40.9
MV-4128_S29__NODE_874_length_7413_cov_7.981924	1	7413	6	467	6.29974	0.108998	36.2	42
Biragzang__NODE_1552_length_7411_cov_29.199157	1	7411	90	5108	68.9246	1.82459	35.6	42
cell-4122-0-22_S11__NODE_143_length_7411_cov_12.430669	1	7411	2	197	2.65821	0.0407502	32.6	1
Biragzang__NODE_1553_length_7404_cov_7.781331	1	7404	20	2242	30.2809	0.407888	35	41.1
Biragzang__NODE_1558_length_7387_cov_9.920486	1	7387	40	3207	43.4141	0.800325	35.5	41.9
Biragzang__NODE_1560_length_7384_cov_12.831764	1	7384	18	1686	22.8332	0.366603	35.1	42
cell-4125-0-44_S16__NODE_231_length_7380_cov_10.141160	1	7380	2	242	3.27913	0.0409214	36.3	1
MV-4122_S12__NODE_1843_length_7372_cov_85.838595	1	7372	2	149	2.02116	0.0404232	36.3	1
Biragzang__NODE_1568_length_7357_cov_53.830868	1	7357	264	6792	92.3202	5.32799	35.7	35.8
Biragzang__NODE_1572_length_7354_cov_11.376079	1	7354	2	236	3.20914	0.0410661	36.1	42
Biragzang__NODE_1574_length_7352_cov_6.487735	1	7352	26	1647	22.4021	0.533324	35.2	42
Biragzang__NODE_1575_length_7350_cov_7.908019	1	7350	30	1933	26.2993	0.602721	35.2	42
Biragzang__NODE_1576_length_7346_cov_11.933068	1	7346	10	1135	15.4506	0.205554	35	42
Biragzang__NODE_1579_length_7338_cov_41.739393	1	7338	188	6546	89.2069	3.73998	35.5	42
Biragzang__NODE_1581_length_7335_cov_10.471566	1	7335	4	590	8.04363	0.0823449	36	42
Biragzang__NODE_1585_length_7326_cov_47.536515	1	7326	183	5278	72.0448	3.67963	35.6	37.1
MV-4128_S29__NODE_885_length_7326_cov_8.209050	1	7326	4	398	5.43271	0.0824461	36.3	42
Biragzang__NODE_1588_length_7319_cov_7.310022	1	7319	42	2863	39.1174	0.830305	35.8	42
MV-4125_S18__NODE_1642_length_7316_cov_12.593031	1	7316	4	183	2.50137	0.0825588	34.3	30
Biragzang__NODE_1589_length_7310_cov_52.056099	1	7310	2	255	3.48837	0.0413133	31.8	42
Biragzang__NODE_1590_length_7308_cov_10.778850	1	7308	12	1331	18.2129	0.2474	34.1	42
Biragzang__NODE_1592_length_7306_cov_8.174735	1	7306	348	7242	99.124	7.01985	35.6	42
cell-4125-0-44_S16__NODE_241_length_7298_cov_11.037001	1	7298	1	119	1.63058	0.0163058	32.3	24
Biragzang__NODE_1596_length_7292_cov_9.006771	1	7292	18	1466	20.1042	0.357652	35.7	42
Biragzang__NODE_1597_length_7288_cov_34.504217	1	7288	10	1149	15.7656	0.20719	34.5	42
MV-4122_S12__NODE_1860_length_7288_cov_74.154293	1	7288	2	147	2.01701	0.0403403	36.5	1
Biragzang__NODE_1601_length_7270_cov_29.472072	1	7270	2	287	3.94773	0.0415406	35.5	42
Biragzang__NODE_1607_length_7249_cov_41.895885	1	7249	241	5828	80.3973	4.9015	35.7	41.3
Biragzang__NODE_1608_length_7248_cov_30.019307	1	7248	135	5286	72.9305	2.71578	35.6	42
Biragzang__NODE_1609_length_7246_cov_51.655542	1	7246	229	6274	86.5857	4.68176	35.7	35.7
Biragzang__NODE_1610_length_7246_cov_9.407732	1	7246	4	285	3.9332	0.0833563	35.8	42
Biragzang__NODE_1612_length_7241_cov_12.273309	1	7241	571	7164	98.9366	11.6209	35.4	41.8
MV-4128_S29__NODE_898_length_7238_cov_8.061673	1	7238	4	537	7.41918	0.0834485	35.8	42
Biragzang__NODE_1615_length_7236_cov_44.903356	1	7236	182	6051	83.6235	3.74558	35.4	40.5
Biragzang__NODE_1619_length_7225_cov_22.373361	1	7225	32	1698	23.5017	0.662007	35.8	40.9
Biragzang__NODE_1621_length_7219_cov_11.365299	1	7219	22	2048	28.3696	0.431362	35.5	42
Biragzang__NODE_1622_length_7215_cov_42.177793	1	7215	143	6119	84.8094	2.89411	35.5	42
Biragzang__NODE_1623_length_7215_cov_16.005168	1	7215	2	148	2.05128	0.0410256	36.6	40
Biragzang__NODE_1624_length_7211_cov_31.345584	1	7211	91	4635	64.2768	1.88615	35.4	41.7
Biragzang__NODE_1625_length_7206_cov_10.866732	1	7206	16	1338	18.5679	0.332223	35.1	40.1
Biragzang__NODE_1626_length_7199_cov_17.980683	1	7199	175	6372	88.5123	3.58758	35.5	40.5
Biragzang__NODE_1627_length_7195_cov_25.529972	1	7195	104	5025	69.8402	2.09562	35.6	41.2
MV-4128_S29__NODE_902_length_7195_cov_5.294818	1	7195	10	982	13.6484	0.198471	35.8	42
Biragzang__NODE_1629_length_7194_cov_12.351030	1	7194	480	7175	99.7359	9.78788	35.6	41.9
Biragzang__NODE_1634_length_7187_cov_9.392316	1	7187	8	755	10.5051	0.168081	35.2	42
Biragzang__NODE_1635_length_7185_cov_8.582328	1	7185	36	3147	43.7996	0.756576	35.8	41.6
MV-4125_S18__NODE_1686_length_7182_cov_23.511997	1	7182	4	495	6.89223	0.0840991	35.8	29.5
Biragzang__NODE_1636_length_7181_cov_11.115633	1	7181	8	570	7.93761	0.168222	36.4	42
MV-4128_S29__NODE_906_length_7180_cov_6.679579	1	7180	2	219	3.05014	0.0420613	35.7	42
Biragzang__NODE_1637_length_7174_cov_11.304678	1	7174	2	240	3.34541	0.0420965	36.3	42
Biragzang__NODE_1638_length_7172_cov_9.500070	1	7172	52	3849	53.667	1.08003	35.7	42
MV-4128_S29__NODE_908_length_7166_cov_14.483617	1	7166	2	302	4.21435	0.0421435	36.4	42
Biragzang__NODE_1639_length_7154_cov_20.343429	1	7154	117	4511	63.0556	2.38538	35.8	41.4
Biragzang__NODE_1640_length_7152_cov_31.618994	1	7152	119	5940	83.0537	2.46155	35.3	42
MV-4128_S29__NODE_911_length_7146_cov_7.175434	1	7146	2	302	4.22614	0.0422614	35.2	42
Biragzang__NODE_1645_length_7140_cov_45.551729	1	7140	2	244	3.41737	0.0422969	36.7	42
Biragzang__NODE_1647_length_7134_cov_44.957904	1	7134	236	6428	90.1037	4.8695	35.6	42
Biragzang__NODE_1648_length_7129_cov_14.622279	1	7129	18	1796	25.1929	0.350961	35.4	42
Biragzang__NODE_1650_length_7121_cov_11.879989	1	7121	452	7027	98.68	9.39671	35.6	41.8
Biragzang__NODE_1652_length_7118_cov_9.395158	1	7118	58	3214	45.1531	1.2304	35.7	42
Biragzang__NODE_1653_length_7117_cov_20.510903	1	7117	215	5509	77.4062	4.3767	35.6	41.3
Biragzang__NODE_1655_length_7113_cov_20.211108	1	7113	10	374	5.25798	0.17714	35	42
cell-4125-0-44_S16__NODE_258_length_7109_cov_10.418769	1	7109	2	241	3.39007	0.0424814	36.4	34
Biragzang__NODE_1661_length_7102_cov_45.045977	1	7102	2	96	1.35173	0.0270346	36.4	40
Biragzang__NODE_1663_length_7101_cov_11.312092	1	7101	4	227	3.19673	0.0850584	36.1	41
Biragzang__NODE_1665_length_7099_cov_10.752839	1	7099	2	302	4.25412	0.0425412	35.1	42
Biragzang__NODE_1667_length_7097_cov_7.974013	1	7097	35	2645	37.2693	0.724813	34.6	40.9
Biragzang__NODE_1669_length_7089_cov_11.979102	1	7089	22	2316	32.6703	0.463535	36.1	42
MV-4128_S29__NODE_916_length_7087_cov_6.447810	1	7087	6	734	10.357	0.12784	34.9	42
Biragzang__NODE_1670_length_7086_cov_10.400796	1	7086	14	1214	17.1324	0.294948	34.9	42
cell-4125-0-44_S16__NODE_263_length_7085_cov_5.609815	1	7085	6	517	7.29711	0.127876	35.5	42
Biragzang__NODE_1672_length_7070_cov_30.039202	1	7070	111	4980	70.4385	2.28359	35.7	41.6
Biragzang__NODE_1673_length_7067_cov_8.444381	1	7067	39	2407	34.0597	0.820291	35.6	41.8
Biragzang__NODE_1675_length_7063_cov_48.864013	1	7063	178	4733	67.0112	3.74812	35.5	37.6
Biragzang__NODE_1676_length_7063_cov_7.615868	1	7063	36	2868	40.606	0.769645	35.4	42
Biragzang__NODE_1678_length_7051_cov_23.893654	1	7051	88	4457	63.2109	1.85463	35.2	39.7
Biragzang__NODE_1681_length_7046_cov_8.967101	1	7046	4	482	6.84076	0.0857224	35.5	42
Biragzang__NODE_1683_length_7044_cov_9.679210	1	7044	6	297	4.21635	0.1272	35.8	42
Biragzang__NODE_1689_length_7033_cov_51.480224	1	7033	2	285	4.05232	0.0429404	35.3	36
Biragzang__NODE_1690_length_7031_cov_39.178612	1	7031	37	1698	24.1502	0.792064	35.5	31.5
Biragzang__NODE_1693_length_7028_cov_45.890721	1	7028	132	3881	55.222	2.77675	35.8	36.3
Biragzang__NODE_1696_length_7025_cov_11.020803	1	7025	13	963	13.7082	0.272456	35.5	41.8
Biragzang__NODE_1698_length_7023_cov_9.818599	1	7023	50	3162	45.0235	1.06507	35.3	42
Biragzang__NODE_1699_length_7023_cov_8.071183	1	7023	58	3781	53.8374	1.22198	34.9	42
Biragzang__NODE_1702_length_7013_cov_8.090543	1	7013	302	6862	97.8469	6.31798	35.7	41.2
Biragzang__NODE_1709_length_6995_cov_8.499712	1	6995	38	2786	39.8284	0.817441	35.2	42
Biragzang__NODE_1711_length_6987_cov_9.373053	1	6987	2	196	2.80521	0.0432231	36	42
Biragzang__NODE_1714_length_6979_cov_12.624206	1	6979	9	936	13.4117	0.193294	35.7	19.1
cell-4125-0-44_S16__NODE_278_length_6969_cov_8.287677	1	6969	6	372	5.33793	0.130004	36.6	35.7
Biragzang__NODE_1724_length_6959_cov_13.634125	1	6959	22	1999	28.7254	0.47047	36	27.1
Biragzang__NODE_1725_length_6959_cov_11.718424	1	6959	40	2444	35.12	0.794942	35.6	42
Biragzang__NODE_1726_length_6949_cov_19.092544	1	6949	18	1323	19.0387	0.381638	35.5	42
Biragzang__NODE_1731_length_6941_cov_10.315858	1	6941	36	2373	34.1882	0.772799	35.8	42
Biragzang__NODE_1732_length_6938_cov_9.707976	1	6938	32	3032	43.7014	0.69559	35.4	41.7
Biragzang__NODE_1734_length_6932_cov_12.427076	1	6932	476	6874	99.1633	10.0704	35.6	41.8
Biragzang__NODE_1735_length_6928_cov_11.751782	1	6928	430	6740	97.2864	9.17624	35.5	41.3
Biragzang__NODE_1736_length_6928_cov_11.012367	1	6928	3	453	6.53868	0.0653868	35.5	34.7
Biragzang__NODE_1737_length_6927_cov_11.476572	1	6927	429	6785	97.9501	9.1217	35.6	41.9
Biragzang__NODE_1739_length_6926_cov_24.943094	1	6926	100	5474	79.0355	2.10858	35.7	41.6
Biragzang__NODE_1743_length_6916_cov_7.459700	1	6916	38	2866	41.4401	0.810006	35.2	42
Biragzang__NODE_1747_length_6896_cov_9.217220	1	6896	26	2319	33.6282	0.547564	35.5	42
Biragzang__NODE_1749_length_6894_cov_9.766486	1	6894	414	6739	97.7517	8.78909	35.7	41.8
Biragzang__NODE_1753_length_6887_cov_7.748683	1	6887	58	3747	54.4069	1.20807	35.6	41
Biragzang__NODE_1754_length_6885_cov_49.292679	1	6885	208	5307	77.0806	4.50588	35.5	38.9
Biragzang__NODE_1755_length_6885_cov_30.933089	1	6885	2	302	4.38635	0.0438635	36.1	42
cell-4125-0-44_S16__NODE_288_length_6885_cov_9.737775	1	6885	5	586	8.51126	0.109659	36	1
Biragzang__NODE_1760_length_6881_cov_41.625256	1	6881	181	5796	84.2319	3.89231	35.5	41.8
Biragzang__NODE_1762_length_6878_cov_11.134985	1	6878	4	363	5.2777	0.0878162	35	41
Biragzang__NODE_1764_length_6874_cov_9.026250	1	6874	8	693	10.0815	0.169334	35.9	42
MV-4128_S29__NODE_940_length_6872_cov_7.904063	1	6872	6	609	8.86205	0.130675	35.9	42
Biragzang__NODE_1765_length_6870_cov_7.466324	1	6870	2	150	2.18341	0.0436681	35.1	42
Biragzang__NODE_1767_length_6867_cov_6.466823	1	6867	16	2020	29.416	0.350663	35.8	42
MV-4122_S12__NODE_1961_length_6866_cov_77.496697	1	6866	2	143	2.08273	0.0416545	36.4	30
Biragzang__NODE_1771_length_6858_cov_8.920035	1	6858	37	3228	47.0691	0.797463	35.7	41.1
MV-4122_S12__NODE_1967_length_6855_cov_103.129118	1	6855	6	381	5.55799	0.132166	36.2	18
Biragzang__NODE_1774_length_6850_cov_46.698160	1	6850	222	5842	85.2847	4.75796	35.5	36.8
Biragzang__NODE_1775_length_6850_cov_15.008094	1	6850	593	6850	100	12.7228	35.4	41.9
Biragzang__NODE_1776_length_6847_cov_13.379417	1	6847	2	222	3.2423	0.0441069	36.6	42
Biragzang__NODE_1777_length_6846_cov_10.061552	1	6846	416	6798	99.2989	8.94026	35.4	41.6
MV-4128_S29__NODE_944_length_6846_cov_6.034605	1	6846	8	628	9.17324	0.176453	36.5	42
Biragzang__NODE_1780_length_6841_cov_8.364721	1	6841	7	533	7.79126	0.15451	35.1	39.4
Biragzang__NODE_1781_length_6840_cov_8.458511	1	6840	34	2438	35.6433	0.749854	35.8	41.4
Biragzang__NODE_1786_length_6828_cov_11.038831	1	6828	4	230	3.36848	0.0884593	33.9	42
MV-4122_S12__NODE_1973_length_6828_cov_84.020818	1	6828	4	298	4.36438	0.0869947	36.5	1
Biragzang__NODE_1787_length_6827_cov_7.407265	1	6827	40	3336	48.8648	0.8607	35.5	42
Biragzang__NODE_1788_length_6827_cov_6.884672	1	6827	16	821	12.0258	0.33514	36	42
Biragzang__NODE_1794_length_6813_cov_11.903670	1	6813	12	1032	15.1475	0.265962	35.5	42
Biragzang__NODE_1796_length_6810_cov_10.775870	1	6810	2	234	3.43612	0.0443465	31	42
Biragzang__NODE_1797_length_6808_cov_12.909670	1	6808	448	6632	97.4148	9.67391	35.6	41.7
Biragzang__NODE_1799_length_6798_cov_16.414652	1	6798	632	6757	99.3969	13.6686	35.5	41.9
Biragzang__NODE_1801_length_6793_cov_15.313595	1	6793	10	698	10.2753	0.191668	36.2	42
Biragzang__NODE_1806_length_6791_cov_11.699525	1	6791	28	1821	26.8149	0.60963	36	42
MV-4128_S29__NODE_957_length_6788_cov_7.318729	1	6788	8	360	5.30348	0.177961	36	42
Biragzang__NODE_1808_length_6785_cov_54.174146	1	6785	196	4612	67.9735	4.31363	35.5	37.4
Biragzang__NODE_1809_length_6784_cov_46.686283	1	6784	136	4001	58.977	2.9406	35.5	37.3
MV-4128_S29__NODE_959_length_6783_cov_5.875446	1	6783	12	1273	18.7675	0.267138	35.6	42
Biragzang__NODE_1811_length_6778_cov_13.832069	1	6778	537	6727	99.2476	11.6645	35.4	42
Biragzang__NODE_1813_length_6776_cov_10.027972	1	6776	2	207	3.0549	0.0445691	31	42
Biragzang__NODE_1816_length_6769_cov_7.246500	1	6769	32	3012	44.497	0.712956	35.5	42
Biragzang__NODE_1817_length_6766_cov_52.092237	1	6766	279	6084	89.9202	6.10893	35.7	40.4
Biragzang__NODE_1818_length_6765_cov_14.253651	1	6765	14	1099	16.2454	0.312491	35.9	42
Biragzang__NODE_1820_length_6763_cov_9.349434	1	6763	22	1960	28.9812	0.490315	35.5	42
Biragzang__NODE_1821_length_6763_cov_7.510137	1	6763	26	1946	28.7742	0.580512	35.3	42
Biragzang__NODE_1824_length_6762_cov_7.774564	1	6762	30	2440	36.084	0.650695	35.5	42
Biragzang__NODE_1826_length_6758_cov_21.680143	1	6758	16	387	5.72655	0.357502	36.2	39.1
cell-4125-0-44_S16__NODE_294_length_6755_cov_6.421642	1	6755	2	184	2.72391	0.0447076	34.8	42
Biragzang__NODE_1828_length_6754_cov_10.510972	1	6754	4	328	4.85638	0.0870595	35.9	42
Biragzang__NODE_1832_length_6744_cov_10.358350	1	6744	6	559	8.28885	0.127521	35.5	42
Biragzang__NODE_1833_length_6742_cov_11.341110	1	6742	413	6685	99.1546	9.00578	35.6	41.5
Biragzang__NODE_1834_length_6741_cov_19.564613	1	6741	2	106	1.57247	0.0314493	36	42
Biragzang__NODE_1835_length_6740_cov_10.436051	1	6740	12	1089	16.1573	0.268843	35.5	42
MV-4128_S29__NODE_965_length_6733_cov_7.473795	1	6733	2	216	3.20808	0.0448537	36.3	42
Biragzang__NODE_1839_length_6723_cov_10.220756	1	6723	18	1642	24.4236	0.401606	35	42
Biragzang__NODE_1841_length_6715_cov_8.646847	1	6715	4	461	6.86523	0.0899479	34.9	42
Biragzang__NODE_1842_length_6714_cov_53.920859	1	6714	97	3390	50.4915	2.10128	35.5	26.6
Biragzang__NODE_1845_length_6709_cov_8.864893	1	6709	8	622	9.27113	0.171113	35.2	42
Biragzang__NODE_1846_length_6707_cov_14.524504	1	6707	385	6639	98.9861	8.46146	35.6	37.3
Biragzang__NODE_1849_length_6699_cov_31.285671	1	6699	3	183	2.73175	0.067622	34.7	41.3
Biragzang__NODE_1850_length_6698_cov_29.709168	1	6698	101	5109	76.2765	2.17125	35.6	41.8
cell-4125-0-44_S16__NODE_300_length_6679_cov_8.703653	1	6679	2	229	3.42866	0.0452163	36.5	1
Biragzang__NODE_1856_length_6678_cov_6.750113	1	6678	14	1682	25.1872	0.314166	36	42
MV-4122_S12__NODE_2010_length_6670_cov_92.540287	1	6670	2	194	2.90855	0.0452774	36.3	12
cell-4125-0-44_S16__NODE_303_length_6670_cov_5.798186	1	6670	4	358	5.36732	0.0788606	35.9	42
Biragzang__NODE_1860_length_6663_cov_42.215648	1	6663	152	4272	64.1153	3.41303	35.7	36
Biragzang__NODE_1862_length_6661_cov_10.557978	1	6661	2	272	4.08347	0.0453385	36.1	42
MV-4122_S12__NODE_2011_length_6660_cov_79.638759	1	6660	2	151	2.26727	0.0453453	34.7	1
Biragzang__NODE_1866_length_6648_cov_11.402093	1	6648	14	1135	17.0728	0.305355	35.7	42
Biragzang__NODE_1870_length_6640_cov_12.660289	1	6640	16	1618	24.3675	0.356627	35.5	42
MV-4122_S12__NODE_2017_length_6640_cov_58.586333	1	6640	8	691	10.4066	0.181928	35.3	37.5
Biragzang__NODE_1875_length_6630_cov_11.246084	1	6630	442	6520	98.3409	9.82579	35.4	41.9
Biragzang__NODE_1876_length_6623_cov_14.586632	1	6623	517	6504	98.2032	11.4297	35.5	41.9
Biragzang__NODE_1877_length_6623_cov_10.322168	1	6623	8	777	11.7318	0.175751	35.5	42
Biragzang__NODE_1878_length_6620_cov_10.666870	1	6620	407	6497	98.142	9.04245	35.4	41.9
cell-4125-0-44_S16__NODE_310_length_6618_cov_9.755752	1	6618	6	180	2.71985	0.136899	36.2	32
Biragzang__NODE_1882_length_6616_cov_48.599909	1	6616	272	5990	90.5381	6.0916	35.6	39.6
Biragzang__NODE_1885_length_6610_cov_10.605034	1	6610	10	579	8.75946	0.210893	35.9	42
Biragzang__NODE_1890_length_6602_cov_10.088590	1	6602	368	6538	99.0306	8.2219	35.3	42
Biragzang__NODE_1891_length_6598_cov_7.366957	1	6598	30	2204	33.4041	0.666263	35.3	42
Biragzang__NODE_1892_length_6595_cov_6.594037	1	6595	18	1693	25.671	0.41213	35.4	42
Biragzang__NODE_1893_length_6594_cov_11.149717	1	6594	4	360	5.45951	0.0915984	36	41
Biragzang__NODE_1894_length_6588_cov_18.411756	1	6588	256	6164	93.5641	5.69611	35.7	41.4
Biragzang__NODE_1895_length_6587_cov_37.103337	1	6587	2	153	2.32276	0.0452406	32.4	1
Biragzang__NODE_1900_length_6580_cov_10.257471	1	6580	14	1402	21.307	0.321277	35.4	42
Biragzang__NODE_1901_length_6576_cov_11.767674	1	6576	463	6221	94.6016	10.4123	35.5	41.9
Biragzang__NODE_1902_length_6571_cov_9.369245	1	6571	13	1121	17.0598	0.295389	36	42
Biragzang__NODE_1905_length_6569_cov_15.599478	1	6569	70	3839	58.4412	1.54925	35.3	42
Biragzang__NODE_1906_length_6569_cov_9.785692	1	6569	36	2608	39.7016	0.826458	35.4	41.9
MV-4128_S29__NODE_986_length_6567_cov_5.125000	1	6567	4	507	7.72042	0.091975	36.2	42
MV-4122_S12__NODE_2033_length_6565_cov_13.840553	1	6565	2	274	4.17365	0.0460015	36.4	42
MV-4128_S29__NODE_988_length_6554_cov_5.168795	1	6554	6	762	11.6265	0.138236	35.3	42
MV-4122_S12__NODE_2036_length_6546_cov_100.121707	1	6546	2	155	2.36786	0.046135	35.5	1
Biragzang__NODE_1914_length_6539_cov_11.337138	1	6539	2	160	2.44686	0.0461844	36.5	42
MV-4128_S29__NODE_993_length_6534_cov_5.191851	1	6534	14	1361	20.8295	0.32109	35.5	42
Biragzang__NODE_1922_length_6518_cov_11.802104	1	6518	415	6385	97.9595	9.40733	35.4	41.9
Biragzang__NODE_1923_length_6516_cov_20.593716	1	6516	282	5537	84.9754	6.43094	35.5	39.7
Biragzang__NODE_1928_length_6507_cov_12.964197	1	6507	479	6500	99.8924	10.8789	35.4	41.9
Biragzang__NODE_1929_length_6505_cov_13.019845	1	6505	2	97	1.49116	0.0298232	36.1	42
Biragzang__NODE_1930_length_6504_cov_9.162506	1	6504	2	302	4.6433	0.046433	35.8	42
Biragzang__NODE_1935_length_6493_cov_52.254116	1	6493	4	404	6.22209	0.0930233	36.2	42
cell-4125-0-44_S16__NODE_332_length_6481_cov_6.502490	1	6481	2	193	2.97794	0.0465977	36.3	24
Biragzang__NODE_1941_length_6476_cov_10.801589	1	6476	25	1961	30.281	0.576127	35.7	42
Biragzang__NODE_1942_length_6465_cov_13.410764	1	6465	14	971	15.0193	0.309977	35.7	42
Biragzang__NODE_1948_length_6456_cov_5.026246	1	6456	18	1569	24.303	0.415737	35.4	42
Biragzang__NODE_1950_length_6453_cov_12.261332	1	6453	8	893	13.8385	0.1872	35.5	42
Biragzang__NODE_1952_length_6449_cov_9.831717	1	6449	2	156	2.41898	0.046829	36.2	42
MV-4122_S12__NODE_2055_length_6447_cov_90.038486	1	6447	2	253	3.92431	0.0468435	36.2	1
Biragzang__NODE_1953_length_6446_cov_9.981693	1	6446	392	6432	99.7828	8.73767	35.5	41.4
Biragzang__NODE_1960_length_6437_cov_10.063303	1	6437	3	452	7.0219	0.0703744	34.8	36
Biragzang__NODE_1961_length_6436_cov_26.949224	1	6436	7	172	2.67247	0.164232	35.7	21
Biragzang__NODE_1963_length_6432_cov_10.897444	1	6432	403	6311	98.1188	9.21999	35.3	42
MV-4128_S29__NODE_1006_length_6427_cov_6.655210	1	6427	2	176	2.73845	0.0469893	33.2	42
Biragzang__NODE_1966_length_6426_cov_11.995762	1	6426	3	303	4.71522	0.0704949	35.9	36
MV-4122_S12__NODE_2064_length_6423_cov_34.564227	1	6423	2	182	2.83357	0.0470185	36	42
Biragzang__NODE_1969_length_6422_cov_28.961206	1	6422	94	4284	66.7082	2.14232	35.5	41.8
Biragzang__NODE_1970_length_6422_cov_11.771792	1	6422	2	151	2.35129	0.0470258	36.3	24
Biragzang__NODE_1971_length_6421_cov_7.536915	1	6421	28	1888	29.4035	0.644136	35	42
Biragzang__NODE_1973_length_6419_cov_30.661691	1	6419	127	4979	77.5666	2.90824	35.3	41.9
Biragzang__NODE_1974_length_6418_cov_56.132956	1	6418	26	2252	35.0888	0.604238	35.1	41.2
Biragzang__NODE_1975_length_6414_cov_15.003617	1	6414	546	6197	96.6168	12.5189	35.5	41.4
Biragzang__NODE_1976_length_6412_cov_6.481674	1	6412	2	238	3.71179	0.0470992	36.3	42
MV-4122_S12__NODE_2067_length_6407_cov_84.689074	1	6407	2	114	1.7793	0.0355861	36.4	1
Biragzang__NODE_1978_length_6397_cov_12.660990	1	6397	8	956	14.9445	0.188839	35.7	42
Biragzang__NODE_1982_length_6391_cov_11.941288	1	6391	450	6256	97.8877	10.3316	35.5	41.6
Biragzang__NODE_1984_length_6391_cov_9.867740	1	6391	3	301	4.70975	0.070568	34.8	41.3
Biragzang__NODE_1990_length_6381_cov_35.450206	1	6381	129	5192	81.3666	2.91318	35.6	42
MV-4128_S29__NODE_1013_length_6380_cov_7.644269	1	6380	8	824	12.9154	0.189342	35.7	42
Biragzang__NODE_1996_length_6369_cov_46.646817	1	6369	246	5292	83.09	5.6987	35.6	41
Biragzang__NODE_1998_length_6367_cov_10.233840	1	6367	34	2827	44.4008	0.756871	35.7	42
MV-4128_S29__NODE_1018_length_6362_cov_7.517045	1	6362	2	222	3.48947	0.0474693	36.3	42
Biragzang__NODE_2000_length_6354_cov_13.631688	1	6354	6	682	10.7334	0.142587	34.8	42
Biragzang__NODE_2002_length_6351_cov_13.135801	1	6351	4	396	6.23524	0.0951031	36.2	33
Biragzang__NODE_2004_length_6349_cov_10.899905	1	6349	4	406	6.39471	0.0951331	36	42
Biragzang__NODE_2007_length_6344_cov_15.715058	1	6344	211	5867	92.4811	4.9122	35.7	41.7
Biragzang__NODE_2011_length_6335_cov_6.922611	1	6335	32	2259	35.659	0.755643	35.6	42
Biragzang__NODE_2013_length_6334_cov_9.067049	1	6334	10	804	12.6934	0.237764	35.4	42
cell-4125-0-44_S16__NODE_353_length_6332_cov_204.931655	1	6332	6	311	4.91156	0.132975	36.1	34
MV-4128_S29__NODE_1021_length_6331_cov_7.136233	1	6331	8	530	8.37151	0.190807	35.1	42
Biragzang__NODE_2018_length_6320_cov_55.017877	1	6320	269	5780	91.4557	6.37579	35.7	40.4
Biragzang__NODE_2024_length_6305_cov_8.487200	1	6305	12	1257	19.9366	0.275337	35.3	42
Biragzang__NODE_2025_length_6302_cov_12.375220	1	6302	425	6279	99.635	9.94668	35.3	41.1
Biragzang__NODE_2027_length_6294_cov_8.957205	1	6294	24	1816	28.8529	0.575786	35.3	42
MV-4128_S29__NODE_1024_length_6293_cov_7.207599	1	6293	6	554	8.80343	0.127761	36.1	42
Biragzang__NODE_2028_length_6292_cov_26.695366	1	6292	103	2859	45.4387	2.39765	35.3	36.2
Biragzang__NODE_2030_length_6289_cov_31.984119	1	6289	134	4658	74.0658	3.15344	35.4	41.9
Biragzang__NODE_2031_length_6289_cov_12.912576	1	6289	456	6251	99.3958	10.6368	35.5	41.1
Biragzang__NODE_2032_length_6289_cov_9.437600	1	6289	38	2135	33.9482	0.902528	35	42
Biragzang__NODE_2033_length_6289_cov_8.130735	1	6289	34	2461	39.1318	0.808078	35.8	42
Biragzang__NODE_2034_length_6288_cov_9.018129	1	6288	8	917	14.5833	0.190204	35.8	42
Biragzang__NODE_2035_length_6287_cov_9.761553	1	6287	31	2535	40.3213	0.725147	35.3	42
Biragzang__NODE_2036_length_6285_cov_9.671429	1	6285	8	959	15.2586	0.192204	35.2	42
cell-4125-0-44_S16__NODE_362_length_6274_cov_8.934877	1	6274	1	151	2.40676	0.0240676	33.4	11
Biragzang__NODE_2039_length_6268_cov_8.735072	1	6268	36	2624	41.8634	0.867262	35.3	42
Biragzang__NODE_2045_length_6263_cov_9.478576	1	6263	37	2332	37.2346	0.87514	35.5	41.9
cell-4125-0-44_S16__NODE_368_length_6257_cov_11.767333	1	6257	2	155	2.47723	0.0482659	35.9	1
Biragzang__NODE_2047_length_6256_cov_11.116272	1	6256	14	1267	20.2526	0.321931	34.7	42
MV-4128_S29__NODE_1027_length_6254_cov_28.010163	1	6254	6	250	3.99744	0.144867	35.5	42
Biragzang__NODE_2048_length_6253_cov_52.446273	1	6253	270	6109	97.6971	6.40748	35.5	40.6
Biragzang__NODE_2049_length_6247_cov_7.774709	1	6247	18	1493	23.8995	0.414919	35.7	42
Biragzang__NODE_2051_length_6243_cov_8.148190	1	6243	4	349	5.59026	0.0967484	36.2	42
Biragzang__NODE_2053_length_6238_cov_9.158176	1	6238	38	2789	44.7098	0.898044	35.7	38.4
Biragzang__NODE_2054_length_6237_cov_44.373504	1	6237	2	276	4.4252	0.0484207	34.3	42
Biragzang__NODE_2066_length_6217_cov_10.938494	1	6217	4	516	8.29982	0.097153	35.7	42
Biragzang__NODE_2079_length_6196_cov_16.678391	1	6196	19	1108	17.8825	0.454648	35.8	33.8
Biragzang__NODE_2080_length_6194_cov_9.714286	1	6194	361	6151	99.3058	8.53277	35.4	41.9
Biragzang__NODE_2082_length_6189_cov_14.870558	1	6189	2	291	4.70189	0.0487963	31.9	42
Biragzang__NODE_2084_length_6188_cov_12.836785	1	6188	10	1072	17.3239	0.237233	35.6	42
cell-4125-0-44_S16__NODE_380_length_6188_cov_4.843796	1	6188	6	667	10.7789	0.146412	35.6	42
Biragzang__NODE_2086_length_6186_cov_8.887947	1	6186	6	600	9.69932	0.14646	35.9	42
cell-4125-0-44_S16__NODE_381_length_6185_cov_5.620881	1	6185	3	346	5.59418	0.0732417	35.8	30.7
Biragzang__NODE_2087_length_6184_cov_30.735846	1	6184	14	723	11.6915	0.34185	35	27.1
Biragzang__NODE_2088_length_6183_cov_14.057768	1	6183	14	1347	21.7855	0.322821	35.8	42
Biragzang__NODE_2091_length_6179_cov_12.247061	1	6179	434	5744	92.96	10.3248	35.6	41.9
Biragzang__NODE_2092_length_6179_cov_8.691052	1	6179	8	466	7.54167	0.162486	35.5	42
Biragzang__NODE_2094_length_6177_cov_57.488402	1	6177	237	5528	89.4933	5.62555	35.5	41.6
Biragzang__NODE_2101_length_6170_cov_21.085037	1	6170	489	6135	99.4327	11.7232	35.5	40.9
Biragzang__NODE_2103_length_6169_cov_7.589303	1	6169	14	1335	21.6405	0.334576	36.2	42
cell-4125-0-44_S16__NODE_386_length_6164_cov_6.142577	1	6164	8	954	15.477	0.195977	36.1	42
Biragzang__NODE_2105_length_6162_cov_8.903717	1	6162	38	3368	54.6576	0.923726	35.7	42
Biragzang__NODE_2109_length_6150_cov_15.846760	1	6150	2	207	3.36585	0.0491057	32.3	40
Biragzang__NODE_2110_length_6148_cov_11.813557	1	6148	10	967	15.7287	0.24203	35	42
Biragzang__NODE_2111_length_6147_cov_48.660703	1	6147	189	5074	82.5443	4.59834	35.5	39.2
MV-4128_S29__NODE_1050_length_6146_cov_5.123625	1	6146	10	797	12.9678	0.245688	36.4	42
Biragzang__NODE_2115_length_6131_cov_12.674951	1	6131	6	353	5.75763	0.147774	36.3	42
MV-4122_S12__NODE_2151_length_6130_cov_81.257119	1	6130	2	100	1.63132	0.0326264	36.1	35
MV-4122_S12__NODE_2152_length_6129_cov_70.265229	1	6129	2	151	2.4637	0.0492739	35.9	42
Biragzang__NODE_2116_length_6127_cov_10.808136	1	6127	409	6127	100	9.85621	35.5	41.9
Biragzang__NODE_2118_length_6119_cov_35.913588	1	6119	4	553	9.03742	0.0987089	35.3	42
Biragzang__NODE_2119_length_6119_cov_10.283641	1	6119	3	328	5.36035	0.0740317	36.1	35.7
Biragzang__NODE_2120_length_6118_cov_9.116609	1	6118	24	2290	37.4305	0.576659	35.6	41.8
cell-4125-0-44_S16__NODE_392_length_6115_cov_11.180198	1	6115	2	285	4.66067	0.0493868	36.1	1
Biragzang__NODE_2124_length_6113_cov_11.053153	1	6113	8	748	12.2362	0.19663	34.5	41.5
Biragzang__NODE_2127_length_6112_cov_13.615651	1	6112	132	5530	90.4777	3.23135	35.4	42
MV-4122_S12__NODE_2160_length_6112_cov_8.684993	1	6112	2	140	2.29058	0.0458115	35.5	42
MV-4128_S29__NODE_1057_length_6111_cov_7.843461	1	6111	4	279	4.56554	0.0988382	35.5	42
Biragzang__NODE_2131_length_6104_cov_12.029592	1	6104	2	279	4.57077	0.0494758	35.4	42
Biragzang__NODE_2132_length_6103_cov_12.645833	1	6103	432	6103	100	10.5017	35.5	41.8
Biragzang__NODE_2133_length_6102_cov_10.974864	1	6102	24	2065	33.8414	0.569977	35.6	42
Biragzang__NODE_2134_length_6100_cov_8.312159	1	6100	51	3385	55.4918	1.20115	35.7	41.5
Biragzang__NODE_2135_length_6098_cov_12.331458	1	6098	6	743	12.1843	0.148573	35.9	42
Biragzang__NODE_2138_length_6095_cov_35.691722	1	6095	112	5097	83.6259	2.67432	35.3	42
Biragzang__NODE_2140_length_6094_cov_10.668157	1	6094	20	1651	27.0922	0.472268	35.1	42
MV-4125_S18__NODE_2059_length_6087_cov_19.187003	1	6087	2	201	3.30212	0.0496139	36.3	25
Biragzang__NODE_2143_length_6086_cov_24.886918	1	6086	13	941	15.4617	0.294611	36.3	41.7
cell-4125-0-44_S16__NODE_396_length_6086_cov_5.698723	1	6086	2	228	3.7463	0.0496221	35.9	42
Biragzang__NODE_2144_length_6085_cov_31.810116	1	6085	102	5248	86.2449	2.50731	35.6	41.1
Biragzang__NODE_2146_length_6082_cov_10.985731	1	6082	8	710	11.6738	0.162447	35	42
Biragzang__NODE_2148_length_6074_cov_7.885529	1	6074	31	2594	42.7066	0.752552	35.6	42
Biragzang__NODE_2149_length_6072_cov_12.808044	1	6072	458	5867	96.6238	11.137	35.5	41.9
MV-4128_S29__NODE_1066_length_6065_cov_8.071048	1	6065	12	862	14.2127	0.298763	35.5	42
Biragzang__NODE_2158_length_6056_cov_11.297617	1	6056	160	5147	84.9901	3.85898	35.3	42
Biragzang__NODE_2160_length_6054_cov_11.688948	1	6054	415	6021	99.4549	10.1323	35.6	40.9
Biragzang__NODE_2161_length_6052_cov_10.101718	1	6052	44	3137	51.8341	1.08394	35.8	41.9
Biragzang__NODE_2163_length_6051_cov_12.950133	1	6051	14	1418	23.4341	0.338456	36.2	42
Biragzang__NODE_2165_length_6046_cov_18.803038	1	6046	1	151	2.49752	0.0249752	34.4	23
Biragzang__NODE_2166_length_6044_cov_15.725330	1	6044	19	1481	24.5036	0.451191	35.2	41.9
Biragzang__NODE_2170_length_6037_cov_13.040789	1	6037	1	131	2.16995	0.0216995	34.6	40
MV-4128_S29__NODE_1072_length_6037_cov_5.525911	1	6037	6	518	8.58042	0.150075	33.8	42
Biragzang__NODE_2172_length_6033_cov_8.138341	1	6033	22	1582	26.2224	0.546992	35.8	42
cell-4125-0-44_S16__NODE_405_length_6029_cov_14.047205	1	6029	2	285	4.72715	0.0500912	36.3	15
Biragzang__NODE_2175_length_6027_cov_10.549565	1	6027	355	5955	98.8054	8.77601	35.5	42
Biragzang__NODE_2178_length_6023_cov_9.306300	1	6023	3	163	2.70629	0.0649178	35.8	12.3
Biragzang__NODE_2182_length_6017_cov_10.674438	1	6017	2	194	3.2242	0.0501911	34.1	42
Biragzang__NODE_2183_length_6017_cov_7.379067	1	6017	22	1984	32.9732	0.524181	34.8	42
Biragzang__NODE_2185_length_6012_cov_10.293101	1	6012	14	1078	17.9308	0.349301	35.1	42
Biragzang__NODE_2190_length_6006_cov_11.031591	1	6006	6	315	5.24476	0.129537	35.5	42
cell-4125-0-44_S16__NODE_411_length_5998_cov_5.852095	1	5998	7	585	9.75325	0.164221	36.5	36.9
cell-4125-0-44_S16__NODE_412_length_5993_cov_9.487538	1	5993	4	335	5.58985	0.0827632	36.3	1
Biragzang__NODE_2200_length_5990_cov_9.484414	1	5990	37	2931	48.9316	0.91803	35.4	39.1
Biragzang__NODE_2202_length_5984_cov_57.974026	1	5984	290	5335	89.1544	7.22226	35.6	41.9
Biragzang__NODE_2204_length_5982_cov_9.947191	1	5982	2	268	4.48011	0.0504848	36.5	42
Biragzang__NODE_2206_length_5981_cov_10.245697	1	5981	22	1981	33.1216	0.554757	35.4	42
Biragzang__NODE_2208_length_5976_cov_13.507178	1	5976	445	5925	99.1466	11.0219	35.6	41.7
Biragzang__NODE_2209_length_5976_cov_8.440128	1	5976	2	188	3.14592	0.0505355	36.6	42
Biragzang__NODE_2210_length_5974_cov_10.594357	1	5974	386	5703	95.4637	9.51289	35.7	40.8
MV-4128_S29__NODE_1078_length_5969_cov_4.838688	1	5969	14	1562	26.1685	0.353326	34.3	42
Biragzang__NODE_2214_length_5965_cov_10.031303	1	5965	13	1122	18.8097	0.30964	35.6	42
Biragzang__NODE_2215_length_5965_cov_9.869543	1	5965	14	1553	26.0352	0.354401	35.8	42
MV-4128_S29__NODE_1081_length_5963_cov_4.947190	1	5963	4	393	6.59064	0.0892168	34.4	42
Biragzang__NODE_2216_length_5962_cov_10.007449	1	5962	14	1590	26.6689	0.354579	34.4	42
Biragzang__NODE_2223_length_5949_cov_10.235833	1	5949	31	2339	39.3175	0.760968	35.7	41.4
Biragzang__NODE_2226_length_5948_cov_10.509927	1	5948	14	1132	19.0316	0.34768	35.3	42
MV-4128_S29__NODE_1087_length_5933_cov_9.086254	1	5933	6	679	11.4445	0.152705	36	42
Biragzang__NODE_2234_length_5927_cov_11.937841	1	5927	11	890	15.016	0.280243	35.3	42
Biragzang__NODE_2235_length_5926_cov_12.321581	1	5926	50	2882	48.6331	1.24924	35.5	41.7
Biragzang__NODE_2238_length_5925_cov_12.802896	1	5925	4	355	5.99156	0.0877637	35.6	42
Biragzang__NODE_2240_length_5920_cov_29.758227	1	5920	1	151	2.55068	0.0255068	36.4	24
Biragzang__NODE_2241_length_5920_cov_8.401705	1	5920	3	399	6.73986	0.0765203	36.2	42
Biragzang__NODE_2242_length_5919_cov_8.420532	1	5919	295	5790	97.8206	7.33891	35.5	41.8
MV-4122_S12__NODE_2218_length_5913_cov_94.720212	1	5913	1	151	2.5537	0.025537	37	7
Biragzang__NODE_2244_length_5912_cov_18.326276	1	5912	653	5821	98.4608	16.2717	35.5	41.8
MV-4128_S29__NODE_1093_length_5912_cov_6.238006	1	5912	4	513	8.67727	0.102165	34.8	42
Biragzang__NODE_2247_length_5907_cov_43.122522	1	5907	90	2767	46.8427	2.27137	35.4	30.2
cell-4125-0-44_S16__NODE_433_length_5896_cov_5.910803	1	5896	4	584	9.90502	0.102442	36.1	42
cell-4125-0-44_S16__NODE_434_length_5893_cov_6.116478	1	5893	6	461	7.82284	0.153742	36.2	42
Biragzang__NODE_2255_length_5887_cov_10.294582	1	5887	317	5785	98.2674	7.94106	35.6	41.2
Biragzang__NODE_2257_length_5886_cov_33.641056	1	5886	104	4688	79.6466	2.60703	35.1	42
Biragzang__NODE_2259_length_5882_cov_27.713746	1	5882	79	3107	52.8222	1.96991	35.4	42
cell-4125-0-44_S16__NODE_439_length_5879_cov_6.814560	1	5879	10	746	12.6892	0.256846	36.1	42
Biragzang__NODE_2261_length_5878_cov_8.240598	1	5878	48	3507	59.6632	1.23307	35.5	42
Biragzang__NODE_2262_length_5874_cov_34.086269	1	5874	127	4673	79.554	3.13875	35.6	42
Biragzang__NODE_2263_length_5874_cov_7.735350	1	5874	25	2049	34.8825	0.638917	34.6	41.8
Biragzang__NODE_2264_length_5872_cov_52.058106	1	5872	1	151	2.57153	0.0257153	35.9	24
Biragzang__NODE_2266_length_5869_cov_57.410733	1	5869	188	4944	84.2392	4.72125	35.4	39.8
cell-4125-0-44_S16__NODE_442_length_5869_cov_10.754214	1	5869	4	145	2.47061	0.0988243	36.3	32
Biragzang__NODE_2267_length_5868_cov_9.115947	1	5868	24	2087	35.5658	0.611793	35.7	42
Biragzang__NODE_2268_length_5866_cov_7.205989	1	5866	2	262	4.46642	0.0514831	36.1	42
Biragzang__NODE_2271_length_5863_cov_12.408747	1	5863	409	5721	97.578	10.2446	35.5	41.6
Biragzang__NODE_2273_length_5858_cov_8.387558	1	5858	28	2154	36.7702	0.718505	35.6	41.9
Biragzang__NODE_2275_length_5856_cov_10.319772	1	5856	3	375	6.40369	0.0773566	34.6	41.3
cell-4125-0-44_S16__NODE_449_length_5845_cov_5.614508	1	5845	4	324	5.5432	0.100086	36.5	42
Biragzang__NODE_2283_length_5843_cov_8.011921	1	5843	4	496	8.48879	0.103372	36.3	42
Biragzang__NODE_2286_length_5838_cov_9.592253	1	5838	248	5628	96.4029	6.29154	35.5	41
Biragzang__NODE_2287_length_5836_cov_13.850199	1	5836	451	5836	100	11.4128	35.6	42
Biragzang__NODE_2291_length_5832_cov_9.126363	1	5832	4	384	6.58436	0.103567	36.2	42
Biragzang__NODE_2292_length_5831_cov_23.992209	1	5831	86	4328	74.224	2.19345	35.5	42
Biragzang__NODE_2298_length_5822_cov_58.611063	1	5822	135	3873	66.5235	3.44572	35.7	35.8
Biragzang__NODE_2299_length_5822_cov_7.135426	1	5822	32	1775	30.4878	0.819306	35.5	42
Biragzang__NODE_2302_length_5815_cov_7.802604	1	5815	1	151	2.59673	0.0259673	34.9	42
Biragzang__NODE_2303_length_5814_cov_13.570238	1	5814	26	2374	40.8325	0.675267	35.7	42
Biragzang__NODE_2304_length_5814_cov_5.171558	1	5814	14	1362	23.4262	0.363605	34.9	41.7
Biragzang__NODE_2312_length_5803_cov_14.258525	1	5803	516	5593	96.3812	13.2256	35.2	41.8
Biragzang__NODE_2313_length_5802_cov_11.357926	1	5802	12	1506	25.9566	0.312306	36.1	42
cell-4125-0-44_S16__NODE_458_length_5802_cov_6.905168	1	5802	2	301	5.18787	0.052051	35.5	42
Biragzang__NODE_2314_length_5801_cov_7.493735	1	5801	18	1537	26.4954	0.46854	35.7	42
Biragzang__NODE_2318_length_5793_cov_8.793656	1	5793	42	2892	49.9223	1.05748	35.9	42
Biragzang__NODE_2319_length_5793_cov_7.709481	1	5793	28	2455	42.3787	0.698429	35.8	42
Biragzang__NODE_2325_length_5781_cov_34.933811	1	5781	2	302	5.22401	0.0522401	35.8	12
Biragzang__NODE_2331_length_5771_cov_20.107768	1	5771	85	3234	56.0388	2.16306	35.4	42
Biragzang__NODE_2335_length_5767_cov_8.013480	1	5767	29	2715	47.0782	0.75932	35.4	42
Biragzang__NODE_2338_length_5764_cov_10.898932	1	5764	385	5764	100	9.85548	35.5	41.8
Biragzang__NODE_2339_length_5763_cov_31.918711	1	5763	112	4523	78.4834	2.85685	35.8	42
MV-4128_S29__NODE_1125_length_5762_cov_6.087962	1	5762	10	1029	17.8584	0.262062	35.8	42
Biragzang__NODE_2343_length_5757_cov_12.435637	1	5757	441	5731	99.5484	11.2157	35.3	41.8
Biragzang__NODE_2348_length_5753_cov_12.151281	1	5753	6	726	12.6195	0.157483	36.4	42
Biragzang__NODE_2353_length_5747_cov_8.862614	1	5747	22	1472	25.6134	0.559596	35.7	42
MV-4125_S18__NODE_2196_length_5747_cov_20.647224	1	5747	2	151	2.62746	0.0525492	36.1	1
Biragzang__NODE_2354_length_5745_cov_9.008963	1	5745	25	2021	35.1784	0.657093	35.1	41.3
Biragzang__NODE_2361_length_5730_cov_9.256035	1	5730	4	407	7.10297	0.10541	36.3	42
Biragzang__NODE_2362_length_5729_cov_9.176595	1	5729	8	649	11.3283	0.202828	35.1	42
MV-4128_S29__NODE_1129_length_5729_cov_21.657913	1	5729	2	229	3.99721	0.0527143	35.2	7
Biragzang__NODE_2367_length_5718_cov_9.743069	1	5718	1	151	2.64078	0.0264078	33.3	24
Biragzang__NODE_2368_length_5716_cov_9.299064	1	5716	2	147	2.57173	0.0514346	36.3	42
Biragzang__NODE_2378_length_5704_cov_6.762082	1	5704	37	2477	43.4257	0.96967	35.7	41.9
Biragzang__NODE_2379_length_5702_cov_12.234992	1	5702	4	507	8.89162	0.105928	36.1	42
Biragzang__NODE_2385_length_5698_cov_7.306929	1	5698	32	2442	42.8571	0.790453	36	42
cell-4125-0-44_S16__NODE_478_length_5696_cov_6.844354	1	5696	9	1005	17.644	0.238588	35.7	40
Biragzang__NODE_2391_length_5685_cov_8.396625	1	5685	30	2174	38.241	0.795778	35.3	42
Biragzang__NODE_2393_length_5684_cov_12.158465	1	5684	35	2950	51.9001	0.909747	35.6	41.5
Biragzang__NODE_2397_length_5683_cov_13.777186	1	5683	2	104	1.83002	0.0366004	36.7	24
MV-4128_S29__NODE_1137_length_5675_cov_4.901601	1	5675	2	172	3.03084	0.0532159	36.6	42
Biragzang__NODE_2402_length_5673_cov_9.498576	1	5673	6	627	11.0524	0.159704	36.3	42
MV-4128_S29__NODE_1138_length_5673_cov_177.479886	1	5673	2	88	1.55121	0.0310241	36.2	15
Biragzang__NODE_2404_length_5669_cov_34.218561	1	5669	2	277	4.88622	0.0532722	35.2	42
Biragzang__NODE_2405_length_5668_cov_14.547835	1	5668	2	75	1.32322	0.0264644	35.9	40
Biragzang__NODE_2406_length_5668_cov_6.914841	1	5668	2	112	1.97601	0.0395201	36.1	0
Biragzang__NODE_2407_length_5667_cov_13.147897	1	5667	10	821	14.4874	0.266455	34.7	42
MV-4128_S29__NODE_1140_length_5666_cov_7.212796	1	5666	12	1162	20.5083	0.319802	35.8	42
Biragzang__NODE_2409_length_5664_cov_11.009271	1	5664	8	432	7.62712	0.213277	35.9	42
MV-4128_S29__NODE_1142_length_5661_cov_5.774706	1	5661	6	322	5.68804	0.158276	35.4	42
Biragzang__NODE_2413_length_5660_cov_50.558787	1	5660	4	456	8.05654	0.106714	35.7	41
Biragzang__NODE_2415_length_5658_cov_4.209709	1	5658	2	205	3.62319	0.0533758	36.5	42
Biragzang__NODE_2418_length_5649_cov_59.442975	1	5649	212	4901	86.7587	5.56222	35.5	39.5
Biragzang__NODE_2419_length_5647_cov_8.698498	1	5647	29	2568	45.4755	0.760935	35.7	41.4
MV-4128_S29__NODE_1145_length_5647_cov_6.680794	1	5647	8	786	13.9189	0.213919	35.2	42
Biragzang__NODE_2421_length_5641_cov_66.292517	1	5641	636	5600	99.2732	16.6421	35.5	41.8
Biragzang__NODE_2423_length_5636_cov_13.183480	1	5636	410	5576	98.9354	10.8311	35.5	42
cell-4125-0-44_S16__NODE_490_length_5636_cov_6.294392	1	5636	2	302	5.35841	0.0535841	33.9	42
Biragzang__NODE_2424_length_5633_cov_48.845823	1	5633	185	5320	94.4435	4.86135	35.5	40.6
Biragzang__NODE_2426_length_5627_cov_55.333632	1	5627	209	4603	81.802	5.51253	35.6	36.8
MV-4128_S29__NODE_1151_length_5620_cov_23.462354	1	5620	2	172	3.0605	0.0537367	36.5	6
Biragzang__NODE_2434_length_5619_cov_51.542955	1	5619	217	4955	88.183	5.71988	35.7	36.8
Biragzang__NODE_2435_length_5617_cov_8.293420	1	5617	34	2769	49.2968	0.872352	35.6	42
cell-4125-0-44_S16__NODE_493_length_5614_cov_5.159741	1	5614	2	187	3.33096	0.0530816	34.9	42
Biragzang__NODE_2437_length_5612_cov_8.592586	1	5612	36	2760	49.1803	0.936921	35.4	42
Biragzang__NODE_2438_length_5611_cov_13.161627	1	5611	240	5386	95.99	6.30832	35.3	41.7
Biragzang__NODE_2439_length_5610_cov_11.295050	1	5610	2	206	3.67201	0.0538324	36.5	42
Biragzang__NODE_2441_length_5607_cov_26.168588	1	5607	71	3250	57.9633	1.80828	35.5	42
Biragzang__NODE_2442_length_5606_cov_6.743470	1	5606	26	2810	50.1249	0.697467	35.3	42
MV-4128_S29__NODE_1154_length_5606_cov_6.332553	1	5606	6	558	9.95362	0.143775	35	42
Biragzang__NODE_2443_length_5605_cov_12.945405	1	5605	8	773	13.7913	0.21463	34.8	42
Biragzang__NODE_2448_length_5600_cov_6.257529	1	5600	29	1421	25.375	0.745536	35.5	41.3
Biragzang__NODE_2450_length_5599_cov_10.164683	1	5599	354	5599	100	9.39061	35.3	42
Biragzang__NODE_2451_length_5597_cov_10.205521	1	5597	12	1089	19.4569	0.323745	35.4	42
Biragzang__NODE_2454_length_5593_cov_23.333153	1	5593	1	151	2.6998	0.026998	36.5	23
MV-4128_S29__NODE_1158_length_5587_cov_5.095083	1	5587	6	663	11.8668	0.162162	35.8	42
Biragzang__NODE_2459_length_5586_cov_9.654674	1	5586	2	302	5.40637	0.0540637	32.2	42
MV-4125_S18__NODE_2283_length_5585_cov_18.821338	1	5585	3	233	4.17189	0.0811101	36.6	7.33
MV-4128_S29__NODE_1159_length_5583_cov_4.105825	1	5583	12	1184	21.2072	0.318109	35.7	42
Biragzang__NODE_2461_length_5579_cov_22.348479	1	5579	4	383	6.86503	0.108263	36.2	42
MV-4128_S29__NODE_1161_length_5575_cov_7.930435	1	5575	2	186	3.33632	0.0541704	32.7	42
Biragzang__NODE_2463_length_5574_cov_8.663707	1	5574	18	1195	21.4388	0.485468	35.8	42
Biragzang__NODE_2464_length_5573_cov_10.801377	1	5573	360	5252	94.2401	9.55159	35.4	41.6
Biragzang__NODE_2467_length_5567_cov_11.586357	1	5567	2	302	5.42482	0.0542482	36.3	42
Biragzang__NODE_2469_length_5564_cov_10.779996	1	5564	10	910	16.3551	0.260604	35	42
Biragzang__NODE_2473_length_5556_cov_29.375932	1	5556	92	4362	78.5097	2.455	35.7	42
Biragzang__NODE_2474_length_5555_cov_22.238000	1	5555	81	4208	75.7516	2.06427	35.5	40.9
cell-4125-0-44_S16__NODE_501_length_5546_cov_4.836278	1	5546	6	443	7.98774	0.163361	34.3	40.7
Biragzang__NODE_2478_length_5542_cov_11.223255	1	5542	3	452	8.1559	0.081559	33.6	30.7
Biragzang__NODE_2479_length_5538_cov_7.938902	1	5538	4	514	9.28133	0.109065	36	42
Biragzang__NODE_2481_length_5536_cov_8.378945	1	5536	46	3540	63.9451	1.23988	35	42
Biragzang__NODE_2483_length_5530_cov_37.497534	1	5530	139	4756	86.0036	3.73761	35.7	42
Biragzang__NODE_2484_length_5529_cov_11.088053	1	5529	370	5512	99.6925	9.91101	35.4	41.7
Biragzang__NODE_2485_length_5529_cov_8.209536	1	5529	36	2672	48.327	0.961476	35.2	42
Biragzang__NODE_2488_length_5527_cov_12.529240	1	5527	372	5500	99.5115	9.89398	35.5	41.6
Biragzang__NODE_2492_length_5519_cov_9.800146	1	5519	2	236	4.27614	0.0547201	32	42
Biragzang__NODE_2493_length_5518_cov_12.254073	1	5518	8	682	12.3596	0.21892	35.5	42
Biragzang__NODE_2496_length_5514_cov_8.882946	1	5514	286	5356	97.1346	7.59975	35.6	42
Biragzang__NODE_2499_length_5513_cov_8.780506	1	5513	24	2172	39.3978	0.601669	35.7	42
cell-4125-0-44_S16__NODE_506_length_5513_cov_10.147673	1	5513	2	169	3.06548	0.0547796	34.7	1
Biragzang__NODE_2500_length_5511_cov_56.252749	1	5511	228	5287	95.9354	6.08093	35.5	40.8
Biragzang__NODE_2506_length_5500_cov_17.704132	1	5500	2	147	2.67273	0.0534545	36.5	24
Biragzang__NODE_2507_length_5500_cov_8.730028	1	5500	38	2188	39.7818	1.01491	35.5	42
Biragzang__NODE_2509_length_5496_cov_9.771182	1	5496	281	5396	98.1805	7.44778	35.5	41.9
Biragzang__NODE_2513_length_5485_cov_11.691897	1	5485	8	897	16.3537	0.219508	35.1	42
MV-4125_S18__NODE_2336_length_5485_cov_22.686556	1	5485	2	269	4.90428	0.0550593	36.5	1
Biragzang__NODE_2514_length_5479_cov_12.013643	1	5479	344	5212	95.1268	9.29294	35.5	41
Biragzang__NODE_2516_length_5477_cov_10.741608	1	5477	1	151	2.75698	0.0275698	35.6	40
MV-4125_S18__NODE_2344_length_5471_cov_15.350443	1	5471	2	113	2.06544	0.0413087	36.3	25
Biragzang__NODE_2521_length_5469_cov_45.659956	1	5469	202	4601	84.1287	5.41598	35.7	39.2
Biragzang__NODE_2522_length_5468_cov_55.612045	1	5468	85	2644	48.3541	2.28255	35.8	28.8
Biragzang__NODE_2523_length_5467_cov_32.392461	1	5467	227	4836	88.458	6.10664	35.6	41.8
Biragzang__NODE_2527_length_5460_cov_10.856429	1	5460	8	581	10.641	0.201099	34.6	42
MV-4128_S29__NODE_1183_length_5457_cov_7.690115	1	5457	4	211	3.86659	0.110684	34	42
Biragzang__NODE_2529_length_5455_cov_5.960185	1	5455	2	276	5.05958	0.0553621	34	42
Biragzang__NODE_2530_length_5453_cov_48.249907	1	5453	2	172	3.15423	0.0553824	33.9	42
Biragzang__NODE_2531_length_5452_cov_21.108394	1	5452	8	813	14.912	0.218269	35.3	42
MV-4128_S29__NODE_1184_length_5451_cov_6.174203	1	5451	8	527	9.66795	0.218675	35.6	42
MV-4122_S12__NODE_2380_length_5443_cov_88.375093	1	5443	2	263	4.83189	0.0554841	36.6	31
Biragzang__NODE_2540_length_5442_cov_43.986634	1	5442	164	4421	81.2385	4.49651	35.6	32.7
Biragzang__NODE_2541_length_5440_cov_11.798143	1	5440	27	780	14.3382	0.704228	35.8	33.1
Biragzang__NODE_2542_length_5440_cov_10.783101	1	5440	2	243	4.46691	0.0555147	36.2	42
Biragzang__NODE_2546_length_5436_cov_13.610481	1	5436	170	4924	90.5813	4.64422	35.5	41.7
Biragzang__NODE_2549_length_5432_cov_53.883206	1	5432	215	4941	90.961	5.85954	35.7	37.5
Biragzang__NODE_2550_length_5432_cov_10.468291	1	5432	332	5234	96.3549	8.95711	35.6	41.8
Biragzang__NODE_2551_length_5429_cov_15.729810	1	5429	571	5372	98.9501	15.5305	35.4	40.9
Biragzang__NODE_2552_length_5428_cov_9.147590	1	5428	4	424	7.81135	0.111275	36.3	42
Biragzang__NODE_2553_length_5426_cov_10.748092	1	5426	328	5380	99.1522	8.95079	35.6	41.8
Biragzang__NODE_2556_length_5423_cov_10.891021	1	5423	289	4916	90.6509	7.81671	35.6	41.3
Biragzang__NODE_2558_length_5419_cov_7.186614	1	5419	14	1369	25.263	0.378299	33.9	42
Biragzang__NODE_2561_length_5416_cov_33.136728	1	5416	84	4042	74.6307	2.30207	35.5	42
Biragzang__NODE_2563_length_5410_cov_14.368814	1	5410	2	258	4.76895	0.0558226	36.3	42
Biragzang__NODE_2565_length_5409_cov_12.580314	1	5409	2	282	5.21353	0.0558329	34.5	42
Biragzang__NODE_2566_length_5407_cov_45.875374	1	5407	160	4456	82.4117	4.34215	35.7	38
Biragzang__NODE_2567_length_5407_cov_8.700859	1	5407	10	744	13.7599	0.2715	35.6	42
Biragzang__NODE_2568_length_5406_cov_23.727714	1	5406	1	151	2.79319	0.0279319	33.3	40
Biragzang__NODE_2571_length_5403_cov_11.196148	1	5403	10	1186	21.9508	0.271701	36	42
Biragzang__NODE_2576_length_5401_cov_15.199027	1	5401	6	784	14.5158	0.167747	35.3	42
Biragzang__NODE_2577_length_5401_cov_6.974186	1	5401	40	2269	42.0107	1.0735	35.6	42
MV-4128_S29__NODE_1197_length_5401_cov_6.732884	1	5401	4	478	8.85021	0.111831	36.1	42
Biragzang__NODE_2581_length_5393_cov_38.512926	1	5393	16	741	13.74	0.447988	35.7	25
MV-4128_S29__NODE_1201_length_5393_cov_5.485388	1	5393	8	469	8.69646	0.20916	35.2	42
Biragzang__NODE_2584_length_5391_cov_7.406297	1	5391	4	335	6.21406	0.0957151	35.9	42
Biragzang__NODE_2585_length_5389_cov_10.251219	1	5389	4	451	8.3689	0.111338	35.8	42
Biragzang__NODE_2586_length_5389_cov_6.968316	1	5389	26	1936	35.925	0.679718	35.5	42
Biragzang__NODE_2597_length_5367_cov_9.258471	1	5367	2	172	3.20477	0.0562698	36.1	42
Biragzang__NODE_2598_length_5366_cov_8.406703	1	5366	48	3111	57.9761	1.32575	35.5	42
Biragzang__NODE_2600_length_5364_cov_8.191750	1	5364	40	2190	40.8277	1.08203	35	42
Biragzang__NODE_2602_length_5356_cov_54.565365	1	5356	262	5073	94.7162	7.26512	35.6	40.8
Biragzang__NODE_2603_length_5352_cov_51.761941	1	5352	261	5093	95.1607	7.27635	35.5	39.2
Biragzang__NODE_2604_length_5350_cov_13.083097	1	5350	28	1974	36.8972	0.778692	35.4	42
Biragzang__NODE_2608_length_5342_cov_6.598260	1	5342	15	907	16.9787	0.401909	36.2	37.6
Biragzang__NODE_2609_length_5342_cov_6.036694	1	5342	2	246	4.60502	0.0565331	36.6	42
Biragzang__NODE_2611_length_5340_cov_10.355345	1	5340	301	5229	97.9213	8.33296	35.5	41.1
Biragzang__NODE_2612_length_5339_cov_57.642127	1	5339	171	4378	82.0004	4.7331	35.5	36
cell-4125-0-44_S16__NODE_556_length_5338_cov_5.131175	1	5338	4	446	8.35519	0.110528	36.5	42
Biragzang__NODE_2618_length_5337_cov_12.190647	1	5337	22	2202	41.2591	0.619074	35.6	40.2
Biragzang__NODE_2619_length_5337_cov_11.909504	1	5337	4	181	3.39142	0.113172	36.4	42
MV-4128_S29__NODE_1211_length_5334_cov_8.127297	1	5334	2	241	4.51819	0.0566179	36.4	42
Biragzang__NODE_2622_length_5332_cov_9.029941	1	5332	2	302	5.66392	0.0566392	36.5	42
Biragzang__NODE_2623_length_5332_cov_6.999052	1	5332	2	132	2.47562	0.0495124	35.9	42
Biragzang__NODE_2624_length_5330_cov_34.671090	1	5330	2	191	3.58349	0.0555347	33.7	42
Biragzang__NODE_2627_length_5329_cov_36.113007	1	5329	1	151	2.83355	0.0283355	36.6	8
Biragzang__NODE_2628_length_5329_cov_11.305650	1	5329	3	365	6.84932	0.0850066	36.6	35.7
Biragzang__NODE_2629_length_5329_cov_11.127228	1	5329	10	940	17.6393	0.283355	36.1	42
Biragzang__NODE_2630_length_5329_cov_10.919606	1	5329	6	717	13.4547	0.170013	36	42
Biragzang__NODE_2637_length_5322_cov_15.641921	1	5322	494	5299	99.5678	13.6176	35.6	42
cell-4125-0-44_S16__NODE_563_length_5318_cov_7.272848	1	5318	7	885	16.6416	0.198759	34.1	39.4
Biragzang__NODE_2642_length_5316_cov_8.294431	1	5316	44	2448	46.0497	1.23251	35.4	42
Biragzang__NODE_2643_length_5313_cov_44.164701	1	5313	186	4543	85.5072	5.15095	35.5	38.3
Biragzang__NODE_2646_length_5311_cov_50.812215	1	5311	191	4722	88.9098	5.26737	35.5	38
Biragzang__NODE_2647_length_5310_cov_12.289629	1	5310	8	791	14.8964	0.20678	35	42
Biragzang__NODE_2648_length_5309_cov_9.394937	1	5309	25	2541	47.8621	0.68431	35	42
Biragzang__NODE_2651_length_5307_cov_8.307883	1	5307	24	2002	37.7238	0.676465	35.6	42
MV-4128_S29__NODE_1217_length_5303_cov_7.548018	1	5303	6	508	9.57948	0.170847	36.5	42
Biragzang__NODE_2658_length_5300_cov_7.604004	1	5300	19	1558	29.3962	0.525094	35.9	41.9
Biragzang__NODE_2664_length_5293_cov_7.597556	1	5293	14	1063	20.0831	0.389949	36.1	42
MV-4122_S12__NODE_2450_length_5293_cov_76.025773	1	5293	2	234	4.42093	0.0570565	34.6	42
Biragzang__NODE_2665_length_5292_cov_8.084590	1	5292	4	314	5.93348	0.102419	35.9	42
cell-4125-0-44_S16__NODE_578_length_5283_cov_6.011668	1	5283	2	294	5.56502	0.0571645	36.1	42
Biragzang__NODE_2671_length_5281_cov_9.429200	1	5281	48	2748	52.0356	1.3647	35.6	42
Biragzang__NODE_2674_length_5280_cov_8.615885	1	5280	41	2578	48.8258	1.11572	35.6	41.5
Biragzang__NODE_2676_length_5277_cov_40.563386	1	5277	119	4441	84.1577	3.32291	35.4	42
MV-4128_S29__NODE_1224_length_5277_cov_28.736308	1	5277	1	151	2.86147	0.0286147	34.5	0
MV-4128_S29__NODE_1225_length_5277_cov_8.018767	1	5277	10	694	13.1514	0.286147	35.7	42
Biragzang__NODE_2677_length_5274_cov_8.300057	1	5274	26	2372	44.9754	0.743269	35.9	42
Biragzang__NODE_2678_length_5273_cov_23.692794	1	5273	350	5125	97.1932	9.88166	35.6	37.2
Biragzang__NODE_2679_length_5273_cov_7.228248	1	5273	21	1233	23.3833	0.588849	35.8	42
MV-4128_S29__NODE_1228_length_5273_cov_6.912227	1	5273	2	226	4.28599	0.0572729	36	42
Biragzang__NODE_2681_length_5270_cov_7.884947	1	5270	231	5089	96.5655	6.3759	35.6	41.8
Biragzang__NODE_2685_length_5266_cov_45.240261	1	5266	3	331	6.28561	0.0860235	36.1	36
Biragzang__NODE_2686_length_5266_cov_10.364230	1	5266	2	223	4.23471	0.057349	36	42
Biragzang__NODE_2687_length_5265_cov_11.746641	1	5265	13	1355	25.736	0.37189	34.9	40.6
Biragzang__NODE_2690_length_5260_cov_9.758694	1	5260	7	477	9.06844	0.198669	36.3	39.4
Biragzang__NODE_2692_length_5258_cov_10.281184	1	5258	20	1490	28.3378	0.573222	35.2	42
MV-4125_S18__NODE_2454_length_5258_cov_13.891217	1	5258	2	302	5.74363	0.0574363	34	1
Biragzang__NODE_2693_length_5256_cov_17.211690	1	5256	163	4760	90.5632	4.50628	35.3	41.6
Biragzang__NODE_2696_length_5249_cov_8.617251	1	5249	2	134	2.55287	0.0510573	34.8	42
Biragzang__NODE_2697_length_5248_cov_37.657231	1	5248	110	4533	86.3758	3.09413	35.4	42
MV-4128_S29__NODE_1233_length_5240_cov_6.659402	1	5240	2	169	3.22519	0.0576336	36.6	42
Biragzang__NODE_2704_length_5239_cov_19.298611	1	5239	3	419	7.99771	0.0864669	32.6	41.3
Biragzang__NODE_2708_length_5236_cov_10.018529	1	5236	17	1946	37.1658	0.49026	35	40.9
Biragzang__NODE_2710_length_5231_cov_11.062983	1	5231	337	5200	99.4074	9.59453	35.3	41.9
Biragzang__NODE_2711_length_5231_cov_7.707110	1	5231	22	1390	26.5724	0.634104	35.1	42
Biragzang__NODE_2713_length_5230_cov_15.359420	1	5230	471	5227	99.9426	13.3218	35.4	41.5
Biragzang__NODE_2715_length_5228_cov_46.793157	1	5228	122	4196	80.2601	3.46366	35.4	41.1
Biragzang__NODE_2716_length_5228_cov_7.830659	1	5228	6	532	10.176	0.173298	35.4	42
MV-4128_S29__NODE_1238_length_5224_cov_8.398723	1	5224	4	385	7.36983	0.11562	36.1	42
Biragzang__NODE_2722_length_5220_cov_17.536108	1	5220	2	151	2.89272	0.0578544	37	24
Biragzang__NODE_2724_length_5220_cov_4.508035	1	5220	10	603	11.5517	0.289272	36.1	42
Biragzang__NODE_2729_length_5215_cov_10.821124	1	5215	12	843	16.1649	0.343241	36.1	42
MV-4128_S29__NODE_1241_length_5213_cov_7.663823	1	5213	8	497	9.53386	0.231728	34.5	42
Biragzang__NODE_2735_length_5211_cov_9.665244	1	5211	10	957	18.365	0.289772	35.4	42
cell-4125-0-44_S16__NODE_595_length_5210_cov_8.117168	1	5210	4	304	5.83493	0.105566	36.5	16
Biragzang__NODE_2736_length_5209_cov_12.523671	1	5209	2	151	2.89883	0.0579766	34.5	23
Biragzang__NODE_2737_length_5209_cov_11.102057	1	5209	11	835	16.0299	0.307737	35.3	41.8
Biragzang__NODE_2738_length_5207_cov_27.953610	1	5207	71	2628	50.4705	1.98483	35.7	33.8
Biragzang__NODE_2742_length_5203_cov_7.700466	1	5203	16	1434	27.561	0.450509	36	42
Biragzang__NODE_2743_length_5202_cov_9.848650	1	5202	8	404	7.76624	0.231449	34.9	42
MV-4128_S29__NODE_1245_length_5199_cov_5.248250	1	5199	7	568	10.9252	0.168302	35.8	41.7
Biragzang__NODE_2744_length_5196_cov_14.542696	1	5196	448	5148	99.0762	12.6832	35.5	41.9
Biragzang__NODE_2746_length_5190_cov_7.571762	1	5190	25	1970	37.9576	0.722158	35.7	38.7
Biragzang__NODE_2748_length_5186_cov_11.019100	1	5186	2	152	2.93097	0.0582337	36.3	42
Biragzang__NODE_2751_length_5185_cov_9.392982	1	5185	157	4726	91.1475	4.42604	35.3	42
Biragzang__NODE_2752_length_5185_cov_6.325926	1	5185	4	448	8.64031	0.116104	35.9	23.8
Biragzang__NODE_2755_length_5181_cov_5.466446	1	5181	2	194	3.74445	0.0582899	35	42
Biragzang__NODE_2757_length_5179_cov_7.272053	1	5179	28	2661	51.3806	0.812512	35.7	41.9
Biragzang__NODE_2761_length_5173_cov_13.195975	1	5173	399	5005	96.7524	11.3358	35.5	41.9
Biragzang__NODE_2771_length_5160_cov_14.717140	1	5160	407	5043	97.7326	11.655	35.4	41.2
Biragzang__NODE_2777_length_5153_cov_17.804629	1	5153	56	2857	55.4434	1.5884	35.3	41.9
Biragzang__NODE_2778_length_5152_cov_14.752992	1	5152	421	5117	99.3207	12.067	35.4	41.4
Biragzang__NODE_2779_length_5152_cov_9.811262	1	5152	292	4827	93.6918	8.2271	35.6	41.9
Biragzang__NODE_2785_length_5137_cov_10.402991	1	5137	1	151	2.93946	0.0293946	36.8	23
Biragzang__NODE_2788_length_5135_cov_10.065354	1	5135	13	1006	19.591	0.382278	35.3	41.8
Biragzang__NODE_2789_length_5135_cov_8.654528	1	5135	6	515	10.0292	0.176436	36.2	42
Biragzang__NODE_2793_length_5131_cov_9.318952	1	5131	2	195	3.80043	0.0588579	35.7	42
Biragzang__NODE_2794_length_5130_cov_24.272118	1	5130	86	3406	66.3938	2.43236	35.6	42
Biragzang__NODE_2795_length_5127_cov_8.592271	1	5127	24	2290	44.6655	0.68188	35.6	42
cell-4125-0-44_S16__NODE_613_length_5127_cov_8.053628	1	5127	8	929	18.1198	0.235615	36.1	26
Biragzang__NODE_2798_length_5126_cov_39.563400	1	5126	137	4043	78.8724	3.92119	35.6	38.5
Biragzang__NODE_2799_length_5126_cov_24.230724	1	5126	108	3993	77.897	3.11783	35.7	42
cell-4125-0-44_S16__NODE_615_length_5125_cov_10.881065	1	5125	2	196	3.82439	0.0589268	36.1	22
MV-4128_S29__NODE_1262_length_5124_cov_15.931545	1	5124	1	151	2.94692	0.0294692	36	2
Biragzang__NODE_2802_length_5122_cov_9.299980	1	5122	31	2608	50.9176	0.912144	35.7	42
Biragzang__NODE_2804_length_5121_cov_8.280497	1	5121	11	1251	24.4288	0.324351	36.2	39.3
Biragzang__NODE_2805_length_5121_cov_7.798855	1	5121	39	2430	47.4517	1.12107	35.6	41.5
MV-4122_S12__NODE_2518_length_5121_cov_21.375049	1	5121	5	318	6.20972	0.132591	35.8	29.8
Biragzang__NODE_2808_length_5116_cov_35.763683	1	5116	124	4352	85.0665	3.62002	35.6	41.8
Biragzang__NODE_2810_length_5115_cov_9.823715	1	5115	293	4871	95.2297	8.44321	35.5	41.9
Biragzang__NODE_2811_length_5115_cov_8.397826	1	5115	22	1938	37.8886	0.642815	35.9	41.5
Biragzang__NODE_2812_length_5114_cov_10.528761	1	5114	16	1475	28.8424	0.472429	36	42
Biragzang__NODE_2813_length_5114_cov_7.243922	1	5114	30	2374	46.4216	0.874267	35.6	42
Biragzang__NODE_2816_length_5110_cov_32.282690	1	5110	99	3994	78.1605	2.80802	35.4	42
Biragzang__NODE_2820_length_5107_cov_41.676564	1	5107	98	3608	70.6481	2.81848	35.5	36.4
Biragzang__NODE_2821_length_5107_cov_8.296120	1	5107	26	2107	41.2571	0.744468	35.5	42
cell-4125-0-44_S16__NODE_621_length_5105_cov_5.614257	1	5105	4	199	3.89814	0.118315	34.3	42
Biragzang__NODE_2832_length_5096_cov_13.897441	1	5096	4	478	9.37991	0.118524	36.4	41
Biragzang__NODE_2834_length_5095_cov_8.117857	1	5095	2	187	3.67026	0.0592738	36.3	42
Biragzang__NODE_2839_length_5091_cov_7.810961	1	5091	24	1693	33.2548	0.700059	35.2	42
Biragzang__NODE_2840_length_5089_cov_12.887763	1	5089	6	711	13.9713	0.178031	36	42
Biragzang__NODE_2841_length_5089_cov_10.313468	1	5089	38	2250	44.213	1.11102	35.3	42
MV-4122_S12__NODE_2533_length_5085_cov_50.857256	1	5085	2	134	2.6352	0.052704	36.4	42
Biragzang__NODE_2845_length_5084_cov_41.200040	1	5084	148	4565	89.7915	4.32356	35.6	41.8
Biragzang__NODE_2847_length_5083_cov_26.660899	1	5083	63	3732	73.4212	1.81881	35.7	42
MV-4128_S29__NODE_1271_length_5082_cov_6.659638	1	5082	2	80	1.57418	0.0314837	36.1	42
Biragzang__NODE_2849_length_5080_cov_32.743881	1	5080	4	244	4.80315	0.118898	36	42
Biragzang__NODE_2850_length_5080_cov_13.923582	1	5080	426	5056	99.5276	12.3502	35.6	41.6
Biragzang__NODE_2851_length_5076_cov_47.165107	1	5076	204	4505	88.751	5.98266	35.5	41.9
Biragzang__NODE_2852_length_5075_cov_52.338645	1	5075	2	302	5.95074	0.0595074	34.7	40
Biragzang__NODE_2853_length_5070_cov_9.819940	1	5070	20	1947	38.4024	0.573964	35.6	42
Biragzang__NODE_2854_length_5067_cov_8.361133	1	5067	20	1844	36.3923	0.596013	35.2	42
MV-4122_S12__NODE_2544_length_5064_cov_42.508085	1	5064	2	249	4.91706	0.0596367	36.5	42
Biragzang__NODE_2857_length_5062_cov_10.658678	1	5062	8	336	6.63769	0.230344	36	42
Biragzang__NODE_2858_length_5062_cov_8.951268	1	5062	16	1376	27.1829	0.468589	35.8	42
Biragzang__NODE_2861_length_5059_cov_11.093725	1	5059	8	520	10.2787	0.236806	34.3	42
Biragzang__NODE_2865_length_5054_cov_11.989198	1	5054	2	187	3.70004	0.0597546	36.3	42
Biragzang__NODE_2867_length_5052_cov_10.979988	1	5052	10	1172	23.1987	0.2981	35	42
Biragzang__NODE_2871_length_5047_cov_18.545072	1	5047	8	940	18.6249	0.230236	36.1	42
Biragzang__NODE_2872_length_5047_cov_10.638822	1	5047	299	4966	98.3951	8.68932	35.4	41.9
MV-4128_S29__NODE_1281_length_5041_cov_7.817690	1	5041	8	689	13.6679	0.239635	36.2	42
MV-4128_S29__NODE_1282_length_5039_cov_4.393258	1	5039	6	328	6.50923	0.148839	35.6	42
Biragzang__NODE_2877_length_5036_cov_9.587633	1	5036	26	2068	41.0643	0.729547	34.9	42
Biragzang__NODE_2879_length_5035_cov_8.082129	1	5035	16	1019	20.2383	0.435353	36	42
MV-4128_S29__NODE_1285_length_5034_cov_4.858606	1	5034	6	502	9.97219	0.179976	36.2	42
Biragzang__NODE_2882_length_5033_cov_9.589795	1	5033	264	4920	97.7548	7.67435	35.6	42
Biragzang__NODE_2884_length_5031_cov_48.415595	1	5031	171	4391	87.2789	5.07315	35.5	38.5
Biragzang__NODE_2885_length_5030_cov_57.276382	1	5030	196	4568	90.8151	5.8171	35.7	41.1
MV-4128_S29__NODE_1287_length_5030_cov_4.210854	1	5030	4	413	8.21074	0.12008	36	42
MV-4128_S29__NODE_1288_length_5027_cov_5.292438	1	5027	6	360	7.16133	0.170678	36.4	42
Biragzang__NODE_2889_length_5021_cov_10.100886	1	5021	12	983	19.5778	0.360884	35.9	42
MV-4128_S29__NODE_1289_length_5021_cov_7.492348	1	5021	6	468	9.32085	0.180442	34.7	42
Biragzang__NODE_2891_length_5019_cov_52.158139	1	5019	2	194	3.86531	0.0601713	32.5	42
Biragzang__NODE_2894_length_5015_cov_11.954839	1	5015	2	208	4.14756	0.0602193	36.3	42
Biragzang__NODE_2895_length_5011_cov_17.599475	1	5011	54	1556	31.0517	1.58132	35.4	40.9
Biragzang__NODE_2900_length_5010_cov_51.458527	1	5010	114	3701	73.8723	3.39162	35.7	36.9
Biragzang__NODE_2903_length_5006_cov_9.396486	1	5006	4	280	5.59329	0.109868	36	42
Biragzang__NODE_2904_length_5004_cov_12.257022	1	5004	2	302	6.03517	0.0603517	35.9	42
Biragzang__NODE_2906_length_5003_cov_7.204729	1	5003	1	151	3.01819	0.0301819	36.8	42
MV-4128_S29__NODE_1293_length_5002_cov_6.416818	1	5002	5	331	6.61735	0.15094	32.6	38.4
Biragzang__NODE_2907_length_5001_cov_8.068136	1	5001	14	1292	25.8348	0.417916	35.2	42
MV-4122_S12__NODE_1_length_347332_cov_162.618440	1	347332	0	0	0	0	0	0
MV-4122_S12__NODE_3_length_306985_cov_99.412087	1	306985	0	0	0	0	0	0
MV-4128_S29__NODE_3_length_302913_cov_843.471888	1	302913	0	0	0	0	0	0
MV-4128_S29__NODE_4_length_283295_cov_705.596582	1	283295	0	0	0	0	0	0
MV-4128_S29__NODE_5_length_269456_cov_691.517337	1	269456	0	0	0	0	0	0
cell-4122-0-44_S10__NODE_2_length_258152_cov_535.101380	1	258152	0	0	0	0	0	0
MV-4122_S12__NODE_4_length_257810_cov_208.067040	1	257810	0	0	0	0	0	0
MV-4128_S29__NODE_6_length_257161_cov_776.419383	1	257161	0	0	0	0	0	0
MV-4122_S12__NODE_5_length_250913_cov_121.761750	1	250913	0	0	0	0	0	0
MV-4128_S29__NODE_7_length_244923_cov_822.768377	1	244923	0	0	0	0	0	0
MV-4122_S12__NODE_6_length_243044_cov_111.627605	1	243044	0	0	0	0	0	0
MV-4122_S12__NODE_7_length_233469_cov_108.959728	1	233469	0	0	0	0	0	0
MV-4122_S12__NODE_8_length_224095_cov_162.072951	1	224095	0	0	0	0	0	0
MV-4125_S18__NODE_2_length_220901_cov_44.422915	1	220901	0	0	0	0	0	0
MV-4125_S18__NODE_3_length_217179_cov_52.521974	1	217179	0	0	0	0	0	0
MV-4122_S12__NODE_9_length_214484_cov_118.635600	1	214484	0	0	0	0	0	0
MV-4128_S29__NODE_9_length_206707_cov_901.894712	1	206707	0	0	0	0	0	0
MV-4122_S12__NODE_10_length_189740_cov_39.995181	1	189740	0	0	0	0	0	0
MV-4122_S12__NODE_11_length_185540_cov_53.431593	1	185540	0	0	0	0	0	0
MV-4122_S12__NODE_12_length_180362_cov_113.627724	1	180362	0	0	0	0	0	0
MV-4122_S12__NODE_13_length_180342_cov_55.843233	1	180342	0	0	0	0	0	0
MV-4122_S12__NODE_14_length_180275_cov_111.295666	1	180275	0	0	0	0	0	0
MV-4122_S12__NODE_15_length_172952_cov_50.503334	1	172952	0	0	0	0	0	0
MV-4125_S18__NODE_5_length_172383_cov_49.785990	1	172383	0	0	0	0	0	0
MV-4122_S12__NODE_16_length_171874_cov_36.851105	1	171874	0	0	0	0	0	0
MV-4128_S29__NODE_10_length_168267_cov_702.126067	1	168267	0	0	0	0	0	0
MV-4125_S18__NODE_7_length_167495_cov_35.511383	1	167495	0	0	0	0	0	0
MV-4122_S12__NODE_17_length_167377_cov_32.409671	1	167377	0	0	0	0	0	0
MV-4122_S12__NODE_18_length_164020_cov_35.723667	1	164020	0	0	0	0	0	0
MV-4128_S29__NODE_11_length_163381_cov_739.494569	1	163381	0	0	0	0	0	0
MV-4122_S12__NODE_20_length_154090_cov_67.592638	1	154090	0	0	0	0	0	0
MV-4122_S12__NODE_21_length_153678_cov_64.903725	1	153678	0	0	0	0	0	0
MV-4122_S12__NODE_22_length_151970_cov_116.921423	1	151970	0	0	0	0	0	0
MV-4122_S12__NODE_23_length_151726_cov_36.932657	1	151726	0	0	0	0	0	0
MV-4122_S12__NODE_24_length_151229_cov_36.656211	1	151229	0	0	0	0	0	0
MV-4122_S12__NODE_25_length_151164_cov_36.207823	1	151164	0	0	0	0	0	0
MV-4122_S12__NODE_26_length_151132_cov_95.491233	1	151132	0	0	0	0	0	0
MV-4122_S12__NODE_27_length_150370_cov_39.765765	1	150370	0	0	0	0	0	0
MV-4122_S12__NODE_28_length_147829_cov_39.539188	1	147829	0	0	0	0	0	0
MV-4122_S12__NODE_29_length_144523_cov_40.350285	1	144523	0	0	0	0	0	0
cell-4122-0-44_S10__NODE_6_length_143912_cov_589.700758	1	143912	0	0	0	0	0	0
MV-4128_S29__NODE_12_length_141680_cov_673.733402	1	141680	0	0	0	0	0	0
MV-4125_S18__NODE_8_length_141676_cov_39.207759	1	141676	0	0	0	0	0	0
MV-4122_S12__NODE_31_length_140225_cov_39.007783	1	140225	0	0	0	0	0	0
MV-4122_S12__NODE_32_length_140199_cov_38.649461	1	140199	0	0	0	0	0	0
cell-4122-0-44_S10__NODE_7_length_135821_cov_546.300237	1	135821	0	0	0	0	0	0
MV-4122_S12__NODE_33_length_134546_cov_54.650125	1	134546	0	0	0	0	0	0
MV-4122_S12__NODE_34_length_134358_cov_98.493474	1	134358	0	0	0	0	0	0
MV-4128_S29__NODE_13_length_134274_cov_42.610487	1	134274	0	0	0	0	0	0
MV-4122_S12__NODE_35_length_132632_cov_121.390633	1	132632	0	0	0	0	0	0
MV-4122_S12__NODE_36_length_131504_cov_56.187594	1	131504	0	0	0	0	0	0
MV-4122_S12__NODE_37_length_131343_cov_196.227919	1	131343	0	0	0	0	0	0
MV-4122_S12__NODE_38_length_129112_cov_82.919539	1	129112	0	0	0	0	0	0
MV-4122_S12__NODE_39_length_128307_cov_161.397054	1	128307	0	0	0	0	0	0
MV-4122_S12__NODE_40_length_125699_cov_44.693061	1	125699	0	0	0	0	0	0
MV-4122_S12__NODE_41_length_124982_cov_32.981325	1	124982	0	0	0	0	0	0
MV-4122_S12__NODE_42_length_124290_cov_21.496969	1	124290	0	0	0	0	0	0
MV-4125_S18__NODE_12_length_122663_cov_49.410308	1	122663	0	0	0	0	0	0
MV-4122_S12__NODE_43_length_119401_cov_55.379904	1	119401	0	0	0	0	0	0
MV-4122_S12__NODE_44_length_116360_cov_36.598951	1	116360	0	0	0	0	0	0
MV-4122_S12__NODE_45_length_116108_cov_123.351184	1	116108	0	0	0	0	0	0
MV-4122_S12__NODE_46_length_114732_cov_117.872642	1	114732	0	0	0	0	0	0
MV-4125_S18__NODE_14_length_111737_cov_49.167986	1	111737	0	0	0	0	0	0
MV-4122_S12__NODE_47_length_111449_cov_52.350656	1	111449	0	0	0	0	0	0
MV-4122_S12__NODE_48_length_111214_cov_228.940374	1	111214	0	0	0	0	0	0
MV-4128_S29__NODE_16_length_111033_cov_669.917767	1	111033	0	0	0	0	0	0
MV-4125_S18__NODE_15_length_110432_cov_50.203231	1	110432	0	0	0	0	0	0
MV-4122_S12__NODE_49_length_109065_cov_230.757903	1	109065	0	0	0	0	0	0
MV-4122_S12__NODE_50_length_108001_cov_162.941767	1	108001	0	0	0	0	0	0
MV-4122_S12__NODE_51_length_107554_cov_56.077284	1	107554	0	0	0	0	0	0
MV-4122_S12__NODE_52_length_106980_cov_46.891213	1	106980	0	0	0	0	0	0
MV-4122_S12__NODE_53_length_106966_cov_57.397059	1	106966	0	0	0	0	0	0
MV-4125_S18__NODE_16_length_106771_cov_47.339687	1	106771	0	0	0	0	0	0
MV-4122_S12__NODE_54_length_105659_cov_60.788711	1	105659	0	0	0	0	0	0
MV-4122_S12__NODE_55_length_105417_cov_39.554963	1	105417	0	0	0	0	0	0
MV-4122_S12__NODE_56_length_105157_cov_155.709311	1	105157	0	0	0	0	0	0
MV-4122_S12__NODE_57_length_104456_cov_152.385590	1	104456	0	0	0	0	0	0
MV-4122_S12__NODE_58_length_103056_cov_34.292541	1	103056	0	0	0	0	0	0
MV-4125_S18__NODE_17_length_102930_cov_69.991183	1	102930	0	0	0	0	0	0
MV-4122_S12__NODE_59_length_102190_cov_37.228932	1	102190	0	0	0	0	0	0
MV-4122_S12__NODE_60_length_102158_cov_208.338922	1	102158	0	0	0	0	0	0
MV-4122_S12__NODE_61_length_102126_cov_162.235601	1	102126	0	0	0	0	0	0
cell-4122-0-44_S10__NODE_9_length_101246_cov_573.773784	1	101246	0	0	0	0	0	0
MV-4122_S12__NODE_62_length_101008_cov_46.421057	1	101008	0	0	0	0	0	0
MV-4125_S18__NODE_18_length_100537_cov_22.801845	1	100537	0	0	0	0	0	0
MV-4122_S12__NODE_63_length_100493_cov_113.329925	1	100493	0	0	0	0	0	0
MV-4128_S29__NODE_19_length_100162_cov_39.841510	1	100162	0	0	0	0	0	0
MV-4122_S12__NODE_64_length_99596_cov_50.699812	1	99596	0	0	0	0	0	0
cell-4122-0-44_S10__NODE_10_length_98740_cov_670.203293	1	98740	0	0	0	0	0	0
MV-4122_S12__NODE_65_length_98066_cov_96.755629	1	98066	0	0	0	0	0	0
MV-4122_S12__NODE_66_length_97981_cov_38.187621	1	97981	0	0	0	0	0	0
MV-4125_S18__NODE_20_length_97580_cov_25.242051	1	97580	0	0	0	0	0	0
MV-4125_S18__NODE_21_length_97393_cov_54.301208	1	97393	0	0	0	0	0	0
MV-4122_S12__NODE_67_length_96749_cov_166.768652	1	96749	0	0	0	0	0	0
MV-4122_S12__NODE_68_length_96236_cov_106.810888	1	96236	0	0	0	0	0	0
MV-4122_S12__NODE_69_length_95769_cov_168.806590	1	95769	0	0	0	0	0	0
MV-4122_S12__NODE_70_length_95475_cov_54.486250	1	95475	0	0	0	0	0	0
cell-4122-0-44_S10__NODE_12_length_95464_cov_625.492029	1	95464	0	0	0	0	0	0
MV-4122_S12__NODE_71_length_94732_cov_47.951805	1	94732	0	0	0	0	0	0
MV-4122_S12__NODE_72_length_94564_cov_34.338677	1	94564	0	0	0	0	0	0
MV-4128_S29__NODE_20_length_94254_cov_745.260831	1	94254	0	0	0	0	0	0
MV-4122_S12__NODE_73_length_94031_cov_224.488199	1	94031	0	0	0	0	0	0
MV-4125_S18__NODE_23_length_93706_cov_35.045456	1	93706	0	0	0	0	0	0
MV-4122_S12__NODE_74_length_92715_cov_81.746903	1	92715	0	0	0	0	0	0
MV-4122_S12__NODE_75_length_92332_cov_57.313090	1	92332	0	0	0	0	0	0
MV-4122_S12__NODE_76_length_92182_cov_39.789703	1	92182	0	0	0	0	0	0
MV-4125_S18__NODE_24_length_91998_cov_69.661519	1	91998	0	0	0	0	0	0
MV-4122_S12__NODE_77_length_91906_cov_109.339583	1	91906	0	0	0	0	0	0
MV-4122_S12__NODE_78_length_90883_cov_39.203891	1	90883	0	0	0	0	0	0
Biragzang__NODE_1_length_90607_cov_59.369511	1	90607	0	0	0	0	0	0
MV-4125_S18__NODE_25_length_90515_cov_50.353836	1	90515	0	0	0	0	0	0
MV-4125_S18__NODE_26_length_90387_cov_47.965981	1	90387	0	0	0	0	0	0
MV-4128_S29__NODE_21_length_90382_cov_38.042346	1	90382	0	0	0	0	0	0
MV-4122_S12__NODE_79_length_88798_cov_36.475621	1	88798	0	0	0	0	0	0
MV-4122_S12__NODE_80_length_88109_cov_152.891453	1	88109	0	0	0	0	0	0
MV-4125_S18__NODE_29_length_87999_cov_48.915389	1	87999	0	0	0	0	0	0
MV-4125_S18__NODE_30_length_87147_cov_51.027086	1	87147	0	0	0	0	0	0
Biragzang__NODE_2_length_87057_cov_10.683548	1	87057	0	0	0	0	0	0
MV-4128_S29__NODE_22_length_85747_cov_45.786281	1	85747	0	0	0	0	0	0
MV-4128_S29__NODE_23_length_85549_cov_46.556378	1	85549	0	0	0	0	0	0
MV-4122_S12__NODE_81_length_85308_cov_115.623955	1	85308	0	0	0	0	0	0
MV-4125_S18__NODE_32_length_84494_cov_66.146934	1	84494	0	0	0	0	0	0
MV-4122_S12__NODE_82_length_83936_cov_44.113315	1	83936	0	0	0	0	0	0
MV-4122_S12__NODE_83_length_83218_cov_50.619374	1	83218	0	0	0	0	0	0
MV-4125_S18__NODE_33_length_83050_cov_24.850003	1	83050	0	0	0	0	0	0
MV-4122_S12__NODE_84_length_82943_cov_156.026349	1	82943	0	0	0	0	0	0
MV-4128_S29__NODE_24_length_82224_cov_28.425513	1	82224	0	0	0	0	0	0
MV-4125_S18__NODE_34_length_82035_cov_63.297743	1	82035	0	0	0	0	0	0
MV-4122_S12__NODE_85_length_81436_cov_163.239233	1	81436	0	0	0	0	0	0
MV-4125_S18__NODE_35_length_81422_cov_34.332776	1	81422	0	0	0	0	0	0
MV-4122_S12__NODE_86_length_81287_cov_25.578762	1	81287	0	0	0	0	0	0
MV-4122_S12__NODE_87_length_81013_cov_36.490699	1	81013	0	0	0	0	0	0
MV-4122_S12__NODE_88_length_80982_cov_35.507544	1	80982	0	0	0	0	0	0
MV-4122_S12__NODE_89_length_80974_cov_32.608522	1	80974	0	0	0	0	0	0
MV-4125_S18__NODE_36_length_80972_cov_30.855815	1	80972	0	0	0	0	0	0
MV-4122_S12__NODE_90_length_80965_cov_50.669052	1	80965	0	0	0	0	0	0
MV-4128_S29__NODE_25_length_80807_cov_42.802903	1	80807	0	0	0	0	0	0
MV-4122_S12__NODE_91_length_80489_cov_157.126824	1	80489	0	0	0	0	0	0
MV-4125_S18__NODE_37_length_80423_cov_49.581948	1	80423	0	0	0	0	0	0
MV-4122_S12__NODE_92_length_80307_cov_50.070578	1	80307	0	0	0	0	0	0
MV-4122_S12__NODE_93_length_79850_cov_53.321085	1	79850	0	0	0	0	0	0
MV-4122_S12__NODE_94_length_79669_cov_216.077323	1	79669	0	0	0	0	0	0
MV-4122_S12__NODE_95_length_79524_cov_103.980609	1	79524	0	0	0	0	0	0
MV-4122_S12__NODE_96_length_79171_cov_209.501352	1	79171	0	0	0	0	0	0
MV-4125_S18__NODE_38_length_78963_cov_44.338027	1	78963	0	0	0	0	0	0
MV-4122_S12__NODE_97_length_78888_cov_162.107861	1	78888	0	0	0	0	0	0
MV-4122_S12__NODE_98_length_78796_cov_40.477159	1	78796	0	0	0	0	0	0
cell-4122-0-44_S10__NODE_15_length_78725_cov_550.097521	1	78725	0	0	0	0	0	0
MV-4122_S12__NODE_99_length_77766_cov_166.000824	1	77766	0	0	0	0	0	0
MV-4122_S12__NODE_100_length_77687_cov_44.800675	1	77687	0	0	0	0	0	0
MV-4125_S18__NODE_39_length_77090_cov_24.332745	1	77090	0	0	0	0	0	0
MV-4122_S12__NODE_101_length_76569_cov_33.514572	1	76569	0	0	0	0	0	0
MV-4122_S12__NODE_102_length_76551_cov_34.392217	1	76551	0	0	0	0	0	0
MV-4122_S12__NODE_103_length_76332_cov_53.019298	1	76332	0	0	0	0	0	0
MV-4122_S12__NODE_104_length_76014_cov_151.248121	1	76014	0	0	0	0	0	0
MV-4122_S12__NODE_105_length_75655_cov_116.525476	1	75655	0	0	0	0	0	0
MV-4128_S29__NODE_26_length_75050_cov_26.829695	1	75050	0	0	0	0	0	0
MV-4122_S12__NODE_108_length_74521_cov_33.392246	1	74521	0	0	0	0	0	0
MV-4122_S12__NODE_109_length_74308_cov_43.919532	1	74308	0	0	0	0	0	0
MV-4122_S12__NODE_110_length_74249_cov_35.103229	1	74249	0	0	0	0	0	0
MV-4122_S12__NODE_111_length_73825_cov_113.626772	1	73825	0	0	0	0	0	0
MV-4122_S12__NODE_112_length_73799_cov_204.588007	1	73799	0	0	0	0	0	0
MV-4125_S18__NODE_40_length_73702_cov_27.415957	1	73702	0	0	0	0	0	0
MV-4125_S18__NODE_41_length_73219_cov_46.353863	1	73219	0	0	0	0	0	0
MV-4122_S12__NODE_113_length_73188_cov_97.274076	1	73188	0	0	0	0	0	0
MV-4122_S12__NODE_114_length_72713_cov_44.697487	1	72713	0	0	0	0	0	0
Biragzang__NODE_3_length_72593_cov_10.665541	1	72593	0	0	0	0	0	0
Biragzang__NODE_4_length_72549_cov_54.213066	1	72549	0	0	0	0	0	0
MV-4125_S18__NODE_43_length_72277_cov_46.609994	1	72277	0	0	0	0	0	0
MV-4122_S12__NODE_115_length_72132_cov_25.640745	1	72132	0	0	0	0	0	0
MV-4122_S12__NODE_117_length_71383_cov_44.672933	1	71383	0	0	0	0	0	0
MV-4125_S18__NODE_45_length_71332_cov_47.928631	1	71332	0	0	0	0	0	0
MV-4122_S12__NODE_118_length_71085_cov_30.424736	1	71085	0	0	0	0	0	0
MV-4122_S12__NODE_119_length_70925_cov_63.383787	1	70925	0	0	0	0	0	0
MV-4122_S12__NODE_120_length_70466_cov_34.904958	1	70466	0	0	0	0	0	0
MV-4122_S12__NODE_121_length_70270_cov_46.655444	1	70270	0	0	0	0	0	0
MV-4125_S18__NODE_46_length_70194_cov_46.697372	1	70194	0	0	0	0	0	0
MV-4122_S12__NODE_122_length_69849_cov_53.698799	1	69849	0	0	0	0	0	0
MV-4125_S18__NODE_47_length_69606_cov_47.851174	1	69606	0	0	0	0	0	0
MV-4122_S12__NODE_123_length_69510_cov_148.830739	1	69510	0	0	0	0	0	0
MV-4128_S29__NODE_29_length_69162_cov_83.801887	1	69162	0	0	0	0	0	0
MV-4125_S18__NODE_48_length_69041_cov_23.325936	1	69041	0	0	0	0	0	0
MV-4122_S12__NODE_125_length_68641_cov_41.984632	1	68641	0	0	0	0	0	0
MV-4122_S12__NODE_126_length_68562_cov_25.326098	1	68562	0	0	0	0	0	0
MV-4122_S12__NODE_127_length_68441_cov_56.859167	1	68441	0	0	0	0	0	0
cell-4122-0-44_S10__NODE_16_length_68042_cov_661.266507	1	68042	0	0	0	0	0	0
MV-4122_S12__NODE_128_length_67963_cov_166.301290	1	67963	0	0	0	0	0	0
MV-4125_S18__NODE_49_length_67588_cov_246.638547	1	67588	0	0	0	0	0	0
MV-4122_S12__NODE_129_length_67559_cov_32.055656	1	67559	0	0	0	0	0	0
MV-4122_S12__NODE_131_length_67391_cov_26.473758	1	67391	0	0	0	0	0	0
MV-4125_S18__NODE_50_length_67374_cov_71.944934	1	67374	0	0	0	0	0	0
MV-4122_S12__NODE_132_length_67353_cov_38.849921	1	67353	0	0	0	0	0	0
MV-4122_S12__NODE_133_length_66932_cov_55.936495	1	66932	0	0	0	0	0	0
MV-4122_S12__NODE_134_length_66564_cov_39.857478	1	66564	0	0	0	0	0	0
MV-4122_S12__NODE_135_length_66190_cov_24.339457	1	66190	0	0	0	0	0	0
MV-4125_S18__NODE_53_length_66115_cov_51.315728	1	66115	0	0	0	0	0	0
MV-4128_S29__NODE_32_length_66083_cov_26.765478	1	66083	0	0	0	0	0	0
MV-4125_S18__NODE_54_length_66051_cov_20.239605	1	66051	0	0	0	0	0	0
MV-4122_S12__NODE_136_length_65866_cov_44.132713	1	65866	0	0	0	0	0	0
MV-4125_S18__NODE_55_length_65776_cov_25.816451	1	65776	0	0	0	0	0	0
MV-4125_S18__NODE_56_length_65738_cov_47.233531	1	65738	0	0	0	0	0	0
MV-4125_S18__NODE_57_length_65719_cov_46.563581	1	65719	0	0	0	0	0	0
MV-4125_S18__NODE_59_length_65484_cov_31.311819	1	65484	0	0	0	0	0	0
MV-4122_S12__NODE_137_length_65463_cov_34.060130	1	65463	0	0	0	0	0	0
cell-4122-0-44_S10__NODE_18_length_65290_cov_593.383230	1	65290	0	0	0	0	0	0
MV-4125_S18__NODE_61_length_64592_cov_78.585168	1	64592	0	0	0	0	0	0
MV-4125_S18__NODE_62_length_64527_cov_26.276756	1	64527	0	0	0	0	0	0
MV-4125_S18__NODE_63_length_64410_cov_55.905757	1	64410	0	0	0	0	0	0
Biragzang__NODE_5_length_64333_cov_51.837907	1	64333	0	0	0	0	0	0
MV-4125_S18__NODE_64_length_64308_cov_37.255630	1	64308	0	0	0	0	0	0
MV-4122_S12__NODE_139_length_64281_cov_27.510136	1	64281	0	0	0	0	0	0
MV-4122_S12__NODE_140_length_64274_cov_38.186238	1	64274	0	0	0	0	0	0
MV-4122_S12__NODE_141_length_63889_cov_56.350174	1	63889	0	0	0	0	0	0
MV-4125_S18__NODE_65_length_63588_cov_23.237766	1	63588	0	0	0	0	0	0
MV-4128_S29__NODE_34_length_63524_cov_41.918968	1	63524	0	0	0	0	0	0
MV-4122_S12__NODE_143_length_63401_cov_54.430430	1	63401	0	0	0	0	0	0
MV-4125_S18__NODE_66_length_63394_cov_25.892325	1	63394	0	0	0	0	0	0
MV-4128_S29__NODE_35_length_63063_cov_28.230050	1	63063	0	0	0	0	0	0
MV-4122_S12__NODE_144_length_62725_cov_50.780565	1	62725	0	0	0	0	0	0
MV-4125_S18__NODE_69_length_61899_cov_23.693843	1	61899	0	0	0	0	0	0
MV-4122_S12__NODE_145_length_61535_cov_33.534483	1	61535	0	0	0	0	0	0
MV-4122_S12__NODE_147_length_61142_cov_24.373189	1	61142	0	0	0	0	0	0
MV-4122_S12__NODE_148_length_61090_cov_118.963201	1	61090	0	0	0	0	0	0
MV-4122_S12__NODE_149_length_61028_cov_39.721582	1	61028	0	0	0	0	0	0
MV-4122_S12__NODE_150_length_60956_cov_139.780135	1	60956	0	0	0	0	0	0
MV-4122_S12__NODE_151_length_60893_cov_123.368027	1	60893	0	0	0	0	0	0
Biragzang__NODE_8_length_60711_cov_11.773740	1	60711	0	0	0	0	0	0
MV-4122_S12__NODE_155_length_60627_cov_225.390890	1	60627	0	0	0	0	0	0
MV-4122_S12__NODE_156_length_60423_cov_30.154254	1	60423	0	0	0	0	0	0
MV-4125_S18__NODE_70_length_59836_cov_22.671284	1	59836	0	0	0	0	0	0
MV-4128_S29__NODE_37_length_59684_cov_27.153197	1	59684	0	0	0	0	0	0
MV-4122_S12__NODE_158_length_59478_cov_38.562947	1	59478	0	0	0	0	0	0
MV-4122_S12__NODE_159_length_59408_cov_19.351339	1	59408	0	0	0	0	0	0
cell-4122-0-44_S10__NODE_19_length_59362_cov_715.358491	1	59362	0	0	0	0	0	0
MV-4122_S12__NODE_160_length_59297_cov_166.125722	1	59297	0	0	0	0	0	0
MV-4122_S12__NODE_161_length_59292_cov_56.071374	1	59292	0	0	0	0	0	0
MV-4122_S12__NODE_162_length_59243_cov_26.442235	1	59243	0	0	0	0	0	0
MV-4122_S12__NODE_163_length_58838_cov_56.886600	1	58838	0	0	0	0	0	0
MV-4122_S12__NODE_164_length_58789_cov_45.573978	1	58789	0	0	0	0	0	0
MV-4128_S29__NODE_39_length_58549_cov_23.014788	1	58549	0	0	0	0	0	0
MV-4122_S12__NODE_165_length_58538_cov_32.739822	1	58538	0	0	0	0	0	0
MV-4122_S12__NODE_166_length_58455_cov_210.725925	1	58455	0	0	0	0	0	0
MV-4122_S12__NODE_168_length_58206_cov_36.856941	1	58206	0	0	0	0	0	0
MV-4122_S12__NODE_169_length_57877_cov_66.584034	1	57877	0	0	0	0	0	0
MV-4125_S18__NODE_77_length_57823_cov_24.291424	1	57823	0	0	0	0	0	0
MV-4125_S18__NODE_79_length_57756_cov_22.444342	1	57756	0	0	0	0	0	0
MV-4122_S12__NODE_170_length_57751_cov_232.404586	1	57751	0	0	0	0	0	0
MV-4122_S12__NODE_171_length_57237_cov_115.966598	1	57237	0	0	0	0	0	0
MV-4122_S12__NODE_172_length_57062_cov_38.294718	1	57062	0	0	0	0	0	0
MV-4122_S12__NODE_173_length_56983_cov_50.834036	1	56983	0	0	0	0	0	0
MV-4122_S12__NODE_174_length_56928_cov_45.286252	1	56928	0	0	0	0	0	0
MV-4128_S29__NODE_41_length_56738_cov_25.048145	1	56738	0	0	0	0	0	0
MV-4122_S12__NODE_175_length_56417_cov_241.938398	1	56417	0	0	0	0	0	0
MV-4122_S12__NODE_176_length_56394_cov_23.138519	1	56394	0	0	0	0	0	0
MV-4125_S18__NODE_83_length_56255_cov_70.761406	1	56255	0	0	0	0	0	0
MV-4122_S12__NODE_177_length_56244_cov_205.445247	1	56244	0	0	0	0	0	0
MV-4122_S12__NODE_178_length_55859_cov_219.959250	1	55859	0	0	0	0	0	0
MV-4125_S18__NODE_84_length_55742_cov_50.365399	1	55742	0	0	0	0	0	0
Biragzang__NODE_9_length_55626_cov_43.150960	1	55626	0	0	0	0	0	0
MV-4125_S18__NODE_85_length_55362_cov_257.342760	1	55362	0	0	0	0	0	0
MV-4122_S12__NODE_179_length_55326_cov_36.167466	1	55326	0	0	0	0	0	0
cell-4122-0-44_S10__NODE_20_length_55167_cov_656.760415	1	55167	0	0	0	0	0	0
MV-4125_S18__NODE_86_length_54787_cov_46.973580	1	54787	0	0	0	0	0	0
MV-4122_S12__NODE_181_length_54767_cov_49.309000	1	54767	0	0	0	0	0	0
MV-4125_S18__NODE_87_length_54697_cov_23.991325	1	54697	0	0	0	0	0	0
MV-4122_S12__NODE_182_length_54551_cov_35.533470	1	54551	0	0	0	0	0	0
MV-4122_S12__NODE_183_length_54288_cov_46.023510	1	54288	0	0	0	0	0	0
MV-4122_S12__NODE_184_length_54002_cov_23.863885	1	54002	0	0	0	0	0	0
Biragzang__NODE_10_length_53714_cov_39.561919	1	53714	0	0	0	0	0	0
MV-4122_S12__NODE_185_length_53652_cov_161.991716	1	53652	0	0	0	0	0	0
MV-4125_S18__NODE_91_length_53137_cov_47.671904	1	53137	0	0	0	0	0	0
MV-4125_S18__NODE_92_length_53126_cov_48.468354	1	53126	0	0	0	0	0	0
MV-4128_S29__NODE_46_length_52884_cov_25.857086	1	52884	0	0	0	0	0	0
MV-4122_S12__NODE_187_length_52838_cov_218.462990	1	52838	0	0	0	0	0	0
MV-4122_S12__NODE_188_length_52675_cov_51.611174	1	52675	0	0	0	0	0	0
MV-4125_S18__NODE_93_length_52630_cov_43.458982	1	52630	0	0	0	0	0	0
MV-4125_S18__NODE_94_length_52530_cov_33.069652	1	52530	0	0	0	0	0	0
MV-4122_S12__NODE_189_length_52506_cov_55.390822	1	52506	0	0	0	0	0	0
Biragzang__NODE_12_length_52480_cov_57.744130	1	52480	0	0	0	0	0	0
MV-4125_S18__NODE_95_length_52445_cov_22.902863	1	52445	0	0	0	0	0	0
MV-4122_S12__NODE_190_length_52392_cov_50.726274	1	52392	0	0	0	0	0	0
MV-4122_S12__NODE_191_length_52209_cov_69.783948	1	52209	0	0	0	0	0	0
MV-4125_S18__NODE_96_length_51970_cov_19.617394	1	51970	0	0	0	0	0	0
MV-4122_S12__NODE_192_length_51731_cov_204.353472	1	51731	0	0	0	0	0	0
MV-4122_S12__NODE_193_length_51708_cov_38.888041	1	51708	0	0	0	0	0	0
MV-4125_S18__NODE_98_length_51633_cov_46.375431	1	51633	0	0	0	0	0	0
MV-4125_S18__NODE_99_length_51627_cov_80.732316	1	51627	0	0	0	0	0	0
MV-4122_S12__NODE_194_length_51423_cov_46.062276	1	51423	0	0	0	0	0	0
MV-4122_S12__NODE_195_length_51189_cov_41.966989	1	51189	0	0	0	0	0	0
Biragzang__NODE_14_length_51151_cov_36.436844	1	51151	0	0	0	0	0	0
MV-4125_S18__NODE_102_length_51140_cov_23.660781	1	51140	0	0	0	0	0	0
MV-4122_S12__NODE_196_length_51045_cov_39.364307	1	51045	0	0	0	0	0	0
MV-4122_S12__NODE_198_length_50583_cov_166.949315	1	50583	0	0	0	0	0	0
MV-4125_S18__NODE_104_length_50576_cov_42.188041	1	50576	0	0	0	0	0	0
MV-4122_S12__NODE_199_length_50540_cov_48.448589	1	50540	0	0	0	0	0	0
MV-4122_S12__NODE_200_length_50457_cov_107.841217	1	50457	0	0	0	0	0	0
MV-4122_S12__NODE_201_length_50431_cov_22.213614	1	50431	0	0	0	0	0	0
MV-4122_S12__NODE_202_length_50192_cov_48.236193	1	50192	0	0	0	0	0	0
MV-4125_S18__NODE_106_length_50090_cov_23.888418	1	50090	0	0	0	0	0	0
MV-4125_S18__NODE_107_length_49889_cov_42.130473	1	49889	0	0	0	0	0	0
MV-4122_S12__NODE_203_length_49872_cov_30.400586	1	49872	0	0	0	0	0	0
MV-4122_S12__NODE_204_length_49743_cov_51.117694	1	49743	0	0	0	0	0	0
MV-4122_S12__NODE_205_length_49726_cov_216.977834	1	49726	0	0	0	0	0	0
Biragzang__NODE_16_length_49649_cov_11.287797	1	49649	0	0	0	0	0	0
MV-4122_S12__NODE_206_length_49455_cov_41.546943	1	49455	0	0	0	0	0	0
MV-4125_S18__NODE_108_length_49434_cov_23.677636	1	49434	0	0	0	0	0	0
MV-4122_S12__NODE_207_length_49281_cov_93.122151	1	49281	0	0	0	0	0	0
MV-4122_S12__NODE_208_length_49257_cov_23.356347	1	49257	0	0	0	0	0	0
MV-4122_S12__NODE_209_length_48935_cov_38.672586	1	48935	0	0	0	0	0	0
MV-4122_S12__NODE_210_length_48839_cov_48.778575	1	48839	0	0	0	0	0	0
MV-4122_S12__NODE_211_length_48765_cov_30.863580	1	48765	0	0	0	0	0	0
MV-4125_S18__NODE_109_length_48743_cov_23.494352	1	48743	0	0	0	0	0	0
MV-4122_S12__NODE_213_length_48612_cov_52.596742	1	48612	0	0	0	0	0	0
MV-4122_S12__NODE_214_length_48610_cov_31.607744	1	48610	0	0	0	0	0	0
MV-4125_S18__NODE_111_length_48501_cov_44.211989	1	48501	0	0	0	0	0	0
MV-4128_S29__NODE_48_length_48407_cov_25.779140	1	48407	0	0	0	0	0	0
MV-4125_S18__NODE_112_length_48395_cov_43.693980	1	48395	0	0	0	0	0	0
MV-4122_S12__NODE_215_length_48246_cov_65.795563	1	48246	0	0	0	0	0	0
MV-4122_S12__NODE_216_length_48243_cov_36.582282	1	48243	0	0	0	0	0	0
MV-4122_S12__NODE_217_length_48037_cov_122.591597	1	48037	0	0	0	0	0	0
MV-4125_S18__NODE_116_length_47855_cov_21.735126	1	47855	0	0	0	0	0	0
MV-4122_S12__NODE_218_length_47832_cov_38.142977	1	47832	0	0	0	0	0	0
MV-4122_S12__NODE_219_length_47802_cov_211.939179	1	47802	0	0	0	0	0	0
MV-4125_S18__NODE_117_length_47776_cov_27.955303	1	47776	0	0	0	0	0	0
MV-4128_S29__NODE_49_length_47776_cov_25.885166	1	47776	0	0	0	0	0	0
Biragzang__NODE_19_length_47740_cov_11.208682	1	47740	0	0	0	0	0	0
MV-4125_S18__NODE_118_length_47660_cov_22.691986	1	47660	0	0	0	0	0	0
MV-4122_S12__NODE_220_length_47562_cov_38.505189	1	47562	0	0	0	0	0	0
Biragzang__NODE_20_length_47489_cov_48.150525	1	47489	0	0	0	0	0	0
MV-4128_S29__NODE_50_length_47454_cov_27.427224	1	47454	0	0	0	0	0	0
MV-4122_S12__NODE_221_length_47440_cov_39.200865	1	47440	0	0	0	0	0	0
MV-4122_S12__NODE_222_length_47410_cov_25.471946	1	47410	0	0	0	0	0	0
MV-4125_S18__NODE_119_length_47207_cov_26.306010	1	47207	0	0	0	0	0	0
MV-4128_S29__NODE_51_length_47066_cov_24.662271	1	47066	0	0	0	0	0	0
MV-4128_S29__NODE_52_length_46985_cov_25.628553	1	46985	0	0	0	0	0	0
MV-4122_S12__NODE_225_length_46927_cov_49.627112	1	46927	0	0	0	0	0	0
MV-4128_S29__NODE_53_length_46916_cov_601.737543	1	46916	0	0	0	0	0	0
MV-4125_S18__NODE_122_length_46791_cov_48.701536	1	46791	0	0	0	0	0	0
Biragzang__NODE_21_length_46771_cov_41.076055	1	46771	0	0	0	0	0	0
MV-4122_S12__NODE_226_length_46687_cov_44.732008	1	46687	0	0	0	0	0	0
MV-4122_S12__NODE_227_length_46624_cov_160.581782	1	46624	0	0	0	0	0	0
MV-4122_S12__NODE_229_length_46482_cov_31.926573	1	46482	0	0	0	0	0	0
Biragzang__NODE_22_length_46395_cov_43.173198	1	46395	0	0	0	0	0	0
Biragzang__NODE_23_length_46257_cov_64.316631	1	46257	0	0	0	0	0	0
MV-4122_S12__NODE_231_length_45995_cov_54.298259	1	45995	0	0	0	0	0	0
MV-4122_S12__NODE_232_length_45845_cov_40.447456	1	45845	0	0	0	0	0	0
MV-4125_S18__NODE_124_length_45739_cov_36.727804	1	45739	0	0	0	0	0	0
MV-4122_S12__NODE_234_length_45634_cov_55.255227	1	45634	0	0	0	0	0	0
Biragzang__NODE_24_length_45630_cov_11.032781	1	45630	0	0	0	0	0	0
MV-4122_S12__NODE_235_length_45611_cov_104.373562	1	45611	0	0	0	0	0	0
MV-4122_S12__NODE_236_length_45577_cov_24.787158	1	45577	0	0	0	0	0	0
MV-4122_S12__NODE_238_length_45536_cov_51.089862	1	45536	0	0	0	0	0	0
MV-4128_S29__NODE_56_length_45532_cov_24.749698	1	45532	0	0	0	0	0	0
MV-4125_S18__NODE_126_length_45340_cov_23.180038	1	45340	0	0	0	0	0	0
MV-4122_S12__NODE_240_length_45103_cov_40.938599	1	45103	0	0	0	0	0	0
Biragzang__NODE_25_length_45057_cov_38.605395	1	45057	0	0	0	0	0	0
MV-4128_S29__NODE_57_length_45041_cov_492.694016	1	45041	0	0	0	0	0	0
MV-4128_S29__NODE_59_length_44990_cov_24.836831	1	44990	0	0	0	0	0	0
MV-4122_S12__NODE_241_length_44843_cov_204.484103	1	44843	0	0	0	0	0	0
Biragzang__NODE_26_length_44779_cov_38.540515	1	44779	0	0	0	0	0	0
Biragzang__NODE_27_length_44721_cov_40.593875	1	44721	0	0	0	0	0	0
MV-4122_S12__NODE_243_length_44641_cov_49.028843	1	44641	0	0	0	0	0	0
MV-4125_S18__NODE_129_length_44587_cov_66.754918	1	44587	0	0	0	0	0	0
MV-4128_S29__NODE_60_length_44580_cov_28.770915	1	44580	0	0	0	0	0	0
MV-4125_S18__NODE_130_length_44569_cov_18.449274	1	44569	0	0	0	0	0	0
MV-4125_S18__NODE_131_length_44517_cov_23.402996	1	44517	0	0	0	0	0	0
MV-4122_S12__NODE_245_length_44313_cov_26.584346	1	44313	0	0	0	0	0	0
MV-4125_S18__NODE_132_length_44298_cov_68.425988	1	44298	0	0	0	0	0	0
MV-4125_S18__NODE_133_length_44126_cov_17.871140	1	44126	0	0	0	0	0	0
MV-4128_S29__NODE_63_length_44108_cov_682.297097	1	44108	0	0	0	0	0	0
MV-4122_S12__NODE_246_length_44024_cov_41.529896	1	44024	0	0	0	0	0	0
Biragzang__NODE_30_length_43882_cov_53.822301	1	43882	0	0	0	0	0	0
MV-4122_S12__NODE_247_length_43805_cov_32.553394	1	43805	0	0	0	0	0	0
MV-4122_S12__NODE_248_length_43658_cov_230.638190	1	43658	0	0	0	0	0	0
MV-4122_S12__NODE_249_length_43649_cov_201.986305	1	43649	0	0	0	0	0	0
MV-4125_S18__NODE_135_length_43567_cov_26.387089	1	43567	0	0	0	0	0	0
MV-4122_S12__NODE_250_length_43535_cov_46.882038	1	43535	0	0	0	0	0	0
MV-4125_S18__NODE_137_length_43372_cov_19.799155	1	43372	0	0	0	0	0	0
MV-4125_S18__NODE_138_length_43350_cov_27.381129	1	43350	0	0	0	0	0	0
MV-4122_S12__NODE_252_length_43284_cov_48.529344	1	43284	0	0	0	0	0	0
Biragzang__NODE_31_length_43265_cov_11.704814	1	43265	0	0	0	0	0	0
MV-4122_S12__NODE_253_length_43254_cov_22.078081	1	43254	0	0	0	0	0	0
MV-4122_S12__NODE_254_length_43231_cov_94.581434	1	43231	0	0	0	0	0	0
Biragzang__NODE_32_length_43028_cov_55.872338	1	43028	0	0	0	0	0	0
MV-4128_S29__NODE_66_length_42981_cov_21.034827	1	42981	0	0	0	0	0	0
MV-4122_S12__NODE_256_length_42914_cov_79.302574	1	42914	0	0	0	0	0	0
MV-4122_S12__NODE_257_length_42909_cov_47.315373	1	42909	0	0	0	0	0	0
MV-4122_S12__NODE_258_length_42904_cov_52.696702	1	42904	0	0	0	0	0	0
MV-4122_S12__NODE_259_length_42883_cov_33.073106	1	42883	0	0	0	0	0	0
MV-4125_S18__NODE_140_length_42878_cov_22.279826	1	42878	0	0	0	0	0	0
MV-4125_S18__NODE_141_length_42806_cov_50.226872	1	42806	0	0	0	0	0	0
Biragzang__NODE_33_length_42650_cov_10.899073	1	42650	0	0	0	0	0	0
MV-4125_S18__NODE_142_length_42644_cov_250.049144	1	42644	0	0	0	0	0	0
MV-4122_S12__NODE_261_length_42639_cov_40.081439	1	42639	0	0	0	0	0	0
MV-4125_S18__NODE_143_length_42550_cov_23.677421	1	42550	0	0	0	0	0	0
MV-4125_S18__NODE_144_length_42496_cov_41.170331	1	42496	0	0	0	0	0	0
MV-4122_S12__NODE_262_length_42302_cov_22.530120	1	42302	0	0	0	0	0	0
MV-4122_S12__NODE_264_length_42130_cov_34.003636	1	42130	0	0	0	0	0	0
MV-4125_S18__NODE_147_length_42120_cov_50.606728	1	42120	0	0	0	0	0	0
MV-4125_S18__NODE_148_length_41968_cov_50.273996	1	41968	0	0	0	0	0	0
MV-4125_S18__NODE_149_length_41957_cov_22.233688	1	41957	0	0	0	0	0	0
MV-4125_S18__NODE_150_length_41949_cov_63.961474	1	41949	0	0	0	0	0	0
Biragzang__NODE_35_length_41885_cov_40.874372	1	41885	0	0	0	0	0	0
MV-4122_S12__NODE_265_length_41800_cov_24.985699	1	41800	0	0	0	0	0	0
MV-4122_S12__NODE_266_length_41794_cov_167.899758	1	41794	0	0	0	0	0	0
MV-4125_S18__NODE_152_length_41731_cov_21.861431	1	41731	0	0	0	0	0	0
MV-4122_S12__NODE_267_length_41730_cov_40.507283	1	41730	0	0	0	0	0	0
MV-4122_S12__NODE_268_length_41708_cov_53.086884	1	41708	0	0	0	0	0	0
Biragzang__NODE_36_length_41705_cov_38.946146	1	41705	0	0	0	0	0	0
MV-4122_S12__NODE_269_length_41641_cov_32.065142	1	41641	0	0	0	0	0	0
MV-4122_S12__NODE_270_length_41569_cov_22.749073	1	41569	0	0	0	0	0	0
MV-4122_S12__NODE_271_length_41564_cov_9.960804	1	41564	0	0	0	0	0	0
MV-4128_S29__NODE_70_length_41445_cov_49.683160	1	41445	0	0	0	0	0	0
MV-4122_S12__NODE_272_length_41443_cov_41.493549	1	41443	0	0	0	0	0	0
MV-4122_S12__NODE_273_length_41431_cov_21.879181	1	41431	0	0	0	0	0	0
MV-4122_S12__NODE_274_length_41367_cov_24.976714	1	41367	0	0	0	0	0	0
cell-4122-0-44_S10__NODE_23_length_41352_cov_524.202896	1	41352	0	0	0	0	0	0
cell-4122-0-44_S10__NODE_24_length_41240_cov_653.001093	1	41240	0	0	0	0	0	0
MV-4128_S29__NODE_72_length_41237_cov_19.240469	1	41237	0	0	0	0	0	0
MV-4122_S12__NODE_275_length_41030_cov_36.831117	1	41030	0	0	0	0	0	0
MV-4122_S12__NODE_276_length_41005_cov_38.622564	1	41005	0	0	0	0	0	0
Biragzang__NODE_38_length_40980_cov_11.384899	1	40980	0	0	0	0	0	0
Biragzang__NODE_39_length_40875_cov_12.509775	1	40875	0	0	0	0	0	0
MV-4122_S12__NODE_277_length_40752_cov_24.280438	1	40752	0	0	0	0	0	0
MV-4125_S18__NODE_156_length_40727_cov_21.667290	1	40727	0	0	0	0	0	0
MV-4122_S12__NODE_278_length_40721_cov_110.929720	1	40721	0	0	0	0	0	0
MV-4122_S12__NODE_279_length_40697_cov_39.324418	1	40697	0	0	0	0	0	0
MV-4125_S18__NODE_158_length_40416_cov_66.785560	1	40416	0	0	0	0	0	0
MV-4125_S18__NODE_159_length_40401_cov_23.754970	1	40401	0	0	0	0	0	0
Biragzang__NODE_40_length_40372_cov_48.565196	1	40372	0	0	0	0	0	0
MV-4122_S12__NODE_280_length_40366_cov_38.140557	1	40366	0	0	0	0	0	0
MV-4122_S12__NODE_281_length_40355_cov_40.243921	1	40355	0	0	0	0	0	0
Biragzang__NODE_41_length_40344_cov_44.137333	1	40344	0	0	0	0	0	0
MV-4122_S12__NODE_282_length_40318_cov_108.142737	1	40318	0	0	0	0	0	0
MV-4125_S18__NODE_161_length_40145_cov_22.112946	1	40145	0	0	0	0	0	0
MV-4122_S12__NODE_284_length_40029_cov_37.628909	1	40029	0	0	0	0	0	0
MV-4125_S18__NODE_163_length_40007_cov_23.234531	1	40007	0	0	0	0	0	0
cell-4122-0-44_S10__NODE_25_length_39992_cov_411.001427	1	39992	0	0	0	0	0	0
MV-4122_S12__NODE_286_length_39975_cov_168.672821	1	39975	0	0	0	0	0	0
MV-4122_S12__NODE_287_length_39930_cov_24.727925	1	39930	0	0	0	0	0	0
MV-4122_S12__NODE_288_length_39915_cov_27.722278	1	39915	0	0	0	0	0	0
MV-4122_S12__NODE_289_length_39784_cov_46.772484	1	39784	0	0	0	0	0	0
MV-4122_S12__NODE_291_length_39703_cov_117.484236	1	39703	0	0	0	0	0	0
MV-4122_S12__NODE_292_length_39699_cov_17.679825	1	39699	0	0	0	0	0	0
cell-4122-0-44_S10__NODE_26_length_39625_cov_558.985039	1	39625	0	0	0	0	0	0
MV-4125_S18__NODE_168_length_39571_cov_20.718494	1	39571	0	0	0	0	0	0
MV-4128_S29__NODE_74_length_39536_cov_24.730731	1	39536	0	0	0	0	0	0
MV-4122_S12__NODE_293_length_39485_cov_26.377682	1	39485	0	0	0	0	0	0
MV-4128_S29__NODE_75_length_39459_cov_23.986778	1	39459	0	0	0	0	0	0
MV-4128_S29__NODE_77_length_39259_cov_504.042343	1	39259	0	0	0	0	0	0
MV-4128_S29__NODE_78_length_39163_cov_27.500818	1	39163	0	0	0	0	0	0
MV-4122_S12__NODE_295_length_39131_cov_42.427398	1	39131	0	0	0	0	0	0
MV-4128_S29__NODE_79_length_39002_cov_509.440778	1	39002	0	0	0	0	0	0
MV-4122_S12__NODE_296_length_38969_cov_49.364702	1	38969	0	0	0	0	0	0
MV-4122_S12__NODE_297_length_38927_cov_43.277398	1	38927	0	0	0	0	0	0
MV-4122_S12__NODE_298_length_38902_cov_41.232553	1	38902	0	0	0	0	0	0
MV-4125_S18__NODE_170_length_38823_cov_23.752167	1	38823	0	0	0	0	0	0
MV-4122_S12__NODE_299_length_38815_cov_215.964241	1	38815	0	0	0	0	0	0
MV-4128_S29__NODE_80_length_38768_cov_24.905639	1	38768	0	0	0	0	0	0
MV-4122_S12__NODE_300_length_38742_cov_21.943392	1	38742	0	0	0	0	0	0
MV-4122_S12__NODE_301_length_38726_cov_50.659538	1	38726	0	0	0	0	0	0
MV-4122_S12__NODE_303_length_38634_cov_26.855025	1	38634	0	0	0	0	0	0
MV-4125_S18__NODE_171_length_38630_cov_22.644770	1	38630	0	0	0	0	0	0
MV-4128_S29__NODE_82_length_38305_cov_20.935608	1	38305	0	0	0	0	0	0
MV-4122_S12__NODE_304_length_38188_cov_21.934886	1	38188	0	0	0	0	0	0
MV-4122_S12__NODE_305_length_38149_cov_45.168215	1	38149	0	0	0	0	0	0
Biragzang__NODE_45_length_38029_cov_33.943303	1	38029	0	0	0	0	0	0
MV-4122_S12__NODE_306_length_38012_cov_46.808863	1	38012	0	0	0	0	0	0
MV-4122_S12__NODE_307_length_37966_cov_36.605049	1	37966	0	0	0	0	0	0
MV-4125_S18__NODE_173_length_37949_cov_71.608460	1	37949	0	0	0	0	0	0
MV-4125_S18__NODE_174_length_37945_cov_21.303721	1	37945	0	0	0	0	0	0
MV-4128_S29__NODE_84_length_37922_cov_27.654501	1	37922	0	0	0	0	0	0
MV-4122_S12__NODE_308_length_37910_cov_79.129573	1	37910	0	0	0	0	0	0
MV-4122_S12__NODE_310_length_37846_cov_72.377656	1	37846	0	0	0	0	0	0
MV-4125_S18__NODE_175_length_37839_cov_23.477318	1	37839	0	0	0	0	0	0
MV-4122_S12__NODE_311_length_37788_cov_36.117271	1	37788	0	0	0	0	0	0
MV-4122_S12__NODE_312_length_37710_cov_32.000398	1	37710	0	0	0	0	0	0
MV-4122_S12__NODE_313_length_37526_cov_24.214913	1	37526	0	0	0	0	0	0
MV-4122_S12__NODE_314_length_37357_cov_37.764302	1	37357	0	0	0	0	0	0
MV-4125_S18__NODE_181_length_37357_cov_23.988794	1	37357	0	0	0	0	0	0
MV-4122_S12__NODE_315_length_37222_cov_50.430758	1	37222	0	0	0	0	0	0
MV-4122_S12__NODE_317_length_37142_cov_39.414889	1	37142	0	0	0	0	0	0
Biragzang__NODE_47_length_37115_cov_38.233864	1	37115	0	0	0	0	0	0
MV-4125_S18__NODE_182_length_37015_cov_36.646023	1	37015	0	0	0	0	0	0
MV-4128_S29__NODE_85_length_36977_cov_29.620362	1	36977	0	0	0	0	0	0
MV-4125_S18__NODE_183_length_36972_cov_23.889969	1	36972	0	0	0	0	0	0
MV-4122_S12__NODE_318_length_36946_cov_42.761053	1	36946	0	0	0	0	0	0
MV-4122_S12__NODE_319_length_36920_cov_42.346372	1	36920	0	0	0	0	0	0
MV-4122_S12__NODE_320_length_36894_cov_235.854529	1	36894	0	0	0	0	0	0
MV-4125_S18__NODE_184_length_36807_cov_70.213158	1	36807	0	0	0	0	0	0
MV-4122_S12__NODE_322_length_36785_cov_36.501225	1	36785	0	0	0	0	0	0
MV-4128_S29__NODE_86_length_36626_cov_26.516584	1	36626	0	0	0	0	0	0
MV-4125_S18__NODE_187_length_36536_cov_25.430334	1	36536	0	0	0	0	0	0
Biragzang__NODE_50_length_36496_cov_11.076343	1	36496	0	0	0	0	0	0
MV-4125_S18__NODE_189_length_36496_cov_21.162454	1	36496	0	0	0	0	0	0
cell-4122-0-44_S10__NODE_29_length_36446_cov_35.724767	1	36446	0	0	0	0	0	0
MV-4122_S12__NODE_325_length_36439_cov_63.938462	1	36439	0	0	0	0	0	0
cell-4122-0-44_S10__NODE_30_length_36395_cov_531.337149	1	36395	0	0	0	0	0	0
MV-4125_S18__NODE_190_length_36325_cov_21.747422	1	36325	0	0	0	0	0	0
MV-4128_S29__NODE_88_length_36280_cov_25.196743	1	36280	0	0	0	0	0	0
MV-4125_S18__NODE_191_length_36259_cov_22.445559	1	36259	0	0	0	0	0	0
MV-4122_S12__NODE_326_length_36136_cov_38.794324	1	36136	0	0	0	0	0	0
MV-4122_S12__NODE_327_length_36077_cov_37.993976	1	36077	0	0	0	0	0	0
MV-4125_S18__NODE_192_length_36032_cov_194.343914	1	36032	0	0	0	0	0	0
MV-4125_S18__NODE_193_length_35988_cov_19.063646	1	35988	0	0	0	0	0	0
MV-4128_S29__NODE_90_length_35942_cov_27.467774	1	35942	0	0	0	0	0	0
MV-4122_S12__NODE_328_length_35889_cov_56.814980	1	35889	0	0	0	0	0	0
MV-4122_S12__NODE_329_length_35848_cov_23.971782	1	35848	0	0	0	0	0	0
MV-4122_S12__NODE_331_length_35779_cov_44.878261	1	35779	0	0	0	0	0	0
MV-4122_S12__NODE_332_length_35764_cov_20.692655	1	35764	0	0	0	0	0	0
MV-4122_S12__NODE_333_length_35743_cov_56.954831	1	35743	0	0	0	0	0	0
MV-4122_S12__NODE_334_length_35654_cov_24.253181	1	35654	0	0	0	0	0	0
MV-4128_S29__NODE_91_length_35644_cov_27.407092	1	35644	0	0	0	0	0	0
MV-4122_S12__NODE_338_length_35483_cov_58.806848	1	35483	0	0	0	0	0	0
MV-4122_S12__NODE_339_length_35376_cov_16.580901	1	35376	0	0	0	0	0	0
MV-4125_S18__NODE_199_length_35359_cov_22.727311	1	35359	0	0	0	0	0	0
MV-4122_S12__NODE_340_length_35343_cov_56.074671	1	35343	0	0	0	0	0	0
MV-4122_S12__NODE_341_length_35223_cov_31.765440	1	35223	0	0	0	0	0	0
MV-4122_S12__NODE_343_length_35160_cov_194.400057	1	35160	0	0	0	0	0	0
MV-4122_S12__NODE_344_length_35081_cov_57.230572	1	35081	0	0	0	0	0	0
MV-4128_S29__NODE_97_length_35014_cov_24.320261	1	35014	0	0	0	0	0	0
Biragzang__NODE_57_length_35007_cov_38.424611	1	35007	0	0	0	0	0	0
MV-4125_S18__NODE_201_length_34968_cov_55.479707	1	34968	0	0	0	0	0	0
MV-4125_S18__NODE_202_length_34955_cov_47.813295	1	34955	0	0	0	0	0	0
MV-4122_S12__NODE_345_length_34869_cov_24.430344	1	34869	0	0	0	0	0	0
MV-4122_S12__NODE_346_length_34866_cov_68.202005	1	34866	0	0	0	0	0	0
Biragzang__NODE_59_length_34861_cov_40.330862	1	34861	0	0	0	0	0	0
MV-4125_S18__NODE_204_length_34837_cov_53.846731	1	34837	0	0	0	0	0	0
MV-4122_S12__NODE_347_length_34819_cov_26.670147	1	34819	0	0	0	0	0	0
MV-4122_S12__NODE_349_length_34660_cov_51.090912	1	34660	0	0	0	0	0	0
MV-4122_S12__NODE_350_length_34647_cov_41.505637	1	34647	0	0	0	0	0	0
MV-4128_S29__NODE_102_length_34548_cov_31.412229	1	34548	0	0	0	0	0	0
MV-4122_S12__NODE_351_length_34531_cov_61.050992	1	34531	0	0	0	0	0	0
Biragzang__NODE_62_length_34510_cov_51.733856	1	34510	0	0	0	0	0	0
MV-4128_S29__NODE_103_length_34470_cov_35.511172	1	34470	0	0	0	0	0	0
MV-4122_S12__NODE_352_length_34392_cov_55.143839	1	34392	0	0	0	0	0	0
MV-4122_S12__NODE_353_length_34353_cov_223.765117	1	34353	0	0	0	0	0	0
MV-4125_S18__NODE_207_length_34334_cov_44.650369	1	34334	0	0	0	0	0	0
MV-4128_S29__NODE_104_length_34318_cov_28.353034	1	34318	0	0	0	0	0	0
MV-4125_S18__NODE_209_length_34242_cov_29.273788	1	34242	0	0	0	0	0	0
cell-4122-0-44_S10__NODE_32_length_34151_cov_49.177557	1	34151	0	0	0	0	0	0
MV-4122_S12__NODE_355_length_34116_cov_27.990752	1	34116	0	0	0	0	0	0
MV-4122_S12__NODE_356_length_34101_cov_163.445720	1	34101	0	0	0	0	0	0
MV-4122_S12__NODE_358_length_34075_cov_27.011258	1	34075	0	0	0	0	0	0
MV-4128_S29__NODE_106_length_34056_cov_24.193553	1	34056	0	0	0	0	0	0
MV-4125_S18__NODE_212_length_34018_cov_41.181757	1	34018	0	0	0	0	0	0
MV-4122_S12__NODE_359_length_34014_cov_112.324656	1	34014	0	0	0	0	0	0
MV-4122_S12__NODE_360_length_34014_cov_38.465031	1	34014	0	0	0	0	0	0
MV-4128_S29__NODE_107_length_33962_cov_17.262807	1	33962	0	0	0	0	0	0
MV-4125_S18__NODE_213_length_33958_cov_25.342684	1	33958	0	0	0	0	0	0
MV-4122_S12__NODE_361_length_33848_cov_61.821738	1	33848	0	0	0	0	0	0
MV-4122_S12__NODE_362_length_33782_cov_22.537937	1	33782	0	0	0	0	0	0
MV-4122_S12__NODE_363_length_33700_cov_111.813494	1	33700	0	0	0	0	0	0
Biragzang__NODE_64_length_33687_cov_11.626576	1	33687	0	0	0	0	0	0
Biragzang__NODE_65_length_33635_cov_10.816557	1	33635	0	0	0	0	0	0
MV-4125_S18__NODE_215_length_33611_cov_42.495858	1	33611	0	0	0	0	0	0
cell-4122-0-44_S10__NODE_33_length_33593_cov_537.073379	1	33593	0	0	0	0	0	0
MV-4125_S18__NODE_216_length_33589_cov_26.057882	1	33589	0	0	0	0	0	0
MV-4122_S12__NODE_364_length_33495_cov_41.361244	1	33495	0	0	0	0	0	0
Biragzang__NODE_67_length_33403_cov_34.954780	1	33403	0	0	0	0	0	0
MV-4128_S29__NODE_108_length_33381_cov_28.674758	1	33381	0	0	0	0	0	0
MV-4122_S12__NODE_365_length_33364_cov_43.834459	1	33364	0	0	0	0	0	0
MV-4122_S12__NODE_366_length_33327_cov_12.617697	1	33327	0	0	0	0	0	0
MV-4122_S12__NODE_367_length_33291_cov_44.066795	1	33291	0	0	0	0	0	0
Biragzang__NODE_68_length_33203_cov_45.314981	1	33203	0	0	0	0	0	0
MV-4125_S18__NODE_220_length_33181_cov_22.334933	1	33181	0	0	0	0	0	0
MV-4125_S18__NODE_221_length_33152_cov_23.198507	1	33152	0	0	0	0	0	0
MV-4128_S29__NODE_109_length_33152_cov_26.201861	1	33152	0	0	0	0	0	0
MV-4125_S18__NODE_222_length_33151_cov_25.723743	1	33151	0	0	0	0	0	0
MV-4125_S18__NODE_223_length_33116_cov_22.258613	1	33116	0	0	0	0	0	0
MV-4122_S12__NODE_369_length_33061_cov_38.058202	1	33061	0	0	0	0	0	0
Biragzang__NODE_70_length_32961_cov_35.773993	1	32961	0	0	0	0	0	0
Biragzang__NODE_71_length_32938_cov_39.241219	1	32938	0	0	0	0	0	0
MV-4128_S29__NODE_110_length_32908_cov_26.005875	1	32908	0	0	0	0	0	0
MV-4125_S18__NODE_226_length_32893_cov_20.683872	1	32893	0	0	0	0	0	0
MV-4125_S18__NODE_228_length_32829_cov_75.378257	1	32829	0	0	0	0	0	0
Biragzang__NODE_73_length_32735_cov_10.550428	1	32735	0	0	0	0	0	0
MV-4122_S12__NODE_373_length_32635_cov_26.174770	1	32635	0	0	0	0	0	0
Biragzang__NODE_75_length_32634_cov_36.453083	1	32634	0	0	0	0	0	0
MV-4122_S12__NODE_374_length_32633_cov_109.911627	1	32633	0	0	0	0	0	0
MV-4128_S29__NODE_113_length_32621_cov_22.785942	1	32621	0	0	0	0	0	0
Biragzang__NODE_76_length_32615_cov_41.818857	1	32615	0	0	0	0	0	0
MV-4125_S18__NODE_229_length_32608_cov_21.259700	1	32608	0	0	0	0	0	0
MV-4125_S18__NODE_230_length_32451_cov_41.877114	1	32451	0	0	0	0	0	0
MV-4122_S12__NODE_377_length_32441_cov_47.397456	1	32441	0	0	0	0	0	0
MV-4128_S29__NODE_114_length_32406_cov_26.880869	1	32406	0	0	0	0	0	0
Biragzang__NODE_78_length_32345_cov_42.577547	1	32345	0	0	0	0	0	0
MV-4125_S18__NODE_232_length_32277_cov_165.078270	1	32277	0	0	0	0	0	0
MV-4122_S12__NODE_378_length_32243_cov_34.885703	1	32243	0	0	0	0	0	0
Biragzang__NODE_81_length_32239_cov_41.006028	1	32239	0	0	0	0	0	0
MV-4125_S18__NODE_233_length_32206_cov_23.107182	1	32206	0	0	0	0	0	0
Biragzang__NODE_82_length_32153_cov_11.203159	1	32153	0	0	0	0	0	0
MV-4125_S18__NODE_235_length_32145_cov_23.734746	1	32145	0	0	0	0	0	0
MV-4122_S12__NODE_380_length_32140_cov_51.752470	1	32140	0	0	0	0	0	0
MV-4122_S12__NODE_381_length_32104_cov_155.241692	1	32104	0	0	0	0	0	0
MV-4122_S12__NODE_383_length_32010_cov_39.092349	1	32010	0	0	0	0	0	0
Biragzang__NODE_83_length_31887_cov_38.974177	1	31887	0	0	0	0	0	0
MV-4125_S18__NODE_237_length_31872_cov_20.634284	1	31872	0	0	0	0	0	0
Biragzang__NODE_84_length_31861_cov_38.303025	1	31861	0	0	0	0	0	0
MV-4122_S12__NODE_384_length_31829_cov_46.221376	1	31829	0	0	0	0	0	0
MV-4122_S12__NODE_385_length_31811_cov_35.852059	1	31811	0	0	0	0	0	0
MV-4122_S12__NODE_386_length_31784_cov_26.716537	1	31784	0	0	0	0	0	0
MV-4125_S18__NODE_239_length_31777_cov_47.931972	1	31777	0	0	0	0	0	0
MV-4128_S29__NODE_117_length_31765_cov_20.093283	1	31765	0	0	0	0	0	0
MV-4128_S29__NODE_118_length_31710_cov_26.533691	1	31710	0	0	0	0	0	0
MV-4122_S12__NODE_387_length_31704_cov_44.634396	1	31704	0	0	0	0	0	0
cell-4122-0-44_S10__NODE_34_length_31580_cov_641.513751	1	31580	0	0	0	0	0	0
MV-4125_S18__NODE_243_length_31520_cov_71.566248	1	31520	0	0	0	0	0	0
MV-4128_S29__NODE_119_length_31509_cov_13.528073	1	31509	0	0	0	0	0	0
MV-4122_S12__NODE_390_length_31486_cov_162.250772	1	31486	0	0	0	0	0	0
MV-4125_S18__NODE_244_length_31414_cov_21.111866	1	31414	0	0	0	0	0	0
MV-4125_S18__NODE_245_length_31389_cov_276.851950	1	31389	0	0	0	0	0	0
MV-4122_S12__NODE_391_length_31365_cov_27.944874	1	31365	0	0	0	0	0	0
MV-4122_S12__NODE_392_length_31327_cov_204.024910	1	31327	0	0	0	0	0	0
MV-4122_S12__NODE_393_length_31274_cov_30.277043	1	31274	0	0	0	0	0	0
MV-4128_S29__NODE_123_length_31242_cov_24.929041	1	31242	0	0	0	0	0	0
MV-4122_S12__NODE_394_length_31241_cov_49.857212	1	31241	0	0	0	0	0	0
MV-4122_S12__NODE_395_length_31175_cov_23.142802	1	31175	0	0	0	0	0	0
MV-4128_S29__NODE_124_length_31151_cov_27.101846	1	31151	0	0	0	0	0	0
MV-4122_S12__NODE_396_length_31145_cov_29.977742	1	31145	0	0	0	0	0	0
MV-4122_S12__NODE_397_length_31100_cov_50.772943	1	31100	0	0	0	0	0	0
Biragzang__NODE_88_length_31095_cov_11.253963	1	31095	0	0	0	0	0	0
MV-4122_S12__NODE_398_length_31080_cov_43.464013	1	31080	0	0	0	0	0	0
Biragzang__NODE_89_length_31067_cov_37.859442	1	31067	0	0	0	0	0	0
Biragzang__NODE_90_length_31003_cov_47.015510	1	31003	0	0	0	0	0	0
Biragzang__NODE_91_length_30995_cov_41.858209	1	30995	0	0	0	0	0	0
cell-4122-0-44_S10__NODE_35_length_30946_cov_78.815286	1	30946	0	0	0	0	0	0
MV-4125_S18__NODE_250_length_30911_cov_25.509755	1	30911	0	0	0	0	0	0
MV-4122_S12__NODE_400_length_30910_cov_29.638243	1	30910	0	0	0	0	0	0
MV-4122_S12__NODE_401_length_30900_cov_26.312498	1	30900	0	0	0	0	0	0
MV-4125_S18__NODE_251_length_30877_cov_39.052171	1	30877	0	0	0	0	0	0
MV-4125_S18__NODE_252_length_30789_cov_66.461541	1	30789	0	0	0	0	0	0
MV-4128_S29__NODE_128_length_30772_cov_26.988573	1	30772	0	0	0	0	0	0
MV-4128_S29__NODE_129_length_30726_cov_28.529653	1	30726	0	0	0	0	0	0
MV-4128_S29__NODE_130_length_30715_cov_26.079387	1	30715	0	0	0	0	0	0
cell-4122-0-44_S10__NODE_36_length_30711_cov_618.072253	1	30711	0	0	0	0	0	0
MV-4122_S12__NODE_403_length_30628_cov_38.084944	1	30628	0	0	0	0	0	0
MV-4128_S29__NODE_131_length_30612_cov_24.709461	1	30612	0	0	0	0	0	0
MV-4128_S29__NODE_132_length_30605_cov_16.917709	1	30605	0	0	0	0	0	0
MV-4125_S18__NODE_253_length_30602_cov_226.365797	1	30602	0	0	0	0	0	0
Biragzang__NODE_94_length_30569_cov_56.937406	1	30569	0	0	0	0	0	0
MV-4128_S29__NODE_134_length_30543_cov_26.448340	1	30543	0	0	0	0	0	0
Biragzang__NODE_95_length_30510_cov_11.509506	1	30510	0	0	0	0	0	0
Biragzang__NODE_96_length_30481_cov_49.600145	1	30481	0	0	0	0	0	0
MV-4122_S12__NODE_405_length_30481_cov_34.425360	1	30481	0	0	0	0	0	0
MV-4128_S29__NODE_136_length_30442_cov_18.492184	1	30442	0	0	0	0	0	0
MV-4128_S29__NODE_137_length_30371_cov_27.568809	1	30371	0	0	0	0	0	0
cell-4122-0-44_S10__NODE_37_length_30362_cov_39.358036	1	30362	0	0	0	0	0	0
MV-4125_S18__NODE_254_length_30357_cov_20.256287	1	30357	0	0	0	0	0	0
MV-4122_S12__NODE_406_length_30346_cov_20.989502	1	30346	0	0	0	0	0	0
Biragzang__NODE_97_length_30330_cov_39.284393	1	30330	0	0	0	0	0	0
MV-4125_S18__NODE_255_length_30319_cov_28.724656	1	30319	0	0	0	0	0	0
MV-4128_S29__NODE_138_length_30259_cov_24.704344	1	30259	0	0	0	0	0	0
Biragzang__NODE_98_length_30252_cov_16.125774	1	30252	0	0	0	0	0	0
MV-4122_S12__NODE_408_length_30245_cov_59.110401	1	30245	0	0	0	0	0	0
MV-4122_S12__NODE_409_length_30235_cov_44.975679	1	30235	0	0	0	0	0	0
MV-4122_S12__NODE_410_length_30181_cov_23.789053	1	30181	0	0	0	0	0	0
MV-4125_S18__NODE_256_length_30112_cov_20.986692	1	30112	0	0	0	0	0	0
MV-4122_S12__NODE_411_length_30100_cov_232.673323	1	30100	0	0	0	0	0	0
MV-4128_S29__NODE_139_length_30100_cov_27.940456	1	30100	0	0	0	0	0	0
MV-4125_S18__NODE_258_length_30086_cov_30.539243	1	30086	0	0	0	0	0	0
Biragzang__NODE_99_length_30078_cov_49.148086	1	30078	0	0	0	0	0	0
MV-4122_S12__NODE_412_length_30076_cov_24.412211	1	30076	0	0	0	0	0	0
MV-4122_S12__NODE_413_length_30057_cov_8.487101	1	30057	0	0	0	0	0	0
MV-4122_S12__NODE_415_length_30026_cov_39.676988	1	30026	0	0	0	0	0	0
MV-4125_S18__NODE_260_length_30005_cov_24.768180	1	30005	0	0	0	0	0	0
Biragzang__NODE_100_length_29972_cov_10.557442	1	29972	0	0	0	0	0	0
MV-4125_S18__NODE_261_length_29911_cov_22.276460	1	29911	0	0	0	0	0	0
MV-4122_S12__NODE_416_length_29900_cov_61.292746	1	29900	0	0	0	0	0	0
MV-4122_S12__NODE_417_length_29809_cov_218.444142	1	29809	0	0	0	0	0	0
MV-4128_S29__NODE_140_length_29777_cov_16.194603	1	29777	0	0	0	0	0	0
Biragzang__NODE_102_length_29570_cov_10.843774	1	29570	0	0	0	0	0	0
MV-4122_S12__NODE_420_length_29540_cov_26.760997	1	29540	0	0	0	0	0	0
MV-4122_S12__NODE_421_length_29534_cov_53.203670	1	29534	0	0	0	0	0	0
Biragzang__NODE_103_length_29474_cov_36.782114	1	29474	0	0	0	0	0	0
MV-4128_S29__NODE_141_length_29420_cov_22.651762	1	29420	0	0	0	0	0	0
MV-4122_S12__NODE_422_length_29415_cov_212.029837	1	29415	0	0	0	0	0	0
MV-4122_S12__NODE_423_length_29401_cov_38.936482	1	29401	0	0	0	0	0	0
MV-4128_S29__NODE_142_length_29377_cov_24.912455	1	29377	0	0	0	0	0	0
MV-4125_S18__NODE_265_length_29355_cov_25.647099	1	29355	0	0	0	0	0	0
MV-4125_S18__NODE_266_length_29333_cov_40.319455	1	29333	0	0	0	0	0	0
MV-4125_S18__NODE_267_length_29325_cov_23.581619	1	29325	0	0	0	0	0	0
MV-4122_S12__NODE_425_length_29308_cov_14.137729	1	29308	0	0	0	0	0	0
MV-4125_S18__NODE_268_length_29274_cov_25.189500	1	29274	0	0	0	0	0	0
cell-4122-0-44_S10__NODE_39_length_29241_cov_550.532550	1	29241	0	0	0	0	0	0
Biragzang__NODE_105_length_29219_cov_37.462591	1	29219	0	0	0	0	0	0
MV-4128_S29__NODE_143_length_29205_cov_23.035094	1	29205	0	0	0	0	0	0
MV-4122_S12__NODE_426_length_29150_cov_33.413267	1	29150	0	0	0	0	0	0
MV-4128_S29__NODE_144_length_29128_cov_15.231108	1	29128	0	0	0	0	0	0
MV-4125_S18__NODE_269_length_29113_cov_21.623615	1	29113	0	0	0	0	0	0
MV-4125_S18__NODE_270_length_29111_cov_24.286860	1	29111	0	0	0	0	0	0
MV-4128_S29__NODE_145_length_29107_cov_25.840872	1	29107	0	0	0	0	0	0
MV-4128_S29__NODE_146_length_29105_cov_17.298485	1	29105	0	0	0	0	0	0
MV-4125_S18__NODE_271_length_29022_cov_72.192012	1	29022	0	0	0	0	0	0
MV-4125_S18__NODE_272_length_28971_cov_17.311869	1	28971	0	0	0	0	0	0
MV-4122_S12__NODE_427_length_28942_cov_25.678748	1	28942	0	0	0	0	0	0
MV-4125_S18__NODE_274_length_28928_cov_22.397430	1	28928	0	0	0	0	0	0
MV-4122_S12__NODE_428_length_28908_cov_42.651128	1	28908	0	0	0	0	0	0
Biragzang__NODE_110_length_28879_cov_43.478906	1	28879	0	0	0	0	0	0
MV-4122_S12__NODE_429_length_28765_cov_12.106513	1	28765	0	0	0	0	0	0
MV-4122_S12__NODE_430_length_28651_cov_53.474052	1	28651	0	0	0	0	0	0
MV-4122_S12__NODE_431_length_28651_cov_47.763673	1	28651	0	0	0	0	0	0
MV-4122_S12__NODE_432_length_28650_cov_24.811401	1	28650	0	0	0	0	0	0
MV-4122_S12__NODE_433_length_28648_cov_29.913895	1	28648	0	0	0	0	0	0
MV-4122_S12__NODE_434_length_28636_cov_39.483678	1	28636	0	0	0	0	0	0
Biragzang__NODE_111_length_28625_cov_66.088309	1	28625	0	0	0	0	0	0
MV-4122_S12__NODE_435_length_28581_cov_27.648847	1	28581	0	0	0	0	0	0
MV-4122_S12__NODE_437_length_28524_cov_50.785240	1	28524	0	0	0	0	0	0
MV-4122_S12__NODE_438_length_28521_cov_25.275768	1	28521	0	0	0	0	0	0
MV-4122_S12__NODE_439_length_28507_cov_22.028434	1	28507	0	0	0	0	0	0
MV-4122_S12__NODE_440_length_28505_cov_24.388612	1	28505	0	0	0	0	0	0
MV-4128_S29__NODE_147_length_28440_cov_26.469191	1	28440	0	0	0	0	0	0
MV-4122_S12__NODE_441_length_28406_cov_38.400938	1	28406	0	0	0	0	0	0
MV-4122_S12__NODE_442_length_28332_cov_27.636171	1	28332	0	0	0	0	0	0
MV-4125_S18__NODE_278_length_28304_cov_21.110588	1	28304	0	0	0	0	0	0
MV-4122_S12__NODE_443_length_28273_cov_21.947197	1	28273	0	0	0	0	0	0
MV-4128_S29__NODE_148_length_28251_cov_23.884558	1	28251	0	0	0	0	0	0
MV-4122_S12__NODE_444_length_28245_cov_231.340830	1	28245	0	0	0	0	0	0
MV-4122_S12__NODE_447_length_28201_cov_28.092447	1	28201	0	0	0	0	0	0
MV-4122_S12__NODE_448_length_28121_cov_25.912100	1	28121	0	0	0	0	0	0
MV-4122_S12__NODE_450_length_28095_cov_46.517190	1	28095	0	0	0	0	0	0
MV-4122_S12__NODE_451_length_28090_cov_24.958231	1	28090	0	0	0	0	0	0
Biragzang__NODE_116_length_28022_cov_10.418744	1	28022	0	0	0	0	0	0
MV-4122_S12__NODE_452_length_28012_cov_30.990414	1	28012	0	0	0	0	0	0
MV-4125_S18__NODE_281_length_27956_cov_20.031648	1	27956	0	0	0	0	0	0
cell-4122-0-44_S10__NODE_40_length_27943_cov_673.513339	1	27943	0	0	0	0	0	0
MV-4122_S12__NODE_453_length_27859_cov_54.166415	1	27859	0	0	0	0	0	0
Biragzang__NODE_117_length_27851_cov_11.802669	1	27851	0	0	0	0	0	0
MV-4128_S29__NODE_149_length_27731_cov_17.329961	1	27731	0	0	0	0	0	0
MV-4128_S29__NODE_151_length_27711_cov_15.596435	1	27711	0	0	0	0	0	0
cell-4122-0-44_S10__NODE_41_length_27709_cov_475.303609	1	27709	0	0	0	0	0	0
MV-4125_S18__NODE_284_length_27692_cov_280.640880	1	27692	0	0	0	0	0	0
MV-4122_S12__NODE_455_length_27643_cov_46.268595	1	27643	0	0	0	0	0	0
MV-4122_S12__NODE_456_length_27628_cov_193.550647	1	27628	0	0	0	0	0	0
MV-4125_S18__NODE_285_length_27595_cov_26.277160	1	27595	0	0	0	0	0	0
MV-4122_S12__NODE_457_length_27566_cov_43.407437	1	27566	0	0	0	0	0	0
MV-4125_S18__NODE_286_length_27526_cov_27.859015	1	27526	0	0	0	0	0	0
MV-4125_S18__NODE_287_length_27511_cov_20.862799	1	27511	0	0	0	0	0	0
MV-4122_S12__NODE_458_length_27469_cov_43.339498	1	27469	0	0	0	0	0	0
MV-4122_S12__NODE_460_length_27436_cov_43.206567	1	27436	0	0	0	0	0	0
MV-4122_S12__NODE_461_length_27358_cov_59.736110	1	27358	0	0	0	0	0	0
MV-4125_S18__NODE_289_length_27358_cov_32.112259	1	27358	0	0	0	0	0	0
MV-4125_S18__NODE_290_length_27356_cov_24.174609	1	27356	0	0	0	0	0	0
MV-4122_S12__NODE_462_length_27348_cov_41.963874	1	27348	0	0	0	0	0	0
MV-4122_S12__NODE_463_length_27324_cov_23.114159	1	27324	0	0	0	0	0	0
MV-4122_S12__NODE_464_length_27289_cov_27.196482	1	27289	0	0	0	0	0	0
Biragzang__NODE_121_length_27283_cov_35.384163	1	27283	0	0	0	0	0	0
MV-4128_S29__NODE_153_length_27276_cov_19.127255	1	27276	0	0	0	0	0	0
MV-4122_S12__NODE_465_length_27269_cov_32.042405	1	27269	0	0	0	0	0	0
MV-4122_S12__NODE_466_length_27254_cov_39.086805	1	27254	0	0	0	0	0	0
cell-4122-0-44_S10__NODE_42_length_27243_cov_41.219876	1	27243	0	0	0	0	0	0
MV-4125_S18__NODE_291_length_27231_cov_25.004121	1	27231	0	0	0	0	0	0
MV-4125_S18__NODE_292_length_27223_cov_17.866056	1	27223	0	0	0	0	0	0
MV-4128_S29__NODE_154_length_27219_cov_23.184546	1	27219	0	0	0	0	0	0
MV-4122_S12__NODE_467_length_27200_cov_22.006705	1	27200	0	0	0	0	0	0
MV-4125_S18__NODE_293_length_27173_cov_29.487942	1	27173	0	0	0	0	0	0
MV-4128_S29__NODE_155_length_27168_cov_26.507616	1	27168	0	0	0	0	0	0
MV-4125_S18__NODE_294_length_27140_cov_21.988924	1	27140	0	0	0	0	0	0
Biragzang__NODE_122_length_27122_cov_42.576606	1	27122	0	0	0	0	0	0
MV-4122_S12__NODE_469_length_27099_cov_54.472378	1	27099	0	0	0	0	0	0
MV-4122_S12__NODE_470_length_27067_cov_172.835221	1	27067	0	0	0	0	0	0
Biragzang__NODE_123_length_27045_cov_10.877844	1	27045	0	0	0	0	0	0
MV-4125_S18__NODE_296_length_27041_cov_43.172904	1	27041	0	0	0	0	0	0
cell-4122-0-44_S10__NODE_43_length_27037_cov_594.223594	1	27037	0	0	0	0	0	0
MV-4125_S18__NODE_297_length_27016_cov_23.725010	1	27016	0	0	0	0	0	0
MV-4125_S18__NODE_298_length_26999_cov_25.288933	1	26999	0	0	0	0	0	0
MV-4122_S12__NODE_472_length_26972_cov_225.371475	1	26972	0	0	0	0	0	0
MV-4122_S12__NODE_473_length_26965_cov_44.180974	1	26965	0	0	0	0	0	0
MV-4125_S18__NODE_299_length_26959_cov_22.504460	1	26959	0	0	0	0	0	0
Biragzang__NODE_126_length_26923_cov_10.955672	1	26923	0	0	0	0	0	0
MV-4122_S12__NODE_474_length_26912_cov_24.542838	1	26912	0	0	0	0	0	0
Biragzang__NODE_127_length_26910_cov_87.160678	1	26910	0	0	0	0	0	0
MV-4128_S29__NODE_157_length_26905_cov_26.739069	1	26905	0	0	0	0	0	0
MV-4122_S12__NODE_475_length_26878_cov_24.363457	1	26878	0	0	0	0	0	0
MV-4125_S18__NODE_302_length_26870_cov_25.514675	1	26870	0	0	0	0	0	0
MV-4125_S18__NODE_303_length_26868_cov_22.529333	1	26868	0	0	0	0	0	0
MV-4125_S18__NODE_304_length_26866_cov_23.684085	1	26866	0	0	0	0	0	0
MV-4122_S12__NODE_476_length_26849_cov_38.442189	1	26849	0	0	0	0	0	0
MV-4122_S12__NODE_477_length_26832_cov_24.900362	1	26832	0	0	0	0	0	0
MV-4122_S12__NODE_478_length_26814_cov_25.935237	1	26814	0	0	0	0	0	0
MV-4125_S18__NODE_305_length_26813_cov_20.469093	1	26813	0	0	0	0	0	0
Biragzang__NODE_130_length_26790_cov_42.138769	1	26790	0	0	0	0	0	0
cell-4122-0-44_S10__NODE_44_length_26779_cov_1074.789889	1	26779	0	0	0	0	0	0
Biragzang__NODE_131_length_26768_cov_40.976116	1	26768	0	0	0	0	0	0
MV-4125_S18__NODE_307_length_26740_cov_27.137980	1	26740	0	0	0	0	0	0
MV-4128_S29__NODE_158_length_26726_cov_26.638671	1	26726	0	0	0	0	0	0
MV-4125_S18__NODE_308_length_26704_cov_24.113100	1	26704	0	0	0	0	0	0
cell-4122-0-44_S10__NODE_45_length_26697_cov_16.981007	1	26697	0	0	0	0	0	0
MV-4122_S12__NODE_480_length_26687_cov_31.831631	1	26687	0	0	0	0	0	0
MV-4122_S12__NODE_481_length_26680_cov_35.523455	1	26680	0	0	0	0	0	0
Biragzang__NODE_132_length_26638_cov_12.012489	1	26638	0	0	0	0	0	0
MV-4128_S29__NODE_160_length_26580_cov_17.520113	1	26580	0	0	0	0	0	0
MV-4122_S12__NODE_483_length_26567_cov_28.514673	1	26567	0	0	0	0	0	0
MV-4125_S18__NODE_310_length_26558_cov_23.597932	1	26558	0	0	0	0	0	0
MV-4122_S12__NODE_484_length_26552_cov_61.630071	1	26552	0	0	0	0	0	0
MV-4128_S29__NODE_161_length_26535_cov_27.457742	1	26535	0	0	0	0	0	0
MV-4122_S12__NODE_485_length_26470_cov_23.579292	1	26470	0	0	0	0	0	0
MV-4122_S12__NODE_486_length_26432_cov_57.524700	1	26432	0	0	0	0	0	0
MV-4122_S12__NODE_487_length_26405_cov_28.719583	1	26405	0	0	0	0	0	0
MV-4128_S29__NODE_162_length_26393_cov_26.844407	1	26393	0	0	0	0	0	0
MV-4122_S12__NODE_488_length_26385_cov_27.256893	1	26385	0	0	0	0	0	0
MV-4122_S12__NODE_489_length_26330_cov_54.274672	1	26330	0	0	0	0	0	0
MV-4122_S12__NODE_490_length_26320_cov_21.335351	1	26320	0	0	0	0	0	0
MV-4128_S29__NODE_163_length_26272_cov_24.671244	1	26272	0	0	0	0	0	0
MV-4122_S12__NODE_491_length_26263_cov_57.629693	1	26263	0	0	0	0	0	0
MV-4128_S29__NODE_164_length_26257_cov_26.099305	1	26257	0	0	0	0	0	0
MV-4122_S12__NODE_492_length_26242_cov_45.173025	1	26242	0	0	0	0	0	0
MV-4122_S12__NODE_494_length_26201_cov_23.264017	1	26201	0	0	0	0	0	0
MV-4128_S29__NODE_165_length_26181_cov_23.811758	1	26181	0	0	0	0	0	0
Biragzang__NODE_136_length_26174_cov_59.137716	1	26174	0	0	0	0	0	0
MV-4122_S12__NODE_495_length_26145_cov_32.742468	1	26145	0	0	0	0	0	0
Biragzang__NODE_137_length_26131_cov_33.558866	1	26131	0	0	0	0	0	0
Biragzang__NODE_138_length_26128_cov_11.916235	1	26128	0	0	0	0	0	0
MV-4125_S18__NODE_318_length_26094_cov_18.527363	1	26094	0	0	0	0	0	0
MV-4125_S18__NODE_319_length_26078_cov_42.948815	1	26078	0	0	0	0	0	0
MV-4125_S18__NODE_320_length_26064_cov_24.608905	1	26064	0	0	0	0	0	0
MV-4122_S12__NODE_497_length_26035_cov_53.252040	1	26035	0	0	0	0	0	0
MV-4125_S18__NODE_321_length_26033_cov_19.365425	1	26033	0	0	0	0	0	0
MV-4122_S12__NODE_498_length_26020_cov_53.429193	1	26020	0	0	0	0	0	0
MV-4122_S12__NODE_499_length_25961_cov_192.215240	1	25961	0	0	0	0	0	0
MV-4122_S12__NODE_500_length_25921_cov_24.009743	1	25921	0	0	0	0	0	0
Biragzang__NODE_140_length_25912_cov_54.351356	1	25912	0	0	0	0	0	0
MV-4122_S12__NODE_501_length_25900_cov_29.616986	1	25900	0	0	0	0	0	0
MV-4122_S12__NODE_502_length_25865_cov_216.450484	1	25865	0	0	0	0	0	0
MV-4122_S12__NODE_503_length_25850_cov_12.606203	1	25850	0	0	0	0	0	0
MV-4128_S29__NODE_168_length_25826_cov_27.249311	1	25826	0	0	0	0	0	0
Biragzang__NODE_141_length_25819_cov_45.611085	1	25819	0	0	0	0	0	0
Biragzang__NODE_142_length_25777_cov_10.843636	1	25777	0	0	0	0	0	0
MV-4122_S12__NODE_506_length_25758_cov_43.747345	1	25758	0	0	0	0	0	0
MV-4122_S12__NODE_507_length_25745_cov_41.512962	1	25745	0	0	0	0	0	0
Biragzang__NODE_143_length_25743_cov_40.352382	1	25743	0	0	0	0	0	0
MV-4128_S29__NODE_169_length_25733_cov_27.498014	1	25733	0	0	0	0	0	0
Biragzang__NODE_144_length_25681_cov_41.989971	1	25681	0	0	0	0	0	0
MV-4125_S18__NODE_324_length_25677_cov_30.284287	1	25677	0	0	0	0	0	0
MV-4128_S29__NODE_170_length_25672_cov_28.910606	1	25672	0	0	0	0	0	0
Biragzang__NODE_145_length_25658_cov_48.062766	1	25658	0	0	0	0	0	0
MV-4122_S12__NODE_508_length_25563_cov_39.090834	1	25563	0	0	0	0	0	0
MV-4122_S12__NODE_509_length_25552_cov_25.529827	1	25552	0	0	0	0	0	0
MV-4122_S12__NODE_511_length_25519_cov_29.469211	1	25519	0	0	0	0	0	0
MV-4122_S12__NODE_512_length_25502_cov_29.545369	1	25502	0	0	0	0	0	0
MV-4125_S18__NODE_326_length_25483_cov_23.558715	1	25483	0	0	0	0	0	0
MV-4122_S12__NODE_513_length_25460_cov_27.327180	1	25460	0	0	0	0	0	0
MV-4125_S18__NODE_329_length_25393_cov_24.726458	1	25393	0	0	0	0	0	0
MV-4125_S18__NODE_330_length_25387_cov_19.859229	1	25387	0	0	0	0	0	0
MV-4125_S18__NODE_331_length_25367_cov_23.663006	1	25367	0	0	0	0	0	0
MV-4128_S29__NODE_171_length_25355_cov_26.892451	1	25355	0	0	0	0	0	0
MV-4122_S12__NODE_514_length_25343_cov_11.200649	1	25343	0	0	0	0	0	0
cell-4122-0-44_S10__NODE_46_length_25340_cov_18.244176	1	25340	0	0	0	0	0	0
MV-4122_S12__NODE_515_length_25314_cov_50.546894	1	25314	0	0	0	0	0	0
MV-4125_S18__NODE_333_length_25285_cov_24.839080	1	25285	0	0	0	0	0	0
MV-4122_S12__NODE_517_length_25277_cov_17.470859	1	25277	0	0	0	0	0	0
MV-4122_S12__NODE_519_length_25228_cov_21.541215	1	25228	0	0	0	0	0	0
Biragzang__NODE_151_length_25225_cov_11.703258	1	25225	0	0	0	0	0	0
MV-4122_S12__NODE_521_length_25189_cov_26.576589	1	25189	0	0	0	0	0	0
MV-4128_S29__NODE_172_length_25185_cov_19.084560	1	25185	0	0	0	0	0	0
MV-4122_S12__NODE_522_length_25167_cov_75.598359	1	25167	0	0	0	0	0	0
MV-4128_S29__NODE_174_length_25166_cov_20.311218	1	25166	0	0	0	0	0	0
MV-4122_S12__NODE_523_length_25163_cov_24.163852	1	25163	0	0	0	0	0	0
MV-4122_S12__NODE_524_length_25157_cov_23.898773	1	25157	0	0	0	0	0	0
MV-4128_S29__NODE_175_length_25157_cov_27.467891	1	25157	0	0	0	0	0	0
MV-4122_S12__NODE_525_length_25147_cov_14.024709	1	25147	0	0	0	0	0	0
Biragzang__NODE_152_length_25140_cov_12.127566	1	25140	0	0	0	0	0	0
MV-4125_S18__NODE_337_length_25139_cov_18.340018	1	25139	0	0	0	0	0	0
MV-4122_S12__NODE_526_length_25125_cov_21.914440	1	25125	0	0	0	0	0	0
MV-4125_S18__NODE_339_length_25123_cov_21.975347	1	25123	0	0	0	0	0	0
Biragzang__NODE_153_length_25106_cov_39.589038	1	25106	0	0	0	0	0	0
MV-4122_S12__NODE_527_length_25103_cov_198.605477	1	25103	0	0	0	0	0	0
MV-4122_S12__NODE_528_length_25102_cov_62.424562	1	25102	0	0	0	0	0	0
MV-4122_S12__NODE_530_length_25070_cov_41.152788	1	25070	0	0	0	0	0	0
MV-4122_S12__NODE_531_length_25052_cov_36.890227	1	25052	0	0	0	0	0	0
MV-4122_S12__NODE_532_length_25040_cov_46.488493	1	25040	0	0	0	0	0	0
MV-4122_S12__NODE_533_length_25029_cov_12.702290	1	25029	0	0	0	0	0	0
MV-4122_S12__NODE_534_length_25027_cov_47.849071	1	25027	0	0	0	0	0	0
cell-4122-0-44_S10__NODE_47_length_25007_cov_47.217698	1	25007	0	0	0	0	0	0
MV-4125_S18__NODE_340_length_24959_cov_18.197840	1	24959	0	0	0	0	0	0
cell-4122-0-44_S10__NODE_48_length_24920_cov_38.943012	1	24920	0	0	0	0	0	0
MV-4122_S12__NODE_535_length_24919_cov_55.566401	1	24919	0	0	0	0	0	0
MV-4128_S29__NODE_176_length_24919_cov_25.064551	1	24919	0	0	0	0	0	0
MV-4128_S29__NODE_177_length_24912_cov_22.995816	1	24912	0	0	0	0	0	0
MV-4122_S12__NODE_536_length_24895_cov_58.266143	1	24895	0	0	0	0	0	0
MV-4122_S12__NODE_537_length_24838_cov_11.962192	1	24838	0	0	0	0	0	0
MV-4128_S29__NODE_180_length_24809_cov_18.016765	1	24809	0	0	0	0	0	0
Biragzang__NODE_158_length_24773_cov_45.655676	1	24773	0	0	0	0	0	0
Biragzang__NODE_159_length_24765_cov_55.323675	1	24765	0	0	0	0	0	0
MV-4125_S18__NODE_344_length_24763_cov_6.967662	1	24763	0	0	0	0	0	0
cell-4122-0-44_S10__NODE_49_length_24757_cov_32.465549	1	24757	0	0	0	0	0	0
MV-4128_S29__NODE_181_length_24696_cov_22.952315	1	24696	0	0	0	0	0	0
MV-4122_S12__NODE_538_length_24687_cov_59.260880	1	24687	0	0	0	0	0	0
MV-4122_S12__NODE_539_length_24672_cov_43.264045	1	24672	0	0	0	0	0	0
MV-4122_S12__NODE_540_length_24648_cov_60.429106	1	24648	0	0	0	0	0	0
Biragzang__NODE_160_length_24605_cov_43.873727	1	24605	0	0	0	0	0	0
MV-4125_S18__NODE_347_length_24601_cov_16.319645	1	24601	0	0	0	0	0	0
MV-4128_S29__NODE_182_length_24587_cov_26.176504	1	24587	0	0	0	0	0	0
MV-4122_S12__NODE_541_length_24567_cov_23.603500	1	24567	0	0	0	0	0	0
Biragzang__NODE_161_length_24563_cov_41.671373	1	24563	0	0	0	0	0	0
MV-4125_S18__NODE_348_length_24562_cov_34.625291	1	24562	0	0	0	0	0	0
MV-4122_S12__NODE_542_length_24543_cov_9.888517	1	24543	0	0	0	0	0	0
MV-4125_S18__NODE_351_length_24521_cov_24.830132	1	24521	0	0	0	0	0	0
Biragzang__NODE_163_length_24444_cov_12.613227	1	24444	0	0	0	0	0	0
MV-4128_S29__NODE_183_length_24438_cov_20.585244	1	24438	0	0	0	0	0	0
MV-4125_S18__NODE_353_length_24436_cov_30.465937	1	24436	0	0	0	0	0	0
MV-4125_S18__NODE_354_length_24402_cov_21.477143	1	24402	0	0	0	0	0	0
MV-4122_S12__NODE_544_length_24303_cov_27.333347	1	24303	0	0	0	0	0	0
MV-4125_S18__NODE_356_length_24291_cov_57.139132	1	24291	0	0	0	0	0	0
MV-4128_S29__NODE_185_length_24270_cov_26.311253	1	24270	0	0	0	0	0	0
MV-4122_S12__NODE_545_length_24269_cov_25.076939	1	24269	0	0	0	0	0	0
Biragzang__NODE_164_length_24268_cov_46.736051	1	24268	0	0	0	0	0	0
Biragzang__NODE_165_length_24258_cov_43.681197	1	24258	0	0	0	0	0	0
MV-4125_S18__NODE_357_length_24256_cov_21.321681	1	24256	0	0	0	0	0	0
Biragzang__NODE_167_length_24221_cov_38.610279	1	24221	0	0	0	0	0	0
Biragzang__NODE_168_length_24220_cov_39.870681	1	24220	0	0	0	0	0	0
MV-4125_S18__NODE_358_length_24213_cov_51.089246	1	24213	0	0	0	0	0	0
MV-4125_S18__NODE_359_length_24192_cov_46.645938	1	24192	0	0	0	0	0	0
Biragzang__NODE_169_length_24140_cov_10.362383	1	24140	0	0	0	0	0	0
cell-4122-0-44_S10__NODE_50_length_24096_cov_32.582754	1	24096	0	0	0	0	0	0
Biragzang__NODE_170_length_24073_cov_10.868349	1	24073	0	0	0	0	0	0
Biragzang__NODE_171_length_24062_cov_10.370392	1	24062	0	0	0	0	0	0
MV-4125_S18__NODE_364_length_24055_cov_28.911167	1	24055	0	0	0	0	0	0
MV-4125_S18__NODE_365_length_24050_cov_28.490519	1	24050	0	0	0	0	0	0
MV-4122_S12__NODE_551_length_23957_cov_34.180571	1	23957	0	0	0	0	0	0
MV-4128_S29__NODE_188_length_23957_cov_18.879634	1	23957	0	0	0	0	0	0
MV-4122_S12__NODE_553_length_23940_cov_63.318317	1	23940	0	0	0	0	0	0
MV-4125_S18__NODE_369_length_23924_cov_32.355482	1	23924	0	0	0	0	0	0
MV-4122_S12__NODE_555_length_23921_cov_23.040727	1	23921	0	0	0	0	0	0
MV-4128_S29__NODE_190_length_23894_cov_19.405973	1	23894	0	0	0	0	0	0
MV-4122_S12__NODE_557_length_23881_cov_24.390162	1	23881	0	0	0	0	0	0
MV-4128_S29__NODE_191_length_23873_cov_27.698043	1	23873	0	0	0	0	0	0
MV-4122_S12__NODE_558_length_23839_cov_62.324420	1	23839	0	0	0	0	0	0
MV-4125_S18__NODE_372_length_23817_cov_20.591869	1	23817	0	0	0	0	0	0
MV-4122_S12__NODE_560_length_23815_cov_222.669992	1	23815	0	0	0	0	0	0
MV-4128_S29__NODE_192_length_23813_cov_25.339338	1	23813	0	0	0	0	0	0
MV-4122_S12__NODE_561_length_23811_cov_48.942709	1	23811	0	0	0	0	0	0
MV-4125_S18__NODE_373_length_23807_cov_19.808395	1	23807	0	0	0	0	0	0
Biragzang__NODE_174_length_23802_cov_42.543269	1	23802	0	0	0	0	0	0
cell-4122-0-44_S10__NODE_51_length_23787_cov_40.772838	1	23787	0	0	0	0	0	0
MV-4125_S18__NODE_374_length_23780_cov_23.602107	1	23780	0	0	0	0	0	0
MV-4122_S12__NODE_562_length_23775_cov_41.796922	1	23775	0	0	0	0	0	0
MV-4122_S12__NODE_563_length_23759_cov_13.481522	1	23759	0	0	0	0	0	0
Biragzang__NODE_175_length_23714_cov_45.329938	1	23714	0	0	0	0	0	0
MV-4125_S18__NODE_375_length_23712_cov_27.512914	1	23712	0	0	0	0	0	0
MV-4128_S29__NODE_193_length_23693_cov_22.751460	1	23693	0	0	0	0	0	0
MV-4128_S29__NODE_194_length_23679_cov_27.815188	1	23679	0	0	0	0	0	0
MV-4125_S18__NODE_376_length_23670_cov_20.913064	1	23670	0	0	0	0	0	0
MV-4128_S29__NODE_195_length_23666_cov_23.522595	1	23666	0	0	0	0	0	0
MV-4122_S12__NODE_564_length_23653_cov_30.361217	1	23653	0	0	0	0	0	0
MV-4122_S12__NODE_565_length_23652_cov_41.459423	1	23652	0	0	0	0	0	0
MV-4122_S12__NODE_566_length_23642_cov_22.923178	1	23642	0	0	0	0	0	0
MV-4125_S18__NODE_377_length_23618_cov_21.588677	1	23618	0	0	0	0	0	0
cell-4122-0-44_S10__NODE_52_length_23599_cov_48.505394	1	23599	0	0	0	0	0	0
MV-4125_S18__NODE_378_length_23580_cov_22.248247	1	23580	0	0	0	0	0	0
MV-4125_S18__NODE_379_length_23571_cov_25.629571	1	23571	0	0	0	0	0	0
MV-4122_S12__NODE_568_length_23552_cov_29.190705	1	23552	0	0	0	0	0	0
MV-4122_S12__NODE_569_length_23539_cov_42.811914	1	23539	0	0	0	0	0	0
MV-4128_S29__NODE_196_length_23538_cov_18.131883	1	23538	0	0	0	0	0	0
MV-4122_S12__NODE_570_length_23502_cov_11.286646	1	23502	0	0	0	0	0	0
MV-4128_S29__NODE_197_length_23486_cov_26.081601	1	23486	0	0	0	0	0	0
MV-4122_S12__NODE_571_length_23481_cov_78.414881	1	23481	0	0	0	0	0	0
MV-4122_S12__NODE_572_length_23469_cov_39.903477	1	23469	0	0	0	0	0	0
MV-4122_S12__NODE_573_length_23436_cov_23.411360	1	23436	0	0	0	0	0	0
MV-4125_S18__NODE_381_length_23434_cov_27.408743	1	23434	0	0	0	0	0	0
MV-4122_S12__NODE_574_length_23413_cov_25.115378	1	23413	0	0	0	0	0	0
MV-4128_S29__NODE_198_length_23406_cov_26.291893	1	23406	0	0	0	0	0	0
MV-4122_S12__NODE_575_length_23384_cov_21.675468	1	23384	0	0	0	0	0	0
Biragzang__NODE_177_length_23373_cov_52.273308	1	23373	0	0	0	0	0	0
MV-4128_S29__NODE_199_length_23364_cov_26.980136	1	23364	0	0	0	0	0	0
MV-4122_S12__NODE_576_length_23347_cov_38.117809	1	23347	0	0	0	0	0	0
MV-4122_S12__NODE_577_length_23346_cov_27.424542	1	23346	0	0	0	0	0	0
Biragzang__NODE_178_length_23343_cov_55.074674	1	23343	0	0	0	0	0	0
MV-4125_S18__NODE_384_length_23261_cov_29.275834	1	23261	0	0	0	0	0	0
MV-4122_S12__NODE_578_length_23251_cov_37.617434	1	23251	0	0	0	0	0	0
MV-4125_S18__NODE_385_length_23200_cov_24.037589	1	23200	0	0	0	0	0	0
MV-4125_S18__NODE_388_length_23149_cov_23.806660	1	23149	0	0	0	0	0	0
MV-4125_S18__NODE_389_length_23142_cov_31.162126	1	23142	0	0	0	0	0	0
MV-4122_S12__NODE_580_length_23136_cov_25.366882	1	23136	0	0	0	0	0	0
MV-4122_S12__NODE_582_length_23108_cov_23.851603	1	23108	0	0	0	0	0	0
MV-4122_S12__NODE_583_length_23101_cov_44.037968	1	23101	0	0	0	0	0	0
MV-4128_S29__NODE_204_length_23066_cov_27.634696	1	23066	0	0	0	0	0	0
MV-4122_S12__NODE_585_length_23022_cov_23.182436	1	23022	0	0	0	0	0	0
MV-4128_S29__NODE_205_length_23001_cov_33.394971	1	23001	0	0	0	0	0	0
MV-4125_S18__NODE_391_length_22999_cov_15.986358	1	22999	0	0	0	0	0	0
cell-4122-0-44_S10__NODE_53_length_22987_cov_48.668411	1	22987	0	0	0	0	0	0
Biragzang__NODE_180_length_22976_cov_11.633611	1	22976	0	0	0	0	0	0
MV-4128_S29__NODE_206_length_22973_cov_19.495331	1	22973	0	0	0	0	0	0
MV-4128_S29__NODE_207_length_22969_cov_17.598368	1	22969	0	0	0	0	0	0
MV-4122_S12__NODE_586_length_22964_cov_42.753066	1	22964	0	0	0	0	0	0
MV-4125_S18__NODE_393_length_22906_cov_28.591747	1	22906	0	0	0	0	0	0
MV-4128_S29__NODE_208_length_22894_cov_22.031569	1	22894	0	0	0	0	0	0
MV-4122_S12__NODE_588_length_22890_cov_12.921086	1	22890	0	0	0	0	0	0
cell-4122-0-44_S10__NODE_54_length_22856_cov_14.291391	1	22856	0	0	0	0	0	0
Biragzang__NODE_183_length_22800_cov_11.772214	1	22800	0	0	0	0	0	0
MV-4125_S18__NODE_394_length_22792_cov_46.962748	1	22792	0	0	0	0	0	0
MV-4122_S12__NODE_589_length_22786_cov_24.395495	1	22786	0	0	0	0	0	0
Biragzang__NODE_185_length_22776_cov_40.235289	1	22776	0	0	0	0	0	0
MV-4122_S12__NODE_590_length_22775_cov_194.141989	1	22775	0	0	0	0	0	0
MV-4128_S29__NODE_209_length_22758_cov_20.083822	1	22758	0	0	0	0	0	0
MV-4122_S12__NODE_591_length_22757_cov_48.586953	1	22757	0	0	0	0	0	0
MV-4122_S12__NODE_592_length_22757_cov_43.292882	1	22757	0	0	0	0	0	0
MV-4122_S12__NODE_593_length_22746_cov_49.772817	1	22746	0	0	0	0	0	0
MV-4128_S29__NODE_210_length_22742_cov_11.809318	1	22742	0	0	0	0	0	0
Biragzang__NODE_187_length_22727_cov_44.405875	1	22727	0	0	0	0	0	0
MV-4122_S12__NODE_594_length_22721_cov_41.448160	1	22721	0	0	0	0	0	0
MV-4122_S12__NODE_595_length_22695_cov_10.764929	1	22695	0	0	0	0	0	0
Biragzang__NODE_189_length_22680_cov_50.972685	1	22680	0	0	0	0	0	0
MV-4122_S12__NODE_598_length_22669_cov_160.898116	1	22669	0	0	0	0	0	0
MV-4125_S18__NODE_395_length_22669_cov_26.488724	1	22669	0	0	0	0	0	0
MV-4122_S12__NODE_599_length_22665_cov_19.983591	1	22665	0	0	0	0	0	0
Biragzang__NODE_190_length_22661_cov_51.331284	1	22661	0	0	0	0	0	0
MV-4122_S12__NODE_600_length_22656_cov_24.647316	1	22656	0	0	0	0	0	0
MV-4122_S12__NODE_601_length_22641_cov_23.675994	1	22641	0	0	0	0	0	0
Biragzang__NODE_191_length_22618_cov_63.520055	1	22618	0	0	0	0	0	0
MV-4125_S18__NODE_396_length_22600_cov_24.678110	1	22600	0	0	0	0	0	0
Biragzang__NODE_192_length_22599_cov_48.912482	1	22599	0	0	0	0	0	0
MV-4122_S12__NODE_602_length_22598_cov_19.226855	1	22598	0	0	0	0	0	0
Biragzang__NODE_193_length_22543_cov_43.568792	1	22543	0	0	0	0	0	0
Biragzang__NODE_194_length_22536_cov_11.776967	1	22536	0	0	0	0	0	0
Biragzang__NODE_195_length_22528_cov_51.540693	1	22528	0	0	0	0	0	0
MV-4122_S12__NODE_603_length_22492_cov_45.962072	1	22492	0	0	0	0	0	0
MV-4125_S18__NODE_399_length_22470_cov_19.561901	1	22470	0	0	0	0	0	0
MV-4122_S12__NODE_604_length_22448_cov_25.446032	1	22448	0	0	0	0	0	0
MV-4125_S18__NODE_400_length_22437_cov_17.511036	1	22437	0	0	0	0	0	0
MV-4128_S29__NODE_213_length_22430_cov_25.558257	1	22430	0	0	0	0	0	0
MV-4125_S18__NODE_401_length_22405_cov_18.445369	1	22405	0	0	0	0	0	0
MV-4125_S18__NODE_402_length_22388_cov_45.668428	1	22388	0	0	0	0	0	0
MV-4125_S18__NODE_403_length_22358_cov_20.855849	1	22358	0	0	0	0	0	0
MV-4122_S12__NODE_605_length_22336_cov_51.987029	1	22336	0	0	0	0	0	0
MV-4128_S29__NODE_214_length_22297_cov_17.202185	1	22297	0	0	0	0	0	0
MV-4128_S29__NODE_215_length_22286_cov_25.956277	1	22286	0	0	0	0	0	0
Biragzang__NODE_198_length_22272_cov_46.732592	1	22272	0	0	0	0	0	0
MV-4128_S29__NODE_216_length_22265_cov_21.029986	1	22265	0	0	0	0	0	0
MV-4125_S18__NODE_404_length_22264_cov_44.262776	1	22264	0	0	0	0	0	0
Biragzang__NODE_199_length_22252_cov_39.600396	1	22252	0	0	0	0	0	0
Biragzang__NODE_200_length_22248_cov_37.512234	1	22248	0	0	0	0	0	0
MV-4122_S12__NODE_607_length_22244_cov_149.512983	1	22244	0	0	0	0	0	0
MV-4128_S29__NODE_217_length_22213_cov_27.029876	1	22213	0	0	0	0	0	0
Biragzang__NODE_201_length_22209_cov_12.574118	1	22209	0	0	0	0	0	0
Biragzang__NODE_202_length_22189_cov_12.456447	1	22189	0	0	0	0	0	0
MV-4125_S18__NODE_407_length_22176_cov_21.614303	1	22176	0	0	0	0	0	0
MV-4125_S18__NODE_408_length_22175_cov_7.572107	1	22175	0	0	0	0	0	0
MV-4125_S18__NODE_409_length_22174_cov_20.787197	1	22174	0	0	0	0	0	0
MV-4125_S18__NODE_412_length_22157_cov_7.190480	1	22157	0	0	0	0	0	0
MV-4128_S29__NODE_219_length_22136_cov_837.337666	1	22136	0	0	0	0	0	0
MV-4128_S29__NODE_220_length_22134_cov_28.143711	1	22134	0	0	0	0	0	0
MV-4122_S12__NODE_609_length_22124_cov_23.085278	1	22124	0	0	0	0	0	0
MV-4122_S12__NODE_610_length_22115_cov_15.073980	1	22115	0	0	0	0	0	0
MV-4122_S12__NODE_611_length_22114_cov_51.646584	1	22114	0	0	0	0	0	0
MV-4122_S12__NODE_612_length_22112_cov_23.737181	1	22112	0	0	0	0	0	0
MV-4122_S12__NODE_613_length_22094_cov_17.931077	1	22094	0	0	0	0	0	0
MV-4128_S29__NODE_221_length_22094_cov_27.022097	1	22094	0	0	0	0	0	0
MV-4125_S18__NODE_415_length_22069_cov_6.701281	1	22069	0	0	0	0	0	0
MV-4122_S12__NODE_614_length_22057_cov_21.469321	1	22057	0	0	0	0	0	0
MV-4125_S18__NODE_416_length_22056_cov_25.431753	1	22056	0	0	0	0	0	0
MV-4125_S18__NODE_419_length_22006_cov_18.109653	1	22006	0	0	0	0	0	0
MV-4125_S18__NODE_420_length_21984_cov_68.773405	1	21984	0	0	0	0	0	0
MV-4125_S18__NODE_421_length_21956_cov_25.198849	1	21956	0	0	0	0	0	0
MV-4125_S18__NODE_423_length_21908_cov_55.652862	1	21908	0	0	0	0	0	0
MV-4122_S12__NODE_617_length_21907_cov_12.218836	1	21907	0	0	0	0	0	0
MV-4122_S12__NODE_618_length_21901_cov_11.856679	1	21901	0	0	0	0	0	0
MV-4122_S12__NODE_619_length_21895_cov_74.430495	1	21895	0	0	0	0	0	0
Biragzang__NODE_206_length_21894_cov_17.610055	1	21894	0	0	0	0	0	0
MV-4122_S12__NODE_620_length_21892_cov_30.732381	1	21892	0	0	0	0	0	0
MV-4128_S29__NODE_222_length_21851_cov_27.340062	1	21851	0	0	0	0	0	0
MV-4122_S12__NODE_621_length_21846_cov_23.085586	1	21846	0	0	0	0	0	0
Biragzang__NODE_207_length_21835_cov_43.358173	1	21835	0	0	0	0	0	0
MV-4122_S12__NODE_622_length_21807_cov_31.639527	1	21807	0	0	0	0	0	0
MV-4122_S12__NODE_623_length_21805_cov_39.094299	1	21805	0	0	0	0	0	0
MV-4122_S12__NODE_624_length_21798_cov_26.077588	1	21798	0	0	0	0	0	0
MV-4122_S12__NODE_625_length_21790_cov_22.297769	1	21790	0	0	0	0	0	0
MV-4122_S12__NODE_626_length_21755_cov_48.543456	1	21755	0	0	0	0	0	0
Biragzang__NODE_209_length_21722_cov_11.586099	1	21722	0	0	0	0	0	0
MV-4125_S18__NODE_427_length_21710_cov_21.756869	1	21710	0	0	0	0	0	0
MV-4122_S12__NODE_627_length_21705_cov_40.256120	1	21705	0	0	0	0	0	0
MV-4122_S12__NODE_628_length_21698_cov_39.881347	1	21698	0	0	0	0	0	0
MV-4122_S12__NODE_629_length_21696_cov_27.875791	1	21696	0	0	0	0	0	0
MV-4122_S12__NODE_630_length_21669_cov_126.986028	1	21669	0	0	0	0	0	0
MV-4122_S12__NODE_631_length_21662_cov_199.915444	1	21662	0	0	0	0	0	0
MV-4128_S29__NODE_223_length_21659_cov_13.057443	1	21659	0	0	0	0	0	0
Biragzang__NODE_210_length_21654_cov_41.848280	1	21654	0	0	0	0	0	0
MV-4125_S18__NODE_430_length_21651_cov_20.211937	1	21651	0	0	0	0	0	0
Biragzang__NODE_211_length_21596_cov_51.668771	1	21596	0	0	0	0	0	0
MV-4122_S12__NODE_633_length_21593_cov_62.942520	1	21593	0	0	0	0	0	0
MV-4122_S12__NODE_634_length_21580_cov_27.822532	1	21580	0	0	0	0	0	0
MV-4125_S18__NODE_433_length_21578_cov_25.822841	1	21578	0	0	0	0	0	0
MV-4122_S12__NODE_635_length_21569_cov_29.938505	1	21569	0	0	0	0	0	0
MV-4128_S29__NODE_224_length_21564_cov_19.073318	1	21564	0	0	0	0	0	0
MV-4122_S12__NODE_636_length_21563_cov_30.727543	1	21563	0	0	0	0	0	0
MV-4122_S12__NODE_638_length_21525_cov_41.888728	1	21525	0	0	0	0	0	0
MV-4122_S12__NODE_639_length_21525_cov_12.801863	1	21525	0	0	0	0	0	0
MV-4125_S18__NODE_435_length_21515_cov_23.462022	1	21515	0	0	0	0	0	0
MV-4128_S29__NODE_225_length_21493_cov_23.696240	1	21493	0	0	0	0	0	0
MV-4125_S18__NODE_436_length_21489_cov_25.906270	1	21489	0	0	0	0	0	0
MV-4125_S18__NODE_437_length_21479_cov_15.369165	1	21479	0	0	0	0	0	0
MV-4122_S12__NODE_641_length_21473_cov_28.940190	1	21473	0	0	0	0	0	0
MV-4122_S12__NODE_642_length_21456_cov_43.786599	1	21456	0	0	0	0	0	0
Biragzang__NODE_214_length_21443_cov_44.922480	1	21443	0	0	0	0	0	0
MV-4122_S12__NODE_643_length_21414_cov_12.833653	1	21414	0	0	0	0	0	0
MV-4125_S18__NODE_439_length_21410_cov_23.240974	1	21410	0	0	0	0	0	0
MV-4122_S12__NODE_644_length_21408_cov_25.051609	1	21408	0	0	0	0	0	0
Biragzang__NODE_216_length_21378_cov_10.464194	1	21378	0	0	0	0	0	0
MV-4128_S29__NODE_227_length_21376_cov_44.601285	1	21376	0	0	0	0	0	0
MV-4122_S12__NODE_645_length_21323_cov_65.307410	1	21323	0	0	0	0	0	0
MV-4122_S12__NODE_646_length_21321_cov_46.923399	1	21321	0	0	0	0	0	0
MV-4122_S12__NODE_647_length_21305_cov_212.790353	1	21305	0	0	0	0	0	0
MV-4122_S12__NODE_648_length_21302_cov_52.765849	1	21302	0	0	0	0	0	0
MV-4125_S18__NODE_440_length_21282_cov_24.805766	1	21282	0	0	0	0	0	0
Biragzang__NODE_218_length_21238_cov_37.987160	1	21238	0	0	0	0	0	0
MV-4125_S18__NODE_441_length_21232_cov_36.215139	1	21232	0	0	0	0	0	0
MV-4125_S18__NODE_443_length_21198_cov_22.291444	1	21198	0	0	0	0	0	0
MV-4128_S29__NODE_229_length_21195_cov_12.176254	1	21195	0	0	0	0	0	0
MV-4125_S18__NODE_444_length_21190_cov_25.940667	1	21190	0	0	0	0	0	0
MV-4122_S12__NODE_649_length_21189_cov_8.708053	1	21189	0	0	0	0	0	0
MV-4125_S18__NODE_445_length_21174_cov_23.650741	1	21174	0	0	0	0	0	0
MV-4125_S18__NODE_446_length_21169_cov_43.054656	1	21169	0	0	0	0	0	0
MV-4122_S12__NODE_650_length_21157_cov_23.003507	1	21157	0	0	0	0	0	0
MV-4122_S12__NODE_651_length_21145_cov_34.288336	1	21145	0	0	0	0	0	0
Biragzang__NODE_220_length_21126_cov_6.523468	1	21126	0	0	0	0	0	0
Biragzang__NODE_221_length_21110_cov_17.261791	1	21110	0	0	0	0	0	0
MV-4125_S18__NODE_447_length_21110_cov_62.042270	1	21110	0	0	0	0	0	0
MV-4128_S29__NODE_230_length_21109_cov_14.443194	1	21109	0	0	0	0	0	0
MV-4128_S29__NODE_231_length_21099_cov_15.198346	1	21099	0	0	0	0	0	0
MV-4125_S18__NODE_449_length_21089_cov_20.438671	1	21089	0	0	0	0	0	0
MV-4125_S18__NODE_450_length_21087_cov_22.708016	1	21087	0	0	0	0	0	0
MV-4122_S12__NODE_652_length_21063_cov_18.421125	1	21063	0	0	0	0	0	0
MV-4125_S18__NODE_452_length_21038_cov_298.703713	1	21038	0	0	0	0	0	0
MV-4125_S18__NODE_453_length_21029_cov_25.265376	1	21029	0	0	0	0	0	0
MV-4122_S12__NODE_653_length_21021_cov_49.270342	1	21021	0	0	0	0	0	0
MV-4125_S18__NODE_454_length_21017_cov_7.402156	1	21017	0	0	0	0	0	0
MV-4122_S12__NODE_654_length_21016_cov_41.043652	1	21016	0	0	0	0	0	0
MV-4122_S12__NODE_656_length_20998_cov_27.773098	1	20998	0	0	0	0	0	0
MV-4125_S18__NODE_455_length_20997_cov_25.364292	1	20997	0	0	0	0	0	0
Biragzang__NODE_223_length_20991_cov_45.994125	1	20991	0	0	0	0	0	0
Biragzang__NODE_224_length_20989_cov_35.352011	1	20989	0	0	0	0	0	0
MV-4122_S12__NODE_657_length_20959_cov_15.269853	1	20959	0	0	0	0	0	0
Biragzang__NODE_226_length_20953_cov_35.224710	1	20953	0	0	0	0	0	0
Biragzang__NODE_228_length_20941_cov_11.128986	1	20941	0	0	0	0	0	0
cell-4122-0-44_S10__NODE_56_length_20926_cov_58.928705	1	20926	0	0	0	0	0	0
MV-4122_S12__NODE_658_length_20917_cov_13.042470	1	20917	0	0	0	0	0	0
MV-4122_S12__NODE_659_length_20896_cov_24.443789	1	20896	0	0	0	0	0	0
MV-4125_S18__NODE_459_length_20854_cov_66.168854	1	20854	0	0	0	0	0	0
MV-4128_S29__NODE_233_length_20821_cov_21.995907	1	20821	0	0	0	0	0	0
MV-4122_S12__NODE_660_length_20820_cov_207.693089	1	20820	0	0	0	0	0	0
MV-4122_S12__NODE_661_length_20802_cov_20.918060	1	20802	0	0	0	0	0	0
MV-4122_S12__NODE_662_length_20794_cov_24.797724	1	20794	0	0	0	0	0	0
MV-4128_S29__NODE_234_length_20792_cov_23.959155	1	20792	0	0	0	0	0	0
MV-4128_S29__NODE_235_length_20787_cov_27.900251	1	20787	0	0	0	0	0	0
MV-4128_S29__NODE_236_length_20780_cov_25.514355	1	20780	0	0	0	0	0	0
MV-4125_S18__NODE_461_length_20767_cov_20.948725	1	20767	0	0	0	0	0	0
MV-4122_S12__NODE_663_length_20761_cov_13.337776	1	20761	0	0	0	0	0	0
MV-4125_S18__NODE_462_length_20755_cov_21.313092	1	20755	0	0	0	0	0	0
MV-4128_S29__NODE_237_length_20754_cov_12.484081	1	20754	0	0	0	0	0	0
Biragzang__NODE_232_length_20696_cov_27.707330	1	20696	0	0	0	0	0	0
Biragzang__NODE_233_length_20692_cov_39.337016	1	20692	0	0	0	0	0	0
MV-4128_S29__NODE_238_length_20686_cov_25.068925	1	20686	0	0	0	0	0	0
MV-4122_S12__NODE_665_length_20680_cov_27.575467	1	20680	0	0	0	0	0	0
MV-4122_S12__NODE_666_length_20669_cov_31.712283	1	20669	0	0	0	0	0	0
MV-4125_S18__NODE_464_length_20654_cov_24.556144	1	20654	0	0	0	0	0	0
Biragzang__NODE_234_length_20637_cov_36.293946	1	20637	0	0	0	0	0	0
MV-4128_S29__NODE_239_length_20604_cov_13.694438	1	20604	0	0	0	0	0	0
MV-4122_S12__NODE_668_length_20589_cov_18.656423	1	20589	0	0	0	0	0	0
MV-4125_S18__NODE_465_length_20584_cov_18.957085	1	20584	0	0	0	0	0	0
cell-4125-0-44_S16__NODE_9_length_20565_cov_11.052365	1	20565	0	0	0	0	0	0
cell-4122-0-44_S10__NODE_57_length_20520_cov_984.915661	1	20520	0	0	0	0	0	0
cell-4122-0-44_S10__NODE_58_length_20514_cov_15.229581	1	20514	0	0	0	0	0	0
MV-4122_S12__NODE_669_length_20510_cov_36.025471	1	20510	0	0	0	0	0	0
MV-4128_S29__NODE_240_length_20506_cov_25.659381	1	20506	0	0	0	0	0	0
MV-4128_S29__NODE_241_length_20500_cov_13.368892	1	20500	0	0	0	0	0	0
Biragzang__NODE_238_length_20491_cov_46.838080	1	20491	0	0	0	0	0	0
Biragzang__NODE_239_length_20490_cov_10.928799	1	20490	0	0	0	0	0	0
MV-4122_S12__NODE_671_length_20481_cov_34.576569	1	20481	0	0	0	0	0	0
MV-4125_S18__NODE_468_length_20472_cov_15.832199	1	20472	0	0	0	0	0	0
MV-4125_S18__NODE_469_length_20468_cov_43.426738	1	20468	0	0	0	0	0	0
MV-4122_S12__NODE_672_length_20456_cov_13.038724	1	20456	0	0	0	0	0	0
MV-4128_S29__NODE_243_length_20441_cov_26.063279	1	20441	0	0	0	0	0	0
MV-4122_S12__NODE_673_length_20436_cov_43.158236	1	20436	0	0	0	0	0	0
MV-4125_S18__NODE_470_length_20428_cov_48.850685	1	20428	0	0	0	0	0	0
Biragzang__NODE_240_length_20422_cov_38.170423	1	20422	0	0	0	0	0	0
MV-4125_S18__NODE_471_length_20413_cov_25.371598	1	20413	0	0	0	0	0	0
MV-4125_S18__NODE_472_length_20409_cov_25.459811	1	20409	0	0	0	0	0	0
MV-4122_S12__NODE_675_length_20406_cov_28.290109	1	20406	0	0	0	0	0	0
MV-4122_S12__NODE_676_length_20404_cov_31.718954	1	20404	0	0	0	0	0	0
cell-4122-0-44_S10__NODE_59_length_20382_cov_673.933537	1	20382	0	0	0	0	0	0
MV-4128_S29__NODE_244_length_20352_cov_11.035621	1	20352	0	0	0	0	0	0
MV-4122_S12__NODE_678_length_20336_cov_26.626794	1	20336	0	0	0	0	0	0
Biragzang__NODE_241_length_20335_cov_39.363264	1	20335	0	0	0	0	0	0
MV-4122_S12__NODE_679_length_20316_cov_26.936479	1	20316	0	0	0	0	0	0
MV-4128_S29__NODE_246_length_20310_cov_22.013034	1	20310	0	0	0	0	0	0
Biragzang__NODE_243_length_20268_cov_35.916390	1	20268	0	0	0	0	0	0
MV-4125_S18__NODE_473_length_20261_cov_7.026329	1	20261	0	0	0	0	0	0
MV-4122_S12__NODE_682_length_20230_cov_74.180421	1	20230	0	0	0	0	0	0
MV-4128_S29__NODE_248_length_20212_cov_28.658034	1	20212	0	0	0	0	0	0
MV-4125_S18__NODE_475_length_20194_cov_21.642087	1	20194	0	0	0	0	0	0
MV-4125_S18__NODE_476_length_20193_cov_6.386235	1	20193	0	0	0	0	0	0
MV-4125_S18__NODE_477_length_20192_cov_22.831008	1	20192	0	0	0	0	0	0
Biragzang__NODE_244_length_20183_cov_44.163255	1	20183	0	0	0	0	0	0
Biragzang__NODE_246_length_20141_cov_44.291397	1	20141	0	0	0	0	0	0
MV-4128_S29__NODE_250_length_20136_cov_28.121956	1	20136	0	0	0	0	0	0
MV-4125_S18__NODE_479_length_20134_cov_7.875741	1	20134	0	0	0	0	0	0
Biragzang__NODE_247_length_20128_cov_10.439297	1	20128	0	0	0	0	0	0
MV-4128_S29__NODE_251_length_20106_cov_14.903596	1	20106	0	0	0	0	0	0
Biragzang__NODE_249_length_20090_cov_57.661492	1	20090	0	0	0	0	0	0
MV-4122_S12__NODE_683_length_20077_cov_12.461842	1	20077	0	0	0	0	0	0
MV-4128_S29__NODE_252_length_20054_cov_14.576579	1	20054	0	0	0	0	0	0
MV-4122_S12__NODE_685_length_20016_cov_23.693102	1	20016	0	0	0	0	0	0
MV-4125_S18__NODE_483_length_19985_cov_23.092775	1	19985	0	0	0	0	0	0
cell-4122-0-44_S10__NODE_60_length_19979_cov_14.987804	1	19979	0	0	0	0	0	0
MV-4128_S29__NODE_254_length_19973_cov_14.081584	1	19973	0	0	0	0	0	0
Biragzang__NODE_251_length_19959_cov_9.339630	1	19959	0	0	0	0	0	0
MV-4122_S12__NODE_686_length_19957_cov_29.917044	1	19957	0	0	0	0	0	0
MV-4128_S29__NODE_256_length_19953_cov_27.238014	1	19953	0	0	0	0	0	0
MV-4122_S12__NODE_687_length_19940_cov_52.867438	1	19940	0	0	0	0	0	0
cell-4122-0-44_S10__NODE_61_length_19914_cov_21.162949	1	19914	0	0	0	0	0	0
Biragzang__NODE_253_length_19894_cov_10.887646	1	19894	0	0	0	0	0	0
MV-4122_S12__NODE_689_length_19885_cov_76.946899	1	19885	0	0	0	0	0	0
MV-4125_S18__NODE_486_length_19867_cov_32.012013	1	19867	0	0	0	0	0	0
MV-4128_S29__NODE_257_length_19857_cov_14.526916	1	19857	0	0	0	0	0	0
Biragzang__NODE_256_length_19856_cov_11.379627	1	19856	0	0	0	0	0	0
MV-4125_S18__NODE_487_length_19844_cov_19.499065	1	19844	0	0	0	0	0	0
Biragzang__NODE_258_length_19843_cov_11.013392	1	19843	0	0	0	0	0	0
Biragzang__NODE_260_length_19819_cov_31.474347	1	19819	0	0	0	0	0	0
MV-4122_S12__NODE_691_length_19802_cov_26.363245	1	19802	0	0	0	0	0	0
MV-4122_S12__NODE_692_length_19794_cov_25.312073	1	19794	0	0	0	0	0	0
cell-4122-0-44_S10__NODE_62_length_19794_cov_40.969198	1	19794	0	0	0	0	0	0
MV-4125_S18__NODE_489_length_19772_cov_47.525739	1	19772	0	0	0	0	0	0
MV-4122_S12__NODE_694_length_19730_cov_27.038882	1	19730	0	0	0	0	0	0
MV-4128_S29__NODE_258_length_19668_cov_25.770968	1	19668	0	0	0	0	0	0
MV-4122_S12__NODE_695_length_19666_cov_42.432206	1	19666	0	0	0	0	0	0
MV-4122_S12__NODE_696_length_19658_cov_12.963730	1	19658	0	0	0	0	0	0
MV-4128_S29__NODE_259_length_19652_cov_12.936113	1	19652	0	0	0	0	0	0
MV-4122_S12__NODE_697_length_19649_cov_49.906196	1	19649	0	0	0	0	0	0
MV-4122_S12__NODE_698_length_19644_cov_15.965593	1	19644	0	0	0	0	0	0
MV-4122_S12__NODE_699_length_19643_cov_41.653053	1	19643	0	0	0	0	0	0
Biragzang__NODE_264_length_19619_cov_34.906512	1	19619	0	0	0	0	0	0
MV-4128_S29__NODE_260_length_19616_cov_25.712745	1	19616	0	0	0	0	0	0
MV-4125_S18__NODE_491_length_19611_cov_22.099458	1	19611	0	0	0	0	0	0
MV-4128_S29__NODE_261_length_19611_cov_17.218552	1	19611	0	0	0	0	0	0
Biragzang__NODE_265_length_19591_cov_10.692721	1	19591	0	0	0	0	0	0
MV-4122_S12__NODE_700_length_19576_cov_18.325444	1	19576	0	0	0	0	0	0
MV-4122_S12__NODE_701_length_19570_cov_31.315911	1	19570	0	0	0	0	0	0
MV-4122_S12__NODE_702_length_19564_cov_46.008816	1	19564	0	0	0	0	0	0
MV-4125_S18__NODE_493_length_19524_cov_11.586522	1	19524	0	0	0	0	0	0
Biragzang__NODE_267_length_19513_cov_45.131925	1	19513	0	0	0	0	0	0
MV-4122_S12__NODE_703_length_19511_cov_23.018400	1	19511	0	0	0	0	0	0
MV-4122_S12__NODE_704_length_19503_cov_38.503548	1	19503	0	0	0	0	0	0
MV-4128_S29__NODE_263_length_19499_cov_27.923678	1	19499	0	0	0	0	0	0
MV-4125_S18__NODE_494_length_19498_cov_25.343105	1	19498	0	0	0	0	0	0
MV-4125_S18__NODE_495_length_19491_cov_30.466454	1	19491	0	0	0	0	0	0
MV-4122_S12__NODE_705_length_19479_cov_25.519049	1	19479	0	0	0	0	0	0
MV-4128_S29__NODE_264_length_19477_cov_23.086345	1	19477	0	0	0	0	0	0
MV-4122_S12__NODE_706_length_19472_cov_6.555184	1	19472	0	0	0	0	0	0
MV-4128_S29__NODE_265_length_19466_cov_15.232755	1	19466	0	0	0	0	0	0
MV-4125_S18__NODE_496_length_19461_cov_56.386994	1	19461	0	0	0	0	0	0
MV-4122_S12__NODE_707_length_19458_cov_25.869144	1	19458	0	0	0	0	0	0
MV-4128_S29__NODE_266_length_19455_cov_17.751186	1	19455	0	0	0	0	0	0
MV-4122_S12__NODE_708_length_19446_cov_12.498479	1	19446	0	0	0	0	0	0
Biragzang__NODE_269_length_19438_cov_11.467214	1	19438	0	0	0	0	0	0
MV-4125_S18__NODE_497_length_19430_cov_20.774400	1	19430	0	0	0	0	0	0
MV-4125_S18__NODE_498_length_19421_cov_22.598110	1	19421	0	0	0	0	0	0
MV-4125_S18__NODE_499_length_19406_cov_12.776652	1	19406	0	0	0	0	0	0
MV-4122_S12__NODE_711_length_19347_cov_215.702364	1	19347	0	0	0	0	0	0
MV-4122_S12__NODE_712_length_19345_cov_34.785122	1	19345	0	0	0	0	0	0
cell-4122-0-44_S10__NODE_63_length_19337_cov_11.651800	1	19337	0	0	0	0	0	0
MV-4128_S29__NODE_267_length_19332_cov_26.658972	1	19332	0	0	0	0	0	0
MV-4125_S18__NODE_502_length_19329_cov_24.760247	1	19329	0	0	0	0	0	0
MV-4128_S29__NODE_268_length_19321_cov_15.459981	1	19321	0	0	0	0	0	0
MV-4122_S12__NODE_713_length_19301_cov_11.597683	1	19301	0	0	0	0	0	0
MV-4128_S29__NODE_269_length_19285_cov_14.159750	1	19285	0	0	0	0	0	0
MV-4122_S12__NODE_716_length_19268_cov_30.342268	1	19268	0	0	0	0	0	0
MV-4122_S12__NODE_717_length_19264_cov_47.663179	1	19264	0	0	0	0	0	0
MV-4125_S18__NODE_503_length_19253_cov_27.609907	1	19253	0	0	0	0	0	0
MV-4125_S18__NODE_505_length_19234_cov_20.900725	1	19234	0	0	0	0	0	0
Biragzang__NODE_271_length_19218_cov_10.803006	1	19218	0	0	0	0	0	0
MV-4122_S12__NODE_721_length_19177_cov_22.577084	1	19177	0	0	0	0	0	0
cell-4125-0-44_S16__NODE_14_length_19160_cov_7.187019	1	19160	0	0	0	0	0	0
MV-4128_S29__NODE_272_length_19153_cov_28.398262	1	19153	0	0	0	0	0	0
MV-4122_S12__NODE_723_length_19136_cov_25.906766	1	19136	0	0	0	0	0	0
MV-4128_S29__NODE_273_length_19120_cov_446.092316	1	19120	0	0	0	0	0	0
MV-4122_S12__NODE_724_length_19116_cov_27.849064	1	19116	0	0	0	0	0	0
MV-4128_S29__NODE_274_length_19102_cov_26.488791	1	19102	0	0	0	0	0	0
MV-4122_S12__NODE_726_length_19069_cov_11.755812	1	19069	0	0	0	0	0	0
MV-4125_S18__NODE_509_length_19056_cov_16.120046	1	19056	0	0	0	0	0	0
MV-4122_S12__NODE_727_length_19048_cov_53.204286	1	19048	0	0	0	0	0	0
MV-4122_S12__NODE_728_length_19048_cov_27.702943	1	19048	0	0	0	0	0	0
MV-4128_S29__NODE_275_length_19037_cov_28.588505	1	19037	0	0	0	0	0	0
Biragzang__NODE_280_length_19026_cov_10.357335	1	19026	0	0	0	0	0	0
Biragzang__NODE_281_length_18968_cov_45.935864	1	18968	0	0	0	0	0	0
MV-4125_S18__NODE_515_length_18956_cov_18.418814	1	18956	0	0	0	0	0	0
Biragzang__NODE_282_length_18953_cov_40.309027	1	18953	0	0	0	0	0	0
MV-4122_S12__NODE_729_length_18952_cov_41.591575	1	18952	0	0	0	0	0	0
MV-4122_S12__NODE_730_length_18945_cov_31.948968	1	18945	0	0	0	0	0	0
MV-4122_S12__NODE_731_length_18941_cov_32.150058	1	18941	0	0	0	0	0	0
MV-4128_S29__NODE_276_length_18903_cov_12.885293	1	18903	0	0	0	0	0	0
Biragzang__NODE_285_length_18892_cov_10.483092	1	18892	0	0	0	0	0	0
MV-4125_S18__NODE_517_length_18886_cov_26.721204	1	18886	0	0	0	0	0	0
cell-4122-0-44_S10__NODE_64_length_18884_cov_90.680387	1	18884	0	0	0	0	0	0
MV-4122_S12__NODE_732_length_18868_cov_27.210333	1	18868	0	0	0	0	0	0
MV-4128_S29__NODE_278_length_18849_cov_24.721826	1	18849	0	0	0	0	0	0
MV-4128_S29__NODE_279_length_18840_cov_13.361991	1	18840	0	0	0	0	0	0
MV-4122_S12__NODE_733_length_18834_cov_8.730550	1	18834	0	0	0	0	0	0
Biragzang__NODE_286_length_18833_cov_34.928746	1	18833	0	0	0	0	0	0
MV-4125_S18__NODE_520_length_18828_cov_38.453577	1	18828	0	0	0	0	0	0
MV-4122_S12__NODE_734_length_18821_cov_12.718320	1	18821	0	0	0	0	0	0
MV-4125_S18__NODE_521_length_18815_cov_22.596802	1	18815	0	0	0	0	0	0
MV-4128_S29__NODE_280_length_18806_cov_23.872967	1	18806	0	0	0	0	0	0
MV-4125_S18__NODE_523_length_18801_cov_19.978342	1	18801	0	0	0	0	0	0
MV-4122_S12__NODE_735_length_18792_cov_8.973902	1	18792	0	0	0	0	0	0
MV-4122_S12__NODE_736_length_18762_cov_31.916502	1	18762	0	0	0	0	0	0
MV-4122_S12__NODE_737_length_18750_cov_24.797325	1	18750	0	0	0	0	0	0
MV-4128_S29__NODE_282_length_18743_cov_25.481057	1	18743	0	0	0	0	0	0
MV-4128_S29__NODE_283_length_18740_cov_16.329195	1	18740	0	0	0	0	0	0
cell-4122-0-44_S10__NODE_65_length_18724_cov_46.101398	1	18724	0	0	0	0	0	0
cell-4122-0-44_S10__NODE_66_length_18712_cov_40.598703	1	18712	0	0	0	0	0	0
MV-4128_S29__NODE_284_length_18705_cov_23.972922	1	18705	0	0	0	0	0	0
MV-4125_S18__NODE_525_length_18692_cov_23.038740	1	18692	0	0	0	0	0	0
MV-4128_S29__NODE_285_length_18689_cov_16.116507	1	18689	0	0	0	0	0	0
MV-4128_S29__NODE_286_length_18684_cov_12.457190	1	18684	0	0	0	0	0	0
Biragzang__NODE_288_length_18683_cov_11.233734	1	18683	0	0	0	0	0	0
Biragzang__NODE_289_length_18649_cov_10.674680	1	18649	0	0	0	0	0	0
Biragzang__NODE_290_length_18632_cov_58.195241	1	18632	0	0	0	0	0	0
MV-4122_S12__NODE_740_length_18606_cov_37.056493	1	18606	0	0	0	0	0	0
MV-4122_S12__NODE_741_length_18600_cov_25.287894	1	18600	0	0	0	0	0	0
Biragzang__NODE_291_length_18593_cov_53.871022	1	18593	0	0	0	0	0	0
MV-4125_S18__NODE_528_length_18566_cov_74.212954	1	18566	0	0	0	0	0	0
MV-4125_S18__NODE_529_length_18564_cov_24.621535	1	18564	0	0	0	0	0	0
MV-4122_S12__NODE_743_length_18529_cov_23.624175	1	18529	0	0	0	0	0	0
MV-4128_S29__NODE_287_length_18528_cov_27.118984	1	18528	0	0	0	0	0	0
MV-4125_S18__NODE_530_length_18526_cov_22.160630	1	18526	0	0	0	0	0	0
Biragzang__NODE_293_length_18517_cov_41.852508	1	18517	0	0	0	0	0	0
MV-4122_S12__NODE_744_length_18517_cov_33.922219	1	18517	0	0	0	0	0	0
MV-4122_S12__NODE_745_length_18513_cov_23.395113	1	18513	0	0	0	0	0	0
cell-4122-0-44_S10__NODE_67_length_18506_cov_13.763753	1	18506	0	0	0	0	0	0
Biragzang__NODE_294_length_18473_cov_40.588663	1	18473	0	0	0	0	0	0
MV-4122_S12__NODE_746_length_18472_cov_12.082641	1	18472	0	0	0	0	0	0
MV-4128_S29__NODE_289_length_18465_cov_15.586095	1	18465	0	0	0	0	0	0
MV-4122_S12__NODE_748_length_18459_cov_11.129754	1	18459	0	0	0	0	0	0
MV-4128_S29__NODE_290_length_18451_cov_14.353338	1	18451	0	0	0	0	0	0
MV-4122_S12__NODE_749_length_18446_cov_26.353107	1	18446	0	0	0	0	0	0
MV-4122_S12__NODE_750_length_18433_cov_38.217924	1	18433	0	0	0	0	0	0
MV-4128_S29__NODE_291_length_18426_cov_11.737576	1	18426	0	0	0	0	0	0
MV-4122_S12__NODE_751_length_18423_cov_49.913491	1	18423	0	0	0	0	0	0
MV-4122_S12__NODE_752_length_18388_cov_21.025910	1	18388	0	0	0	0	0	0
MV-4122_S12__NODE_753_length_18367_cov_43.724498	1	18367	0	0	0	0	0	0
cell-4122-0-44_S10__NODE_68_length_18350_cov_12.917628	1	18350	0	0	0	0	0	0
Biragzang__NODE_297_length_18344_cov_43.541746	1	18344	0	0	0	0	0	0
MV-4122_S12__NODE_755_length_18314_cov_41.561477	1	18314	0	0	0	0	0	0
MV-4125_S18__NODE_536_length_18311_cov_71.360320	1	18311	0	0	0	0	0	0
MV-4125_S18__NODE_537_length_18311_cov_22.183775	1	18311	0	0	0	0	0	0
MV-4122_S12__NODE_757_length_18290_cov_22.681053	1	18290	0	0	0	0	0	0
Biragzang__NODE_302_length_18270_cov_10.879824	1	18270	0	0	0	0	0	0
MV-4122_S12__NODE_758_length_18263_cov_21.641916	1	18263	0	0	0	0	0	0
MV-4122_S12__NODE_759_length_18261_cov_12.769581	1	18261	0	0	0	0	0	0
Biragzang__NODE_303_length_18257_cov_10.243160	1	18257	0	0	0	0	0	0
MV-4122_S12__NODE_760_length_18233_cov_43.147046	1	18233	0	0	0	0	0	0
MV-4128_S29__NODE_293_length_18214_cov_15.261799	1	18214	0	0	0	0	0	0
MV-4125_S18__NODE_539_length_18173_cov_22.106414	1	18173	0	0	0	0	0	0
MV-4122_S12__NODE_761_length_18154_cov_24.159512	1	18154	0	0	0	0	0	0
MV-4122_S12__NODE_762_length_18137_cov_26.342219	1	18137	0	0	0	0	0	0
MV-4128_S29__NODE_295_length_18137_cov_25.605906	1	18137	0	0	0	0	0	0
Biragzang__NODE_305_length_18121_cov_46.121001	1	18121	0	0	0	0	0	0
Biragzang__NODE_307_length_18100_cov_47.378886	1	18100	0	0	0	0	0	0
MV-4128_S29__NODE_296_length_18091_cov_29.457529	1	18091	0	0	0	0	0	0
MV-4128_S29__NODE_297_length_18035_cov_25.085150	1	18035	0	0	0	0	0	0
MV-4128_S29__NODE_298_length_18035_cov_19.279811	1	18035	0	0	0	0	0	0
MV-4122_S12__NODE_766_length_18032_cov_50.109084	1	18032	0	0	0	0	0	0
MV-4122_S12__NODE_767_length_18031_cov_12.216455	1	18031	0	0	0	0	0	0
MV-4125_S18__NODE_545_length_18017_cov_22.036911	1	18017	0	0	0	0	0	0
MV-4128_S29__NODE_299_length_18016_cov_29.699126	1	18016	0	0	0	0	0	0
MV-4122_S12__NODE_768_length_18011_cov_31.026342	1	18011	0	0	0	0	0	0
MV-4122_S12__NODE_769_length_18001_cov_27.625209	1	18001	0	0	0	0	0	0
Biragzang__NODE_308_length_17999_cov_44.398295	1	17999	0	0	0	0	0	0
MV-4128_S29__NODE_300_length_17976_cov_26.204230	1	17976	0	0	0	0	0	0
MV-4122_S12__NODE_770_length_17974_cov_6.495954	1	17974	0	0	0	0	0	0
MV-4125_S18__NODE_546_length_17974_cov_20.267147	1	17974	0	0	0	0	0	0
MV-4128_S29__NODE_301_length_17945_cov_26.314477	1	17945	0	0	0	0	0	0
MV-4122_S12__NODE_772_length_17928_cov_28.762323	1	17928	0	0	0	0	0	0
MV-4125_S18__NODE_547_length_17923_cov_24.172375	1	17923	0	0	0	0	0	0
MV-4128_S29__NODE_302_length_17911_cov_16.449485	1	17911	0	0	0	0	0	0
MV-4128_S29__NODE_303_length_17906_cov_23.572125	1	17906	0	0	0	0	0	0
MV-4128_S29__NODE_304_length_17903_cov_25.966383	1	17903	0	0	0	0	0	0
MV-4125_S18__NODE_548_length_17888_cov_23.422139	1	17888	0	0	0	0	0	0
MV-4122_S12__NODE_775_length_17877_cov_8.626192	1	17877	0	0	0	0	0	0
cell-4122-0-44_S10__NODE_69_length_17866_cov_14.281118	1	17866	0	0	0	0	0	0
MV-4125_S18__NODE_549_length_17838_cov_20.396896	1	17838	0	0	0	0	0	0
Biragzang__NODE_313_length_17823_cov_50.924752	1	17823	0	0	0	0	0	0
MV-4125_S18__NODE_550_length_17823_cov_24.397006	1	17823	0	0	0	0	0	0
MV-4122_S12__NODE_777_length_17815_cov_11.432770	1	17815	0	0	0	0	0	0
Biragzang__NODE_314_length_17800_cov_10.593801	1	17800	0	0	0	0	0	0
MV-4125_S18__NODE_552_length_17793_cov_22.841414	1	17793	0	0	0	0	0	0
MV-4125_S18__NODE_553_length_17760_cov_27.402316	1	17760	0	0	0	0	0	0
Biragzang__NODE_315_length_17758_cov_33.112354	1	17758	0	0	0	0	0	0
MV-4122_S12__NODE_778_length_17757_cov_46.005141	1	17757	0	0	0	0	0	0
MV-4125_S18__NODE_554_length_17755_cov_26.249209	1	17755	0	0	0	0	0	0
MV-4128_S29__NODE_306_length_17753_cov_22.204486	1	17753	0	0	0	0	0	0
MV-4128_S29__NODE_307_length_17749_cov_17.050243	1	17749	0	0	0	0	0	0
MV-4128_S29__NODE_308_length_17745_cov_15.452968	1	17745	0	0	0	0	0	0
MV-4128_S29__NODE_309_length_17738_cov_23.929933	1	17738	0	0	0	0	0	0
MV-4128_S29__NODE_310_length_17722_cov_24.957661	1	17722	0	0	0	0	0	0
MV-4125_S18__NODE_557_length_17717_cov_15.314347	1	17717	0	0	0	0	0	0
Biragzang__NODE_318_length_17702_cov_34.356831	1	17702	0	0	0	0	0	0
Biragzang__NODE_319_length_17693_cov_53.322032	1	17693	0	0	0	0	0	0
MV-4125_S18__NODE_560_length_17688_cov_16.352464	1	17688	0	0	0	0	0	0
MV-4128_S29__NODE_311_length_17672_cov_15.257195	1	17672	0	0	0	0	0	0
MV-4128_S29__NODE_312_length_17664_cov_15.446931	1	17664	0	0	0	0	0	0
Biragzang__NODE_320_length_17647_cov_11.298033	1	17647	0	0	0	0	0	0
MV-4128_S29__NODE_314_length_17636_cov_14.566748	1	17636	0	0	0	0	0	0
MV-4122_S12__NODE_781_length_17630_cov_23.380313	1	17630	0	0	0	0	0	0
MV-4128_S29__NODE_315_length_17622_cov_26.766892	1	17622	0	0	0	0	0	0
Biragzang__NODE_322_length_17621_cov_11.565638	1	17621	0	0	0	0	0	0
MV-4122_S12__NODE_782_length_17618_cov_21.663725	1	17618	0	0	0	0	0	0
cell-4122-0-44_S10__NODE_70_length_17603_cov_53.994073	1	17603	0	0	0	0	0	0
MV-4128_S29__NODE_316_length_17598_cov_12.798552	1	17598	0	0	0	0	0	0
MV-4122_S12__NODE_784_length_17582_cov_26.191932	1	17582	0	0	0	0	0	0
MV-4128_S29__NODE_317_length_17577_cov_16.273314	1	17577	0	0	0	0	0	0
Biragzang__NODE_323_length_17563_cov_6.317226	1	17563	0	0	0	0	0	0
MV-4128_S29__NODE_318_length_17563_cov_11.607779	1	17563	0	0	0	0	0	0
Biragzang__NODE_324_length_17551_cov_42.309042	1	17551	0	0	0	0	0	0
MV-4128_S29__NODE_319_length_17533_cov_27.765076	1	17533	0	0	0	0	0	0
MV-4122_S12__NODE_787_length_17519_cov_36.132730	1	17519	0	0	0	0	0	0
MV-4122_S12__NODE_788_length_17516_cov_12.523166	1	17516	0	0	0	0	0	0
MV-4122_S12__NODE_789_length_17503_cov_40.681339	1	17503	0	0	0	0	0	0
cell-4122-0-44_S10__NODE_71_length_17503_cov_39.291323	1	17503	0	0	0	0	0	0
MV-4125_S18__NODE_565_length_17495_cov_18.413933	1	17495	0	0	0	0	0	0
MV-4122_S12__NODE_790_length_17457_cov_9.180669	1	17457	0	0	0	0	0	0
MV-4125_S18__NODE_567_length_17457_cov_22.239053	1	17457	0	0	0	0	0	0
Biragzang__NODE_326_length_17432_cov_11.634920	1	17432	0	0	0	0	0	0
cell-4122-0-44_S10__NODE_72_length_17429_cov_30.974445	1	17429	0	0	0	0	0	0
MV-4122_S12__NODE_791_length_17428_cov_44.641973	1	17428	0	0	0	0	0	0
MV-4122_S12__NODE_792_length_17395_cov_44.247578	1	17395	0	0	0	0	0	0
MV-4122_S12__NODE_793_length_17379_cov_23.482625	1	17379	0	0	0	0	0	0
MV-4122_S12__NODE_794_length_17376_cov_26.975579	1	17376	0	0	0	0	0	0
MV-4125_S18__NODE_568_length_17367_cov_21.334161	1	17367	0	0	0	0	0	0
MV-4122_S12__NODE_795_length_17346_cov_9.796657	1	17346	0	0	0	0	0	0
MV-4122_S12__NODE_796_length_17333_cov_38.897037	1	17333	0	0	0	0	0	0
MV-4128_S29__NODE_321_length_17313_cov_24.737977	1	17313	0	0	0	0	0	0
MV-4122_S12__NODE_797_length_17299_cov_29.366968	1	17299	0	0	0	0	0	0
Biragzang__NODE_333_length_17278_cov_51.717703	1	17278	0	0	0	0	0	0
MV-4125_S18__NODE_572_length_17270_cov_63.372001	1	17270	0	0	0	0	0	0
MV-4122_S12__NODE_799_length_17254_cov_42.001395	1	17254	0	0	0	0	0	0
MV-4122_S12__NODE_800_length_17243_cov_34.547068	1	17243	0	0	0	0	0	0
MV-4122_S12__NODE_801_length_17223_cov_25.720643	1	17223	0	0	0	0	0	0
MV-4125_S18__NODE_574_length_17220_cov_7.093155	1	17220	0	0	0	0	0	0
MV-4128_S29__NODE_323_length_17207_cov_23.336287	1	17207	0	0	0	0	0	0
MV-4128_S29__NODE_324_length_17200_cov_18.896063	1	17200	0	0	0	0	0	0
MV-4122_S12__NODE_802_length_17193_cov_30.430680	1	17193	0	0	0	0	0	0
Biragzang__NODE_336_length_17176_cov_49.013375	1	17176	0	0	0	0	0	0
cell-4122-0-44_S10__NODE_73_length_17114_cov_13.333607	1	17114	0	0	0	0	0	0
MV-4128_S29__NODE_325_length_17107_cov_21.088318	1	17107	0	0	0	0	0	0
cell-4122-0-44_S10__NODE_74_length_17102_cov_15.465419	1	17102	0	0	0	0	0	0
MV-4122_S12__NODE_805_length_17091_cov_21.998885	1	17091	0	0	0	0	0	0
MV-4122_S12__NODE_806_length_17080_cov_11.019442	1	17080	0	0	0	0	0	0
MV-4128_S29__NODE_326_length_17069_cov_13.326320	1	17069	0	0	0	0	0	0
MV-4128_S29__NODE_327_length_17066_cov_15.761096	1	17066	0	0	0	0	0	0
Biragzang__NODE_340_length_17065_cov_41.621693	1	17065	0	0	0	0	0	0
MV-4128_S29__NODE_328_length_17058_cov_28.586720	1	17058	0	0	0	0	0	0
MV-4122_S12__NODE_807_length_17044_cov_11.088999	1	17044	0	0	0	0	0	0
Biragzang__NODE_341_length_17035_cov_54.764075	1	17035	0	0	0	0	0	0
MV-4122_S12__NODE_808_length_17034_cov_42.832322	1	17034	0	0	0	0	0	0
MV-4122_S12__NODE_809_length_17030_cov_10.091370	1	17030	0	0	0	0	0	0
MV-4122_S12__NODE_810_length_17028_cov_28.535380	1	17028	0	0	0	0	0	0
MV-4128_S29__NODE_329_length_17027_cov_25.729319	1	17027	0	0	0	0	0	0
MV-4122_S12__NODE_811_length_17002_cov_30.695167	1	17002	0	0	0	0	0	0
Biragzang__NODE_342_length_16995_cov_57.591204	1	16995	0	0	0	0	0	0
MV-4122_S12__NODE_812_length_16953_cov_43.923482	1	16953	0	0	0	0	0	0
MV-4125_S18__NODE_579_length_16952_cov_18.654140	1	16952	0	0	0	0	0	0
Biragzang__NODE_343_length_16942_cov_53.842246	1	16942	0	0	0	0	0	0
MV-4125_S18__NODE_580_length_16940_cov_18.315132	1	16940	0	0	0	0	0	0
MV-4125_S18__NODE_582_length_16931_cov_24.908272	1	16931	0	0	0	0	0	0
MV-4125_S18__NODE_583_length_16931_cov_24.370467	1	16931	0	0	0	0	0	0
Biragzang__NODE_344_length_16921_cov_6.109214	1	16921	0	0	0	0	0	0
cell-4122-0-44_S10__NODE_75_length_16920_cov_19.067536	1	16920	0	0	0	0	0	0
MV-4125_S18__NODE_584_length_16918_cov_18.593311	1	16918	0	0	0	0	0	0
MV-4125_S18__NODE_585_length_16907_cov_20.342867	1	16907	0	0	0	0	0	0
Biragzang__NODE_345_length_16893_cov_30.075900	1	16893	0	0	0	0	0	0
cell-4122-0-44_S10__NODE_76_length_16878_cov_12.158414	1	16878	0	0	0	0	0	0
MV-4128_S29__NODE_332_length_16865_cov_15.092623	1	16865	0	0	0	0	0	0
MV-4125_S18__NODE_589_length_16858_cov_25.049455	1	16858	0	0	0	0	0	0
cell-4122-0-44_S10__NODE_77_length_16858_cov_11.905374	1	16858	0	0	0	0	0	0
MV-4122_S12__NODE_813_length_16857_cov_18.491727	1	16857	0	0	0	0	0	0
MV-4122_S12__NODE_814_length_16852_cov_39.125082	1	16852	0	0	0	0	0	0
MV-4125_S18__NODE_591_length_16852_cov_22.669346	1	16852	0	0	0	0	0	0
cell-4122-0-22_S11__NODE_22_length_16824_cov_15.723180	1	16824	0	0	0	0	0	0
MV-4122_S12__NODE_815_length_16813_cov_27.688507	1	16813	0	0	0	0	0	0
MV-4122_S12__NODE_816_length_16771_cov_22.629696	1	16771	0	0	0	0	0	0
MV-4125_S18__NODE_593_length_16762_cov_34.307117	1	16762	0	0	0	0	0	0
Biragzang__NODE_346_length_16736_cov_33.623344	1	16736	0	0	0	0	0	0
MV-4122_S12__NODE_818_length_16720_cov_51.072667	1	16720	0	0	0	0	0	0
MV-4122_S12__NODE_819_length_16715_cov_10.777191	1	16715	0	0	0	0	0	0
MV-4122_S12__NODE_820_length_16710_cov_44.688082	1	16710	0	0	0	0	0	0
Biragzang__NODE_347_length_16708_cov_51.050081	1	16708	0	0	0	0	0	0
Biragzang__NODE_348_length_16706_cov_45.686205	1	16706	0	0	0	0	0	0
MV-4122_S12__NODE_822_length_16696_cov_24.379124	1	16696	0	0	0	0	0	0
cell-4122-0-44_S10__NODE_79_length_16668_cov_29.446518	1	16668	0	0	0	0	0	0
Biragzang__NODE_350_length_16651_cov_6.258014	1	16651	0	0	0	0	0	0
MV-4122_S12__NODE_824_length_16631_cov_10.014720	1	16631	0	0	0	0	0	0
MV-4122_S12__NODE_825_length_16614_cov_242.385047	1	16614	0	0	0	0	0	0
MV-4122_S12__NODE_827_length_16581_cov_8.773327	1	16581	0	0	0	0	0	0
MV-4128_S29__NODE_334_length_16560_cov_13.457074	1	16560	0	0	0	0	0	0
Biragzang__NODE_352_length_16554_cov_39.282441	1	16554	0	0	0	0	0	0
MV-4122_S12__NODE_828_length_16543_cov_32.653445	1	16543	0	0	0	0	0	0
MV-4125_S18__NODE_595_length_16511_cov_23.057547	1	16511	0	0	0	0	0	0
Biragzang__NODE_354_length_16489_cov_11.668675	1	16489	0	0	0	0	0	0
MV-4128_S29__NODE_335_length_16485_cov_23.189714	1	16485	0	0	0	0	0	0
Biragzang__NODE_355_length_16467_cov_44.712771	1	16467	0	0	0	0	0	0
MV-4122_S12__NODE_830_length_16466_cov_44.671379	1	16466	0	0	0	0	0	0
MV-4122_S12__NODE_831_length_16460_cov_12.623103	1	16460	0	0	0	0	0	0
MV-4125_S18__NODE_596_length_16459_cov_27.484333	1	16459	0	0	0	0	0	0
MV-4125_S18__NODE_597_length_16452_cov_8.030676	1	16452	0	0	0	0	0	0
MV-4122_S12__NODE_832_length_16437_cov_29.122207	1	16437	0	0	0	0	0	0
Biragzang__NODE_357_length_16427_cov_13.432507	1	16427	0	0	0	0	0	0
MV-4128_S29__NODE_337_length_16405_cov_17.407523	1	16405	0	0	0	0	0	0
Biragzang__NODE_360_length_16400_cov_44.688590	1	16400	0	0	0	0	0	0
MV-4122_S12__NODE_833_length_16395_cov_25.681701	1	16395	0	0	0	0	0	0
MV-4128_S29__NODE_338_length_16386_cov_13.078746	1	16386	0	0	0	0	0	0
MV-4128_S29__NODE_340_length_16369_cov_12.278166	1	16369	0	0	0	0	0	0
MV-4122_S12__NODE_834_length_16359_cov_26.972277	1	16359	0	0	0	0	0	0
cell-4122-0-44_S10__NODE_81_length_16357_cov_46.276162	1	16357	0	0	0	0	0	0
MV-4122_S12__NODE_835_length_16355_cov_48.027853	1	16355	0	0	0	0	0	0
MV-4128_S29__NODE_341_length_16352_cov_13.042523	1	16352	0	0	0	0	0	0
Biragzang__NODE_363_length_16339_cov_39.299803	1	16339	0	0	0	0	0	0
MV-4125_S18__NODE_601_length_16314_cov_17.125653	1	16314	0	0	0	0	0	0
MV-4128_S29__NODE_342_length_16314_cov_21.788671	1	16314	0	0	0	0	0	0
MV-4122_S12__NODE_838_length_16304_cov_84.694258	1	16304	0	0	0	0	0	0
MV-4125_S18__NODE_602_length_16280_cov_7.018367	1	16280	0	0	0	0	0	0
MV-4122_S12__NODE_839_length_16272_cov_43.158661	1	16272	0	0	0	0	0	0
MV-4128_S29__NODE_343_length_16249_cov_21.687847	1	16249	0	0	0	0	0	0
cell-4122-0-44_S10__NODE_82_length_16245_cov_13.852934	1	16245	0	0	0	0	0	0
MV-4128_S29__NODE_344_length_16241_cov_24.210429	1	16241	0	0	0	0	0	0
Biragzang__NODE_366_length_16236_cov_55.659415	1	16236	0	0	0	0	0	0
MV-4122_S12__NODE_840_length_16236_cov_29.576911	1	16236	0	0	0	0	0	0
MV-4122_S12__NODE_841_length_16236_cov_21.167233	1	16236	0	0	0	0	0	0
MV-4125_S18__NODE_605_length_16216_cov_25.649712	1	16216	0	0	0	0	0	0
MV-4128_S29__NODE_346_length_16211_cov_12.545370	1	16211	0	0	0	0	0	0
MV-4122_S12__NODE_842_length_16205_cov_51.663220	1	16205	0	0	0	0	0	0
MV-4122_S12__NODE_843_length_16189_cov_11.843002	1	16189	0	0	0	0	0	0
MV-4125_S18__NODE_606_length_16186_cov_17.402207	1	16186	0	0	0	0	0	0
Biragzang__NODE_368_length_16175_cov_11.760670	1	16175	0	0	0	0	0	0
MV-4125_S18__NODE_607_length_16173_cov_24.840861	1	16173	0	0	0	0	0	0
MV-4122_S12__NODE_844_length_16172_cov_45.630576	1	16172	0	0	0	0	0	0
cell-4122-0-44_S10__NODE_83_length_16171_cov_71.877451	1	16171	0	0	0	0	0	0
MV-4122_S12__NODE_845_length_16168_cov_8.638491	1	16168	0	0	0	0	0	0
cell-4122-0-44_S10__NODE_84_length_16168_cov_966.618817	1	16168	0	0	0	0	0	0
MV-4128_S29__NODE_347_length_16163_cov_12.252483	1	16163	0	0	0	0	0	0
MV-4125_S18__NODE_609_length_16153_cov_20.017766	1	16153	0	0	0	0	0	0
Biragzang__NODE_370_length_16151_cov_55.404945	1	16151	0	0	0	0	0	0
MV-4122_S12__NODE_846_length_16143_cov_28.500746	1	16143	0	0	0	0	0	0
MV-4122_S12__NODE_847_length_16142_cov_14.845154	1	16142	0	0	0	0	0	0
Biragzang__NODE_371_length_16136_cov_44.948386	1	16136	0	0	0	0	0	0
MV-4128_S29__NODE_348_length_16134_cov_16.424218	1	16134	0	0	0	0	0	0
Biragzang__NODE_372_length_16132_cov_12.450395	1	16132	0	0	0	0	0	0
MV-4122_S12__NODE_848_length_16131_cov_12.307539	1	16131	0	0	0	0	0	0
MV-4122_S12__NODE_849_length_16128_cov_10.882411	1	16128	0	0	0	0	0	0
MV-4125_S18__NODE_610_length_16126_cov_22.549810	1	16126	0	0	0	0	0	0
MV-4122_S12__NODE_852_length_16102_cov_24.874120	1	16102	0	0	0	0	0	0
MV-4122_S12__NODE_853_length_16100_cov_10.308694	1	16100	0	0	0	0	0	0
MV-4122_S12__NODE_854_length_16097_cov_13.038025	1	16097	0	0	0	0	0	0
MV-4125_S18__NODE_612_length_16070_cov_49.825414	1	16070	0	0	0	0	0	0
MV-4128_S29__NODE_349_length_16065_cov_14.256715	1	16065	0	0	0	0	0	0
Biragzang__NODE_374_length_16059_cov_81.080042	1	16059	0	0	0	0	0	0
MV-4122_S12__NODE_856_length_16053_cov_10.632954	1	16053	0	0	0	0	0	0
MV-4125_S18__NODE_614_length_16038_cov_17.304761	1	16038	0	0	0	0	0	0
MV-4122_S12__NODE_858_length_16008_cov_12.017614	1	16008	0	0	0	0	0	0
MV-4128_S29__NODE_350_length_16007_cov_28.855316	1	16007	0	0	0	0	0	0
MV-4122_S12__NODE_859_length_16001_cov_21.795685	1	16001	0	0	0	0	0	0
MV-4122_S12__NODE_860_length_15987_cov_9.805423	1	15987	0	0	0	0	0	0
MV-4125_S18__NODE_616_length_15981_cov_21.475323	1	15981	0	0	0	0	0	0
MV-4122_S12__NODE_861_length_15973_cov_43.222641	1	15973	0	0	0	0	0	0
MV-4128_S29__NODE_351_length_15971_cov_29.502765	1	15971	0	0	0	0	0	0
MV-4128_S29__NODE_352_length_15967_cov_13.947210	1	15967	0	0	0	0	0	0
MV-4128_S29__NODE_353_length_15959_cov_14.353999	1	15959	0	0	0	0	0	0
MV-4122_S12__NODE_862_length_15948_cov_31.419430	1	15948	0	0	0	0	0	0
MV-4122_S12__NODE_863_length_15931_cov_55.630008	1	15931	0	0	0	0	0	0
MV-4122_S12__NODE_864_length_15921_cov_13.422350	1	15921	0	0	0	0	0	0
MV-4125_S18__NODE_620_length_15906_cov_23.471579	1	15906	0	0	0	0	0	0
MV-4125_S18__NODE_621_length_15906_cov_14.010599	1	15906	0	0	0	0	0	0
MV-4128_S29__NODE_355_length_15904_cov_15.082592	1	15904	0	0	0	0	0	0
MV-4122_S12__NODE_867_length_15885_cov_11.806759	1	15885	0	0	0	0	0	0
MV-4125_S18__NODE_623_length_15879_cov_6.505056	1	15879	0	0	0	0	0	0
MV-4125_S18__NODE_624_length_15871_cov_23.983498	1	15871	0	0	0	0	0	0
MV-4128_S29__NODE_356_length_15871_cov_11.026429	1	15871	0	0	0	0	0	0
MV-4122_S12__NODE_868_length_15865_cov_245.625237	1	15865	0	0	0	0	0	0
cell-4122-0-44_S10__NODE_85_length_15855_cov_57.819747	1	15855	0	0	0	0	0	0
MV-4122_S12__NODE_870_length_15850_cov_21.346692	1	15850	0	0	0	0	0	0
MV-4128_S29__NODE_357_length_15822_cov_22.339380	1	15822	0	0	0	0	0	0
MV-4122_S12__NODE_872_length_15801_cov_25.882891	1	15801	0	0	0	0	0	0
MV-4125_S18__NODE_627_length_15795_cov_22.020267	1	15795	0	0	0	0	0	0
MV-4122_S12__NODE_873_length_15794_cov_24.670500	1	15794	0	0	0	0	0	0
MV-4128_S29__NODE_358_length_15794_cov_15.998412	1	15794	0	0	0	0	0	0
MV-4128_S29__NODE_359_length_15790_cov_13.053321	1	15790	0	0	0	0	0	0
MV-4122_S12__NODE_874_length_15784_cov_236.558141	1	15784	0	0	0	0	0	0
MV-4122_S12__NODE_875_length_15783_cov_9.318095	1	15783	0	0	0	0	0	0
MV-4128_S29__NODE_360_length_15780_cov_24.428744	1	15780	0	0	0	0	0	0
cell-4125-0-44_S16__NODE_19_length_15780_cov_11.480064	1	15780	0	0	0	0	0	0
MV-4125_S18__NODE_628_length_15775_cov_26.970611	1	15775	0	0	0	0	0	0
MV-4128_S29__NODE_362_length_15775_cov_13.741476	1	15775	0	0	0	0	0	0
MV-4122_S12__NODE_876_length_15762_cov_25.486853	1	15762	0	0	0	0	0	0
Biragzang__NODE_379_length_15739_cov_10.182288	1	15739	0	0	0	0	0	0
MV-4128_S29__NODE_363_length_15733_cov_14.203215	1	15733	0	0	0	0	0	0
MV-4128_S29__NODE_364_length_15728_cov_14.230715	1	15728	0	0	0	0	0	0
MV-4128_S29__NODE_365_length_15723_cov_14.002298	1	15723	0	0	0	0	0	0
MV-4128_S29__NODE_366_length_15715_cov_25.282184	1	15715	0	0	0	0	0	0
Biragzang__NODE_381_length_15710_cov_14.902843	1	15710	0	0	0	0	0	0
MV-4128_S29__NODE_367_length_15706_cov_24.826145	1	15706	0	0	0	0	0	0
MV-4125_S18__NODE_632_length_15701_cov_7.106289	1	15701	0	0	0	0	0	0
MV-4122_S12__NODE_877_length_15697_cov_29.174210	1	15697	0	0	0	0	0	0
MV-4125_S18__NODE_633_length_15696_cov_22.559747	1	15696	0	0	0	0	0	0
Biragzang__NODE_382_length_15680_cov_11.125824	1	15680	0	0	0	0	0	0
MV-4128_S29__NODE_368_length_15669_cov_31.398232	1	15669	0	0	0	0	0	0
MV-4128_S29__NODE_369_length_15662_cov_27.585635	1	15662	0	0	0	0	0	0
Biragzang__NODE_383_length_15661_cov_49.958926	1	15661	0	0	0	0	0	0
MV-4122_S12__NODE_878_length_15643_cov_27.334745	1	15643	0	0	0	0	0	0
MV-4122_S12__NODE_879_length_15641_cov_10.043116	1	15641	0	0	0	0	0	0
MV-4122_S12__NODE_880_length_15639_cov_37.143930	1	15639	0	0	0	0	0	0
cell-4125-0-44_S16__NODE_21_length_15637_cov_11.047170	1	15637	0	0	0	0	0	0
Biragzang__NODE_387_length_15635_cov_9.734596	1	15635	0	0	0	0	0	0
MV-4128_S29__NODE_370_length_15632_cov_12.017076	1	15632	0	0	0	0	0	0
cell-4122-0-44_S10__NODE_86_length_15629_cov_66.384808	1	15629	0	0	0	0	0	0
MV-4125_S18__NODE_634_length_15628_cov_21.200989	1	15628	0	0	0	0	0	0
MV-4128_S29__NODE_371_length_15622_cov_14.755573	1	15622	0	0	0	0	0	0
MV-4128_S29__NODE_372_length_15616_cov_36.663325	1	15616	0	0	0	0	0	0
MV-4128_S29__NODE_373_length_15600_cov_28.301254	1	15600	0	0	0	0	0	0
MV-4128_S29__NODE_374_length_15581_cov_31.871184	1	15581	0	0	0	0	0	0
Biragzang__NODE_389_length_15578_cov_11.494170	1	15578	0	0	0	0	0	0
MV-4125_S18__NODE_636_length_15578_cov_10.995942	1	15578	0	0	0	0	0	0
MV-4128_S29__NODE_375_length_15570_cov_16.956043	1	15570	0	0	0	0	0	0
MV-4122_S12__NODE_882_length_15568_cov_24.986721	1	15568	0	0	0	0	0	0
MV-4122_S12__NODE_883_length_15564_cov_21.804243	1	15564	0	0	0	0	0	0
cell-4122-0-44_S10__NODE_87_length_15564_cov_16.607841	1	15564	0	0	0	0	0	0
MV-4125_S18__NODE_637_length_15561_cov_31.257191	1	15561	0	0	0	0	0	0
MV-4125_S18__NODE_638_length_15554_cov_7.448610	1	15554	0	0	0	0	0	0
MV-4125_S18__NODE_639_length_15552_cov_8.676583	1	15552	0	0	0	0	0	0
MV-4122_S12__NODE_884_length_15548_cov_24.970955	1	15548	0	0	0	0	0	0
MV-4122_S12__NODE_885_length_15545_cov_34.414074	1	15545	0	0	0	0	0	0
cell-4122-0-44_S10__NODE_88_length_15526_cov_270.121841	1	15526	0	0	0	0	0	0
MV-4122_S12__NODE_886_length_15523_cov_24.845681	1	15523	0	0	0	0	0	0
MV-4125_S18__NODE_640_length_15523_cov_7.874709	1	15523	0	0	0	0	0	0
MV-4125_S18__NODE_641_length_15519_cov_23.974845	1	15519	0	0	0	0	0	0
MV-4128_S29__NODE_376_length_15500_cov_23.452120	1	15500	0	0	0	0	0	0
MV-4125_S18__NODE_642_length_15490_cov_23.907613	1	15490	0	0	0	0	0	0
MV-4125_S18__NODE_643_length_15484_cov_20.856634	1	15484	0	0	0	0	0	0
MV-4122_S12__NODE_887_length_15483_cov_77.281436	1	15483	0	0	0	0	0	0
MV-4122_S12__NODE_889_length_15468_cov_11.602478	1	15468	0	0	0	0	0	0
MV-4125_S18__NODE_644_length_15466_cov_22.277529	1	15466	0	0	0	0	0	0
MV-4125_S18__NODE_645_length_15459_cov_7.274344	1	15459	0	0	0	0	0	0
MV-4128_S29__NODE_377_length_15458_cov_13.528533	1	15458	0	0	0	0	0	0
Biragzang__NODE_394_length_15450_cov_42.228970	1	15450	0	0	0	0	0	0
MV-4122_S12__NODE_892_length_15417_cov_35.982750	1	15417	0	0	0	0	0	0
MV-4122_S12__NODE_893_length_15416_cov_12.769091	1	15416	0	0	0	0	0	0
MV-4128_S29__NODE_378_length_15416_cov_23.430831	1	15416	0	0	0	0	0	0
Biragzang__NODE_395_length_15413_cov_23.769762	1	15413	0	0	0	0	0	0
MV-4122_S12__NODE_894_length_15406_cov_39.129438	1	15406	0	0	0	0	0	0
MV-4122_S12__NODE_896_length_15399_cov_41.406739	1	15399	0	0	0	0	0	0
MV-4128_S29__NODE_379_length_15396_cov_15.515155	1	15396	0	0	0	0	0	0
MV-4122_S12__NODE_897_length_15393_cov_12.058156	1	15393	0	0	0	0	0	0
Biragzang__NODE_398_length_15391_cov_5.657212	1	15391	0	0	0	0	0	0
MV-4128_S29__NODE_380_length_15386_cov_25.005675	1	15386	0	0	0	0	0	0
MV-4122_S12__NODE_898_length_15376_cov_30.653352	1	15376	0	0	0	0	0	0
MV-4128_S29__NODE_381_length_15372_cov_32.757394	1	15372	0	0	0	0	0	0
MV-4128_S29__NODE_382_length_15367_cov_26.057471	1	15367	0	0	0	0	0	0
MV-4122_S12__NODE_900_length_15353_cov_29.463002	1	15353	0	0	0	0	0	0
MV-4128_S29__NODE_383_length_15352_cov_24.733216	1	15352	0	0	0	0	0	0
MV-4122_S12__NODE_901_length_15312_cov_28.312643	1	15312	0	0	0	0	0	0
MV-4128_S29__NODE_384_length_15305_cov_15.418754	1	15305	0	0	0	0	0	0
MV-4125_S18__NODE_652_length_15298_cov_17.003018	1	15298	0	0	0	0	0	0
MV-4128_S29__NODE_385_length_15291_cov_15.441061	1	15291	0	0	0	0	0	0
MV-4125_S18__NODE_653_length_15290_cov_21.546702	1	15290	0	0	0	0	0	0
cell-4122-0-44_S10__NODE_89_length_15277_cov_411.056891	1	15277	0	0	0	0	0	0
MV-4125_S18__NODE_656_length_15264_cov_18.531527	1	15264	0	0	0	0	0	0
MV-4122_S12__NODE_902_length_15263_cov_42.163072	1	15263	0	0	0	0	0	0
Biragzang__NODE_404_length_15257_cov_36.314564	1	15257	0	0	0	0	0	0
MV-4125_S18__NODE_658_length_15249_cov_21.996643	1	15249	0	0	0	0	0	0
MV-4125_S18__NODE_660_length_15235_cov_20.920685	1	15235	0	0	0	0	0	0
MV-4122_S12__NODE_903_length_15232_cov_14.376293	1	15232	0	0	0	0	0	0
MV-4125_S18__NODE_662_length_15214_cov_19.977769	1	15214	0	0	0	0	0	0
cell-4122-0-44_S10__NODE_90_length_15214_cov_43.094531	1	15214	0	0	0	0	0	0
MV-4122_S12__NODE_905_length_15209_cov_10.799987	1	15209	0	0	0	0	0	0
cell-4122-0-44_S10__NODE_91_length_15197_cov_15.567626	1	15197	0	0	0	0	0	0
cell-4122-0-44_S10__NODE_92_length_15189_cov_45.314061	1	15189	0	0	0	0	0	0
MV-4122_S12__NODE_908_length_15180_cov_8.117620	1	15180	0	0	0	0	0	0
MV-4122_S12__NODE_910_length_15147_cov_25.446197	1	15147	0	0	0	0	0	0
MV-4122_S12__NODE_911_length_15138_cov_26.204734	1	15138	0	0	0	0	0	0
MV-4122_S12__NODE_912_length_15132_cov_7.625589	1	15132	0	0	0	0	0	0
cell-4122-0-44_S10__NODE_93_length_15126_cov_53.267467	1	15126	0	0	0	0	0	0
MV-4125_S18__NODE_666_length_15123_cov_24.953079	1	15123	0	0	0	0	0	0
cell-4122-0-44_S10__NODE_94_length_15121_cov_43.750299	1	15121	0	0	0	0	0	0
MV-4122_S12__NODE_914_length_15099_cov_218.845320	1	15099	0	0	0	0	0	0
cell-4122-0-44_S10__NODE_95_length_15084_cov_57.278462	1	15084	0	0	0	0	0	0
MV-4122_S12__NODE_915_length_15080_cov_36.547155	1	15080	0	0	0	0	0	0
MV-4125_S18__NODE_670_length_15058_cov_22.081050	1	15058	0	0	0	0	0	0
cell-4122-0-44_S10__NODE_96_length_15053_cov_15.445259	1	15053	0	0	0	0	0	0
MV-4128_S29__NODE_386_length_15050_cov_14.261887	1	15050	0	0	0	0	0	0
Biragzang__NODE_412_length_15048_cov_31.166278	1	15048	0	0	0	0	0	0
MV-4122_S12__NODE_916_length_15043_cov_12.835869	1	15043	0	0	0	0	0	0
MV-4122_S12__NODE_917_length_15034_cov_14.488417	1	15034	0	0	0	0	0	0
MV-4122_S12__NODE_918_length_15015_cov_46.009960	1	15015	0	0	0	0	0	0
MV-4125_S18__NODE_673_length_15014_cov_24.718497	1	15014	0	0	0	0	0	0
MV-4125_S18__NODE_674_length_15009_cov_7.415407	1	15009	0	0	0	0	0	0
MV-4125_S18__NODE_675_length_15007_cov_19.376873	1	15007	0	0	0	0	0	0
cell-4122-0-44_S10__NODE_97_length_15004_cov_19.253729	1	15004	0	0	0	0	0	0
MV-4125_S18__NODE_677_length_14999_cov_8.609074	1	14999	0	0	0	0	0	0
cell-4122-0-44_S10__NODE_98_length_14982_cov_692.056542	1	14982	0	0	0	0	0	0
Biragzang__NODE_417_length_14975_cov_12.632239	1	14975	0	0	0	0	0	0
MV-4125_S18__NODE_678_length_14966_cov_7.166186	1	14966	0	0	0	0	0	0
Biragzang__NODE_418_length_14965_cov_45.365929	1	14965	0	0	0	0	0	0
cell-4122-0-44_S10__NODE_99_length_14953_cov_72.454826	1	14953	0	0	0	0	0	0
Biragzang__NODE_420_length_14939_cov_69.328541	1	14939	0	0	0	0	0	0
cell-4122-0-44_S10__NODE_100_length_14938_cov_39.756232	1	14938	0	0	0	0	0	0
MV-4125_S18__NODE_679_length_14935_cov_11.622984	1	14935	0	0	0	0	0	0
MV-4122_S12__NODE_920_length_14926_cov_50.324457	1	14926	0	0	0	0	0	0
MV-4125_S18__NODE_680_length_14926_cov_20.036917	1	14926	0	0	0	0	0	0
MV-4122_S12__NODE_922_length_14912_cov_25.348994	1	14912	0	0	0	0	0	0
MV-4122_S12__NODE_923_length_14908_cov_64.098162	1	14908	0	0	0	0	0	0
MV-4122_S12__NODE_924_length_14907_cov_42.439402	1	14907	0	0	0	0	0	0
MV-4122_S12__NODE_925_length_14906_cov_13.435594	1	14906	0	0	0	0	0	0
Biragzang__NODE_423_length_14899_cov_11.538804	1	14899	0	0	0	0	0	0
cell-4122-0-22_S11__NODE_30_length_14885_cov_12.732771	1	14885	0	0	0	0	0	0
MV-4122_S12__NODE_926_length_14881_cov_11.897477	1	14881	0	0	0	0	0	0
MV-4128_S29__NODE_388_length_14876_cov_25.959247	1	14876	0	0	0	0	0	0
Biragzang__NODE_425_length_14874_cov_48.659559	1	14874	0	0	0	0	0	0
cell-4122-0-44_S10__NODE_102_length_14854_cov_565.979931	1	14854	0	0	0	0	0	0
MV-4122_S12__NODE_927_length_14840_cov_11.273656	1	14840	0	0	0	0	0	0
MV-4122_S12__NODE_928_length_14839_cov_20.241139	1	14839	0	0	0	0	0	0
MV-4122_S12__NODE_929_length_14836_cov_13.773493	1	14836	0	0	0	0	0	0
MV-4128_S29__NODE_389_length_14832_cov_15.730324	1	14832	0	0	0	0	0	0
cell-4122-0-44_S10__NODE_103_length_14805_cov_21.147254	1	14805	0	0	0	0	0	0
MV-4128_S29__NODE_390_length_14802_cov_16.700278	1	14802	0	0	0	0	0	0
MV-4128_S29__NODE_391_length_14790_cov_15.657550	1	14790	0	0	0	0	0	0
Biragzang__NODE_429_length_14789_cov_13.413058	1	14789	0	0	0	0	0	0
MV-4122_S12__NODE_930_length_14779_cov_28.636648	1	14779	0	0	0	0	0	0
Biragzang__NODE_431_length_14777_cov_54.302337	1	14777	0	0	0	0	0	0
MV-4122_S12__NODE_931_length_14772_cov_10.944962	1	14772	0	0	0	0	0	0
MV-4125_S18__NODE_684_length_14771_cov_6.927630	1	14771	0	0	0	0	0	0
MV-4128_S29__NODE_392_length_14766_cov_26.677996	1	14766	0	0	0	0	0	0
MV-4122_S12__NODE_932_length_14763_cov_32.752108	1	14763	0	0	0	0	0	0
MV-4128_S29__NODE_393_length_14761_cov_16.217462	1	14761	0	0	0	0	0	0
MV-4122_S12__NODE_933_length_14759_cov_39.123708	1	14759	0	0	0	0	0	0
MV-4125_S18__NODE_685_length_14759_cov_9.548150	1	14759	0	0	0	0	0	0
MV-4122_S12__NODE_934_length_14750_cov_20.579177	1	14750	0	0	0	0	0	0
MV-4122_S12__NODE_935_length_14743_cov_24.251566	1	14743	0	0	0	0	0	0
MV-4128_S29__NODE_394_length_14739_cov_23.519273	1	14739	0	0	0	0	0	0
MV-4122_S12__NODE_937_length_14732_cov_38.119711	1	14732	0	0	0	0	0	0
MV-4122_S12__NODE_938_length_14729_cov_10.440848	1	14729	0	0	0	0	0	0
cell-4125-0-44_S16__NODE_23_length_14728_cov_26.167110	1	14728	0	0	0	0	0	0
MV-4128_S29__NODE_395_length_14727_cov_24.921347	1	14727	0	0	0	0	0	0
MV-4125_S18__NODE_687_length_14723_cov_29.244001	1	14723	0	0	0	0	0	0
cell-4122-0-44_S10__NODE_104_length_14717_cov_14.692607	1	14717	0	0	0	0	0	0
Biragzang__NODE_433_length_14710_cov_34.098465	1	14710	0	0	0	0	0	0
MV-4125_S18__NODE_688_length_14702_cov_24.870895	1	14702	0	0	0	0	0	0
MV-4125_S18__NODE_689_length_14692_cov_18.388878	1	14692	0	0	0	0	0	0
Biragzang__NODE_434_length_14690_cov_13.984558	1	14690	0	0	0	0	0	0
MV-4128_S29__NODE_398_length_14688_cov_13.568236	1	14688	0	0	0	0	0	0
MV-4125_S18__NODE_690_length_14687_cov_22.542236	1	14687	0	0	0	0	0	0
cell-4122-0-44_S10__NODE_106_length_14680_cov_17.161915	1	14680	0	0	0	0	0	0
MV-4122_S12__NODE_939_length_14668_cov_10.746527	1	14668	0	0	0	0	0	0
Biragzang__NODE_435_length_14665_cov_10.238261	1	14665	0	0	0	0	0	0
Biragzang__NODE_436_length_14648_cov_49.845954	1	14648	0	0	0	0	0	0
MV-4125_S18__NODE_693_length_14642_cov_26.619730	1	14642	0	0	0	0	0	0
MV-4122_S12__NODE_941_length_14636_cov_11.009464	1	14636	0	0	0	0	0	0
Biragzang__NODE_437_length_14627_cov_17.088595	1	14627	0	0	0	0	0	0
Biragzang__NODE_438_length_14625_cov_42.339327	1	14625	0	0	0	0	0	0
Biragzang__NODE_439_length_14622_cov_47.972884	1	14622	0	0	0	0	0	0
MV-4122_S12__NODE_942_length_14616_cov_43.055422	1	14616	0	0	0	0	0	0
MV-4125_S18__NODE_694_length_14611_cov_7.370363	1	14611	0	0	0	0	0	0
MV-4125_S18__NODE_695_length_14610_cov_22.379801	1	14610	0	0	0	0	0	0
MV-4128_S29__NODE_399_length_14606_cov_25.889561	1	14606	0	0	0	0	0	0
MV-4122_S12__NODE_944_length_14602_cov_27.526225	1	14602	0	0	0	0	0	0
MV-4122_S12__NODE_945_length_14602_cov_23.188424	1	14602	0	0	0	0	0	0
MV-4125_S18__NODE_696_length_14597_cov_29.210631	1	14597	0	0	0	0	0	0
MV-4122_S12__NODE_946_length_14596_cov_224.251289	1	14596	0	0	0	0	0	0
Biragzang__NODE_441_length_14587_cov_98.220341	1	14587	0	0	0	0	0	0
cell-4122-0-44_S10__NODE_107_length_14566_cov_19.721659	1	14566	0	0	0	0	0	0
MV-4122_S12__NODE_947_length_14561_cov_36.118503	1	14561	0	0	0	0	0	0
Biragzang__NODE_445_length_14557_cov_10.882154	1	14557	0	0	0	0	0	0
MV-4122_S12__NODE_948_length_14551_cov_44.090508	1	14551	0	0	0	0	0	0
Biragzang__NODE_447_length_14547_cov_7.808308	1	14547	0	0	0	0	0	0
MV-4122_S12__NODE_949_length_14545_cov_17.426570	1	14545	0	0	0	0	0	0
MV-4122_S12__NODE_950_length_14523_cov_54.903304	1	14523	0	0	0	0	0	0
MV-4128_S29__NODE_402_length_14521_cov_27.690377	1	14521	0	0	0	0	0	0
Biragzang__NODE_448_length_14519_cov_32.907702	1	14519	0	0	0	0	0	0
MV-4128_S29__NODE_403_length_14503_cov_21.960064	1	14503	0	0	0	0	0	0
Biragzang__NODE_452_length_14491_cov_35.449293	1	14491	0	0	0	0	0	0
Biragzang__NODE_453_length_14484_cov_24.174648	1	14484	0	0	0	0	0	0
MV-4122_S12__NODE_952_length_14475_cov_49.687101	1	14475	0	0	0	0	0	0
MV-4128_S29__NODE_404_length_14466_cov_26.642426	1	14466	0	0	0	0	0	0
Biragzang__NODE_455_length_14459_cov_54.813385	1	14459	0	0	0	0	0	0
MV-4122_S12__NODE_953_length_14459_cov_11.942933	1	14459	0	0	0	0	0	0
MV-4128_S29__NODE_405_length_14459_cov_20.019994	1	14459	0	0	0	0	0	0
MV-4122_S12__NODE_954_length_14458_cov_30.502812	1	14458	0	0	0	0	0	0
Biragzang__NODE_457_length_14446_cov_11.174415	1	14446	0	0	0	0	0	0
Biragzang__NODE_458_length_14444_cov_10.382028	1	14444	0	0	0	0	0	0
cell-4122-0-44_S10__NODE_108_length_14433_cov_45.871609	1	14433	0	0	0	0	0	0
MV-4122_S12__NODE_955_length_14429_cov_12.971615	1	14429	0	0	0	0	0	0
MV-4122_S12__NODE_956_length_14424_cov_10.083513	1	14424	0	0	0	0	0	0
MV-4128_S29__NODE_406_length_14419_cov_35.144598	1	14419	0	0	0	0	0	0
MV-4122_S12__NODE_957_length_14417_cov_22.466927	1	14417	0	0	0	0	0	0
Biragzang__NODE_459_length_14413_cov_45.537679	1	14413	0	0	0	0	0	0
cell-4122-0-44_S10__NODE_109_length_14409_cov_432.549046	1	14409	0	0	0	0	0	0
MV-4122_S12__NODE_958_length_14401_cov_8.542869	1	14401	0	0	0	0	0	0
Biragzang__NODE_461_length_14384_cov_13.100077	1	14384	0	0	0	0	0	0
MV-4128_S29__NODE_407_length_14378_cov_24.126161	1	14378	0	0	0	0	0	0
MV-4125_S18__NODE_704_length_14377_cov_71.901829	1	14377	0	0	0	0	0	0
Biragzang__NODE_463_length_14366_cov_19.928027	1	14366	0	0	0	0	0	0
Biragzang__NODE_464_length_14365_cov_47.386233	1	14365	0	0	0	0	0	0
MV-4125_S18__NODE_705_length_14365_cov_31.079175	1	14365	0	0	0	0	0	0
MV-4122_S12__NODE_959_length_14358_cov_14.241628	1	14358	0	0	0	0	0	0
Biragzang__NODE_466_length_14357_cov_6.621871	1	14357	0	0	0	0	0	0
MV-4128_S29__NODE_408_length_14353_cov_24.218282	1	14353	0	0	0	0	0	0
MV-4122_S12__NODE_960_length_14350_cov_48.197412	1	14350	0	0	0	0	0	0
MV-4122_S12__NODE_961_length_14345_cov_26.415955	1	14345	0	0	0	0	0	0
MV-4128_S29__NODE_410_length_14332_cov_19.004273	1	14332	0	0	0	0	0	0
Biragzang__NODE_467_length_14322_cov_72.468984	1	14322	0	0	0	0	0	0
MV-4122_S12__NODE_964_length_14311_cov_12.796857	1	14311	0	0	0	0	0	0
MV-4128_S29__NODE_411_length_14309_cov_16.962537	1	14309	0	0	0	0	0	0
MV-4125_S18__NODE_709_length_14308_cov_7.950326	1	14308	0	0	0	0	0	0
MV-4122_S12__NODE_965_length_14303_cov_12.641072	1	14303	0	0	0	0	0	0
MV-4122_S12__NODE_967_length_14299_cov_53.229430	1	14299	0	0	0	0	0	0
MV-4122_S12__NODE_968_length_14295_cov_33.865941	1	14295	0	0	0	0	0	0
MV-4128_S29__NODE_413_length_14291_cov_27.331413	1	14291	0	0	0	0	0	0
MV-4125_S18__NODE_713_length_14286_cov_15.422950	1	14286	0	0	0	0	0	0
MV-4128_S29__NODE_414_length_14281_cov_18.583017	1	14281	0	0	0	0	0	0
cell-4125-0-44_S16__NODE_31_length_14279_cov_8.300197	1	14279	0	0	0	0	0	0
MV-4125_S18__NODE_714_length_14274_cov_32.326324	1	14274	0	0	0	0	0	0
cell-4122-0-44_S10__NODE_111_length_14274_cov_42.843730	1	14274	0	0	0	0	0	0
MV-4122_S12__NODE_969_length_14264_cov_37.553382	1	14264	0	0	0	0	0	0
MV-4125_S18__NODE_716_length_14264_cov_27.713632	1	14264	0	0	0	0	0	0
MV-4128_S29__NODE_415_length_14263_cov_12.488668	1	14263	0	0	0	0	0	0
MV-4122_S12__NODE_970_length_14261_cov_24.980783	1	14261	0	0	0	0	0	0
MV-4128_S29__NODE_416_length_14261_cov_27.649374	1	14261	0	0	0	0	0	0
MV-4125_S18__NODE_717_length_14259_cov_34.057941	1	14259	0	0	0	0	0	0
MV-4125_S18__NODE_719_length_14232_cov_6.667419	1	14232	0	0	0	0	0	0
MV-4122_S12__NODE_972_length_14227_cov_24.091871	1	14227	0	0	0	0	0	0
MV-4128_S29__NODE_417_length_14223_cov_14.035503	1	14223	0	0	0	0	0	0
MV-4122_S12__NODE_973_length_14218_cov_28.107039	1	14218	0	0	0	0	0	0
MV-4122_S12__NODE_974_length_14213_cov_40.167750	1	14213	0	0	0	0	0	0
MV-4122_S12__NODE_975_length_14213_cov_11.003743	1	14213	0	0	0	0	0	0
Biragzang__NODE_474_length_14211_cov_49.056231	1	14211	0	0	0	0	0	0
MV-4122_S12__NODE_976_length_14201_cov_47.420048	1	14201	0	0	0	0	0	0
Biragzang__NODE_476_length_14198_cov_56.688044	1	14198	0	0	0	0	0	0
MV-4128_S29__NODE_418_length_14198_cov_13.998657	1	14198	0	0	0	0	0	0
MV-4122_S12__NODE_977_length_14189_cov_58.169450	1	14189	0	0	0	0	0	0
MV-4122_S12__NODE_978_length_14189_cov_10.078959	1	14189	0	0	0	0	0	0
MV-4122_S12__NODE_979_length_14181_cov_8.661829	1	14181	0	0	0	0	0	0
cell-4122-0-44_S10__NODE_112_length_14178_cov_66.577427	1	14178	0	0	0	0	0	0
MV-4122_S12__NODE_980_length_14175_cov_27.854178	1	14175	0	0	0	0	0	0
MV-4122_S12__NODE_981_length_14170_cov_25.369961	1	14170	0	0	0	0	0	0
MV-4122_S12__NODE_983_length_14164_cov_8.258913	1	14164	0	0	0	0	0	0
MV-4125_S18__NODE_723_length_14135_cov_23.989844	1	14135	0	0	0	0	0	0
MV-4122_S12__NODE_986_length_14134_cov_12.305419	1	14134	0	0	0	0	0	0
MV-4122_S12__NODE_987_length_14117_cov_23.724577	1	14117	0	0	0	0	0	0
MV-4125_S18__NODE_724_length_14115_cov_6.988620	1	14115	0	0	0	0	0	0
Biragzang__NODE_482_length_14095_cov_36.472009	1	14095	0	0	0	0	0	0
MV-4122_S12__NODE_989_length_14095_cov_10.716524	1	14095	0	0	0	0	0	0
MV-4125_S18__NODE_725_length_14076_cov_250.955923	1	14076	0	0	0	0	0	0
MV-4122_S12__NODE_990_length_14059_cov_11.302057	1	14059	0	0	0	0	0	0
MV-4122_S12__NODE_991_length_14048_cov_25.922747	1	14048	0	0	0	0	0	0
Biragzang__NODE_485_length_14046_cov_46.121221	1	14046	0	0	0	0	0	0
MV-4122_S12__NODE_992_length_14044_cov_50.138823	1	14044	0	0	0	0	0	0
MV-4128_S29__NODE_420_length_14037_cov_14.699971	1	14037	0	0	0	0	0	0
MV-4128_S29__NODE_421_length_14030_cov_24.098891	1	14030	0	0	0	0	0	0
Biragzang__NODE_486_length_14026_cov_10.128194	1	14026	0	0	0	0	0	0
cell-4122-0-44_S10__NODE_113_length_14022_cov_55.429011	1	14022	0	0	0	0	0	0
MV-4122_S12__NODE_995_length_14021_cov_12.453888	1	14021	0	0	0	0	0	0
Biragzang__NODE_487_length_14008_cov_35.654985	1	14008	0	0	0	0	0	0
MV-4125_S18__NODE_729_length_14002_cov_29.195383	1	14002	0	0	0	0	0	0
cell-4122-0-44_S10__NODE_114_length_13985_cov_18.165183	1	13985	0	0	0	0	0	0
MV-4122_S12__NODE_997_length_13984_cov_46.063824	1	13984	0	0	0	0	0	0
cell-4122-0-44_S10__NODE_115_length_13983_cov_58.597430	1	13983	0	0	0	0	0	0
Biragzang__NODE_491_length_13973_cov_6.888346	1	13973	0	0	0	0	0	0
MV-4122_S12__NODE_998_length_13971_cov_12.110808	1	13971	0	0	0	0	0	0
cell-4122-0-44_S10__NODE_116_length_13967_cov_12.299885	1	13967	0	0	0	0	0	0
cell-4122-0-44_S10__NODE_117_length_13964_cov_14.839744	1	13964	0	0	0	0	0	0
MV-4125_S18__NODE_730_length_13955_cov_49.059281	1	13955	0	0	0	0	0	0
MV-4125_S18__NODE_731_length_13955_cov_17.149568	1	13955	0	0	0	0	0	0
MV-4125_S18__NODE_733_length_13949_cov_6.779545	1	13949	0	0	0	0	0	0
MV-4125_S18__NODE_734_length_13947_cov_17.848834	1	13947	0	0	0	0	0	0
Biragzang__NODE_493_length_13941_cov_39.717197	1	13941	0	0	0	0	0	0
MV-4122_S12__NODE_1000_length_13935_cov_6.888112	1	13935	0	0	0	0	0	0
Biragzang__NODE_494_length_13929_cov_45.742108	1	13929	0	0	0	0	0	0
MV-4125_S18__NODE_736_length_13926_cov_25.203951	1	13926	0	0	0	0	0	0
MV-4128_S29__NODE_423_length_13925_cov_14.008219	1	13925	0	0	0	0	0	0
MV-4125_S18__NODE_738_length_13912_cov_5.902865	1	13912	0	0	0	0	0	0
Biragzang__NODE_495_length_13908_cov_40.420559	1	13908	0	0	0	0	0	0
MV-4122_S12__NODE_1002_length_13907_cov_58.825079	1	13907	0	0	0	0	0	0
MV-4122_S12__NODE_1005_length_13901_cov_24.856998	1	13901	0	0	0	0	0	0
MV-4128_S29__NODE_424_length_13886_cov_16.456945	1	13886	0	0	0	0	0	0
MV-4122_S12__NODE_1006_length_13881_cov_23.992912	1	13881	0	0	0	0	0	0
MV-4125_S18__NODE_740_length_13876_cov_18.903553	1	13876	0	0	0	0	0	0
MV-4122_S12__NODE_1007_length_13868_cov_8.435170	1	13868	0	0	0	0	0	0
MV-4128_S29__NODE_425_length_13861_cov_20.384108	1	13861	0	0	0	0	0	0
MV-4125_S18__NODE_742_length_13854_cov_20.201826	1	13854	0	0	0	0	0	0
MV-4125_S18__NODE_743_length_13852_cov_20.831558	1	13852	0	0	0	0	0	0
MV-4122_S12__NODE_1009_length_13847_cov_13.822506	1	13847	0	0	0	0	0	0
MV-4122_S12__NODE_1010_length_13837_cov_40.105863	1	13837	0	0	0	0	0	0
Biragzang__NODE_500_length_13835_cov_10.639115	1	13835	0	0	0	0	0	0
MV-4122_S12__NODE_1011_length_13832_cov_12.890905	1	13832	0	0	0	0	0	0
MV-4125_S18__NODE_744_length_13818_cov_20.833103	1	13818	0	0	0	0	0	0
Biragzang__NODE_502_length_13812_cov_10.324489	1	13812	0	0	0	0	0	0
MV-4122_S12__NODE_1013_length_13811_cov_235.286566	1	13811	0	0	0	0	0	0
MV-4122_S12__NODE_1014_length_13807_cov_9.782359	1	13807	0	0	0	0	0	0
MV-4122_S12__NODE_1015_length_13802_cov_12.568342	1	13802	0	0	0	0	0	0
MV-4122_S12__NODE_1016_length_13796_cov_19.406666	1	13796	0	0	0	0	0	0
MV-4128_S29__NODE_428_length_13783_cov_12.705638	1	13783	0	0	0	0	0	0
MV-4122_S12__NODE_1017_length_13782_cov_7.883733	1	13782	0	0	0	0	0	0
MV-4122_S12__NODE_1018_length_13770_cov_149.572731	1	13770	0	0	0	0	0	0
MV-4128_S29__NODE_429_length_13766_cov_24.397199	1	13766	0	0	0	0	0	0
MV-4125_S18__NODE_748_length_13752_cov_8.727459	1	13752	0	0	0	0	0	0
MV-4122_S12__NODE_1019_length_13747_cov_8.391469	1	13747	0	0	0	0	0	0
MV-4125_S18__NODE_749_length_13730_cov_27.501060	1	13730	0	0	0	0	0	0
MV-4125_S18__NODE_750_length_13719_cov_22.185817	1	13719	0	0	0	0	0	0
MV-4125_S18__NODE_752_length_13719_cov_7.172717	1	13719	0	0	0	0	0	0
MV-4122_S12__NODE_1020_length_13716_cov_28.248957	1	13716	0	0	0	0	0	0
MV-4122_S12__NODE_1021_length_13714_cov_21.167509	1	13714	0	0	0	0	0	0
cell-4122-0-44_S10__NODE_118_length_13713_cov_42.899985	1	13713	0	0	0	0	0	0
MV-4125_S18__NODE_753_length_13711_cov_7.581429	1	13711	0	0	0	0	0	0
MV-4125_S18__NODE_754_length_13698_cov_20.319578	1	13698	0	0	0	0	0	0
MV-4128_S29__NODE_430_length_13697_cov_13.122123	1	13697	0	0	0	0	0	0
MV-4128_S29__NODE_431_length_13692_cov_28.453252	1	13692	0	0	0	0	0	0
MV-4125_S18__NODE_755_length_13690_cov_6.027356	1	13690	0	0	0	0	0	0
MV-4122_S12__NODE_1024_length_13682_cov_11.978352	1	13682	0	0	0	0	0	0
MV-4122_S12__NODE_1025_length_13675_cov_53.518502	1	13675	0	0	0	0	0	0
MV-4122_S12__NODE_1026_length_13670_cov_72.964745	1	13670	0	0	0	0	0	0
MV-4122_S12__NODE_1027_length_13669_cov_31.145071	1	13669	0	0	0	0	0	0
MV-4122_S12__NODE_1028_length_13663_cov_24.009553	1	13663	0	0	0	0	0	0
MV-4125_S18__NODE_758_length_13651_cov_21.059797	1	13651	0	0	0	0	0	0
MV-4125_S18__NODE_760_length_13646_cov_29.258038	1	13646	0	0	0	0	0	0
Biragzang__NODE_512_length_13634_cov_50.748509	1	13634	0	0	0	0	0	0
MV-4125_S18__NODE_763_length_13631_cov_22.590012	1	13631	0	0	0	0	0	0
MV-4125_S18__NODE_764_length_13631_cov_17.162345	1	13631	0	0	0	0	0	0
MV-4128_S29__NODE_432_length_13631_cov_29.178845	1	13631	0	0	0	0	0	0
cell-4122-0-44_S10__NODE_119_length_13630_cov_48.605746	1	13630	0	0	0	0	0	0
MV-4125_S18__NODE_765_length_13625_cov_25.559764	1	13625	0	0	0	0	0	0
MV-4122_S12__NODE_1030_length_13620_cov_11.842978	1	13620	0	0	0	0	0	0
cell-4122-0-44_S10__NODE_120_length_13614_cov_82.799100	1	13614	0	0	0	0	0	0
cell-4125-0-22_S17__NODE_1_length_13610_cov_8.858945	1	13610	0	0	0	0	0	0
MV-4122_S12__NODE_1031_length_13608_cov_8.992843	1	13608	0	0	0	0	0	0
MV-4128_S29__NODE_433_length_13605_cov_26.973727	1	13605	0	0	0	0	0	0
MV-4122_S12__NODE_1032_length_13604_cov_38.728172	1	13604	0	0	0	0	0	0
MV-4122_S12__NODE_1033_length_13601_cov_41.464491	1	13601	0	0	0	0	0	0
Biragzang__NODE_514_length_13599_cov_32.606394	1	13599	0	0	0	0	0	0
MV-4122_S12__NODE_1034_length_13598_cov_10.504910	1	13598	0	0	0	0	0	0
MV-4122_S12__NODE_1035_length_13593_cov_20.630300	1	13593	0	0	0	0	0	0
MV-4122_S12__NODE_1036_length_13588_cov_12.182443	1	13588	0	0	0	0	0	0
MV-4122_S12__NODE_1037_length_13579_cov_41.312999	1	13579	0	0	0	0	0	0
MV-4125_S18__NODE_766_length_13575_cov_22.272115	1	13575	0	0	0	0	0	0
MV-4128_S29__NODE_434_length_13573_cov_30.315949	1	13573	0	0	0	0	0	0
MV-4125_S18__NODE_767_length_13570_cov_21.910766	1	13570	0	0	0	0	0	0
MV-4125_S18__NODE_768_length_13563_cov_28.027465	1	13563	0	0	0	0	0	0
MV-4122_S12__NODE_1039_length_13557_cov_95.165605	1	13557	0	0	0	0	0	0
MV-4125_S18__NODE_769_length_13557_cov_19.355577	1	13557	0	0	0	0	0	0
cell-4122-0-44_S10__NODE_121_length_13555_cov_52.109556	1	13555	0	0	0	0	0	0
MV-4128_S29__NODE_435_length_13531_cov_16.288736	1	13531	0	0	0	0	0	0
MV-4122_S12__NODE_1040_length_13529_cov_59.973653	1	13529	0	0	0	0	0	0
cell-4125-0-44_S16__NODE_37_length_13526_cov_7.166357	1	13526	0	0	0	0	0	0
Biragzang__NODE_517_length_13520_cov_50.743632	1	13520	0	0	0	0	0	0
MV-4128_S29__NODE_436_length_13520_cov_23.608838	1	13520	0	0	0	0	0	0
cell-4122-0-44_S10__NODE_122_length_13520_cov_40.768288	1	13520	0	0	0	0	0	0
MV-4125_S18__NODE_773_length_13516_cov_8.063443	1	13516	0	0	0	0	0	0
MV-4125_S18__NODE_777_length_13478_cov_7.462639	1	13478	0	0	0	0	0	0
Biragzang__NODE_518_length_13467_cov_62.416194	1	13467	0	0	0	0	0	0
Biragzang__NODE_519_length_13467_cov_10.833433	1	13467	0	0	0	0	0	0
MV-4125_S18__NODE_779_length_13465_cov_20.960030	1	13465	0	0	0	0	0	0
Biragzang__NODE_520_length_13463_cov_6.348523	1	13463	0	0	0	0	0	0
MV-4128_S29__NODE_437_length_13460_cov_12.488922	1	13460	0	0	0	0	0	0
Biragzang__NODE_522_length_13451_cov_43.860257	1	13451	0	0	0	0	0	0
MV-4122_S12__NODE_1042_length_13446_cov_5.198790	1	13446	0	0	0	0	0	0
MV-4125_S18__NODE_780_length_13446_cov_22.127548	1	13446	0	0	0	0	0	0
Biragzang__NODE_524_length_13442_cov_10.643908	1	13442	0	0	0	0	0	0
Biragzang__NODE_527_length_13423_cov_22.842160	1	13423	0	0	0	0	0	0
MV-4125_S18__NODE_781_length_13417_cov_19.430400	1	13417	0	0	0	0	0	0
MV-4122_S12__NODE_1044_length_13416_cov_59.785345	1	13416	0	0	0	0	0	0
MV-4122_S12__NODE_1045_length_13415_cov_32.103743	1	13415	0	0	0	0	0	0
Biragzang__NODE_528_length_13413_cov_40.478664	1	13413	0	0	0	0	0	0
MV-4128_S29__NODE_438_length_13406_cov_16.790802	1	13406	0	0	0	0	0	0
cell-4122-0-44_S10__NODE_123_length_13394_cov_12.520054	1	13394	0	0	0	0	0	0
cell-4122-0-44_S10__NODE_124_length_13389_cov_13.500225	1	13389	0	0	0	0	0	0
MV-4122_S12__NODE_1047_length_13382_cov_11.962407	1	13382	0	0	0	0	0	0
MV-4122_S12__NODE_1048_length_13380_cov_22.552345	1	13380	0	0	0	0	0	0
cell-4122-0-44_S10__NODE_125_length_13376_cov_612.034757	1	13376	0	0	0	0	0	0
MV-4122_S12__NODE_1049_length_13375_cov_8.685210	1	13375	0	0	0	0	0	0
MV-4128_S29__NODE_440_length_13370_cov_14.716110	1	13370	0	0	0	0	0	0
MV-4122_S12__NODE_1050_length_13369_cov_42.024335	1	13369	0	0	0	0	0	0
MV-4122_S12__NODE_1051_length_13360_cov_59.537918	1	13360	0	0	0	0	0	0
MV-4128_S29__NODE_441_length_13358_cov_20.706157	1	13358	0	0	0	0	0	0
MV-4122_S12__NODE_1053_length_13352_cov_21.476348	1	13352	0	0	0	0	0	0
MV-4128_S29__NODE_442_length_13350_cov_25.635051	1	13350	0	0	0	0	0	0
MV-4122_S12__NODE_1055_length_13344_cov_52.694710	1	13344	0	0	0	0	0	0
Biragzang__NODE_532_length_13336_cov_39.725774	1	13336	0	0	0	0	0	0
Biragzang__NODE_533_length_13333_cov_45.183913	1	13333	0	0	0	0	0	0
MV-4122_S12__NODE_1056_length_13331_cov_9.739831	1	13331	0	0	0	0	0	0
MV-4128_S29__NODE_443_length_13329_cov_24.689543	1	13329	0	0	0	0	0	0
MV-4122_S12__NODE_1057_length_13322_cov_33.722394	1	13322	0	0	0	0	0	0
MV-4122_S12__NODE_1058_length_13322_cov_31.891309	1	13322	0	0	0	0	0	0
MV-4122_S12__NODE_1059_length_13317_cov_11.812095	1	13317	0	0	0	0	0	0
MV-4122_S12__NODE_1060_length_13313_cov_24.874717	1	13313	0	0	0	0	0	0
Biragzang__NODE_538_length_13305_cov_14.740453	1	13305	0	0	0	0	0	0
Biragzang__NODE_540_length_13277_cov_38.672818	1	13277	0	0	0	0	0	0
MV-4122_S12__NODE_1061_length_13271_cov_7.887182	1	13271	0	0	0	0	0	0
MV-4122_S12__NODE_1062_length_13265_cov_23.742014	1	13265	0	0	0	0	0	0
MV-4125_S18__NODE_790_length_13261_cov_6.936165	1	13261	0	0	0	0	0	0
cell-4122-0-44_S10__NODE_126_length_13236_cov_16.757454	1	13236	0	0	0	0	0	0
Biragzang__NODE_541_length_13234_cov_16.677593	1	13234	0	0	0	0	0	0
MV-4125_S18__NODE_791_length_13231_cov_21.941560	1	13231	0	0	0	0	0	0
MV-4122_S12__NODE_1063_length_13229_cov_71.761272	1	13229	0	0	0	0	0	0
cell-4122-0-44_S10__NODE_127_length_13227_cov_50.879821	1	13227	0	0	0	0	0	0
Biragzang__NODE_542_length_13224_cov_6.626927	1	13224	0	0	0	0	0	0
MV-4128_S29__NODE_444_length_13216_cov_15.623661	1	13216	0	0	0	0	0	0
MV-4122_S12__NODE_1064_length_13214_cov_12.328444	1	13214	0	0	0	0	0	0
MV-4122_S12__NODE_1065_length_13211_cov_11.595242	1	13211	0	0	0	0	0	0
MV-4128_S29__NODE_445_length_13211_cov_17.078747	1	13211	0	0	0	0	0	0
MV-4125_S18__NODE_794_length_13204_cov_7.339417	1	13204	0	0	0	0	0	0
cell-4122-0-44_S10__NODE_128_length_13199_cov_383.144020	1	13199	0	0	0	0	0	0
cell-4122-0-44_S10__NODE_129_length_13198_cov_35.423952	1	13198	0	0	0	0	0	0
MV-4122_S12__NODE_1066_length_13195_cov_9.719863	1	13195	0	0	0	0	0	0
MV-4122_S12__NODE_1067_length_13189_cov_10.451348	1	13189	0	0	0	0	0	0
MV-4122_S12__NODE_1068_length_13175_cov_12.650152	1	13175	0	0	0	0	0	0
MV-4122_S12__NODE_1069_length_13171_cov_36.742986	1	13171	0	0	0	0	0	0
Biragzang__NODE_545_length_13164_cov_34.171180	1	13164	0	0	0	0	0	0
MV-4125_S18__NODE_796_length_13160_cov_7.244105	1	13160	0	0	0	0	0	0
MV-4125_S18__NODE_797_length_13154_cov_29.691121	1	13154	0	0	0	0	0	0
Biragzang__NODE_546_length_13153_cov_12.574210	1	13153	0	0	0	0	0	0
MV-4122_S12__NODE_1070_length_13151_cov_25.828115	1	13151	0	0	0	0	0	0
MV-4125_S18__NODE_798_length_13149_cov_26.651978	1	13149	0	0	0	0	0	0
MV-4122_S12__NODE_1071_length_13147_cov_43.793080	1	13147	0	0	0	0	0	0
cell-4122-0-44_S10__NODE_130_length_13147_cov_15.537427	1	13147	0	0	0	0	0	0
Biragzang__NODE_548_length_13141_cov_7.099190	1	13141	0	0	0	0	0	0
MV-4122_S12__NODE_1072_length_13141_cov_26.541571	1	13141	0	0	0	0	0	0
MV-4122_S12__NODE_1073_length_13140_cov_19.780206	1	13140	0	0	0	0	0	0
MV-4125_S18__NODE_800_length_13135_cov_28.321865	1	13135	0	0	0	0	0	0
MV-4128_S29__NODE_446_length_13127_cov_16.190254	1	13127	0	0	0	0	0	0
MV-4125_S18__NODE_801_length_13126_cov_22.861602	1	13126	0	0	0	0	0	0
Biragzang__NODE_553_length_13117_cov_42.783111	1	13117	0	0	0	0	0	0
MV-4122_S12__NODE_1074_length_13113_cov_26.652627	1	13113	0	0	0	0	0	0
MV-4128_S29__NODE_447_length_13112_cov_12.965076	1	13112	0	0	0	0	0	0
Biragzang__NODE_555_length_13111_cov_10.391238	1	13111	0	0	0	0	0	0
MV-4128_S29__NODE_448_length_13107_cov_14.095694	1	13107	0	0	0	0	0	0
MV-4125_S18__NODE_803_length_13105_cov_27.961762	1	13105	0	0	0	0	0	0
MV-4125_S18__NODE_805_length_13099_cov_23.643898	1	13099	0	0	0	0	0	0
MV-4122_S12__NODE_1075_length_13097_cov_8.505597	1	13097	0	0	0	0	0	0
MV-4122_S12__NODE_1076_length_13090_cov_10.651937	1	13090	0	0	0	0	0	0
MV-4122_S12__NODE_1077_length_13084_cov_43.529665	1	13084	0	0	0	0	0	0
MV-4128_S29__NODE_450_length_13079_cov_12.067030	1	13079	0	0	0	0	0	0
Biragzang__NODE_557_length_13073_cov_18.674681	1	13073	0	0	0	0	0	0
MV-4128_S29__NODE_451_length_13071_cov_27.968423	1	13071	0	0	0	0	0	0
MV-4128_S29__NODE_452_length_13068_cov_24.773380	1	13068	0	0	0	0	0	0
Biragzang__NODE_558_length_13066_cov_67.689570	1	13066	0	0	0	0	0	0
MV-4128_S29__NODE_453_length_13066_cov_20.865422	1	13066	0	0	0	0	0	0
MV-4125_S18__NODE_808_length_13061_cov_23.918345	1	13061	0	0	0	0	0	0
MV-4125_S18__NODE_809_length_13058_cov_6.951550	1	13058	0	0	0	0	0	0
MV-4128_S29__NODE_454_length_13057_cov_14.546147	1	13057	0	0	0	0	0	0
Biragzang__NODE_561_length_13049_cov_35.546252	1	13049	0	0	0	0	0	0
MV-4122_S12__NODE_1079_length_13037_cov_30.563704	1	13037	0	0	0	0	0	0
MV-4128_S29__NODE_455_length_13030_cov_23.573410	1	13030	0	0	0	0	0	0
MV-4122_S12__NODE_1081_length_13029_cov_68.679667	1	13029	0	0	0	0	0	0
cell-4122-0-44_S10__NODE_131_length_13028_cov_424.197718	1	13028	0	0	0	0	0	0
cell-4122-0-44_S10__NODE_132_length_13024_cov_15.519392	1	13024	0	0	0	0	0	0
MV-4122_S12__NODE_1082_length_13017_cov_189.893921	1	13017	0	0	0	0	0	0
MV-4125_S18__NODE_810_length_13017_cov_23.951628	1	13017	0	0	0	0	0	0
Biragzang__NODE_565_length_12994_cov_25.029446	1	12994	0	0	0	0	0	0
Biragzang__NODE_566_length_12986_cov_10.625938	1	12986	0	0	0	0	0	0
MV-4125_S18__NODE_811_length_12985_cov_25.036195	1	12985	0	0	0	0	0	0
Biragzang__NODE_567_length_12978_cov_10.538420	1	12978	0	0	0	0	0	0
MV-4125_S18__NODE_814_length_12964_cov_8.637927	1	12964	0	0	0	0	0	0
MV-4128_S29__NODE_456_length_12964_cov_12.526687	1	12964	0	0	0	0	0	0
MV-4122_S12__NODE_1083_length_12958_cov_14.512439	1	12958	0	0	0	0	0	0
MV-4128_S29__NODE_457_length_12956_cov_25.914968	1	12956	0	0	0	0	0	0
MV-4125_S18__NODE_815_length_12933_cov_52.590309	1	12933	0	0	0	0	0	0
Biragzang__NODE_569_length_12931_cov_6.428627	1	12931	0	0	0	0	0	0
cell-4125-0-44_S16__NODE_41_length_12930_cov_7.914563	1	12930	0	0	0	0	0	0
Biragzang__NODE_571_length_12921_cov_14.350459	1	12921	0	0	0	0	0	0
MV-4125_S18__NODE_817_length_12916_cov_18.925822	1	12916	0	0	0	0	0	0
MV-4122_S12__NODE_1084_length_12915_cov_13.032193	1	12915	0	0	0	0	0	0
Biragzang__NODE_572_length_12914_cov_6.532234	1	12914	0	0	0	0	0	0
MV-4122_S12__NODE_1085_length_12908_cov_45.355014	1	12908	0	0	0	0	0	0
Biragzang__NODE_574_length_12902_cov_71.427181	1	12902	0	0	0	0	0	0
MV-4122_S12__NODE_1086_length_12884_cov_47.864915	1	12884	0	0	0	0	0	0
cell-4122-0-44_S10__NODE_133_length_12879_cov_772.161650	1	12879	0	0	0	0	0	0
MV-4122_S12__NODE_1087_length_12875_cov_7.929563	1	12875	0	0	0	0	0	0
MV-4122_S12__NODE_1088_length_12867_cov_18.100375	1	12867	0	0	0	0	0	0
MV-4122_S12__NODE_1089_length_12858_cov_43.578692	1	12858	0	0	0	0	0	0
MV-4125_S18__NODE_822_length_12857_cov_7.627168	1	12857	0	0	0	0	0	0
cell-4122-0-44_S10__NODE_134_length_12855_cov_15.301406	1	12855	0	0	0	0	0	0
MV-4128_S29__NODE_458_length_12852_cov_20.886380	1	12852	0	0	0	0	0	0
MV-4122_S12__NODE_1090_length_12839_cov_23.089096	1	12839	0	0	0	0	0	0
MV-4125_S18__NODE_825_length_12825_cov_23.940094	1	12825	0	0	0	0	0	0
cell-4122-0-44_S10__NODE_135_length_12816_cov_17.153436	1	12816	0	0	0	0	0	0
MV-4125_S18__NODE_827_length_12804_cov_15.293278	1	12804	0	0	0	0	0	0
MV-4125_S18__NODE_828_length_12796_cov_25.031944	1	12796	0	0	0	0	0	0
MV-4125_S18__NODE_830_length_12788_cov_26.355611	1	12788	0	0	0	0	0	0
Biragzang__NODE_578_length_12778_cov_57.254736	1	12778	0	0	0	0	0	0
Biragzang__NODE_579_length_12775_cov_33.187186	1	12775	0	0	0	0	0	0
cell-4125-0-44_S16__NODE_43_length_12775_cov_10.476808	1	12775	0	0	0	0	0	0
MV-4125_S18__NODE_831_length_12767_cov_7.868235	1	12767	0	0	0	0	0	0
MV-4128_S29__NODE_459_length_12764_cov_23.376584	1	12764	0	0	0	0	0	0
MV-4122_S12__NODE_1091_length_12756_cov_12.309424	1	12756	0	0	0	0	0	0
Biragzang__NODE_582_length_12753_cov_43.974799	1	12753	0	0	0	0	0	0
MV-4122_S12__NODE_1092_length_12750_cov_97.691768	1	12750	0	0	0	0	0	0
MV-4128_S29__NODE_460_length_12739_cov_45.182592	1	12739	0	0	0	0	0	0
MV-4125_S18__NODE_834_length_12738_cov_20.372388	1	12738	0	0	0	0	0	0
MV-4128_S29__NODE_462_length_12738_cov_16.021525	1	12738	0	0	0	0	0	0
Biragzang__NODE_584_length_12737_cov_11.464201	1	12737	0	0	0	0	0	0
MV-4125_S18__NODE_835_length_12737_cov_5.625848	1	12737	0	0	0	0	0	0
MV-4122_S12__NODE_1093_length_12735_cov_28.887618	1	12735	0	0	0	0	0	0
Biragzang__NODE_585_length_12724_cov_62.481648	1	12724	0	0	0	0	0	0
MV-4122_S12__NODE_1094_length_12724_cov_65.429710	1	12724	0	0	0	0	0	0
MV-4128_S29__NODE_463_length_12722_cov_28.817005	1	12722	0	0	0	0	0	0
Biragzang__NODE_586_length_12721_cov_6.142113	1	12721	0	0	0	0	0	0
MV-4122_S12__NODE_1095_length_12717_cov_11.278234	1	12717	0	0	0	0	0	0
MV-4122_S12__NODE_1096_length_12711_cov_22.794406	1	12711	0	0	0	0	0	0
cell-4122-0-44_S10__NODE_136_length_12708_cov_16.100688	1	12708	0	0	0	0	0	0
MV-4125_S18__NODE_837_length_12705_cov_9.112727	1	12705	0	0	0	0	0	0
MV-4128_S29__NODE_465_length_12683_cov_26.800998	1	12683	0	0	0	0	0	0
MV-4122_S12__NODE_1097_length_12676_cov_28.819269	1	12676	0	0	0	0	0	0
Biragzang__NODE_587_length_12668_cov_11.022120	1	12668	0	0	0	0	0	0
MV-4125_S18__NODE_840_length_12666_cov_31.116089	1	12666	0	0	0	0	0	0
MV-4128_S29__NODE_466_length_12654_cov_15.498373	1	12654	0	0	0	0	0	0
Biragzang__NODE_589_length_12647_cov_6.058370	1	12647	0	0	0	0	0	0
Biragzang__NODE_592_length_12637_cov_8.725640	1	12637	0	0	0	0	0	0
MV-4125_S18__NODE_844_length_12630_cov_17.715706	1	12630	0	0	0	0	0	0
MV-4122_S12__NODE_1098_length_12629_cov_49.337204	1	12629	0	0	0	0	0	0
Biragzang__NODE_594_length_12622_cov_47.022997	1	12622	0	0	0	0	0	0
Biragzang__NODE_595_length_12613_cov_44.814700	1	12613	0	0	0	0	0	0
Biragzang__NODE_596_length_12613_cov_33.779742	1	12613	0	0	0	0	0	0
MV-4122_S12__NODE_1099_length_12609_cov_64.152222	1	12609	0	0	0	0	0	0
cell-4122-0-44_S10__NODE_137_length_12603_cov_23.918393	1	12603	0	0	0	0	0	0
MV-4122_S12__NODE_1100_length_12602_cov_28.188252	1	12602	0	0	0	0	0	0
MV-4122_S12__NODE_1101_length_12595_cov_9.797368	1	12595	0	0	0	0	0	0
MV-4128_S29__NODE_468_length_12594_cov_13.530824	1	12594	0	0	0	0	0	0
Biragzang__NODE_597_length_12588_cov_34.626985	1	12588	0	0	0	0	0	0
MV-4122_S12__NODE_1102_length_12588_cov_23.020665	1	12588	0	0	0	0	0	0
MV-4122_S12__NODE_1103_length_12577_cov_47.340201	1	12577	0	0	0	0	0	0
MV-4128_S29__NODE_469_length_12575_cov_24.081550	1	12575	0	0	0	0	0	0
Biragzang__NODE_598_length_12572_cov_51.766637	1	12572	0	0	0	0	0	0
Biragzang__NODE_599_length_12568_cov_37.949413	1	12568	0	0	0	0	0	0
MV-4122_S12__NODE_1106_length_12566_cov_10.365279	1	12566	0	0	0	0	0	0
MV-4125_S18__NODE_846_length_12560_cov_22.803599	1	12560	0	0	0	0	0	0
MV-4125_S18__NODE_848_length_12556_cov_10.932405	1	12556	0	0	0	0	0	0
MV-4122_S12__NODE_1108_length_12553_cov_7.521443	1	12553	0	0	0	0	0	0
MV-4125_S18__NODE_849_length_12543_cov_25.670243	1	12543	0	0	0	0	0	0
Biragzang__NODE_602_length_12534_cov_11.491706	1	12534	0	0	0	0	0	0
Biragzang__NODE_603_length_12533_cov_39.939494	1	12533	0	0	0	0	0	0
MV-4122_S12__NODE_1110_length_12530_cov_13.287214	1	12530	0	0	0	0	0	0
MV-4122_S12__NODE_1111_length_12526_cov_23.793922	1	12526	0	0	0	0	0	0
cell-4122-0-44_S10__NODE_138_length_12518_cov_39.292947	1	12518	0	0	0	0	0	0
MV-4122_S12__NODE_1112_length_12514_cov_23.419215	1	12514	0	0	0	0	0	0
cell-4125-0-44_S16__NODE_46_length_12512_cov_13.275508	1	12512	0	0	0	0	0	0
MV-4122_S12__NODE_1115_length_12498_cov_10.141124	1	12498	0	0	0	0	0	0
MV-4122_S12__NODE_1116_length_12486_cov_12.612501	1	12486	0	0	0	0	0	0
MV-4122_S12__NODE_1117_length_12482_cov_5.536574	1	12482	0	0	0	0	0	0
MV-4122_S12__NODE_1118_length_12477_cov_19.096683	1	12477	0	0	0	0	0	0
MV-4128_S29__NODE_471_length_12468_cov_50.257150	1	12468	0	0	0	0	0	0
MV-4122_S12__NODE_1119_length_12467_cov_26.630599	1	12467	0	0	0	0	0	0
MV-4125_S18__NODE_852_length_12467_cov_7.937238	1	12467	0	0	0	0	0	0
MV-4128_S29__NODE_472_length_12453_cov_11.825617	1	12453	0	0	0	0	0	0
Biragzang__NODE_606_length_12430_cov_6.248404	1	12430	0	0	0	0	0	0
MV-4128_S29__NODE_473_length_12428_cov_27.959751	1	12428	0	0	0	0	0	0
Biragzang__NODE_607_length_12423_cov_49.783473	1	12423	0	0	0	0	0	0
MV-4122_S12__NODE_1123_length_12419_cov_25.465141	1	12419	0	0	0	0	0	0
MV-4128_S29__NODE_474_length_12416_cov_27.062697	1	12416	0	0	0	0	0	0
MV-4125_S18__NODE_855_length_12413_cov_21.060204	1	12413	0	0	0	0	0	0
MV-4122_S12__NODE_1124_length_12412_cov_26.337299	1	12412	0	0	0	0	0	0
Biragzang__NODE_608_length_12411_cov_6.231143	1	12411	0	0	0	0	0	0
Biragzang__NODE_609_length_12410_cov_11.822258	1	12410	0	0	0	0	0	0
cell-4122-0-44_S10__NODE_139_length_12406_cov_18.908105	1	12406	0	0	0	0	0	0
MV-4122_S12__NODE_1126_length_12404_cov_33.463762	1	12404	0	0	0	0	0	0
MV-4128_S29__NODE_475_length_12402_cov_16.027375	1	12402	0	0	0	0	0	0
cell-4122-0-44_S10__NODE_140_length_12399_cov_43.422634	1	12399	0	0	0	0	0	0
Biragzang__NODE_612_length_12394_cov_48.841154	1	12394	0	0	0	0	0	0
MV-4122_S12__NODE_1127_length_12393_cov_9.676447	1	12393	0	0	0	0	0	0
MV-4128_S29__NODE_476_length_12369_cov_15.895972	1	12369	0	0	0	0	0	0
MV-4125_S18__NODE_861_length_12368_cov_28.025014	1	12368	0	0	0	0	0	0
MV-4122_S12__NODE_1129_length_12366_cov_63.915117	1	12366	0	0	0	0	0	0
Biragzang__NODE_614_length_12354_cov_25.249045	1	12354	0	0	0	0	0	0
MV-4125_S18__NODE_864_length_12349_cov_6.127298	1	12349	0	0	0	0	0	0
MV-4122_S12__NODE_1130_length_12347_cov_23.880817	1	12347	0	0	0	0	0	0
MV-4125_S18__NODE_865_length_12346_cov_6.556586	1	12346	0	0	0	0	0	0
MV-4122_S12__NODE_1132_length_12343_cov_8.579020	1	12343	0	0	0	0	0	0
MV-4122_S12__NODE_1133_length_12340_cov_25.617908	1	12340	0	0	0	0	0	0
MV-4122_S12__NODE_1134_length_12334_cov_51.739963	1	12334	0	0	0	0	0	0
MV-4125_S18__NODE_866_length_12332_cov_29.220819	1	12332	0	0	0	0	0	0
MV-4125_S18__NODE_867_length_12329_cov_21.155451	1	12329	0	0	0	0	0	0
Biragzang__NODE_619_length_12325_cov_9.529177	1	12325	0	0	0	0	0	0
MV-4122_S12__NODE_1137_length_12316_cov_30.541799	1	12316	0	0	0	0	0	0
MV-4122_S12__NODE_1138_length_12316_cov_12.742191	1	12316	0	0	0	0	0	0
cell-4122-0-44_S10__NODE_141_length_12301_cov_12.689613	1	12301	0	0	0	0	0	0
MV-4122_S12__NODE_1139_length_12299_cov_23.058151	1	12299	0	0	0	0	0	0
MV-4125_S18__NODE_869_length_12299_cov_6.421349	1	12299	0	0	0	0	0	0
Biragzang__NODE_621_length_12292_cov_10.322301	1	12292	0	0	0	0	0	0
cell-4122-0-44_S10__NODE_142_length_12291_cov_15.674894	1	12291	0	0	0	0	0	0
MV-4128_S29__NODE_478_length_12284_cov_22.964102	1	12284	0	0	0	0	0	0
MV-4122_S12__NODE_1140_length_12282_cov_10.275129	1	12282	0	0	0	0	0	0
MV-4122_S12__NODE_1141_length_12280_cov_7.795992	1	12280	0	0	0	0	0	0
MV-4128_S29__NODE_479_length_12278_cov_15.922278	1	12278	0	0	0	0	0	0
MV-4122_S12__NODE_1142_length_12276_cov_49.622371	1	12276	0	0	0	0	0	0
MV-4122_S12__NODE_1143_length_12269_cov_50.090634	1	12269	0	0	0	0	0	0
MV-4122_S12__NODE_1144_length_12259_cov_45.187398	1	12259	0	0	0	0	0	0
MV-4128_S29__NODE_480_length_12258_cov_25.292469	1	12258	0	0	0	0	0	0
MV-4125_S18__NODE_873_length_12253_cov_5.783981	1	12253	0	0	0	0	0	0
cell-4122-0-44_S10__NODE_143_length_12251_cov_18.265087	1	12251	0	0	0	0	0	0
Biragzang__NODE_624_length_12250_cov_60.321771	1	12250	0	0	0	0	0	0
Biragzang__NODE_625_length_12245_cov_48.824118	1	12245	0	0	0	0	0	0
MV-4125_S18__NODE_874_length_12240_cov_20.592860	1	12240	0	0	0	0	0	0
MV-4128_S29__NODE_482_length_12238_cov_20.545843	1	12238	0	0	0	0	0	0
MV-4122_S12__NODE_1145_length_12237_cov_23.378591	1	12237	0	0	0	0	0	0
MV-4122_S12__NODE_1146_length_12227_cov_13.052169	1	12227	0	0	0	0	0	0
MV-4125_S18__NODE_875_length_12225_cov_19.085292	1	12225	0	0	0	0	0	0
MV-4122_S12__NODE_1147_length_12222_cov_8.330977	1	12222	0	0	0	0	0	0
MV-4125_S18__NODE_876_length_12222_cov_25.254212	1	12222	0	0	0	0	0	0
MV-4125_S18__NODE_877_length_12221_cov_7.418461	1	12221	0	0	0	0	0	0
MV-4122_S12__NODE_1148_length_12219_cov_41.230023	1	12219	0	0	0	0	0	0
cell-4122-0-44_S10__NODE_144_length_12214_cov_14.718809	1	12214	0	0	0	0	0	0
cell-4125-0-44_S16__NODE_51_length_12209_cov_7.699029	1	12209	0	0	0	0	0	0
MV-4125_S18__NODE_878_length_12200_cov_21.787073	1	12200	0	0	0	0	0	0
MV-4122_S12__NODE_1149_length_12191_cov_44.521012	1	12191	0	0	0	0	0	0
MV-4122_S12__NODE_1150_length_12183_cov_9.351006	1	12183	0	0	0	0	0	0
MV-4125_S18__NODE_879_length_12181_cov_21.710045	1	12181	0	0	0	0	0	0
MV-4125_S18__NODE_880_length_12179_cov_7.263362	1	12179	0	0	0	0	0	0
cell-4122-0-44_S10__NODE_145_length_12179_cov_43.463461	1	12179	0	0	0	0	0	0
MV-4122_S12__NODE_1151_length_12177_cov_24.973519	1	12177	0	0	0	0	0	0
MV-4122_S12__NODE_1152_length_12177_cov_10.834928	1	12177	0	0	0	0	0	0
MV-4122_S12__NODE_1153_length_12177_cov_9.458010	1	12177	0	0	0	0	0	0
MV-4125_S18__NODE_881_length_12173_cov_30.179898	1	12173	0	0	0	0	0	0
MV-4125_S18__NODE_882_length_12170_cov_6.841106	1	12170	0	0	0	0	0	0
MV-4122_S12__NODE_1154_length_12166_cov_8.913054	1	12166	0	0	0	0	0	0
MV-4122_S12__NODE_1155_length_12165_cov_43.675227	1	12165	0	0	0	0	0	0
MV-4128_S29__NODE_484_length_12165_cov_15.462180	1	12165	0	0	0	0	0	0
MV-4128_S29__NODE_485_length_12154_cov_24.614183	1	12154	0	0	0	0	0	0
MV-4128_S29__NODE_486_length_12151_cov_15.603092	1	12151	0	0	0	0	0	0
MV-4125_S18__NODE_883_length_12150_cov_21.582141	1	12150	0	0	0	0	0	0
MV-4122_S12__NODE_1157_length_12145_cov_23.433912	1	12145	0	0	0	0	0	0
Biragzang__NODE_634_length_12138_cov_63.766366	1	12138	0	0	0	0	0	0
cell-4122-0-44_S10__NODE_146_length_12136_cov_12.455426	1	12136	0	0	0	0	0	0
MV-4122_S12__NODE_1158_length_12131_cov_12.337777	1	12131	0	0	0	0	0	0
MV-4125_S18__NODE_884_length_12131_cov_7.416611	1	12131	0	0	0	0	0	0
MV-4122_S12__NODE_1159_length_12129_cov_64.274226	1	12129	0	0	0	0	0	0
MV-4128_S29__NODE_487_length_12127_cov_26.384940	1	12127	0	0	0	0	0	0
MV-4122_S12__NODE_1160_length_12117_cov_8.044520	1	12117	0	0	0	0	0	0
cell-4125-0-44_S16__NODE_52_length_12111_cov_11.597462	1	12111	0	0	0	0	0	0
Biragzang__NODE_637_length_12110_cov_44.840896	1	12110	0	0	0	0	0	0
Biragzang__NODE_638_length_12108_cov_19.869327	1	12108	0	0	0	0	0	0
MV-4122_S12__NODE_1161_length_12108_cov_25.019746	1	12108	0	0	0	0	0	0
MV-4122_S12__NODE_1162_length_12105_cov_11.331203	1	12105	0	0	0	0	0	0
MV-4122_S12__NODE_1163_length_12104_cov_10.514980	1	12104	0	0	0	0	0	0
MV-4128_S29__NODE_488_length_12100_cov_25.378580	1	12100	0	0	0	0	0	0
MV-4125_S18__NODE_885_length_12097_cov_5.720312	1	12097	0	0	0	0	0	0
Biragzang__NODE_639_length_12094_cov_41.868428	1	12094	0	0	0	0	0	0
MV-4128_S29__NODE_489_length_12090_cov_21.613710	1	12090	0	0	0	0	0	0
MV-4128_S29__NODE_490_length_12084_cov_13.483831	1	12084	0	0	0	0	0	0
MV-4125_S18__NODE_886_length_12080_cov_32.730561	1	12080	0	0	0	0	0	0
MV-4125_S18__NODE_888_length_12072_cov_42.182408	1	12072	0	0	0	0	0	0
MV-4125_S18__NODE_889_length_12068_cov_20.756764	1	12068	0	0	0	0	0	0
MV-4125_S18__NODE_890_length_12067_cov_22.579254	1	12067	0	0	0	0	0	0
MV-4122_S12__NODE_1165_length_12060_cov_54.817659	1	12060	0	0	0	0	0	0
Biragzang__NODE_642_length_12059_cov_20.672526	1	12059	0	0	0	0	0	0
MV-4122_S12__NODE_1166_length_12058_cov_12.340998	1	12058	0	0	0	0	0	0
MV-4122_S12__NODE_1167_length_12052_cov_11.027590	1	12052	0	0	0	0	0	0
MV-4122_S12__NODE_1168_length_12046_cov_9.363272	1	12046	0	0	0	0	0	0
MV-4128_S29__NODE_491_length_12046_cov_26.993829	1	12046	0	0	0	0	0	0
MV-4128_S29__NODE_492_length_12045_cov_6.625021	1	12045	0	0	0	0	0	0
Biragzang__NODE_645_length_12038_cov_10.813903	1	12038	0	0	0	0	0	0
Biragzang__NODE_646_length_12026_cov_6.141425	1	12026	0	0	0	0	0	0
MV-4122_S12__NODE_1170_length_12022_cov_9.562463	1	12022	0	0	0	0	0	0
MV-4125_S18__NODE_893_length_12020_cov_27.169160	1	12020	0	0	0	0	0	0
cell-4122-0-44_S10__NODE_147_length_12016_cov_14.765153	1	12016	0	0	0	0	0	0
MV-4122_S12__NODE_1171_length_12011_cov_29.719053	1	12011	0	0	0	0	0	0
MV-4128_S29__NODE_493_length_12009_cov_26.696754	1	12009	0	0	0	0	0	0
MV-4128_S29__NODE_494_length_12002_cov_25.594208	1	12002	0	0	0	0	0	0
MV-4125_S18__NODE_896_length_11997_cov_15.072517	1	11997	0	0	0	0	0	0
MV-4122_S12__NODE_1174_length_11996_cov_36.245708	1	11996	0	0	0	0	0	0
MV-4125_S18__NODE_897_length_11994_cov_17.436385	1	11994	0	0	0	0	0	0
MV-4128_S29__NODE_495_length_11992_cov_28.430510	1	11992	0	0	0	0	0	0
MV-4122_S12__NODE_1175_length_11983_cov_14.067404	1	11983	0	0	0	0	0	0
MV-4122_S12__NODE_1176_length_11979_cov_13.930728	1	11979	0	0	0	0	0	0
Biragzang__NODE_651_length_11965_cov_16.014945	1	11965	0	0	0	0	0	0
MV-4122_S12__NODE_1177_length_11965_cov_11.687070	1	11965	0	0	0	0	0	0
Biragzang__NODE_652_length_11964_cov_6.595936	1	11964	0	0	0	0	0	0
cell-4122-0-44_S10__NODE_148_length_11962_cov_54.009406	1	11962	0	0	0	0	0	0
Biragzang__NODE_653_length_11958_cov_5.579182	1	11958	0	0	0	0	0	0
MV-4125_S18__NODE_901_length_11957_cov_16.427911	1	11957	0	0	0	0	0	0
MV-4128_S29__NODE_496_length_11954_cov_16.617867	1	11954	0	0	0	0	0	0
Biragzang__NODE_654_length_11953_cov_13.426794	1	11953	0	0	0	0	0	0
cell-4122-0-44_S10__NODE_149_length_11949_cov_12.692030	1	11949	0	0	0	0	0	0
Biragzang__NODE_655_length_11944_cov_46.591219	1	11944	0	0	0	0	0	0
MV-4125_S18__NODE_902_length_11939_cov_7.167536	1	11939	0	0	0	0	0	0
MV-4125_S18__NODE_903_length_11933_cov_20.447382	1	11933	0	0	0	0	0	0
Biragzang__NODE_656_length_11932_cov_14.809632	1	11932	0	0	0	0	0	0
MV-4122_S12__NODE_1178_length_11929_cov_9.638033	1	11929	0	0	0	0	0	0
MV-4122_S12__NODE_1179_length_11919_cov_27.012222	1	11919	0	0	0	0	0	0
Biragzang__NODE_659_length_11916_cov_34.607875	1	11916	0	0	0	0	0	0
Biragzang__NODE_660_length_11902_cov_8.740187	1	11902	0	0	0	0	0	0
cell-4125-0-44_S16__NODE_56_length_11902_cov_10.714949	1	11902	0	0	0	0	0	0
MV-4122_S12__NODE_1182_length_11901_cov_29.278575	1	11901	0	0	0	0	0	0
Biragzang__NODE_662_length_11884_cov_41.718150	1	11884	0	0	0	0	0	0
MV-4125_S18__NODE_905_length_11883_cov_32.072878	1	11883	0	0	0	0	0	0
Biragzang__NODE_663_length_11882_cov_7.279276	1	11882	0	0	0	0	0	0
MV-4125_S18__NODE_906_length_11879_cov_7.311993	1	11879	0	0	0	0	0	0
Biragzang__NODE_664_length_11878_cov_8.581409	1	11878	0	0	0	0	0	0
Biragzang__NODE_665_length_11875_cov_12.139086	1	11875	0	0	0	0	0	0
cell-4122-0-44_S10__NODE_150_length_11870_cov_15.239949	1	11870	0	0	0	0	0	0
cell-4122-0-44_S10__NODE_151_length_11868_cov_12.338525	1	11868	0	0	0	0	0	0
Biragzang__NODE_668_length_11867_cov_47.180156	1	11867	0	0	0	0	0	0
MV-4125_S18__NODE_907_length_11867_cov_13.678293	1	11867	0	0	0	0	0	0
MV-4125_S18__NODE_908_length_11859_cov_20.423501	1	11859	0	0	0	0	0	0
Biragzang__NODE_669_length_11856_cov_28.811626	1	11856	0	0	0	0	0	0
Biragzang__NODE_670_length_11855_cov_9.478729	1	11855	0	0	0	0	0	0
MV-4122_S12__NODE_1183_length_11855_cov_67.434661	1	11855	0	0	0	0	0	0
Biragzang__NODE_671_length_11852_cov_6.961685	1	11852	0	0	0	0	0	0
MV-4122_S12__NODE_1184_length_11850_cov_7.900212	1	11850	0	0	0	0	0	0
MV-4122_S12__NODE_1185_length_11848_cov_41.564318	1	11848	0	0	0	0	0	0
Biragzang__NODE_672_length_11845_cov_6.747752	1	11845	0	0	0	0	0	0
MV-4125_S18__NODE_909_length_11842_cov_7.474336	1	11842	0	0	0	0	0	0
MV-4128_S29__NODE_500_length_11842_cov_16.868669	1	11842	0	0	0	0	0	0
MV-4128_S29__NODE_501_length_11838_cov_16.675040	1	11838	0	0	0	0	0	0
MV-4122_S12__NODE_1188_length_11837_cov_40.299355	1	11837	0	0	0	0	0	0
MV-4122_S12__NODE_1189_length_11837_cov_34.162791	1	11837	0	0	0	0	0	0
cell-4122-0-44_S10__NODE_152_length_11837_cov_34.542862	1	11837	0	0	0	0	0	0
MV-4128_S29__NODE_502_length_11832_cov_21.683281	1	11832	0	0	0	0	0	0
MV-4128_S29__NODE_503_length_11831_cov_13.376698	1	11831	0	0	0	0	0	0
MV-4122_S12__NODE_1190_length_11824_cov_12.741694	1	11824	0	0	0	0	0	0
MV-4125_S18__NODE_911_length_11816_cov_18.834283	1	11816	0	0	0	0	0	0
MV-4128_S29__NODE_504_length_11811_cov_13.997278	1	11811	0	0	0	0	0	0
MV-4122_S12__NODE_1191_length_11809_cov_12.876893	1	11809	0	0	0	0	0	0
MV-4122_S12__NODE_1192_length_11805_cov_22.788851	1	11805	0	0	0	0	0	0
MV-4128_S29__NODE_505_length_11796_cov_13.902564	1	11796	0	0	0	0	0	0
MV-4128_S29__NODE_506_length_11792_cov_15.746698	1	11792	0	0	0	0	0	0
Biragzang__NODE_680_length_11787_cov_47.481248	1	11787	0	0	0	0	0	0
MV-4128_S29__NODE_507_length_11777_cov_12.621993	1	11777	0	0	0	0	0	0
Biragzang__NODE_681_length_11774_cov_10.404727	1	11774	0	0	0	0	0	0
MV-4128_S29__NODE_508_length_11774_cov_16.166482	1	11774	0	0	0	0	0	0
Biragzang__NODE_682_length_11772_cov_39.503030	1	11772	0	0	0	0	0	0
MV-4128_S29__NODE_509_length_11772_cov_19.108304	1	11772	0	0	0	0	0	0
MV-4122_S12__NODE_1195_length_11771_cov_8.089792	1	11771	0	0	0	0	0	0
MV-4122_S12__NODE_1196_length_11764_cov_20.713724	1	11764	0	0	0	0	0	0
Biragzang__NODE_683_length_11761_cov_34.145310	1	11761	0	0	0	0	0	0
cell-4122-0-44_S10__NODE_153_length_11758_cov_14.459711	1	11758	0	0	0	0	0	0
MV-4122_S12__NODE_1198_length_11756_cov_28.947782	1	11756	0	0	0	0	0	0
MV-4122_S12__NODE_1199_length_11756_cov_9.672678	1	11756	0	0	0	0	0	0
MV-4122_S12__NODE_1200_length_11752_cov_7.655382	1	11752	0	0	0	0	0	0
MV-4125_S18__NODE_914_length_11747_cov_6.536435	1	11747	0	0	0	0	0	0
Biragzang__NODE_685_length_11742_cov_60.589544	1	11742	0	0	0	0	0	0
Biragzang__NODE_688_length_11738_cov_21.518103	1	11738	0	0	0	0	0	0
Biragzang__NODE_689_length_11736_cov_28.674514	1	11736	0	0	0	0	0	0
MV-4122_S12__NODE_1201_length_11733_cov_33.856825	1	11733	0	0	0	0	0	0
Biragzang__NODE_690_length_11723_cov_38.556479	1	11723	0	0	0	0	0	0
cell-4122-0-44_S10__NODE_154_length_11723_cov_68.146726	1	11723	0	0	0	0	0	0
MV-4122_S12__NODE_1202_length_11715_cov_14.516038	1	11715	0	0	0	0	0	0
cell-4122-0-44_S10__NODE_155_length_11715_cov_14.821527	1	11715	0	0	0	0	0	0
cell-4122-0-44_S10__NODE_156_length_11702_cov_18.684296	1	11702	0	0	0	0	0	0
MV-4128_S29__NODE_511_length_11700_cov_14.033577	1	11700	0	0	0	0	0	0
MV-4122_S12__NODE_1203_length_11699_cov_13.326864	1	11699	0	0	0	0	0	0
MV-4125_S18__NODE_918_length_11697_cov_19.181154	1	11697	0	0	0	0	0	0
MV-4125_S18__NODE_919_length_11692_cov_7.005500	1	11692	0	0	0	0	0	0
Biragzang__NODE_691_length_11688_cov_11.596579	1	11688	0	0	0	0	0	0
MV-4128_S29__NODE_512_length_11688_cov_27.507522	1	11688	0	0	0	0	0	0
MV-4122_S12__NODE_1204_length_11687_cov_24.620702	1	11687	0	0	0	0	0	0
MV-4125_S18__NODE_921_length_11687_cov_7.031981	1	11687	0	0	0	0	0	0
Biragzang__NODE_692_length_11684_cov_21.288933	1	11684	0	0	0	0	0	0
MV-4122_S12__NODE_1205_length_11682_cov_37.247699	1	11682	0	0	0	0	0	0
MV-4128_S29__NODE_513_length_11682_cov_15.394255	1	11682	0	0	0	0	0	0
cell-4122-0-44_S10__NODE_157_length_11680_cov_43.131527	1	11680	0	0	0	0	0	0
Biragzang__NODE_693_length_11673_cov_46.026511	1	11673	0	0	0	0	0	0
cell-4122-0-44_S10__NODE_158_length_11672_cov_17.863476	1	11672	0	0	0	0	0	0
Biragzang__NODE_694_length_11668_cov_16.497632	1	11668	0	0	0	0	0	0
cell-4122-0-44_S10__NODE_159_length_11668_cov_853.141996	1	11668	0	0	0	0	0	0
MV-4125_S18__NODE_923_length_11667_cov_18.701688	1	11667	0	0	0	0	0	0
MV-4125_S18__NODE_924_length_11666_cov_24.762811	1	11666	0	0	0	0	0	0
MV-4125_S18__NODE_925_length_11662_cov_15.890756	1	11662	0	0	0	0	0	0
MV-4122_S12__NODE_1207_length_11649_cov_10.210454	1	11649	0	0	0	0	0	0
Biragzang__NODE_696_length_11647_cov_46.195307	1	11647	0	0	0	0	0	0
Biragzang__NODE_697_length_11643_cov_12.745254	1	11643	0	0	0	0	0	0
MV-4125_S18__NODE_928_length_11642_cov_19.733926	1	11642	0	0	0	0	0	0
cell-4122-0-44_S10__NODE_160_length_11639_cov_53.192766	1	11639	0	0	0	0	0	0
Biragzang__NODE_698_length_11638_cov_27.960373	1	11638	0	0	0	0	0	0
MV-4128_S29__NODE_515_length_11637_cov_27.161285	1	11637	0	0	0	0	0	0
MV-4128_S29__NODE_516_length_11633_cov_14.216963	1	11633	0	0	0	0	0	0
Biragzang__NODE_701_length_11630_cov_38.961210	1	11630	0	0	0	0	0	0
MV-4122_S12__NODE_1208_length_11627_cov_36.755012	1	11627	0	0	0	0	0	0
cell-4125-0-44_S16__NODE_59_length_11626_cov_9.126178	1	11626	0	0	0	0	0	0
Biragzang__NODE_702_length_11619_cov_44.422951	1	11619	0	0	0	0	0	0
MV-4125_S18__NODE_932_length_11619_cov_19.505794	1	11619	0	0	0	0	0	0
MV-4128_S29__NODE_517_length_11619_cov_11.556209	1	11619	0	0	0	0	0	0
Biragzang__NODE_703_length_11609_cov_11.127402	1	11609	0	0	0	0	0	0
MV-4128_S29__NODE_518_length_11600_cov_11.794370	1	11600	0	0	0	0	0	0
MV-4122_S12__NODE_1209_length_11598_cov_9.277917	1	11598	0	0	0	0	0	0
Biragzang__NODE_706_length_11597_cov_37.178825	1	11597	0	0	0	0	0	0
cell-4122-0-44_S10__NODE_161_length_11595_cov_14.205113	1	11595	0	0	0	0	0	0
MV-4122_S12__NODE_1210_length_11594_cov_51.564607	1	11594	0	0	0	0	0	0
MV-4128_S29__NODE_519_length_11592_cov_17.643755	1	11592	0	0	0	0	0	0
MV-4122_S12__NODE_1211_length_11587_cov_14.452567	1	11587	0	0	0	0	0	0
cell-4122-0-22_S11__NODE_53_length_11586_cov_18.863672	1	11586	0	0	0	0	0	0
MV-4125_S18__NODE_934_length_11583_cov_39.554997	1	11583	0	0	0	0	0	0
Biragzang__NODE_707_length_11581_cov_41.228006	1	11581	0	0	0	0	0	0
Biragzang__NODE_708_length_11575_cov_15.415451	1	11575	0	0	0	0	0	0
cell-4122-0-44_S10__NODE_162_length_11573_cov_12.840945	1	11573	0	0	0	0	0	0
MV-4125_S18__NODE_936_length_11562_cov_23.143478	1	11562	0	0	0	0	0	0
MV-4122_S12__NODE_1212_length_11553_cov_37.761263	1	11553	0	0	0	0	0	0
MV-4128_S29__NODE_520_length_11546_cov_12.134888	1	11546	0	0	0	0	0	0
MV-4122_S12__NODE_1213_length_11545_cov_8.014012	1	11545	0	0	0	0	0	0
cell-4122-0-44_S10__NODE_163_length_11543_cov_17.026985	1	11543	0	0	0	0	0	0
cell-4122-0-44_S10__NODE_164_length_11542_cov_17.388352	1	11542	0	0	0	0	0	0
Biragzang__NODE_711_length_11535_cov_35.456010	1	11535	0	0	0	0	0	0
MV-4122_S12__NODE_1214_length_11534_cov_8.995644	1	11534	0	0	0	0	0	0
MV-4125_S18__NODE_938_length_11524_cov_26.236376	1	11524	0	0	0	0	0	0
MV-4122_S12__NODE_1215_length_11521_cov_12.096895	1	11521	0	0	0	0	0	0
cell-4125-0-44_S16__NODE_62_length_11518_cov_10.306726	1	11518	0	0	0	0	0	0
Biragzang__NODE_712_length_11516_cov_31.437571	1	11516	0	0	0	0	0	0
MV-4125_S18__NODE_939_length_11516_cov_23.150859	1	11516	0	0	0	0	0	0
MV-4122_S12__NODE_1216_length_11515_cov_48.393979	1	11515	0	0	0	0	0	0
MV-4122_S12__NODE_1217_length_11512_cov_15.107969	1	11512	0	0	0	0	0	0
MV-4125_S18__NODE_940_length_11512_cov_17.580344	1	11512	0	0	0	0	0	0
cell-4122-0-44_S10__NODE_165_length_11511_cov_15.464036	1	11511	0	0	0	0	0	0
Biragzang__NODE_713_length_11503_cov_38.440077	1	11503	0	0	0	0	0	0
MV-4122_S12__NODE_1218_length_11503_cov_22.831848	1	11503	0	0	0	0	0	0
MV-4122_S12__NODE_1219_length_11503_cov_12.596960	1	11503	0	0	0	0	0	0
Biragzang__NODE_714_length_11500_cov_41.358410	1	11500	0	0	0	0	0	0
MV-4122_S12__NODE_1220_length_11491_cov_22.270986	1	11491	0	0	0	0	0	0
MV-4125_S18__NODE_943_length_11486_cov_26.672994	1	11486	0	0	0	0	0	0
MV-4125_S18__NODE_944_length_11482_cov_20.915026	1	11482	0	0	0	0	0	0
cell-4122-0-44_S10__NODE_166_length_11478_cov_10.141381	1	11478	0	0	0	0	0	0
MV-4122_S12__NODE_1221_length_11476_cov_41.836792	1	11476	0	0	0	0	0	0
MV-4125_S18__NODE_947_length_11472_cov_21.928177	1	11472	0	0	0	0	0	0
Biragzang__NODE_717_length_11471_cov_13.363525	1	11471	0	0	0	0	0	0
MV-4122_S12__NODE_1222_length_11466_cov_25.294540	1	11466	0	0	0	0	0	0
MV-4125_S18__NODE_949_length_11463_cov_8.911027	1	11463	0	0	0	0	0	0
cell-4122-0-44_S10__NODE_167_length_11459_cov_49.401877	1	11459	0	0	0	0	0	0
Biragzang__NODE_721_length_11454_cov_9.820598	1	11454	0	0	0	0	0	0
cell-4122-0-44_S10__NODE_168_length_11454_cov_51.145627	1	11454	0	0	0	0	0	0
MV-4122_S12__NODE_1223_length_11453_cov_10.577733	1	11453	0	0	0	0	0	0
MV-4122_S12__NODE_1224_length_11443_cov_8.271777	1	11443	0	0	0	0	0	0
MV-4125_S18__NODE_953_length_11439_cov_20.945098	1	11439	0	0	0	0	0	0
MV-4128_S29__NODE_523_length_11438_cov_28.240358	1	11438	0	0	0	0	0	0
MV-4128_S29__NODE_524_length_11436_cov_25.363325	1	11436	0	0	0	0	0	0
cell-4122-0-44_S10__NODE_169_length_11435_cov_53.438840	1	11435	0	0	0	0	0	0
MV-4128_S29__NODE_525_length_11432_cov_22.797135	1	11432	0	0	0	0	0	0
MV-4122_S12__NODE_1225_length_11427_cov_10.931059	1	11427	0	0	0	0	0	0
cell-4122-0-44_S10__NODE_170_length_11423_cov_21.058761	1	11423	0	0	0	0	0	0
Biragzang__NODE_725_length_11421_cov_8.986979	1	11421	0	0	0	0	0	0
MV-4122_S12__NODE_1226_length_11415_cov_26.076849	1	11415	0	0	0	0	0	0
Biragzang__NODE_726_length_11414_cov_52.770754	1	11414	0	0	0	0	0	0
MV-4122_S12__NODE_1227_length_11411_cov_24.553276	1	11411	0	0	0	0	0	0
MV-4122_S12__NODE_1229_length_11404_cov_8.011190	1	11404	0	0	0	0	0	0
MV-4122_S12__NODE_1230_length_11399_cov_30.884785	1	11399	0	0	0	0	0	0
MV-4122_S12__NODE_1231_length_11385_cov_40.578906	1	11385	0	0	0	0	0	0
MV-4128_S29__NODE_528_length_11381_cov_23.537613	1	11381	0	0	0	0	0	0
MV-4122_S12__NODE_1232_length_11379_cov_11.085129	1	11379	0	0	0	0	0	0
MV-4122_S12__NODE_1233_length_11374_cov_14.582207	1	11374	0	0	0	0	0	0
MV-4125_S18__NODE_959_length_11367_cov_6.880835	1	11367	0	0	0	0	0	0
MV-4122_S12__NODE_1234_length_11365_cov_59.306985	1	11365	0	0	0	0	0	0
Biragzang__NODE_733_length_11360_cov_6.133746	1	11360	0	0	0	0	0	0
Biragzang__NODE_734_length_11359_cov_5.511854	1	11359	0	0	0	0	0	0
MV-4122_S12__NODE_1235_length_11358_cov_9.501637	1	11358	0	0	0	0	0	0
MV-4128_S29__NODE_532_length_11349_cov_17.453161	1	11349	0	0	0	0	0	0
MV-4122_S12__NODE_1236_length_11346_cov_24.390665	1	11346	0	0	0	0	0	0
MV-4122_S12__NODE_1237_length_11346_cov_11.237711	1	11346	0	0	0	0	0	0
MV-4125_S18__NODE_964_length_11342_cov_9.848941	1	11342	0	0	0	0	0	0
MV-4122_S12__NODE_1238_length_11341_cov_11.227096	1	11341	0	0	0	0	0	0
MV-4125_S18__NODE_965_length_11329_cov_5.835285	1	11329	0	0	0	0	0	0
MV-4122_S12__NODE_1239_length_11325_cov_12.503283	1	11325	0	0	0	0	0	0
Biragzang__NODE_736_length_11320_cov_50.312739	1	11320	0	0	0	0	0	0
MV-4122_S12__NODE_1240_length_11319_cov_25.802024	1	11319	0	0	0	0	0	0
MV-4125_S18__NODE_968_length_11309_cov_23.914608	1	11309	0	0	0	0	0	0
MV-4125_S18__NODE_969_length_11308_cov_22.810539	1	11308	0	0	0	0	0	0
MV-4122_S12__NODE_1241_length_11303_cov_31.513691	1	11303	0	0	0	0	0	0
Biragzang__NODE_737_length_11302_cov_18.639904	1	11302	0	0	0	0	0	0
Biragzang__NODE_738_length_11301_cov_13.458919	1	11301	0	0	0	0	0	0
MV-4122_S12__NODE_1242_length_11298_cov_70.031753	1	11298	0	0	0	0	0	0
Biragzang__NODE_741_length_11297_cov_14.509785	1	11297	0	0	0	0	0	0
cell-4122-0-44_S10__NODE_171_length_11297_cov_17.804928	1	11297	0	0	0	0	0	0
MV-4128_S29__NODE_534_length_11295_cov_13.829270	1	11295	0	0	0	0	0	0
cell-4125-0-44_S16__NODE_67_length_11294_cov_6.655307	1	11294	0	0	0	0	0	0
MV-4125_S18__NODE_971_length_11292_cov_22.690220	1	11292	0	0	0	0	0	0
MV-4125_S18__NODE_972_length_11281_cov_20.472475	1	11281	0	0	0	0	0	0
MV-4128_S29__NODE_535_length_11279_cov_26.674269	1	11279	0	0	0	0	0	0
MV-4122_S12__NODE_1243_length_11275_cov_6.798841	1	11275	0	0	0	0	0	0
MV-4128_S29__NODE_536_length_11272_cov_13.120799	1	11272	0	0	0	0	0	0
MV-4125_S18__NODE_973_length_11270_cov_6.389389	1	11270	0	0	0	0	0	0
MV-4128_S29__NODE_537_length_11255_cov_26.326875	1	11255	0	0	0	0	0	0
MV-4122_S12__NODE_1245_length_11242_cov_28.131224	1	11242	0	0	0	0	0	0
MV-4122_S12__NODE_1246_length_11241_cov_86.224745	1	11241	0	0	0	0	0	0
MV-4128_S29__NODE_538_length_11240_cov_16.762539	1	11240	0	0	0	0	0	0
Biragzang__NODE_746_length_11238_cov_67.400250	1	11238	0	0	0	0	0	0
MV-4122_S12__NODE_1247_length_11236_cov_32.513371	1	11236	0	0	0	0	0	0
MV-4128_S29__NODE_539_length_11236_cov_11.789375	1	11236	0	0	0	0	0	0
Biragzang__NODE_748_length_11220_cov_5.952620	1	11220	0	0	0	0	0	0
Biragzang__NODE_749_length_11217_cov_7.295019	1	11217	0	0	0	0	0	0
MV-4128_S29__NODE_540_length_11217_cov_85.560383	1	11217	0	0	0	0	0	0
cell-4122-0-44_S10__NODE_172_length_11216_cov_20.524595	1	11216	0	0	0	0	0	0
MV-4122_S12__NODE_1248_length_11213_cov_26.941746	1	11213	0	0	0	0	0	0
Biragzang__NODE_754_length_11203_cov_38.668640	1	11203	0	0	0	0	0	0
MV-4125_S18__NODE_979_length_11202_cov_17.887862	1	11202	0	0	0	0	0	0
MV-4128_S29__NODE_541_length_11202_cov_6.113932	1	11202	0	0	0	0	0	0
MV-4122_S12__NODE_1250_length_11200_cov_24.539076	1	11200	0	0	0	0	0	0
MV-4122_S12__NODE_1251_length_11198_cov_62.702773	1	11198	0	0	0	0	0	0
MV-4122_S12__NODE_1252_length_11198_cov_15.554967	1	11198	0	0	0	0	0	0
MV-4125_S18__NODE_980_length_11177_cov_24.404693	1	11177	0	0	0	0	0	0
Biragzang__NODE_756_length_11171_cov_7.006837	1	11171	0	0	0	0	0	0
cell-4122-0-44_S10__NODE_173_length_11168_cov_42.282732	1	11168	0	0	0	0	0	0
Biragzang__NODE_757_length_11167_cov_18.440515	1	11167	0	0	0	0	0	0
MV-4122_S12__NODE_1254_length_11167_cov_26.990191	1	11167	0	0	0	0	0	0
MV-4128_S29__NODE_542_length_11157_cov_17.530355	1	11157	0	0	0	0	0	0
MV-4122_S12__NODE_1256_length_11153_cov_23.558028	1	11153	0	0	0	0	0	0
MV-4125_S18__NODE_981_length_11153_cov_24.894936	1	11153	0	0	0	0	0	0
Biragzang__NODE_761_length_11151_cov_36.073720	1	11151	0	0	0	0	0	0
MV-4128_S29__NODE_544_length_11149_cov_16.172886	1	11149	0	0	0	0	0	0
Biragzang__NODE_763_length_11148_cov_34.292166	1	11148	0	0	0	0	0	0
MV-4128_S29__NODE_545_length_11146_cov_15.395095	1	11146	0	0	0	0	0	0
MV-4128_S29__NODE_546_length_11138_cov_25.060002	1	11138	0	0	0	0	0	0
MV-4128_S29__NODE_547_length_11136_cov_27.463135	1	11136	0	0	0	0	0	0
MV-4125_S18__NODE_984_length_11135_cov_70.009838	1	11135	0	0	0	0	0	0
Biragzang__NODE_765_length_11125_cov_72.701084	1	11125	0	0	0	0	0	0
Biragzang__NODE_766_length_11125_cov_34.827642	1	11125	0	0	0	0	0	0
MV-4128_S29__NODE_548_length_11121_cov_25.975511	1	11121	0	0	0	0	0	0
MV-4122_S12__NODE_1257_length_11120_cov_12.359602	1	11120	0	0	0	0	0	0
MV-4125_S18__NODE_985_length_11117_cov_7.426957	1	11117	0	0	0	0	0	0
MV-4128_S29__NODE_549_length_11117_cov_20.989062	1	11117	0	0	0	0	0	0
MV-4125_S18__NODE_986_length_11115_cov_20.194123	1	11115	0	0	0	0	0	0
cell-4122-0-44_S10__NODE_174_length_11108_cov_47.267167	1	11108	0	0	0	0	0	0
Biragzang__NODE_768_length_11100_cov_21.461023	1	11100	0	0	0	0	0	0
MV-4122_S12__NODE_1258_length_11099_cov_19.117439	1	11099	0	0	0	0	0	0
Biragzang__NODE_770_length_11087_cov_43.384790	1	11087	0	0	0	0	0	0
MV-4122_S12__NODE_1259_length_11078_cov_21.456681	1	11078	0	0	0	0	0	0
MV-4125_S18__NODE_987_length_11076_cov_7.320933	1	11076	0	0	0	0	0	0
MV-4128_S29__NODE_550_length_11069_cov_18.815689	1	11069	0	0	0	0	0	0
MV-4122_S12__NODE_1260_length_11068_cov_11.964860	1	11068	0	0	0	0	0	0
Biragzang__NODE_773_length_11067_cov_6.343898	1	11067	0	0	0	0	0	0
MV-4128_S29__NODE_551_length_11064_cov_24.983831	1	11064	0	0	0	0	0	0
Biragzang__NODE_774_length_11060_cov_8.676420	1	11060	0	0	0	0	0	0
MV-4125_S18__NODE_990_length_11057_cov_255.052718	1	11057	0	0	0	0	0	0
Biragzang__NODE_775_length_11055_cov_5.927909	1	11055	0	0	0	0	0	0
Biragzang__NODE_777_length_11049_cov_6.862107	1	11049	0	0	0	0	0	0
Biragzang__NODE_778_length_11045_cov_31.845678	1	11045	0	0	0	0	0	0
MV-4122_S12__NODE_1262_length_11042_cov_45.278602	1	11042	0	0	0	0	0	0
MV-4122_S12__NODE_1263_length_11035_cov_12.023953	1	11035	0	0	0	0	0	0
MV-4122_S12__NODE_1264_length_11034_cov_37.314783	1	11034	0	0	0	0	0	0
MV-4122_S12__NODE_1265_length_11024_cov_7.681375	1	11024	0	0	0	0	0	0
Biragzang__NODE_780_length_11020_cov_34.453260	1	11020	0	0	0	0	0	0
Biragzang__NODE_783_length_11016_cov_16.870906	1	11016	0	0	0	0	0	0
MV-4122_S12__NODE_1266_length_11016_cov_11.045069	1	11016	0	0	0	0	0	0
MV-4122_S12__NODE_1267_length_11016_cov_8.532616	1	11016	0	0	0	0	0	0
Biragzang__NODE_784_length_11013_cov_12.139168	1	11013	0	0	0	0	0	0
MV-4125_S18__NODE_994_length_11012_cov_18.568495	1	11012	0	0	0	0	0	0
Biragzang__NODE_785_length_11005_cov_8.292877	1	11005	0	0	0	0	0	0
MV-4122_S12__NODE_1269_length_11005_cov_61.588584	1	11005	0	0	0	0	0	0
MV-4125_S18__NODE_995_length_11003_cov_7.032335	1	11003	0	0	0	0	0	0
Biragzang__NODE_786_length_10997_cov_11.119631	1	10997	0	0	0	0	0	0
Biragzang__NODE_787_length_10997_cov_6.748401	1	10997	0	0	0	0	0	0
MV-4122_S12__NODE_1270_length_10997_cov_27.213307	1	10997	0	0	0	0	0	0
MV-4125_S18__NODE_997_length_10992_cov_7.194295	1	10992	0	0	0	0	0	0
Biragzang__NODE_788_length_10985_cov_9.453156	1	10985	0	0	0	0	0	0
Biragzang__NODE_789_length_10983_cov_17.399433	1	10983	0	0	0	0	0	0
MV-4128_S29__NODE_553_length_10980_cov_23.683753	1	10980	0	0	0	0	0	0
MV-4122_S12__NODE_1272_length_10979_cov_12.282040	1	10979	0	0	0	0	0	0
Biragzang__NODE_790_length_10977_cov_7.247299	1	10977	0	0	0	0	0	0
MV-4122_S12__NODE_1273_length_10975_cov_29.451282	1	10975	0	0	0	0	0	0
MV-4125_S18__NODE_999_length_10975_cov_6.792857	1	10975	0	0	0	0	0	0
MV-4128_S29__NODE_554_length_10971_cov_11.401704	1	10971	0	0	0	0	0	0
MV-4128_S29__NODE_555_length_10970_cov_13.608246	1	10970	0	0	0	0	0	0
MV-4128_S29__NODE_556_length_10968_cov_29.002382	1	10968	0	0	0	0	0	0
cell-4122-0-44_S10__NODE_175_length_10965_cov_640.705500	1	10965	0	0	0	0	0	0
Biragzang__NODE_791_length_10963_cov_16.336175	1	10963	0	0	0	0	0	0
MV-4128_S29__NODE_557_length_10963_cov_13.663366	1	10963	0	0	0	0	0	0
cell-4122-0-44_S10__NODE_176_length_10961_cov_18.755914	1	10961	0	0	0	0	0	0
cell-4122-0-44_S10__NODE_177_length_10951_cov_18.389042	1	10951	0	0	0	0	0	0
MV-4125_S18__NODE_1003_length_10945_cov_6.998990	1	10945	0	0	0	0	0	0
MV-4125_S18__NODE_1004_length_10940_cov_6.868351	1	10940	0	0	0	0	0	0
MV-4122_S12__NODE_1275_length_10939_cov_10.772602	1	10939	0	0	0	0	0	0
MV-4122_S12__NODE_1276_length_10934_cov_25.216932	1	10934	0	0	0	0	0	0
MV-4128_S29__NODE_560_length_10924_cov_25.894655	1	10924	0	0	0	0	0	0
MV-4122_S12__NODE_1277_length_10914_cov_28.337140	1	10914	0	0	0	0	0	0
MV-4122_S12__NODE_1278_length_10913_cov_42.004144	1	10913	0	0	0	0	0	0
MV-4122_S12__NODE_1279_length_10913_cov_17.961871	1	10913	0	0	0	0	0	0
MV-4122_S12__NODE_1281_length_10910_cov_8.559558	1	10910	0	0	0	0	0	0
MV-4122_S12__NODE_1282_length_10908_cov_9.182714	1	10908	0	0	0	0	0	0
Biragzang__NODE_797_length_10907_cov_43.367306	1	10907	0	0	0	0	0	0
Biragzang__NODE_799_length_10905_cov_54.956221	1	10905	0	0	0	0	0	0
cell-4122-0-44_S10__NODE_178_length_10886_cov_81.482319	1	10886	0	0	0	0	0	0
Biragzang__NODE_800_length_10884_cov_11.147013	1	10884	0	0	0	0	0	0
MV-4125_S18__NODE_1006_length_10883_cov_6.521241	1	10883	0	0	0	0	0	0
MV-4125_S18__NODE_1007_length_10882_cov_23.714972	1	10882	0	0	0	0	0	0
MV-4122_S12__NODE_1283_length_10881_cov_46.886385	1	10881	0	0	0	0	0	0
MV-4122_S12__NODE_1284_length_10880_cov_27.960924	1	10880	0	0	0	0	0	0
MV-4122_S12__NODE_1285_length_10880_cov_8.317506	1	10880	0	0	0	0	0	0
MV-4122_S12__NODE_1286_length_10877_cov_23.297450	1	10877	0	0	0	0	0	0
MV-4122_S12__NODE_1287_length_10876_cov_30.130395	1	10876	0	0	0	0	0	0
MV-4125_S18__NODE_1008_length_10870_cov_30.058345	1	10870	0	0	0	0	0	0
MV-4128_S29__NODE_561_length_10865_cov_23.241443	1	10865	0	0	0	0	0	0
MV-4122_S12__NODE_1288_length_10864_cov_13.500694	1	10864	0	0	0	0	0	0
MV-4122_S12__NODE_1289_length_10861_cov_6.549602	1	10861	0	0	0	0	0	0
MV-4128_S29__NODE_562_length_10861_cov_14.781418	1	10861	0	0	0	0	0	0
MV-4122_S12__NODE_1290_length_10849_cov_42.105058	1	10849	0	0	0	0	0	0
Biragzang__NODE_802_length_10848_cov_6.403410	1	10848	0	0	0	0	0	0
MV-4122_S12__NODE_1291_length_10845_cov_12.844300	1	10845	0	0	0	0	0	0
MV-4125_S18__NODE_1010_length_10844_cov_18.562425	1	10844	0	0	0	0	0	0
MV-4125_S18__NODE_1011_length_10843_cov_20.774101	1	10843	0	0	0	0	0	0
MV-4128_S29__NODE_563_length_10842_cov_20.834616	1	10842	0	0	0	0	0	0
cell-4125-0-44_S16__NODE_75_length_10831_cov_9.987101	1	10831	0	0	0	0	0	0
MV-4128_S29__NODE_564_length_10826_cov_16.974840	1	10826	0	0	0	0	0	0
cell-4122-0-44_S10__NODE_179_length_10824_cov_26.671743	1	10824	0	0	0	0	0	0
MV-4122_S12__NODE_1293_length_10821_cov_27.461546	1	10821	0	0	0	0	0	0
MV-4122_S12__NODE_1294_length_10821_cov_14.445848	1	10821	0	0	0	0	0	0
MV-4128_S29__NODE_565_length_10820_cov_11.803623	1	10820	0	0	0	0	0	0
cell-4122-0-44_S10__NODE_180_length_10820_cov_58.589131	1	10820	0	0	0	0	0	0
Biragzang__NODE_803_length_10817_cov_6.132317	1	10817	0	0	0	0	0	0
MV-4125_S18__NODE_1013_length_10817_cov_7.808772	1	10817	0	0	0	0	0	0
MV-4125_S18__NODE_1014_length_10814_cov_18.794312	1	10814	0	0	0	0	0	0
cell-4122-0-44_S10__NODE_181_length_10813_cov_12.036717	1	10813	0	0	0	0	0	0
Biragzang__NODE_805_length_10812_cov_14.142419	1	10812	0	0	0	0	0	0
MV-4122_S12__NODE_1295_length_10812_cov_70.064423	1	10812	0	0	0	0	0	0
Biragzang__NODE_806_length_10807_cov_16.858259	1	10807	0	0	0	0	0	0
MV-4128_S29__NODE_566_length_10806_cov_12.880476	1	10806	0	0	0	0	0	0
MV-4122_S12__NODE_1296_length_10805_cov_30.329116	1	10805	0	0	0	0	0	0
MV-4122_S12__NODE_1297_length_10794_cov_42.850545	1	10794	0	0	0	0	0	0
Biragzang__NODE_808_length_10793_cov_32.181784	1	10793	0	0	0	0	0	0
MV-4125_S18__NODE_1020_length_10792_cov_7.621496	1	10792	0	0	0	0	0	0
MV-4128_S29__NODE_567_length_10792_cov_24.038186	1	10792	0	0	0	0	0	0
Biragzang__NODE_809_length_10791_cov_11.834855	1	10791	0	0	0	0	0	0
cell-4122-0-44_S10__NODE_182_length_10790_cov_20.538891	1	10790	0	0	0	0	0	0
MV-4122_S12__NODE_1298_length_10789_cov_22.663592	1	10789	0	0	0	0	0	0
Biragzang__NODE_810_length_10788_cov_13.061958	1	10788	0	0	0	0	0	0
Biragzang__NODE_811_length_10786_cov_12.491753	1	10786	0	0	0	0	0	0
MV-4128_S29__NODE_568_length_10785_cov_14.631780	1	10785	0	0	0	0	0	0
Biragzang__NODE_814_length_10778_cov_7.059125	1	10778	0	0	0	0	0	0
MV-4128_S29__NODE_569_length_10777_cov_23.502518	1	10777	0	0	0	0	0	0
MV-4122_S12__NODE_1299_length_10776_cov_36.102602	1	10776	0	0	0	0	0	0
MV-4128_S29__NODE_571_length_10774_cov_23.982834	1	10774	0	0	0	0	0	0
MV-4122_S12__NODE_1300_length_10773_cov_10.356596	1	10773	0	0	0	0	0	0
MV-4128_S29__NODE_572_length_10769_cov_27.078309	1	10769	0	0	0	0	0	0
MV-4122_S12__NODE_1301_length_10768_cov_11.223187	1	10768	0	0	0	0	0	0
MV-4128_S29__NODE_573_length_10765_cov_26.583847	1	10765	0	0	0	0	0	0
MV-4128_S29__NODE_574_length_10763_cov_14.953679	1	10763	0	0	0	0	0	0
MV-4122_S12__NODE_1302_length_10761_cov_8.988511	1	10761	0	0	0	0	0	0
MV-4122_S12__NODE_1303_length_10758_cov_49.971223	1	10758	0	0	0	0	0	0
cell-4125-0-44_S16__NODE_77_length_10753_cov_14.616844	1	10753	0	0	0	0	0	0
cell-4125-0-44_S16__NODE_78_length_10752_cov_7.782649	1	10752	0	0	0	0	0	0
MV-4122_S12__NODE_1304_length_10744_cov_21.226588	1	10744	0	0	0	0	0	0
MV-4122_S12__NODE_1305_length_10744_cov_7.879689	1	10744	0	0	0	0	0	0
MV-4125_S18__NODE_1026_length_10740_cov_24.457183	1	10740	0	0	0	0	0	0
MV-4128_S29__NODE_575_length_10738_cov_611.299729	1	10738	0	0	0	0	0	0
MV-4128_S29__NODE_576_length_10736_cov_14.517461	1	10736	0	0	0	0	0	0
MV-4122_S12__NODE_1306_length_10734_cov_9.159940	1	10734	0	0	0	0	0	0
MV-4128_S29__NODE_577_length_10734_cov_13.698474	1	10734	0	0	0	0	0	0
MV-4125_S18__NODE_1027_length_10732_cov_15.022666	1	10732	0	0	0	0	0	0
MV-4125_S18__NODE_1028_length_10729_cov_13.043002	1	10729	0	0	0	0	0	0
Biragzang__NODE_817_length_10727_cov_52.501406	1	10727	0	0	0	0	0	0
MV-4125_S18__NODE_1029_length_10727_cov_6.359352	1	10727	0	0	0	0	0	0
MV-4122_S12__NODE_1307_length_10725_cov_42.524649	1	10725	0	0	0	0	0	0
MV-4128_S29__NODE_578_length_10721_cov_12.538721	1	10721	0	0	0	0	0	0
MV-4128_S29__NODE_579_length_10721_cov_10.990343	1	10721	0	0	0	0	0	0
MV-4122_S12__NODE_1309_length_10711_cov_11.709366	1	10711	0	0	0	0	0	0
MV-4125_S18__NODE_1030_length_10710_cov_16.579916	1	10710	0	0	0	0	0	0
cell-4125-0-44_S16__NODE_80_length_10707_cov_7.134059	1	10707	0	0	0	0	0	0
cell-4122-0-44_S10__NODE_183_length_10706_cov_14.701624	1	10706	0	0	0	0	0	0
MV-4128_S29__NODE_580_length_10702_cov_26.255565	1	10702	0	0	0	0	0	0
MV-4122_S12__NODE_1310_length_10687_cov_10.156226	1	10687	0	0	0	0	0	0
Biragzang__NODE_819_length_10683_cov_38.531615	1	10683	0	0	0	0	0	0
MV-4125_S18__NODE_1033_length_10683_cov_16.127870	1	10683	0	0	0	0	0	0
cell-4125-0-44_S16__NODE_83_length_10673_cov_7.815125	1	10673	0	0	0	0	0	0
Biragzang__NODE_825_length_10671_cov_10.655237	1	10671	0	0	0	0	0	0
cell-4122-0-44_S10__NODE_184_length_10669_cov_13.842190	1	10669	0	0	0	0	0	0
MV-4122_S12__NODE_1312_length_10661_cov_24.466340	1	10661	0	0	0	0	0	0
MV-4122_S12__NODE_1313_length_10661_cov_20.774184	1	10661	0	0	0	0	0	0
MV-4122_S12__NODE_1314_length_10659_cov_28.045643	1	10659	0	0	0	0	0	0
cell-4125-0-44_S16__NODE_84_length_10646_cov_7.061184	1	10646	0	0	0	0	0	0
cell-4122-0-44_S10__NODE_185_length_10644_cov_20.013127	1	10644	0	0	0	0	0	0
MV-4125_S18__NODE_1038_length_10643_cov_16.521250	1	10643	0	0	0	0	0	0
Biragzang__NODE_829_length_10641_cov_43.751370	1	10641	0	0	0	0	0	0
MV-4128_S29__NODE_585_length_10641_cov_15.923956	1	10641	0	0	0	0	0	0
MV-4122_S12__NODE_1315_length_10640_cov_10.557393	1	10640	0	0	0	0	0	0
MV-4128_S29__NODE_586_length_10638_cov_13.375508	1	10638	0	0	0	0	0	0
MV-4122_S12__NODE_1316_length_10637_cov_7.154697	1	10637	0	0	0	0	0	0
MV-4122_S12__NODE_1317_length_10629_cov_8.070929	1	10629	0	0	0	0	0	0
MV-4122_S12__NODE_1318_length_10626_cov_10.723205	1	10626	0	0	0	0	0	0
Biragzang__NODE_832_length_10625_cov_5.688363	1	10625	0	0	0	0	0	0
MV-4128_S29__NODE_587_length_10621_cov_10.908196	1	10621	0	0	0	0	0	0
MV-4122_S12__NODE_1321_length_10616_cov_61.764984	1	10616	0	0	0	0	0	0
MV-4128_S29__NODE_588_length_10615_cov_13.643561	1	10615	0	0	0	0	0	0
Biragzang__NODE_833_length_10613_cov_35.367020	1	10613	0	0	0	0	0	0
MV-4125_S18__NODE_1040_length_10613_cov_6.961546	1	10613	0	0	0	0	0	0
MV-4125_S18__NODE_1041_length_10609_cov_23.579117	1	10609	0	0	0	0	0	0
Biragzang__NODE_835_length_10604_cov_64.745379	1	10604	0	0	0	0	0	0
MV-4128_S29__NODE_589_length_10604_cov_15.875912	1	10604	0	0	0	0	0	0
cell-4122-0-44_S10__NODE_186_length_10604_cov_54.743104	1	10604	0	0	0	0	0	0
MV-4122_S12__NODE_1322_length_10603_cov_29.021615	1	10603	0	0	0	0	0	0
MV-4122_S12__NODE_1324_length_10599_cov_41.098350	1	10599	0	0	0	0	0	0
MV-4128_S29__NODE_590_length_10596_cov_28.362205	1	10596	0	0	0	0	0	0
MV-4128_S29__NODE_591_length_10595_cov_19.003131	1	10595	0	0	0	0	0	0
MV-4122_S12__NODE_1325_length_10594_cov_12.203814	1	10594	0	0	0	0	0	0
MV-4122_S12__NODE_1326_length_10594_cov_10.230098	1	10594	0	0	0	0	0	0
cell-4122-0-44_S10__NODE_187_length_10592_cov_67.956724	1	10592	0	0	0	0	0	0
MV-4125_S18__NODE_1043_length_10591_cov_23.372342	1	10591	0	0	0	0	0	0
MV-4122_S12__NODE_1327_length_10586_cov_11.316399	1	10586	0	0	0	0	0	0
MV-4128_S29__NODE_592_length_10584_cov_13.674898	1	10584	0	0	0	0	0	0
Biragzang__NODE_837_length_10582_cov_32.202812	1	10582	0	0	0	0	0	0
MV-4128_S29__NODE_594_length_10576_cov_18.488071	1	10576	0	0	0	0	0	0
Biragzang__NODE_838_length_10573_cov_35.421848	1	10573	0	0	0	0	0	0
Biragzang__NODE_840_length_10567_cov_47.475552	1	10567	0	0	0	0	0	0
MV-4128_S29__NODE_595_length_10567_cov_31.620624	1	10567	0	0	0	0	0	0
cell-4122-0-44_S10__NODE_188_length_10566_cov_51.148796	1	10566	0	0	0	0	0	0
MV-4125_S18__NODE_1045_length_10558_cov_24.916881	1	10558	0	0	0	0	0	0
MV-4128_S29__NODE_596_length_10551_cov_24.332698	1	10551	0	0	0	0	0	0
Biragzang__NODE_841_length_10547_cov_27.651544	1	10547	0	0	0	0	0	0
MV-4125_S18__NODE_1048_length_10542_cov_9.229713	1	10542	0	0	0	0	0	0
MV-4125_S18__NODE_1050_length_10537_cov_16.881511	1	10537	0	0	0	0	0	0
Biragzang__NODE_843_length_10536_cov_26.909551	1	10536	0	0	0	0	0	0
MV-4122_S12__NODE_1328_length_10536_cov_12.684572	1	10536	0	0	0	0	0	0
MV-4122_S12__NODE_1329_length_10535_cov_25.974427	1	10535	0	0	0	0	0	0
MV-4128_S29__NODE_598_length_10532_cov_787.402787	1	10532	0	0	0	0	0	0
MV-4122_S12__NODE_1330_length_10528_cov_54.238327	1	10528	0	0	0	0	0	0
cell-4122-0-44_S10__NODE_189_length_10519_cov_516.845757	1	10519	0	0	0	0	0	0
Biragzang__NODE_844_length_10515_cov_5.990249	1	10515	0	0	0	0	0	0
cell-4122-0-44_S10__NODE_190_length_10514_cov_43.605412	1	10514	0	0	0	0	0	0
MV-4122_S12__NODE_1331_length_10512_cov_23.731663	1	10512	0	0	0	0	0	0
MV-4128_S29__NODE_599_length_10506_cov_11.817912	1	10506	0	0	0	0	0	0
Biragzang__NODE_847_length_10505_cov_6.178756	1	10505	0	0	0	0	0	0
MV-4122_S12__NODE_1332_length_10504_cov_28.497751	1	10504	0	0	0	0	0	0
MV-4122_S12__NODE_1333_length_10503_cov_26.710854	1	10503	0	0	0	0	0	0
MV-4122_S12__NODE_1334_length_10503_cov_8.561256	1	10503	0	0	0	0	0	0
MV-4125_S18__NODE_1051_length_10502_cov_7.365272	1	10502	0	0	0	0	0	0
MV-4125_S18__NODE_1052_length_10501_cov_17.079265	1	10501	0	0	0	0	0	0
MV-4128_S29__NODE_600_length_10499_cov_21.924263	1	10499	0	0	0	0	0	0
MV-4122_S12__NODE_1335_length_10497_cov_24.902988	1	10497	0	0	0	0	0	0
MV-4122_S12__NODE_1336_length_10495_cov_10.352682	1	10495	0	0	0	0	0	0
Biragzang__NODE_848_length_10492_cov_12.808566	1	10492	0	0	0	0	0	0
MV-4122_S12__NODE_1337_length_10490_cov_22.390417	1	10490	0	0	0	0	0	0
MV-4128_S29__NODE_601_length_10488_cov_14.451452	1	10488	0	0	0	0	0	0
MV-4125_S18__NODE_1055_length_10487_cov_7.107362	1	10487	0	0	0	0	0	0
MV-4128_S29__NODE_602_length_10484_cov_18.524978	1	10484	0	0	0	0	0	0
Biragzang__NODE_850_length_10477_cov_48.039628	1	10477	0	0	0	0	0	0
MV-4125_S18__NODE_1056_length_10474_cov_28.794030	1	10474	0	0	0	0	0	0
MV-4122_S12__NODE_1338_length_10473_cov_19.599731	1	10473	0	0	0	0	0	0
cell-4122-0-44_S10__NODE_191_length_10470_cov_68.609602	1	10470	0	0	0	0	0	0
Biragzang__NODE_851_length_10468_cov_6.477672	1	10468	0	0	0	0	0	0
Biragzang__NODE_852_length_10462_cov_39.170654	1	10462	0	0	0	0	0	0
Biragzang__NODE_853_length_10460_cov_23.733205	1	10460	0	0	0	0	0	0
MV-4122_S12__NODE_1339_length_10454_cov_45.823060	1	10454	0	0	0	0	0	0
MV-4122_S12__NODE_1340_length_10454_cov_9.416675	1	10454	0	0	0	0	0	0
MV-4128_S29__NODE_605_length_10452_cov_24.451284	1	10452	0	0	0	0	0	0
MV-4122_S12__NODE_1341_length_10451_cov_10.457195	1	10451	0	0	0	0	0	0
Biragzang__NODE_855_length_10449_cov_43.985761	1	10449	0	0	0	0	0	0
cell-4122-0-44_S10__NODE_192_length_10448_cov_19.912922	1	10448	0	0	0	0	0	0
Biragzang__NODE_856_length_10447_cov_50.972768	1	10447	0	0	0	0	0	0
MV-4125_S18__NODE_1059_length_10447_cov_27.313510	1	10447	0	0	0	0	0	0
MV-4125_S18__NODE_1061_length_10445_cov_8.343985	1	10445	0	0	0	0	0	0
MV-4128_S29__NODE_607_length_10440_cov_16.556476	1	10440	0	0	0	0	0	0
MV-4128_S29__NODE_608_length_10436_cov_20.162508	1	10436	0	0	0	0	0	0
MV-4125_S18__NODE_1063_length_10434_cov_24.250795	1	10434	0	0	0	0	0	0
MV-4122_S12__NODE_1342_length_10426_cov_26.027480	1	10426	0	0	0	0	0	0
MV-4125_S18__NODE_1065_length_10422_cov_17.283303	1	10422	0	0	0	0	0	0
Biragzang__NODE_858_length_10418_cov_11.150922	1	10418	0	0	0	0	0	0
MV-4122_S12__NODE_1343_length_10417_cov_11.550376	1	10417	0	0	0	0	0	0
Biragzang__NODE_859_length_10416_cov_10.150275	1	10416	0	0	0	0	0	0
MV-4128_S29__NODE_609_length_10415_cov_17.972490	1	10415	0	0	0	0	0	0
MV-4122_S12__NODE_1344_length_10408_cov_12.422969	1	10408	0	0	0	0	0	0
Biragzang__NODE_862_length_10406_cov_7.113033	1	10406	0	0	0	0	0	0
MV-4122_S12__NODE_1345_length_10398_cov_8.455380	1	10398	0	0	0	0	0	0
cell-4122-0-44_S10__NODE_193_length_10394_cov_14.748912	1	10394	0	0	0	0	0	0
cell-4122-0-44_S10__NODE_194_length_10385_cov_750.506292	1	10385	0	0	0	0	0	0
cell-4122-0-44_S10__NODE_195_length_10377_cov_59.963670	1	10377	0	0	0	0	0	0
MV-4122_S12__NODE_1346_length_10374_cov_10.739413	1	10374	0	0	0	0	0	0
MV-4122_S12__NODE_1347_length_10373_cov_8.081411	1	10373	0	0	0	0	0	0
MV-4122_S12__NODE_1348_length_10364_cov_24.731303	1	10364	0	0	0	0	0	0
MV-4125_S18__NODE_1071_length_10364_cov_28.750121	1	10364	0	0	0	0	0	0
cell-4125-0-44_S16__NODE_89_length_10362_cov_7.833802	1	10362	0	0	0	0	0	0
MV-4122_S12__NODE_1349_length_10358_cov_9.621275	1	10358	0	0	0	0	0	0
MV-4122_S12__NODE_1350_length_10355_cov_7.646796	1	10355	0	0	0	0	0	0
MV-4128_S29__NODE_610_length_10353_cov_26.812197	1	10353	0	0	0	0	0	0
cell-4122-0-44_S10__NODE_196_length_10352_cov_52.946975	1	10352	0	0	0	0	0	0
cell-4125-0-44_S16__NODE_90_length_10352_cov_6.615616	1	10352	0	0	0	0	0	0
Biragzang__NODE_871_length_10343_cov_47.149495	1	10343	0	0	0	0	0	0
Biragzang__NODE_872_length_10336_cov_28.992121	1	10336	0	0	0	0	0	0
cell-4122-0-44_S10__NODE_197_length_10334_cov_27.849791	1	10334	0	0	0	0	0	0
MV-4122_S12__NODE_1351_length_10333_cov_12.183985	1	10333	0	0	0	0	0	0
cell-4122-0-44_S10__NODE_198_length_10333_cov_26.070734	1	10333	0	0	0	0	0	0
MV-4122_S12__NODE_1352_length_10332_cov_14.192274	1	10332	0	0	0	0	0	0
MV-4125_S18__NODE_1074_length_10326_cov_6.145653	1	10326	0	0	0	0	0	0
Biragzang__NODE_873_length_10318_cov_50.292897	1	10318	0	0	0	0	0	0
cell-4122-0-44_S10__NODE_199_length_10313_cov_40.125171	1	10313	0	0	0	0	0	0
MV-4122_S12__NODE_1353_length_10311_cov_28.891673	1	10311	0	0	0	0	0	0
MV-4125_S18__NODE_1078_length_10302_cov_9.212355	1	10302	0	0	0	0	0	0
MV-4122_S12__NODE_1355_length_10297_cov_11.938098	1	10297	0	0	0	0	0	0
MV-4122_S12__NODE_1357_length_10288_cov_10.950943	1	10288	0	0	0	0	0	0
Biragzang__NODE_874_length_10286_cov_44.662887	1	10286	0	0	0	0	0	0
Biragzang__NODE_875_length_10284_cov_6.031479	1	10284	0	0	0	0	0	0
MV-4128_S29__NODE_611_length_10282_cov_14.924514	1	10282	0	0	0	0	0	0
MV-4125_S18__NODE_1079_length_10281_cov_20.008703	1	10281	0	0	0	0	0	0
MV-4125_S18__NODE_1080_length_10278_cov_65.964296	1	10278	0	0	0	0	0	0
Biragzang__NODE_878_length_10267_cov_15.371230	1	10267	0	0	0	0	0	0
MV-4122_S12__NODE_1358_length_10261_cov_25.367823	1	10261	0	0	0	0	0	0
MV-4122_S12__NODE_1359_length_10257_cov_28.942952	1	10257	0	0	0	0	0	0
Biragzang__NODE_879_length_10256_cov_10.516812	1	10256	0	0	0	0	0	0
MV-4128_S29__NODE_612_length_10255_cov_16.200588	1	10255	0	0	0	0	0	0
MV-4122_S12__NODE_1360_length_10247_cov_27.472331	1	10247	0	0	0	0	0	0
Biragzang__NODE_882_length_10244_cov_32.639709	1	10244	0	0	0	0	0	0
MV-4122_S12__NODE_1361_length_10242_cov_41.314028	1	10242	0	0	0	0	0	0
MV-4125_S18__NODE_1082_length_10241_cov_20.450520	1	10241	0	0	0	0	0	0
MV-4122_S12__NODE_1362_length_10237_cov_12.505795	1	10237	0	0	0	0	0	0
MV-4125_S18__NODE_1083_length_10233_cov_8.490863	1	10233	0	0	0	0	0	0
MV-4122_S12__NODE_1363_length_10230_cov_20.685504	1	10230	0	0	0	0	0	0
MV-4125_S18__NODE_1085_length_10223_cov_7.933714	1	10223	0	0	0	0	0	0
Biragzang__NODE_886_length_10220_cov_13.598819	1	10220	0	0	0	0	0	0
MV-4125_S18__NODE_1086_length_10220_cov_25.207182	1	10220	0	0	0	0	0	0
MV-4125_S18__NODE_1088_length_10213_cov_24.893581	1	10213	0	0	0	0	0	0
MV-4122_S12__NODE_1364_length_10209_cov_10.507091	1	10209	0	0	0	0	0	0
cell-4122-0-44_S10__NODE_200_length_10207_cov_9.648739	1	10207	0	0	0	0	0	0
cell-4122-0-44_S10__NODE_201_length_10203_cov_69.872093	1	10203	0	0	0	0	0	0
cell-4122-0-44_S10__NODE_202_length_10200_cov_70.531395	1	10200	0	0	0	0	0	0
Biragzang__NODE_888_length_10197_cov_11.219976	1	10197	0	0	0	0	0	0
cell-4122-0-44_S10__NODE_203_length_10195_cov_61.450099	1	10195	0	0	0	0	0	0
MV-4125_S18__NODE_1090_length_10189_cov_8.349122	1	10189	0	0	0	0	0	0
MV-4122_S12__NODE_1367_length_10188_cov_10.239416	1	10188	0	0	0	0	0	0
MV-4122_S12__NODE_1368_length_10187_cov_7.161666	1	10187	0	0	0	0	0	0
MV-4122_S12__NODE_1370_length_10184_cov_25.349393	1	10184	0	0	0	0	0	0
MV-4122_S12__NODE_1371_length_10184_cov_14.998717	1	10184	0	0	0	0	0	0
MV-4122_S12__NODE_1372_length_10180_cov_31.132049	1	10180	0	0	0	0	0	0
Biragzang__NODE_891_length_10176_cov_11.838059	1	10176	0	0	0	0	0	0
MV-4128_S29__NODE_613_length_10169_cov_17.854459	1	10169	0	0	0	0	0	0
cell-4122-0-22_S11__NODE_73_length_10169_cov_11.500692	1	10169	0	0	0	0	0	0
cell-4125-0-44_S16__NODE_93_length_10167_cov_5.869264	1	10167	0	0	0	0	0	0
MV-4128_S29__NODE_614_length_10166_cov_23.286915	1	10166	0	0	0	0	0	0
MV-4122_S12__NODE_1374_length_10161_cov_10.446863	1	10161	0	0	0	0	0	0
Biragzang__NODE_895_length_10152_cov_6.801228	1	10152	0	0	0	0	0	0
MV-4125_S18__NODE_1092_length_10149_cov_8.138696	1	10149	0	0	0	0	0	0
MV-4128_S29__NODE_616_length_10148_cov_12.206876	1	10148	0	0	0	0	0	0
cell-4122-0-44_S10__NODE_204_length_10144_cov_53.442462	1	10144	0	0	0	0	0	0
MV-4122_S12__NODE_1376_length_10141_cov_46.045905	1	10141	0	0	0	0	0	0
MV-4122_S12__NODE_1377_length_10141_cov_27.499108	1	10141	0	0	0	0	0	0
cell-4125-0-44_S16__NODE_94_length_10140_cov_6.460387	1	10140	0	0	0	0	0	0
Biragzang__NODE_897_length_10133_cov_41.095753	1	10133	0	0	0	0	0	0
MV-4128_S29__NODE_617_length_10133_cov_14.771185	1	10133	0	0	0	0	0	0
MV-4122_S12__NODE_1379_length_10132_cov_106.179518	1	10132	0	0	0	0	0	0
MV-4128_S29__NODE_618_length_10131_cov_12.693430	1	10131	0	0	0	0	0	0
MV-4122_S12__NODE_1380_length_10130_cov_24.178660	1	10130	0	0	0	0	0	0
MV-4125_S18__NODE_1093_length_10124_cov_6.221571	1	10124	0	0	0	0	0	0
MV-4122_S12__NODE_1381_length_10122_cov_5.211880	1	10122	0	0	0	0	0	0
MV-4128_S29__NODE_619_length_10119_cov_28.658287	1	10119	0	0	0	0	0	0
MV-4122_S12__NODE_1382_length_10117_cov_12.135162	1	10117	0	0	0	0	0	0
MV-4122_S12__NODE_1383_length_10116_cov_12.513368	1	10116	0	0	0	0	0	0
MV-4125_S18__NODE_1094_length_10115_cov_21.555964	1	10115	0	0	0	0	0	0
MV-4128_S29__NODE_620_length_10114_cov_13.353017	1	10114	0	0	0	0	0	0
MV-4122_S12__NODE_1385_length_10111_cov_20.295943	1	10111	0	0	0	0	0	0
MV-4122_S12__NODE_1386_length_10111_cov_20.025259	1	10111	0	0	0	0	0	0
MV-4128_S29__NODE_621_length_10109_cov_19.202606	1	10109	0	0	0	0	0	0
MV-4128_S29__NODE_622_length_10109_cov_16.089517	1	10109	0	0	0	0	0	0
MV-4128_S29__NODE_623_length_10105_cov_28.352836	1	10105	0	0	0	0	0	0
MV-4122_S12__NODE_1387_length_10099_cov_23.730984	1	10099	0	0	0	0	0	0
MV-4125_S18__NODE_1095_length_10099_cov_5.955297	1	10099	0	0	0	0	0	0
cell-4125-0-44_S16__NODE_95_length_10095_cov_6.980478	1	10095	0	0	0	0	0	0
Biragzang__NODE_903_length_10093_cov_7.274258	1	10093	0	0	0	0	0	0
Biragzang__NODE_905_length_10091_cov_6.245018	1	10091	0	0	0	0	0	0
MV-4125_S18__NODE_1096_length_10090_cov_22.322770	1	10090	0	0	0	0	0	0
Biragzang__NODE_906_length_10089_cov_66.612916	1	10089	0	0	0	0	0	0
MV-4125_S18__NODE_1097_length_10080_cov_17.030623	1	10080	0	0	0	0	0	0
MV-4128_S29__NODE_625_length_10079_cov_23.329908	1	10079	0	0	0	0	0	0
MV-4125_S18__NODE_1098_length_10075_cov_28.315868	1	10075	0	0	0	0	0	0
MV-4122_S12__NODE_1388_length_10074_cov_36.443358	1	10074	0	0	0	0	0	0
MV-4125_S18__NODE_1099_length_10073_cov_59.421541	1	10073	0	0	0	0	0	0
MV-4125_S18__NODE_1100_length_10073_cov_14.902176	1	10073	0	0	0	0	0	0
MV-4128_S29__NODE_628_length_10073_cov_14.859553	1	10073	0	0	0	0	0	0
MV-4122_S12__NODE_1389_length_10072_cov_9.020964	1	10072	0	0	0	0	0	0
MV-4122_S12__NODE_1390_length_10069_cov_14.704614	1	10069	0	0	0	0	0	0
MV-4122_S12__NODE_1391_length_10065_cov_11.545854	1	10065	0	0	0	0	0	0
cell-4125-0-44_S16__NODE_97_length_10061_cov_7.182990	1	10061	0	0	0	0	0	0
MV-4122_S12__NODE_1392_length_10055_cov_27.025400	1	10055	0	0	0	0	0	0
MV-4122_S12__NODE_1393_length_10054_cov_13.413041	1	10054	0	0	0	0	0	0
MV-4125_S18__NODE_1106_length_10053_cov_24.926985	1	10053	0	0	0	0	0	0
cell-4125-0-44_S16__NODE_98_length_10042_cov_6.913287	1	10042	0	0	0	0	0	0
MV-4128_S29__NODE_630_length_10040_cov_27.747822	1	10040	0	0	0	0	0	0
cell-4122-0-44_S10__NODE_205_length_10038_cov_11.420815	1	10038	0	0	0	0	0	0
MV-4122_S12__NODE_1394_length_10037_cov_89.723803	1	10037	0	0	0	0	0	0
MV-4122_S12__NODE_1395_length_10037_cov_77.960329	1	10037	0	0	0	0	0	0
Biragzang__NODE_909_length_10036_cov_39.861136	1	10036	0	0	0	0	0	0
MV-4122_S12__NODE_1396_length_10036_cov_14.491434	1	10036	0	0	0	0	0	0
cell-4122-0-44_S10__NODE_206_length_10032_cov_15.105242	1	10032	0	0	0	0	0	0
MV-4125_S18__NODE_1107_length_10029_cov_20.513335	1	10029	0	0	0	0	0	0
MV-4122_S12__NODE_1397_length_10024_cov_62.330224	1	10024	0	0	0	0	0	0
MV-4128_S29__NODE_631_length_10022_cov_20.634093	1	10022	0	0	0	0	0	0
MV-4125_S18__NODE_1109_length_10020_cov_7.377622	1	10020	0	0	0	0	0	0
MV-4125_S18__NODE_1110_length_10013_cov_54.010243	1	10013	0	0	0	0	0	0
MV-4122_S12__NODE_1398_length_10012_cov_38.706136	1	10012	0	0	0	0	0	0
MV-4122_S12__NODE_1399_length_10009_cov_28.799779	1	10009	0	0	0	0	0	0
cell-4125-0-44_S16__NODE_100_length_10006_cov_6.524068	1	10006	0	0	0	0	0	0
Biragzang__NODE_913_length_10004_cov_5.827118	1	10004	0	0	0	0	0	0
MV-4122_S12__NODE_1400_length_10000_cov_28.974359	1	10000	0	0	0	0	0	0
MV-4125_S18__NODE_1115_length_9999_cov_6.483608	1	9999	0	0	0	0	0	0
Biragzang__NODE_914_length_9998_cov_40.139797	1	9998	0	0	0	0	0	0
Biragzang__NODE_915_length_9996_cov_6.949804	1	9996	0	0	0	0	0	0
MV-4125_S18__NODE_1116_length_9994_cov_16.884093	1	9994	0	0	0	0	0	0
MV-4122_S12__NODE_1401_length_9986_cov_12.177726	1	9986	0	0	0	0	0	0
MV-4122_S12__NODE_1402_length_9985_cov_7.694763	1	9985	0	0	0	0	0	0
MV-4122_S12__NODE_1403_length_9981_cov_22.464840	1	9981	0	0	0	0	0	0
MV-4122_S12__NODE_1404_length_9977_cov_25.941242	1	9977	0	0	0	0	0	0
Biragzang__NODE_919_length_9976_cov_43.541578	1	9976	0	0	0	0	0	0
MV-4125_S18__NODE_1118_length_9975_cov_5.360484	1	9975	0	0	0	0	0	0
Biragzang__NODE_923_length_9972_cov_11.419683	1	9972	0	0	0	0	0	0
MV-4122_S12__NODE_1405_length_9970_cov_12.259304	1	9970	0	0	0	0	0	0
MV-4122_S12__NODE_1406_length_9962_cov_8.635712	1	9962	0	0	0	0	0	0
MV-4128_S29__NODE_633_length_9961_cov_31.258328	1	9961	0	0	0	0	0	0
MV-4125_S18__NODE_1120_length_9958_cov_8.624760	1	9958	0	0	0	0	0	0
MV-4122_S12__NODE_1407_length_9955_cov_23.804747	1	9955	0	0	0	0	0	0
MV-4122_S12__NODE_1408_length_9954_cov_21.317507	1	9954	0	0	0	0	0	0
MV-4125_S18__NODE_1122_length_9952_cov_19.271698	1	9952	0	0	0	0	0	0
MV-4125_S18__NODE_1123_length_9952_cov_7.664141	1	9952	0	0	0	0	0	0
MV-4125_S18__NODE_1124_length_9948_cov_20.582331	1	9948	0	0	0	0	0	0
MV-4125_S18__NODE_1125_length_9945_cov_13.275430	1	9945	0	0	0	0	0	0
cell-4125-0-44_S16__NODE_101_length_9944_cov_8.979270	1	9944	0	0	0	0	0	0
MV-4125_S18__NODE_1126_length_9940_cov_6.936773	1	9940	0	0	0	0	0	0
MV-4122_S12__NODE_1409_length_9934_cov_11.267942	1	9934	0	0	0	0	0	0
Biragzang__NODE_927_length_9931_cov_17.571081	1	9931	0	0	0	0	0	0
cell-4125-0-44_S16__NODE_102_length_9930_cov_7.824506	1	9930	0	0	0	0	0	0
Biragzang__NODE_929_length_9929_cov_7.240024	1	9929	0	0	0	0	0	0
MV-4122_S12__NODE_1410_length_9929_cov_7.877557	1	9929	0	0	0	0	0	0
MV-4122_S12__NODE_1412_length_9926_cov_19.462668	1	9926	0	0	0	0	0	0
MV-4122_S12__NODE_1413_length_9924_cov_34.076604	1	9924	0	0	0	0	0	0
MV-4122_S12__NODE_1414_length_9915_cov_22.790568	1	9915	0	0	0	0	0	0
MV-4128_S29__NODE_635_length_9915_cov_16.967241	1	9915	0	0	0	0	0	0
MV-4122_S12__NODE_1415_length_9914_cov_17.661020	1	9914	0	0	0	0	0	0
cell-4122-0-44_S10__NODE_208_length_9913_cov_29.531447	1	9913	0	0	0	0	0	0
MV-4125_S18__NODE_1129_length_9911_cov_17.551035	1	9911	0	0	0	0	0	0
cell-4122-0-44_S10__NODE_209_length_9908_cov_52.564194	1	9908	0	0	0	0	0	0
MV-4122_S12__NODE_1416_length_9904_cov_12.893999	1	9904	0	0	0	0	0	0
MV-4128_S29__NODE_636_length_9901_cov_29.481109	1	9901	0	0	0	0	0	0
MV-4122_S12__NODE_1417_length_9900_cov_12.597664	1	9900	0	0	0	0	0	0
MV-4122_S12__NODE_1418_length_9899_cov_23.676656	1	9899	0	0	0	0	0	0
Biragzang__NODE_931_length_9897_cov_12.936700	1	9897	0	0	0	0	0	0
MV-4122_S12__NODE_1419_length_9897_cov_41.711644	1	9897	0	0	0	0	0	0
MV-4125_S18__NODE_1131_length_9896_cov_28.827863	1	9896	0	0	0	0	0	0
cell-4125-0-44_S16__NODE_104_length_9894_cov_7.913914	1	9894	0	0	0	0	0	0
MV-4122_S12__NODE_1420_length_9890_cov_23.722318	1	9890	0	0	0	0	0	0
MV-4122_S12__NODE_1421_length_9887_cov_21.376017	1	9887	0	0	0	0	0	0
cell-4125-0-44_S16__NODE_105_length_9885_cov_6.950763	1	9885	0	0	0	0	0	0
MV-4128_S29__NODE_638_length_9884_cov_23.899786	1	9884	0	0	0	0	0	0
MV-4128_S29__NODE_639_length_9882_cov_25.179505	1	9882	0	0	0	0	0	0
MV-4128_S29__NODE_640_length_9877_cov_15.058949	1	9877	0	0	0	0	0	0
MV-4122_S12__NODE_1422_length_9876_cov_8.581407	1	9876	0	0	0	0	0	0
MV-4122_S12__NODE_1423_length_9874_cov_43.812812	1	9874	0	0	0	0	0	0
MV-4122_S12__NODE_1424_length_9874_cov_5.606172	1	9874	0	0	0	0	0	0
MV-4122_S12__NODE_1425_length_9873_cov_32.955999	1	9873	0	0	0	0	0	0
MV-4128_S29__NODE_641_length_9873_cov_226.239866	1	9873	0	0	0	0	0	0
Biragzang__NODE_932_length_9864_cov_14.917219	1	9864	0	0	0	0	0	0
MV-4128_S29__NODE_642_length_9863_cov_28.726346	1	9863	0	0	0	0	0	0
MV-4122_S12__NODE_1426_length_9861_cov_7.542423	1	9861	0	0	0	0	0	0
MV-4125_S18__NODE_1134_length_9854_cov_23.804470	1	9854	0	0	0	0	0	0
Biragzang__NODE_934_length_9851_cov_35.164149	1	9851	0	0	0	0	0	0
Biragzang__NODE_935_length_9850_cov_5.559775	1	9850	0	0	0	0	0	0
MV-4122_S12__NODE_1427_length_9848_cov_39.229041	1	9848	0	0	0	0	0	0
cell-4122-0-44_S10__NODE_210_length_9847_cov_44.878574	1	9847	0	0	0	0	0	0
cell-4122-0-44_S10__NODE_211_length_9844_cov_40.870875	1	9844	0	0	0	0	0	0
MV-4122_S12__NODE_1429_length_9843_cov_7.395484	1	9843	0	0	0	0	0	0
cell-4122-0-44_S10__NODE_212_length_9841_cov_61.445126	1	9841	0	0	0	0	0	0
cell-4125-0-44_S16__NODE_106_length_9841_cov_6.751788	1	9841	0	0	0	0	0	0
Biragzang__NODE_940_length_9836_cov_37.455270	1	9836	0	0	0	0	0	0
MV-4122_S12__NODE_1430_length_9832_cov_34.368211	1	9832	0	0	0	0	0	0
Biragzang__NODE_941_length_9824_cov_7.006551	1	9824	0	0	0	0	0	0
MV-4122_S12__NODE_1431_length_9820_cov_12.117768	1	9820	0	0	0	0	0	0
Biragzang__NODE_943_length_9819_cov_17.300184	1	9819	0	0	0	0	0	0
MV-4128_S29__NODE_644_length_9819_cov_23.884269	1	9819	0	0	0	0	0	0
MV-4128_S29__NODE_645_length_9814_cov_14.461215	1	9814	0	0	0	0	0	0
cell-4122-0-44_S10__NODE_213_length_9811_cov_46.382124	1	9811	0	0	0	0	0	0
MV-4125_S18__NODE_1135_length_9810_cov_8.209431	1	9810	0	0	0	0	0	0
MV-4122_S12__NODE_1432_length_9806_cov_8.285099	1	9806	0	0	0	0	0	0
cell-4122-0-44_S10__NODE_214_length_9801_cov_20.498461	1	9801	0	0	0	0	0	0
MV-4128_S29__NODE_646_length_9799_cov_12.814245	1	9799	0	0	0	0	0	0
cell-4125-0-44_S16__NODE_107_length_9798_cov_20.242123	1	9798	0	0	0	0	0	0
Biragzang__NODE_946_length_9796_cov_27.821374	1	9796	0	0	0	0	0	0
Biragzang__NODE_947_length_9793_cov_6.277983	1	9793	0	0	0	0	0	0
MV-4122_S12__NODE_1433_length_9793_cov_9.960053	1	9793	0	0	0	0	0	0
MV-4125_S18__NODE_1136_length_9791_cov_80.112264	1	9791	0	0	0	0	0	0
cell-4125-0-44_S16__NODE_108_length_9790_cov_5.757884	1	9790	0	0	0	0	0	0
MV-4122_S12__NODE_1434_length_9789_cov_10.066879	1	9789	0	0	0	0	0	0
Biragzang__NODE_949_length_9783_cov_14.926295	1	9783	0	0	0	0	0	0
MV-4122_S12__NODE_1435_length_9783_cov_22.799856	1	9783	0	0	0	0	0	0
MV-4122_S12__NODE_1436_length_9782_cov_13.317261	1	9782	0	0	0	0	0	0
MV-4125_S18__NODE_1139_length_9782_cov_19.981186	1	9782	0	0	0	0	0	0
Biragzang__NODE_951_length_9776_cov_12.955766	1	9776	0	0	0	0	0	0
MV-4128_S29__NODE_648_length_9775_cov_6.329218	1	9775	0	0	0	0	0	0
Biragzang__NODE_952_length_9772_cov_27.380158	1	9772	0	0	0	0	0	0
MV-4125_S18__NODE_1141_length_9772_cov_6.547494	1	9772	0	0	0	0	0	0
MV-4125_S18__NODE_1142_length_9772_cov_5.782855	1	9772	0	0	0	0	0	0
Biragzang__NODE_953_length_9771_cov_14.441231	1	9771	0	0	0	0	0	0
Biragzang__NODE_954_length_9769_cov_19.362467	1	9769	0	0	0	0	0	0
MV-4125_S18__NODE_1143_length_9768_cov_9.985895	1	9768	0	0	0	0	0	0
MV-4125_S18__NODE_1144_length_9768_cov_6.903222	1	9768	0	0	0	0	0	0
MV-4125_S18__NODE_1145_length_9763_cov_7.076947	1	9763	0	0	0	0	0	0
MV-4122_S12__NODE_1438_length_9755_cov_20.530825	1	9755	0	0	0	0	0	0
MV-4122_S12__NODE_1439_length_9752_cov_25.165206	1	9752	0	0	0	0	0	0
MV-4122_S12__NODE_1440_length_9751_cov_22.548886	1	9751	0	0	0	0	0	0
MV-4128_S29__NODE_649_length_9749_cov_25.809676	1	9749	0	0	0	0	0	0
Biragzang__NODE_956_length_9746_cov_9.463832	1	9746	0	0	0	0	0	0
MV-4128_S29__NODE_650_length_9743_cov_11.552642	1	9743	0	0	0	0	0	0
cell-4122-0-44_S10__NODE_215_length_9742_cov_15.072778	1	9742	0	0	0	0	0	0
Biragzang__NODE_957_length_9739_cov_6.414188	1	9739	0	0	0	0	0	0
MV-4128_S29__NODE_651_length_9736_cov_12.854354	1	9736	0	0	0	0	0	0
MV-4122_S12__NODE_1441_length_9735_cov_39.259607	1	9735	0	0	0	0	0	0
cell-4125-0-44_S16__NODE_111_length_9730_cov_7.581189	1	9730	0	0	0	0	0	0
MV-4125_S18__NODE_1147_length_9729_cov_6.273620	1	9729	0	0	0	0	0	0
Biragzang__NODE_958_length_9725_cov_50.947880	1	9725	0	0	0	0	0	0
MV-4125_S18__NODE_1148_length_9725_cov_7.322958	1	9725	0	0	0	0	0	0
MV-4125_S18__NODE_1149_length_9724_cov_19.917468	1	9724	0	0	0	0	0	0
MV-4125_S18__NODE_1150_length_9723_cov_7.097849	1	9723	0	0	0	0	0	0
MV-4122_S12__NODE_1444_length_9714_cov_24.960762	1	9714	0	0	0	0	0	0
cell-4122-0-44_S10__NODE_216_length_9709_cov_15.827533	1	9709	0	0	0	0	0	0
MV-4122_S12__NODE_1445_length_9708_cov_24.451569	1	9708	0	0	0	0	0	0
MV-4125_S18__NODE_1153_length_9706_cov_7.400891	1	9706	0	0	0	0	0	0
MV-4122_S12__NODE_1447_length_9697_cov_12.361543	1	9697	0	0	0	0	0	0
Biragzang__NODE_962_length_9692_cov_7.366504	1	9692	0	0	0	0	0	0
MV-4122_S12__NODE_1448_length_9690_cov_11.134925	1	9690	0	0	0	0	0	0
MV-4128_S29__NODE_652_length_9690_cov_14.631033	1	9690	0	0	0	0	0	0
MV-4122_S12__NODE_1449_length_9684_cov_12.125766	1	9684	0	0	0	0	0	0
cell-4125-0-44_S16__NODE_113_length_9684_cov_25.434001	1	9684	0	0	0	0	0	0
cell-4122-0-44_S10__NODE_217_length_9681_cov_13.589653	1	9681	0	0	0	0	0	0
Biragzang__NODE_963_length_9677_cov_7.041675	1	9677	0	0	0	0	0	0
MV-4128_S29__NODE_654_length_9665_cov_26.475650	1	9665	0	0	0	0	0	0
MV-4122_S12__NODE_1450_length_9663_cov_12.658514	1	9663	0	0	0	0	0	0
Biragzang__NODE_964_length_9662_cov_9.949308	1	9662	0	0	0	0	0	0
Biragzang__NODE_965_length_9658_cov_6.654587	1	9658	0	0	0	0	0	0
Biragzang__NODE_966_length_9650_cov_43.142157	1	9650	0	0	0	0	0	0
MV-4122_S12__NODE_1452_length_9645_cov_8.698644	1	9645	0	0	0	0	0	0
cell-4125-0-44_S16__NODE_114_length_9645_cov_6.735871	1	9645	0	0	0	0	0	0
MV-4122_S12__NODE_1453_length_9642_cov_7.815166	1	9642	0	0	0	0	0	0
MV-4122_S12__NODE_1454_length_9641_cov_9.551742	1	9641	0	0	0	0	0	0
MV-4125_S18__NODE_1160_length_9638_cov_11.391214	1	9638	0	0	0	0	0	0
Biragzang__NODE_969_length_9636_cov_19.844380	1	9636	0	0	0	0	0	0
MV-4122_S12__NODE_1455_length_9636_cov_6.692725	1	9636	0	0	0	0	0	0
MV-4128_S29__NODE_655_length_9634_cov_31.074851	1	9634	0	0	0	0	0	0
cell-4122-0-22_S11__NODE_83_length_9634_cov_165.785051	1	9634	0	0	0	0	0	0
MV-4122_S12__NODE_1456_length_9629_cov_7.434406	1	9629	0	0	0	0	0	0
MV-4128_S29__NODE_656_length_9623_cov_25.188963	1	9623	0	0	0	0	0	0
MV-4122_S12__NODE_1457_length_9622_cov_13.420403	1	9622	0	0	0	0	0	0
MV-4125_S18__NODE_1165_length_9612_cov_9.163231	1	9612	0	0	0	0	0	0
MV-4128_S29__NODE_657_length_9611_cov_9.801172	1	9611	0	0	0	0	0	0
MV-4128_S29__NODE_658_length_9611_cov_9.243826	1	9611	0	0	0	0	0	0
MV-4128_S29__NODE_659_length_9607_cov_26.761621	1	9607	0	0	0	0	0	0
Biragzang__NODE_972_length_9606_cov_42.606219	1	9606	0	0	0	0	0	0
MV-4122_S12__NODE_1458_length_9606_cov_8.548948	1	9606	0	0	0	0	0	0
MV-4122_S12__NODE_1460_length_9600_cov_7.090938	1	9600	0	0	0	0	0	0
MV-4125_S18__NODE_1166_length_9600_cov_24.224935	1	9600	0	0	0	0	0	0
MV-4122_S12__NODE_1461_length_9593_cov_34.767456	1	9593	0	0	0	0	0	0
MV-4125_S18__NODE_1168_length_9591_cov_6.725357	1	9591	0	0	0	0	0	0
Biragzang__NODE_978_length_9588_cov_14.046470	1	9588	0	0	0	0	0	0
cell-4122-0-44_S10__NODE_220_length_9583_cov_44.038413	1	9583	0	0	0	0	0	0
MV-4122_S12__NODE_1462_length_9580_cov_48.371129	1	9580	0	0	0	0	0	0
cell-4122-0-44_S10__NODE_221_length_9579_cov_16.859513	1	9579	0	0	0	0	0	0
MV-4122_S12__NODE_1463_length_9577_cov_4.344991	1	9577	0	0	0	0	0	0
MV-4125_S18__NODE_1169_length_9577_cov_29.824722	1	9577	0	0	0	0	0	0
cell-4122-0-44_S10__NODE_222_length_9575_cov_14.680777	1	9575	0	0	0	0	0	0
cell-4122-0-44_S10__NODE_223_length_9575_cov_14.182458	1	9575	0	0	0	0	0	0
MV-4128_S29__NODE_660_length_9569_cov_14.703069	1	9569	0	0	0	0	0	0
MV-4122_S12__NODE_1464_length_9563_cov_12.085612	1	9563	0	0	0	0	0	0
MV-4128_S29__NODE_661_length_9563_cov_13.833193	1	9563	0	0	0	0	0	0
Biragzang__NODE_981_length_9560_cov_6.316465	1	9560	0	0	0	0	0	0
MV-4125_S18__NODE_1172_length_9560_cov_18.875539	1	9560	0	0	0	0	0	0
MV-4122_S12__NODE_1465_length_9555_cov_7.724737	1	9555	0	0	0	0	0	0
MV-4128_S29__NODE_662_length_9555_cov_24.676421	1	9555	0	0	0	0	0	0
MV-4128_S29__NODE_663_length_9555_cov_24.538421	1	9555	0	0	0	0	0	0
MV-4128_S29__NODE_664_length_9551_cov_15.256108	1	9551	0	0	0	0	0	0
MV-4125_S18__NODE_1173_length_9550_cov_7.563454	1	9550	0	0	0	0	0	0
MV-4122_S12__NODE_1467_length_9540_cov_11.726199	1	9540	0	0	0	0	0	0
MV-4122_S12__NODE_1468_length_9537_cov_9.565176	1	9537	0	0	0	0	0	0
MV-4128_S29__NODE_665_length_9537_cov_28.123814	1	9537	0	0	0	0	0	0
MV-4125_S18__NODE_1175_length_9535_cov_9.120570	1	9535	0	0	0	0	0	0
MV-4122_S12__NODE_1470_length_9524_cov_11.951526	1	9524	0	0	0	0	0	0
MV-4122_S12__NODE_1471_length_9520_cov_8.908294	1	9520	0	0	0	0	0	0
MV-4122_S12__NODE_1472_length_9519_cov_6.746619	1	9519	0	0	0	0	0	0
MV-4125_S18__NODE_1178_length_9518_cov_17.187150	1	9518	0	0	0	0	0	0
cell-4122-0-44_S10__NODE_224_length_9518_cov_57.433583	1	9518	0	0	0	0	0	0
MV-4122_S12__NODE_1473_length_9506_cov_27.882658	1	9506	0	0	0	0	0	0
cell-4122-0-44_S10__NODE_225_length_9506_cov_10.085599	1	9506	0	0	0	0	0	0
MV-4125_S18__NODE_1179_length_9503_cov_35.930779	1	9503	0	0	0	0	0	0
MV-4125_S18__NODE_1180_length_9502_cov_15.911824	1	9502	0	0	0	0	0	0
MV-4125_S18__NODE_1181_length_9500_cov_23.525357	1	9500	0	0	0	0	0	0
Biragzang__NODE_985_length_9499_cov_16.490576	1	9499	0	0	0	0	0	0
MV-4122_S12__NODE_1474_length_9499_cov_51.915078	1	9499	0	0	0	0	0	0
MV-4122_S12__NODE_1475_length_9498_cov_24.995023	1	9498	0	0	0	0	0	0
MV-4125_S18__NODE_1182_length_9498_cov_24.659324	1	9498	0	0	0	0	0	0
Biragzang__NODE_986_length_9497_cov_6.466109	1	9497	0	0	0	0	0	0
MV-4122_S12__NODE_1476_length_9494_cov_23.947876	1	9494	0	0	0	0	0	0
cell-4122-0-44_S10__NODE_226_length_9494_cov_13.186990	1	9494	0	0	0	0	0	0
MV-4122_S12__NODE_1477_length_9492_cov_144.151425	1	9492	0	0	0	0	0	0
MV-4125_S18__NODE_1183_length_9491_cov_7.694362	1	9491	0	0	0	0	0	0
MV-4122_S12__NODE_1478_length_9490_cov_8.941918	1	9490	0	0	0	0	0	0
MV-4128_S29__NODE_667_length_9490_cov_12.996820	1	9490	0	0	0	0	0	0
Biragzang__NODE_987_length_9488_cov_27.599809	1	9488	0	0	0	0	0	0
Biragzang__NODE_990_length_9483_cov_10.045397	1	9483	0	0	0	0	0	0
Biragzang__NODE_992_length_9476_cov_10.106358	1	9476	0	0	0	0	0	0
MV-4122_S12__NODE_1479_length_9475_cov_8.347346	1	9475	0	0	0	0	0	0
MV-4128_S29__NODE_668_length_9475_cov_14.755202	1	9475	0	0	0	0	0	0
Biragzang__NODE_993_length_9469_cov_39.031443	1	9469	0	0	0	0	0	0
MV-4122_S12__NODE_1480_length_9465_cov_27.668438	1	9465	0	0	0	0	0	0
MV-4122_S12__NODE_1481_length_9463_cov_12.411565	1	9463	0	0	0	0	0	0
Biragzang__NODE_996_length_9459_cov_7.042110	1	9459	0	0	0	0	0	0
Biragzang__NODE_1000_length_9456_cov_12.641740	1	9456	0	0	0	0	0	0
MV-4125_S18__NODE_1187_length_9451_cov_7.133461	1	9451	0	0	0	0	0	0
Biragzang__NODE_1002_length_9445_cov_7.602449	1	9445	0	0	0	0	0	0
Biragzang__NODE_1005_length_9439_cov_6.484655	1	9439	0	0	0	0	0	0
MV-4128_S29__NODE_669_length_9439_cov_14.363704	1	9439	0	0	0	0	0	0
cell-4122-0-44_S10__NODE_227_length_9435_cov_40.007569	1	9435	0	0	0	0	0	0
MV-4125_S18__NODE_1191_length_9434_cov_6.629172	1	9434	0	0	0	0	0	0
Biragzang__NODE_1008_length_9432_cov_11.998080	1	9432	0	0	0	0	0	0
cell-4122-0-44_S10__NODE_228_length_9429_cov_12.764135	1	9429	0	0	0	0	0	0
MV-4128_S29__NODE_670_length_9428_cov_22.552758	1	9428	0	0	0	0	0	0
Biragzang__NODE_1009_length_9419_cov_29.723622	1	9419	0	0	0	0	0	0
MV-4128_S29__NODE_671_length_9418_cov_15.238278	1	9418	0	0	0	0	0	0
MV-4125_S18__NODE_1193_length_9417_cov_16.828135	1	9417	0	0	0	0	0	0
MV-4122_S12__NODE_1484_length_9414_cov_39.252164	1	9414	0	0	0	0	0	0
MV-4128_S29__NODE_672_length_9409_cov_11.700021	1	9409	0	0	0	0	0	0
MV-4125_S18__NODE_1196_length_9407_cov_22.351155	1	9407	0	0	0	0	0	0
Biragzang__NODE_1011_length_9405_cov_6.469198	1	9405	0	0	0	0	0	0
MV-4128_S29__NODE_673_length_9405_cov_25.453262	1	9405	0	0	0	0	0	0
cell-4125-0-44_S16__NODE_119_length_9399_cov_18.974422	1	9399	0	0	0	0	0	0
Biragzang__NODE_1013_length_9394_cov_40.203983	1	9394	0	0	0	0	0	0
Biragzang__NODE_1014_length_9394_cov_19.658636	1	9394	0	0	0	0	0	0
Biragzang__NODE_1015_length_9390_cov_10.976647	1	9390	0	0	0	0	0	0
cell-4122-0-44_S10__NODE_229_length_9389_cov_24.575745	1	9389	0	0	0	0	0	0
Biragzang__NODE_1016_length_9387_cov_5.620982	1	9387	0	0	0	0	0	0
cell-4122-0-44_S10__NODE_230_length_9386_cov_15.302647	1	9386	0	0	0	0	0	0
MV-4128_S29__NODE_674_length_9384_cov_26.002144	1	9384	0	0	0	0	0	0
MV-4125_S18__NODE_1197_length_9383_cov_6.438036	1	9383	0	0	0	0	0	0
MV-4128_S29__NODE_675_length_9378_cov_4.630376	1	9378	0	0	0	0	0	0
MV-4122_S12__NODE_1486_length_9373_cov_10.194570	1	9373	0	0	0	0	0	0
cell-4125-0-44_S16__NODE_121_length_9372_cov_8.323709	1	9372	0	0	0	0	0	0
Biragzang__NODE_1022_length_9370_cov_10.760064	1	9370	0	0	0	0	0	0
MV-4128_S29__NODE_676_length_9370_cov_21.852818	1	9370	0	0	0	0	0	0
MV-4122_S12__NODE_1487_length_9363_cov_11.396755	1	9363	0	0	0	0	0	0
MV-4128_S29__NODE_677_length_9361_cov_11.914894	1	9361	0	0	0	0	0	0
Biragzang__NODE_1023_length_9360_cov_39.436110	1	9360	0	0	0	0	0	0
cell-4122-0-44_S10__NODE_231_length_9357_cov_10.986347	1	9357	0	0	0	0	0	0
MV-4122_S12__NODE_1488_length_9356_cov_12.535211	1	9356	0	0	0	0	0	0
MV-4125_S18__NODE_1199_length_9356_cov_26.511558	1	9356	0	0	0	0	0	0
Biragzang__NODE_1025_length_9354_cov_7.450586	1	9354	0	0	0	0	0	0
MV-4122_S12__NODE_1489_length_9354_cov_61.616733	1	9354	0	0	0	0	0	0
cell-4125-0-44_S16__NODE_122_length_9354_cov_7.113883	1	9354	0	0	0	0	0	0
MV-4122_S12__NODE_1490_length_9348_cov_12.458732	1	9348	0	0	0	0	0	0
MV-4125_S18__NODE_1200_length_9348_cov_6.731949	1	9348	0	0	0	0	0	0
MV-4125_S18__NODE_1201_length_9346_cov_12.511570	1	9346	0	0	0	0	0	0
MV-4125_S18__NODE_1203_length_9344_cov_8.150931	1	9344	0	0	0	0	0	0
MV-4122_S12__NODE_1491_length_9342_cov_20.590287	1	9342	0	0	0	0	0	0
MV-4122_S12__NODE_1492_length_9341_cov_11.464355	1	9341	0	0	0	0	0	0
MV-4122_S12__NODE_1493_length_9340_cov_37.984383	1	9340	0	0	0	0	0	0
MV-4122_S12__NODE_1494_length_9340_cov_7.599569	1	9340	0	0	0	0	0	0
Biragzang__NODE_1027_length_9333_cov_46.780987	1	9333	0	0	0	0	0	0
Biragzang__NODE_1028_length_9333_cov_13.503449	1	9333	0	0	0	0	0	0
cell-4125-0-44_S16__NODE_124_length_9330_cov_9.045283	1	9330	0	0	0	0	0	0
MV-4122_S12__NODE_1496_length_9329_cov_23.859068	1	9329	0	0	0	0	0	0
cell-4125-0-44_S16__NODE_125_length_9328_cov_6.975952	1	9328	0	0	0	0	0	0
Biragzang__NODE_1033_length_9325_cov_60.346602	1	9325	0	0	0	0	0	0
MV-4122_S12__NODE_1497_length_9325_cov_22.170982	1	9325	0	0	0	0	0	0
MV-4122_S12__NODE_1498_length_9324_cov_13.419247	1	9324	0	0	0	0	0	0
MV-4128_S29__NODE_679_length_9324_cov_16.252023	1	9324	0	0	0	0	0	0
MV-4122_S12__NODE_1499_length_9319_cov_11.898100	1	9319	0	0	0	0	0	0
MV-4122_S12__NODE_1500_length_9317_cov_58.740985	1	9317	0	0	0	0	0	0
MV-4122_S12__NODE_1501_length_9317_cov_9.008637	1	9317	0	0	0	0	0	0
MV-4122_S12__NODE_1502_length_9312_cov_6.762558	1	9312	0	0	0	0	0	0
MV-4128_S29__NODE_680_length_9310_cov_25.873690	1	9310	0	0	0	0	0	0
MV-4122_S12__NODE_1503_length_9309_cov_13.417981	1	9309	0	0	0	0	0	0
MV-4122_S12__NODE_1504_length_9307_cov_49.336468	1	9307	0	0	0	0	0	0
MV-4125_S18__NODE_1206_length_9306_cov_6.774835	1	9306	0	0	0	0	0	0
MV-4125_S18__NODE_1208_length_9303_cov_27.188041	1	9303	0	0	0	0	0	0
cell-4122-0-44_S10__NODE_232_length_9303_cov_69.462370	1	9303	0	0	0	0	0	0
MV-4122_S12__NODE_1505_length_9301_cov_8.152607	1	9301	0	0	0	0	0	0
MV-4125_S18__NODE_1209_length_9300_cov_20.090211	1	9300	0	0	0	0	0	0
Biragzang__NODE_1034_length_9299_cov_12.227391	1	9299	0	0	0	0	0	0
MV-4128_S29__NODE_681_length_9299_cov_26.504760	1	9299	0	0	0	0	0	0
Biragzang__NODE_1035_length_9298_cov_8.562263	1	9298	0	0	0	0	0	0
MV-4128_S29__NODE_682_length_9298_cov_14.534350	1	9298	0	0	0	0	0	0
MV-4122_S12__NODE_1506_length_9297_cov_9.097814	1	9297	0	0	0	0	0	0
MV-4125_S18__NODE_1212_length_9288_cov_7.814795	1	9288	0	0	0	0	0	0
MV-4125_S18__NODE_1213_length_9288_cov_7.505686	1	9288	0	0	0	0	0	0
MV-4128_S29__NODE_684_length_9288_cov_7.047005	1	9288	0	0	0	0	0	0
Biragzang__NODE_1036_length_9286_cov_16.323584	1	9286	0	0	0	0	0	0
MV-4122_S12__NODE_1507_length_9283_cov_15.672627	1	9283	0	0	0	0	0	0
Biragzang__NODE_1039_length_9278_cov_22.327225	1	9278	0	0	0	0	0	0
MV-4122_S12__NODE_1508_length_9275_cov_8.453688	1	9275	0	0	0	0	0	0
MV-4128_S29__NODE_685_length_9274_cov_10.569910	1	9274	0	0	0	0	0	0
MV-4122_S12__NODE_1509_length_9273_cov_11.721957	1	9273	0	0	0	0	0	0
MV-4125_S18__NODE_1215_length_9272_cov_6.391993	1	9272	0	0	0	0	0	0
cell-4122-0-44_S10__NODE_233_length_9269_cov_12.030606	1	9269	0	0	0	0	0	0
MV-4122_S12__NODE_1510_length_9268_cov_28.739173	1	9268	0	0	0	0	0	0
MV-4122_S12__NODE_1511_length_9266_cov_82.683205	1	9266	0	0	0	0	0	0
Biragzang__NODE_1043_length_9265_cov_69.421824	1	9265	0	0	0	0	0	0
MV-4128_S29__NODE_686_length_9261_cov_14.381708	1	9261	0	0	0	0	0	0
cell-4122-0-44_S10__NODE_234_length_9260_cov_15.125910	1	9260	0	0	0	0	0	0
MV-4122_S12__NODE_1512_length_9256_cov_24.420715	1	9256	0	0	0	0	0	0
cell-4125-0-44_S16__NODE_126_length_9256_cov_6.996522	1	9256	0	0	0	0	0	0
MV-4128_S29__NODE_687_length_9255_cov_14.522391	1	9255	0	0	0	0	0	0
MV-4122_S12__NODE_1513_length_9253_cov_11.138400	1	9253	0	0	0	0	0	0
Biragzang__NODE_1048_length_9242_cov_38.825079	1	9242	0	0	0	0	0	0
MV-4122_S12__NODE_1514_length_9242_cov_32.956460	1	9242	0	0	0	0	0	0
MV-4122_S12__NODE_1515_length_9242_cov_15.927615	1	9242	0	0	0	0	0	0
MV-4122_S12__NODE_1516_length_9242_cov_12.103407	1	9242	0	0	0	0	0	0
Biragzang__NODE_1049_length_9241_cov_47.084041	1	9241	0	0	0	0	0	0
MV-4125_S18__NODE_1219_length_9238_cov_20.152565	1	9238	0	0	0	0	0	0
Biragzang__NODE_1052_length_9236_cov_6.951312	1	9236	0	0	0	0	0	0
MV-4122_S12__NODE_1517_length_9236_cov_90.025923	1	9236	0	0	0	0	0	0
Biragzang__NODE_1053_length_9233_cov_6.986272	1	9233	0	0	0	0	0	0
MV-4122_S12__NODE_1518_length_9223_cov_6.616710	1	9223	0	0	0	0	0	0
MV-4125_S18__NODE_1223_length_9223_cov_27.221968	1	9223	0	0	0	0	0	0
MV-4122_S12__NODE_1519_length_9221_cov_29.795003	1	9221	0	0	0	0	0	0
MV-4122_S12__NODE_1520_length_9217_cov_36.806265	1	9217	0	0	0	0	0	0
MV-4122_S12__NODE_1521_length_9216_cov_31.580286	1	9216	0	0	0	0	0	0
MV-4122_S12__NODE_1522_length_9214_cov_11.900535	1	9214	0	0	0	0	0	0
Biragzang__NODE_1057_length_9212_cov_5.571039	1	9212	0	0	0	0	0	0
MV-4122_S12__NODE_1523_length_9209_cov_36.744811	1	9209	0	0	0	0	0	0
cell-4125-0-44_S16__NODE_127_length_9207_cov_7.383960	1	9207	0	0	0	0	0	0
Biragzang__NODE_1059_length_9204_cov_54.098590	1	9204	0	0	0	0	0	0
Biragzang__NODE_1061_length_9200_cov_9.783816	1	9200	0	0	0	0	0	0
MV-4125_S18__NODE_1225_length_9196_cov_20.230391	1	9196	0	0	0	0	0	0
Biragzang__NODE_1062_length_9194_cov_12.332421	1	9194	0	0	0	0	0	0
MV-4122_S12__NODE_1524_length_9193_cov_24.191289	1	9193	0	0	0	0	0	0
MV-4122_S12__NODE_1525_length_9191_cov_12.260398	1	9191	0	0	0	0	0	0
Biragzang__NODE_1064_length_9189_cov_17.031093	1	9189	0	0	0	0	0	0
MV-4122_S12__NODE_1526_length_9189_cov_36.353952	1	9189	0	0	0	0	0	0
cell-4125-0-44_S16__NODE_128_length_9189_cov_6.589774	1	9189	0	0	0	0	0	0
MV-4125_S18__NODE_1226_length_9185_cov_28.134283	1	9185	0	0	0	0	0	0
cell-4122-0-44_S10__NODE_235_length_9175_cov_33.355702	1	9175	0	0	0	0	0	0
cell-4122-0-44_S10__NODE_236_length_9174_cov_13.219542	1	9174	0	0	0	0	0	0
MV-4125_S18__NODE_1228_length_9172_cov_23.201492	1	9172	0	0	0	0	0	0
MV-4122_S12__NODE_1527_length_9169_cov_21.135286	1	9169	0	0	0	0	0	0
MV-4125_S18__NODE_1230_length_9169_cov_18.865262	1	9169	0	0	0	0	0	0
cell-4122-0-44_S10__NODE_237_length_9169_cov_14.859118	1	9169	0	0	0	0	0	0
MV-4122_S12__NODE_1528_length_9168_cov_19.083397	1	9168	0	0	0	0	0	0
cell-4125-0-44_S16__NODE_129_length_9167_cov_6.071005	1	9167	0	0	0	0	0	0
MV-4122_S12__NODE_1529_length_9165_cov_12.513063	1	9165	0	0	0	0	0	0
MV-4122_S12__NODE_1530_length_9163_cov_24.865064	1	9163	0	0	0	0	0	0
MV-4122_S12__NODE_1531_length_9159_cov_22.962764	1	9159	0	0	0	0	0	0
MV-4122_S12__NODE_1532_length_9158_cov_5.325387	1	9158	0	0	0	0	0	0
MV-4128_S29__NODE_688_length_9158_cov_27.207734	1	9158	0	0	0	0	0	0
cell-4122-0-44_S10__NODE_238_length_9158_cov_15.705262	1	9158	0	0	0	0	0	0
Biragzang__NODE_1069_length_9156_cov_41.132733	1	9156	0	0	0	0	0	0
MV-4122_S12__NODE_1533_length_9147_cov_11.795864	1	9147	0	0	0	0	0	0
cell-4125-0-44_S16__NODE_130_length_9146_cov_7.283357	1	9146	0	0	0	0	0	0
MV-4128_S29__NODE_689_length_9139_cov_24.337627	1	9139	0	0	0	0	0	0
MV-4122_S12__NODE_1534_length_9134_cov_23.775967	1	9134	0	0	0	0	0	0
cell-4122-0-44_S10__NODE_239_length_9133_cov_12.184071	1	9133	0	0	0	0	0	0
cell-4125-0-44_S16__NODE_131_length_9130_cov_9.633719	1	9130	0	0	0	0	0	0
MV-4128_S29__NODE_690_length_9129_cov_9.682169	1	9129	0	0	0	0	0	0
Biragzang__NODE_1074_length_9128_cov_6.653808	1	9128	0	0	0	0	0	0
MV-4125_S18__NODE_1239_length_9125_cov_22.676626	1	9125	0	0	0	0	0	0
MV-4122_S12__NODE_1537_length_9124_cov_12.044327	1	9124	0	0	0	0	0	0
Biragzang__NODE_1075_length_9115_cov_58.300110	1	9115	0	0	0	0	0	0
MV-4122_S12__NODE_1539_length_9111_cov_29.734982	1	9111	0	0	0	0	0	0
cell-4125-0-44_S16__NODE_132_length_9106_cov_7.671749	1	9106	0	0	0	0	0	0
MV-4122_S12__NODE_1540_length_9105_cov_11.289392	1	9105	0	0	0	0	0	0
MV-4128_S29__NODE_691_length_9103_cov_15.575155	1	9103	0	0	0	0	0	0
cell-4125-0-44_S16__NODE_133_length_9103_cov_9.300508	1	9103	0	0	0	0	0	0
MV-4128_S29__NODE_692_length_9102_cov_25.944512	1	9102	0	0	0	0	0	0
Biragzang__NODE_1077_length_9094_cov_57.648081	1	9094	0	0	0	0	0	0
MV-4122_S12__NODE_1541_length_9093_cov_28.051228	1	9093	0	0	0	0	0	0
MV-4128_S29__NODE_693_length_9093_cov_13.447002	1	9093	0	0	0	0	0	0
Biragzang__NODE_1078_length_9091_cov_42.531208	1	9091	0	0	0	0	0	0
cell-4125-0-44_S16__NODE_134_length_9090_cov_7.633094	1	9090	0	0	0	0	0	0
cell-4122-0-44_S10__NODE_240_length_9082_cov_8.945608	1	9082	0	0	0	0	0	0
MV-4122_S12__NODE_1543_length_9079_cov_46.015182	1	9079	0	0	0	0	0	0
MV-4125_S18__NODE_1244_length_9079_cov_11.181516	1	9079	0	0	0	0	0	0
MV-4125_S18__NODE_1245_length_9079_cov_6.197252	1	9079	0	0	0	0	0	0
MV-4122_S12__NODE_1545_length_9076_cov_38.592506	1	9076	0	0	0	0	0	0
MV-4128_S29__NODE_694_length_9076_cov_13.792928	1	9076	0	0	0	0	0	0
Biragzang__NODE_1080_length_9074_cov_41.098902	1	9074	0	0	0	0	0	0
MV-4122_S12__NODE_1546_length_9073_cov_9.663562	1	9073	0	0	0	0	0	0
Biragzang__NODE_1081_length_9072_cov_52.291006	1	9072	0	0	0	0	0	0
Biragzang__NODE_1082_length_9071_cov_39.925909	1	9071	0	0	0	0	0	0
MV-4128_S29__NODE_695_length_9068_cov_30.266171	1	9068	0	0	0	0	0	0
MV-4125_S18__NODE_1246_length_9065_cov_6.770699	1	9065	0	0	0	0	0	0
MV-4122_S12__NODE_1547_length_9060_cov_10.384231	1	9060	0	0	0	0	0	0
Biragzang__NODE_1087_length_9059_cov_7.459240	1	9059	0	0	0	0	0	0
MV-4125_S18__NODE_1247_length_9056_cov_6.988001	1	9056	0	0	0	0	0	0
Biragzang__NODE_1089_length_9052_cov_16.017006	1	9052	0	0	0	0	0	0
Biragzang__NODE_1090_length_9051_cov_60.080925	1	9051	0	0	0	0	0	0
MV-4122_S12__NODE_1548_length_9047_cov_13.021464	1	9047	0	0	0	0	0	0
MV-4122_S12__NODE_1549_length_9041_cov_10.059314	1	9041	0	0	0	0	0	0
Biragzang__NODE_1093_length_9038_cov_43.991206	1	9038	0	0	0	0	0	0
MV-4125_S18__NODE_1250_length_9036_cov_19.450284	1	9036	0	0	0	0	0	0
MV-4128_S29__NODE_696_length_9032_cov_23.849727	1	9032	0	0	0	0	0	0
cell-4122-0-44_S10__NODE_241_length_9031_cov_13.903409	1	9031	0	0	0	0	0	0
Biragzang__NODE_1094_length_9029_cov_6.237687	1	9029	0	0	0	0	0	0
Biragzang__NODE_1095_length_9028_cov_29.245403	1	9028	0	0	0	0	0	0
cell-4125-0-44_S16__NODE_136_length_9028_cov_8.135629	1	9028	0	0	0	0	0	0
MV-4122_S12__NODE_1550_length_9027_cov_23.797815	1	9027	0	0	0	0	0	0
cell-4122-0-44_S10__NODE_242_length_9027_cov_38.795586	1	9027	0	0	0	0	0	0
Biragzang__NODE_1096_length_9026_cov_20.490135	1	9026	0	0	0	0	0	0
MV-4128_S29__NODE_697_length_9026_cov_32.002898	1	9026	0	0	0	0	0	0
Biragzang__NODE_1097_length_9025_cov_14.515942	1	9025	0	0	0	0	0	0
Biragzang__NODE_1098_length_9020_cov_9.953820	1	9020	0	0	0	0	0	0
cell-4122-0-44_S10__NODE_243_length_9017_cov_15.573979	1	9017	0	0	0	0	0	0
cell-4122-0-44_S10__NODE_244_length_9017_cov_11.252845	1	9017	0	0	0	0	0	0
MV-4122_S12__NODE_1551_length_9016_cov_11.297846	1	9016	0	0	0	0	0	0
Biragzang__NODE_1101_length_9015_cov_11.751228	1	9015	0	0	0	0	0	0
MV-4122_S12__NODE_1552_length_9014_cov_45.137739	1	9014	0	0	0	0	0	0
cell-4122-0-44_S10__NODE_245_length_9013_cov_25.964054	1	9013	0	0	0	0	0	0
MV-4125_S18__NODE_1252_length_9011_cov_7.768870	1	9011	0	0	0	0	0	0
MV-4125_S18__NODE_1253_length_9010_cov_6.632831	1	9010	0	0	0	0	0	0
MV-4128_S29__NODE_698_length_9010_cov_37.020212	1	9010	0	0	0	0	0	0
MV-4122_S12__NODE_1554_length_9009_cov_11.339178	1	9009	0	0	0	0	0	0
MV-4125_S18__NODE_1254_length_9007_cov_9.732015	1	9007	0	0	0	0	0	0
cell-4125-0-44_S16__NODE_137_length_9005_cov_12.724804	1	9005	0	0	0	0	0	0
cell-4122-0-44_S10__NODE_246_length_9001_cov_61.395819	1	9001	0	0	0	0	0	0
MV-4125_S18__NODE_1256_length_9000_cov_34.589603	1	9000	0	0	0	0	0	0
MV-4125_S18__NODE_1257_length_9000_cov_7.108664	1	9000	0	0	0	0	0	0
MV-4128_S29__NODE_700_length_9000_cov_17.566238	1	9000	0	0	0	0	0	0
MV-4122_S12__NODE_1555_length_8997_cov_9.138224	1	8997	0	0	0	0	0	0
cell-4125-0-44_S16__NODE_138_length_8995_cov_5.577629	1	8995	0	0	0	0	0	0
cell-4125-0-44_S16__NODE_139_length_8994_cov_5.395122	1	8994	0	0	0	0	0	0
Biragzang__NODE_1107_length_8993_cov_38.976169	1	8993	0	0	0	0	0	0
Biragzang__NODE_1108_length_8991_cov_45.298791	1	8991	0	0	0	0	0	0
MV-4125_S18__NODE_1258_length_8991_cov_6.973254	1	8991	0	0	0	0	0	0
Biragzang__NODE_1109_length_8990_cov_7.008842	1	8990	0	0	0	0	0	0
MV-4122_S12__NODE_1556_length_8989_cov_6.265726	1	8989	0	0	0	0	0	0
MV-4128_S29__NODE_701_length_8989_cov_20.150884	1	8989	0	0	0	0	0	0
cell-4122-0-44_S10__NODE_247_length_8986_cov_14.194603	1	8986	0	0	0	0	0	0
MV-4128_S29__NODE_702_length_8983_cov_24.531698	1	8983	0	0	0	0	0	0
cell-4125-0-44_S16__NODE_140_length_8983_cov_6.903786	1	8983	0	0	0	0	0	0
MV-4122_S12__NODE_1558_length_8980_cov_10.416022	1	8980	0	0	0	0	0	0
MV-4122_S12__NODE_1559_length_8979_cov_12.592223	1	8979	0	0	0	0	0	0
MV-4125_S18__NODE_1261_length_8977_cov_7.250953	1	8977	0	0	0	0	0	0
MV-4122_S12__NODE_1560_length_8975_cov_4.423767	1	8975	0	0	0	0	0	0
Biragzang__NODE_1113_length_8971_cov_30.012674	1	8971	0	0	0	0	0	0
MV-4125_S18__NODE_1263_length_8969_cov_6.990464	1	8969	0	0	0	0	0	0
MV-4122_S12__NODE_1561_length_8968_cov_6.066981	1	8968	0	0	0	0	0	0
Biragzang__NODE_1117_length_8964_cov_10.896060	1	8964	0	0	0	0	0	0
MV-4128_S29__NODE_703_length_8964_cov_29.598047	1	8964	0	0	0	0	0	0
Biragzang__NODE_1118_length_8963_cov_40.405141	1	8963	0	0	0	0	0	0
MV-4125_S18__NODE_1266_length_8960_cov_19.377541	1	8960	0	0	0	0	0	0
MV-4122_S12__NODE_1562_length_8953_cov_23.148797	1	8953	0	0	0	0	0	0
MV-4128_S29__NODE_704_length_8952_cov_14.499157	1	8952	0	0	0	0	0	0
MV-4122_S12__NODE_1563_length_8948_cov_35.077926	1	8948	0	0	0	0	0	0
MV-4128_S29__NODE_705_length_8946_cov_17.167023	1	8946	0	0	0	0	0	0
cell-4122-0-44_S10__NODE_248_length_8944_cov_23.380133	1	8944	0	0	0	0	0	0
MV-4122_S12__NODE_1564_length_8943_cov_44.795905	1	8943	0	0	0	0	0	0
Biragzang__NODE_1123_length_8942_cov_7.957916	1	8942	0	0	0	0	0	0
Biragzang__NODE_1124_length_8941_cov_12.168355	1	8941	0	0	0	0	0	0
Biragzang__NODE_1125_length_8939_cov_18.957902	1	8939	0	0	0	0	0	0
MV-4122_S12__NODE_1565_length_8938_cov_9.123157	1	8938	0	0	0	0	0	0
Biragzang__NODE_1127_length_8935_cov_6.517005	1	8935	0	0	0	0	0	0
MV-4122_S12__NODE_1566_length_8935_cov_21.861261	1	8935	0	0	0	0	0	0
cell-4122-0-44_S10__NODE_249_length_8933_cov_61.035030	1	8933	0	0	0	0	0	0
Biragzang__NODE_1128_length_8931_cov_52.478481	1	8931	0	0	0	0	0	0
MV-4122_S12__NODE_1568_length_8931_cov_23.156489	1	8931	0	0	0	0	0	0
MV-4128_S29__NODE_706_length_8926_cov_628.193777	1	8926	0	0	0	0	0	0
MV-4122_S12__NODE_1569_length_8924_cov_18.808547	1	8924	0	0	0	0	0	0
cell-4122-0-44_S10__NODE_250_length_8924_cov_42.124479	1	8924	0	0	0	0	0	0
Biragzang__NODE_1131_length_8920_cov_6.555894	1	8920	0	0	0	0	0	0
MV-4128_S29__NODE_707_length_8918_cov_20.517658	1	8918	0	0	0	0	0	0
MV-4122_S12__NODE_1570_length_8917_cov_41.678515	1	8917	0	0	0	0	0	0
Biragzang__NODE_1132_length_8914_cov_5.853821	1	8914	0	0	0	0	0	0
MV-4128_S29__NODE_708_length_8913_cov_14.136713	1	8913	0	0	0	0	0	0
MV-4128_S29__NODE_709_length_8911_cov_13.742435	1	8911	0	0	0	0	0	0
MV-4125_S18__NODE_1269_length_8910_cov_16.506606	1	8910	0	0	0	0	0	0
MV-4122_S12__NODE_1571_length_8906_cov_29.906790	1	8906	0	0	0	0	0	0
Biragzang__NODE_1133_length_8900_cov_15.892934	1	8900	0	0	0	0	0	0
MV-4122_S12__NODE_1572_length_8897_cov_25.470934	1	8897	0	0	0	0	0	0
cell-4122-0-22_S11__NODE_96_length_8897_cov_25.647478	1	8897	0	0	0	0	0	0
MV-4122_S12__NODE_1573_length_8893_cov_19.681715	1	8893	0	0	0	0	0	0
cell-4122-0-44_S10__NODE_251_length_8891_cov_23.998642	1	8891	0	0	0	0	0	0
MV-4128_S29__NODE_710_length_8889_cov_10.713041	1	8889	0	0	0	0	0	0
Biragzang__NODE_1135_length_8887_cov_23.966599	1	8887	0	0	0	0	0	0
MV-4128_S29__NODE_711_length_8887_cov_24.312953	1	8887	0	0	0	0	0	0
Biragzang__NODE_1138_length_8884_cov_28.560086	1	8884	0	0	0	0	0	0
MV-4122_S12__NODE_1575_length_8883_cov_43.038401	1	8883	0	0	0	0	0	0
cell-4122-0-44_S10__NODE_252_length_8880_cov_82.558414	1	8880	0	0	0	0	0	0
MV-4125_S18__NODE_1271_length_8879_cov_6.031845	1	8879	0	0	0	0	0	0
cell-4122-0-44_S10__NODE_253_length_8879_cov_7.793404	1	8879	0	0	0	0	0	0
Biragzang__NODE_1139_length_8877_cov_6.009068	1	8877	0	0	0	0	0	0
MV-4122_S12__NODE_1576_length_8877_cov_8.817162	1	8877	0	0	0	0	0	0
MV-4122_S12__NODE_1577_length_8875_cov_7.088209	1	8875	0	0	0	0	0	0
MV-4125_S18__NODE_1272_length_8874_cov_182.885134	1	8874	0	0	0	0	0	0
MV-4125_S18__NODE_1273_length_8874_cov_7.371131	1	8874	0	0	0	0	0	0
MV-4128_S29__NODE_713_length_8874_cov_18.393015	1	8874	0	0	0	0	0	0
MV-4128_S29__NODE_714_length_8873_cov_14.250170	1	8873	0	0	0	0	0	0
MV-4122_S12__NODE_1578_length_8872_cov_11.162981	1	8872	0	0	0	0	0	0
MV-4128_S29__NODE_715_length_8871_cov_23.539020	1	8871	0	0	0	0	0	0
Biragzang__NODE_1141_length_8869_cov_12.380985	1	8869	0	0	0	0	0	0
Biragzang__NODE_1142_length_8869_cov_10.067166	1	8869	0	0	0	0	0	0
MV-4128_S29__NODE_716_length_8865_cov_15.419069	1	8865	0	0	0	0	0	0
MV-4122_S12__NODE_1579_length_8864_cov_12.815189	1	8864	0	0	0	0	0	0
MV-4125_S18__NODE_1275_length_8864_cov_7.580656	1	8864	0	0	0	0	0	0
Biragzang__NODE_1144_length_8862_cov_6.359260	1	8862	0	0	0	0	0	0
MV-4125_S18__NODE_1276_length_8859_cov_24.067015	1	8859	0	0	0	0	0	0
cell-4122-0-44_S10__NODE_254_length_8859_cov_25.277828	1	8859	0	0	0	0	0	0
MV-4122_S12__NODE_1580_length_8858_cov_18.737249	1	8858	0	0	0	0	0	0
cell-4122-0-44_S10__NODE_255_length_8858_cov_71.168692	1	8858	0	0	0	0	0	0
Biragzang__NODE_1145_length_8857_cov_6.230970	1	8857	0	0	0	0	0	0
MV-4122_S12__NODE_1581_length_8855_cov_25.921023	1	8855	0	0	0	0	0	0
MV-4122_S12__NODE_1582_length_8855_cov_19.744432	1	8855	0	0	0	0	0	0
cell-4125-0-44_S16__NODE_142_length_8853_cov_9.169357	1	8853	0	0	0	0	0	0
Biragzang__NODE_1147_length_8852_cov_35.294419	1	8852	0	0	0	0	0	0
cell-4125-0-44_S16__NODE_143_length_8849_cov_6.438708	1	8849	0	0	0	0	0	0
MV-4128_S29__NODE_717_length_8847_cov_13.707006	1	8847	0	0	0	0	0	0
Biragzang__NODE_1153_length_8840_cov_8.705293	1	8840	0	0	0	0	0	0
Biragzang__NODE_1154_length_8836_cov_12.558706	1	8836	0	0	0	0	0	0
Biragzang__NODE_1155_length_8834_cov_62.537419	1	8834	0	0	0	0	0	0
cell-4122-0-44_S10__NODE_256_length_8834_cov_59.299806	1	8834	0	0	0	0	0	0
MV-4125_S18__NODE_1281_length_8833_cov_17.830485	1	8833	0	0	0	0	0	0
MV-4125_S18__NODE_1283_length_8831_cov_7.212625	1	8831	0	0	0	0	0	0
MV-4122_S12__NODE_1583_length_8830_cov_11.876695	1	8830	0	0	0	0	0	0
Biragzang__NODE_1159_length_8827_cov_45.528842	1	8827	0	0	0	0	0	0
MV-4128_S29__NODE_718_length_8827_cov_12.505244	1	8827	0	0	0	0	0	0
MV-4122_S12__NODE_1584_length_8826_cov_7.494584	1	8826	0	0	0	0	0	0
MV-4128_S29__NODE_719_length_8826_cov_15.658078	1	8826	0	0	0	0	0	0
Biragzang__NODE_1160_length_8824_cov_101.163189	1	8824	0	0	0	0	0	0
Biragzang__NODE_1161_length_8823_cov_36.084626	1	8823	0	0	0	0	0	0
MV-4122_S12__NODE_1585_length_8821_cov_29.994068	1	8821	0	0	0	0	0	0
MV-4125_S18__NODE_1284_length_8813_cov_7.178237	1	8813	0	0	0	0	0	0
Biragzang__NODE_1162_length_8810_cov_36.856882	1	8810	0	0	0	0	0	0
MV-4125_S18__NODE_1285_length_8810_cov_7.919703	1	8810	0	0	0	0	0	0
Biragzang__NODE_1163_length_8809_cov_9.697738	1	8809	0	0	0	0	0	0
MV-4122_S12__NODE_1587_length_8809_cov_25.501828	1	8809	0	0	0	0	0	0
MV-4122_S12__NODE_1588_length_8807_cov_11.275823	1	8807	0	0	0	0	0	0
MV-4125_S18__NODE_1286_length_8806_cov_23.775569	1	8806	0	0	0	0	0	0
Biragzang__NODE_1165_length_8805_cov_6.479771	1	8805	0	0	0	0	0	0
MV-4125_S18__NODE_1287_length_8805_cov_15.941371	1	8805	0	0	0	0	0	0
MV-4125_S18__NODE_1288_length_8805_cov_5.972914	1	8805	0	0	0	0	0	0
MV-4122_S12__NODE_1589_length_8804_cov_23.643159	1	8804	0	0	0	0	0	0
cell-4122-0-44_S10__NODE_257_length_8804_cov_42.114527	1	8804	0	0	0	0	0	0
MV-4122_S12__NODE_1591_length_8802_cov_51.796845	1	8802	0	0	0	0	0	0
MV-4128_S29__NODE_720_length_8799_cov_20.615165	1	8799	0	0	0	0	0	0
cell-4122-0-44_S10__NODE_258_length_8798_cov_16.223036	1	8798	0	0	0	0	0	0
Biragzang__NODE_1167_length_8794_cov_10.570889	1	8794	0	0	0	0	0	0
MV-4122_S12__NODE_1592_length_8790_cov_20.032055	1	8790	0	0	0	0	0	0
cell-4125-0-44_S16__NODE_145_length_8790_cov_9.631368	1	8790	0	0	0	0	0	0
Biragzang__NODE_1168_length_8789_cov_15.640142	1	8789	0	0	0	0	0	0
Biragzang__NODE_1169_length_8788_cov_10.630368	1	8788	0	0	0	0	0	0
MV-4125_S18__NODE_1290_length_8787_cov_17.183807	1	8787	0	0	0	0	0	0
Biragzang__NODE_1170_length_8785_cov_16.583963	1	8785	0	0	0	0	0	0
Biragzang__NODE_1171_length_8783_cov_12.284258	1	8783	0	0	0	0	0	0
MV-4122_S12__NODE_1593_length_8783_cov_26.674610	1	8783	0	0	0	0	0	0
MV-4122_S12__NODE_1594_length_8781_cov_6.903736	1	8781	0	0	0	0	0	0
MV-4122_S12__NODE_1595_length_8778_cov_43.696779	1	8778	0	0	0	0	0	0
MV-4125_S18__NODE_1291_length_8778_cov_8.398716	1	8778	0	0	0	0	0	0
cell-4122-0-44_S10__NODE_259_length_8775_cov_50.874427	1	8775	0	0	0	0	0	0
MV-4122_S12__NODE_1596_length_8773_cov_11.125373	1	8773	0	0	0	0	0	0
Biragzang__NODE_1173_length_8770_cov_68.352955	1	8770	0	0	0	0	0	0
Biragzang__NODE_1174_length_8769_cov_6.422194	1	8769	0	0	0	0	0	0
MV-4128_S29__NODE_721_length_8763_cov_14.113803	1	8763	0	0	0	0	0	0
MV-4125_S18__NODE_1295_length_8762_cov_17.330539	1	8762	0	0	0	0	0	0
MV-4128_S29__NODE_722_length_8759_cov_13.593865	1	8759	0	0	0	0	0	0
MV-4122_S12__NODE_1600_length_8758_cov_19.755716	1	8758	0	0	0	0	0	0
MV-4122_S12__NODE_1601_length_8757_cov_10.343714	1	8757	0	0	0	0	0	0
Biragzang__NODE_1177_length_8756_cov_37.646362	1	8756	0	0	0	0	0	0
MV-4125_S18__NODE_1296_length_8756_cov_8.011838	1	8756	0	0	0	0	0	0
MV-4125_S18__NODE_1297_length_8753_cov_19.108416	1	8753	0	0	0	0	0	0
MV-4128_S29__NODE_723_length_8753_cov_16.464130	1	8753	0	0	0	0	0	0
MV-4122_S12__NODE_1602_length_8749_cov_10.847021	1	8749	0	0	0	0	0	0
MV-4128_S29__NODE_724_length_8748_cov_24.317842	1	8748	0	0	0	0	0	0
MV-4125_S18__NODE_1300_length_8746_cov_7.166379	1	8746	0	0	0	0	0	0
MV-4122_S12__NODE_1603_length_8744_cov_11.750489	1	8744	0	0	0	0	0	0
MV-4122_S12__NODE_1604_length_8743_cov_26.084484	1	8743	0	0	0	0	0	0
MV-4125_S18__NODE_1303_length_8741_cov_7.421828	1	8741	0	0	0	0	0	0
MV-4122_S12__NODE_1605_length_8736_cov_31.825711	1	8736	0	0	0	0	0	0
MV-4125_S18__NODE_1305_length_8733_cov_18.181148	1	8733	0	0	0	0	0	0
Biragzang__NODE_1182_length_8732_cov_6.512965	1	8732	0	0	0	0	0	0
MV-4122_S12__NODE_1607_length_8730_cov_4.514006	1	8730	0	0	0	0	0	0
MV-4128_S29__NODE_725_length_8730_cov_18.003228	1	8730	0	0	0	0	0	0
cell-4122-0-44_S10__NODE_260_length_8730_cov_834.544323	1	8730	0	0	0	0	0	0
cell-4122-0-44_S10__NODE_261_length_8730_cov_11.228588	1	8730	0	0	0	0	0	0
MV-4125_S18__NODE_1306_length_8729_cov_7.331104	1	8729	0	0	0	0	0	0
Biragzang__NODE_1183_length_8727_cov_11.381804	1	8727	0	0	0	0	0	0
Biragzang__NODE_1184_length_8727_cov_6.091213	1	8727	0	0	0	0	0	0
MV-4122_S12__NODE_1608_length_8725_cov_20.803230	1	8725	0	0	0	0	0	0
cell-4125-0-44_S16__NODE_146_length_8724_cov_10.831238	1	8724	0	0	0	0	0	0
Biragzang__NODE_1186_length_8723_cov_19.928011	1	8723	0	0	0	0	0	0
Biragzang__NODE_1187_length_8723_cov_6.976350	1	8723	0	0	0	0	0	0
cell-4125-0-44_S16__NODE_147_length_8723_cov_8.634864	1	8723	0	0	0	0	0	0
MV-4122_S12__NODE_1609_length_8721_cov_38.153358	1	8721	0	0	0	0	0	0
MV-4128_S29__NODE_726_length_8721_cov_21.411262	1	8721	0	0	0	0	0	0
MV-4128_S29__NODE_727_length_8721_cov_20.103393	1	8721	0	0	0	0	0	0
cell-4122-0-44_S10__NODE_262_length_8716_cov_23.381942	1	8716	0	0	0	0	0	0
MV-4122_S12__NODE_1610_length_8714_cov_17.137314	1	8714	0	0	0	0	0	0
MV-4122_S12__NODE_1611_length_8712_cov_7.838050	1	8712	0	0	0	0	0	0
Biragzang__NODE_1189_length_8706_cov_6.034794	1	8706	0	0	0	0	0	0
cell-4122-0-44_S10__NODE_263_length_8706_cov_14.102300	1	8706	0	0	0	0	0	0
MV-4122_S12__NODE_1612_length_8703_cov_28.819843	1	8703	0	0	0	0	0	0
MV-4122_S12__NODE_1613_length_8701_cov_27.192690	1	8701	0	0	0	0	0	0
Biragzang__NODE_1190_length_8700_cov_46.603355	1	8700	0	0	0	0	0	0
MV-4122_S12__NODE_1614_length_8698_cov_30.970843	1	8698	0	0	0	0	0	0
Biragzang__NODE_1191_length_8697_cov_6.043856	1	8697	0	0	0	0	0	0
MV-4122_S12__NODE_1615_length_8697_cov_85.003240	1	8697	0	0	0	0	0	0
cell-4122-0-44_S10__NODE_264_length_8697_cov_23.871673	1	8697	0	0	0	0	0	0
Biragzang__NODE_1194_length_8690_cov_40.124609	1	8690	0	0	0	0	0	0
Biragzang__NODE_1197_length_8687_cov_6.479147	1	8687	0	0	0	0	0	0
MV-4122_S12__NODE_1616_length_8684_cov_34.534013	1	8684	0	0	0	0	0	0
MV-4122_S12__NODE_1617_length_8683_cov_8.484121	1	8683	0	0	0	0	0	0
MV-4122_S12__NODE_1618_length_8682_cov_8.578301	1	8682	0	0	0	0	0	0
Biragzang__NODE_1198_length_8681_cov_7.452817	1	8681	0	0	0	0	0	0
MV-4128_S29__NODE_729_length_8681_cov_23.345699	1	8681	0	0	0	0	0	0
MV-4128_S29__NODE_730_length_8679_cov_12.863173	1	8679	0	0	0	0	0	0
Biragzang__NODE_1199_length_8674_cov_6.183548	1	8674	0	0	0	0	0	0
MV-4122_S12__NODE_1620_length_8668_cov_20.261349	1	8668	0	0	0	0	0	0
cell-4125-0-44_S16__NODE_149_length_8667_cov_7.580121	1	8667	0	0	0	0	0	0
Biragzang__NODE_1200_length_8664_cov_9.619236	1	8664	0	0	0	0	0	0
MV-4122_S12__NODE_1621_length_8663_cov_42.788801	1	8663	0	0	0	0	0	0
MV-4125_S18__NODE_1314_length_8662_cov_16.497153	1	8662	0	0	0	0	0	0
MV-4122_S12__NODE_1622_length_8660_cov_7.513771	1	8660	0	0	0	0	0	0
cell-4122-0-44_S10__NODE_265_length_8660_cov_59.036026	1	8660	0	0	0	0	0	0
MV-4122_S12__NODE_1623_length_8659_cov_8.488029	1	8659	0	0	0	0	0	0
cell-4125-0-44_S16__NODE_150_length_8657_cov_6.481400	1	8657	0	0	0	0	0	0
Biragzang__NODE_1204_length_8650_cov_13.956254	1	8650	0	0	0	0	0	0
MV-4122_S12__NODE_1624_length_8649_cov_26.492320	1	8649	0	0	0	0	0	0
MV-4122_S12__NODE_1625_length_8648_cov_26.792273	1	8648	0	0	0	0	0	0
MV-4122_S12__NODE_1626_length_8648_cov_25.923892	1	8648	0	0	0	0	0	0
MV-4128_S29__NODE_733_length_8648_cov_13.635750	1	8648	0	0	0	0	0	0
MV-4125_S18__NODE_1316_length_8646_cov_20.798161	1	8646	0	0	0	0	0	0
Biragzang__NODE_1205_length_8645_cov_6.050990	1	8645	0	0	0	0	0	0
MV-4122_S12__NODE_1627_length_8644_cov_11.803353	1	8644	0	0	0	0	0	0
MV-4128_S29__NODE_734_length_8644_cov_26.029340	1	8644	0	0	0	0	0	0
Biragzang__NODE_1208_length_8642_cov_7.544195	1	8642	0	0	0	0	0	0
MV-4128_S29__NODE_735_length_8641_cov_16.611926	1	8641	0	0	0	0	0	0
MV-4125_S18__NODE_1319_length_8639_cov_17.635601	1	8639	0	0	0	0	0	0
Biragzang__NODE_1209_length_8637_cov_14.433349	1	8637	0	0	0	0	0	0
Biragzang__NODE_1211_length_8633_cov_6.003031	1	8633	0	0	0	0	0	0
MV-4122_S12__NODE_1629_length_8631_cov_17.119170	1	8631	0	0	0	0	0	0
MV-4122_S12__NODE_1630_length_8631_cov_10.690065	1	8631	0	0	0	0	0	0
MV-4122_S12__NODE_1631_length_8629_cov_8.000816	1	8629	0	0	0	0	0	0
cell-4122-0-44_S10__NODE_266_length_8625_cov_12.331505	1	8625	0	0	0	0	0	0
Biragzang__NODE_1214_length_8624_cov_46.664722	1	8624	0	0	0	0	0	0
Biragzang__NODE_1215_length_8623_cov_6.901611	1	8623	0	0	0	0	0	0
Biragzang__NODE_1216_length_8623_cov_4.903828	1	8623	0	0	0	0	0	0
MV-4125_S18__NODE_1320_length_8623_cov_6.784314	1	8623	0	0	0	0	0	0
MV-4128_S29__NODE_736_length_8622_cov_13.174157	1	8622	0	0	0	0	0	0
Biragzang__NODE_1217_length_8621_cov_9.201261	1	8621	0	0	0	0	0	0
Biragzang__NODE_1218_length_8619_cov_35.390939	1	8619	0	0	0	0	0	0
MV-4125_S18__NODE_1321_length_8615_cov_18.811916	1	8615	0	0	0	0	0	0
MV-4128_S29__NODE_737_length_8615_cov_15.368925	1	8615	0	0	0	0	0	0
Biragzang__NODE_1220_length_8614_cov_11.858745	1	8614	0	0	0	0	0	0
Biragzang__NODE_1221_length_8611_cov_7.843502	1	8611	0	0	0	0	0	0
MV-4122_S12__NODE_1633_length_8608_cov_12.901438	1	8608	0	0	0	0	0	0
MV-4128_S29__NODE_738_length_8606_cov_11.542159	1	8606	0	0	0	0	0	0
Biragzang__NODE_1223_length_8602_cov_15.203931	1	8602	0	0	0	0	0	0
MV-4122_S12__NODE_1634_length_8600_cov_12.337741	1	8600	0	0	0	0	0	0
cell-4122-0-44_S10__NODE_267_length_8599_cov_11.710557	1	8599	0	0	0	0	0	0
MV-4128_S29__NODE_739_length_8598_cov_26.542432	1	8598	0	0	0	0	0	0
MV-4122_S12__NODE_1635_length_8597_cov_11.666237	1	8597	0	0	0	0	0	0
MV-4128_S29__NODE_740_length_8597_cov_12.444392	1	8597	0	0	0	0	0	0
Biragzang__NODE_1227_length_8592_cov_3.892351	1	8592	0	0	0	0	0	0
MV-4122_S12__NODE_1636_length_8591_cov_9.656162	1	8591	0	0	0	0	0	0
MV-4125_S18__NODE_1323_length_8591_cov_15.380740	1	8591	0	0	0	0	0	0
MV-4128_S29__NODE_741_length_8591_cov_23.878397	1	8591	0	0	0	0	0	0
MV-4122_S12__NODE_1637_length_8588_cov_39.994609	1	8588	0	0	0	0	0	0
MV-4125_S18__NODE_1325_length_8588_cov_21.135240	1	8588	0	0	0	0	0	0
cell-4125-0-44_S16__NODE_153_length_8586_cov_4.725706	1	8586	0	0	0	0	0	0
Biragzang__NODE_1229_length_8583_cov_7.225492	1	8583	0	0	0	0	0	0
Biragzang__NODE_1230_length_8581_cov_11.888576	1	8581	0	0	0	0	0	0
MV-4125_S18__NODE_1327_length_8577_cov_13.457756	1	8577	0	0	0	0	0	0
MV-4122_S12__NODE_1639_length_8575_cov_19.979108	1	8575	0	0	0	0	0	0
Biragzang__NODE_1233_length_8572_cov_46.122813	1	8572	0	0	0	0	0	0
MV-4122_S12__NODE_1640_length_8572_cov_22.017847	1	8572	0	0	0	0	0	0
MV-4122_S12__NODE_1641_length_8571_cov_12.647605	1	8571	0	0	0	0	0	0
Biragzang__NODE_1234_length_8570_cov_5.141867	1	8570	0	0	0	0	0	0
Biragzang__NODE_1235_length_8570_cov_4.828068	1	8570	0	0	0	0	0	0
MV-4122_S12__NODE_1642_length_8569_cov_9.435166	1	8569	0	0	0	0	0	0
MV-4122_S12__NODE_1643_length_8566_cov_26.670074	1	8566	0	0	0	0	0	0
MV-4125_S18__NODE_1330_length_8562_cov_5.996003	1	8562	0	0	0	0	0	0
MV-4125_S18__NODE_1331_length_8561_cov_24.442276	1	8561	0	0	0	0	0	0
Biragzang__NODE_1237_length_8557_cov_20.168313	1	8557	0	0	0	0	0	0
MV-4122_S12__NODE_1644_length_8553_cov_6.314309	1	8553	0	0	0	0	0	0
MV-4122_S12__NODE_1645_length_8552_cov_19.841238	1	8552	0	0	0	0	0	0
cell-4125-0-44_S16__NODE_154_length_8552_cov_9.895846	1	8552	0	0	0	0	0	0
MV-4122_S12__NODE_1646_length_8545_cov_32.752650	1	8545	0	0	0	0	0	0
MV-4128_S29__NODE_743_length_8544_cov_30.803628	1	8544	0	0	0	0	0	0
MV-4128_S29__NODE_744_length_8544_cov_28.214042	1	8544	0	0	0	0	0	0
cell-4125-0-44_S16__NODE_155_length_8544_cov_6.193309	1	8544	0	0	0	0	0	0
MV-4122_S12__NODE_1647_length_8539_cov_5.120344	1	8539	0	0	0	0	0	0
MV-4125_S18__NODE_1335_length_8538_cov_14.280325	1	8538	0	0	0	0	0	0
MV-4128_S29__NODE_745_length_8538_cov_11.564069	1	8538	0	0	0	0	0	0
MV-4122_S12__NODE_1648_length_8535_cov_13.038443	1	8535	0	0	0	0	0	0
MV-4128_S29__NODE_746_length_8531_cov_14.990444	1	8531	0	0	0	0	0	0
MV-4122_S12__NODE_1649_length_8527_cov_7.283522	1	8527	0	0	0	0	0	0
MV-4122_S12__NODE_1650_length_8527_cov_4.047096	1	8527	0	0	0	0	0	0
cell-4122-0-44_S10__NODE_268_length_8526_cov_9.504309	1	8526	0	0	0	0	0	0
cell-4122-0-44_S10__NODE_269_length_8522_cov_22.880359	1	8522	0	0	0	0	0	0
MV-4122_S12__NODE_1651_length_8520_cov_8.529947	1	8520	0	0	0	0	0	0
MV-4122_S12__NODE_1653_length_8519_cov_10.826914	1	8519	0	0	0	0	0	0
MV-4122_S12__NODE_1654_length_8518_cov_20.465556	1	8518	0	0	0	0	0	0
MV-4122_S12__NODE_1655_length_8517_cov_12.787403	1	8517	0	0	0	0	0	0
MV-4125_S18__NODE_1336_length_8517_cov_7.214488	1	8517	0	0	0	0	0	0
MV-4122_S12__NODE_1656_length_8516_cov_13.201513	1	8516	0	0	0	0	0	0
MV-4125_S18__NODE_1337_length_8514_cov_7.048824	1	8514	0	0	0	0	0	0
MV-4122_S12__NODE_1657_length_8512_cov_13.607544	1	8512	0	0	0	0	0	0
MV-4128_S29__NODE_747_length_8512_cov_25.223602	1	8512	0	0	0	0	0	0
Biragzang__NODE_1246_length_8503_cov_5.985322	1	8503	0	0	0	0	0	0
MV-4125_S18__NODE_1339_length_8502_cov_8.043447	1	8502	0	0	0	0	0	0
MV-4128_S29__NODE_748_length_8501_cov_13.508288	1	8501	0	0	0	0	0	0
cell-4125-0-44_S16__NODE_157_length_8500_cov_8.357963	1	8500	0	0	0	0	0	0
MV-4128_S29__NODE_749_length_8499_cov_15.342136	1	8499	0	0	0	0	0	0
Biragzang__NODE_1247_length_8497_cov_43.656716	1	8497	0	0	0	0	0	0
MV-4125_S18__NODE_1342_length_8497_cov_13.784530	1	8497	0	0	0	0	0	0
Biragzang__NODE_1248_length_8496_cov_10.150101	1	8496	0	0	0	0	0	0
cell-4122-0-44_S10__NODE_270_length_8496_cov_64.334202	1	8496	0	0	0	0	0	0
Biragzang__NODE_1250_length_8495_cov_42.389336	1	8495	0	0	0	0	0	0
Biragzang__NODE_1251_length_8494_cov_35.811115	1	8494	0	0	0	0	0	0
MV-4122_S12__NODE_1658_length_8490_cov_22.156372	1	8490	0	0	0	0	0	0
MV-4122_S12__NODE_1659_length_8489_cov_11.262390	1	8489	0	0	0	0	0	0
MV-4125_S18__NODE_1344_length_8488_cov_7.350883	1	8488	0	0	0	0	0	0
MV-4128_S29__NODE_750_length_8488_cov_6.548559	1	8488	0	0	0	0	0	0
cell-4122-0-44_S10__NODE_271_length_8487_cov_23.735531	1	8487	0	0	0	0	0	0
MV-4125_S18__NODE_1345_length_8486_cov_29.186692	1	8486	0	0	0	0	0	0
MV-4128_S29__NODE_751_length_8486_cov_11.406239	1	8486	0	0	0	0	0	0
Biragzang__NODE_1255_length_8479_cov_10.786562	1	8479	0	0	0	0	0	0
MV-4128_S29__NODE_752_length_8471_cov_20.283864	1	8471	0	0	0	0	0	0
MV-4128_S29__NODE_753_length_8470_cov_29.097802	1	8470	0	0	0	0	0	0
Biragzang__NODE_1257_length_8468_cov_6.869131	1	8468	0	0	0	0	0	0
MV-4122_S12__NODE_1661_length_8461_cov_22.624911	1	8461	0	0	0	0	0	0
MV-4122_S12__NODE_1662_length_8461_cov_5.217940	1	8461	0	0	0	0	0	0
MV-4125_S18__NODE_1349_length_8461_cov_21.435046	1	8461	0	0	0	0	0	0
Biragzang__NODE_1259_length_8460_cov_7.131588	1	8460	0	0	0	0	0	0
MV-4128_S29__NODE_754_length_8459_cov_16.883508	1	8459	0	0	0	0	0	0
cell-4125-0-44_S16__NODE_159_length_8459_cov_6.232746	1	8459	0	0	0	0	0	0
MV-4122_S12__NODE_1663_length_8453_cov_7.082520	1	8453	0	0	0	0	0	0
MV-4128_S29__NODE_755_length_8452_cov_15.650589	1	8452	0	0	0	0	0	0
Biragzang__NODE_1262_length_8451_cov_6.291687	1	8451	0	0	0	0	0	0
Biragzang__NODE_1263_length_8449_cov_59.486300	1	8449	0	0	0	0	0	0
MV-4125_S18__NODE_1354_length_8449_cov_20.000119	1	8449	0	0	0	0	0	0
MV-4125_S18__NODE_1355_length_8449_cov_8.175482	1	8449	0	0	0	0	0	0
Biragzang__NODE_1264_length_8447_cov_9.827812	1	8447	0	0	0	0	0	0
MV-4122_S12__NODE_1664_length_8446_cov_7.962102	1	8446	0	0	0	0	0	0
cell-4125-0-44_S16__NODE_160_length_8446_cov_9.211298	1	8446	0	0	0	0	0	0
MV-4128_S29__NODE_756_length_8444_cov_10.735368	1	8444	0	0	0	0	0	0
cell-4122-0-44_S10__NODE_272_length_8443_cov_17.693133	1	8443	0	0	0	0	0	0
cell-4125-0-44_S16__NODE_161_length_8442_cov_10.418863	1	8442	0	0	0	0	0	0
Biragzang__NODE_1268_length_8440_cov_8.489088	1	8440	0	0	0	0	0	0
MV-4128_S29__NODE_757_length_8439_cov_24.118440	1	8439	0	0	0	0	0	0
Biragzang__NODE_1269_length_8437_cov_6.311978	1	8437	0	0	0	0	0	0
Biragzang__NODE_1270_length_8436_cov_10.946904	1	8436	0	0	0	0	0	0
Biragzang__NODE_1271_length_8435_cov_7.345107	1	8435	0	0	0	0	0	0
MV-4122_S12__NODE_1665_length_8435_cov_8.664320	1	8435	0	0	0	0	0	0
MV-4122_S12__NODE_1666_length_8434_cov_5.120778	1	8434	0	0	0	0	0	0
MV-4122_S12__NODE_1667_length_8429_cov_31.272510	1	8429	0	0	0	0	0	0
cell-4122-0-44_S10__NODE_273_length_8422_cov_26.625075	1	8422	0	0	0	0	0	0
cell-4125-0-44_S16__NODE_163_length_8422_cov_9.675511	1	8422	0	0	0	0	0	0
cell-4125-0-44_S16__NODE_164_length_8422_cov_9.242859	1	8422	0	0	0	0	0	0
Biragzang__NODE_1274_length_8418_cov_35.842401	1	8418	0	0	0	0	0	0
MV-4128_S29__NODE_759_length_8418_cov_17.892622	1	8418	0	0	0	0	0	0
Biragzang__NODE_1275_length_8417_cov_37.392849	1	8417	0	0	0	0	0	0
MV-4125_S18__NODE_1360_length_8415_cov_24.978349	1	8415	0	0	0	0	0	0
MV-4125_S18__NODE_1361_length_8414_cov_12.373729	1	8414	0	0	0	0	0	0
cell-4125-0-44_S16__NODE_165_length_8413_cov_13.494975	1	8413	0	0	0	0	0	0
Biragzang__NODE_1277_length_8412_cov_9.339476	1	8412	0	0	0	0	0	0
cell-4125-0-44_S16__NODE_167_length_8412_cov_8.044633	1	8412	0	0	0	0	0	0
MV-4128_S29__NODE_760_length_8411_cov_12.910723	1	8411	0	0	0	0	0	0
MV-4122_S12__NODE_1670_length_8406_cov_12.669022	1	8406	0	0	0	0	0	0
MV-4128_S29__NODE_761_length_8402_cov_14.076195	1	8402	0	0	0	0	0	0
MV-4128_S29__NODE_762_length_8401_cov_11.991373	1	8401	0	0	0	0	0	0
Biragzang__NODE_1283_length_8398_cov_10.312837	1	8398	0	0	0	0	0	0
MV-4122_S12__NODE_1672_length_8397_cov_23.161712	1	8397	0	0	0	0	0	0
MV-4128_S29__NODE_763_length_8396_cov_23.569116	1	8396	0	0	0	0	0	0
MV-4125_S18__NODE_1366_length_8391_cov_24.290307	1	8391	0	0	0	0	0	0
Biragzang__NODE_1284_length_8390_cov_6.225915	1	8390	0	0	0	0	0	0
MV-4125_S18__NODE_1367_length_8388_cov_17.232809	1	8388	0	0	0	0	0	0
MV-4122_S12__NODE_1673_length_8383_cov_24.898655	1	8383	0	0	0	0	0	0
MV-4128_S29__NODE_765_length_8383_cov_25.903818	1	8383	0	0	0	0	0	0
MV-4122_S12__NODE_1674_length_8380_cov_10.997598	1	8380	0	0	0	0	0	0
MV-4128_S29__NODE_766_length_8380_cov_11.695736	1	8380	0	0	0	0	0	0
MV-4122_S12__NODE_1675_length_8379_cov_32.637914	1	8379	0	0	0	0	0	0
cell-4125-0-44_S16__NODE_168_length_8379_cov_6.688731	1	8379	0	0	0	0	0	0
cell-4125-0-44_S16__NODE_169_length_8377_cov_8.328286	1	8377	0	0	0	0	0	0
cell-4122-0-44_S10__NODE_274_length_8375_cov_17.692909	1	8375	0	0	0	0	0	0
cell-4125-0-44_S16__NODE_170_length_8375_cov_10.464063	1	8375	0	0	0	0	0	0
MV-4125_S18__NODE_1371_length_8374_cov_18.050968	1	8374	0	0	0	0	0	0
MV-4125_S18__NODE_1372_length_8373_cov_15.805723	1	8373	0	0	0	0	0	0
Biragzang__NODE_1288_length_8371_cov_6.042929	1	8371	0	0	0	0	0	0
Biragzang__NODE_1289_length_8369_cov_6.325114	1	8369	0	0	0	0	0	0
MV-4125_S18__NODE_1374_length_8364_cov_5.772295	1	8364	0	0	0	0	0	0
cell-4125-0-44_S16__NODE_171_length_8364_cov_4.867252	1	8364	0	0	0	0	0	0
MV-4125_S18__NODE_1375_length_8362_cov_20.467437	1	8362	0	0	0	0	0	0
Biragzang__NODE_1291_length_8358_cov_20.862218	1	8358	0	0	0	0	0	0
MV-4122_S12__NODE_1677_length_8358_cov_19.831507	1	8358	0	0	0	0	0	0
MV-4128_S29__NODE_767_length_8357_cov_13.847145	1	8357	0	0	0	0	0	0
cell-4122-0-44_S10__NODE_275_length_8347_cov_14.683550	1	8347	0	0	0	0	0	0
Biragzang__NODE_1293_length_8346_cov_5.897841	1	8346	0	0	0	0	0	0
cell-4125-0-44_S16__NODE_172_length_8345_cov_5.457419	1	8345	0	0	0	0	0	0
Biragzang__NODE_1296_length_8339_cov_7.097537	1	8339	0	0	0	0	0	0
MV-4125_S18__NODE_1379_length_8336_cov_16.840357	1	8336	0	0	0	0	0	0
Biragzang__NODE_1297_length_8329_cov_6.446701	1	8329	0	0	0	0	0	0
Biragzang__NODE_1298_length_8326_cov_29.731592	1	8326	0	0	0	0	0	0
cell-4122-0-44_S10__NODE_276_length_8326_cov_15.834240	1	8326	0	0	0	0	0	0
Biragzang__NODE_1300_length_8323_cov_9.117078	1	8323	0	0	0	0	0	0
Biragzang__NODE_1302_length_8320_cov_17.486146	1	8320	0	0	0	0	0	0
cell-4125-0-44_S16__NODE_173_length_8319_cov_8.376331	1	8319	0	0	0	0	0	0
MV-4125_S18__NODE_1381_length_8317_cov_22.980150	1	8317	0	0	0	0	0	0
MV-4122_S12__NODE_1679_length_8316_cov_23.058589	1	8316	0	0	0	0	0	0
cell-4122-0-44_S10__NODE_277_length_8316_cov_12.895049	1	8316	0	0	0	0	0	0
Biragzang__NODE_1303_length_8315_cov_12.446973	1	8315	0	0	0	0	0	0
MV-4122_S12__NODE_1680_length_8315_cov_12.102058	1	8315	0	0	0	0	0	0
MV-4122_S12__NODE_1681_length_8314_cov_27.100254	1	8314	0	0	0	0	0	0
MV-4122_S12__NODE_1682_length_8312_cov_12.097009	1	8312	0	0	0	0	0	0
MV-4128_S29__NODE_770_length_8312_cov_17.935328	1	8312	0	0	0	0	0	0
MV-4122_S12__NODE_1684_length_8311_cov_7.396560	1	8311	0	0	0	0	0	0
Biragzang__NODE_1304_length_8309_cov_30.330749	1	8309	0	0	0	0	0	0
Biragzang__NODE_1305_length_8308_cov_6.976736	1	8308	0	0	0	0	0	0
Biragzang__NODE_1306_length_8305_cov_15.116000	1	8305	0	0	0	0	0	0
Biragzang__NODE_1307_length_8304_cov_6.905322	1	8304	0	0	0	0	0	0
Biragzang__NODE_1308_length_8304_cov_6.351315	1	8304	0	0	0	0	0	0
MV-4125_S18__NODE_1383_length_8304_cov_17.032368	1	8304	0	0	0	0	0	0
MV-4122_S12__NODE_1685_length_8301_cov_25.372302	1	8301	0	0	0	0	0	0
MV-4128_S29__NODE_771_length_8299_cov_15.618025	1	8299	0	0	0	0	0	0
MV-4122_S12__NODE_1686_length_8297_cov_20.079714	1	8297	0	0	0	0	0	0
MV-4125_S18__NODE_1385_length_8290_cov_18.912568	1	8290	0	0	0	0	0	0
Biragzang__NODE_1310_length_8288_cov_6.774930	1	8288	0	0	0	0	0	0
MV-4122_S12__NODE_1687_length_8288_cov_9.964290	1	8288	0	0	0	0	0	0
MV-4125_S18__NODE_1386_length_8286_cov_6.811202	1	8286	0	0	0	0	0	0
Biragzang__NODE_1311_length_8283_cov_7.061133	1	8283	0	0	0	0	0	0
MV-4128_S29__NODE_772_length_8282_cov_15.318950	1	8282	0	0	0	0	0	0
MV-4122_S12__NODE_1688_length_8281_cov_12.230853	1	8281	0	0	0	0	0	0
Biragzang__NODE_1313_length_8279_cov_56.600559	1	8279	0	0	0	0	0	0
MV-4125_S18__NODE_1388_length_8275_cov_19.759611	1	8275	0	0	0	0	0	0
cell-4125-0-44_S16__NODE_174_length_8275_cov_10.772384	1	8275	0	0	0	0	0	0
MV-4122_S12__NODE_1689_length_8273_cov_9.318082	1	8273	0	0	0	0	0	0
Biragzang__NODE_1315_length_8269_cov_9.065620	1	8269	0	0	0	0	0	0
Biragzang__NODE_1316_length_8268_cov_6.270060	1	8268	0	0	0	0	0	0
MV-4122_S12__NODE_1690_length_8267_cov_31.136264	1	8267	0	0	0	0	0	0
Biragzang__NODE_1318_length_8266_cov_19.377421	1	8266	0	0	0	0	0	0
cell-4122-0-44_S10__NODE_278_length_8265_cov_13.045676	1	8265	0	0	0	0	0	0
MV-4128_S29__NODE_773_length_8262_cov_6.026685	1	8262	0	0	0	0	0	0
MV-4122_S12__NODE_1692_length_8261_cov_9.152815	1	8261	0	0	0	0	0	0
MV-4125_S18__NODE_1390_length_8261_cov_16.527175	1	8261	0	0	0	0	0	0
MV-4122_S12__NODE_1693_length_8260_cov_26.075320	1	8260	0	0	0	0	0	0
MV-4125_S18__NODE_1393_length_8257_cov_18.417337	1	8257	0	0	0	0	0	0
MV-4125_S18__NODE_1395_length_8254_cov_7.716307	1	8254	0	0	0	0	0	0
Biragzang__NODE_1323_length_8249_cov_42.719429	1	8249	0	0	0	0	0	0
MV-4128_S29__NODE_774_length_8248_cov_17.233736	1	8248	0	0	0	0	0	0
Biragzang__NODE_1324_length_8247_cov_12.613525	1	8247	0	0	0	0	0	0
MV-4122_S12__NODE_1694_length_8246_cov_10.777683	1	8246	0	0	0	0	0	0
MV-4125_S18__NODE_1397_length_8246_cov_26.675131	1	8246	0	0	0	0	0	0
cell-4125-0-44_S16__NODE_175_length_8245_cov_5.781929	1	8245	0	0	0	0	0	0
Biragzang__NODE_1325_length_8244_cov_35.819148	1	8244	0	0	0	0	0	0
MV-4122_S12__NODE_1695_length_8242_cov_43.899353	1	8242	0	0	0	0	0	0
Biragzang__NODE_1326_length_8241_cov_49.967139	1	8241	0	0	0	0	0	0
Biragzang__NODE_1327_length_8240_cov_12.664020	1	8240	0	0	0	0	0	0
cell-4122-0-44_S10__NODE_279_length_8239_cov_13.382576	1	8239	0	0	0	0	0	0
Biragzang__NODE_1328_length_8237_cov_17.486923	1	8237	0	0	0	0	0	0
MV-4125_S18__NODE_1399_length_8236_cov_15.581469	1	8236	0	0	0	0	0	0
cell-4122-0-44_S10__NODE_280_length_8236_cov_18.644664	1	8236	0	0	0	0	0	0
MV-4125_S18__NODE_1400_length_8235_cov_20.565648	1	8235	0	0	0	0	0	0
Biragzang__NODE_1329_length_8231_cov_68.035837	1	8231	0	0	0	0	0	0
cell-4122-0-44_S10__NODE_281_length_8229_cov_23.412283	1	8229	0	0	0	0	0	0
Biragzang__NODE_1330_length_8228_cov_10.870549	1	8228	0	0	0	0	0	0
Biragzang__NODE_1331_length_8228_cov_6.705371	1	8228	0	0	0	0	0	0
MV-4122_S12__NODE_1697_length_8224_cov_11.358306	1	8224	0	0	0	0	0	0
MV-4128_S29__NODE_776_length_8224_cov_17.021912	1	8224	0	0	0	0	0	0
MV-4125_S18__NODE_1402_length_8223_cov_47.965597	1	8223	0	0	0	0	0	0
MV-4128_S29__NODE_777_length_8223_cov_13.782076	1	8223	0	0	0	0	0	0
MV-4128_S29__NODE_778_length_8217_cov_28.099485	1	8217	0	0	0	0	0	0
MV-4122_S12__NODE_1698_length_8213_cov_21.014955	1	8213	0	0	0	0	0	0
MV-4128_S29__NODE_779_length_8213_cov_13.471929	1	8213	0	0	0	0	0	0
MV-4128_S29__NODE_780_length_8212_cov_26.541866	1	8212	0	0	0	0	0	0
MV-4128_S29__NODE_781_length_8212_cov_9.316170	1	8212	0	0	0	0	0	0
MV-4122_S12__NODE_1699_length_8210_cov_8.265113	1	8210	0	0	0	0	0	0
Biragzang__NODE_1333_length_8209_cov_15.199289	1	8209	0	0	0	0	0	0
MV-4128_S29__NODE_782_length_8205_cov_15.867117	1	8205	0	0	0	0	0	0
MV-4125_S18__NODE_1409_length_8200_cov_7.118109	1	8200	0	0	0	0	0	0
MV-4122_S12__NODE_1700_length_8196_cov_21.913033	1	8196	0	0	0	0	0	0
Biragzang__NODE_1334_length_8193_cov_4.992873	1	8193	0	0	0	0	0	0
MV-4125_S18__NODE_1410_length_8190_cov_24.335956	1	8190	0	0	0	0	0	0
MV-4125_S18__NODE_1411_length_8190_cov_22.488998	1	8190	0	0	0	0	0	0
MV-4125_S18__NODE_1412_length_8189_cov_15.001598	1	8189	0	0	0	0	0	0
MV-4128_S29__NODE_783_length_8189_cov_20.584091	1	8189	0	0	0	0	0	0
cell-4125-0-44_S16__NODE_177_length_8189_cov_9.556553	1	8189	0	0	0	0	0	0
cell-4122-0-44_S10__NODE_282_length_8188_cov_19.683389	1	8188	0	0	0	0	0	0
Biragzang__NODE_1336_length_8185_cov_28.580812	1	8185	0	0	0	0	0	0
MV-4125_S18__NODE_1415_length_8184_cov_14.405831	1	8184	0	0	0	0	0	0
Biragzang__NODE_1337_length_8183_cov_9.207800	1	8183	0	0	0	0	0	0
MV-4128_S29__NODE_784_length_8183_cov_13.187623	1	8183	0	0	0	0	0	0
Biragzang__NODE_1338_length_8182_cov_5.410114	1	8182	0	0	0	0	0	0
cell-4122-0-44_S10__NODE_283_length_8181_cov_12.814669	1	8181	0	0	0	0	0	0
cell-4122-0-44_S10__NODE_284_length_8179_cov_40.650295	1	8179	0	0	0	0	0	0
cell-4125-0-44_S16__NODE_178_length_8178_cov_7.618737	1	8178	0	0	0	0	0	0
MV-4125_S18__NODE_1416_length_8177_cov_7.029549	1	8177	0	0	0	0	0	0
cell-4125-0-44_S16__NODE_179_length_8177_cov_11.949520	1	8177	0	0	0	0	0	0
Biragzang__NODE_1340_length_8176_cov_7.086935	1	8176	0	0	0	0	0	0
MV-4122_S12__NODE_1701_length_8176_cov_38.770595	1	8176	0	0	0	0	0	0
Biragzang__NODE_1341_length_8173_cov_17.759177	1	8173	0	0	0	0	0	0
MV-4122_S12__NODE_1702_length_8173_cov_10.163587	1	8173	0	0	0	0	0	0
MV-4122_S12__NODE_1703_length_8172_cov_29.387828	1	8172	0	0	0	0	0	0
MV-4122_S12__NODE_1704_length_8172_cov_8.946655	1	8172	0	0	0	0	0	0
cell-4122-0-44_S10__NODE_285_length_8169_cov_14.339044	1	8169	0	0	0	0	0	0
cell-4122-0-44_S10__NODE_286_length_8166_cov_16.676735	1	8166	0	0	0	0	0	0
MV-4128_S29__NODE_785_length_8164_cov_15.387717	1	8164	0	0	0	0	0	0
MV-4128_S29__NODE_786_length_8164_cov_12.069799	1	8164	0	0	0	0	0	0
MV-4122_S12__NODE_1705_length_8161_cov_20.986306	1	8161	0	0	0	0	0	0
MV-4122_S12__NODE_1707_length_8154_cov_23.956167	1	8154	0	0	0	0	0	0
MV-4125_S18__NODE_1419_length_8154_cov_21.666749	1	8154	0	0	0	0	0	0
MV-4125_S18__NODE_1420_length_8154_cov_21.353871	1	8154	0	0	0	0	0	0
MV-4128_S29__NODE_787_length_8154_cov_14.714780	1	8154	0	0	0	0	0	0
MV-4125_S18__NODE_1422_length_8149_cov_16.469978	1	8149	0	0	0	0	0	0
cell-4125-0-44_S16__NODE_180_length_8149_cov_5.351371	1	8149	0	0	0	0	0	0
Biragzang__NODE_1347_length_8145_cov_12.005068	1	8145	0	0	0	0	0	0
Biragzang__NODE_1348_length_8144_cov_50.662505	1	8144	0	0	0	0	0	0
MV-4125_S18__NODE_1423_length_8142_cov_21.599110	1	8142	0	0	0	0	0	0
MV-4125_S18__NODE_1424_length_8140_cov_17.218924	1	8140	0	0	0	0	0	0
MV-4128_S29__NODE_789_length_8139_cov_13.183944	1	8139	0	0	0	0	0	0
MV-4122_S12__NODE_1709_length_8131_cov_13.964586	1	8131	0	0	0	0	0	0
MV-4122_S12__NODE_1710_length_8125_cov_4.741636	1	8125	0	0	0	0	0	0
cell-4125-0-44_S16__NODE_181_length_8125_cov_10.699133	1	8125	0	0	0	0	0	0
cell-4125-0-44_S16__NODE_182_length_8125_cov_6.969641	1	8125	0	0	0	0	0	0
MV-4128_S29__NODE_790_length_8124_cov_12.059239	1	8124	0	0	0	0	0	0
MV-4122_S12__NODE_1711_length_8123_cov_21.303297	1	8123	0	0	0	0	0	0
cell-4122-0-44_S10__NODE_287_length_8123_cov_10.910759	1	8123	0	0	0	0	0	0
cell-4122-0-44_S10__NODE_288_length_8123_cov_8.065568	1	8123	0	0	0	0	0	0
cell-4125-0-44_S16__NODE_183_length_8123_cov_8.312469	1	8123	0	0	0	0	0	0
MV-4122_S12__NODE_1712_length_8122_cov_6.779844	1	8122	0	0	0	0	0	0
MV-4125_S18__NODE_1429_length_8121_cov_28.323456	1	8121	0	0	0	0	0	0
Biragzang__NODE_1352_length_8120_cov_7.630998	1	8120	0	0	0	0	0	0
MV-4122_S12__NODE_1713_length_8118_cov_13.784696	1	8118	0	0	0	0	0	0
MV-4122_S12__NODE_1714_length_8116_cov_27.634785	1	8116	0	0	0	0	0	0
MV-4122_S12__NODE_1715_length_8115_cov_7.526551	1	8115	0	0	0	0	0	0
MV-4125_S18__NODE_1430_length_8114_cov_5.388137	1	8114	0	0	0	0	0	0
MV-4125_S18__NODE_1432_length_8112_cov_7.903686	1	8112	0	0	0	0	0	0
MV-4128_S29__NODE_791_length_8110_cov_16.003973	1	8110	0	0	0	0	0	0
MV-4122_S12__NODE_1717_length_8106_cov_43.039995	1	8106	0	0	0	0	0	0
cell-4122-0-44_S10__NODE_289_length_8105_cov_12.443851	1	8105	0	0	0	0	0	0
Biragzang__NODE_1358_length_8103_cov_9.324428	1	8103	0	0	0	0	0	0
cell-4122-0-44_S10__NODE_290_length_8103_cov_12.063370	1	8103	0	0	0	0	0	0
MV-4128_S29__NODE_792_length_8100_cov_11.374767	1	8100	0	0	0	0	0	0
Biragzang__NODE_1360_length_8097_cov_47.104452	1	8097	0	0	0	0	0	0
MV-4122_S12__NODE_1720_length_8097_cov_27.339965	1	8097	0	0	0	0	0	0
MV-4122_S12__NODE_1721_length_8095_cov_10.905473	1	8095	0	0	0	0	0	0
Biragzang__NODE_1361_length_8094_cov_6.551561	1	8094	0	0	0	0	0	0
cell-4125-0-44_S16__NODE_185_length_8092_cov_5.960682	1	8092	0	0	0	0	0	0
MV-4122_S12__NODE_1722_length_8090_cov_12.591039	1	8090	0	0	0	0	0	0
Biragzang__NODE_1362_length_8088_cov_23.297025	1	8088	0	0	0	0	0	0
MV-4122_S12__NODE_1723_length_8087_cov_11.335035	1	8087	0	0	0	0	0	0
MV-4122_S12__NODE_1724_length_8085_cov_14.179577	1	8085	0	0	0	0	0	0
MV-4125_S18__NODE_1438_length_8084_cov_26.330552	1	8084	0	0	0	0	0	0
Biragzang__NODE_1364_length_8083_cov_7.278899	1	8083	0	0	0	0	0	0
MV-4125_S18__NODE_1439_length_8083_cov_18.285127	1	8083	0	0	0	0	0	0
MV-4122_S12__NODE_1725_length_8081_cov_23.347122	1	8081	0	0	0	0	0	0
Biragzang__NODE_1367_length_8076_cov_12.516145	1	8076	0	0	0	0	0	0
MV-4122_S12__NODE_1726_length_8074_cov_26.863699	1	8074	0	0	0	0	0	0
MV-4125_S18__NODE_1444_length_8071_cov_7.953842	1	8071	0	0	0	0	0	0
MV-4125_S18__NODE_1445_length_8069_cov_7.586973	1	8069	0	0	0	0	0	0
MV-4122_S12__NODE_1727_length_8067_cov_24.514853	1	8067	0	0	0	0	0	0
MV-4125_S18__NODE_1447_length_8067_cov_32.265851	1	8067	0	0	0	0	0	0
Biragzang__NODE_1370_length_8066_cov_14.979903	1	8066	0	0	0	0	0	0
Biragzang__NODE_1371_length_8066_cov_11.053427	1	8066	0	0	0	0	0	0
Biragzang__NODE_1372_length_8065_cov_6.029338	1	8065	0	0	0	0	0	0
MV-4122_S12__NODE_1728_length_8065_cov_8.932709	1	8065	0	0	0	0	0	0
MV-4122_S12__NODE_1729_length_8063_cov_45.195055	1	8063	0	0	0	0	0	0
MV-4125_S18__NODE_1448_length_8063_cov_5.442932	1	8063	0	0	0	0	0	0
MV-4128_S29__NODE_794_length_8063_cov_13.049825	1	8063	0	0	0	0	0	0
MV-4122_S12__NODE_1730_length_8061_cov_32.021359	1	8061	0	0	0	0	0	0
Biragzang__NODE_1373_length_8059_cov_12.594703	1	8059	0	0	0	0	0	0
Biragzang__NODE_1374_length_8058_cov_29.313008	1	8058	0	0	0	0	0	0
MV-4125_S18__NODE_1449_length_8057_cov_6.173957	1	8057	0	0	0	0	0	0
Biragzang__NODE_1376_length_8055_cov_6.947250	1	8055	0	0	0	0	0	0
MV-4125_S18__NODE_1450_length_8051_cov_8.039645	1	8051	0	0	0	0	0	0
cell-4125-0-44_S16__NODE_187_length_8051_cov_9.952851	1	8051	0	0	0	0	0	0
Biragzang__NODE_1378_length_8046_cov_6.047053	1	8046	0	0	0	0	0	0
cell-4122-0-44_S10__NODE_291_length_8046_cov_32.726067	1	8046	0	0	0	0	0	0
cell-4125-0-44_S16__NODE_188_length_8046_cov_7.042298	1	8046	0	0	0	0	0	0
Biragzang__NODE_1379_length_8043_cov_35.952429	1	8043	0	0	0	0	0	0
MV-4128_S29__NODE_795_length_8043_cov_14.342514	1	8043	0	0	0	0	0	0
cell-4125-0-44_S16__NODE_189_length_8043_cov_7.685528	1	8043	0	0	0	0	0	0
Biragzang__NODE_1380_length_8042_cov_44.184926	1	8042	0	0	0	0	0	0
MV-4122_S12__NODE_1732_length_8042_cov_10.798422	1	8042	0	0	0	0	0	0
MV-4128_S29__NODE_796_length_8042_cov_15.133467	1	8042	0	0	0	0	0	0
MV-4125_S18__NODE_1452_length_8041_cov_20.190584	1	8041	0	0	0	0	0	0
MV-4128_S29__NODE_797_length_8041_cov_16.323942	1	8041	0	0	0	0	0	0
MV-4125_S18__NODE_1453_length_8040_cov_16.714214	1	8040	0	0	0	0	0	0
MV-4125_S18__NODE_1454_length_8038_cov_7.017287	1	8038	0	0	0	0	0	0
MV-4128_S29__NODE_798_length_8036_cov_6.839494	1	8036	0	0	0	0	0	0
cell-4125-0-44_S16__NODE_190_length_8034_cov_9.318962	1	8034	0	0	0	0	0	0
cell-4125-0-44_S16__NODE_191_length_8024_cov_33.434433	1	8024	0	0	0	0	0	0
MV-4128_S29__NODE_799_length_8023_cov_816.873117	1	8023	0	0	0	0	0	0
Biragzang__NODE_1384_length_8021_cov_6.256214	1	8021	0	0	0	0	0	0
Biragzang__NODE_1385_length_8020_cov_7.509605	1	8020	0	0	0	0	0	0
MV-4125_S18__NODE_1455_length_8020_cov_13.587194	1	8020	0	0	0	0	0	0
Biragzang__NODE_1386_length_8016_cov_32.523175	1	8016	0	0	0	0	0	0
MV-4125_S18__NODE_1459_length_8015_cov_6.426005	1	8015	0	0	0	0	0	0
MV-4125_S18__NODE_1460_length_8013_cov_36.428500	1	8013	0	0	0	0	0	0
MV-4122_S12__NODE_1733_length_8011_cov_47.705128	1	8011	0	0	0	0	0	0
Biragzang__NODE_1388_length_8009_cov_18.514584	1	8009	0	0	0	0	0	0
Biragzang__NODE_1389_length_8008_cov_32.338111	1	8008	0	0	0	0	0	0
MV-4122_S12__NODE_1735_length_8003_cov_10.504026	1	8003	0	0	0	0	0	0
MV-4122_S12__NODE_1736_length_8002_cov_22.209136	1	8002	0	0	0	0	0	0
Biragzang__NODE_1392_length_8001_cov_7.297634	1	8001	0	0	0	0	0	0
Biragzang__NODE_1393_length_8000_cov_6.091126	1	8000	0	0	0	0	0	0
cell-4125-0-44_S16__NODE_194_length_8000_cov_8.208055	1	8000	0	0	0	0	0	0
Biragzang__NODE_1396_length_7993_cov_7.785336	1	7993	0	0	0	0	0	0
Biragzang__NODE_1397_length_7990_cov_12.884184	1	7990	0	0	0	0	0	0
cell-4122-0-44_S10__NODE_292_length_7989_cov_9.679859	1	7989	0	0	0	0	0	0
Biragzang__NODE_1399_length_7978_cov_9.305061	1	7978	0	0	0	0	0	0
cell-4122-0-44_S10__NODE_293_length_7978_cov_40.923009	1	7978	0	0	0	0	0	0
MV-4125_S18__NODE_1464_length_7977_cov_26.270134	1	7977	0	0	0	0	0	0
Biragzang__NODE_1400_length_7976_cov_6.217018	1	7976	0	0	0	0	0	0
MV-4122_S12__NODE_1739_length_7975_cov_38.020455	1	7975	0	0	0	0	0	0
cell-4125-0-44_S16__NODE_196_length_7975_cov_10.247222	1	7975	0	0	0	0	0	0
MV-4128_S29__NODE_801_length_7974_cov_21.639727	1	7974	0	0	0	0	0	0
MV-4125_S18__NODE_1466_length_7972_cov_7.620437	1	7972	0	0	0	0	0	0
Biragzang__NODE_1404_length_7967_cov_6.904323	1	7967	0	0	0	0	0	0
Biragzang__NODE_1405_length_7967_cov_5.420627	1	7967	0	0	0	0	0	0
MV-4125_S18__NODE_1470_length_7960_cov_19.010879	1	7960	0	0	0	0	0	0
cell-4122-0-44_S10__NODE_294_length_7958_cov_12.488802	1	7958	0	0	0	0	0	0
MV-4122_S12__NODE_1743_length_7955_cov_7.735190	1	7955	0	0	0	0	0	0
Biragzang__NODE_1407_length_7952_cov_36.863366	1	7952	0	0	0	0	0	0
MV-4125_S18__NODE_1475_length_7950_cov_21.053452	1	7950	0	0	0	0	0	0
MV-4122_S12__NODE_1744_length_7948_cov_11.976688	1	7948	0	0	0	0	0	0
MV-4122_S12__NODE_1745_length_7948_cov_10.718992	1	7948	0	0	0	0	0	0
Biragzang__NODE_1409_length_7947_cov_5.590345	1	7947	0	0	0	0	0	0
MV-4125_S18__NODE_1478_length_7945_cov_6.710646	1	7945	0	0	0	0	0	0
MV-4125_S18__NODE_1479_length_7942_cov_6.686319	1	7942	0	0	0	0	0	0
Biragzang__NODE_1411_length_7941_cov_11.548187	1	7941	0	0	0	0	0	0
MV-4125_S18__NODE_1482_length_7934_cov_33.148496	1	7934	0	0	0	0	0	0
MV-4122_S12__NODE_1746_length_7930_cov_9.549587	1	7930	0	0	0	0	0	0
cell-4125-0-44_S16__NODE_197_length_7929_cov_7.255525	1	7929	0	0	0	0	0	0
Biragzang__NODE_1413_length_7925_cov_15.700889	1	7925	0	0	0	0	0	0
Biragzang__NODE_1414_length_7922_cov_6.977247	1	7922	0	0	0	0	0	0
MV-4125_S18__NODE_1484_length_7922_cov_12.327571	1	7922	0	0	0	0	0	0
cell-4125-0-44_S16__NODE_198_length_7922_cov_16.228295	1	7922	0	0	0	0	0	0
Biragzang__NODE_1416_length_7921_cov_6.229596	1	7921	0	0	0	0	0	0
MV-4128_S29__NODE_803_length_7921_cov_16.865116	1	7921	0	0	0	0	0	0
Biragzang__NODE_1418_length_7916_cov_11.201628	1	7916	0	0	0	0	0	0
MV-4122_S12__NODE_1747_length_7915_cov_21.451654	1	7915	0	0	0	0	0	0
cell-4122-0-44_S10__NODE_295_length_7915_cov_23.231552	1	7915	0	0	0	0	0	0
MV-4122_S12__NODE_1749_length_7914_cov_8.202698	1	7914	0	0	0	0	0	0
MV-4128_S29__NODE_804_length_7913_cov_15.287223	1	7913	0	0	0	0	0	0
MV-4122_S12__NODE_1750_length_7912_cov_11.229986	1	7912	0	0	0	0	0	0
MV-4128_S29__NODE_805_length_7911_cov_24.109343	1	7911	0	0	0	0	0	0
MV-4122_S12__NODE_1751_length_7909_cov_26.933537	1	7909	0	0	0	0	0	0
MV-4122_S12__NODE_1752_length_7908_cov_35.786706	1	7908	0	0	0	0	0	0
Biragzang__NODE_1421_length_7906_cov_24.393326	1	7906	0	0	0	0	0	0
MV-4122_S12__NODE_1754_length_7904_cov_21.938463	1	7904	0	0	0	0	0	0
Biragzang__NODE_1423_length_7901_cov_5.945322	1	7901	0	0	0	0	0	0
MV-4128_S29__NODE_806_length_7900_cov_7.317655	1	7900	0	0	0	0	0	0
MV-4125_S18__NODE_1489_length_7894_cov_19.856742	1	7894	0	0	0	0	0	0
MV-4128_S29__NODE_808_length_7891_cov_16.468606	1	7891	0	0	0	0	0	0
MV-4125_S18__NODE_1490_length_7890_cov_6.252585	1	7890	0	0	0	0	0	0
MV-4122_S12__NODE_1756_length_7888_cov_26.494191	1	7888	0	0	0	0	0	0
MV-4125_S18__NODE_1494_length_7884_cov_7.069230	1	7884	0	0	0	0	0	0
Biragzang__NODE_1426_length_7882_cov_15.110004	1	7882	0	0	0	0	0	0
MV-4128_S29__NODE_809_length_7882_cov_23.187811	1	7882	0	0	0	0	0	0
Biragzang__NODE_1427_length_7879_cov_13.637270	1	7879	0	0	0	0	0	0
Biragzang__NODE_1428_length_7879_cov_6.086273	1	7879	0	0	0	0	0	0
MV-4128_S29__NODE_810_length_7879_cov_14.016488	1	7879	0	0	0	0	0	0
cell-4122-0-44_S10__NODE_296_length_7879_cov_17.368482	1	7879	0	0	0	0	0	0
MV-4125_S18__NODE_1495_length_7878_cov_7.250671	1	7878	0	0	0	0	0	0
MV-4122_S12__NODE_1757_length_7877_cov_4.635260	1	7877	0	0	0	0	0	0
MV-4125_S18__NODE_1496_length_7876_cov_23.906406	1	7876	0	0	0	0	0	0
MV-4128_S29__NODE_811_length_7865_cov_10.420359	1	7865	0	0	0	0	0	0
MV-4122_S12__NODE_1758_length_7860_cov_9.275849	1	7860	0	0	0	0	0	0
MV-4125_S18__NODE_1499_length_7859_cov_7.651845	1	7859	0	0	0	0	0	0
Biragzang__NODE_1433_length_7858_cov_4.426631	1	7858	0	0	0	0	0	0
MV-4122_S12__NODE_1759_length_7857_cov_11.221353	1	7857	0	0	0	0	0	0
MV-4125_S18__NODE_1500_length_7857_cov_20.383107	1	7857	0	0	0	0	0	0
Biragzang__NODE_1434_length_7851_cov_5.020523	1	7851	0	0	0	0	0	0
MV-4128_S29__NODE_812_length_7851_cov_15.445998	1	7851	0	0	0	0	0	0
cell-4122-0-44_S10__NODE_297_length_7842_cov_516.592783	1	7842	0	0	0	0	0	0
cell-4122-0-44_S10__NODE_298_length_7842_cov_14.284834	1	7842	0	0	0	0	0	0
cell-4125-0-44_S16__NODE_200_length_7839_cov_5.898253	1	7839	0	0	0	0	0	0
MV-4125_S18__NODE_1503_length_7838_cov_7.160735	1	7838	0	0	0	0	0	0
cell-4122-0-44_S10__NODE_299_length_7838_cov_16.061287	1	7838	0	0	0	0	0	0
MV-4122_S12__NODE_1760_length_7837_cov_44.469160	1	7837	0	0	0	0	0	0
MV-4122_S12__NODE_1761_length_7836_cov_13.035343	1	7836	0	0	0	0	0	0
Biragzang__NODE_1436_length_7835_cov_40.211311	1	7835	0	0	0	0	0	0
MV-4122_S12__NODE_1762_length_7834_cov_10.007456	1	7834	0	0	0	0	0	0
MV-4128_S29__NODE_813_length_7832_cov_14.683425	1	7832	0	0	0	0	0	0
MV-4128_S29__NODE_814_length_7827_cov_4.750772	1	7827	0	0	0	0	0	0
MV-4125_S18__NODE_1505_length_7824_cov_9.664049	1	7824	0	0	0	0	0	0
MV-4128_S29__NODE_815_length_7824_cov_13.481915	1	7824	0	0	0	0	0	0
cell-4122-0-44_S10__NODE_300_length_7824_cov_22.367615	1	7824	0	0	0	0	0	0
cell-4122-0-44_S10__NODE_301_length_7821_cov_10.270796	1	7821	0	0	0	0	0	0
MV-4125_S18__NODE_1506_length_7820_cov_11.871346	1	7820	0	0	0	0	0	0
MV-4125_S18__NODE_1507_length_7819_cov_21.834493	1	7819	0	0	0	0	0	0
MV-4125_S18__NODE_1510_length_7817_cov_8.228421	1	7817	0	0	0	0	0	0
MV-4128_S29__NODE_816_length_7816_cov_17.862518	1	7816	0	0	0	0	0	0
Biragzang__NODE_1440_length_7813_cov_6.878061	1	7813	0	0	0	0	0	0
MV-4122_S12__NODE_1764_length_7813_cov_31.790281	1	7813	0	0	0	0	0	0
MV-4125_S18__NODE_1513_length_7813_cov_22.992782	1	7813	0	0	0	0	0	0
MV-4125_S18__NODE_1514_length_7812_cov_7.124275	1	7812	0	0	0	0	0	0
Biragzang__NODE_1442_length_7808_cov_6.661937	1	7808	0	0	0	0	0	0
MV-4128_S29__NODE_817_length_7808_cov_17.913066	1	7808	0	0	0	0	0	0
Biragzang__NODE_1443_length_7807_cov_6.344943	1	7807	0	0	0	0	0	0
Biragzang__NODE_1444_length_7806_cov_5.310928	1	7806	0	0	0	0	0	0
MV-4122_S12__NODE_1765_length_7804_cov_9.566912	1	7804	0	0	0	0	0	0
MV-4122_S12__NODE_1766_length_7804_cov_7.122467	1	7804	0	0	0	0	0	0
Biragzang__NODE_1446_length_7801_cov_35.846501	1	7801	0	0	0	0	0	0
MV-4122_S12__NODE_1767_length_7800_cov_8.887540	1	7800	0	0	0	0	0	0
Biragzang__NODE_1448_length_7799_cov_4.631586	1	7799	0	0	0	0	0	0
Biragzang__NODE_1449_length_7797_cov_45.230044	1	7797	0	0	0	0	0	0
MV-4128_S29__NODE_818_length_7796_cov_16.529001	1	7796	0	0	0	0	0	0
MV-4125_S18__NODE_1516_length_7795_cov_20.067183	1	7795	0	0	0	0	0	0
cell-4122-0-44_S10__NODE_302_length_7795_cov_32.253488	1	7795	0	0	0	0	0	0
MV-4122_S12__NODE_1768_length_7791_cov_9.503490	1	7791	0	0	0	0	0	0
MV-4125_S18__NODE_1517_length_7791_cov_6.748837	1	7791	0	0	0	0	0	0
MV-4128_S29__NODE_820_length_7791_cov_13.760471	1	7791	0	0	0	0	0	0
cell-4125-0-44_S16__NODE_202_length_7789_cov_7.002715	1	7789	0	0	0	0	0	0
cell-4122-0-44_S10__NODE_303_length_7786_cov_11.469280	1	7786	0	0	0	0	0	0
MV-4122_S12__NODE_1769_length_7785_cov_41.358603	1	7785	0	0	0	0	0	0
cell-4125-0-44_S16__NODE_203_length_7783_cov_6.833333	1	7783	0	0	0	0	0	0
cell-4125-0-44_S16__NODE_204_length_7775_cov_7.720855	1	7775	0	0	0	0	0	0
MV-4122_S12__NODE_1770_length_7774_cov_13.307164	1	7774	0	0	0	0	0	0
cell-4122-0-44_S10__NODE_304_length_7774_cov_12.577147	1	7774	0	0	0	0	0	0
MV-4125_S18__NODE_1520_length_7772_cov_6.608915	1	7772	0	0	0	0	0	0
MV-4122_S12__NODE_1771_length_7769_cov_20.299585	1	7769	0	0	0	0	0	0
MV-4122_S12__NODE_1773_length_7766_cov_4.601089	1	7766	0	0	0	0	0	0
MV-4125_S18__NODE_1521_length_7761_cov_26.753439	1	7761	0	0	0	0	0	0
MV-4122_S12__NODE_1774_length_7758_cov_11.621706	1	7758	0	0	0	0	0	0
MV-4125_S18__NODE_1522_length_7757_cov_19.370813	1	7757	0	0	0	0	0	0
Biragzang__NODE_1457_length_7752_cov_22.725867	1	7752	0	0	0	0	0	0
MV-4128_S29__NODE_822_length_7752_cov_15.148240	1	7752	0	0	0	0	0	0
Biragzang__NODE_1458_length_7751_cov_9.369413	1	7751	0	0	0	0	0	0
MV-4128_S29__NODE_823_length_7750_cov_23.398051	1	7750	0	0	0	0	0	0
MV-4122_S12__NODE_1775_length_7749_cov_39.456200	1	7749	0	0	0	0	0	0
cell-4122-0-44_S10__NODE_305_length_7749_cov_10.877047	1	7749	0	0	0	0	0	0
MV-4125_S18__NODE_1523_length_7748_cov_25.569349	1	7748	0	0	0	0	0	0
cell-4122-0-44_S10__NODE_306_length_7748_cov_24.056675	1	7748	0	0	0	0	0	0
Biragzang__NODE_1460_length_7747_cov_6.265081	1	7747	0	0	0	0	0	0
MV-4122_S12__NODE_1776_length_7746_cov_8.192043	1	7746	0	0	0	0	0	0
cell-4125-0-44_S16__NODE_205_length_7742_cov_7.233121	1	7742	0	0	0	0	0	0
Biragzang__NODE_1464_length_7741_cov_6.325137	1	7741	0	0	0	0	0	0
MV-4122_S12__NODE_1777_length_7741_cov_27.710513	1	7741	0	0	0	0	0	0
MV-4122_S12__NODE_1778_length_7737_cov_9.026946	1	7737	0	0	0	0	0	0
MV-4122_S12__NODE_1779_length_7736_cov_40.386278	1	7736	0	0	0	0	0	0
MV-4122_S12__NODE_1780_length_7736_cov_7.619581	1	7736	0	0	0	0	0	0
cell-4122-0-44_S10__NODE_307_length_7736_cov_9.923057	1	7736	0	0	0	0	0	0
MV-4128_S29__NODE_824_length_7735_cov_16.089583	1	7735	0	0	0	0	0	0
MV-4125_S18__NODE_1527_length_7733_cov_31.925371	1	7733	0	0	0	0	0	0
MV-4122_S12__NODE_1781_length_7727_cov_19.344760	1	7727	0	0	0	0	0	0
MV-4128_S29__NODE_825_length_7727_cov_23.059828	1	7727	0	0	0	0	0	0
cell-4125-0-44_S16__NODE_206_length_7726_cov_7.616478	1	7726	0	0	0	0	0	0
Biragzang__NODE_1467_length_7723_cov_6.904408	1	7723	0	0	0	0	0	0
Biragzang__NODE_1468_length_7720_cov_63.367123	1	7720	0	0	0	0	0	0
MV-4122_S12__NODE_1782_length_7719_cov_23.282881	1	7719	0	0	0	0	0	0
cell-4122-0-44_S10__NODE_308_length_7719_cov_12.855297	1	7719	0	0	0	0	0	0
MV-4122_S12__NODE_1783_length_7718_cov_8.007960	1	7718	0	0	0	0	0	0
Biragzang__NODE_1469_length_7717_cov_11.628426	1	7717	0	0	0	0	0	0
MV-4128_S29__NODE_826_length_7717_cov_9.622944	1	7717	0	0	0	0	0	0
MV-4125_S18__NODE_1528_length_7713_cov_24.028075	1	7713	0	0	0	0	0	0
MV-4122_S12__NODE_1784_length_7712_cov_10.919028	1	7712	0	0	0	0	0	0
cell-4122-0-44_S10__NODE_309_length_7709_cov_15.641756	1	7709	0	0	0	0	0	0
MV-4122_S12__NODE_1786_length_7697_cov_28.095001	1	7697	0	0	0	0	0	0
cell-4122-0-22_S11__NODE_135_length_7697_cov_12.974876	1	7697	0	0	0	0	0	0
MV-4122_S12__NODE_1787_length_7695_cov_18.602618	1	7695	0	0	0	0	0	0
Biragzang__NODE_1473_length_7694_cov_6.483833	1	7694	0	0	0	0	0	0
MV-4128_S29__NODE_828_length_7694_cov_19.350831	1	7694	0	0	0	0	0	0
cell-4125-0-44_S16__NODE_207_length_7689_cov_11.680639	1	7689	0	0	0	0	0	0
Biragzang__NODE_1477_length_7687_cov_56.904350	1	7687	0	0	0	0	0	0
MV-4128_S29__NODE_829_length_7687_cov_10.246855	1	7687	0	0	0	0	0	0
MV-4125_S18__NODE_1532_length_7686_cov_8.179400	1	7686	0	0	0	0	0	0
MV-4125_S18__NODE_1533_length_7684_cov_9.147595	1	7684	0	0	0	0	0	0
MV-4122_S12__NODE_1788_length_7682_cov_83.800970	1	7682	0	0	0	0	0	0
Biragzang__NODE_1479_length_7679_cov_9.793284	1	7679	0	0	0	0	0	0
Biragzang__NODE_1480_length_7675_cov_68.579265	1	7675	0	0	0	0	0	0
MV-4122_S12__NODE_1789_length_7675_cov_5.946325	1	7675	0	0	0	0	0	0
Biragzang__NODE_1482_length_7673_cov_10.386847	1	7673	0	0	0	0	0	0
Biragzang__NODE_1483_length_7672_cov_6.236051	1	7672	0	0	0	0	0	0
MV-4128_S29__NODE_833_length_7672_cov_15.990679	1	7672	0	0	0	0	0	0
MV-4125_S18__NODE_1540_length_7670_cov_17.421536	1	7670	0	0	0	0	0	0
MV-4125_S18__NODE_1541_length_7669_cov_7.388889	1	7669	0	0	0	0	0	0
cell-4125-0-44_S16__NODE_208_length_7661_cov_14.361820	1	7661	0	0	0	0	0	0
MV-4122_S12__NODE_1790_length_7659_cov_22.020121	1	7659	0	0	0	0	0	0
MV-4128_S29__NODE_834_length_7655_cov_15.062500	1	7655	0	0	0	0	0	0
MV-4122_S12__NODE_1792_length_7651_cov_6.518826	1	7651	0	0	0	0	0	0
MV-4125_S18__NODE_1543_length_7651_cov_30.723934	1	7651	0	0	0	0	0	0
MV-4128_S29__NODE_835_length_7651_cov_11.748289	1	7651	0	0	0	0	0	0
cell-4125-0-44_S16__NODE_209_length_7650_cov_10.305596	1	7650	0	0	0	0	0	0
MV-4125_S18__NODE_1546_length_7645_cov_6.688011	1	7645	0	0	0	0	0	0
cell-4125-0-44_S16__NODE_210_length_7644_cov_5.973251	1	7644	0	0	0	0	0	0
MV-4128_S29__NODE_836_length_7642_cov_12.632661	1	7642	0	0	0	0	0	0
MV-4128_S29__NODE_837_length_7641_cov_15.250066	1	7641	0	0	0	0	0	0
MV-4122_S12__NODE_1793_length_7639_cov_29.452795	1	7639	0	0	0	0	0	0
MV-4122_S12__NODE_1794_length_7639_cov_10.822917	1	7639	0	0	0	0	0	0
MV-4122_S12__NODE_1795_length_7637_cov_55.666711	1	7637	0	0	0	0	0	0
MV-4122_S12__NODE_1796_length_7635_cov_8.431926	1	7635	0	0	0	0	0	0
cell-4122-0-44_S10__NODE_311_length_7635_cov_14.456464	1	7635	0	0	0	0	0	0
MV-4128_S29__NODE_838_length_7628_cov_12.643470	1	7628	0	0	0	0	0	0
cell-4125-0-44_S16__NODE_211_length_7626_cov_10.008982	1	7626	0	0	0	0	0	0
MV-4128_S29__NODE_839_length_7625_cov_24.601717	1	7625	0	0	0	0	0	0
MV-4125_S18__NODE_1550_length_7624_cov_8.483816	1	7624	0	0	0	0	0	0
MV-4125_S18__NODE_1551_length_7623_cov_43.253568	1	7623	0	0	0	0	0	0
Biragzang__NODE_1491_length_7622_cov_6.351262	1	7622	0	0	0	0	0	0
MV-4125_S18__NODE_1552_length_7622_cov_18.880402	1	7622	0	0	0	0	0	0
MV-4125_S18__NODE_1553_length_7622_cov_15.455663	1	7622	0	0	0	0	0	0
Biragzang__NODE_1492_length_7619_cov_6.364754	1	7619	0	0	0	0	0	0
cell-4125-0-44_S16__NODE_212_length_7619_cov_5.987969	1	7619	0	0	0	0	0	0
cell-4122-0-44_S10__NODE_312_length_7618_cov_21.668782	1	7618	0	0	0	0	0	0
Biragzang__NODE_1494_length_7617_cov_5.956890	1	7617	0	0	0	0	0	0
MV-4125_S18__NODE_1556_length_7616_cov_14.759556	1	7616	0	0	0	0	0	0
MV-4122_S12__NODE_1797_length_7612_cov_24.980019	1	7612	0	0	0	0	0	0
Biragzang__NODE_1495_length_7610_cov_36.040900	1	7610	0	0	0	0	0	0
MV-4122_S12__NODE_1798_length_7609_cov_8.095976	1	7609	0	0	0	0	0	0
Biragzang__NODE_1497_length_7605_cov_6.653642	1	7605	0	0	0	0	0	0
MV-4122_S12__NODE_1799_length_7605_cov_21.942119	1	7605	0	0	0	0	0	0
MV-4122_S12__NODE_1800_length_7604_cov_11.918797	1	7604	0	0	0	0	0	0
MV-4128_S29__NODE_842_length_7604_cov_20.723937	1	7604	0	0	0	0	0	0
MV-4122_S12__NODE_1801_length_7603_cov_28.812401	1	7603	0	0	0	0	0	0
MV-4128_S29__NODE_843_length_7601_cov_4.817122	1	7601	0	0	0	0	0	0
MV-4125_S18__NODE_1561_length_7597_cov_6.622116	1	7597	0	0	0	0	0	0
cell-4122-0-44_S10__NODE_313_length_7597_cov_19.853752	1	7597	0	0	0	0	0	0
MV-4122_S12__NODE_1803_length_7593_cov_14.537808	1	7593	0	0	0	0	0	0
MV-4122_S12__NODE_1804_length_7593_cov_7.871451	1	7593	0	0	0	0	0	0
cell-4122-0-44_S10__NODE_314_length_7591_cov_14.583599	1	7591	0	0	0	0	0	0
MV-4122_S12__NODE_1805_length_7590_cov_21.557930	1	7590	0	0	0	0	0	0
MV-4125_S18__NODE_1564_length_7590_cov_6.782216	1	7590	0	0	0	0	0	0
Biragzang__NODE_1502_length_7589_cov_30.863950	1	7589	0	0	0	0	0	0
MV-4122_S12__NODE_1806_length_7589_cov_12.545394	1	7589	0	0	0	0	0	0
MV-4122_S12__NODE_1807_length_7587_cov_29.650956	1	7587	0	0	0	0	0	0
MV-4125_S18__NODE_1565_length_7586_cov_15.496216	1	7586	0	0	0	0	0	0
cell-4125-0-44_S16__NODE_214_length_7586_cov_8.323330	1	7586	0	0	0	0	0	0
MV-4122_S12__NODE_1808_length_7584_cov_8.697171	1	7584	0	0	0	0	0	0
MV-4122_S12__NODE_1809_length_7581_cov_29.116396	1	7581	0	0	0	0	0	0
MV-4128_S29__NODE_845_length_7580_cov_33.956811	1	7580	0	0	0	0	0	0
cell-4125-0-44_S16__NODE_215_length_7580_cov_4.853289	1	7580	0	0	0	0	0	0
MV-4122_S12__NODE_1810_length_7579_cov_10.788145	1	7579	0	0	0	0	0	0
MV-4122_S12__NODE_1811_length_7578_cov_24.566263	1	7578	0	0	0	0	0	0
MV-4125_S18__NODE_1567_length_7578_cov_7.518277	1	7578	0	0	0	0	0	0
Biragzang__NODE_1506_length_7575_cov_6.245745	1	7575	0	0	0	0	0	0
MV-4122_S12__NODE_1812_length_7574_cov_7.751297	1	7574	0	0	0	0	0	0
MV-4125_S18__NODE_1570_length_7574_cov_6.224764	1	7574	0	0	0	0	0	0
MV-4125_S18__NODE_1571_length_7573_cov_10.957702	1	7573	0	0	0	0	0	0
Biragzang__NODE_1510_length_7572_cov_47.691366	1	7572	0	0	0	0	0	0
Biragzang__NODE_1511_length_7571_cov_37.986296	1	7571	0	0	0	0	0	0
Biragzang__NODE_1512_length_7570_cov_6.145975	1	7570	0	0	0	0	0	0
cell-4122-0-44_S10__NODE_315_length_7569_cov_43.451291	1	7569	0	0	0	0	0	0
MV-4128_S29__NODE_846_length_7568_cov_20.456276	1	7568	0	0	0	0	0	0
cell-4125-0-44_S16__NODE_216_length_7567_cov_10.147098	1	7567	0	0	0	0	0	0
cell-4125-0-44_S16__NODE_217_length_7566_cov_9.200373	1	7566	0	0	0	0	0	0
cell-4122-0-44_S10__NODE_316_length_7565_cov_11.689481	1	7565	0	0	0	0	0	0
Biragzang__NODE_1514_length_7564_cov_11.243841	1	7564	0	0	0	0	0	0
Biragzang__NODE_1515_length_7563_cov_45.813799	1	7563	0	0	0	0	0	0
Biragzang__NODE_1516_length_7562_cov_7.771946	1	7562	0	0	0	0	0	0
MV-4128_S29__NODE_847_length_7559_cov_24.517457	1	7559	0	0	0	0	0	0
cell-4125-0-44_S16__NODE_218_length_7557_cov_6.858838	1	7557	0	0	0	0	0	0
MV-4125_S18__NODE_1577_length_7553_cov_16.094158	1	7553	0	0	0	0	0	0
MV-4122_S12__NODE_1815_length_7551_cov_25.936499	1	7551	0	0	0	0	0	0
MV-4128_S29__NODE_848_length_7550_cov_17.450033	1	7550	0	0	0	0	0	0
MV-4122_S12__NODE_1816_length_7548_cov_5.800347	1	7548	0	0	0	0	0	0
MV-4128_S29__NODE_849_length_7548_cov_17.541305	1	7548	0	0	0	0	0	0
cell-4125-0-44_S16__NODE_219_length_7547_cov_15.717432	1	7547	0	0	0	0	0	0
MV-4128_S29__NODE_850_length_7545_cov_22.356609	1	7545	0	0	0	0	0	0
MV-4128_S29__NODE_851_length_7545_cov_21.591589	1	7545	0	0	0	0	0	0
MV-4122_S12__NODE_1818_length_7544_cov_12.196154	1	7544	0	0	0	0	0	0
MV-4128_S29__NODE_852_length_7544_cov_25.382561	1	7544	0	0	0	0	0	0
MV-4128_S29__NODE_853_length_7543_cov_10.232105	1	7543	0	0	0	0	0	0
MV-4128_S29__NODE_854_length_7543_cov_7.131277	1	7543	0	0	0	0	0	0
MV-4122_S12__NODE_1819_length_7542_cov_7.294243	1	7542	0	0	0	0	0	0
MV-4122_S12__NODE_1820_length_7532_cov_25.809817	1	7532	0	0	0	0	0	0
MV-4125_S18__NODE_1580_length_7529_cov_17.597672	1	7529	0	0	0	0	0	0
MV-4125_S18__NODE_1582_length_7527_cov_7.193389	1	7527	0	0	0	0	0	0
cell-4122-0-44_S10__NODE_317_length_7527_cov_15.518870	1	7527	0	0	0	0	0	0
MV-4125_S18__NODE_1584_length_7524_cov_23.450395	1	7524	0	0	0	0	0	0
MV-4125_S18__NODE_1586_length_7520_cov_7.868319	1	7520	0	0	0	0	0	0
MV-4122_S12__NODE_1822_length_7519_cov_6.853430	1	7519	0	0	0	0	0	0
cell-4125-0-44_S16__NODE_223_length_7518_cov_7.428112	1	7518	0	0	0	0	0	0
cell-4122-0-44_S10__NODE_318_length_7515_cov_12.640349	1	7515	0	0	0	0	0	0
MV-4128_S29__NODE_856_length_7514_cov_15.627832	1	7514	0	0	0	0	0	0
MV-4125_S18__NODE_1589_length_7512_cov_16.893791	1	7512	0	0	0	0	0	0
Biragzang__NODE_1523_length_7510_cov_17.854594	1	7510	0	0	0	0	0	0
cell-4122-0-44_S10__NODE_319_length_7510_cov_10.023608	1	7510	0	0	0	0	0	0
cell-4122-0-44_S10__NODE_320_length_7507_cov_37.740338	1	7507	0	0	0	0	0	0
Biragzang__NODE_1525_length_7503_cov_13.001208	1	7503	0	0	0	0	0	0
MV-4128_S29__NODE_857_length_7503_cov_17.034774	1	7503	0	0	0	0	0	0
MV-4122_S12__NODE_1823_length_7497_cov_9.644854	1	7497	0	0	0	0	0	0
MV-4128_S29__NODE_858_length_7496_cov_15.352238	1	7496	0	0	0	0	0	0
MV-4128_S29__NODE_859_length_7496_cov_14.346593	1	7496	0	0	0	0	0	0
cell-4122-0-44_S10__NODE_321_length_7495_cov_77.797849	1	7495	0	0	0	0	0	0
Biragzang__NODE_1527_length_7494_cov_14.046243	1	7494	0	0	0	0	0	0
Biragzang__NODE_1528_length_7493_cov_15.831406	1	7493	0	0	0	0	0	0
MV-4125_S18__NODE_1591_length_7490_cov_22.886886	1	7490	0	0	0	0	0	0
MV-4128_S29__NODE_861_length_7488_cov_14.013723	1	7488	0	0	0	0	0	0
cell-4122-0-44_S10__NODE_322_length_7488_cov_14.430916	1	7488	0	0	0	0	0	0
cell-4125-0-44_S16__NODE_224_length_7488_cov_17.236782	1	7488	0	0	0	0	0	0
Biragzang__NODE_1529_length_7486_cov_9.945499	1	7486	0	0	0	0	0	0
Biragzang__NODE_1530_length_7484_cov_4.781397	1	7484	0	0	0	0	0	0
cell-4125-0-44_S16__NODE_225_length_7484_cov_5.771436	1	7484	0	0	0	0	0	0
MV-4122_S12__NODE_1824_length_7482_cov_7.037700	1	7482	0	0	0	0	0	0
MV-4125_S18__NODE_1593_length_7482_cov_17.314393	1	7482	0	0	0	0	0	0
cell-4125-0-44_S16__NODE_226_length_7482_cov_8.246398	1	7482	0	0	0	0	0	0
MV-4128_S29__NODE_863_length_7479_cov_14.967403	1	7479	0	0	0	0	0	0
MV-4122_S12__NODE_1825_length_7478_cov_30.609457	1	7478	0	0	0	0	0	0
Biragzang__NODE_1533_length_7475_cov_12.496765	1	7475	0	0	0	0	0	0
MV-4122_S12__NODE_1826_length_7473_cov_23.105554	1	7473	0	0	0	0	0	0
Biragzang__NODE_1534_length_7472_cov_16.933531	1	7472	0	0	0	0	0	0
MV-4122_S12__NODE_1827_length_7472_cov_9.457328	1	7472	0	0	0	0	0	0
cell-4122-0-44_S10__NODE_323_length_7469_cov_13.925142	1	7469	0	0	0	0	0	0
Biragzang__NODE_1535_length_7468_cov_9.380278	1	7468	0	0	0	0	0	0
MV-4122_S12__NODE_1828_length_7468_cov_6.959261	1	7468	0	0	0	0	0	0
MV-4128_S29__NODE_865_length_7468_cov_14.707811	1	7468	0	0	0	0	0	0
MV-4128_S29__NODE_866_length_7468_cov_14.287333	1	7468	0	0	0	0	0	0
MV-4128_S29__NODE_867_length_7466_cov_18.510322	1	7466	0	0	0	0	0	0
MV-4128_S29__NODE_868_length_7464_cov_13.735322	1	7464	0	0	0	0	0	0
MV-4122_S12__NODE_1829_length_7461_cov_41.523900	1	7461	0	0	0	0	0	0
MV-4125_S18__NODE_1596_length_7460_cov_7.597029	1	7460	0	0	0	0	0	0
MV-4128_S29__NODE_869_length_7459_cov_11.434630	1	7459	0	0	0	0	0	0
MV-4122_S12__NODE_1830_length_7457_cov_19.703864	1	7457	0	0	0	0	0	0
Biragzang__NODE_1537_length_7453_cov_31.728035	1	7453	0	0	0	0	0	0
MV-4122_S12__NODE_1831_length_7452_cov_13.717859	1	7452	0	0	0	0	0	0
MV-4125_S18__NODE_1598_length_7452_cov_7.554279	1	7452	0	0	0	0	0	0
cell-4122-0-44_S10__NODE_324_length_7452_cov_10.364472	1	7452	0	0	0	0	0	0
MV-4125_S18__NODE_1599_length_7451_cov_37.805435	1	7451	0	0	0	0	0	0
cell-4125-0-44_S16__NODE_227_length_7449_cov_6.719097	1	7449	0	0	0	0	0	0
Biragzang__NODE_1541_length_7443_cov_36.579589	1	7443	0	0	0	0	0	0
Biragzang__NODE_1543_length_7441_cov_14.177904	1	7441	0	0	0	0	0	0
MV-4122_S12__NODE_1832_length_7437_cov_26.947440	1	7437	0	0	0	0	0	0
Biragzang__NODE_1544_length_7436_cov_45.704512	1	7436	0	0	0	0	0	0
MV-4122_S12__NODE_1833_length_7436_cov_4.782821	1	7436	0	0	0	0	0	0
MV-4128_S29__NODE_871_length_7436_cov_15.038613	1	7436	0	0	0	0	0	0
MV-4122_S12__NODE_1834_length_7435_cov_12.121003	1	7435	0	0	0	0	0	0
Biragzang__NODE_1545_length_7432_cov_54.587773	1	7432	0	0	0	0	0	0
cell-4122-0-44_S10__NODE_325_length_7432_cov_702.137590	1	7432	0	0	0	0	0	0
cell-4125-0-44_S16__NODE_228_length_7432_cov_16.053951	1	7432	0	0	0	0	0	0
MV-4128_S29__NODE_872_length_7429_cov_12.385408	1	7429	0	0	0	0	0	0
Biragzang__NODE_1546_length_7426_cov_11.341745	1	7426	0	0	0	0	0	0
MV-4122_S12__NODE_1835_length_7423_cov_7.793702	1	7423	0	0	0	0	0	0
Biragzang__NODE_1548_length_7422_cov_35.647482	1	7422	0	0	0	0	0	0
Biragzang__NODE_1549_length_7422_cov_5.706801	1	7422	0	0	0	0	0	0
Biragzang__NODE_1550_length_7421_cov_7.183275	1	7421	0	0	0	0	0	0
MV-4125_S18__NODE_1604_length_7419_cov_17.801059	1	7419	0	0	0	0	0	0
MV-4122_S12__NODE_1836_length_7418_cov_9.279641	1	7418	0	0	0	0	0	0
MV-4125_S18__NODE_1605_length_7414_cov_11.311863	1	7414	0	0	0	0	0	0
MV-4125_S18__NODE_1606_length_7413_cov_15.523512	1	7413	0	0	0	0	0	0
MV-4122_S12__NODE_1837_length_7412_cov_31.003126	1	7412	0	0	0	0	0	0
cell-4125-0-44_S16__NODE_230_length_7412_cov_6.091613	1	7412	0	0	0	0	0	0
MV-4128_S29__NODE_875_length_7408_cov_10.674147	1	7408	0	0	0	0	0	0
MV-4125_S18__NODE_1609_length_7407_cov_20.016730	1	7407	0	0	0	0	0	0
Biragzang__NODE_1554_length_7402_cov_14.657003	1	7402	0	0	0	0	0	0
MV-4122_S12__NODE_1838_length_7402_cov_25.499932	1	7402	0	0	0	0	0	0
MV-4125_S18__NODE_1611_length_7402_cov_7.557506	1	7402	0	0	0	0	0	0
MV-4125_S18__NODE_1612_length_7399_cov_8.794390	1	7399	0	0	0	0	0	0
Biragzang__NODE_1555_length_7396_cov_12.596104	1	7396	0	0	0	0	0	0
MV-4122_S12__NODE_1840_length_7396_cov_15.012805	1	7396	0	0	0	0	0	0
Biragzang__NODE_1556_length_7395_cov_5.710763	1	7395	0	0	0	0	0	0
Biragzang__NODE_1557_length_7392_cov_31.249012	1	7392	0	0	0	0	0	0
MV-4125_S18__NODE_1616_length_7392_cov_6.590841	1	7392	0	0	0	0	0	0
MV-4125_S18__NODE_1617_length_7391_cov_27.661532	1	7391	0	0	0	0	0	0
Biragzang__NODE_1559_length_7387_cov_6.710720	1	7387	0	0	0	0	0	0
cell-4122-0-44_S10__NODE_326_length_7386_cov_15.306097	1	7386	0	0	0	0	0	0
cell-4122-0-44_S10__NODE_327_length_7386_cov_8.422180	1	7386	0	0	0	0	0	0
MV-4122_S12__NODE_1841_length_7385_cov_9.849250	1	7385	0	0	0	0	0	0
MV-4122_S12__NODE_1842_length_7384_cov_23.221722	1	7384	0	0	0	0	0	0
Biragzang__NODE_1561_length_7382_cov_36.022383	1	7382	0	0	0	0	0	0
MV-4128_S29__NODE_876_length_7382_cov_16.143169	1	7382	0	0	0	0	0	0
MV-4125_S18__NODE_1620_length_7380_cov_9.750990	1	7380	0	0	0	0	0	0
MV-4128_S29__NODE_877_length_7378_cov_12.424416	1	7378	0	0	0	0	0	0
Biragzang__NODE_1562_length_7376_cov_37.089878	1	7376	0	0	0	0	0	0
MV-4128_S29__NODE_878_length_7376_cov_7.627237	1	7376	0	0	0	0	0	0
MV-4128_S29__NODE_879_length_7374_cov_18.365077	1	7374	0	0	0	0	0	0
MV-4128_S29__NODE_880_length_7373_cov_16.262367	1	7373	0	0	0	0	0	0
Biragzang__NODE_1563_length_7372_cov_5.209239	1	7372	0	0	0	0	0	0
MV-4122_S12__NODE_1844_length_7371_cov_81.908967	1	7371	0	0	0	0	0	0
Biragzang__NODE_1564_length_7368_cov_7.210994	1	7368	0	0	0	0	0	0
Biragzang__NODE_1565_length_7367_cov_14.301696	1	7367	0	0	0	0	0	0
Biragzang__NODE_1566_length_7364_cov_28.636339	1	7364	0	0	0	0	0	0
Biragzang__NODE_1567_length_7364_cov_6.401149	1	7364	0	0	0	0	0	0
cell-4125-0-44_S16__NODE_232_length_7363_cov_7.049261	1	7363	0	0	0	0	0	0
Biragzang__NODE_1569_length_7357_cov_15.978499	1	7357	0	0	0	0	0	0
Biragzang__NODE_1570_length_7356_cov_11.794001	1	7356	0	0	0	0	0	0
MV-4125_S18__NODE_1627_length_7356_cov_7.362279	1	7356	0	0	0	0	0	0
Biragzang__NODE_1571_length_7355_cov_17.564658	1	7355	0	0	0	0	0	0
MV-4128_S29__NODE_881_length_7354_cov_11.221537	1	7354	0	0	0	0	0	0
Biragzang__NODE_1573_length_7352_cov_6.819378	1	7352	0	0	0	0	0	0
MV-4125_S18__NODE_1628_length_7352_cov_10.227491	1	7352	0	0	0	0	0	0
MV-4122_S12__NODE_1845_length_7348_cov_54.836281	1	7348	0	0	0	0	0	0
MV-4125_S18__NODE_1632_length_7348_cov_27.720143	1	7348	0	0	0	0	0	0
MV-4122_S12__NODE_1846_length_7347_cov_10.014948	1	7347	0	0	0	0	0	0
cell-4122-0-44_S10__NODE_328_length_7347_cov_10.511794	1	7347	0	0	0	0	0	0
Biragzang__NODE_1577_length_7343_cov_10.111004	1	7343	0	0	0	0	0	0
cell-4125-0-44_S16__NODE_233_length_7343_cov_9.539929	1	7343	0	0	0	0	0	0
Biragzang__NODE_1578_length_7342_cov_6.868670	1	7342	0	0	0	0	0	0
MV-4128_S29__NODE_882_length_7342_cov_13.047070	1	7342	0	0	0	0	0	0
cell-4125-0-44_S16__NODE_234_length_7342_cov_11.860436	1	7342	0	0	0	0	0	0
MV-4128_S29__NODE_883_length_7340_cov_13.622787	1	7340	0	0	0	0	0	0
MV-4122_S12__NODE_1847_length_7339_cov_19.762356	1	7339	0	0	0	0	0	0
Biragzang__NODE_1580_length_7338_cov_28.592201	1	7338	0	0	0	0	0	0
MV-4128_S29__NODE_884_length_7337_cov_23.054243	1	7337	0	0	0	0	0	0
Biragzang__NODE_1582_length_7334_cov_12.397033	1	7334	0	0	0	0	0	0
MV-4125_S18__NODE_1636_length_7334_cov_6.913862	1	7334	0	0	0	0	0	0
Biragzang__NODE_1583_length_7333_cov_36.793487	1	7333	0	0	0	0	0	0
cell-4125-0-44_S16__NODE_235_length_7333_cov_6.967161	1	7333	0	0	0	0	0	0
cell-4125-0-44_S16__NODE_236_length_7333_cov_6.919896	1	7333	0	0	0	0	0	0
Biragzang__NODE_1584_length_7331_cov_16.772677	1	7331	0	0	0	0	0	0
MV-4122_S12__NODE_1848_length_7331_cov_11.121495	1	7331	0	0	0	0	0	0
MV-4125_S18__NODE_1637_length_7328_cov_19.892617	1	7328	0	0	0	0	0	0
MV-4125_S18__NODE_1639_length_7326_cov_7.114015	1	7326	0	0	0	0	0	0
Biragzang__NODE_1586_length_7325_cov_39.240853	1	7325	0	0	0	0	0	0
cell-4125-0-44_S16__NODE_237_length_7324_cov_7.082267	1	7324	0	0	0	0	0	0
Biragzang__NODE_1587_length_7322_cov_34.844503	1	7322	0	0	0	0	0	0
MV-4125_S18__NODE_1641_length_7322_cov_16.578918	1	7322	0	0	0	0	0	0
MV-4128_S29__NODE_886_length_7322_cov_14.649236	1	7322	0	0	0	0	0	0
MV-4122_S12__NODE_1849_length_7318_cov_12.359631	1	7318	0	0	0	0	0	0
cell-4125-0-44_S16__NODE_238_length_7318_cov_6.151315	1	7318	0	0	0	0	0	0
MV-4122_S12__NODE_1850_length_7317_cov_7.332140	1	7317	0	0	0	0	0	0
MV-4125_S18__NODE_1643_length_7315_cov_6.733747	1	7315	0	0	0	0	0	0
MV-4122_S12__NODE_1852_length_7313_cov_42.585836	1	7313	0	0	0	0	0	0
MV-4122_S12__NODE_1853_length_7313_cov_8.690548	1	7313	0	0	0	0	0	0
cell-4125-0-44_S16__NODE_239_length_7313_cov_11.027556	1	7313	0	0	0	0	0	0
cell-4122-0-44_S10__NODE_329_length_7309_cov_18.985250	1	7309	0	0	0	0	0	0
cell-4125-0-44_S16__NODE_240_length_7309_cov_5.411635	1	7309	0	0	0	0	0	0
Biragzang__NODE_1591_length_7308_cov_10.489728	1	7308	0	0	0	0	0	0
MV-4122_S12__NODE_1854_length_7307_cov_20.317843	1	7307	0	0	0	0	0	0
MV-4122_S12__NODE_1855_length_7307_cov_18.078599	1	7307	0	0	0	0	0	0
MV-4128_S29__NODE_887_length_7306_cov_44.444077	1	7306	0	0	0	0	0	0
Biragzang__NODE_1593_length_7305_cov_13.335586	1	7305	0	0	0	0	0	0
MV-4125_S18__NODE_1646_length_7305_cov_22.297655	1	7305	0	0	0	0	0	0
MV-4122_S12__NODE_1856_length_7304_cov_19.613602	1	7304	0	0	0	0	0	0
MV-4128_S29__NODE_888_length_7304_cov_14.093392	1	7304	0	0	0	0	0	0
cell-4125-0-22_S17__NODE_2_length_7303_cov_16.391280	1	7303	0	0	0	0	0	0
MV-4122_S12__NODE_1857_length_7302_cov_25.142680	1	7302	0	0	0	0	0	0
Biragzang__NODE_1594_length_7299_cov_120.919658	1	7299	0	0	0	0	0	0
MV-4125_S18__NODE_1649_length_7298_cov_16.385614	1	7298	0	0	0	0	0	0
MV-4128_S29__NODE_890_length_7298_cov_16.745824	1	7298	0	0	0	0	0	0
cell-4125-0-44_S16__NODE_242_length_7297_cov_10.568075	1	7297	0	0	0	0	0	0
MV-4122_S12__NODE_1858_length_7296_cov_5.532109	1	7296	0	0	0	0	0	0
MV-4125_S18__NODE_1650_length_7296_cov_8.387377	1	7296	0	0	0	0	0	0
MV-4125_S18__NODE_1651_length_7295_cov_7.799586	1	7295	0	0	0	0	0	0
MV-4128_S29__NODE_892_length_7295_cov_14.459254	1	7295	0	0	0	0	0	0
cell-4125-0-44_S16__NODE_243_length_7293_cov_7.218431	1	7293	0	0	0	0	0	0
Biragzang__NODE_1595_length_7292_cov_18.339920	1	7292	0	0	0	0	0	0
MV-4125_S18__NODE_1655_length_7291_cov_7.191128	1	7291	0	0	0	0	0	0
MV-4122_S12__NODE_1859_length_7290_cov_4.776503	1	7290	0	0	0	0	0	0
Biragzang__NODE_1598_length_7286_cov_6.419859	1	7286	0	0	0	0	0	0
MV-4122_S12__NODE_1861_length_7284_cov_10.164615	1	7284	0	0	0	0	0	0
MV-4125_S18__NODE_1659_length_7284_cov_21.004703	1	7284	0	0	0	0	0	0
Biragzang__NODE_1599_length_7282_cov_3.727826	1	7282	0	0	0	0	0	0
Biragzang__NODE_1600_length_7279_cov_46.431340	1	7279	0	0	0	0	0	0
MV-4128_S29__NODE_893_length_7279_cov_15.332780	1	7279	0	0	0	0	0	0
MV-4122_S12__NODE_1863_length_7277_cov_29.473415	1	7277	0	0	0	0	0	0
MV-4125_S18__NODE_1661_length_7277_cov_25.275547	1	7277	0	0	0	0	0	0
MV-4122_S12__NODE_1864_length_7276_cov_8.134746	1	7276	0	0	0	0	0	0
MV-4128_S29__NODE_894_length_7272_cov_18.595677	1	7272	0	0	0	0	0	0
MV-4122_S12__NODE_1865_length_7270_cov_10.206930	1	7270	0	0	0	0	0	0
Biragzang__NODE_1602_length_7269_cov_11.934156	1	7269	0	0	0	0	0	0
Biragzang__NODE_1603_length_7266_cov_14.620164	1	7266	0	0	0	0	0	0
MV-4128_S29__NODE_895_length_7265_cov_9.772677	1	7265	0	0	0	0	0	0
Biragzang__NODE_1604_length_7264_cov_6.592038	1	7264	0	0	0	0	0	0
MV-4125_S18__NODE_1667_length_7262_cov_15.670043	1	7262	0	0	0	0	0	0
MV-4125_S18__NODE_1668_length_7261_cov_6.119206	1	7261	0	0	0	0	0	0
MV-4122_S12__NODE_1866_length_7259_cov_11.938506	1	7259	0	0	0	0	0	0
MV-4125_S18__NODE_1670_length_7256_cov_8.246077	1	7256	0	0	0	0	0	0
MV-4122_S12__NODE_1867_length_7255_cov_23.589722	1	7255	0	0	0	0	0	0
Biragzang__NODE_1605_length_7253_cov_15.779800	1	7253	0	0	0	0	0	0
MV-4122_S12__NODE_1868_length_7253_cov_32.264379	1	7253	0	0	0	0	0	0
Biragzang__NODE_1606_length_7250_cov_7.876859	1	7250	0	0	0	0	0	0
cell-4125-0-44_S16__NODE_246_length_7250_cov_8.256845	1	7250	0	0	0	0	0	0
MV-4128_S29__NODE_896_length_7249_cov_25.497359	1	7249	0	0	0	0	0	0
MV-4122_S12__NODE_1869_length_7247_cov_10.075918	1	7247	0	0	0	0	0	0
MV-4125_S18__NODE_1672_length_7246_cov_8.038659	1	7246	0	0	0	0	0	0
MV-4128_S29__NODE_897_length_7245_cov_13.992350	1	7245	0	0	0	0	0	0
Biragzang__NODE_1611_length_7243_cov_18.292849	1	7243	0	0	0	0	0	0
Biragzang__NODE_1613_length_7239_cov_5.919961	1	7239	0	0	0	0	0	0
cell-4125-0-44_S16__NODE_247_length_7239_cov_5.446409	1	7239	0	0	0	0	0	0
Biragzang__NODE_1614_length_7238_cov_42.053738	1	7238	0	0	0	0	0	0
MV-4122_S12__NODE_1870_length_7236_cov_5.700181	1	7236	0	0	0	0	0	0
MV-4122_S12__NODE_1871_length_7232_cov_34.288700	1	7232	0	0	0	0	0	0
Biragzang__NODE_1616_length_7231_cov_29.062291	1	7231	0	0	0	0	0	0
Biragzang__NODE_1617_length_7231_cov_6.410953	1	7231	0	0	0	0	0	0
Biragzang__NODE_1618_length_7230_cov_5.800976	1	7230	0	0	0	0	0	0
MV-4122_S12__NODE_1872_length_7230_cov_20.037631	1	7230	0	0	0	0	0	0
MV-4125_S18__NODE_1676_length_7229_cov_21.596878	1	7229	0	0	0	0	0	0
MV-4122_S12__NODE_1873_length_7227_cov_24.577663	1	7227	0	0	0	0	0	0
MV-4128_S29__NODE_899_length_7224_cov_25.907100	1	7224	0	0	0	0	0	0
cell-4122-0-44_S10__NODE_330_length_7224_cov_17.066397	1	7224	0	0	0	0	0	0
MV-4128_S29__NODE_900_length_7222_cov_20.487652	1	7222	0	0	0	0	0	0
cell-4125-0-44_S16__NODE_248_length_7222_cov_5.171620	1	7222	0	0	0	0	0	0
MV-4122_S12__NODE_1874_length_7221_cov_31.239464	1	7221	0	0	0	0	0	0
Biragzang__NODE_1620_length_7220_cov_28.371389	1	7220	0	0	0	0	0	0
MV-4122_S12__NODE_1875_length_7217_cov_10.251606	1	7217	0	0	0	0	0	0
MV-4125_S18__NODE_1678_length_7217_cov_6.856046	1	7217	0	0	0	0	0	0
cell-4125-0-44_S16__NODE_249_length_7217_cov_6.935772	1	7217	0	0	0	0	0	0
MV-4128_S29__NODE_901_length_7215_cov_14.260475	1	7215	0	0	0	0	0	0
MV-4122_S12__NODE_1876_length_7213_cov_16.060492	1	7213	0	0	0	0	0	0
MV-4122_S12__NODE_1877_length_7212_cov_10.623026	1	7212	0	0	0	0	0	0
MV-4125_S18__NODE_1679_length_7209_cov_24.615600	1	7209	0	0	0	0	0	0
MV-4122_S12__NODE_1878_length_7206_cov_11.736540	1	7206	0	0	0	0	0	0
MV-4125_S18__NODE_1680_length_7205_cov_13.773427	1	7205	0	0	0	0	0	0
cell-4125-0-44_S16__NODE_251_length_7201_cov_9.513434	1	7201	0	0	0	0	0	0
MV-4122_S12__NODE_1879_length_7196_cov_20.678196	1	7196	0	0	0	0	0	0
MV-4122_S12__NODE_1880_length_7196_cov_11.968772	1	7196	0	0	0	0	0	0
MV-4125_S18__NODE_1683_length_7196_cov_25.360454	1	7196	0	0	0	0	0	0
cell-4122-0-44_S10__NODE_331_length_7196_cov_63.410727	1	7196	0	0	0	0	0	0
Biragzang__NODE_1628_length_7195_cov_6.178011	1	7195	0	0	0	0	0	0
MV-4122_S12__NODE_1881_length_7194_cov_12.910071	1	7194	0	0	0	0	0	0
Biragzang__NODE_1630_length_7193_cov_6.759036	1	7193	0	0	0	0	0	0
Biragzang__NODE_1631_length_7192_cov_36.673392	1	7192	0	0	0	0	0	0
Biragzang__NODE_1632_length_7192_cov_6.958386	1	7192	0	0	0	0	0	0
MV-4125_S18__NODE_1684_length_7192_cov_5.865490	1	7192	0	0	0	0	0	0
MV-4128_S29__NODE_903_length_7191_cov_13.850476	1	7191	0	0	0	0	0	0
Biragzang__NODE_1633_length_7190_cov_52.567344	1	7190	0	0	0	0	0	0
cell-4125-0-22_S17__NODE_3_length_7190_cov_13.714646	1	7190	0	0	0	0	0	0
MV-4128_S29__NODE_904_length_7187_cov_25.781828	1	7187	0	0	0	0	0	0
MV-4128_S29__NODE_905_length_7187_cov_23.525238	1	7187	0	0	0	0	0	0
MV-4122_S12__NODE_1882_length_7184_cov_4.990321	1	7184	0	0	0	0	0	0
MV-4122_S12__NODE_1883_length_7182_cov_12.034797	1	7182	0	0	0	0	0	0
MV-4125_S18__NODE_1687_length_7182_cov_7.351761	1	7182	0	0	0	0	0	0
MV-4122_S12__NODE_1884_length_7175_cov_25.484831	1	7175	0	0	0	0	0	0
MV-4122_S12__NODE_1885_length_7175_cov_12.998455	1	7175	0	0	0	0	0	0
cell-4122-0-44_S10__NODE_332_length_7175_cov_15.229213	1	7175	0	0	0	0	0	0
MV-4122_S12__NODE_1886_length_7173_cov_11.116746	1	7173	0	0	0	0	0	0
MV-4122_S12__NODE_1887_length_7173_cov_7.273391	1	7173	0	0	0	0	0	0
MV-4125_S18__NODE_1688_length_7173_cov_6.699354	1	7173	0	0	0	0	0	0
MV-4128_S29__NODE_907_length_7172_cov_27.627933	1	7172	0	0	0	0	0	0
MV-4122_S12__NODE_1888_length_7171_cov_5.661467	1	7171	0	0	0	0	0	0
MV-4122_S12__NODE_1889_length_7166_cov_9.291801	1	7166	0	0	0	0	0	0
MV-4122_S12__NODE_1890_length_7161_cov_17.406980	1	7161	0	0	0	0	0	0
cell-4125-0-44_S16__NODE_252_length_7161_cov_10.082888	1	7161	0	0	0	0	0	0
MV-4122_S12__NODE_1891_length_7160_cov_19.655172	1	7160	0	0	0	0	0	0
MV-4125_S18__NODE_1692_length_7154_cov_18.939005	1	7154	0	0	0	0	0	0
MV-4125_S18__NODE_1693_length_7154_cov_15.693478	1	7154	0	0	0	0	0	0
MV-4128_S29__NODE_910_length_7151_cov_10.850197	1	7151	0	0	0	0	0	0
cell-4122-0-22_S11__NODE_150_length_7151_cov_7.841319	1	7151	0	0	0	0	0	0
cell-4125-0-44_S16__NODE_253_length_7151_cov_7.670378	1	7151	0	0	0	0	0	0
MV-4122_S12__NODE_1892_length_7150_cov_12.001550	1	7150	0	0	0	0	0	0
Biragzang__NODE_1641_length_7147_cov_38.842499	1	7147	0	0	0	0	0	0
Biragzang__NODE_1642_length_7147_cov_10.989989	1	7147	0	0	0	0	0	0
Biragzang__NODE_1643_length_7146_cov_18.353829	1	7146	0	0	0	0	0	0
MV-4122_S12__NODE_1893_length_7145_cov_5.040621	1	7145	0	0	0	0	0	0
MV-4122_S12__NODE_1894_length_7144_cov_8.200592	1	7144	0	0	0	0	0	0
Biragzang__NODE_1644_length_7143_cov_31.906744	1	7143	0	0	0	0	0	0
cell-4125-0-44_S16__NODE_254_length_7143_cov_7.233916	1	7143	0	0	0	0	0	0
MV-4125_S18__NODE_1698_length_7142_cov_9.876676	1	7142	0	0	0	0	0	0
MV-4122_S12__NODE_1895_length_7141_cov_39.527378	1	7141	0	0	0	0	0	0
MV-4128_S29__NODE_912_length_7140_cov_7.914185	1	7140	0	0	0	0	0	0
MV-4122_S12__NODE_1896_length_7139_cov_16.117448	1	7139	0	0	0	0	0	0
MV-4125_S18__NODE_1700_length_7136_cov_34.063692	1	7136	0	0	0	0	0	0
Biragzang__NODE_1646_length_7135_cov_4.833192	1	7135	0	0	0	0	0	0
MV-4122_S12__NODE_1897_length_7134_cov_19.245515	1	7134	0	0	0	0	0	0
MV-4128_S29__NODE_913_length_7131_cov_25.030808	1	7131	0	0	0	0	0	0
MV-4128_S29__NODE_914_length_7130_cov_14.764664	1	7130	0	0	0	0	0	0
cell-4125-0-44_S16__NODE_255_length_7129_cov_5.144614	1	7129	0	0	0	0	0	0
MV-4125_S18__NODE_1702_length_7128_cov_22.279372	1	7128	0	0	0	0	0	0
cell-4125-0-44_S16__NODE_256_length_7128_cov_5.784533	1	7128	0	0	0	0	0	0
Biragzang__NODE_1649_length_7125_cov_10.733098	1	7125	0	0	0	0	0	0
MV-4128_S29__NODE_915_length_7125_cov_13.273975	1	7125	0	0	0	0	0	0
MV-4125_S18__NODE_1703_length_7123_cov_8.415393	1	7123	0	0	0	0	0	0
MV-4125_S18__NODE_1704_length_7121_cov_22.194311	1	7121	0	0	0	0	0	0
MV-4125_S18__NODE_1705_length_7120_cov_20.216277	1	7120	0	0	0	0	0	0
Biragzang__NODE_1651_length_7119_cov_7.004813	1	7119	0	0	0	0	0	0
MV-4122_S12__NODE_1900_length_7119_cov_19.068800	1	7119	0	0	0	0	0	0
MV-4125_S18__NODE_1707_length_7119_cov_26.251557	1	7119	0	0	0	0	0	0
MV-4125_S18__NODE_1708_length_7117_cov_22.461342	1	7117	0	0	0	0	0	0
Biragzang__NODE_1654_length_7114_cov_12.774047	1	7114	0	0	0	0	0	0
Biragzang__NODE_1656_length_7113_cov_6.144659	1	7113	0	0	0	0	0	0
cell-4122-0-44_S10__NODE_333_length_7113_cov_21.363134	1	7113	0	0	0	0	0	0
MV-4122_S12__NODE_1903_length_7111_cov_6.530471	1	7111	0	0	0	0	0	0
Biragzang__NODE_1657_length_7109_cov_37.144457	1	7109	0	0	0	0	0	0
MV-4125_S18__NODE_1710_length_7109_cov_18.729799	1	7109	0	0	0	0	0	0
MV-4125_S18__NODE_1711_length_7109_cov_17.644741	1	7109	0	0	0	0	0	0
Biragzang__NODE_1658_length_7108_cov_5.467461	1	7108	0	0	0	0	0	0
cell-4122-0-44_S10__NODE_334_length_7108_cov_11.514958	1	7108	0	0	0	0	0	0
cell-4125-0-44_S16__NODE_259_length_7108_cov_7.889125	1	7108	0	0	0	0	0	0
cell-4125-0-44_S16__NODE_260_length_7108_cov_7.734723	1	7108	0	0	0	0	0	0
MV-4122_S12__NODE_1904_length_7106_cov_36.911076	1	7106	0	0	0	0	0	0
MV-4125_S18__NODE_1713_length_7105_cov_7.297589	1	7105	0	0	0	0	0	0
Biragzang__NODE_1659_length_7104_cov_8.003972	1	7104	0	0	0	0	0	0
Biragzang__NODE_1660_length_7104_cov_7.093630	1	7104	0	0	0	0	0	0
MV-4122_S12__NODE_1905_length_7103_cov_9.151816	1	7103	0	0	0	0	0	0
MV-4125_S18__NODE_1714_length_7102_cov_6.639137	1	7102	0	0	0	0	0	0
Biragzang__NODE_1662_length_7101_cov_27.079336	1	7101	0	0	0	0	0	0
MV-4122_S12__NODE_1906_length_7101_cov_7.087709	1	7101	0	0	0	0	0	0
cell-4125-0-44_S16__NODE_261_length_7101_cov_6.205365	1	7101	0	0	0	0	0	0
Biragzang__NODE_1664_length_7100_cov_22.983818	1	7100	0	0	0	0	0	0
MV-4122_S12__NODE_1907_length_7099_cov_9.723453	1	7099	0	0	0	0	0	0
Biragzang__NODE_1666_length_7097_cov_16.031241	1	7097	0	0	0	0	0	0
MV-4125_S18__NODE_1715_length_7097_cov_19.677080	1	7097	0	0	0	0	0	0
cell-4122-0-44_S10__NODE_335_length_7097_cov_12.033371	1	7097	0	0	0	0	0	0
MV-4125_S18__NODE_1716_length_7096_cov_50.197699	1	7096	0	0	0	0	0	0
cell-4122-0-44_S10__NODE_336_length_7096_cov_15.569947	1	7096	0	0	0	0	0	0
Biragzang__NODE_1668_length_7095_cov_6.805398	1	7095	0	0	0	0	0	0
cell-4125-0-44_S16__NODE_262_length_7094_cov_9.693991	1	7094	0	0	0	0	0	0
MV-4125_S18__NODE_1717_length_7093_cov_20.922563	1	7093	0	0	0	0	0	0
cell-4122-0-44_S10__NODE_337_length_7091_cov_10.999005	1	7091	0	0	0	0	0	0
MV-4125_S18__NODE_1718_length_7089_cov_5.662923	1	7089	0	0	0	0	0	0
MV-4122_S12__NODE_1909_length_7088_cov_7.590644	1	7088	0	0	0	0	0	0
MV-4122_S12__NODE_1910_length_7088_cov_7.450590	1	7088	0	0	0	0	0	0
MV-4122_S12__NODE_1911_length_7086_cov_10.267956	1	7086	0	0	0	0	0	0
MV-4122_S12__NODE_1912_length_7085_cov_44.032859	1	7085	0	0	0	0	0	0
cell-4125-0-44_S16__NODE_264_length_7085_cov_4.914225	1	7085	0	0	0	0	0	0
Biragzang__NODE_1671_length_7083_cov_21.767501	1	7083	0	0	0	0	0	0
cell-4122-0-44_S10__NODE_338_length_7081_cov_35.533590	1	7081	0	0	0	0	0	0
cell-4125-0-44_S16__NODE_265_length_7080_cov_11.655089	1	7080	0	0	0	0	0	0
MV-4128_S29__NODE_917_length_7077_cov_16.685275	1	7077	0	0	0	0	0	0
MV-4125_S18__NODE_1719_length_7074_cov_7.072945	1	7074	0	0	0	0	0	0
MV-4128_S29__NODE_918_length_7074_cov_17.439094	1	7074	0	0	0	0	0	0
cell-4125-0-44_S16__NODE_267_length_7072_cov_8.417272	1	7072	0	0	0	0	0	0
MV-4122_S12__NODE_1914_length_7071_cov_9.941420	1	7071	0	0	0	0	0	0
MV-4125_S18__NODE_1722_length_7068_cov_6.966776	1	7068	0	0	0	0	0	0
MV-4128_S29__NODE_919_length_7068_cov_18.558106	1	7068	0	0	0	0	0	0
cell-4125-0-44_S16__NODE_268_length_7068_cov_10.148866	1	7068	0	0	0	0	0	0
Biragzang__NODE_1674_length_7067_cov_5.113662	1	7067	0	0	0	0	0	0
MV-4125_S18__NODE_1723_length_7067_cov_24.310610	1	7067	0	0	0	0	0	0
cell-4125-0-22_S17__NODE_4_length_7067_cov_13.359669	1	7067	0	0	0	0	0	0
cell-4125-0-44_S16__NODE_269_length_7066_cov_9.821566	1	7066	0	0	0	0	0	0
MV-4122_S12__NODE_1915_length_7065_cov_21.751783	1	7065	0	0	0	0	0	0
MV-4128_S29__NODE_920_length_7065_cov_7.738944	1	7065	0	0	0	0	0	0
MV-4122_S12__NODE_1916_length_7063_cov_7.950771	1	7063	0	0	0	0	0	0
cell-4125-0-44_S16__NODE_270_length_7062_cov_5.345654	1	7062	0	0	0	0	0	0
MV-4122_S12__NODE_1917_length_7061_cov_31.658436	1	7061	0	0	0	0	0	0
MV-4122_S12__NODE_1918_length_7060_cov_5.412562	1	7060	0	0	0	0	0	0
MV-4122_S12__NODE_1919_length_7059_cov_27.902484	1	7059	0	0	0	0	0	0
MV-4122_S12__NODE_1920_length_7058_cov_13.284164	1	7058	0	0	0	0	0	0
Biragzang__NODE_1677_length_7055_cov_24.572000	1	7055	0	0	0	0	0	0
MV-4128_S29__NODE_921_length_7052_cov_29.212805	1	7052	0	0	0	0	0	0
MV-4128_S29__NODE_922_length_7052_cov_8.871088	1	7052	0	0	0	0	0	0
cell-4125-0-44_S16__NODE_271_length_7052_cov_6.267400	1	7052	0	0	0	0	0	0
cell-4122-0-44_S10__NODE_339_length_7051_cov_10.545740	1	7051	0	0	0	0	0	0
Biragzang__NODE_1679_length_7049_cov_5.519016	1	7049	0	0	0	0	0	0
cell-4122-0-44_S10__NODE_340_length_7049_cov_16.181870	1	7049	0	0	0	0	0	0
MV-4128_S29__NODE_923_length_7047_cov_25.899886	1	7047	0	0	0	0	0	0
Biragzang__NODE_1680_length_7046_cov_29.321842	1	7046	0	0	0	0	0	0
Biragzang__NODE_1682_length_7045_cov_6.138484	1	7045	0	0	0	0	0	0
MV-4125_S18__NODE_1729_length_7045_cov_7.131330	1	7045	0	0	0	0	0	0
cell-4125-0-44_S16__NODE_272_length_7043_cov_5.598311	1	7043	0	0	0	0	0	0
cell-4125-0-44_S16__NODE_273_length_7042_cov_6.039788	1	7042	0	0	0	0	0	0
Biragzang__NODE_1684_length_7041_cov_14.253221	1	7041	0	0	0	0	0	0
cell-4122-0-44_S10__NODE_341_length_7040_cov_11.561489	1	7040	0	0	0	0	0	0
MV-4122_S12__NODE_1921_length_7039_cov_15.041380	1	7039	0	0	0	0	0	0
MV-4125_S18__NODE_1730_length_7039_cov_19.081472	1	7039	0	0	0	0	0	0
MV-4125_S18__NODE_1731_length_7038_cov_7.880710	1	7038	0	0	0	0	0	0
cell-4122-0-44_S10__NODE_342_length_7038_cov_9.689102	1	7038	0	0	0	0	0	0
Biragzang__NODE_1685_length_7036_cov_7.265721	1	7036	0	0	0	0	0	0
MV-4125_S18__NODE_1732_length_7036_cov_7.155995	1	7036	0	0	0	0	0	0
Biragzang__NODE_1686_length_7035_cov_4.659885	1	7035	0	0	0	0	0	0
Biragzang__NODE_1687_length_7034_cov_44.873334	1	7034	0	0	0	0	0	0
Biragzang__NODE_1688_length_7034_cov_39.425849	1	7034	0	0	0	0	0	0
MV-4128_S29__NODE_924_length_7033_cov_13.913586	1	7033	0	0	0	0	0	0
MV-4128_S29__NODE_925_length_7032_cov_10.316898	1	7032	0	0	0	0	0	0
Biragzang__NODE_1691_length_7030_cov_16.186523	1	7030	0	0	0	0	0	0
Biragzang__NODE_1692_length_7029_cov_6.512618	1	7029	0	0	0	0	0	0
Biragzang__NODE_1694_length_7028_cov_16.619676	1	7028	0	0	0	0	0	0
MV-4122_S12__NODE_1923_length_7028_cov_10.795784	1	7028	0	0	0	0	0	0
Biragzang__NODE_1695_length_7025_cov_11.035725	1	7025	0	0	0	0	0	0
Biragzang__NODE_1697_length_7023_cov_32.911596	1	7023	0	0	0	0	0	0
Biragzang__NODE_1700_length_7023_cov_5.650976	1	7023	0	0	0	0	0	0
MV-4125_S18__NODE_1734_length_7022_cov_19.783838	1	7022	0	0	0	0	0	0
MV-4125_S18__NODE_1735_length_7022_cov_7.120568	1	7022	0	0	0	0	0	0
MV-4122_S12__NODE_1924_length_7020_cov_6.845513	1	7020	0	0	0	0	0	0
MV-4122_S12__NODE_1925_length_7017_cov_11.146653	1	7017	0	0	0	0	0	0
cell-4122-0-44_S10__NODE_343_length_7017_cov_13.040218	1	7017	0	0	0	0	0	0
cell-4122-0-44_S10__NODE_344_length_7016_cov_20.003160	1	7016	0	0	0	0	0	0
Biragzang__NODE_1701_length_7015_cov_49.144397	1	7015	0	0	0	0	0	0
MV-4122_S12__NODE_1926_length_7015_cov_8.242385	1	7015	0	0	0	0	0	0
MV-4125_S18__NODE_1739_length_7014_cov_42.007903	1	7014	0	0	0	0	0	0
cell-4125-0-44_S16__NODE_274_length_7014_cov_9.037649	1	7014	0	0	0	0	0	0
Biragzang__NODE_1703_length_7013_cov_6.706812	1	7013	0	0	0	0	0	0
MV-4122_S12__NODE_1927_length_7013_cov_9.042828	1	7013	0	0	0	0	0	0
Biragzang__NODE_1704_length_7009_cov_32.809318	1	7009	0	0	0	0	0	0
Biragzang__NODE_1705_length_7006_cov_36.639476	1	7006	0	0	0	0	0	0
Biragzang__NODE_1706_length_7006_cov_6.719177	1	7006	0	0	0	0	0	0
cell-4122-0-44_S10__NODE_345_length_7006_cov_18.861890	1	7006	0	0	0	0	0	0
Biragzang__NODE_1707_length_7005_cov_14.344029	1	7005	0	0	0	0	0	0
MV-4125_S18__NODE_1743_length_7003_cov_18.305843	1	7003	0	0	0	0	0	0
Biragzang__NODE_1708_length_7002_cov_50.787390	1	7002	0	0	0	0	0	0
MV-4125_S18__NODE_1744_length_7002_cov_8.171153	1	7002	0	0	0	0	0	0
MV-4122_S12__NODE_1928_length_7001_cov_18.047941	1	7001	0	0	0	0	0	0
MV-4125_S18__NODE_1745_length_7000_cov_20.813679	1	7000	0	0	0	0	0	0
MV-4125_S18__NODE_1746_length_6999_cov_7.925115	1	6999	0	0	0	0	0	0
MV-4122_S12__NODE_1929_length_6996_cov_11.915574	1	6996	0	0	0	0	0	0
MV-4122_S12__NODE_1930_length_6996_cov_8.416367	1	6996	0	0	0	0	0	0
cell-4125-0-44_S16__NODE_275_length_6995_cov_5.487896	1	6995	0	0	0	0	0	0
MV-4128_S29__NODE_926_length_6993_cov_15.889161	1	6993	0	0	0	0	0	0
Biragzang__NODE_1710_length_6990_cov_6.940447	1	6990	0	0	0	0	0	0
MV-4128_S29__NODE_927_length_6990_cov_15.091420	1	6990	0	0	0	0	0	0
MV-4122_S12__NODE_1931_length_6988_cov_11.901053	1	6988	0	0	0	0	0	0
MV-4125_S18__NODE_1749_length_6988_cov_21.176691	1	6988	0	0	0	0	0	0
Biragzang__NODE_1712_length_6985_cov_5.264358	1	6985	0	0	0	0	0	0
MV-4122_S12__NODE_1932_length_6985_cov_7.323665	1	6985	0	0	0	0	0	0
Biragzang__NODE_1713_length_6982_cov_12.972138	1	6982	0	0	0	0	0	0
MV-4128_S29__NODE_928_length_6982_cov_21.102931	1	6982	0	0	0	0	0	0
MV-4125_S18__NODE_1751_length_6979_cov_6.497978	1	6979	0	0	0	0	0	0
MV-4122_S12__NODE_1933_length_6976_cov_26.188268	1	6976	0	0	0	0	0	0
MV-4125_S18__NODE_1753_length_6976_cov_23.460338	1	6976	0	0	0	0	0	0
cell-4125-0-44_S16__NODE_276_length_6976_cov_8.926456	1	6976	0	0	0	0	0	0
cell-4125-0-44_S16__NODE_277_length_6976_cov_5.394307	1	6976	0	0	0	0	0	0
Biragzang__NODE_1715_length_6975_cov_11.378468	1	6975	0	0	0	0	0	0
MV-4122_S12__NODE_1934_length_6974_cov_8.844775	1	6974	0	0	0	0	0	0
MV-4125_S18__NODE_1754_length_6974_cov_6.066773	1	6974	0	0	0	0	0	0
Biragzang__NODE_1716_length_6973_cov_5.336224	1	6973	0	0	0	0	0	0
MV-4128_S29__NODE_929_length_6973_cov_12.924256	1	6973	0	0	0	0	0	0
Biragzang__NODE_1717_length_6972_cov_8.872777	1	6972	0	0	0	0	0	0
MV-4128_S29__NODE_930_length_6972_cov_31.509325	1	6972	0	0	0	0	0	0
MV-4128_S29__NODE_931_length_6972_cov_24.854561	1	6972	0	0	0	0	0	0
Biragzang__NODE_1718_length_6970_cov_5.764859	1	6970	0	0	0	0	0	0
Biragzang__NODE_1719_length_6969_cov_23.244432	1	6969	0	0	0	0	0	0
Biragzang__NODE_1720_length_6969_cov_11.303153	1	6969	0	0	0	0	0	0
MV-4122_S12__NODE_1935_length_6969_cov_34.704513	1	6969	0	0	0	0	0	0
MV-4122_S12__NODE_1936_length_6969_cov_23.431154	1	6969	0	0	0	0	0	0
Biragzang__NODE_1721_length_6967_cov_15.523872	1	6967	0	0	0	0	0	0
cell-4125-0-44_S16__NODE_279_length_6966_cov_6.595862	1	6966	0	0	0	0	0	0
Biragzang__NODE_1722_length_6965_cov_3.771346	1	6965	0	0	0	0	0	0
Biragzang__NODE_1723_length_6964_cov_12.886670	1	6964	0	0	0	0	0	0
MV-4122_S12__NODE_1937_length_6964_cov_7.107830	1	6964	0	0	0	0	0	0
MV-4125_S18__NODE_1757_length_6960_cov_7.715424	1	6960	0	0	0	0	0	0
MV-4125_S18__NODE_1758_length_6958_cov_21.454875	1	6958	0	0	0	0	0	0
MV-4128_S29__NODE_932_length_6957_cov_28.655752	1	6957	0	0	0	0	0	0
MV-4122_S12__NODE_1939_length_6956_cov_7.633531	1	6956	0	0	0	0	0	0
MV-4122_S12__NODE_1940_length_6956_cov_7.220838	1	6956	0	0	0	0	0	0
MV-4128_S29__NODE_933_length_6955_cov_12.773913	1	6955	0	0	0	0	0	0
cell-4122-0-44_S10__NODE_346_length_6951_cov_14.409803	1	6951	0	0	0	0	0	0
MV-4128_S29__NODE_934_length_6950_cov_20.153590	1	6950	0	0	0	0	0	0
Biragzang__NODE_1727_length_6949_cov_13.334204	1	6949	0	0	0	0	0	0
MV-4122_S12__NODE_1941_length_6949_cov_29.384392	1	6949	0	0	0	0	0	0
Biragzang__NODE_1728_length_6948_cov_5.705934	1	6948	0	0	0	0	0	0
Biragzang__NODE_1729_length_6946_cov_10.510086	1	6946	0	0	0	0	0	0
Biragzang__NODE_1730_length_6945_cov_11.153266	1	6945	0	0	0	0	0	0
MV-4122_S12__NODE_1942_length_6941_cov_10.533256	1	6941	0	0	0	0	0	0
MV-4122_S12__NODE_1943_length_6940_cov_20.961946	1	6940	0	0	0	0	0	0
MV-4125_S18__NODE_1763_length_6940_cov_7.561946	1	6940	0	0	0	0	0	0
Biragzang__NODE_1733_length_6938_cov_5.427866	1	6938	0	0	0	0	0	0
MV-4122_S12__NODE_1944_length_6938_cov_8.668604	1	6938	0	0	0	0	0	0
MV-4125_S18__NODE_1764_length_6938_cov_6.931571	1	6938	0	0	0	0	0	0
cell-4122-0-44_S10__NODE_347_length_6938_cov_22.791661	1	6938	0	0	0	0	0	0
MV-4122_S12__NODE_1945_length_6937_cov_4.541994	1	6937	0	0	0	0	0	0
MV-4125_S18__NODE_1765_length_6937_cov_18.185847	1	6937	0	0	0	0	0	0
cell-4125-0-44_S16__NODE_280_length_6937_cov_7.671752	1	6937	0	0	0	0	0	0
MV-4125_S18__NODE_1766_length_6936_cov_6.875599	1	6936	0	0	0	0	0	0
MV-4128_S29__NODE_935_length_6936_cov_13.970208	1	6936	0	0	0	0	0	0
MV-4125_S18__NODE_1767_length_6933_cov_7.331201	1	6933	0	0	0	0	0	0
cell-4125-0-44_S16__NODE_281_length_6933_cov_5.265630	1	6933	0	0	0	0	0	0
MV-4128_S29__NODE_936_length_6932_cov_15.778973	1	6932	0	0	0	0	0	0
MV-4125_S18__NODE_1768_length_6930_cov_6.317964	1	6930	0	0	0	0	0	0
Biragzang__NODE_1738_length_6927_cov_10.873836	1	6927	0	0	0	0	0	0
MV-4122_S12__NODE_1946_length_6927_cov_5.747235	1	6927	0	0	0	0	0	0
Biragzang__NODE_1740_length_6926_cov_6.584922	1	6926	0	0	0	0	0	0
MV-4128_S29__NODE_937_length_6926_cov_10.591471	1	6926	0	0	0	0	0	0
cell-4125-0-44_S16__NODE_283_length_6925_cov_8.940175	1	6925	0	0	0	0	0	0
Biragzang__NODE_1741_length_6922_cov_14.323577	1	6922	0	0	0	0	0	0
MV-4122_S12__NODE_1947_length_6922_cov_61.371196	1	6922	0	0	0	0	0	0
MV-4122_S12__NODE_1948_length_6920_cov_9.424763	1	6920	0	0	0	0	0	0
MV-4128_S29__NODE_938_length_6920_cov_23.980626	1	6920	0	0	0	0	0	0
Biragzang__NODE_1742_length_6918_cov_11.343436	1	6918	0	0	0	0	0	0
MV-4128_S29__NODE_939_length_6918_cov_11.511292	1	6918	0	0	0	0	0	0
MV-4122_S12__NODE_1949_length_6917_cov_7.029146	1	6917	0	0	0	0	0	0
MV-4122_S12__NODE_1950_length_6914_cov_16.355008	1	6914	0	0	0	0	0	0
MV-4122_S12__NODE_1951_length_6914_cov_8.261117	1	6914	0	0	0	0	0	0
MV-4125_S18__NODE_1772_length_6914_cov_22.151480	1	6914	0	0	0	0	0	0
cell-4122-0-44_S10__NODE_348_length_6914_cov_13.632162	1	6914	0	0	0	0	0	0
cell-4122-0-44_S10__NODE_349_length_6912_cov_25.244276	1	6912	0	0	0	0	0	0
Biragzang__NODE_1744_length_6911_cov_9.534568	1	6911	0	0	0	0	0	0
MV-4125_S18__NODE_1776_length_6910_cov_22.498906	1	6910	0	0	0	0	0	0
MV-4125_S18__NODE_1777_length_6909_cov_20.388095	1	6909	0	0	0	0	0	0
cell-4125-0-44_S16__NODE_284_length_6907_cov_7.705779	1	6907	0	0	0	0	0	0
Biragzang__NODE_1745_length_6902_cov_6.253396	1	6902	0	0	0	0	0	0
MV-4125_S18__NODE_1779_length_6902_cov_29.989777	1	6902	0	0	0	0	0	0
cell-4122-0-44_S10__NODE_350_length_6902_cov_12.689499	1	6902	0	0	0	0	0	0
MV-4125_S18__NODE_1780_length_6901_cov_14.950920	1	6901	0	0	0	0	0	0
cell-4125-0-44_S16__NODE_286_length_6901_cov_5.848817	1	6901	0	0	0	0	0	0
Biragzang__NODE_1746_length_6898_cov_6.310682	1	6898	0	0	0	0	0	0
MV-4125_S18__NODE_1782_length_6898_cov_7.387111	1	6898	0	0	0	0	0	0
MV-4122_S12__NODE_1952_length_6896_cov_27.862886	1	6896	0	0	0	0	0	0
MV-4122_S12__NODE_1953_length_6896_cov_9.626809	1	6896	0	0	0	0	0	0
Biragzang__NODE_1748_length_6895_cov_10.190936	1	6895	0	0	0	0	0	0
MV-4122_S12__NODE_1956_length_6891_cov_10.633996	1	6891	0	0	0	0	0	0
Biragzang__NODE_1750_length_6890_cov_8.339576	1	6890	0	0	0	0	0	0
Biragzang__NODE_1751_length_6889_cov_8.089113	1	6889	0	0	0	0	0	0
Biragzang__NODE_1752_length_6888_cov_36.469633	1	6888	0	0	0	0	0	0
MV-4125_S18__NODE_1785_length_6888_cov_7.252890	1	6888	0	0	0	0	0	0
cell-4122-0-44_S10__NODE_351_length_6888_cov_10.788526	1	6888	0	0	0	0	0	0
cell-4125-0-44_S16__NODE_287_length_6888_cov_11.105664	1	6888	0	0	0	0	0	0
MV-4122_S12__NODE_1957_length_6887_cov_10.953308	1	6887	0	0	0	0	0	0
MV-4125_S18__NODE_1786_length_6887_cov_87.760831	1	6887	0	0	0	0	0	0
Biragzang__NODE_1756_length_6885_cov_14.878477	1	6885	0	0	0	0	0	0
Biragzang__NODE_1757_length_6885_cov_5.006296	1	6885	0	0	0	0	0	0
cell-4122-0-44_S10__NODE_352_length_6884_cov_15.927369	1	6884	0	0	0	0	0	0
Biragzang__NODE_1758_length_6883_cov_11.898946	1	6883	0	0	0	0	0	0
Biragzang__NODE_1759_length_6882_cov_16.418632	1	6882	0	0	0	0	0	0
Biragzang__NODE_1761_length_6879_cov_45.143904	1	6879	0	0	0	0	0	0
Biragzang__NODE_1763_length_6878_cov_6.885241	1	6878	0	0	0	0	0	0
MV-4125_S18__NODE_1788_length_6877_cov_22.126942	1	6877	0	0	0	0	0	0
cell-4122-0-44_S10__NODE_353_length_6873_cov_49.440158	1	6873	0	0	0	0	0	0
Biragzang__NODE_1766_length_6869_cov_44.538891	1	6869	0	0	0	0	0	0
MV-4122_S12__NODE_1959_length_6869_cov_27.569563	1	6869	0	0	0	0	0	0
MV-4122_S12__NODE_1960_length_6869_cov_8.722190	1	6869	0	0	0	0	0	0
Biragzang__NODE_1768_length_6864_cov_10.747246	1	6864	0	0	0	0	0	0
MV-4122_S12__NODE_1962_length_6864_cov_25.987223	1	6864	0	0	0	0	0	0
Biragzang__NODE_1769_length_6863_cov_7.050382	1	6863	0	0	0	0	0	0
MV-4122_S12__NODE_1963_length_6863_cov_20.573737	1	6863	0	0	0	0	0	0
MV-4125_S18__NODE_1791_length_6863_cov_7.686692	1	6863	0	0	0	0	0	0
Biragzang__NODE_1770_length_6862_cov_6.015572	1	6862	0	0	0	0	0	0
MV-4128_S29__NODE_941_length_6860_cov_12.064952	1	6860	0	0	0	0	0	0
cell-4122-0-44_S10__NODE_354_length_6860_cov_13.736958	1	6860	0	0	0	0	0	0
MV-4122_S12__NODE_1964_length_6859_cov_4.717225	1	6859	0	0	0	0	0	0
MV-4122_S12__NODE_1965_length_6858_cov_26.612818	1	6858	0	0	0	0	0	0
Biragzang__NODE_1772_length_6857_cov_15.261688	1	6857	0	0	0	0	0	0
MV-4122_S12__NODE_1966_length_6856_cov_9.059109	1	6856	0	0	0	0	0	0
MV-4128_S29__NODE_942_length_6856_cov_7.571681	1	6856	0	0	0	0	0	0
MV-4122_S12__NODE_1968_length_6855_cov_4.902353	1	6855	0	0	0	0	0	0
Biragzang__NODE_1773_length_6854_cov_11.608325	1	6854	0	0	0	0	0	0
MV-4122_S12__NODE_1969_length_6851_cov_35.080194	1	6851	0	0	0	0	0	0
MV-4128_S29__NODE_943_length_6851_cov_9.902443	1	6851	0	0	0	0	0	0
MV-4125_S18__NODE_1793_length_6846_cov_25.622000	1	6846	0	0	0	0	0	0
cell-4122-0-44_S10__NODE_355_length_6846_cov_21.074805	1	6846	0	0	0	0	0	0
MV-4125_S18__NODE_1794_length_6845_cov_17.026951	1	6845	0	0	0	0	0	0
Biragzang__NODE_1778_length_6844_cov_7.541464	1	6844	0	0	0	0	0	0
Biragzang__NODE_1779_length_6842_cov_9.356859	1	6842	0	0	0	0	0	0
MV-4128_S29__NODE_945_length_6842_cov_27.017681	1	6842	0	0	0	0	0	0
MV-4128_S29__NODE_946_length_6842_cov_15.105938	1	6842	0	0	0	0	0	0
MV-4122_S12__NODE_1970_length_6840_cov_12.042889	1	6840	0	0	0	0	0	0
MV-4122_S12__NODE_1971_length_6839_cov_13.212559	1	6839	0	0	0	0	0	0
MV-4125_S18__NODE_1796_length_6839_cov_24.338296	1	6839	0	0	0	0	0	0
MV-4128_S29__NODE_947_length_6839_cov_11.549971	1	6839	0	0	0	0	0	0
MV-4122_S12__NODE_1972_length_6836_cov_23.141425	1	6836	0	0	0	0	0	0
cell-4125-0-44_S16__NODE_289_length_6836_cov_6.084353	1	6836	0	0	0	0	0	0
MV-4128_S29__NODE_948_length_6835_cov_14.833776	1	6835	0	0	0	0	0	0
Biragzang__NODE_1782_length_6834_cov_6.619413	1	6834	0	0	0	0	0	0
Biragzang__NODE_1783_length_6833_cov_7.464149	1	6833	0	0	0	0	0	0
Biragzang__NODE_1784_length_6831_cov_13.616440	1	6831	0	0	0	0	0	0
MV-4128_S29__NODE_949_length_6830_cov_17.436162	1	6830	0	0	0	0	0	0
cell-4122-0-44_S10__NODE_356_length_6830_cov_12.009594	1	6830	0	0	0	0	0	0
Biragzang__NODE_1785_length_6829_cov_30.447298	1	6829	0	0	0	0	0	0
cell-4125-0-44_S16__NODE_290_length_6827_cov_10.336090	1	6827	0	0	0	0	0	0
cell-4122-0-44_S10__NODE_357_length_6826_cov_40.793384	1	6826	0	0	0	0	0	0
Biragzang__NODE_1789_length_6824_cov_5.296499	1	6824	0	0	0	0	0	0
MV-4122_S12__NODE_1974_length_6824_cov_6.035603	1	6824	0	0	0	0	0	0
Biragzang__NODE_1790_length_6822_cov_41.989951	1	6822	0	0	0	0	0	0
Biragzang__NODE_1791_length_6821_cov_7.255838	1	6821	0	0	0	0	0	0
Biragzang__NODE_1792_length_6821_cov_6.912208	1	6821	0	0	0	0	0	0
MV-4125_S18__NODE_1799_length_6821_cov_6.868608	1	6821	0	0	0	0	0	0
MV-4122_S12__NODE_1975_length_6820_cov_5.126090	1	6820	0	0	0	0	0	0
MV-4122_S12__NODE_1976_length_6819_cov_37.005618	1	6819	0	0	0	0	0	0
Biragzang__NODE_1793_length_6816_cov_5.841739	1	6816	0	0	0	0	0	0
MV-4128_S29__NODE_951_length_6816_cov_12.727555	1	6816	0	0	0	0	0	0
MV-4122_S12__NODE_1978_length_6815_cov_10.893343	1	6815	0	0	0	0	0	0
MV-4128_S29__NODE_952_length_6814_cov_25.387631	1	6814	0	0	0	0	0	0
Biragzang__NODE_1795_length_6813_cov_5.721071	1	6813	0	0	0	0	0	0
cell-4122-0-44_S10__NODE_358_length_6812_cov_15.225396	1	6812	0	0	0	0	0	0
MV-4128_S29__NODE_953_length_6809_cov_11.212171	1	6809	0	0	0	0	0	0
MV-4128_S29__NODE_954_length_6804_cov_26.113646	1	6804	0	0	0	0	0	0
cell-4122-0-44_S10__NODE_359_length_6803_cov_37.976289	1	6803	0	0	0	0	0	0
MV-4122_S12__NODE_1979_length_6802_cov_15.601749	1	6802	0	0	0	0	0	0
cell-4125-0-44_S16__NODE_291_length_6800_cov_9.640474	1	6800	0	0	0	0	0	0
Biragzang__NODE_1798_length_6799_cov_6.127966	1	6799	0	0	0	0	0	0
MV-4125_S18__NODE_1803_length_6798_cov_6.771912	1	6798	0	0	0	0	0	0
Biragzang__NODE_1800_length_6797_cov_7.807920	1	6797	0	0	0	0	0	0
MV-4122_S12__NODE_1980_length_6795_cov_81.177596	1	6795	0	0	0	0	0	0
MV-4122_S12__NODE_1981_length_6794_cov_18.620567	1	6794	0	0	0	0	0	0
Biragzang__NODE_1802_length_6793_cov_5.604185	1	6793	0	0	0	0	0	0
MV-4122_S12__NODE_1982_length_6793_cov_21.352478	1	6793	0	0	0	0	0	0
Biragzang__NODE_1803_length_6792_cov_5.224878	1	6792	0	0	0	0	0	0
Biragzang__NODE_1804_length_6792_cov_4.537034	1	6792	0	0	0	0	0	0
Biragzang__NODE_1805_length_6791_cov_13.702197	1	6791	0	0	0	0	0	0
MV-4128_S29__NODE_956_length_6790_cov_14.864291	1	6790	0	0	0	0	0	0
Biragzang__NODE_1807_length_6789_cov_37.098604	1	6789	0	0	0	0	0	0
MV-4122_S12__NODE_1984_length_6789_cov_13.387140	1	6789	0	0	0	0	0	0
MV-4125_S18__NODE_1805_length_6786_cov_6.371119	1	6786	0	0	0	0	0	0
MV-4128_S29__NODE_958_length_6783_cov_24.823127	1	6783	0	0	0	0	0	0
Biragzang__NODE_1810_length_6782_cov_17.278430	1	6782	0	0	0	0	0	0
MV-4125_S18__NODE_1807_length_6781_cov_11.562296	1	6781	0	0	0	0	0	0
MV-4125_S18__NODE_1808_length_6781_cov_6.733274	1	6781	0	0	0	0	0	0
cell-4125-0-44_S16__NODE_292_length_6781_cov_15.220190	1	6781	0	0	0	0	0	0
MV-4122_S12__NODE_1985_length_6779_cov_8.063058	1	6779	0	0	0	0	0	0
cell-4122-0-44_S10__NODE_360_length_6779_cov_11.956722	1	6779	0	0	0	0	0	0
MV-4122_S12__NODE_1986_length_6778_cov_24.957906	1	6778	0	0	0	0	0	0
Biragzang__NODE_1812_length_6777_cov_36.751116	1	6777	0	0	0	0	0	0
Biragzang__NODE_1814_length_6774_cov_12.916654	1	6774	0	0	0	0	0	0
Biragzang__NODE_1815_length_6773_cov_5.735933	1	6773	0	0	0	0	0	0
MV-4122_S12__NODE_1988_length_6769_cov_3.958892	1	6769	0	0	0	0	0	0
cell-4122-0-44_S10__NODE_361_length_6769_cov_18.008490	1	6769	0	0	0	0	0	0
cell-4125-0-44_S16__NODE_293_length_6766_cov_8.901058	1	6766	0	0	0	0	0	0
MV-4125_S18__NODE_1812_length_6765_cov_20.847690	1	6765	0	0	0	0	0	0
MV-4125_S18__NODE_1813_length_6764_cov_22.411388	1	6764	0	0	0	0	0	0
Biragzang__NODE_1819_length_6763_cov_51.898927	1	6763	0	0	0	0	0	0
Biragzang__NODE_1822_length_6763_cov_7.348390	1	6763	0	0	0	0	0	0
MV-4125_S18__NODE_1814_length_6763_cov_6.485838	1	6763	0	0	0	0	0	0
Biragzang__NODE_1823_length_6762_cov_7.970330	1	6762	0	0	0	0	0	0
Biragzang__NODE_1825_length_6761_cov_7.040561	1	6761	0	0	0	0	0	0
MV-4122_S12__NODE_1989_length_6761_cov_24.593349	1	6761	0	0	0	0	0	0
MV-4122_S12__NODE_1990_length_6761_cov_6.492544	1	6761	0	0	0	0	0	0
MV-4122_S12__NODE_1991_length_6759_cov_75.085770	1	6759	0	0	0	0	0	0
MV-4128_S29__NODE_961_length_6759_cov_22.634397	1	6759	0	0	0	0	0	0
cell-4122-0-44_S10__NODE_362_length_6759_cov_14.333831	1	6759	0	0	0	0	0	0
Biragzang__NODE_1827_length_6757_cov_14.388988	1	6757	0	0	0	0	0	0
MV-4125_S18__NODE_1816_length_6757_cov_18.983438	1	6757	0	0	0	0	0	0
MV-4128_S29__NODE_962_length_6756_cov_18.639457	1	6756	0	0	0	0	0	0
MV-4125_S18__NODE_1817_length_6753_cov_7.938489	1	6753	0	0	0	0	0	0
cell-4125-0-44_S16__NODE_295_length_6753_cov_13.857719	1	6753	0	0	0	0	0	0
Biragzang__NODE_1829_length_6751_cov_5.558841	1	6751	0	0	0	0	0	0
MV-4128_S29__NODE_963_length_6750_cov_26.284839	1	6750	0	0	0	0	0	0
MV-4122_S12__NODE_1993_length_6749_cov_7.292501	1	6749	0	0	0	0	0	0
MV-4122_S12__NODE_1994_length_6748_cov_8.679367	1	6748	0	0	0	0	0	0
Biragzang__NODE_1830_length_6746_cov_7.222388	1	6746	0	0	0	0	0	0
Biragzang__NODE_1831_length_6745_cov_5.204484	1	6745	0	0	0	0	0	0
cell-4125-0-44_S16__NODE_297_length_6743_cov_5.422847	1	6743	0	0	0	0	0	0
MV-4128_S29__NODE_964_length_6742_cov_24.328398	1	6742	0	0	0	0	0	0
Biragzang__NODE_1836_length_6738_cov_21.374233	1	6738	0	0	0	0	0	0
MV-4122_S12__NODE_1996_length_6737_cov_8.236456	1	6737	0	0	0	0	0	0
Biragzang__NODE_1837_length_6735_cov_7.724401	1	6735	0	0	0	0	0	0
cell-4122-0-44_S10__NODE_363_length_6734_cov_12.704746	1	6734	0	0	0	0	0	0
Biragzang__NODE_1838_length_6733_cov_13.374513	1	6733	0	0	0	0	0	0
cell-4122-0-44_S10__NODE_364_length_6733_cov_20.330788	1	6733	0	0	0	0	0	0
MV-4122_S12__NODE_1997_length_6727_cov_5.914718	1	6727	0	0	0	0	0	0
MV-4122_S12__NODE_1998_length_6726_cov_29.611453	1	6726	0	0	0	0	0	0
MV-4128_S29__NODE_966_length_6726_cov_11.971818	1	6726	0	0	0	0	0	0
MV-4122_S12__NODE_1999_length_6724_cov_8.592143	1	6724	0	0	0	0	0	0
MV-4128_S29__NODE_967_length_6723_cov_21.784793	1	6723	0	0	0	0	0	0
cell-4122-0-44_S10__NODE_365_length_6721_cov_38.060456	1	6721	0	0	0	0	0	0
MV-4122_S12__NODE_2000_length_6720_cov_21.562041	1	6720	0	0	0	0	0	0
MV-4122_S12__NODE_2001_length_6718_cov_8.178298	1	6718	0	0	0	0	0	0
Biragzang__NODE_1840_length_6717_cov_7.128790	1	6717	0	0	0	0	0	0
MV-4122_S12__NODE_2002_length_6714_cov_10.021475	1	6714	0	0	0	0	0	0
Biragzang__NODE_1843_length_6713_cov_6.285822	1	6713	0	0	0	0	0	0
MV-4125_S18__NODE_1825_length_6712_cov_8.639327	1	6712	0	0	0	0	0	0
Biragzang__NODE_1844_length_6711_cov_6.407001	1	6711	0	0	0	0	0	0
Biragzang__NODE_1847_length_6705_cov_10.502707	1	6705	0	0	0	0	0	0
Biragzang__NODE_1848_length_6704_cov_6.872011	1	6704	0	0	0	0	0	0
cell-4125-0-22_S17__NODE_5_length_6701_cov_8.006470	1	6701	0	0	0	0	0	0
MV-4122_S12__NODE_2004_length_6699_cov_9.107766	1	6699	0	0	0	0	0	0
MV-4128_S29__NODE_968_length_6699_cov_11.843317	1	6699	0	0	0	0	0	0
Biragzang__NODE_1851_length_6697_cov_51.167871	1	6697	0	0	0	0	0	0
MV-4122_S12__NODE_2005_length_6696_cov_22.434874	1	6696	0	0	0	0	0	0
cell-4125-0-44_S16__NODE_298_length_6696_cov_7.363801	1	6696	0	0	0	0	0	0
MV-4122_S12__NODE_2006_length_6693_cov_21.707442	1	6693	0	0	0	0	0	0
Biragzang__NODE_1852_length_6692_cov_5.641103	1	6692	0	0	0	0	0	0
MV-4122_S12__NODE_2007_length_6686_cov_21.800030	1	6686	0	0	0	0	0	0
cell-4122-0-44_S10__NODE_366_length_6684_cov_11.797104	1	6684	0	0	0	0	0	0
Biragzang__NODE_1853_length_6683_cov_16.039378	1	6683	0	0	0	0	0	0
MV-4125_S18__NODE_1830_length_6683_cov_7.657061	1	6683	0	0	0	0	0	0
cell-4122-0-44_S10__NODE_367_length_6682_cov_7.919270	1	6682	0	0	0	0	0	0
cell-4125-0-44_S16__NODE_299_length_6682_cov_12.413913	1	6682	0	0	0	0	0	0
Biragzang__NODE_1854_length_6681_cov_4.090251	1	6681	0	0	0	0	0	0
MV-4122_S12__NODE_2008_length_6680_cov_5.602566	1	6680	0	0	0	0	0	0
Biragzang__NODE_1855_length_6679_cov_11.409118	1	6679	0	0	0	0	0	0
cell-4122-0-44_S10__NODE_368_length_6677_cov_31.949109	1	6677	0	0	0	0	0	0
cell-4125-0-44_S16__NODE_302_length_6676_cov_5.576046	1	6676	0	0	0	0	0	0
MV-4125_S18__NODE_1833_length_6675_cov_7.605589	1	6675	0	0	0	0	0	0
cell-4122-0-44_S10__NODE_369_length_6675_cov_21.737613	1	6675	0	0	0	0	0	0
MV-4122_S12__NODE_2009_length_6673_cov_28.763826	1	6673	0	0	0	0	0	0
MV-4128_S29__NODE_970_length_6672_cov_23.179840	1	6672	0	0	0	0	0	0
MV-4125_S18__NODE_1835_length_6671_cov_58.598700	1	6671	0	0	0	0	0	0
MV-4125_S18__NODE_1836_length_6671_cov_13.135127	1	6671	0	0	0	0	0	0
MV-4128_S29__NODE_971_length_6670_cov_13.336206	1	6670	0	0	0	0	0	0
Biragzang__NODE_1857_length_6669_cov_7.156033	1	6669	0	0	0	0	0	0
MV-4128_S29__NODE_972_length_6669_cov_44.985637	1	6669	0	0	0	0	0	0
Biragzang__NODE_1858_length_6665_cov_12.209682	1	6665	0	0	0	0	0	0
Biragzang__NODE_1859_length_6664_cov_11.894689	1	6664	0	0	0	0	0	0
cell-4125-0-44_S16__NODE_304_length_6663_cov_12.523305	1	6663	0	0	0	0	0	0
Biragzang__NODE_1861_length_6662_cov_8.026033	1	6662	0	0	0	0	0	0
Biragzang__NODE_1863_length_6661_cov_5.078262	1	6661	0	0	0	0	0	0
cell-4125-0-44_S16__NODE_305_length_6660_cov_7.479939	1	6660	0	0	0	0	0	0
MV-4122_S12__NODE_2012_length_6659_cov_5.545730	1	6659	0	0	0	0	0	0
cell-4125-0-44_S16__NODE_306_length_6658_cov_4.272300	1	6658	0	0	0	0	0	0
Biragzang__NODE_1864_length_6657_cov_34.194184	1	6657	0	0	0	0	0	0
MV-4125_S18__NODE_1839_length_6657_cov_7.540139	1	6657	0	0	0	0	0	0
MV-4128_S29__NODE_973_length_6652_cov_7.752463	1	6652	0	0	0	0	0	0
MV-4122_S12__NODE_2013_length_6650_cov_9.067627	1	6650	0	0	0	0	0	0
Biragzang__NODE_1865_length_6649_cov_35.432969	1	6649	0	0	0	0	0	0
Biragzang__NODE_1867_length_6648_cov_5.893523	1	6648	0	0	0	0	0	0
MV-4128_S29__NODE_974_length_6648_cov_25.224784	1	6648	0	0	0	0	0	0
Biragzang__NODE_1868_length_6645_cov_10.776935	1	6645	0	0	0	0	0	0
MV-4122_S12__NODE_2014_length_6645_cov_74.355539	1	6645	0	0	0	0	0	0
MV-4125_S18__NODE_1844_length_6645_cov_4.296813	1	6645	0	0	0	0	0	0
Biragzang__NODE_1869_length_6643_cov_19.909988	1	6643	0	0	0	0	0	0
MV-4122_S12__NODE_2015_length_6643_cov_6.290528	1	6643	0	0	0	0	0	0
MV-4125_S18__NODE_1845_length_6642_cov_8.248975	1	6642	0	0	0	0	0	0
MV-4122_S12__NODE_2018_length_6640_cov_11.158238	1	6640	0	0	0	0	0	0
MV-4125_S18__NODE_1846_length_6640_cov_20.014123	1	6640	0	0	0	0	0	0
Biragzang__NODE_1871_length_6637_cov_48.706776	1	6637	0	0	0	0	0	0
Biragzang__NODE_1872_length_6637_cov_38.498633	1	6637	0	0	0	0	0	0
MV-4122_S12__NODE_2019_length_6637_cov_27.315710	1	6637	0	0	0	0	0	0
MV-4125_S18__NODE_1848_length_6637_cov_11.917046	1	6637	0	0	0	0	0	0
MV-4125_S18__NODE_1849_length_6637_cov_8.451990	1	6637	0	0	0	0	0	0
MV-4125_S18__NODE_1850_length_6636_cov_7.515575	1	6636	0	0	0	0	0	0
MV-4122_S12__NODE_2021_length_6634_cov_15.820641	1	6634	0	0	0	0	0	0
Biragzang__NODE_1873_length_6633_cov_6.339465	1	6633	0	0	0	0	0	0
Biragzang__NODE_1874_length_6631_cov_7.774027	1	6631	0	0	0	0	0	0
MV-4122_S12__NODE_2022_length_6631_cov_34.496655	1	6631	0	0	0	0	0	0
cell-4125-0-44_S16__NODE_307_length_6629_cov_8.347581	1	6629	0	0	0	0	0	0
MV-4128_S29__NODE_975_length_6628_cov_8.211471	1	6628	0	0	0	0	0	0
cell-4125-0-44_S16__NODE_308_length_6628_cov_7.467519	1	6628	0	0	0	0	0	0
MV-4128_S29__NODE_976_length_6627_cov_12.698265	1	6627	0	0	0	0	0	0
MV-4122_S12__NODE_2023_length_6626_cov_34.950845	1	6626	0	0	0	0	0	0
MV-4122_S12__NODE_2024_length_6626_cov_22.544057	1	6626	0	0	0	0	0	0
cell-4125-0-44_S16__NODE_309_length_6626_cov_6.252473	1	6626	0	0	0	0	0	0
MV-4128_S29__NODE_977_length_6625_cov_3.804414	1	6625	0	0	0	0	0	0
cell-4122-0-44_S10__NODE_370_length_6625_cov_18.319482	1	6625	0	0	0	0	0	0
MV-4125_S18__NODE_1855_length_6622_cov_5.893406	1	6622	0	0	0	0	0	0
MV-4122_S12__NODE_2025_length_6621_cov_8.164484	1	6621	0	0	0	0	0	0
MV-4128_S29__NODE_978_length_6621_cov_19.468169	1	6621	0	0	0	0	0	0
MV-4128_S29__NODE_979_length_6620_cov_12.729779	1	6620	0	0	0	0	0	0
Biragzang__NODE_1879_length_6619_cov_5.996648	1	6619	0	0	0	0	0	0
Biragzang__NODE_1880_length_6617_cov_11.050442	1	6617	0	0	0	0	0	0
Biragzang__NODE_1881_length_6617_cov_5.872752	1	6617	0	0	0	0	0	0
MV-4125_S18__NODE_1859_length_6617_cov_8.495885	1	6617	0	0	0	0	0	0
cell-4125-0-44_S16__NODE_311_length_6617_cov_9.959311	1	6617	0	0	0	0	0	0
MV-4128_S29__NODE_980_length_6616_cov_21.912056	1	6616	0	0	0	0	0	0
MV-4128_S29__NODE_981_length_6615_cov_22.539482	1	6615	0	0	0	0	0	0
Biragzang__NODE_1883_length_6613_cov_5.731930	1	6613	0	0	0	0	0	0
Biragzang__NODE_1884_length_6612_cov_6.538661	1	6612	0	0	0	0	0	0
cell-4125-0-44_S16__NODE_312_length_6612_cov_8.070154	1	6612	0	0	0	0	0	0
Biragzang__NODE_1886_length_6609_cov_7.356881	1	6609	0	0	0	0	0	0
MV-4128_S29__NODE_982_length_6608_cov_22.574241	1	6608	0	0	0	0	0	0
Biragzang__NODE_1887_length_6607_cov_6.467796	1	6607	0	0	0	0	0	0
Biragzang__NODE_1888_length_6606_cov_35.564189	1	6606	0	0	0	0	0	0
cell-4125-0-44_S16__NODE_313_length_6606_cov_9.028545	1	6606	0	0	0	0	0	0
Biragzang__NODE_1889_length_6603_cov_7.363928	1	6603	0	0	0	0	0	0
MV-4122_S12__NODE_2026_length_6601_cov_8.157959	1	6601	0	0	0	0	0	0
cell-4125-0-44_S16__NODE_314_length_6594_cov_9.309986	1	6594	0	0	0	0	0	0
cell-4122-0-44_S10__NODE_371_length_6593_cov_9.924748	1	6593	0	0	0	0	0	0
MV-4122_S12__NODE_2028_length_6588_cov_4.570947	1	6588	0	0	0	0	0	0
MV-4125_S18__NODE_1869_length_6587_cov_9.765922	1	6587	0	0	0	0	0	0
Biragzang__NODE_1896_length_6585_cov_5.901991	1	6585	0	0	0	0	0	0
Biragzang__NODE_1897_length_6584_cov_13.438811	1	6584	0	0	0	0	0	0
Biragzang__NODE_1898_length_6584_cov_5.969827	1	6584	0	0	0	0	0	0
MV-4128_S29__NODE_983_length_6584_cov_6.524123	1	6584	0	0	0	0	0	0
cell-4125-0-44_S16__NODE_315_length_6584_cov_4.731199	1	6584	0	0	0	0	0	0
Biragzang__NODE_1899_length_6582_cov_40.062663	1	6582	0	0	0	0	0	0
cell-4122-0-44_S10__NODE_372_length_6581_cov_15.239350	1	6581	0	0	0	0	0	0
MV-4125_S18__NODE_1872_length_6579_cov_6.898069	1	6579	0	0	0	0	0	0
MV-4125_S18__NODE_1873_length_6579_cov_6.657879	1	6579	0	0	0	0	0	0
MV-4122_S12__NODE_2031_length_6578_cov_9.828760	1	6578	0	0	0	0	0	0
cell-4122-0-44_S10__NODE_373_length_6577_cov_80.370898	1	6577	0	0	0	0	0	0
MV-4122_S12__NODE_2032_length_6574_cov_10.707317	1	6574	0	0	0	0	0	0
cell-4125-0-44_S16__NODE_316_length_6574_cov_6.796748	1	6574	0	0	0	0	0	0
MV-4128_S29__NODE_984_length_6572_cov_15.361209	1	6572	0	0	0	0	0	0
cell-4122-0-44_S10__NODE_374_length_6572_cov_18.429952	1	6572	0	0	0	0	0	0
MV-4128_S29__NODE_985_length_6571_cov_11.175414	1	6571	0	0	0	0	0	0
Biragzang__NODE_1903_length_6570_cov_18.043745	1	6570	0	0	0	0	0	0
Biragzang__NODE_1904_length_6570_cov_11.887183	1	6570	0	0	0	0	0	0
Biragzang__NODE_1907_length_6568_cov_4.455858	1	6568	0	0	0	0	0	0
cell-4122-0-44_S10__NODE_375_length_6561_cov_468.765294	1	6561	0	0	0	0	0	0
Biragzang__NODE_1908_length_6558_cov_50.067200	1	6558	0	0	0	0	0	0
MV-4125_S18__NODE_1879_length_6558_cov_7.151469	1	6558	0	0	0	0	0	0
cell-4125-0-44_S16__NODE_317_length_6558_cov_11.194526	1	6558	0	0	0	0	0	0
Biragzang__NODE_1909_length_6557_cov_7.489388	1	6557	0	0	0	0	0	0
MV-4122_S12__NODE_2034_length_6557_cov_8.551676	1	6557	0	0	0	0	0	0
MV-4128_S29__NODE_987_length_6557_cov_14.558751	1	6557	0	0	0	0	0	0
MV-4122_S12__NODE_2035_length_6556_cov_28.910014	1	6556	0	0	0	0	0	0
cell-4122-0-44_S10__NODE_376_length_6556_cov_16.140286	1	6556	0	0	0	0	0	0
Biragzang__NODE_1910_length_6553_cov_4.751462	1	6553	0	0	0	0	0	0
MV-4125_S18__NODE_1880_length_6553_cov_8.306402	1	6553	0	0	0	0	0	0
MV-4125_S18__NODE_1881_length_6552_cov_8.002001	1	6552	0	0	0	0	0	0
cell-4122-0-44_S10__NODE_377_length_6552_cov_20.717254	1	6552	0	0	0	0	0	0
Biragzang__NODE_1911_length_6549_cov_4.199877	1	6549	0	0	0	0	0	0
MV-4125_S18__NODE_1882_length_6549_cov_23.864644	1	6549	0	0	0	0	0	0
MV-4125_S18__NODE_1883_length_6548_cov_18.031572	1	6548	0	0	0	0	0	0
MV-4128_S29__NODE_989_length_6548_cov_23.478823	1	6548	0	0	0	0	0	0
cell-4125-0-44_S16__NODE_318_length_6548_cov_8.018481	1	6548	0	0	0	0	0	0
MV-4128_S29__NODE_990_length_6546_cov_23.902480	1	6546	0	0	0	0	0	0
Biragzang__NODE_1912_length_6545_cov_7.053313	1	6545	0	0	0	0	0	0
cell-4125-0-44_S16__NODE_319_length_6543_cov_8.119297	1	6543	0	0	0	0	0	0
Biragzang__NODE_1913_length_6542_cov_3.925235	1	6542	0	0	0	0	0	0
cell-4125-0-44_S16__NODE_320_length_6541_cov_10.986432	1	6541	0	0	0	0	0	0
MV-4125_S18__NODE_1885_length_6540_cov_6.641172	1	6540	0	0	0	0	0	0
MV-4125_S18__NODE_1886_length_6538_cov_6.464600	1	6538	0	0	0	0	0	0
cell-4122-0-44_S10__NODE_378_length_6538_cov_13.738084	1	6538	0	0	0	0	0	0
MV-4122_S12__NODE_2037_length_6537_cov_8.080994	1	6537	0	0	0	0	0	0
MV-4128_S29__NODE_991_length_6537_cov_5.349892	1	6537	0	0	0	0	0	0
Biragzang__NODE_1915_length_6535_cov_7.189969	1	6535	0	0	0	0	0	0
MV-4128_S29__NODE_992_length_6535_cov_18.301235	1	6535	0	0	0	0	0	0
MV-4128_S29__NODE_994_length_6533_cov_27.384224	1	6533	0	0	0	0	0	0
MV-4128_S29__NODE_995_length_6532_cov_38.376718	1	6532	0	0	0	0	0	0
cell-4122-0-44_S10__NODE_379_length_6532_cov_80.519222	1	6532	0	0	0	0	0	0
Biragzang__NODE_1916_length_6531_cov_10.318715	1	6531	0	0	0	0	0	0
Biragzang__NODE_1917_length_6531_cov_4.159666	1	6531	0	0	0	0	0	0
cell-4125-0-44_S16__NODE_321_length_6531_cov_13.925263	1	6531	0	0	0	0	0	0
cell-4125-0-44_S16__NODE_322_length_6531_cov_5.873533	1	6531	0	0	0	0	0	0
Biragzang__NODE_1918_length_6530_cov_26.993359	1	6530	0	0	0	0	0	0
MV-4125_S18__NODE_1888_length_6530_cov_23.547027	1	6530	0	0	0	0	0	0
MV-4125_S18__NODE_1889_length_6530_cov_7.739305	1	6530	0	0	0	0	0	0
cell-4125-0-44_S16__NODE_323_length_6527_cov_6.290173	1	6527	0	0	0	0	0	0
Biragzang__NODE_1919_length_6526_cov_13.451708	1	6526	0	0	0	0	0	0
Biragzang__NODE_1920_length_6525_cov_6.482535	1	6525	0	0	0	0	0	0
cell-4122-0-44_S10__NODE_380_length_6525_cov_16.042349	1	6525	0	0	0	0	0	0
Biragzang__NODE_1921_length_6524_cov_5.642139	1	6524	0	0	0	0	0	0
MV-4125_S18__NODE_1890_length_6524_cov_6.572113	1	6524	0	0	0	0	0	0
cell-4125-0-44_S16__NODE_324_length_6524_cov_7.300819	1	6524	0	0	0	0	0	0
cell-4125-0-44_S16__NODE_325_length_6523_cov_5.929499	1	6523	0	0	0	0	0	0
MV-4122_S12__NODE_2039_length_6522_cov_10.624092	1	6522	0	0	0	0	0	0
cell-4122-0-44_S10__NODE_381_length_6520_cov_33.176798	1	6520	0	0	0	0	0	0
MV-4125_S18__NODE_1892_length_6519_cov_6.609220	1	6519	0	0	0	0	0	0
MV-4128_S29__NODE_996_length_6518_cov_14.671670	1	6518	0	0	0	0	0	0
cell-4125-0-44_S16__NODE_326_length_6517_cov_7.392912	1	6517	0	0	0	0	0	0
cell-4125-0-44_S16__NODE_327_length_6517_cov_7.196998	1	6517	0	0	0	0	0	0
Biragzang__NODE_1924_length_6514_cov_10.372813	1	6514	0	0	0	0	0	0
cell-4122-0-44_S10__NODE_382_length_6514_cov_70.427620	1	6514	0	0	0	0	0	0
Biragzang__NODE_1925_length_6512_cov_10.788756	1	6512	0	0	0	0	0	0
Biragzang__NODE_1926_length_6512_cov_8.922720	1	6512	0	0	0	0	0	0
MV-4122_S12__NODE_2040_length_6512_cov_25.693666	1	6512	0	0	0	0	0	0
MV-4125_S18__NODE_1895_length_6508_cov_6.405548	1	6508	0	0	0	0	0	0
Biragzang__NODE_1927_length_6507_cov_83.989771	1	6507	0	0	0	0	0	0
MV-4125_S18__NODE_1896_length_6506_cov_7.927298	1	6506	0	0	0	0	0	0
MV-4128_S29__NODE_997_length_6505_cov_22.268217	1	6505	0	0	0	0	0	0
Biragzang__NODE_1931_length_6503_cov_5.681141	1	6503	0	0	0	0	0	0
Biragzang__NODE_1932_length_6502_cov_10.539010	1	6502	0	0	0	0	0	0
MV-4125_S18__NODE_1897_length_6502_cov_18.143788	1	6502	0	0	0	0	0	0
Biragzang__NODE_1933_length_6501_cov_19.324077	1	6501	0	0	0	0	0	0
MV-4125_S18__NODE_1899_length_6500_cov_4.786346	1	6500	0	0	0	0	0	0
MV-4125_S18__NODE_1900_length_6499_cov_7.174426	1	6499	0	0	0	0	0	0
MV-4122_S12__NODE_2043_length_6498_cov_8.026385	1	6498	0	0	0	0	0	0
MV-4122_S12__NODE_2044_length_6496_cov_20.074523	1	6496	0	0	0	0	0	0
Biragzang__NODE_1934_length_6495_cov_58.549224	1	6495	0	0	0	0	0	0
cell-4125-0-44_S16__NODE_329_length_6495_cov_4.136801	1	6495	0	0	0	0	0	0
MV-4122_S12__NODE_2045_length_6494_cov_26.776518	1	6494	0	0	0	0	0	0
cell-4125-0-44_S16__NODE_330_length_6494_cov_4.896102	1	6494	0	0	0	0	0	0
Biragzang__NODE_1936_length_6492_cov_5.358397	1	6492	0	0	0	0	0	0
Biragzang__NODE_1937_length_6491_cov_6.239124	1	6491	0	0	0	0	0	0
MV-4125_S18__NODE_1902_length_6491_cov_24.423710	1	6491	0	0	0	0	0	0
Biragzang__NODE_1938_length_6489_cov_15.292042	1	6489	0	0	0	0	0	0
Biragzang__NODE_1939_length_6489_cov_6.238732	1	6489	0	0	0	0	0	0
cell-4125-0-44_S16__NODE_331_length_6489_cov_9.031085	1	6489	0	0	0	0	0	0
MV-4125_S18__NODE_1903_length_6488_cov_14.958651	1	6488	0	0	0	0	0	0
MV-4122_S12__NODE_2046_length_6487_cov_7.803483	1	6487	0	0	0	0	0	0
Biragzang__NODE_1940_length_6483_cov_11.179371	1	6483	0	0	0	0	0	0
MV-4122_S12__NODE_2048_length_6482_cov_9.824646	1	6482	0	0	0	0	0	0
MV-4122_S12__NODE_2049_length_6480_cov_84.995642	1	6480	0	0	0	0	0	0
MV-4122_S12__NODE_2050_length_6480_cov_7.899922	1	6480	0	0	0	0	0	0
MV-4128_S29__NODE_998_length_6478_cov_15.416783	1	6478	0	0	0	0	0	0
cell-4125-0-44_S16__NODE_333_length_6478_cov_6.341585	1	6478	0	0	0	0	0	0
MV-4125_S18__NODE_1909_length_6474_cov_6.236018	1	6474	0	0	0	0	0	0
MV-4125_S18__NODE_1910_length_6473_cov_7.302431	1	6473	0	0	0	0	0	0
MV-4125_S18__NODE_1911_length_6473_cov_6.676067	1	6473	0	0	0	0	0	0
MV-4125_S18__NODE_1913_length_6472_cov_20.988156	1	6472	0	0	0	0	0	0
MV-4128_S29__NODE_999_length_6472_cov_13.363877	1	6472	0	0	0	0	0	0
MV-4122_S12__NODE_2051_length_6471_cov_11.636534	1	6471	0	0	0	0	0	0
cell-4125-0-44_S16__NODE_335_length_6467_cov_9.912820	1	6467	0	0	0	0	0	0
MV-4125_S18__NODE_1916_length_6465_cov_8.096256	1	6465	0	0	0	0	0	0
MV-4128_S29__NODE_1000_length_6465_cov_13.109516	1	6465	0	0	0	0	0	0
Biragzang__NODE_1943_length_6463_cov_5.812734	1	6463	0	0	0	0	0	0
MV-4125_S18__NODE_1917_length_6463_cov_21.871879	1	6463	0	0	0	0	0	0
Biragzang__NODE_1944_length_6462_cov_45.407523	1	6462	0	0	0	0	0	0
Biragzang__NODE_1945_length_6461_cov_10.136591	1	6461	0	0	0	0	0	0
cell-4122-0-44_S10__NODE_383_length_6461_cov_15.732907	1	6461	0	0	0	0	0	0
cell-4122-0-44_S10__NODE_384_length_6461_cov_12.877771	1	6461	0	0	0	0	0	0
Biragzang__NODE_1946_length_6460_cov_6.626854	1	6460	0	0	0	0	0	0
MV-4122_S12__NODE_2052_length_6459_cov_20.390381	1	6459	0	0	0	0	0	0
Biragzang__NODE_1947_length_6457_cov_22.086223	1	6457	0	0	0	0	0	0
cell-4125-0-44_S16__NODE_336_length_6456_cov_9.571161	1	6456	0	0	0	0	0	0
Biragzang__NODE_1949_length_6455_cov_32.788125	1	6455	0	0	0	0	0	0
MV-4122_S12__NODE_2053_length_6454_cov_10.346148	1	6454	0	0	0	0	0	0
MV-4125_S18__NODE_1920_length_6453_cov_7.623476	1	6453	0	0	0	0	0	0
Biragzang__NODE_1951_length_6452_cov_5.362045	1	6452	0	0	0	0	0	0
cell-4122-0-44_S10__NODE_385_length_6452_cov_9.223542	1	6452	0	0	0	0	0	0
cell-4125-0-44_S16__NODE_338_length_6451_cov_5.972483	1	6451	0	0	0	0	0	0
MV-4122_S12__NODE_2054_length_6450_cov_8.898984	1	6450	0	0	0	0	0	0
MV-4125_S18__NODE_1921_length_6449_cov_19.948233	1	6449	0	0	0	0	0	0
MV-4125_S18__NODE_1922_length_6448_cov_20.256843	1	6448	0	0	0	0	0	0
MV-4122_S12__NODE_2056_length_6446_cov_7.659834	1	6446	0	0	0	0	0	0
Biragzang__NODE_1954_length_6445_cov_7.131142	1	6445	0	0	0	0	0	0
MV-4122_S12__NODE_2057_length_6445_cov_26.125196	1	6445	0	0	0	0	0	0
Biragzang__NODE_1955_length_6444_cov_13.333229	1	6444	0	0	0	0	0	0
Biragzang__NODE_1956_length_6443_cov_6.799624	1	6443	0	0	0	0	0	0
MV-4125_S18__NODE_1925_length_6443_cov_21.097527	1	6443	0	0	0	0	0	0
MV-4128_S29__NODE_1001_length_6443_cov_17.623043	1	6443	0	0	0	0	0	0
cell-4122-0-44_S10__NODE_386_length_6443_cov_10.764559	1	6443	0	0	0	0	0	0
Biragzang__NODE_1957_length_6442_cov_8.359167	1	6442	0	0	0	0	0	0
Biragzang__NODE_1958_length_6442_cov_6.165023	1	6442	0	0	0	0	0	0
MV-4128_S29__NODE_1002_length_6441_cov_19.927028	1	6441	0	0	0	0	0	0
cell-4122-0-44_S10__NODE_387_length_6441_cov_630.987003	1	6441	0	0	0	0	0	0
Biragzang__NODE_1959_length_6440_cov_6.148943	1	6440	0	0	0	0	0	0
cell-4122-0-44_S10__NODE_388_length_6440_cov_67.118559	1	6440	0	0	0	0	0	0
MV-4122_S12__NODE_2059_length_6439_cov_8.475251	1	6439	0	0	0	0	0	0
MV-4125_S18__NODE_1926_length_6439_cov_20.969298	1	6439	0	0	0	0	0	0
MV-4128_S29__NODE_1003_length_6439_cov_13.453008	1	6439	0	0	0	0	0	0
cell-4122-0-44_S10__NODE_389_length_6438_cov_281.282939	1	6438	0	0	0	0	0	0
MV-4128_S29__NODE_1004_length_6436_cov_17.499922	1	6436	0	0	0	0	0	0
MV-4128_S29__NODE_1005_length_6434_cov_25.578304	1	6434	0	0	0	0	0	0
cell-4125-0-44_S16__NODE_339_length_6434_cov_8.702618	1	6434	0	0	0	0	0	0
Biragzang__NODE_1962_length_6433_cov_6.397460	1	6433	0	0	0	0	0	0
MV-4125_S18__NODE_1930_length_6433_cov_23.131546	1	6433	0	0	0	0	0	0
MV-4122_S12__NODE_2061_length_6432_cov_12.194919	1	6432	0	0	0	0	0	0
cell-4122-0-44_S10__NODE_390_length_6432_cov_21.215148	1	6432	0	0	0	0	0	0
MV-4125_S18__NODE_1932_length_6430_cov_6.989804	1	6430	0	0	0	0	0	0
Biragzang__NODE_1964_length_6429_cov_10.270003	1	6429	0	0	0	0	0	0
cell-4125-0-44_S16__NODE_340_length_6428_cov_5.705319	1	6428	0	0	0	0	0	0
Biragzang__NODE_1965_length_6427_cov_40.086158	1	6427	0	0	0	0	0	0
MV-4122_S12__NODE_2062_length_6427_cov_60.759102	1	6427	0	0	0	0	0	0
Biragzang__NODE_1967_length_6426_cov_6.043164	1	6426	0	0	0	0	0	0
MV-4125_S18__NODE_1934_length_6426_cov_6.487051	1	6426	0	0	0	0	0	0
MV-4122_S12__NODE_2063_length_6425_cov_8.823548	1	6425	0	0	0	0	0	0
cell-4125-0-44_S16__NODE_341_length_6425_cov_11.633595	1	6425	0	0	0	0	0	0
Biragzang__NODE_1968_length_6423_cov_57.891332	1	6423	0	0	0	0	0	0
Biragzang__NODE_1972_length_6420_cov_10.983032	1	6420	0	0	0	0	0	0
MV-4122_S12__NODE_2065_length_6419_cov_9.662634	1	6419	0	0	0	0	0	0
cell-4122-0-44_S10__NODE_391_length_6418_cov_40.075750	1	6418	0	0	0	0	0	0
cell-4125-0-22_S17__NODE_6_length_6417_cov_16.966520	1	6417	0	0	0	0	0	0
cell-4122-0-44_S10__NODE_392_length_6416_cov_48.041817	1	6416	0	0	0	0	0	0
MV-4128_S29__NODE_1007_length_6414_cov_23.393615	1	6414	0	0	0	0	0	0
MV-4122_S12__NODE_2066_length_6413_cov_10.637150	1	6413	0	0	0	0	0	0
cell-4122-0-44_S10__NODE_393_length_6412_cov_26.656442	1	6412	0	0	0	0	0	0
MV-4125_S18__NODE_1935_length_6411_cov_6.717904	1	6411	0	0	0	0	0	0
cell-4125-0-44_S16__NODE_343_length_6411_cov_7.954059	1	6411	0	0	0	0	0	0
MV-4125_S18__NODE_1936_length_6410_cov_39.889064	1	6410	0	0	0	0	0	0
cell-4125-0-44_S16__NODE_344_length_6410_cov_10.637136	1	6410	0	0	0	0	0	0
Biragzang__NODE_1977_length_6408_cov_10.307729	1	6408	0	0	0	0	0	0
MV-4122_S12__NODE_2068_length_6406_cov_5.925366	1	6406	0	0	0	0	0	0
MV-4128_S29__NODE_1008_length_6406_cov_11.184695	1	6406	0	0	0	0	0	0
MV-4128_S29__NODE_1009_length_6405_cov_9.196850	1	6405	0	0	0	0	0	0
MV-4122_S12__NODE_2069_length_6403_cov_7.805766	1	6403	0	0	0	0	0	0
MV-4122_S12__NODE_2070_length_6403_cov_7.693132	1	6403	0	0	0	0	0	0
MV-4122_S12__NODE_2071_length_6403_cov_5.405640	1	6403	0	0	0	0	0	0
MV-4122_S12__NODE_2072_length_6402_cov_9.958563	1	6402	0	0	0	0	0	0
MV-4125_S18__NODE_1938_length_6401_cov_6.875827	1	6401	0	0	0	0	0	0
cell-4122-0-44_S10__NODE_394_length_6399_cov_8.220681	1	6399	0	0	0	0	0	0
MV-4125_S18__NODE_1939_length_6397_cov_24.439609	1	6397	0	0	0	0	0	0
Biragzang__NODE_1979_length_6395_cov_25.141325	1	6395	0	0	0	0	0	0
MV-4122_S12__NODE_2074_length_6394_cov_5.374823	1	6394	0	0	0	0	0	0
Biragzang__NODE_1980_length_6393_cov_11.788419	1	6393	0	0	0	0	0	0
Biragzang__NODE_1981_length_6393_cov_6.678132	1	6393	0	0	0	0	0	0
MV-4122_S12__NODE_2075_length_6393_cov_48.959766	1	6393	0	0	0	0	0	0
MV-4125_S18__NODE_1942_length_6393_cov_6.732565	1	6393	0	0	0	0	0	0
Biragzang__NODE_1983_length_6391_cov_11.425505	1	6391	0	0	0	0	0	0
MV-4125_S18__NODE_1944_length_6391_cov_8.286301	1	6391	0	0	0	0	0	0
Biragzang__NODE_1985_length_6389_cov_5.613988	1	6389	0	0	0	0	0	0
MV-4128_S29__NODE_1010_length_6389_cov_15.418219	1	6389	0	0	0	0	0	0
Biragzang__NODE_1986_length_6386_cov_57.661823	1	6386	0	0	0	0	0	0
Biragzang__NODE_1987_length_6386_cov_7.374980	1	6386	0	0	0	0	0	0
MV-4125_S18__NODE_1945_length_6385_cov_7.765877	1	6385	0	0	0	0	0	0
cell-4125-0-44_S16__NODE_345_length_6385_cov_7.200316	1	6385	0	0	0	0	0	0
Biragzang__NODE_1988_length_6383_cov_39.572061	1	6383	0	0	0	0	0	0
MV-4128_S29__NODE_1011_length_6383_cov_13.347977	1	6383	0	0	0	0	0	0
Biragzang__NODE_1989_length_6382_cov_14.714715	1	6382	0	0	0	0	0	0
MV-4125_S18__NODE_1946_length_6380_cov_23.545455	1	6380	0	0	0	0	0	0
MV-4128_S29__NODE_1012_length_6380_cov_16.173439	1	6380	0	0	0	0	0	0
Biragzang__NODE_1991_length_6379_cov_6.391366	1	6379	0	0	0	0	0	0
MV-4122_S12__NODE_2076_length_6379_cov_11.288583	1	6379	0	0	0	0	0	0
MV-4125_S18__NODE_1947_length_6379_cov_18.339342	1	6379	0	0	0	0	0	0
MV-4122_S12__NODE_2077_length_6377_cov_17.880576	1	6377	0	0	0	0	0	0
MV-4122_S12__NODE_2078_length_6376_cov_40.614460	1	6376	0	0	0	0	0	0
Biragzang__NODE_1992_length_6375_cov_11.695095	1	6375	0	0	0	0	0	0
MV-4122_S12__NODE_2079_length_6374_cov_39.948251	1	6374	0	0	0	0	0	0
MV-4122_S12__NODE_2080_length_6374_cov_38.109353	1	6374	0	0	0	0	0	0
Biragzang__NODE_1993_length_6372_cov_7.622289	1	6372	0	0	0	0	0	0
Biragzang__NODE_1994_length_6372_cov_6.733576	1	6372	0	0	0	0	0	0
MV-4128_S29__NODE_1014_length_6372_cov_22.363939	1	6372	0	0	0	0	0	0
Biragzang__NODE_1995_length_6371_cov_11.576472	1	6371	0	0	0	0	0	0
MV-4125_S18__NODE_1949_length_6370_cov_10.709580	1	6370	0	0	0	0	0	0
Biragzang__NODE_1997_length_6368_cov_14.505782	1	6368	0	0	0	0	0	0
MV-4128_S29__NODE_1015_length_6368_cov_18.924125	1	6368	0	0	0	0	0	0
cell-4125-0-44_S16__NODE_346_length_6368_cov_9.655473	1	6368	0	0	0	0	0	0
MV-4122_S12__NODE_2083_length_6366_cov_12.596419	1	6366	0	0	0	0	0	0
MV-4128_S29__NODE_1017_length_6366_cov_16.836001	1	6366	0	0	0	0	0	0
Biragzang__NODE_1999_length_6364_cov_9.544143	1	6364	0	0	0	0	0	0
cell-4125-0-44_S16__NODE_347_length_6361_cov_33.644941	1	6361	0	0	0	0	0	0
MV-4122_S12__NODE_2084_length_6360_cov_14.750198	1	6360	0	0	0	0	0	0
MV-4125_S18__NODE_1952_length_6358_cov_7.951610	1	6358	0	0	0	0	0	0
MV-4125_S18__NODE_1954_length_6356_cov_24.444374	1	6356	0	0	0	0	0	0
MV-4125_S18__NODE_1955_length_6356_cov_8.947945	1	6356	0	0	0	0	0	0
MV-4125_S18__NODE_1956_length_6355_cov_14.038889	1	6355	0	0	0	0	0	0
MV-4125_S18__NODE_1957_length_6354_cov_9.263375	1	6354	0	0	0	0	0	0
Biragzang__NODE_2001_length_6353_cov_7.403303	1	6353	0	0	0	0	0	0
MV-4128_S29__NODE_1019_length_6353_cov_11.560019	1	6353	0	0	0	0	0	0
cell-4125-0-44_S16__NODE_348_length_6353_cov_11.196729	1	6353	0	0	0	0	0	0
MV-4122_S12__NODE_2085_length_6352_cov_15.145625	1	6352	0	0	0	0	0	0
Biragzang__NODE_2003_length_6350_cov_18.377760	1	6350	0	0	0	0	0	0
cell-4125-0-44_S16__NODE_349_length_6349_cov_5.862409	1	6349	0	0	0	0	0	0
MV-4122_S12__NODE_2087_length_6348_cov_26.218338	1	6348	0	0	0	0	0	0
cell-4122-0-44_S10__NODE_395_length_6348_cov_12.430796	1	6348	0	0	0	0	0	0
cell-4125-0-44_S16__NODE_350_length_6348_cov_17.152392	1	6348	0	0	0	0	0	0
Biragzang__NODE_2005_length_6347_cov_8.161157	1	6347	0	0	0	0	0	0
Biragzang__NODE_2006_length_6347_cov_6.288144	1	6347	0	0	0	0	0	0
Biragzang__NODE_2008_length_6344_cov_9.211480	1	6344	0	0	0	0	0	0
cell-4125-0-44_S16__NODE_351_length_6340_cov_8.043437	1	6340	0	0	0	0	0	0
Biragzang__NODE_2009_length_6339_cov_9.583864	1	6339	0	0	0	0	0	0
MV-4122_S12__NODE_2088_length_6338_cov_26.516314	1	6338	0	0	0	0	0	0
cell-4125-0-44_S16__NODE_352_length_6337_cov_7.709647	1	6337	0	0	0	0	0	0
Biragzang__NODE_2010_length_6336_cov_10.400414	1	6336	0	0	0	0	0	0
MV-4128_S29__NODE_1020_length_6336_cov_12.326859	1	6336	0	0	0	0	0	0
Biragzang__NODE_2012_length_6334_cov_21.590062	1	6334	0	0	0	0	0	0
cell-4122-0-44_S10__NODE_396_length_6333_cov_19.473558	1	6333	0	0	0	0	0	0
MV-4122_S12__NODE_2090_length_6329_cov_9.356551	1	6329	0	0	0	0	0	0
cell-4122-0-44_S10__NODE_397_length_6328_cov_15.154790	1	6328	0	0	0	0	0	0
Biragzang__NODE_2014_length_6324_cov_39.440262	1	6324	0	0	0	0	0	0
Biragzang__NODE_2015_length_6324_cov_6.816877	1	6324	0	0	0	0	0	0
Biragzang__NODE_2016_length_6323_cov_6.097160	1	6323	0	0	0	0	0	0
MV-4122_S12__NODE_2091_length_6323_cov_8.729898	1	6323	0	0	0	0	0	0
Biragzang__NODE_2017_length_6321_cov_6.105490	1	6321	0	0	0	0	0	0
MV-4122_S12__NODE_2092_length_6321_cov_55.839930	1	6321	0	0	0	0	0	0
MV-4122_S12__NODE_2093_length_6321_cov_10.587616	1	6321	0	0	0	0	0	0
MV-4122_S12__NODE_2094_length_6320_cov_7.909178	1	6320	0	0	0	0	0	0
cell-4122-0-44_S10__NODE_398_length_6319_cov_13.377395	1	6319	0	0	0	0	0	0
cell-4125-0-44_S16__NODE_355_length_6319_cov_4.797254	1	6319	0	0	0	0	0	0
MV-4128_S29__NODE_1022_length_6318_cov_27.366278	1	6318	0	0	0	0	0	0
Biragzang__NODE_2019_length_6316_cov_18.705159	1	6316	0	0	0	0	0	0
cell-4125-0-44_S16__NODE_357_length_6314_cov_8.118709	1	6314	0	0	0	0	0	0
MV-4122_S12__NODE_2096_length_6313_cov_7.323426	1	6313	0	0	0	0	0	0
MV-4122_S12__NODE_2097_length_6312_cov_15.582707	1	6312	0	0	0	0	0	0
Biragzang__NODE_2020_length_6310_cov_14.737330	1	6310	0	0	0	0	0	0
MV-4122_S12__NODE_2098_length_6310_cov_10.106635	1	6310	0	0	0	0	0	0
cell-4125-0-44_S16__NODE_358_length_6308_cov_9.181993	1	6308	0	0	0	0	0	0
Biragzang__NODE_2021_length_6307_cov_16.112284	1	6307	0	0	0	0	0	0
MV-4122_S12__NODE_2100_length_6307_cov_37.972169	1	6307	0	0	0	0	0	0
MV-4122_S12__NODE_2101_length_6307_cov_25.432662	1	6307	0	0	0	0	0	0
Biragzang__NODE_2022_length_6306_cov_22.591905	1	6306	0	0	0	0	0	0
Biragzang__NODE_2023_length_6306_cov_10.693809	1	6306	0	0	0	0	0	0
MV-4122_S12__NODE_2102_length_6302_cov_41.398431	1	6302	0	0	0	0	0	0
MV-4122_S12__NODE_2103_length_6301_cov_9.763529	1	6301	0	0	0	0	0	0
cell-4125-0-44_S16__NODE_359_length_6301_cov_9.417867	1	6301	0	0	0	0	0	0
MV-4125_S18__NODE_1971_length_6300_cov_17.717374	1	6300	0	0	0	0	0	0
Biragzang__NODE_2026_length_6299_cov_10.576714	1	6299	0	0	0	0	0	0
MV-4122_S12__NODE_2105_length_6299_cov_37.997277	1	6299	0	0	0	0	0	0
MV-4122_S12__NODE_2106_length_6299_cov_27.058136	1	6299	0	0	0	0	0	0
MV-4125_S18__NODE_1973_length_6299_cov_6.823511	1	6299	0	0	0	0	0	0
cell-4122-0-44_S10__NODE_399_length_6299_cov_19.825112	1	6299	0	0	0	0	0	0
MV-4125_S18__NODE_1974_length_6298_cov_9.074804	1	6298	0	0	0	0	0	0
MV-4125_S18__NODE_1975_length_6297_cov_7.041173	1	6297	0	0	0	0	0	0
MV-4122_S12__NODE_2107_length_6294_cov_12.965379	1	6294	0	0	0	0	0	0
MV-4125_S18__NODE_1978_length_6294_cov_18.874339	1	6294	0	0	0	0	0	0
MV-4128_S29__NODE_1023_length_6294_cov_27.565636	1	6294	0	0	0	0	0	0
Biragzang__NODE_2029_length_6290_cov_6.457257	1	6290	0	0	0	0	0	0
MV-4125_S18__NODE_1980_length_6285_cov_6.437400	1	6285	0	0	0	0	0	0
cell-4122-0-22_S11__NODE_185_length_6285_cov_13.444623	1	6285	0	0	0	0	0	0
MV-4122_S12__NODE_2108_length_6282_cov_5.026658	1	6282	0	0	0	0	0	0
MV-4128_S29__NODE_1025_length_6282_cov_17.923559	1	6282	0	0	0	0	0	0
Biragzang__NODE_2037_length_6278_cov_8.127752	1	6278	0	0	0	0	0	0
MV-4122_S12__NODE_2109_length_6272_cov_11.504263	1	6272	0	0	0	0	0	0
MV-4125_S18__NODE_1985_length_6271_cov_6.393822	1	6271	0	0	0	0	0	0
MV-4122_S12__NODE_2110_length_6270_cov_7.613194	1	6270	0	0	0	0	0	0
Biragzang__NODE_2038_length_6269_cov_15.874316	1	6269	0	0	0	0	0	0
cell-4122-0-44_S10__NODE_401_length_6269_cov_16.398133	1	6269	0	0	0	0	0	0
Biragzang__NODE_2040_length_6268_cov_5.796234	1	6268	0	0	0	0	0	0
cell-4125-0-44_S16__NODE_363_length_6268_cov_14.916948	1	6268	0	0	0	0	0	0
cell-4125-0-44_S16__NODE_364_length_6268_cov_5.963303	1	6268	0	0	0	0	0	0
Biragzang__NODE_2041_length_6267_cov_7.369124	1	6267	0	0	0	0	0	0
Biragzang__NODE_2042_length_6267_cov_5.849485	1	6267	0	0	0	0	0	0
MV-4122_S12__NODE_2111_length_6266_cov_7.715988	1	6266	0	0	0	0	0	0
cell-4125-0-44_S16__NODE_365_length_6266_cov_4.979230	1	6266	0	0	0	0	0	0
Biragzang__NODE_2043_length_6265_cov_7.547504	1	6265	0	0	0	0	0	0
Biragzang__NODE_2044_length_6265_cov_6.072625	1	6265	0	0	0	0	0	0
cell-4125-0-44_S16__NODE_366_length_6265_cov_7.026409	1	6265	0	0	0	0	0	0
cell-4125-0-44_S16__NODE_367_length_6264_cov_7.688678	1	6264	0	0	0	0	0	0
Biragzang__NODE_2046_length_6263_cov_7.224227	1	6263	0	0	0	0	0	0
MV-4122_S12__NODE_2112_length_6263_cov_14.123389	1	6263	0	0	0	0	0	0
MV-4125_S18__NODE_1990_length_6261_cov_19.607154	1	6261	0	0	0	0	0	0
MV-4128_S29__NODE_1026_length_6256_cov_26.892275	1	6256	0	0	0	0	0	0
cell-4125-0-44_S16__NODE_369_length_6256_cov_7.340106	1	6256	0	0	0	0	0	0
MV-4122_S12__NODE_2113_length_6254_cov_46.183901	1	6254	0	0	0	0	0	0
cell-4125-0-44_S16__NODE_370_length_6253_cov_7.426428	1	6253	0	0	0	0	0	0
MV-4128_S29__NODE_1028_length_6252_cov_14.920445	1	6252	0	0	0	0	0	0
cell-4125-0-44_S16__NODE_371_length_6252_cov_8.822817	1	6252	0	0	0	0	0	0
cell-4125-0-44_S16__NODE_372_length_6250_cov_5.978692	1	6250	0	0	0	0	0	0
cell-4122-0-44_S10__NODE_402_length_6248_cov_13.197158	1	6248	0	0	0	0	0	0
cell-4125-0-44_S16__NODE_373_length_6247_cov_6.749354	1	6247	0	0	0	0	0	0
MV-4122_S12__NODE_2114_length_6246_cov_8.643999	1	6246	0	0	0	0	0	0
MV-4128_S29__NODE_1030_length_6245_cov_11.518417	1	6245	0	0	0	0	0	0
Biragzang__NODE_2050_length_6244_cov_6.862983	1	6244	0	0	0	0	0	0
Biragzang__NODE_2052_length_6243_cov_5.609890	1	6243	0	0	0	0	0	0
cell-4122-0-44_S10__NODE_403_length_6238_cov_78.769529	1	6238	0	0	0	0	0	0
Biragzang__NODE_2055_length_6236_cov_5.170037	1	6236	0	0	0	0	0	0
cell-4125-0-44_S16__NODE_375_length_6233_cov_6.761250	1	6233	0	0	0	0	0	0
Biragzang__NODE_2056_length_6232_cov_4.773838	1	6232	0	0	0	0	0	0
Biragzang__NODE_2057_length_6231_cov_17.465997	1	6231	0	0	0	0	0	0
cell-4125-0-44_S16__NODE_376_length_6231_cov_7.524288	1	6231	0	0	0	0	0	0
Biragzang__NODE_2058_length_6229_cov_54.233236	1	6229	0	0	0	0	0	0
Biragzang__NODE_2059_length_6229_cov_14.461775	1	6229	0	0	0	0	0	0
Biragzang__NODE_2060_length_6229_cov_6.617266	1	6229	0	0	0	0	0	0
MV-4125_S18__NODE_1997_length_6228_cov_18.409201	1	6228	0	0	0	0	0	0
Biragzang__NODE_2061_length_6226_cov_7.084751	1	6226	0	0	0	0	0	0
MV-4122_S12__NODE_2116_length_6226_cov_9.079404	1	6226	0	0	0	0	0	0
Biragzang__NODE_2062_length_6225_cov_10.378768	1	6225	0	0	0	0	0	0
MV-4128_S29__NODE_1031_length_6224_cov_11.971794	1	6224	0	0	0	0	0	0
MV-4122_S12__NODE_2117_length_6223_cov_6.923152	1	6223	0	0	0	0	0	0
Biragzang__NODE_2063_length_6222_cov_5.580023	1	6222	0	0	0	0	0	0
cell-4122-0-44_S10__NODE_404_length_6222_cov_53.799741	1	6222	0	0	0	0	0	0
MV-4122_S12__NODE_2118_length_6219_cov_17.499513	1	6219	0	0	0	0	0	0
Biragzang__NODE_2064_length_6218_cov_58.770566	1	6218	0	0	0	0	0	0
MV-4122_S12__NODE_2119_length_6218_cov_20.546325	1	6218	0	0	0	0	0	0
Biragzang__NODE_2065_length_6217_cov_34.489614	1	6217	0	0	0	0	0	0
MV-4122_S12__NODE_2120_length_6217_cov_23.439468	1	6217	0	0	0	0	0	0
MV-4125_S18__NODE_2001_length_6217_cov_7.894028	1	6217	0	0	0	0	0	0
MV-4128_S29__NODE_1032_length_6214_cov_14.416139	1	6214	0	0	0	0	0	0
Biragzang__NODE_2067_length_6212_cov_12.552217	1	6212	0	0	0	0	0	0
Biragzang__NODE_2068_length_6211_cov_5.840156	1	6211	0	0	0	0	0	0
MV-4122_S12__NODE_2121_length_6211_cov_10.535575	1	6211	0	0	0	0	0	0
MV-4125_S18__NODE_2005_length_6211_cov_13.545647	1	6211	0	0	0	0	0	0
Biragzang__NODE_2069_length_6210_cov_13.825183	1	6210	0	0	0	0	0	0
MV-4122_S12__NODE_2122_length_6210_cov_52.264825	1	6210	0	0	0	0	0	0
MV-4122_S12__NODE_2123_length_6210_cov_10.647279	1	6210	0	0	0	0	0	0
MV-4128_S29__NODE_1033_length_6209_cov_404.209945	1	6209	0	0	0	0	0	0
Biragzang__NODE_2070_length_6208_cov_31.705997	1	6208	0	0	0	0	0	0
MV-4122_S12__NODE_2124_length_6207_cov_4.596717	1	6207	0	0	0	0	0	0
Biragzang__NODE_2071_length_6206_cov_40.541375	1	6206	0	0	0	0	0	0
Biragzang__NODE_2072_length_6206_cov_7.809787	1	6206	0	0	0	0	0	0
MV-4128_S29__NODE_1034_length_6206_cov_25.934482	1	6206	0	0	0	0	0	0
MV-4128_S29__NODE_1035_length_6206_cov_10.741018	1	6206	0	0	0	0	0	0
Biragzang__NODE_2073_length_6204_cov_17.633762	1	6204	0	0	0	0	0	0
MV-4128_S29__NODE_1036_length_6204_cov_5.000976	1	6204	0	0	0	0	0	0
Biragzang__NODE_2074_length_6203_cov_11.971861	1	6203	0	0	0	0	0	0
Biragzang__NODE_2075_length_6202_cov_11.150155	1	6202	0	0	0	0	0	0
cell-4125-0-44_S16__NODE_378_length_6202_cov_5.032048	1	6202	0	0	0	0	0	0
Biragzang__NODE_2076_length_6200_cov_7.982262	1	6200	0	0	0	0	0	0
Biragzang__NODE_2077_length_6200_cov_6.810252	1	6200	0	0	0	0	0	0
MV-4128_S29__NODE_1037_length_6200_cov_13.457282	1	6200	0	0	0	0	0	0
Biragzang__NODE_2078_length_6198_cov_5.534592	1	6198	0	0	0	0	0	0
MV-4122_S12__NODE_2126_length_6196_cov_21.869891	1	6196	0	0	0	0	0	0
MV-4122_S12__NODE_2127_length_6195_cov_9.611726	1	6195	0	0	0	0	0	0
cell-4125-0-44_S16__NODE_379_length_6194_cov_8.315035	1	6194	0	0	0	0	0	0
Biragzang__NODE_2081_length_6193_cov_20.773868	1	6193	0	0	0	0	0	0
MV-4122_S12__NODE_2128_length_6193_cov_11.995764	1	6193	0	0	0	0	0	0
MV-4125_S18__NODE_2013_length_6192_cov_6.061920	1	6192	0	0	0	0	0	0
MV-4128_S29__NODE_1038_length_6192_cov_14.154147	1	6192	0	0	0	0	0	0
MV-4128_S29__NODE_1039_length_6191_cov_13.016134	1	6191	0	0	0	0	0	0
MV-4122_S12__NODE_2129_length_6190_cov_9.086064	1	6190	0	0	0	0	0	0
MV-4125_S18__NODE_2015_length_6190_cov_8.223961	1	6190	0	0	0	0	0	0
MV-4125_S18__NODE_2016_length_6190_cov_6.531540	1	6190	0	0	0	0	0	0
Biragzang__NODE_2083_length_6189_cov_9.930062	1	6189	0	0	0	0	0	0
MV-4122_S12__NODE_2130_length_6189_cov_6.294425	1	6189	0	0	0	0	0	0
MV-4122_S12__NODE_2131_length_6188_cov_24.654981	1	6188	0	0	0	0	0	0
MV-4125_S18__NODE_2017_length_6187_cov_18.426941	1	6187	0	0	0	0	0	0
MV-4128_S29__NODE_1040_length_6187_cov_16.459230	1	6187	0	0	0	0	0	0
Biragzang__NODE_2085_length_6186_cov_14.017289	1	6186	0	0	0	0	0	0
MV-4128_S29__NODE_1041_length_6184_cov_12.769783	1	6184	0	0	0	0	0	0
cell-4122-0-44_S10__NODE_405_length_6184_cov_15.303475	1	6184	0	0	0	0	0	0
MV-4122_S12__NODE_2132_length_6183_cov_4.819191	1	6183	0	0	0	0	0	0
MV-4125_S18__NODE_2019_length_6183_cov_20.661227	1	6183	0	0	0	0	0	0
MV-4125_S18__NODE_2021_length_6183_cov_7.077513	1	6183	0	0	0	0	0	0
MV-4128_S29__NODE_1042_length_6183_cov_14.897356	1	6183	0	0	0	0	0	0
cell-4125-0-44_S16__NODE_382_length_6183_cov_7.185542	1	6183	0	0	0	0	0	0
Biragzang__NODE_2089_length_6182_cov_6.658397	1	6182	0	0	0	0	0	0
MV-4122_S12__NODE_2133_length_6182_cov_87.444263	1	6182	0	0	0	0	0	0
cell-4125-0-44_S16__NODE_383_length_6182_cov_6.913498	1	6182	0	0	0	0	0	0
Biragzang__NODE_2090_length_6181_cov_13.240451	1	6181	0	0	0	0	0	0
MV-4125_S18__NODE_2022_length_6181_cov_8.166503	1	6181	0	0	0	0	0	0
cell-4122-0-44_S10__NODE_406_length_6180_cov_68.227265	1	6180	0	0	0	0	0	0
Biragzang__NODE_2093_length_6178_cov_6.742447	1	6178	0	0	0	0	0	0
Biragzang__NODE_2095_length_6177_cov_12.948710	1	6177	0	0	0	0	0	0
Biragzang__NODE_2096_length_6177_cov_7.724273	1	6177	0	0	0	0	0	0
MV-4122_S12__NODE_2134_length_6176_cov_7.816860	1	6176	0	0	0	0	0	0
cell-4122-0-44_S10__NODE_407_length_6176_cov_19.248816	1	6176	0	0	0	0	0	0
MV-4125_S18__NODE_2025_length_6174_cov_7.777415	1	6174	0	0	0	0	0	0
Biragzang__NODE_2097_length_6173_cov_5.483328	1	6173	0	0	0	0	0	0
Biragzang__NODE_2098_length_6173_cov_5.320039	1	6173	0	0	0	0	0	0
MV-4122_S12__NODE_2136_length_6173_cov_6.795358	1	6173	0	0	0	0	0	0
Biragzang__NODE_2099_length_6172_cov_11.416054	1	6172	0	0	0	0	0	0
cell-4125-0-44_S16__NODE_385_length_6172_cov_10.540461	1	6172	0	0	0	0	0	0
Biragzang__NODE_2100_length_6171_cov_34.531066	1	6171	0	0	0	0	0	0
MV-4125_S18__NODE_2026_length_6171_cov_17.855952	1	6171	0	0	0	0	0	0
Biragzang__NODE_2102_length_6170_cov_12.041864	1	6170	0	0	0	0	0	0
MV-4128_S29__NODE_1043_length_6170_cov_22.921995	1	6170	0	0	0	0	0	0
MV-4128_S29__NODE_1044_length_6170_cov_3.338675	1	6170	0	0	0	0	0	0
MV-4125_S18__NODE_2028_length_6168_cov_7.606740	1	6168	0	0	0	0	0	0
MV-4128_S29__NODE_1045_length_6168_cov_4.709308	1	6168	0	0	0	0	0	0
cell-4125-0-22_S17__NODE_7_length_6167_cov_11.783868	1	6167	0	0	0	0	0	0
MV-4128_S29__NODE_1046_length_6166_cov_27.338243	1	6166	0	0	0	0	0	0
MV-4128_S29__NODE_1047_length_6166_cov_9.011455	1	6166	0	0	0	0	0	0
MV-4125_S18__NODE_2029_length_6165_cov_9.625368	1	6165	0	0	0	0	0	0
Biragzang__NODE_2104_length_6164_cov_11.369782	1	6164	0	0	0	0	0	0
MV-4125_S18__NODE_2032_length_6162_cov_4.940560	1	6162	0	0	0	0	0	0
MV-4122_S12__NODE_2139_length_6161_cov_43.490174	1	6161	0	0	0	0	0	0
cell-4125-0-44_S16__NODE_387_length_6161_cov_6.812643	1	6161	0	0	0	0	0	0
MV-4122_S12__NODE_2140_length_6160_cov_21.403931	1	6160	0	0	0	0	0	0
MV-4125_S18__NODE_2033_length_6160_cov_7.443898	1	6160	0	0	0	0	0	0
MV-4128_S29__NODE_1048_length_6157_cov_15.624713	1	6157	0	0	0	0	0	0
Biragzang__NODE_2106_length_6156_cov_19.890674	1	6156	0	0	0	0	0	0
Biragzang__NODE_2107_length_6156_cov_6.238158	1	6156	0	0	0	0	0	0
MV-4122_S12__NODE_2141_length_6156_cov_38.744796	1	6156	0	0	0	0	0	0
MV-4128_S29__NODE_1049_length_6156_cov_15.251434	1	6156	0	0	0	0	0	0
Biragzang__NODE_2108_length_6155_cov_5.466393	1	6155	0	0	0	0	0	0
MV-4125_S18__NODE_2034_length_6152_cov_19.122683	1	6152	0	0	0	0	0	0
MV-4125_S18__NODE_2036_length_6148_cov_7.795011	1	6148	0	0	0	0	0	0
Biragzang__NODE_2112_length_6147_cov_19.981123	1	6147	0	0	0	0	0	0
MV-4122_S12__NODE_2143_length_6147_cov_12.581582	1	6147	0	0	0	0	0	0
MV-4125_S18__NODE_2037_length_6146_cov_14.205057	1	6146	0	0	0	0	0	0
MV-4122_S12__NODE_2144_length_6145_cov_12.503612	1	6145	0	0	0	0	0	0
MV-4125_S18__NODE_2038_length_6145_cov_24.472085	1	6145	0	0	0	0	0	0
cell-4122-0-44_S10__NODE_409_length_6144_cov_11.095254	1	6144	0	0	0	0	0	0
MV-4122_S12__NODE_2145_length_6143_cov_18.014126	1	6143	0	0	0	0	0	0
MV-4128_S29__NODE_1051_length_6141_cov_6.633257	1	6141	0	0	0	0	0	0
Biragzang__NODE_2113_length_6139_cov_10.761506	1	6139	0	0	0	0	0	0
MV-4122_S12__NODE_2146_length_6139_cov_6.899080	1	6139	0	0	0	0	0	0
MV-4125_S18__NODE_2041_length_6138_cov_14.490383	1	6138	0	0	0	0	0	0
cell-4122-0-44_S10__NODE_410_length_6138_cov_22.701627	1	6138	0	0	0	0	0	0
MV-4125_S18__NODE_2042_length_6137_cov_7.468431	1	6137	0	0	0	0	0	0
MV-4122_S12__NODE_2147_length_6136_cov_12.099655	1	6136	0	0	0	0	0	0
cell-4122-0-44_S10__NODE_411_length_6136_cov_21.472455	1	6136	0	0	0	0	0	0
cell-4122-0-44_S10__NODE_412_length_6136_cov_14.536754	1	6136	0	0	0	0	0	0
cell-4125-0-44_S16__NODE_389_length_6136_cov_8.805295	1	6136	0	0	0	0	0	0
Biragzang__NODE_2114_length_6135_cov_13.043914	1	6135	0	0	0	0	0	0
MV-4128_S29__NODE_1052_length_6135_cov_17.487336	1	6135	0	0	0	0	0	0
MV-4122_S12__NODE_2148_length_6134_cov_19.621155	1	6134	0	0	0	0	0	0
MV-4122_S12__NODE_2149_length_6134_cov_4.756210	1	6134	0	0	0	0	0	0
cell-4122-0-44_S10__NODE_413_length_6134_cov_16.839447	1	6134	0	0	0	0	0	0
MV-4125_S18__NODE_2045_length_6133_cov_6.663376	1	6133	0	0	0	0	0	0
MV-4128_S29__NODE_1053_length_6131_cov_30.727946	1	6131	0	0	0	0	0	0
MV-4128_S29__NODE_1054_length_6131_cov_16.146972	1	6131	0	0	0	0	0	0
cell-4125-0-44_S16__NODE_391_length_6131_cov_8.893845	1	6131	0	0	0	0	0	0
Biragzang__NODE_2117_length_6125_cov_26.731301	1	6125	0	0	0	0	0	0
MV-4122_S12__NODE_2153_length_6125_cov_42.635255	1	6125	0	0	0	0	0	0
MV-4122_S12__NODE_2154_length_6125_cov_37.991433	1	6125	0	0	0	0	0	0
MV-4128_S29__NODE_1055_length_6125_cov_14.766392	1	6125	0	0	0	0	0	0
MV-4122_S12__NODE_2155_length_6124_cov_9.934256	1	6124	0	0	0	0	0	0
MV-4122_S12__NODE_2156_length_6122_cov_8.138289	1	6122	0	0	0	0	0	0
MV-4122_S12__NODE_2158_length_6119_cov_86.375165	1	6119	0	0	0	0	0	0
MV-4122_S12__NODE_2159_length_6119_cov_12.378463	1	6119	0	0	0	0	0	0
Biragzang__NODE_2121_length_6117_cov_13.142857	1	6117	0	0	0	0	0	0
Biragzang__NODE_2122_length_6117_cov_6.368360	1	6117	0	0	0	0	0	0
Biragzang__NODE_2123_length_6116_cov_5.524006	1	6116	0	0	0	0	0	0
MV-4125_S18__NODE_2048_length_6115_cov_6.490759	1	6115	0	0	0	0	0	0
MV-4128_S29__NODE_1056_length_6114_cov_13.366562	1	6114	0	0	0	0	0	0
Biragzang__NODE_2125_length_6113_cov_5.930670	1	6113	0	0	0	0	0	0
Biragzang__NODE_2126_length_6112_cov_48.705465	1	6112	0	0	0	0	0	0
Biragzang__NODE_2128_length_6111_cov_43.663639	1	6111	0	0	0	0	0	0
Biragzang__NODE_2129_length_6111_cov_18.436592	1	6111	0	0	0	0	0	0
cell-4122-0-44_S10__NODE_414_length_6110_cov_13.489348	1	6110	0	0	0	0	0	0
Biragzang__NODE_2130_length_6109_cov_15.380079	1	6109	0	0	0	0	0	0
MV-4122_S12__NODE_2162_length_6107_cov_12.991408	1	6107	0	0	0	0	0	0
cell-4125-0-44_S16__NODE_393_length_6107_cov_9.131692	1	6107	0	0	0	0	0	0
MV-4128_S29__NODE_1059_length_6101_cov_22.644228	1	6101	0	0	0	0	0	0
MV-4128_S29__NODE_1060_length_6101_cov_7.661925	1	6101	0	0	0	0	0	0
cell-4122-0-44_S10__NODE_415_length_6101_cov_46.445915	1	6101	0	0	0	0	0	0
MV-4122_S12__NODE_2163_length_6100_cov_9.710174	1	6100	0	0	0	0	0	0
MV-4122_S12__NODE_2164_length_6100_cov_3.956989	1	6100	0	0	0	0	0	0
MV-4122_S12__NODE_2165_length_6100_cov_3.740447	1	6100	0	0	0	0	0	0
MV-4125_S18__NODE_2053_length_6099_cov_13.454997	1	6099	0	0	0	0	0	0
MV-4125_S18__NODE_2054_length_6098_cov_6.918914	1	6098	0	0	0	0	0	0
cell-4125-0-44_S16__NODE_394_length_6098_cov_9.859507	1	6098	0	0	0	0	0	0
Biragzang__NODE_2136_length_6097_cov_11.742966	1	6097	0	0	0	0	0	0
Biragzang__NODE_2137_length_6096_cov_7.782321	1	6096	0	0	0	0	0	0
Biragzang__NODE_2139_length_6095_cov_12.791887	1	6095	0	0	0	0	0	0
cell-4125-0-44_S16__NODE_395_length_6095_cov_5.858775	1	6095	0	0	0	0	0	0
MV-4122_S12__NODE_2166_length_6093_cov_13.754223	1	6093	0	0	0	0	0	0
cell-4122-0-44_S10__NODE_416_length_6092_cov_11.234554	1	6092	0	0	0	0	0	0
Biragzang__NODE_2141_length_6090_cov_13.406297	1	6090	0	0	0	0	0	0
Biragzang__NODE_2142_length_6087_cov_5.719662	1	6087	0	0	0	0	0	0
Biragzang__NODE_2145_length_6085_cov_4.372471	1	6085	0	0	0	0	0	0
MV-4128_S29__NODE_1061_length_6081_cov_30.274809	1	6081	0	0	0	0	0	0
MV-4128_S29__NODE_1062_length_6080_cov_13.077510	1	6080	0	0	0	0	0	0
MV-4122_S12__NODE_2169_length_6079_cov_7.885292	1	6079	0	0	0	0	0	0
cell-4125-0-44_S16__NODE_398_length_6079_cov_6.975432	1	6079	0	0	0	0	0	0
cell-4122-0-44_S10__NODE_417_length_6078_cov_20.659472	1	6078	0	0	0	0	0	0
Biragzang__NODE_2147_length_6077_cov_7.028230	1	6077	0	0	0	0	0	0
MV-4125_S18__NODE_2065_length_6077_cov_22.646131	1	6077	0	0	0	0	0	0
MV-4125_S18__NODE_2066_length_6075_cov_16.448173	1	6075	0	0	0	0	0	0
MV-4122_S12__NODE_2170_length_6074_cov_6.878219	1	6074	0	0	0	0	0	0
MV-4125_S18__NODE_2068_length_6074_cov_7.548430	1	6074	0	0	0	0	0	0
cell-4125-0-44_S16__NODE_399_length_6073_cov_10.217182	1	6073	0	0	0	0	0	0
MV-4122_S12__NODE_2171_length_6071_cov_26.251164	1	6071	0	0	0	0	0	0
MV-4125_S18__NODE_2069_length_6071_cov_8.829953	1	6071	0	0	0	0	0	0
MV-4128_S29__NODE_1063_length_6070_cov_12.180881	1	6070	0	0	0	0	0	0
MV-4128_S29__NODE_1064_length_6069_cov_10.325906	1	6069	0	0	0	0	0	0
MV-4122_S12__NODE_2172_length_6067_cov_5.625915	1	6067	0	0	0	0	0	0
Biragzang__NODE_2150_length_6066_cov_19.984362	1	6066	0	0	0	0	0	0
Biragzang__NODE_2151_length_6065_cov_9.005324	1	6065	0	0	0	0	0	0
MV-4125_S18__NODE_2071_length_6065_cov_19.150915	1	6065	0	0	0	0	0	0
MV-4128_S29__NODE_1065_length_6065_cov_13.663727	1	6065	0	0	0	0	0	0
Biragzang__NODE_2152_length_6064_cov_9.621734	1	6064	0	0	0	0	0	0
cell-4122-0-44_S10__NODE_418_length_6064_cov_15.670494	1	6064	0	0	0	0	0	0
Biragzang__NODE_2153_length_6063_cov_10.660453	1	6063	0	0	0	0	0	0
MV-4125_S18__NODE_2072_length_6063_cov_7.816079	1	6063	0	0	0	0	0	0
Biragzang__NODE_2154_length_6062_cov_13.352922	1	6062	0	0	0	0	0	0
Biragzang__NODE_2155_length_6061_cov_6.675824	1	6061	0	0	0	0	0	0
Biragzang__NODE_2156_length_6061_cov_6.214119	1	6061	0	0	0	0	0	0
Biragzang__NODE_2157_length_6058_cov_6.181576	1	6058	0	0	0	0	0	0
cell-4125-0-44_S16__NODE_400_length_6056_cov_4.927012	1	6056	0	0	0	0	0	0
Biragzang__NODE_2159_length_6055_cov_7.123667	1	6055	0	0	0	0	0	0
MV-4122_S12__NODE_2174_length_6053_cov_31.111370	1	6053	0	0	0	0	0	0
MV-4122_S12__NODE_2175_length_6053_cov_5.626209	1	6053	0	0	0	0	0	0
MV-4128_S29__NODE_1067_length_6052_cov_12.328164	1	6052	0	0	0	0	0	0
Biragzang__NODE_2162_length_6051_cov_15.764009	1	6051	0	0	0	0	0	0
MV-4122_S12__NODE_2176_length_6051_cov_8.595230	1	6051	0	0	0	0	0	0
MV-4125_S18__NODE_2074_length_6051_cov_20.026184	1	6051	0	0	0	0	0	0
cell-4125-0-44_S16__NODE_401_length_6051_cov_5.804703	1	6051	0	0	0	0	0	0
cell-4122-0-44_S10__NODE_419_length_6050_cov_15.152627	1	6050	0	0	0	0	0	0
Biragzang__NODE_2164_length_6049_cov_39.152819	1	6049	0	0	0	0	0	0
MV-4122_S12__NODE_2177_length_6049_cov_22.389223	1	6049	0	0	0	0	0	0
MV-4122_S12__NODE_2178_length_6047_cov_31.342623	1	6047	0	0	0	0	0	0
MV-4128_S29__NODE_1068_length_6044_cov_14.598597	1	6044	0	0	0	0	0	0
MV-4122_S12__NODE_2179_length_6043_cov_38.898130	1	6043	0	0	0	0	0	0
cell-4125-0-44_S16__NODE_402_length_6043_cov_9.135438	1	6043	0	0	0	0	0	0
Biragzang__NODE_2167_length_6042_cov_12.761984	1	6042	0	0	0	0	0	0
MV-4128_S29__NODE_1069_length_6042_cov_18.872891	1	6042	0	0	0	0	0	0
MV-4128_S29__NODE_1070_length_6041_cov_15.892583	1	6041	0	0	0	0	0	0
MV-4128_S29__NODE_1071_length_6040_cov_15.734503	1	6040	0	0	0	0	0	0
Biragzang__NODE_2168_length_6039_cov_21.500668	1	6039	0	0	0	0	0	0
Biragzang__NODE_2169_length_6039_cov_6.153910	1	6039	0	0	0	0	0	0
cell-4122-0-44_S10__NODE_420_length_6039_cov_9.161765	1	6039	0	0	0	0	0	0
cell-4125-0-44_S16__NODE_403_length_6039_cov_7.482787	1	6039	0	0	0	0	0	0
MV-4122_S12__NODE_2180_length_6038_cov_9.272104	1	6038	0	0	0	0	0	0
Biragzang__NODE_2171_length_6037_cov_5.865931	1	6037	0	0	0	0	0	0
MV-4125_S18__NODE_2081_length_6035_cov_7.313545	1	6035	0	0	0	0	0	0
cell-4122-0-44_S10__NODE_421_length_6035_cov_11.660033	1	6035	0	0	0	0	0	0
MV-4128_S29__NODE_1073_length_6033_cov_11.731516	1	6033	0	0	0	0	0	0
Biragzang__NODE_2173_length_6032_cov_6.541074	1	6032	0	0	0	0	0	0
MV-4122_S12__NODE_2181_length_6032_cov_8.770119	1	6032	0	0	0	0	0	0
cell-4125-0-44_S16__NODE_404_length_6031_cov_5.767905	1	6031	0	0	0	0	0	0
Biragzang__NODE_2174_length_6030_cov_43.832301	1	6030	0	0	0	0	0	0
MV-4122_S12__NODE_2182_length_6030_cov_11.482343	1	6030	0	0	0	0	0	0
MV-4125_S18__NODE_2084_length_6030_cov_7.622092	1	6030	0	0	0	0	0	0
MV-4122_S12__NODE_2183_length_6029_cov_10.683964	1	6029	0	0	0	0	0	0
cell-4122-0-44_S10__NODE_422_length_6029_cov_156.669233	1	6029	0	0	0	0	0	0
cell-4122-0-44_S10__NODE_423_length_6029_cov_34.451958	1	6029	0	0	0	0	0	0
MV-4122_S12__NODE_2184_length_6025_cov_27.928811	1	6025	0	0	0	0	0	0
cell-4125-0-44_S16__NODE_406_length_6025_cov_8.961809	1	6025	0	0	0	0	0	0
cell-4125-0-44_S16__NODE_407_length_6025_cov_5.908710	1	6025	0	0	0	0	0	0
Biragzang__NODE_2176_length_6024_cov_11.791087	1	6024	0	0	0	0	0	0
Biragzang__NODE_2177_length_6024_cov_3.402412	1	6024	0	0	0	0	0	0
cell-4122-0-44_S10__NODE_424_length_6024_cov_13.932149	1	6024	0	0	0	0	0	0
cell-4125-0-44_S16__NODE_408_length_6024_cov_10.248115	1	6024	0	0	0	0	0	0
cell-4125-0-44_S16__NODE_409_length_6022_cov_6.554718	1	6022	0	0	0	0	0	0
Biragzang__NODE_2179_length_6021_cov_5.535032	1	6021	0	0	0	0	0	0
Biragzang__NODE_2180_length_6020_cov_5.864543	1	6020	0	0	0	0	0	0
cell-4122-0-44_S10__NODE_425_length_6018_cov_890.627369	1	6018	0	0	0	0	0	0
Biragzang__NODE_2181_length_6017_cov_16.865817	1	6017	0	0	0	0	0	0
MV-4122_S12__NODE_2185_length_6017_cov_26.010567	1	6017	0	0	0	0	0	0
MV-4125_S18__NODE_2086_length_6016_cov_13.590840	1	6016	0	0	0	0	0	0
MV-4122_S12__NODE_2186_length_6015_cov_7.238926	1	6015	0	0	0	0	0	0
Biragzang__NODE_2184_length_6014_cov_13.369189	1	6014	0	0	0	0	0	0
MV-4125_S18__NODE_2087_length_6014_cov_8.476422	1	6014	0	0	0	0	0	0
MV-4122_S12__NODE_2187_length_6013_cov_12.067137	1	6013	0	0	0	0	0	0
Biragzang__NODE_2186_length_6011_cov_14.105776	1	6011	0	0	0	0	0	0
cell-4122-0-44_S10__NODE_426_length_6011_cov_12.956179	1	6011	0	0	0	0	0	0
Biragzang__NODE_2187_length_6008_cov_6.929783	1	6008	0	0	0	0	0	0
MV-4122_S12__NODE_2189_length_6008_cov_8.336973	1	6008	0	0	0	0	0	0
MV-4122_S12__NODE_2190_length_6008_cov_7.832185	1	6008	0	0	0	0	0	0
cell-4122-0-44_S10__NODE_427_length_6008_cov_13.301193	1	6008	0	0	0	0	0	0
Biragzang__NODE_2188_length_6007_cov_41.808132	1	6007	0	0	0	0	0	0
Biragzang__NODE_2189_length_6007_cov_40.912298	1	6007	0	0	0	0	0	0
Biragzang__NODE_2191_length_6006_cov_6.004873	1	6006	0	0	0	0	0	0
MV-4122_S12__NODE_2191_length_6006_cov_11.502269	1	6006	0	0	0	0	0	0
Biragzang__NODE_2192_length_6004_cov_44.438561	1	6004	0	0	0	0	0	0
cell-4125-0-44_S16__NODE_410_length_6002_cov_5.880948	1	6002	0	0	0	0	0	0
Biragzang__NODE_2193_length_6001_cov_37.696435	1	6001	0	0	0	0	0	0
Biragzang__NODE_2194_length_6001_cov_20.736798	1	6001	0	0	0	0	0	0
MV-4122_S12__NODE_2192_length_6001_cov_8.073663	1	6001	0	0	0	0	0	0
MV-4125_S18__NODE_2092_length_5999_cov_16.560061	1	5999	0	0	0	0	0	0
MV-4125_S18__NODE_2093_length_5999_cov_6.972914	1	5999	0	0	0	0	0	0
cell-4122-0-44_S10__NODE_428_length_5999_cov_9.494448	1	5999	0	0	0	0	0	0
Biragzang__NODE_2195_length_5998_cov_12.758876	1	5998	0	0	0	0	0	0
MV-4122_S12__NODE_2193_length_5998_cov_10.039206	1	5998	0	0	0	0	0	0
cell-4122-0-44_S10__NODE_429_length_5998_cov_43.236244	1	5998	0	0	0	0	0	0
Biragzang__NODE_2196_length_5997_cov_9.844160	1	5997	0	0	0	0	0	0
cell-4122-0-44_S10__NODE_430_length_5996_cov_618.122538	1	5996	0	0	0	0	0	0
cell-4122-0-44_S10__NODE_431_length_5996_cov_19.389328	1	5996	0	0	0	0	0	0
MV-4125_S18__NODE_2095_length_5995_cov_19.798485	1	5995	0	0	0	0	0	0
Biragzang__NODE_2197_length_5994_cov_4.869675	1	5994	0	0	0	0	0	0
Biragzang__NODE_2198_length_5993_cov_6.673291	1	5993	0	0	0	0	0	0
MV-4128_S29__NODE_1075_length_5993_cov_24.909229	1	5993	0	0	0	0	0	0
cell-4125-0-44_S16__NODE_413_length_5993_cov_5.292018	1	5993	0	0	0	0	0	0
Biragzang__NODE_2199_length_5992_cov_15.499747	1	5992	0	0	0	0	0	0
cell-4125-0-44_S16__NODE_414_length_5992_cov_5.961260	1	5992	0	0	0	0	0	0
Biragzang__NODE_2201_length_5990_cov_7.189553	1	5990	0	0	0	0	0	0
MV-4125_S18__NODE_2096_length_5990_cov_20.379612	1	5990	0	0	0	0	0	0
MV-4128_S29__NODE_1076_length_5990_cov_7.787026	1	5990	0	0	0	0	0	0
cell-4125-0-44_S16__NODE_415_length_5990_cov_8.686773	1	5990	0	0	0	0	0	0
MV-4128_S29__NODE_1077_length_5986_cov_6.178722	1	5986	0	0	0	0	0	0
MV-4125_S18__NODE_2098_length_5985_cov_6.961046	1	5985	0	0	0	0	0	0
MV-4122_S12__NODE_2194_length_5984_cov_81.068477	1	5984	0	0	0	0	0	0
Biragzang__NODE_2203_length_5983_cov_16.792510	1	5983	0	0	0	0	0	0
Biragzang__NODE_2205_length_5982_cov_6.409988	1	5982	0	0	0	0	0	0
MV-4125_S18__NODE_2101_length_5982_cov_7.006749	1	5982	0	0	0	0	0	0
Biragzang__NODE_2207_length_5981_cov_9.950726	1	5981	0	0	0	0	0	0
MV-4125_S18__NODE_2102_length_5980_cov_6.806751	1	5980	0	0	0	0	0	0
cell-4122-0-44_S10__NODE_432_length_5978_cov_44.644268	1	5978	0	0	0	0	0	0
cell-4125-0-44_S16__NODE_416_length_5978_cov_10.427824	1	5978	0	0	0	0	0	0
cell-4125-0-44_S16__NODE_417_length_5978_cov_6.417356	1	5978	0	0	0	0	0	0
MV-4125_S18__NODE_2103_length_5977_cov_15.816616	1	5977	0	0	0	0	0	0
cell-4122-0-44_S10__NODE_433_length_5977_cov_18.899865	1	5977	0	0	0	0	0	0
cell-4125-0-44_S16__NODE_418_length_5977_cov_11.933975	1	5977	0	0	0	0	0	0
MV-4122_S12__NODE_2196_length_5976_cov_7.843270	1	5976	0	0	0	0	0	0
MV-4122_S12__NODE_2197_length_5975_cov_12.283953	1	5975	0	0	0	0	0	0
cell-4125-0-44_S16__NODE_420_length_5973_cov_6.812268	1	5973	0	0	0	0	0	0
MV-4125_S18__NODE_2105_length_5971_cov_7.153313	1	5971	0	0	0	0	0	0
MV-4125_S18__NODE_2106_length_5971_cov_6.480223	1	5971	0	0	0	0	0	0
MV-4122_S12__NODE_2198_length_5970_cov_9.755368	1	5970	0	0	0	0	0	0
MV-4122_S12__NODE_2199_length_5970_cov_4.344548	1	5970	0	0	0	0	0	0
MV-4125_S18__NODE_2107_length_5969_cov_6.812479	1	5969	0	0	0	0	0	0
cell-4125-0-44_S16__NODE_421_length_5969_cov_5.515894	1	5969	0	0	0	0	0	0
MV-4122_S12__NODE_2201_length_5968_cov_8.846609	1	5968	0	0	0	0	0	0
Biragzang__NODE_2211_length_5967_cov_10.821888	1	5967	0	0	0	0	0	0
MV-4122_S12__NODE_2202_length_5967_cov_10.133627	1	5967	0	0	0	0	0	0
Biragzang__NODE_2212_length_5966_cov_7.856031	1	5966	0	0	0	0	0	0
Biragzang__NODE_2213_length_5966_cov_6.366605	1	5966	0	0	0	0	0	0
MV-4128_S29__NODE_1079_length_5966_cov_18.606835	1	5966	0	0	0	0	0	0
MV-4128_S29__NODE_1080_length_5966_cov_10.834715	1	5966	0	0	0	0	0	0
MV-4122_S12__NODE_2203_length_5965_cov_59.214213	1	5965	0	0	0	0	0	0
MV-4122_S12__NODE_2204_length_5964_cov_26.431376	1	5964	0	0	0	0	0	0
Biragzang__NODE_2217_length_5961_cov_12.638165	1	5961	0	0	0	0	0	0
Biragzang__NODE_2218_length_5961_cov_12.440061	1	5961	0	0	0	0	0	0
MV-4122_S12__NODE_2205_length_5961_cov_9.683034	1	5961	0	0	0	0	0	0
Biragzang__NODE_2219_length_5960_cov_7.439627	1	5960	0	0	0	0	0	0
Biragzang__NODE_2220_length_5958_cov_7.331188	1	5958	0	0	0	0	0	0
MV-4122_S12__NODE_2207_length_5958_cov_14.683043	1	5958	0	0	0	0	0	0
MV-4122_S12__NODE_2208_length_5958_cov_5.676436	1	5958	0	0	0	0	0	0
MV-4125_S18__NODE_2109_length_5958_cov_6.721836	1	5958	0	0	0	0	0	0
cell-4125-0-44_S16__NODE_422_length_5958_cov_5.714891	1	5958	0	0	0	0	0	0
Biragzang__NODE_2221_length_5956_cov_8.642433	1	5956	0	0	0	0	0	0
cell-4125-0-44_S16__NODE_423_length_5956_cov_6.851551	1	5956	0	0	0	0	0	0
cell-4122-0-44_S10__NODE_434_length_5955_cov_14.810508	1	5955	0	0	0	0	0	0
MV-4122_S12__NODE_2209_length_5954_cov_24.219529	1	5954	0	0	0	0	0	0
MV-4128_S29__NODE_1082_length_5954_cov_29.414986	1	5954	0	0	0	0	0	0
cell-4122-0-44_S10__NODE_435_length_5953_cov_13.315531	1	5953	0	0	0	0	0	0
Biragzang__NODE_2222_length_5952_cov_6.778701	1	5952	0	0	0	0	0	0
MV-4122_S12__NODE_2210_length_5952_cov_9.334746	1	5952	0	0	0	0	0	0
MV-4125_S18__NODE_2111_length_5952_cov_5.661353	1	5952	0	0	0	0	0	0
MV-4122_S12__NODE_2211_length_5951_cov_24.335482	1	5951	0	0	0	0	0	0
MV-4122_S12__NODE_2212_length_5951_cov_17.364824	1	5951	0	0	0	0	0	0
MV-4122_S12__NODE_2213_length_5949_cov_8.816763	1	5949	0	0	0	0	0	0
MV-4125_S18__NODE_2114_length_5949_cov_4.670682	1	5949	0	0	0	0	0	0
cell-4122-0-44_S10__NODE_436_length_5949_cov_20.518493	1	5949	0	0	0	0	0	0
Biragzang__NODE_2224_length_5948_cov_14.461565	1	5948	0	0	0	0	0	0
Biragzang__NODE_2225_length_5948_cov_11.163584	1	5948	0	0	0	0	0	0
MV-4125_S18__NODE_2115_length_5947_cov_9.998303	1	5947	0	0	0	0	0	0
MV-4128_S29__NODE_1084_length_5947_cov_10.676171	1	5947	0	0	0	0	0	0
cell-4122-0-44_S10__NODE_437_length_5947_cov_9.944671	1	5947	0	0	0	0	0	0
Biragzang__NODE_2227_length_5946_cov_7.630114	1	5946	0	0	0	0	0	0
Biragzang__NODE_2228_length_5941_cov_38.544682	1	5941	0	0	0	0	0	0
cell-4122-0-44_S10__NODE_438_length_5941_cov_9.341998	1	5941	0	0	0	0	0	0
Biragzang__NODE_2229_length_5940_cov_13.517077	1	5940	0	0	0	0	0	0
MV-4122_S12__NODE_2215_length_5939_cov_6.666723	1	5939	0	0	0	0	0	0
MV-4128_S29__NODE_1086_length_5935_cov_16.396599	1	5935	0	0	0	0	0	0
Biragzang__NODE_2230_length_5931_cov_4.538291	1	5931	0	0	0	0	0	0
cell-4125-0-44_S16__NODE_424_length_5930_cov_8.629617	1	5930	0	0	0	0	0	0
Biragzang__NODE_2231_length_5929_cov_6.257235	1	5929	0	0	0	0	0	0
Biragzang__NODE_2232_length_5928_cov_50.890346	1	5928	0	0	0	0	0	0
Biragzang__NODE_2233_length_5927_cov_17.788999	1	5927	0	0	0	0	0	0
Biragzang__NODE_2236_length_5926_cov_6.659002	1	5926	0	0	0	0	0	0
MV-4122_S12__NODE_2216_length_5926_cov_10.634134	1	5926	0	0	0	0	0	0
MV-4128_S29__NODE_1088_length_5926_cov_10.560722	1	5926	0	0	0	0	0	0
Biragzang__NODE_2237_length_5925_cov_13.242760	1	5925	0	0	0	0	0	0
cell-4125-0-22_S17__NODE_8_length_5925_cov_12.072061	1	5925	0	0	0	0	0	0
MV-4125_S18__NODE_2120_length_5923_cov_18.609237	1	5923	0	0	0	0	0	0
cell-4122-0-44_S10__NODE_439_length_5923_cov_13.905249	1	5923	0	0	0	0	0	0
cell-4125-0-44_S16__NODE_425_length_5923_cov_6.036980	1	5923	0	0	0	0	0	0
Biragzang__NODE_2239_length_5922_cov_6.251236	1	5922	0	0	0	0	0	0
MV-4128_S29__NODE_1089_length_5922_cov_23.707517	1	5922	0	0	0	0	0	0
cell-4122-0-44_S10__NODE_440_length_5922_cov_9.601670	1	5922	0	0	0	0	0	0
cell-4122-0-44_S10__NODE_441_length_5921_cov_22.733890	1	5921	0	0	0	0	0	0
cell-4122-0-44_S10__NODE_442_length_5921_cov_11.142346	1	5921	0	0	0	0	0	0
cell-4122-0-44_S10__NODE_443_length_5920_cov_41.641091	1	5920	0	0	0	0	0	0
MV-4125_S18__NODE_2121_length_5919_cov_10.693042	1	5919	0	0	0	0	0	0
Biragzang__NODE_2243_length_5917_cov_13.096213	1	5917	0	0	0	0	0	0
MV-4128_S29__NODE_1091_length_5917_cov_18.273286	1	5917	0	0	0	0	0	0
MV-4128_S29__NODE_1092_length_5915_cov_12.582594	1	5915	0	0	0	0	0	0
MV-4122_S12__NODE_2217_length_5914_cov_5.840075	1	5914	0	0	0	0	0	0
MV-4125_S18__NODE_2125_length_5913_cov_5.914476	1	5913	0	0	0	0	0	0
cell-4122-0-44_S10__NODE_444_length_5913_cov_7.721407	1	5913	0	0	0	0	0	0
Biragzang__NODE_2245_length_5912_cov_17.408742	1	5912	0	0	0	0	0	0
MV-4128_S29__NODE_1094_length_5911_cov_4.726264	1	5911	0	0	0	0	0	0
cell-4125-0-44_S16__NODE_426_length_5911_cov_6.661885	1	5911	0	0	0	0	0	0
Biragzang__NODE_2246_length_5910_cov_8.606319	1	5910	0	0	0	0	0	0
MV-4128_S29__NODE_1095_length_5908_cov_7.276781	1	5908	0	0	0	0	0	0
MV-4122_S12__NODE_2219_length_5907_cov_20.471805	1	5907	0	0	0	0	0	0
Biragzang__NODE_2248_length_5906_cov_11.990429	1	5906	0	0	0	0	0	0
cell-4125-0-44_S16__NODE_427_length_5906_cov_9.507606	1	5906	0	0	0	0	0	0
Biragzang__NODE_2249_length_5905_cov_5.020684	1	5905	0	0	0	0	0	0
cell-4125-0-22_S17__NODE_9_length_5905_cov_12.392650	1	5905	0	0	0	0	0	0
MV-4125_S18__NODE_2129_length_5903_cov_8.671683	1	5903	0	0	0	0	0	0
MV-4125_S18__NODE_2130_length_5903_cov_7.836012	1	5903	0	0	0	0	0	0
cell-4122-0-44_S10__NODE_445_length_5903_cov_14.690663	1	5903	0	0	0	0	0	0
MV-4128_S29__NODE_1096_length_5902_cov_6.610741	1	5902	0	0	0	0	0	0
MV-4125_S18__NODE_2131_length_5901_cov_9.463052	1	5901	0	0	0	0	0	0
MV-4128_S29__NODE_1097_length_5901_cov_17.133767	1	5901	0	0	0	0	0	0
cell-4125-0-44_S16__NODE_430_length_5901_cov_6.615635	1	5901	0	0	0	0	0	0
cell-4125-0-44_S16__NODE_431_length_5900_cov_8.729170	1	5900	0	0	0	0	0	0
MV-4125_S18__NODE_2132_length_5899_cov_23.937372	1	5899	0	0	0	0	0	0
Biragzang__NODE_2250_length_5898_cov_16.453534	1	5898	0	0	0	0	0	0
Biragzang__NODE_2251_length_5898_cov_5.341776	1	5898	0	0	0	0	0	0
cell-4125-0-44_S16__NODE_432_length_5897_cov_5.770284	1	5897	0	0	0	0	0	0
MV-4125_S18__NODE_2136_length_5895_cov_23.348801	1	5895	0	0	0	0	0	0
MV-4128_S29__NODE_1098_length_5895_cov_13.268836	1	5895	0	0	0	0	0	0
Biragzang__NODE_2252_length_5894_cov_5.575955	1	5894	0	0	0	0	0	0
MV-4122_S12__NODE_2221_length_5894_cov_9.232403	1	5894	0	0	0	0	0	0
Biragzang__NODE_2253_length_5893_cov_5.217883	1	5893	0	0	0	0	0	0
MV-4125_S18__NODE_2138_length_5893_cov_14.536999	1	5893	0	0	0	0	0	0
cell-4125-0-44_S16__NODE_435_length_5893_cov_5.747688	1	5893	0	0	0	0	0	0
MV-4122_S12__NODE_2222_length_5892_cov_7.925818	1	5892	0	0	0	0	0	0
MV-4125_S18__NODE_2139_length_5892_cov_8.089943	1	5892	0	0	0	0	0	0
MV-4125_S18__NODE_2140_length_5892_cov_4.457941	1	5892	0	0	0	0	0	0
MV-4125_S18__NODE_2141_length_5891_cov_63.463160	1	5891	0	0	0	0	0	0
cell-4125-0-44_S16__NODE_436_length_5891_cov_6.046436	1	5891	0	0	0	0	0	0
Biragzang__NODE_2254_length_5890_cov_6.565553	1	5890	0	0	0	0	0	0
MV-4125_S18__NODE_2143_length_5890_cov_8.051585	1	5890	0	0	0	0	0	0
MV-4128_S29__NODE_1099_length_5890_cov_14.187661	1	5890	0	0	0	0	0	0
cell-4125-0-44_S16__NODE_437_length_5890_cov_9.111054	1	5890	0	0	0	0	0	0
MV-4122_S12__NODE_2223_length_5888_cov_12.062575	1	5888	0	0	0	0	0	0
MV-4128_S29__NODE_1100_length_5887_cov_26.733539	1	5887	0	0	0	0	0	0
Biragzang__NODE_2256_length_5886_cov_50.229120	1	5886	0	0	0	0	0	0
MV-4122_S12__NODE_2224_length_5886_cov_21.770880	1	5886	0	0	0	0	0	0
Biragzang__NODE_2258_length_5885_cov_6.096741	1	5885	0	0	0	0	0	0
MV-4122_S12__NODE_2225_length_5885_cov_8.203087	1	5885	0	0	0	0	0	0
cell-4122-0-44_S10__NODE_446_length_5883_cov_14.960021	1	5883	0	0	0	0	0	0
Biragzang__NODE_2260_length_5880_cov_31.866266	1	5880	0	0	0	0	0	0
MV-4122_S12__NODE_2227_length_5880_cov_4.118970	1	5880	0	0	0	0	0	0
cell-4122-0-44_S10__NODE_447_length_5880_cov_9.699571	1	5880	0	0	0	0	0	0
cell-4125-0-44_S16__NODE_438_length_5880_cov_8.852876	1	5880	0	0	0	0	0	0
MV-4122_S12__NODE_2228_length_5879_cov_22.944883	1	5879	0	0	0	0	0	0
MV-4125_S18__NODE_2147_length_5878_cov_11.041216	1	5878	0	0	0	0	0	0
MV-4125_S18__NODE_2150_length_5877_cov_7.604431	1	5877	0	0	0	0	0	0
cell-4125-0-44_S16__NODE_440_length_5877_cov_10.211439	1	5877	0	0	0	0	0	0
MV-4122_S12__NODE_2229_length_5876_cov_11.401477	1	5876	0	0	0	0	0	0
MV-4125_S18__NODE_2151_length_5876_cov_10.677203	1	5876	0	0	0	0	0	0
MV-4125_S18__NODE_2152_length_5875_cov_19.982818	1	5875	0	0	0	0	0	0
MV-4125_S18__NODE_2153_length_5875_cov_12.491753	1	5875	0	0	0	0	0	0
MV-4122_S12__NODE_2230_length_5874_cov_9.092456	1	5874	0	0	0	0	0	0
MV-4122_S12__NODE_2231_length_5874_cov_7.245403	1	5874	0	0	0	0	0	0
MV-4125_S18__NODE_2154_length_5874_cov_7.296615	1	5874	0	0	0	0	0	0
MV-4122_S12__NODE_2232_length_5873_cov_32.427982	1	5873	0	0	0	0	0	0
MV-4122_S12__NODE_2233_length_5873_cov_11.148505	1	5873	0	0	0	0	0	0
MV-4128_S29__NODE_1101_length_5873_cov_23.037986	1	5873	0	0	0	0	0	0
MV-4128_S29__NODE_1102_length_5873_cov_14.779821	1	5873	0	0	0	0	0	0
cell-4125-0-44_S16__NODE_441_length_5873_cov_6.494500	1	5873	0	0	0	0	0	0
MV-4125_S18__NODE_2155_length_5872_cov_23.397112	1	5872	0	0	0	0	0	0
MV-4128_S29__NODE_1103_length_5872_cov_23.591886	1	5872	0	0	0	0	0	0
Biragzang__NODE_2265_length_5871_cov_11.814649	1	5871	0	0	0	0	0	0
Biragzang__NODE_2269_length_5866_cov_6.022199	1	5866	0	0	0	0	0	0
MV-4122_S12__NODE_2234_length_5865_cov_12.243201	1	5865	0	0	0	0	0	0
cell-4125-0-44_S16__NODE_443_length_5865_cov_11.213253	1	5865	0	0	0	0	0	0
Biragzang__NODE_2270_length_5864_cov_5.962128	1	5864	0	0	0	0	0	0
MV-4128_S29__NODE_1104_length_5864_cov_20.736788	1	5864	0	0	0	0	0	0
cell-4122-0-44_S10__NODE_448_length_5862_cov_35.900809	1	5862	0	0	0	0	0	0
Biragzang__NODE_2272_length_5861_cov_6.498622	1	5861	0	0	0	0	0	0
MV-4128_S29__NODE_1105_length_5861_cov_6.694282	1	5861	0	0	0	0	0	0
MV-4122_S12__NODE_2236_length_5860_cov_3.669595	1	5860	0	0	0	0	0	0
cell-4122-0-44_S10__NODE_449_length_5860_cov_13.964169	1	5860	0	0	0	0	0	0
MV-4122_S12__NODE_2237_length_5858_cov_7.198346	1	5858	0	0	0	0	0	0
MV-4128_S29__NODE_1106_length_5858_cov_4.714803	1	5858	0	0	0	0	0	0
cell-4122-0-44_S10__NODE_450_length_5858_cov_14.805962	1	5858	0	0	0	0	0	0
Biragzang__NODE_2274_length_5857_cov_26.548604	1	5857	0	0	0	0	0	0
MV-4128_S29__NODE_1107_length_5857_cov_16.419855	1	5857	0	0	0	0	0	0
Biragzang__NODE_2276_length_5856_cov_5.056887	1	5856	0	0	0	0	0	0
Biragzang__NODE_2277_length_5856_cov_4.061541	1	5856	0	0	0	0	0	0
MV-4128_S29__NODE_1108_length_5856_cov_22.874849	1	5856	0	0	0	0	0	0
cell-4125-0-44_S16__NODE_444_length_5856_cov_6.299086	1	5856	0	0	0	0	0	0
MV-4122_S12__NODE_2238_length_5855_cov_9.909828	1	5855	0	0	0	0	0	0
cell-4125-0-44_S16__NODE_445_length_5854_cov_11.509226	1	5854	0	0	0	0	0	0
Biragzang__NODE_2278_length_5853_cov_40.872025	1	5853	0	0	0	0	0	0
Biragzang__NODE_2279_length_5853_cov_8.206278	1	5853	0	0	0	0	0	0
MV-4122_S12__NODE_2239_length_5853_cov_12.090721	1	5853	0	0	0	0	0	0
MV-4122_S12__NODE_2240_length_5852_cov_10.262550	1	5852	0	0	0	0	0	0
MV-4125_S18__NODE_2159_length_5852_cov_6.344834	1	5852	0	0	0	0	0	0
cell-4125-0-44_S16__NODE_446_length_5852_cov_14.149215	1	5852	0	0	0	0	0	0
MV-4122_S12__NODE_2241_length_5849_cov_4.186918	1	5849	0	0	0	0	0	0
MV-4128_S29__NODE_1109_length_5849_cov_12.068347	1	5849	0	0	0	0	0	0
Biragzang__NODE_2280_length_5848_cov_9.931469	1	5848	0	0	0	0	0	0
Biragzang__NODE_2281_length_5847_cov_11.507079	1	5847	0	0	0	0	0	0
Biragzang__NODE_2282_length_5846_cov_16.033500	1	5846	0	0	0	0	0	0
cell-4125-0-44_S16__NODE_448_length_5846_cov_9.089795	1	5846	0	0	0	0	0	0
MV-4128_S29__NODE_1110_length_5845_cov_34.492746	1	5845	0	0	0	0	0	0
MV-4128_S29__NODE_1111_length_5844_cov_14.595612	1	5844	0	0	0	0	0	0
MV-4122_S12__NODE_2242_length_5843_cov_5.220111	1	5843	0	0	0	0	0	0
Biragzang__NODE_2284_length_5842_cov_9.063072	1	5842	0	0	0	0	0	0
cell-4125-0-44_S16__NODE_450_length_5842_cov_11.885606	1	5842	0	0	0	0	0	0
cell-4122-0-44_S10__NODE_451_length_5841_cov_7.397684	1	5841	0	0	0	0	0	0
cell-4125-0-44_S16__NODE_451_length_5841_cov_6.424646	1	5841	0	0	0	0	0	0
cell-4125-0-44_S16__NODE_452_length_5840_cov_4.760415	1	5840	0	0	0	0	0	0
Biragzang__NODE_2285_length_5839_cov_43.396957	1	5839	0	0	0	0	0	0
MV-4122_S12__NODE_2243_length_5836_cov_8.769590	1	5836	0	0	0	0	0	0
cell-4122-0-44_S10__NODE_452_length_5835_cov_7.049654	1	5835	0	0	0	0	0	0
MV-4122_S12__NODE_2244_length_5834_cov_18.374632	1	5834	0	0	0	0	0	0
Biragzang__NODE_2288_length_5833_cov_13.507269	1	5833	0	0	0	0	0	0
Biragzang__NODE_2289_length_5833_cov_6.108861	1	5833	0	0	0	0	0	0
Biragzang__NODE_2290_length_5832_cov_17.564134	1	5832	0	0	0	0	0	0
MV-4122_S12__NODE_2245_length_5830_cov_4.876017	1	5830	0	0	0	0	0	0
cell-4125-0-44_S16__NODE_453_length_5828_cov_9.401005	1	5828	0	0	0	0	0	0
Biragzang__NODE_2293_length_5827_cov_38.386521	1	5827	0	0	0	0	0	0
Biragzang__NODE_2294_length_5825_cov_6.448007	1	5825	0	0	0	0	0	0
MV-4122_S12__NODE_2246_length_5825_cov_4.250087	1	5825	0	0	0	0	0	0
MV-4128_S29__NODE_1112_length_5825_cov_10.877990	1	5825	0	0	0	0	0	0
Biragzang__NODE_2295_length_5824_cov_13.822673	1	5824	0	0	0	0	0	0
Biragzang__NODE_2296_length_5824_cov_6.081470	1	5824	0	0	0	0	0	0
Biragzang__NODE_2297_length_5823_cov_31.847434	1	5823	0	0	0	0	0	0
cell-4122-0-44_S10__NODE_453_length_5822_cov_4.118953	1	5822	0	0	0	0	0	0
MV-4122_S12__NODE_2247_length_5821_cov_9.969476	1	5821	0	0	0	0	0	0
Biragzang__NODE_2300_length_5820_cov_16.134258	1	5820	0	0	0	0	0	0
MV-4122_S12__NODE_2248_length_5820_cov_7.484302	1	5820	0	0	0	0	0	0
MV-4128_S29__NODE_1113_length_5820_cov_5.866435	1	5820	0	0	0	0	0	0
Biragzang__NODE_2301_length_5817_cov_6.822284	1	5817	0	0	0	0	0	0
MV-4122_S12__NODE_2249_length_5816_cov_8.141121	1	5816	0	0	0	0	0	0
MV-4122_S12__NODE_2250_length_5814_cov_6.119465	1	5814	0	0	0	0	0	0
Biragzang__NODE_2305_length_5813_cov_19.243314	1	5813	0	0	0	0	0	0
Biragzang__NODE_2306_length_5813_cov_6.984891	1	5813	0	0	0	0	0	0
MV-4125_S18__NODE_2171_length_5813_cov_76.989927	1	5813	0	0	0	0	0	0
MV-4125_S18__NODE_2172_length_5813_cov_6.675755	1	5813	0	0	0	0	0	0
cell-4125-0-44_S16__NODE_454_length_5812_cov_10.475074	1	5812	0	0	0	0	0	0
Biragzang__NODE_2307_length_5811_cov_7.118833	1	5811	0	0	0	0	0	0
MV-4125_S18__NODE_2174_length_5811_cov_6.972203	1	5811	0	0	0	0	0	0
MV-4122_S12__NODE_2251_length_5810_cov_210.177411	1	5810	0	0	0	0	0	0
Biragzang__NODE_2308_length_5809_cov_5.299270	1	5809	0	0	0	0	0	0
MV-4122_S12__NODE_2252_length_5808_cov_21.621763	1	5808	0	0	0	0	0	0
MV-4125_S18__NODE_2175_length_5808_cov_10.440292	1	5808	0	0	0	0	0	0
MV-4128_S29__NODE_1115_length_5806_cov_12.513302	1	5806	0	0	0	0	0	0
MV-4122_S12__NODE_2253_length_5805_cov_13.948522	1	5805	0	0	0	0	0	0
cell-4125-0-44_S16__NODE_456_length_5805_cov_8.682087	1	5805	0	0	0	0	0	0
Biragzang__NODE_2309_length_5804_cov_15.354322	1	5804	0	0	0	0	0	0
Biragzang__NODE_2310_length_5804_cov_9.218821	1	5804	0	0	0	0	0	0
Biragzang__NODE_2311_length_5804_cov_6.883458	1	5804	0	0	0	0	0	0
MV-4122_S12__NODE_2254_length_5802_cov_8.194362	1	5802	0	0	0	0	0	0
MV-4122_S12__NODE_2255_length_5802_cov_5.396033	1	5802	0	0	0	0	0	0
cell-4122-0-44_S10__NODE_454_length_5802_cov_30.111884	1	5802	0	0	0	0	0	0
cell-4122-0-44_S10__NODE_455_length_5801_cov_34.639575	1	5801	0	0	0	0	0	0
MV-4122_S12__NODE_2256_length_5800_cov_7.992341	1	5800	0	0	0	0	0	0
cell-4122-0-44_S10__NODE_456_length_5800_cov_1156.660400	1	5800	0	0	0	0	0	0
Biragzang__NODE_2315_length_5798_cov_6.639561	1	5798	0	0	0	0	0	0
MV-4125_S18__NODE_2177_length_5798_cov_13.933136	1	5798	0	0	0	0	0	0
cell-4122-0-44_S10__NODE_457_length_5798_cov_14.315863	1	5798	0	0	0	0	0	0
Biragzang__NODE_2316_length_5797_cov_5.397771	1	5797	0	0	0	0	0	0
MV-4122_S12__NODE_2257_length_5797_cov_52.872518	1	5797	0	0	0	0	0	0
MV-4128_S29__NODE_1117_length_5797_cov_15.841519	1	5797	0	0	0	0	0	0
MV-4128_S29__NODE_1118_length_5797_cov_13.306339	1	5797	0	0	0	0	0	0
MV-4125_S18__NODE_2178_length_5796_cov_7.006967	1	5796	0	0	0	0	0	0
MV-4122_S12__NODE_2258_length_5795_cov_24.306620	1	5795	0	0	0	0	0	0
MV-4122_S12__NODE_2259_length_5795_cov_7.925784	1	5795	0	0	0	0	0	0
Biragzang__NODE_2317_length_5794_cov_8.102631	1	5794	0	0	0	0	0	0
MV-4125_S18__NODE_2179_length_5792_cov_7.810005	1	5792	0	0	0	0	0	0
MV-4128_S29__NODE_1119_length_5792_cov_15.334495	1	5792	0	0	0	0	0	0
Biragzang__NODE_2320_length_5790_cov_7.405057	1	5790	0	0	0	0	0	0
MV-4122_S12__NODE_2260_length_5790_cov_25.721186	1	5790	0	0	0	0	0	0
Biragzang__NODE_2321_length_5788_cov_31.241584	1	5788	0	0	0	0	0	0
cell-4122-0-44_S10__NODE_458_length_5788_cov_9.878423	1	5788	0	0	0	0	0	0
cell-4125-0-44_S16__NODE_459_length_5788_cov_14.214373	1	5788	0	0	0	0	0	0
Biragzang__NODE_2322_length_5787_cov_45.585834	1	5787	0	0	0	0	0	0
MV-4122_S12__NODE_2261_length_5785_cov_30.386562	1	5785	0	0	0	0	0	0
MV-4122_S12__NODE_2262_length_5785_cov_10.649215	1	5785	0	0	0	0	0	0
Biragzang__NODE_2323_length_5784_cov_6.283819	1	5784	0	0	0	0	0	0
cell-4125-0-44_S16__NODE_460_length_5784_cov_5.885669	1	5784	0	0	0	0	0	0
Biragzang__NODE_2324_length_5783_cov_36.890363	1	5783	0	0	0	0	0	0
MV-4122_S12__NODE_2263_length_5783_cov_4.361208	1	5783	0	0	0	0	0	0
cell-4125-0-44_S16__NODE_461_length_5783_cov_21.039106	1	5783	0	0	0	0	0	0
MV-4122_S12__NODE_2264_length_5782_cov_39.247075	1	5782	0	0	0	0	0	0
MV-4122_S12__NODE_2265_length_5782_cov_9.957395	1	5782	0	0	0	0	0	0
MV-4128_S29__NODE_1121_length_5782_cov_26.810896	1	5782	0	0	0	0	0	0
Biragzang__NODE_2326_length_5781_cov_6.365700	1	5781	0	0	0	0	0	0
cell-4125-0-44_S16__NODE_462_length_5780_cov_9.553013	1	5780	0	0	0	0	0	0
Biragzang__NODE_2327_length_5779_cov_6.546296	1	5779	0	0	0	0	0	0
Biragzang__NODE_2328_length_5779_cov_5.794724	1	5779	0	0	0	0	0	0
cell-4125-0-44_S16__NODE_463_length_5778_cov_6.803774	1	5778	0	0	0	0	0	0
MV-4125_S18__NODE_2183_length_5776_cov_6.675581	1	5776	0	0	0	0	0	0
MV-4125_S18__NODE_2184_length_5775_cov_8.454371	1	5775	0	0	0	0	0	0
MV-4128_S29__NODE_1122_length_5775_cov_8.884441	1	5775	0	0	0	0	0	0
Biragzang__NODE_2329_length_5774_cov_14.174681	1	5774	0	0	0	0	0	0
MV-4122_S12__NODE_2267_length_5774_cov_12.965204	1	5774	0	0	0	0	0	0
Biragzang__NODE_2330_length_5772_cov_6.398286	1	5772	0	0	0	0	0	0
MV-4122_S12__NODE_2268_length_5772_cov_15.340388	1	5772	0	0	0	0	0	0
Biragzang__NODE_2332_length_5771_cov_15.447166	1	5771	0	0	0	0	0	0
MV-4122_S12__NODE_2269_length_5769_cov_14.584179	1	5769	0	0	0	0	0	0
Biragzang__NODE_2333_length_5768_cov_5.780676	1	5768	0	0	0	0	0	0
Biragzang__NODE_2334_length_5768_cov_5.706809	1	5768	0	0	0	0	0	0
MV-4122_S12__NODE_2270_length_5767_cov_9.444678	1	5767	0	0	0	0	0	0
Biragzang__NODE_2336_length_5766_cov_6.833304	1	5766	0	0	0	0	0	0
Biragzang__NODE_2337_length_5766_cov_5.391175	1	5766	0	0	0	0	0	0
MV-4122_S12__NODE_2271_length_5765_cov_14.367601	1	5765	0	0	0	0	0	0
Biragzang__NODE_2340_length_5763_cov_7.148388	1	5763	0	0	0	0	0	0
cell-4125-0-44_S16__NODE_465_length_5763_cov_7.845305	1	5763	0	0	0	0	0	0
cell-4125-0-44_S16__NODE_466_length_5762_cov_9.132469	1	5762	0	0	0	0	0	0
Biragzang__NODE_2341_length_5761_cov_42.934805	1	5761	0	0	0	0	0	0
cell-4125-0-44_S16__NODE_467_length_5761_cov_7.282510	1	5761	0	0	0	0	0	0
MV-4122_S12__NODE_2273_length_5760_cov_9.433304	1	5760	0	0	0	0	0	0
Biragzang__NODE_2342_length_5759_cov_6.271739	1	5759	0	0	0	0	0	0
MV-4122_S12__NODE_2274_length_5759_cov_4.716690	1	5759	0	0	0	0	0	0
cell-4122-0-44_S10__NODE_459_length_5759_cov_9.809081	1	5759	0	0	0	0	0	0
MV-4122_S12__NODE_2275_length_5758_cov_8.281255	1	5758	0	0	0	0	0	0
cell-4122-0-44_S10__NODE_460_length_5758_cov_11.159565	1	5758	0	0	0	0	0	0
Biragzang__NODE_2344_length_5757_cov_5.868292	1	5757	0	0	0	0	0	0
cell-4122-0-44_S10__NODE_461_length_5757_cov_10.925289	1	5757	0	0	0	0	0	0
Biragzang__NODE_2345_length_5756_cov_28.363620	1	5756	0	0	0	0	0	0
Biragzang__NODE_2346_length_5756_cov_6.205227	1	5756	0	0	0	0	0	0
Biragzang__NODE_2347_length_5756_cov_6.106999	1	5756	0	0	0	0	0	0
cell-4122-0-44_S10__NODE_462_length_5756_cov_35.074198	1	5756	0	0	0	0	0	0
MV-4122_S12__NODE_2276_length_5754_cov_8.702755	1	5754	0	0	0	0	0	0
Biragzang__NODE_2349_length_5752_cov_45.969984	1	5752	0	0	0	0	0	0
Biragzang__NODE_2350_length_5752_cov_31.097069	1	5752	0	0	0	0	0	0
MV-4122_S12__NODE_2277_length_5752_cov_7.692996	1	5752	0	0	0	0	0	0
MV-4125_S18__NODE_2192_length_5752_cov_8.043356	1	5752	0	0	0	0	0	0
cell-4122-0-44_S10__NODE_463_length_5752_cov_15.439354	1	5752	0	0	0	0	0	0
Biragzang__NODE_2351_length_5751_cov_18.580056	1	5751	0	0	0	0	0	0
MV-4122_S12__NODE_2278_length_5751_cov_8.752107	1	5751	0	0	0	0	0	0
MV-4125_S18__NODE_2193_length_5751_cov_7.701545	1	5751	0	0	0	0	0	0
cell-4125-0-44_S16__NODE_468_length_5751_cov_4.547928	1	5751	0	0	0	0	0	0
Biragzang__NODE_2352_length_5750_cov_6.687094	1	5750	0	0	0	0	0	0
MV-4122_S12__NODE_2279_length_5750_cov_88.295874	1	5750	0	0	0	0	0	0
MV-4122_S12__NODE_2280_length_5750_cov_12.064794	1	5750	0	0	0	0	0	0
MV-4122_S12__NODE_2281_length_5749_cov_11.743941	1	5749	0	0	0	0	0	0
cell-4122-0-44_S10__NODE_464_length_5749_cov_17.509132	1	5749	0	0	0	0	0	0
cell-4125-0-44_S16__NODE_470_length_5749_cov_6.319810	1	5749	0	0	0	0	0	0
MV-4125_S18__NODE_2198_length_5742_cov_9.642342	1	5742	0	0	0	0	0	0
Biragzang__NODE_2355_length_5741_cov_44.855259	1	5741	0	0	0	0	0	0
MV-4122_S12__NODE_2283_length_5740_cov_8.710994	1	5740	0	0	0	0	0	0
Biragzang__NODE_2356_length_5739_cov_7.080929	1	5739	0	0	0	0	0	0
MV-4122_S12__NODE_2284_length_5738_cov_26.133908	1	5738	0	0	0	0	0	0
Biragzang__NODE_2357_length_5737_cov_24.021471	1	5737	0	0	0	0	0	0
cell-4122-0-44_S10__NODE_465_length_5736_cov_24.121105	1	5736	0	0	0	0	0	0
Biragzang__NODE_2358_length_5732_cov_47.326052	1	5732	0	0	0	0	0	0
Biragzang__NODE_2359_length_5732_cov_25.418707	1	5732	0	0	0	0	0	0
Biragzang__NODE_2360_length_5732_cov_15.094945	1	5732	0	0	0	0	0	0
MV-4128_S29__NODE_1128_length_5732_cov_13.925841	1	5732	0	0	0	0	0	0
cell-4125-0-44_S16__NODE_471_length_5732_cov_10.168223	1	5732	0	0	0	0	0	0
cell-4122-0-44_S10__NODE_466_length_5731_cov_13.020613	1	5731	0	0	0	0	0	0
cell-4125-0-44_S16__NODE_472_length_5731_cov_4.451903	1	5731	0	0	0	0	0	0
MV-4125_S18__NODE_2201_length_5729_cov_18.078780	1	5729	0	0	0	0	0	0
MV-4125_S18__NODE_2202_length_5728_cov_7.761854	1	5728	0	0	0	0	0	0
MV-4125_S18__NODE_2203_length_5726_cov_28.391289	1	5726	0	0	0	0	0	0
cell-4125-0-44_S16__NODE_473_length_5726_cov_8.926292	1	5726	0	0	0	0	0	0
cell-4122-0-44_S10__NODE_467_length_5725_cov_66.723810	1	5725	0	0	0	0	0	0
Biragzang__NODE_2363_length_5724_cov_35.962427	1	5724	0	0	0	0	0	0
MV-4122_S12__NODE_2286_length_5724_cov_19.791674	1	5724	0	0	0	0	0	0
MV-4125_S18__NODE_2206_length_5724_cov_7.853590	1	5724	0	0	0	0	0	0
MV-4125_S18__NODE_2207_length_5724_cov_6.629212	1	5724	0	0	0	0	0	0
MV-4128_S29__NODE_1130_length_5724_cov_22.414182	1	5724	0	0	0	0	0	0
Biragzang__NODE_2364_length_5723_cov_7.517114	1	5723	0	0	0	0	0	0
Biragzang__NODE_2365_length_5722_cov_6.774484	1	5722	0	0	0	0	0	0
MV-4122_S12__NODE_2288_length_5722_cov_6.282336	1	5722	0	0	0	0	0	0
MV-4125_S18__NODE_2208_length_5722_cov_6.725428	1	5722	0	0	0	0	0	0
cell-4122-0-44_S10__NODE_468_length_5722_cov_41.257279	1	5722	0	0	0	0	0	0
MV-4125_S18__NODE_2209_length_5721_cov_5.740911	1	5721	0	0	0	0	0	0
MV-4125_S18__NODE_2210_length_5720_cov_31.617652	1	5720	0	0	0	0	0	0
cell-4122-0-44_S10__NODE_469_length_5719_cov_15.673199	1	5719	0	0	0	0	0	0
Biragzang__NODE_2366_length_5718_cov_12.628112	1	5718	0	0	0	0	0	0
cell-4125-0-44_S16__NODE_474_length_5715_cov_10.650530	1	5715	0	0	0	0	0	0
MV-4122_S12__NODE_2289_length_5714_cov_12.007775	1	5714	0	0	0	0	0	0
MV-4128_S29__NODE_1131_length_5711_cov_12.556931	1	5711	0	0	0	0	0	0
Biragzang__NODE_2369_length_5710_cov_5.685765	1	5710	0	0	0	0	0	0
Biragzang__NODE_2370_length_5710_cov_3.882051	1	5710	0	0	0	0	0	0
MV-4122_S12__NODE_2290_length_5709_cov_11.379377	1	5709	0	0	0	0	0	0
Biragzang__NODE_2371_length_5708_cov_4.587476	1	5708	0	0	0	0	0	0
MV-4128_S29__NODE_1132_length_5708_cov_22.060853	1	5708	0	0	0	0	0	0
MV-4128_S29__NODE_1133_length_5708_cov_9.203255	1	5708	0	0	0	0	0	0
Biragzang__NODE_2372_length_5707_cov_6.685952	1	5707	0	0	0	0	0	0
Biragzang__NODE_2373_length_5707_cov_6.672151	1	5707	0	0	0	0	0	0
MV-4125_S18__NODE_2213_length_5707_cov_33.342003	1	5707	0	0	0	0	0	0
Biragzang__NODE_2374_length_5706_cov_14.192532	1	5706	0	0	0	0	0	0
Biragzang__NODE_2375_length_5706_cov_4.952044	1	5706	0	0	0	0	0	0
MV-4122_S12__NODE_2292_length_5706_cov_24.767121	1	5706	0	0	0	0	0	0
Biragzang__NODE_2376_length_5705_cov_7.121593	1	5705	0	0	0	0	0	0
cell-4122-0-44_S10__NODE_470_length_5705_cov_13.530796	1	5705	0	0	0	0	0	0
Biragzang__NODE_2377_length_5704_cov_46.590901	1	5704	0	0	0	0	0	0
MV-4122_S12__NODE_2293_length_5704_cov_13.570012	1	5704	0	0	0	0	0	0
Biragzang__NODE_2380_length_5702_cov_6.863290	1	5702	0	0	0	0	0	0
MV-4122_S12__NODE_2294_length_5702_cov_10.309014	1	5702	0	0	0	0	0	0
Biragzang__NODE_2381_length_5701_cov_27.445094	1	5701	0	0	0	0	0	0
cell-4125-0-44_S16__NODE_475_length_5701_cov_6.824478	1	5701	0	0	0	0	0	0
Biragzang__NODE_2382_length_5700_cov_47.067493	1	5700	0	0	0	0	0	0
Biragzang__NODE_2383_length_5699_cov_5.336641	1	5699	0	0	0	0	0	0
MV-4122_S12__NODE_2295_length_5699_cov_10.794295	1	5699	0	0	0	0	0	0
MV-4125_S18__NODE_2215_length_5699_cov_8.614989	1	5699	0	0	0	0	0	0
Biragzang__NODE_2384_length_5698_cov_10.343789	1	5698	0	0	0	0	0	0
MV-4122_S12__NODE_2296_length_5698_cov_7.871522	1	5698	0	0	0	0	0	0
cell-4125-0-44_S16__NODE_476_length_5698_cov_9.225058	1	5698	0	0	0	0	0	0
Biragzang__NODE_2386_length_5697_cov_9.678483	1	5697	0	0	0	0	0	0
MV-4125_S18__NODE_2216_length_5697_cov_27.245126	1	5697	0	0	0	0	0	0
cell-4125-0-44_S16__NODE_477_length_5697_cov_6.062389	1	5697	0	0	0	0	0	0
Biragzang__NODE_2387_length_5696_cov_15.905513	1	5696	0	0	0	0	0	0
MV-4122_S12__NODE_2297_length_5696_cov_7.107428	1	5696	0	0	0	0	0	0
cell-4125-0-44_S16__NODE_479_length_5696_cov_5.705903	1	5696	0	0	0	0	0	0
Biragzang__NODE_2388_length_5694_cov_6.742508	1	5694	0	0	0	0	0	0
MV-4128_S29__NODE_1134_length_5694_cov_13.151623	1	5694	0	0	0	0	0	0
Biragzang__NODE_2389_length_5692_cov_10.092425	1	5692	0	0	0	0	0	0
MV-4125_S18__NODE_2218_length_5692_cov_5.617882	1	5692	0	0	0	0	0	0
cell-4125-0-44_S16__NODE_480_length_5691_cov_5.651526	1	5691	0	0	0	0	0	0
Biragzang__NODE_2390_length_5689_cov_6.299432	1	5689	0	0	0	0	0	0
MV-4125_S18__NODE_2220_length_5689_cov_5.843095	1	5689	0	0	0	0	0	0
MV-4122_S12__NODE_2298_length_5688_cov_11.355228	1	5688	0	0	0	0	0	0
MV-4128_S29__NODE_1135_length_5688_cov_10.238772	1	5688	0	0	0	0	0	0
cell-4122-0-44_S10__NODE_471_length_5687_cov_10.122869	1	5687	0	0	0	0	0	0
cell-4125-0-44_S16__NODE_481_length_5687_cov_5.255504	1	5687	0	0	0	0	0	0
cell-4125-0-44_S16__NODE_482_length_5686_cov_5.010833	1	5686	0	0	0	0	0	0
MV-4122_S12__NODE_2300_length_5685_cov_182.504085	1	5685	0	0	0	0	0	0
Biragzang__NODE_2392_length_5684_cov_14.245159	1	5684	0	0	0	0	0	0
Biragzang__NODE_2394_length_5684_cov_9.133239	1	5684	0	0	0	0	0	0
Biragzang__NODE_2395_length_5684_cov_6.096998	1	5684	0	0	0	0	0	0
Biragzang__NODE_2396_length_5684_cov_5.915793	1	5684	0	0	0	0	0	0
MV-4122_S12__NODE_2301_length_5683_cov_489.706645	1	5683	0	0	0	0	0	0
MV-4122_S12__NODE_2302_length_5683_cov_4.693497	1	5683	0	0	0	0	0	0
MV-4128_S29__NODE_1136_length_5683_cov_21.576048	1	5683	0	0	0	0	0	0
Biragzang__NODE_2398_length_5681_cov_18.043903	1	5681	0	0	0	0	0	0
cell-4125-0-44_S16__NODE_483_length_5681_cov_5.170281	1	5681	0	0	0	0	0	0
MV-4125_S18__NODE_2227_length_5679_cov_7.475996	1	5679	0	0	0	0	0	0
Biragzang__NODE_2399_length_5677_cov_5.336179	1	5677	0	0	0	0	0	0
MV-4122_S12__NODE_2303_length_5677_cov_4.743863	1	5677	0	0	0	0	0	0
cell-4125-0-44_S16__NODE_484_length_5677_cov_10.065101	1	5677	0	0	0	0	0	0
Biragzang__NODE_2400_length_5676_cov_13.775129	1	5676	0	0	0	0	0	0
MV-4125_S18__NODE_2228_length_5676_cov_19.355453	1	5676	0	0	0	0	0	0
Biragzang__NODE_2401_length_5675_cov_16.825267	1	5675	0	0	0	0	0	0
MV-4122_S12__NODE_2304_length_5675_cov_11.651423	1	5675	0	0	0	0	0	0
MV-4122_S12__NODE_2305_length_5674_cov_6.629116	1	5674	0	0	0	0	0	0
MV-4125_S18__NODE_2229_length_5673_cov_7.915806	1	5673	0	0	0	0	0	0
MV-4128_S29__NODE_1139_length_5673_cov_4.408508	1	5673	0	0	0	0	0	0
MV-4122_S12__NODE_2306_length_5671_cov_6.685541	1	5671	0	0	0	0	0	0
Biragzang__NODE_2403_length_5670_cov_12.556189	1	5670	0	0	0	0	0	0
MV-4122_S12__NODE_2307_length_5669_cov_9.211970	1	5669	0	0	0	0	0	0
MV-4122_S12__NODE_2308_length_5669_cov_7.828108	1	5669	0	0	0	0	0	0
Biragzang__NODE_2408_length_5667_cov_11.949751	1	5667	0	0	0	0	0	0
MV-4125_S18__NODE_2232_length_5666_cov_8.868651	1	5666	0	0	0	0	0	0
cell-4125-0-44_S16__NODE_485_length_5664_cov_10.034944	1	5664	0	0	0	0	0	0
Biragzang__NODE_2410_length_5663_cov_14.211305	1	5663	0	0	0	0	0	0
MV-4122_S12__NODE_2309_length_5663_cov_62.230742	1	5663	0	0	0	0	0	0
Biragzang__NODE_2411_length_5662_cov_36.204744	1	5662	0	0	0	0	0	0
cell-4125-0-44_S16__NODE_486_length_5662_cov_5.815231	1	5662	0	0	0	0	0	0
Biragzang__NODE_2412_length_5661_cov_12.077239	1	5661	0	0	0	0	0	0
MV-4122_S12__NODE_2310_length_5661_cov_8.110596	1	5661	0	0	0	0	0	0
MV-4128_S29__NODE_1141_length_5661_cov_16.411702	1	5661	0	0	0	0	0	0
MV-4125_S18__NODE_2237_length_5660_cov_14.559857	1	5660	0	0	0	0	0	0
MV-4125_S18__NODE_2238_length_5660_cov_7.445317	1	5660	0	0	0	0	0	0
cell-4125-0-44_S16__NODE_487_length_5660_cov_9.466905	1	5660	0	0	0	0	0	0
Biragzang__NODE_2414_length_5659_cov_6.405068	1	5659	0	0	0	0	0	0
MV-4122_S12__NODE_2311_length_5659_cov_8.882762	1	5659	0	0	0	0	0	0
MV-4128_S29__NODE_1143_length_5659_cov_8.482691	1	5659	0	0	0	0	0	0
MV-4125_S18__NODE_2239_length_5658_cov_13.842227	1	5658	0	0	0	0	0	0
MV-4122_S12__NODE_2312_length_5657_cov_4.493038	1	5657	0	0	0	0	0	0
MV-4125_S18__NODE_2240_length_5656_cov_7.334940	1	5656	0	0	0	0	0	0
Biragzang__NODE_2416_length_5655_cov_6.346250	1	5655	0	0	0	0	0	0
MV-4122_S12__NODE_2313_length_5655_cov_7.937679	1	5655	0	0	0	0	0	0
MV-4122_S12__NODE_2314_length_5655_cov_4.527143	1	5655	0	0	0	0	0	0
MV-4122_S12__NODE_2315_length_5654_cov_8.254867	1	5654	0	0	0	0	0	0
Biragzang__NODE_2417_length_5653_cov_4.573062	1	5653	0	0	0	0	0	0
MV-4122_S12__NODE_2316_length_5652_cov_11.948008	1	5652	0	0	0	0	0	0
MV-4122_S12__NODE_2317_length_5652_cov_7.599250	1	5652	0	0	0	0	0	0
MV-4125_S18__NODE_2244_length_5650_cov_14.359249	1	5650	0	0	0	0	0	0
MV-4125_S18__NODE_2245_length_5650_cov_11.399464	1	5650	0	0	0	0	0	0
cell-4125-0-44_S16__NODE_488_length_5650_cov_9.350492	1	5650	0	0	0	0	0	0
MV-4122_S12__NODE_2318_length_5647_cov_27.674356	1	5647	0	0	0	0	0	0
MV-4125_S18__NODE_2246_length_5647_cov_7.353004	1	5647	0	0	0	0	0	0
cell-4125-0-44_S16__NODE_489_length_5646_cov_16.257915	1	5646	0	0	0	0	0	0
MV-4125_S18__NODE_2250_length_5645_cov_15.072272	1	5645	0	0	0	0	0	0
Biragzang__NODE_2420_length_5644_cov_5.437824	1	5644	0	0	0	0	0	0
MV-4122_S12__NODE_2319_length_5644_cov_57.032385	1	5644	0	0	0	0	0	0
cell-4122-0-44_S10__NODE_472_length_5642_cov_2003.902452	1	5642	0	0	0	0	0	0
MV-4128_S29__NODE_1146_length_5641_cov_13.781060	1	5641	0	0	0	0	0	0
Biragzang__NODE_2422_length_5639_cov_7.264864	1	5639	0	0	0	0	0	0
MV-4128_S29__NODE_1148_length_5638_cov_5.349454	1	5638	0	0	0	0	0	0
MV-4125_S18__NODE_2254_length_5635_cov_7.089785	1	5635	0	0	0	0	0	0
MV-4125_S18__NODE_2256_length_5633_cov_10.889028	1	5633	0	0	0	0	0	0
MV-4125_S18__NODE_2257_length_5633_cov_7.122983	1	5633	0	0	0	0	0	0
Biragzang__NODE_2425_length_5632_cov_6.692846	1	5632	0	0	0	0	0	0
MV-4128_S29__NODE_1149_length_5632_cov_7.167474	1	5632	0	0	0	0	0	0
MV-4122_S12__NODE_2320_length_5630_cov_71.694709	1	5630	0	0	0	0	0	0
cell-4122-0-44_S10__NODE_473_length_5630_cov_13.069417	1	5630	0	0	0	0	0	0
Biragzang__NODE_2427_length_5627_cov_41.849964	1	5627	0	0	0	0	0	0
Biragzang__NODE_2428_length_5627_cov_18.189878	1	5627	0	0	0	0	0	0
Biragzang__NODE_2429_length_5627_cov_17.329505	1	5627	0	0	0	0	0	0
MV-4125_S18__NODE_2258_length_5627_cov_16.828787	1	5627	0	0	0	0	0	0
MV-4125_S18__NODE_2259_length_5627_cov_14.365398	1	5627	0	0	0	0	0	0
MV-4122_S12__NODE_2321_length_5626_cov_12.107880	1	5626	0	0	0	0	0	0
MV-4125_S18__NODE_2261_length_5626_cov_5.916173	1	5626	0	0	0	0	0	0
MV-4128_S29__NODE_1150_length_5626_cov_23.915814	1	5626	0	0	0	0	0	0
Biragzang__NODE_2430_length_5624_cov_43.583229	1	5624	0	0	0	0	0	0
MV-4125_S18__NODE_2262_length_5624_cov_20.756150	1	5624	0	0	0	0	0	0
MV-4125_S18__NODE_2263_length_5624_cov_19.732627	1	5624	0	0	0	0	0	0
MV-4125_S18__NODE_2265_length_5624_cov_8.330939	1	5624	0	0	0	0	0	0
Biragzang__NODE_2431_length_5621_cov_6.531261	1	5621	0	0	0	0	0	0
Biragzang__NODE_2432_length_5621_cov_6.461013	1	5621	0	0	0	0	0	0
Biragzang__NODE_2433_length_5621_cov_6.287819	1	5621	0	0	0	0	0	0
MV-4122_S12__NODE_2322_length_5621_cov_12.395257	1	5621	0	0	0	0	0	0
cell-4122-0-44_S10__NODE_474_length_5621_cov_8.249551	1	5621	0	0	0	0	0	0
cell-4125-0-44_S16__NODE_492_length_5619_cov_5.832315	1	5619	0	0	0	0	0	0
MV-4128_S29__NODE_1152_length_5618_cov_23.511774	1	5618	0	0	0	0	0	0
MV-4122_S12__NODE_2323_length_5617_cov_23.546206	1	5617	0	0	0	0	0	0
MV-4125_S18__NODE_2271_length_5617_cov_21.772384	1	5617	0	0	0	0	0	0
Biragzang__NODE_2436_length_5614_cov_5.020148	1	5614	0	0	0	0	0	0
MV-4122_S12__NODE_2324_length_5614_cov_6.143191	1	5614	0	0	0	0	0	0
MV-4122_S12__NODE_2325_length_5612_cov_14.402555	1	5612	0	0	0	0	0	0
MV-4122_S12__NODE_2326_length_5612_cov_11.298362	1	5612	0	0	0	0	0	0
cell-4125-0-44_S16__NODE_494_length_5612_cov_3.737988	1	5612	0	0	0	0	0	0
MV-4122_S12__NODE_2327_length_5611_cov_8.119330	1	5611	0	0	0	0	0	0
MV-4125_S18__NODE_2272_length_5611_cov_17.154788	1	5611	0	0	0	0	0	0
MV-4122_S12__NODE_2328_length_5610_cov_10.672547	1	5610	0	0	0	0	0	0
MV-4122_S12__NODE_2329_length_5610_cov_6.641584	1	5610	0	0	0	0	0	0
cell-4125-0-44_S16__NODE_495_length_5610_cov_11.907831	1	5610	0	0	0	0	0	0
Biragzang__NODE_2440_length_5609_cov_9.467951	1	5609	0	0	0	0	0	0
MV-4122_S12__NODE_2330_length_5607_cov_23.564841	1	5607	0	0	0	0	0	0
MV-4128_S29__NODE_1153_length_5607_cov_8.558898	1	5607	0	0	0	0	0	0
cell-4122-0-44_S10__NODE_475_length_5606_cov_17.119438	1	5606	0	0	0	0	0	0
cell-4125-0-44_S16__NODE_496_length_5606_cov_71.590344	1	5606	0	0	0	0	0	0
Biragzang__NODE_2444_length_5605_cov_5.863784	1	5605	0	0	0	0	0	0
MV-4122_S12__NODE_2331_length_5605_cov_27.128288	1	5605	0	0	0	0	0	0
MV-4125_S18__NODE_2274_length_5605_cov_19.412793	1	5605	0	0	0	0	0	0
Biragzang__NODE_2445_length_5603_cov_47.315609	1	5603	0	0	0	0	0	0
Biragzang__NODE_2446_length_5603_cov_31.925739	1	5603	0	0	0	0	0	0
MV-4125_S18__NODE_2275_length_5603_cov_11.744773	1	5603	0	0	0	0	0	0
Biragzang__NODE_2447_length_5602_cov_13.651523	1	5602	0	0	0	0	0	0
MV-4122_S12__NODE_2332_length_5601_cov_7.662279	1	5601	0	0	0	0	0	0
Biragzang__NODE_2449_length_5600_cov_5.630298	1	5600	0	0	0	0	0	0
MV-4125_S18__NODE_2277_length_5599_cov_12.419372	1	5599	0	0	0	0	0	0
cell-4122-0-44_S10__NODE_476_length_5599_cov_12.327201	1	5599	0	0	0	0	0	0
MV-4128_S29__NODE_1155_length_5596_cov_5.360224	1	5596	0	0	0	0	0	0
Biragzang__NODE_2452_length_5595_cov_7.393863	1	5595	0	0	0	0	0	0
MV-4122_S12__NODE_2333_length_5595_cov_23.123646	1	5595	0	0	0	0	0	0
Biragzang__NODE_2453_length_5594_cov_20.461275	1	5594	0	0	0	0	0	0
Biragzang__NODE_2455_length_5593_cov_9.440592	1	5593	0	0	0	0	0	0
cell-4122-0-44_S10__NODE_477_length_5593_cov_13.819610	1	5593	0	0	0	0	0	0
MV-4122_S12__NODE_2334_length_5591_cov_12.296785	1	5591	0	0	0	0	0	0
MV-4125_S18__NODE_2280_length_5591_cov_7.320809	1	5591	0	0	0	0	0	0
Biragzang__NODE_2456_length_5590_cov_5.814995	1	5590	0	0	0	0	0	0
MV-4122_S12__NODE_2335_length_5590_cov_6.453659	1	5590	0	0	0	0	0	0
MV-4128_S29__NODE_1156_length_5590_cov_12.965131	1	5590	0	0	0	0	0	0
Biragzang__NODE_2457_length_5589_cov_12.021323	1	5589	0	0	0	0	0	0
Biragzang__NODE_2458_length_5589_cov_10.486990	1	5589	0	0	0	0	0	0
MV-4122_S12__NODE_2336_length_5589_cov_26.399530	1	5589	0	0	0	0	0	0
cell-4122-0-44_S10__NODE_478_length_5589_cov_18.730575	1	5589	0	0	0	0	0	0
cell-4125-0-44_S16__NODE_497_length_5589_cov_12.541019	1	5589	0	0	0	0	0	0
MV-4128_S29__NODE_1157_length_5588_cov_14.967649	1	5588	0	0	0	0	0	0
cell-4125-0-44_S16__NODE_498_length_5588_cov_10.340502	1	5588	0	0	0	0	0	0
cell-4125-0-44_S16__NODE_499_length_5584_cov_5.592150	1	5584	0	0	0	0	0	0
Biragzang__NODE_2460_length_5583_cov_4.999276	1	5583	0	0	0	0	0	0
MV-4125_S18__NODE_2285_length_5582_cov_16.885290	1	5582	0	0	0	0	0	0
cell-4125-0-44_S16__NODE_500_length_5582_cov_7.535915	1	5582	0	0	0	0	0	0
MV-4125_S18__NODE_2286_length_5581_cov_27.060984	1	5581	0	0	0	0	0	0
MV-4125_S18__NODE_2287_length_5580_cov_8.937376	1	5580	0	0	0	0	0	0
MV-4128_S29__NODE_1160_length_5580_cov_11.637647	1	5580	0	0	0	0	0	0
MV-4122_S12__NODE_2338_length_5579_cov_36.306662	1	5579	0	0	0	0	0	0
Biragzang__NODE_2462_length_5577_cov_7.056320	1	5577	0	0	0	0	0	0
MV-4125_S18__NODE_2289_length_5574_cov_7.838014	1	5574	0	0	0	0	0	0
MV-4125_S18__NODE_2290_length_5574_cov_6.647943	1	5574	0	0	0	0	0	0
Biragzang__NODE_2465_length_5573_cov_7.084270	1	5573	0	0	0	0	0	0
MV-4125_S18__NODE_2293_length_5572_cov_7.305782	1	5572	0	0	0	0	0	0
Biragzang__NODE_2466_length_5571_cov_49.135062	1	5571	0	0	0	0	0	0
MV-4125_S18__NODE_2294_length_5570_cov_28.239529	1	5570	0	0	0	0	0	0
MV-4122_S12__NODE_2340_length_5569_cov_8.079616	1	5569	0	0	0	0	0	0
MV-4122_S12__NODE_2341_length_5569_cov_7.824810	1	5569	0	0	0	0	0	0
cell-4122-0-44_S10__NODE_479_length_5568_cov_18.053873	1	5568	0	0	0	0	0	0
Biragzang__NODE_2468_length_5566_cov_8.320269	1	5566	0	0	0	0	0	0
MV-4122_S12__NODE_2342_length_5565_cov_9.142650	1	5565	0	0	0	0	0	0
MV-4125_S18__NODE_2295_length_5565_cov_4.923775	1	5565	0	0	0	0	0	0
MV-4128_S29__NODE_1162_length_5565_cov_13.605626	1	5565	0	0	0	0	0	0
cell-4122-0-44_S10__NODE_480_length_5565_cov_22.892196	1	5565	0	0	0	0	0	0
MV-4122_S12__NODE_2343_length_5564_cov_4.656017	1	5564	0	0	0	0	0	0
MV-4128_S29__NODE_1163_length_5564_cov_27.948993	1	5564	0	0	0	0	0	0
MV-4128_S29__NODE_1164_length_5564_cov_16.206027	1	5564	0	0	0	0	0	0
Biragzang__NODE_2470_length_5563_cov_45.139252	1	5563	0	0	0	0	0	0
Biragzang__NODE_2471_length_5563_cov_6.898330	1	5563	0	0	0	0	0	0
MV-4122_S12__NODE_2344_length_5562_cov_4.345197	1	5562	0	0	0	0	0	0
MV-4128_S29__NODE_1165_length_5560_cov_5.142053	1	5560	0	0	0	0	0	0
MV-4128_S29__NODE_1166_length_5559_cov_22.712391	1	5559	0	0	0	0	0	0
MV-4125_S18__NODE_2299_length_5558_cov_5.546611	1	5558	0	0	0	0	0	0
MV-4128_S29__NODE_1167_length_5558_cov_6.852262	1	5558	0	0	0	0	0	0
Biragzang__NODE_2472_length_5557_cov_6.269720	1	5557	0	0	0	0	0	0
Biragzang__NODE_2475_length_5555_cov_6.194182	1	5555	0	0	0	0	0	0
Biragzang__NODE_2476_length_5553_cov_5.261004	1	5553	0	0	0	0	0	0
cell-4122-0-44_S10__NODE_481_length_5552_cov_87.913953	1	5552	0	0	0	0	0	0
MV-4122_S12__NODE_2345_length_5550_cov_19.339945	1	5550	0	0	0	0	0	0
MV-4122_S12__NODE_2346_length_5550_cov_4.447134	1	5550	0	0	0	0	0	0
Biragzang__NODE_2477_length_5548_cov_60.216639	1	5548	0	0	0	0	0	0
MV-4122_S12__NODE_2347_length_5548_cov_10.652649	1	5548	0	0	0	0	0	0
MV-4122_S12__NODE_2348_length_5548_cov_10.234844	1	5548	0	0	0	0	0	0
MV-4122_S12__NODE_2349_length_5548_cov_6.970872	1	5548	0	0	0	0	0	0
cell-4122-0-44_S10__NODE_482_length_5542_cov_15.108438	1	5542	0	0	0	0	0	0
MV-4125_S18__NODE_2304_length_5541_cov_7.296209	1	5541	0	0	0	0	0	0
cell-4125-0-44_S16__NODE_502_length_5541_cov_5.864200	1	5541	0	0	0	0	0	0
Biragzang__NODE_2480_length_5538_cov_6.896042	1	5538	0	0	0	0	0	0
cell-4122-0-44_S10__NODE_483_length_5538_cov_22.530731	1	5538	0	0	0	0	0	0
cell-4125-0-44_S16__NODE_503_length_5538_cov_7.972643	1	5538	0	0	0	0	0	0
Biragzang__NODE_2482_length_5534_cov_46.527651	1	5534	0	0	0	0	0	0
MV-4125_S18__NODE_2309_length_5533_cov_7.625411	1	5533	0	0	0	0	0	0
MV-4128_S29__NODE_1168_length_5532_cov_14.200292	1	5532	0	0	0	0	0	0
MV-4128_S29__NODE_1169_length_5532_cov_6.015702	1	5532	0	0	0	0	0	0
MV-4125_S18__NODE_2311_length_5531_cov_8.483565	1	5531	0	0	0	0	0	0
Biragzang__NODE_2486_length_5529_cov_7.251370	1	5529	0	0	0	0	0	0
MV-4122_S12__NODE_2353_length_5528_cov_6.467385	1	5528	0	0	0	0	0	0
cell-4122-0-44_S10__NODE_484_length_5528_cov_16.841586	1	5528	0	0	0	0	0	0
cell-4122-0-44_S10__NODE_485_length_5528_cov_13.941166	1	5528	0	0	0	0	0	0
cell-4125-0-22_S17__NODE_10_length_5528_cov_11.198611	1	5528	0	0	0	0	0	0
Biragzang__NODE_2487_length_5527_cov_21.979349	1	5527	0	0	0	0	0	0
MV-4125_S18__NODE_2314_length_5527_cov_4.567251	1	5527	0	0	0	0	0	0
MV-4128_S29__NODE_1170_length_5527_cov_12.897295	1	5527	0	0	0	0	0	0
Biragzang__NODE_2489_length_5526_cov_6.030159	1	5526	0	0	0	0	0	0
MV-4122_S12__NODE_2354_length_5526_cov_13.932736	1	5526	0	0	0	0	0	0
MV-4125_S18__NODE_2315_length_5525_cov_13.328154	1	5525	0	0	0	0	0	0
cell-4122-0-44_S10__NODE_486_length_5525_cov_15.331444	1	5525	0	0	0	0	0	0
MV-4122_S12__NODE_2355_length_5524_cov_9.015359	1	5524	0	0	0	0	0	0
cell-4125-0-44_S16__NODE_504_length_5524_cov_6.715122	1	5524	0	0	0	0	0	0
Biragzang__NODE_2490_length_5523_cov_8.655816	1	5523	0	0	0	0	0	0
MV-4128_S29__NODE_1171_length_5523_cov_22.385150	1	5523	0	0	0	0	0	0
cell-4125-0-44_S16__NODE_505_length_5523_cov_6.383504	1	5523	0	0	0	0	0	0
Biragzang__NODE_2491_length_5521_cov_12.357300	1	5521	0	0	0	0	0	0
MV-4125_S18__NODE_2318_length_5521_cov_6.417307	1	5521	0	0	0	0	0	0
Biragzang__NODE_2494_length_5517_cov_12.448920	1	5517	0	0	0	0	0	0
MV-4122_S12__NODE_2356_length_5517_cov_14.507323	1	5517	0	0	0	0	0	0
MV-4122_S12__NODE_2357_length_5517_cov_7.176492	1	5517	0	0	0	0	0	0
MV-4125_S18__NODE_2320_length_5516_cov_24.420070	1	5516	0	0	0	0	0	0
Biragzang__NODE_2495_length_5515_cov_5.827289	1	5515	0	0	0	0	0	0
Biragzang__NODE_2497_length_5513_cov_31.191279	1	5513	0	0	0	0	0	0
Biragzang__NODE_2498_length_5513_cov_14.976915	1	5513	0	0	0	0	0	0
cell-4125-0-22_S17__NODE_11_length_5513_cov_18.680469	1	5513	0	0	0	0	0	0
Biragzang__NODE_2501_length_5511_cov_5.344391	1	5511	0	0	0	0	0	0
cell-4122-0-44_S10__NODE_487_length_5511_cov_61.318548	1	5511	0	0	0	0	0	0
cell-4122-0-44_S10__NODE_488_length_5509_cov_14.390356	1	5509	0	0	0	0	0	0
MV-4125_S18__NODE_2322_length_5508_cov_19.428021	1	5508	0	0	0	0	0	0
MV-4125_S18__NODE_2324_length_5506_cov_7.847367	1	5506	0	0	0	0	0	0
Biragzang__NODE_2502_length_5505_cov_4.516881	1	5505	0	0	0	0	0	0
MV-4122_S12__NODE_2358_length_5505_cov_11.015046	1	5505	0	0	0	0	0	0
MV-4125_S18__NODE_2326_length_5505_cov_5.494495	1	5505	0	0	0	0	0	0
Biragzang__NODE_2503_length_5504_cov_80.458066	1	5504	0	0	0	0	0	0
cell-4122-0-44_S10__NODE_489_length_5504_cov_20.577537	1	5504	0	0	0	0	0	0
Biragzang__NODE_2504_length_5503_cov_16.364354	1	5503	0	0	0	0	0	0
MV-4122_S12__NODE_2359_length_5503_cov_9.997430	1	5503	0	0	0	0	0	0
Biragzang__NODE_2505_length_5502_cov_3.843584	1	5502	0	0	0	0	0	0
MV-4128_S29__NODE_1173_length_5502_cov_27.704792	1	5502	0	0	0	0	0	0
MV-4122_S12__NODE_2361_length_5501_cov_54.053434	1	5501	0	0	0	0	0	0
MV-4125_S18__NODE_2327_length_5501_cov_9.644326	1	5501	0	0	0	0	0	0
MV-4122_S12__NODE_2362_length_5499_cov_7.289309	1	5499	0	0	0	0	0	0
MV-4128_S29__NODE_1174_length_5499_cov_18.126010	1	5499	0	0	0	0	0	0
MV-4128_S29__NODE_1175_length_5498_cov_12.812236	1	5498	0	0	0	0	0	0
Biragzang__NODE_2508_length_5497_cov_7.281882	1	5497	0	0	0	0	0	0
cell-4125-0-44_S16__NODE_508_length_5497_cov_6.080853	1	5497	0	0	0	0	0	0
MV-4122_S12__NODE_2363_length_5496_cov_4.817313	1	5496	0	0	0	0	0	0
Biragzang__NODE_2510_length_5495_cov_46.225919	1	5495	0	0	0	0	0	0
MV-4122_S12__NODE_2364_length_5495_cov_4.371140	1	5495	0	0	0	0	0	0
MV-4122_S12__NODE_2366_length_5494_cov_5.432616	1	5494	0	0	0	0	0	0
cell-4125-0-44_S16__NODE_509_length_5494_cov_7.201140	1	5494	0	0	0	0	0	0
MV-4125_S18__NODE_2331_length_5493_cov_5.428466	1	5493	0	0	0	0	0	0
cell-4125-0-44_S16__NODE_510_length_5493_cov_8.351968	1	5493	0	0	0	0	0	0
MV-4125_S18__NODE_2332_length_5492_cov_25.187603	1	5492	0	0	0	0	0	0
MV-4125_S18__NODE_2333_length_5492_cov_18.876219	1	5492	0	0	0	0	0	0
cell-4125-0-44_S16__NODE_511_length_5492_cov_5.852676	1	5492	0	0	0	0	0	0
Biragzang__NODE_2511_length_5491_cov_9.230500	1	5491	0	0	0	0	0	0
MV-4128_S29__NODE_1176_length_5491_cov_15.110927	1	5491	0	0	0	0	0	0
MV-4122_S12__NODE_2368_length_5490_cov_6.564121	1	5490	0	0	0	0	0	0
MV-4125_S18__NODE_2335_length_5490_cov_6.411040	1	5490	0	0	0	0	0	0
cell-4122-0-44_S10__NODE_490_length_5489_cov_254.518403	1	5489	0	0	0	0	0	0
MV-4128_S29__NODE_1177_length_5488_cov_4.630223	1	5488	0	0	0	0	0	0
cell-4125-0-44_S16__NODE_512_length_5488_cov_9.092766	1	5488	0	0	0	0	0	0
Biragzang__NODE_2512_length_5487_cov_13.158689	1	5487	0	0	0	0	0	0
MV-4122_S12__NODE_2369_length_5485_cov_4.483241	1	5485	0	0	0	0	0	0
MV-4128_S29__NODE_1178_length_5483_cov_10.894620	1	5483	0	0	0	0	0	0
cell-4122-0-44_S10__NODE_491_length_5481_cov_9.872466	1	5481	0	0	0	0	0	0
MV-4122_S12__NODE_2370_length_5480_cov_30.838157	1	5480	0	0	0	0	0	0
Biragzang__NODE_2515_length_5479_cov_6.241150	1	5479	0	0	0	0	0	0
cell-4125-0-44_S16__NODE_514_length_5479_cov_5.240229	1	5479	0	0	0	0	0	0
Biragzang__NODE_2517_length_5477_cov_4.447252	1	5477	0	0	0	0	0	0
MV-4128_S29__NODE_1179_length_5477_cov_27.285872	1	5477	0	0	0	0	0	0
cell-4125-0-44_S16__NODE_515_length_5477_cov_5.270749	1	5477	0	0	0	0	0	0
MV-4125_S18__NODE_2340_length_5476_cov_6.180778	1	5476	0	0	0	0	0	0
Biragzang__NODE_2518_length_5475_cov_16.865314	1	5475	0	0	0	0	0	0
Biragzang__NODE_2519_length_5475_cov_11.999446	1	5475	0	0	0	0	0	0
cell-4125-0-44_S16__NODE_516_length_5475_cov_9.425461	1	5475	0	0	0	0	0	0
MV-4122_S12__NODE_2371_length_5474_cov_10.725780	1	5474	0	0	0	0	0	0
cell-4122-0-44_S10__NODE_492_length_5474_cov_10.888909	1	5474	0	0	0	0	0	0
MV-4122_S12__NODE_2372_length_5472_cov_27.616208	1	5472	0	0	0	0	0	0
cell-4125-0-44_S16__NODE_518_length_5472_cov_7.017168	1	5472	0	0	0	0	0	0
Biragzang__NODE_2520_length_5471_cov_15.390694	1	5471	0	0	0	0	0	0
MV-4125_S18__NODE_2343_length_5471_cov_17.025111	1	5471	0	0	0	0	0	0
MV-4125_S18__NODE_2345_length_5471_cov_6.835487	1	5471	0	0	0	0	0	0
MV-4125_S18__NODE_2346_length_5471_cov_6.204394	1	5471	0	0	0	0	0	0
cell-4122-0-44_S10__NODE_493_length_5467_cov_17.747413	1	5467	0	0	0	0	0	0
MV-4122_S12__NODE_2373_length_5466_cov_20.984106	1	5466	0	0	0	0	0	0
MV-4128_S29__NODE_1180_length_5466_cov_13.302347	1	5466	0	0	0	0	0	0
cell-4122-0-44_S10__NODE_494_length_5466_cov_23.674552	1	5466	0	0	0	0	0	0
Biragzang__NODE_2524_length_5465_cov_46.982070	1	5465	0	0	0	0	0	0
Biragzang__NODE_2525_length_5465_cov_28.810351	1	5465	0	0	0	0	0	0
Biragzang__NODE_2526_length_5464_cov_6.330930	1	5464	0	0	0	0	0	0
cell-4125-0-44_S16__NODE_520_length_5464_cov_6.779072	1	5464	0	0	0	0	0	0
cell-4125-0-44_S16__NODE_521_length_5463_cov_8.955436	1	5463	0	0	0	0	0	0
cell-4122-0-44_S10__NODE_495_length_5462_cov_20.275754	1	5462	0	0	0	0	0	0
MV-4128_S29__NODE_1181_length_5461_cov_23.774140	1	5461	0	0	0	0	0	0
cell-4122-0-44_S10__NODE_496_length_5461_cov_24.626711	1	5461	0	0	0	0	0	0
cell-4122-0-44_S10__NODE_497_length_5461_cov_12.360155	1	5461	0	0	0	0	0	0
cell-4125-0-44_S16__NODE_522_length_5461_cov_6.487051	1	5461	0	0	0	0	0	0
cell-4122-0-44_S10__NODE_498_length_5460_cov_10.748566	1	5460	0	0	0	0	0	0
cell-4125-0-44_S16__NODE_523_length_5460_cov_6.649399	1	5460	0	0	0	0	0	0
MV-4128_S29__NODE_1182_length_5459_cov_29.084382	1	5459	0	0	0	0	0	0
MV-4122_S12__NODE_2375_length_5458_cov_27.327966	1	5458	0	0	0	0	0	0
MV-4125_S18__NODE_2349_length_5458_cov_6.741995	1	5458	0	0	0	0	0	0
Biragzang__NODE_2528_length_5457_cov_12.092373	1	5457	0	0	0	0	0	0
MV-4125_S18__NODE_2351_length_5457_cov_6.617549	1	5457	0	0	0	0	0	0
MV-4125_S18__NODE_2352_length_5456_cov_7.909646	1	5456	0	0	0	0	0	0
cell-4125-0-44_S16__NODE_524_length_5456_cov_5.410294	1	5456	0	0	0	0	0	0
cell-4125-0-44_S16__NODE_525_length_5455_cov_6.566481	1	5455	0	0	0	0	0	0
cell-4125-0-44_S16__NODE_526_length_5455_cov_4.810556	1	5455	0	0	0	0	0	0
MV-4122_S12__NODE_2376_length_5452_cov_11.372985	1	5452	0	0	0	0	0	0
MV-4122_S12__NODE_2377_length_5452_cov_11.082083	1	5452	0	0	0	0	0	0
MV-4125_S18__NODE_2355_length_5452_cov_6.755234	1	5452	0	0	0	0	0	0
Biragzang__NODE_2532_length_5450_cov_5.636886	1	5450	0	0	0	0	0	0
MV-4122_S12__NODE_2378_length_5450_cov_5.756441	1	5450	0	0	0	0	0	0
cell-4125-0-44_S16__NODE_527_length_5450_cov_8.045042	1	5450	0	0	0	0	0	0
Biragzang__NODE_2533_length_5448_cov_12.321157	1	5448	0	0	0	0	0	0
Biragzang__NODE_2534_length_5448_cov_6.437604	1	5448	0	0	0	0	0	0
cell-4122-0-44_S10__NODE_499_length_5448_cov_16.716299	1	5448	0	0	0	0	0	0
Biragzang__NODE_2535_length_5447_cov_16.163390	1	5447	0	0	0	0	0	0
Biragzang__NODE_2536_length_5447_cov_11.375556	1	5447	0	0	0	0	0	0
Biragzang__NODE_2537_length_5447_cov_9.436016	1	5447	0	0	0	0	0	0
MV-4128_S29__NODE_1185_length_5447_cov_6.358123	1	5447	0	0	0	0	0	0
Biragzang__NODE_2538_length_5446_cov_37.127991	1	5446	0	0	0	0	0	0
cell-4122-0-44_S10__NODE_500_length_5446_cov_12.217028	1	5446	0	0	0	0	0	0
cell-4125-0-44_S16__NODE_528_length_5446_cov_7.112410	1	5446	0	0	0	0	0	0
MV-4122_S12__NODE_2379_length_5445_cov_9.030241	1	5445	0	0	0	0	0	0
MV-4125_S18__NODE_2356_length_5445_cov_21.460297	1	5445	0	0	0	0	0	0
cell-4125-0-44_S16__NODE_529_length_5445_cov_6.813173	1	5445	0	0	0	0	0	0
MV-4125_S18__NODE_2357_length_5444_cov_6.728335	1	5444	0	0	0	0	0	0
cell-4122-0-44_S10__NODE_501_length_5444_cov_40.899610	1	5444	0	0	0	0	0	0
Biragzang__NODE_2539_length_5443_cov_8.962324	1	5443	0	0	0	0	0	0
cell-4122-0-44_S10__NODE_502_length_5443_cov_13.439310	1	5443	0	0	0	0	0	0
MV-4122_S12__NODE_2381_length_5442_cov_42.051049	1	5442	0	0	0	0	0	0
MV-4122_S12__NODE_2382_length_5440_cov_54.058496	1	5440	0	0	0	0	0	0
MV-4122_S12__NODE_2383_length_5440_cov_34.143361	1	5440	0	0	0	0	0	0
Biragzang__NODE_2543_length_5439_cov_129.738670	1	5439	0	0	0	0	0	0
Biragzang__NODE_2544_length_5439_cov_21.056649	1	5439	0	0	0	0	0	0
MV-4128_S29__NODE_1186_length_5439_cov_14.230126	1	5439	0	0	0	0	0	0
Biragzang__NODE_2545_length_5438_cov_11.968976	1	5438	0	0	0	0	0	0
MV-4122_S12__NODE_2384_length_5438_cov_11.052016	1	5438	0	0	0	0	0	0
MV-4122_S12__NODE_2385_length_5438_cov_4.731377	1	5438	0	0	0	0	0	0
MV-4128_S29__NODE_1187_length_5438_cov_16.099944	1	5438	0	0	0	0	0	0
cell-4125-0-44_S16__NODE_530_length_5437_cov_19.884430	1	5437	0	0	0	0	0	0
Biragzang__NODE_2547_length_5435_cov_5.328439	1	5435	0	0	0	0	0	0
MV-4122_S12__NODE_2386_length_5435_cov_9.119703	1	5435	0	0	0	0	0	0
MV-4125_S18__NODE_2359_length_5435_cov_15.606877	1	5435	0	0	0	0	0	0
cell-4125-0-44_S16__NODE_531_length_5434_cov_6.436141	1	5434	0	0	0	0	0	0
Biragzang__NODE_2548_length_5433_cov_15.093343	1	5433	0	0	0	0	0	0
cell-4122-0-44_S10__NODE_503_length_5433_cov_8.042395	1	5433	0	0	0	0	0	0
MV-4125_S18__NODE_2360_length_5432_cov_23.049098	1	5432	0	0	0	0	0	0
MV-4125_S18__NODE_2361_length_5432_cov_7.937512	1	5432	0	0	0	0	0	0
cell-4125-0-44_S16__NODE_532_length_5428_cov_7.647683	1	5428	0	0	0	0	0	0
cell-4125-0-44_S16__NODE_533_length_5427_cov_7.057520	1	5427	0	0	0	0	0	0
MV-4128_S29__NODE_1188_length_5425_cov_26.838547	1	5425	0	0	0	0	0	0
Biragzang__NODE_2554_length_5424_cov_50.465264	1	5424	0	0	0	0	0	0
Biragzang__NODE_2555_length_5424_cov_3.492270	1	5424	0	0	0	0	0	0
MV-4122_S12__NODE_2388_length_5424_cov_43.660086	1	5424	0	0	0	0	0	0
MV-4122_S12__NODE_2389_length_5424_cov_30.438257	1	5424	0	0	0	0	0	0
Biragzang__NODE_2557_length_5423_cov_8.435171	1	5423	0	0	0	0	0	0
MV-4128_S29__NODE_1189_length_5423_cov_25.136736	1	5423	0	0	0	0	0	0
MV-4128_S29__NODE_1190_length_5423_cov_13.974478	1	5423	0	0	0	0	0	0
MV-4128_S29__NODE_1191_length_5423_cov_12.019747	1	5423	0	0	0	0	0	0
cell-4125-0-44_S16__NODE_534_length_5420_cov_8.453495	1	5420	0	0	0	0	0	0
cell-4125-0-44_S16__NODE_535_length_5419_cov_8.070097	1	5419	0	0	0	0	0	0
Biragzang__NODE_2559_length_5417_cov_5.008019	1	5417	0	0	0	0	0	0
MV-4122_S12__NODE_2391_length_5417_cov_23.200485	1	5417	0	0	0	0	0	0
MV-4128_S29__NODE_1192_length_5417_cov_16.219321	1	5417	0	0	0	0	0	0
cell-4125-0-44_S16__NODE_536_length_5417_cov_9.354718	1	5417	0	0	0	0	0	0
Biragzang__NODE_2560_length_5416_cov_64.316918	1	5416	0	0	0	0	0	0
cell-4125-0-44_S16__NODE_537_length_5416_cov_7.954113	1	5416	0	0	0	0	0	0
MV-4122_S12__NODE_2392_length_5415_cov_20.102799	1	5415	0	0	0	0	0	0
MV-4128_S29__NODE_1193_length_5415_cov_10.741045	1	5415	0	0	0	0	0	0
cell-4122-0-44_S10__NODE_504_length_5415_cov_12.626306	1	5415	0	0	0	0	0	0
Biragzang__NODE_2562_length_5412_cov_14.339556	1	5412	0	0	0	0	0	0
MV-4125_S18__NODE_2369_length_5412_cov_5.942132	1	5412	0	0	0	0	0	0
MV-4128_S29__NODE_1194_length_5411_cov_13.929238	1	5411	0	0	0	0	0	0
MV-4128_S29__NODE_1195_length_5411_cov_5.957431	1	5411	0	0	0	0	0	0
Biragzang__NODE_2564_length_5409_cov_58.420994	1	5409	0	0	0	0	0	0
MV-4122_S12__NODE_2393_length_5409_cov_8.264662	1	5409	0	0	0	0	0	0
MV-4125_S18__NODE_2371_length_5409_cov_14.816773	1	5409	0	0	0	0	0	0
cell-4125-0-44_S16__NODE_539_length_5409_cov_10.648674	1	5409	0	0	0	0	0	0
cell-4122-0-44_S10__NODE_505_length_5408_cov_60.098076	1	5408	0	0	0	0	0	0
cell-4125-0-44_S16__NODE_540_length_5408_cov_13.540631	1	5408	0	0	0	0	0	0
Biragzang__NODE_2569_length_5406_cov_5.268174	1	5406	0	0	0	0	0	0
MV-4128_S29__NODE_1196_length_5406_cov_28.997571	1	5406	0	0	0	0	0	0
Biragzang__NODE_2570_length_5405_cov_6.684112	1	5405	0	0	0	0	0	0
MV-4122_S12__NODE_2395_length_5403_cov_23.224196	1	5403	0	0	0	0	0	0
MV-4122_S12__NODE_2396_length_5403_cov_5.230180	1	5403	0	0	0	0	0	0
Biragzang__NODE_2572_length_5402_cov_22.949317	1	5402	0	0	0	0	0	0
Biragzang__NODE_2573_length_5402_cov_12.314943	1	5402	0	0	0	0	0	0
Biragzang__NODE_2574_length_5402_cov_6.699645	1	5402	0	0	0	0	0	0
Biragzang__NODE_2575_length_5402_cov_5.780251	1	5402	0	0	0	0	0	0
MV-4122_S12__NODE_2397_length_5402_cov_8.438377	1	5402	0	0	0	0	0	0
cell-4125-0-44_S16__NODE_541_length_5402_cov_11.924631	1	5402	0	0	0	0	0	0
cell-4125-0-44_S16__NODE_542_length_5402_cov_7.079671	1	5402	0	0	0	0	0	0
MV-4122_S12__NODE_2398_length_5401_cov_9.931351	1	5401	0	0	0	0	0	0
MV-4122_S12__NODE_2399_length_5401_cov_9.636925	1	5401	0	0	0	0	0	0
MV-4125_S18__NODE_2374_length_5400_cov_6.449205	1	5400	0	0	0	0	0	0
Biragzang__NODE_2578_length_5399_cov_14.679079	1	5399	0	0	0	0	0	0
MV-4128_S29__NODE_1198_length_5399_cov_10.255614	1	5399	0	0	0	0	0	0
MV-4122_S12__NODE_2400_length_5398_cov_4.814337	1	5398	0	0	0	0	0	0
Biragzang__NODE_2579_length_5397_cov_17.607638	1	5397	0	0	0	0	0	0
Biragzang__NODE_2580_length_5397_cov_7.624860	1	5397	0	0	0	0	0	0
cell-4122-0-44_S10__NODE_506_length_5397_cov_13.296331	1	5397	0	0	0	0	0	0
MV-4122_S12__NODE_2401_length_5395_cov_9.783521	1	5395	0	0	0	0	0	0
MV-4125_S18__NODE_2377_length_5395_cov_6.213109	1	5395	0	0	0	0	0	0
MV-4128_S29__NODE_1199_length_5394_cov_5.271961	1	5394	0	0	0	0	0	0
Biragzang__NODE_2582_length_5393_cov_5.316598	1	5393	0	0	0	0	0	0
MV-4122_S12__NODE_2402_length_5393_cov_16.950918	1	5393	0	0	0	0	0	0
MV-4128_S29__NODE_1200_length_5393_cov_14.762645	1	5393	0	0	0	0	0	0
MV-4128_S29__NODE_1202_length_5392_cov_25.978265	1	5392	0	0	0	0	0	0
cell-4125-0-44_S16__NODE_543_length_5392_cov_4.992693	1	5392	0	0	0	0	0	0
Biragzang__NODE_2583_length_5391_cov_7.960270	1	5391	0	0	0	0	0	0
MV-4122_S12__NODE_2403_length_5391_cov_5.785420	1	5391	0	0	0	0	0	0
MV-4122_S12__NODE_2404_length_5390_cov_28.412559	1	5390	0	0	0	0	0	0
Biragzang__NODE_2587_length_5389_cov_4.620172	1	5389	0	0	0	0	0	0
MV-4122_S12__NODE_2405_length_5389_cov_9.976378	1	5389	0	0	0	0	0	0
MV-4122_S12__NODE_2406_length_5389_cov_7.044432	1	5389	0	0	0	0	0	0
MV-4125_S18__NODE_2378_length_5389_cov_5.979378	1	5389	0	0	0	0	0	0
cell-4122-0-44_S10__NODE_507_length_5388_cov_9.724358	1	5388	0	0	0	0	0	0
Biragzang__NODE_2588_length_5387_cov_38.417479	1	5387	0	0	0	0	0	0
Biragzang__NODE_2589_length_5387_cov_5.211553	1	5387	0	0	0	0	0	0
MV-4125_S18__NODE_2379_length_5387_cov_31.107464	1	5387	0	0	0	0	0	0
MV-4125_S18__NODE_2380_length_5387_cov_24.085521	1	5387	0	0	0	0	0	0
Biragzang__NODE_2590_length_5386_cov_27.439130	1	5386	0	0	0	0	0	0
Biragzang__NODE_2591_length_5386_cov_5.356781	1	5386	0	0	0	0	0	0
MV-4125_S18__NODE_2381_length_5386_cov_21.266742	1	5386	0	0	0	0	0	0
MV-4125_S18__NODE_2382_length_5386_cov_8.352279	1	5386	0	0	0	0	0	0
MV-4122_S12__NODE_2407_length_5385_cov_16.107317	1	5385	0	0	0	0	0	0
Biragzang__NODE_2592_length_5383_cov_3.942380	1	5383	0	0	0	0	0	0
cell-4125-0-22_S17__NODE_12_length_5383_cov_10.818318	1	5383	0	0	0	0	0	0
MV-4128_S29__NODE_1203_length_5381_cov_9.021592	1	5381	0	0	0	0	0	0
cell-4122-0-44_S10__NODE_508_length_5380_cov_23.820469	1	5380	0	0	0	0	0	0
cell-4125-0-44_S16__NODE_545_length_5380_cov_4.761690	1	5380	0	0	0	0	0	0
MV-4128_S29__NODE_1204_length_5378_cov_19.253429	1	5378	0	0	0	0	0	0
MV-4122_S12__NODE_2409_length_5377_cov_7.173243	1	5377	0	0	0	0	0	0
cell-4122-0-44_S10__NODE_509_length_5377_cov_12.819053	1	5377	0	0	0	0	0	0
cell-4125-0-44_S16__NODE_546_length_5377_cov_8.274521	1	5377	0	0	0	0	0	0
MV-4122_S12__NODE_2410_length_5376_cov_4.130615	1	5376	0	0	0	0	0	0
Biragzang__NODE_2593_length_5375_cov_14.336842	1	5375	0	0	0	0	0	0
MV-4122_S12__NODE_2411_length_5375_cov_7.195489	1	5375	0	0	0	0	0	0
MV-4122_S12__NODE_2412_length_5375_cov_7.132519	1	5375	0	0	0	0	0	0
MV-4125_S18__NODE_2389_length_5374_cov_8.090807	1	5374	0	0	0	0	0	0
cell-4122-0-44_S10__NODE_510_length_5374_cov_49.406655	1	5374	0	0	0	0	0	0
cell-4125-0-44_S16__NODE_547_length_5374_cov_4.211694	1	5374	0	0	0	0	0	0
MV-4128_S29__NODE_1205_length_5373_cov_15.699323	1	5373	0	0	0	0	0	0
Biragzang__NODE_2594_length_5370_cov_6.416745	1	5370	0	0	0	0	0	0
Biragzang__NODE_2595_length_5369_cov_6.259315	1	5369	0	0	0	0	0	0
MV-4128_S29__NODE_1206_length_5369_cov_5.685548	1	5369	0	0	0	0	0	0
MV-4122_S12__NODE_2413_length_5368_cov_7.506117	1	5368	0	0	0	0	0	0
cell-4125-0-44_S16__NODE_549_length_5368_cov_6.571805	1	5368	0	0	0	0	0	0
cell-4125-0-44_S16__NODE_550_length_5368_cov_5.974967	1	5368	0	0	0	0	0	0
Biragzang__NODE_2596_length_5367_cov_12.576431	1	5367	0	0	0	0	0	0
cell-4125-0-44_S16__NODE_551_length_5366_cov_5.214272	1	5366	0	0	0	0	0	0
Biragzang__NODE_2599_length_5365_cov_16.863653	1	5365	0	0	0	0	0	0
MV-4122_S12__NODE_2414_length_5364_cov_13.596911	1	5364	0	0	0	0	0	0
MV-4122_S12__NODE_2415_length_5364_cov_11.106800	1	5364	0	0	0	0	0	0
MV-4122_S12__NODE_2416_length_5361_cov_6.730871	1	5361	0	0	0	0	0	0
MV-4122_S12__NODE_2417_length_5360_cov_8.546277	1	5360	0	0	0	0	0	0
cell-4125-0-44_S16__NODE_552_length_5360_cov_6.888030	1	5360	0	0	0	0	0	0
MV-4122_S12__NODE_2418_length_5359_cov_6.123680	1	5359	0	0	0	0	0	0
MV-4125_S18__NODE_2398_length_5359_cov_51.342760	1	5359	0	0	0	0	0	0
Biragzang__NODE_2601_length_5357_cov_7.910977	1	5357	0	0	0	0	0	0
MV-4125_S18__NODE_2399_length_5356_cov_8.133748	1	5356	0	0	0	0	0	0
MV-4122_S12__NODE_2420_length_5354_cov_12.844122	1	5354	0	0	0	0	0	0
MV-4128_S29__NODE_1207_length_5351_cov_5.799282	1	5351	0	0	0	0	0	0
Biragzang__NODE_2605_length_5350_cov_11.061568	1	5350	0	0	0	0	0	0
MV-4122_S12__NODE_2421_length_5350_cov_6.052314	1	5350	0	0	0	0	0	0
MV-4122_S12__NODE_2422_length_5349_cov_23.966944	1	5349	0	0	0	0	0	0
MV-4122_S12__NODE_2423_length_5349_cov_8.627314	1	5349	0	0	0	0	0	0
MV-4125_S18__NODE_2400_length_5349_cov_7.500756	1	5349	0	0	0	0	0	0
MV-4125_S18__NODE_2402_length_5347_cov_12.975246	1	5347	0	0	0	0	0	0
MV-4125_S18__NODE_2403_length_5347_cov_7.879630	1	5347	0	0	0	0	0	0
cell-4122-0-44_S10__NODE_511_length_5347_cov_17.858088	1	5347	0	0	0	0	0	0
Biragzang__NODE_2606_length_5346_cov_32.110187	1	5346	0	0	0	0	0	0
cell-4125-0-44_S16__NODE_553_length_5346_cov_6.987148	1	5346	0	0	0	0	0	0
Biragzang__NODE_2607_length_5344_cov_5.804689	1	5344	0	0	0	0	0	0
MV-4122_S12__NODE_2424_length_5344_cov_7.961618	1	5344	0	0	0	0	0	0
cell-4125-0-44_S16__NODE_554_length_5342_cov_5.763004	1	5342	0	0	0	0	0	0
MV-4122_S12__NODE_2425_length_5341_cov_15.282633	1	5341	0	0	0	0	0	0
MV-4122_S12__NODE_2426_length_5341_cov_4.953462	1	5341	0	0	0	0	0	0
Biragzang__NODE_2610_length_5340_cov_38.453359	1	5340	0	0	0	0	0	0
MV-4122_S12__NODE_2427_length_5340_cov_30.190161	1	5340	0	0	0	0	0	0
cell-4125-0-44_S16__NODE_555_length_5340_cov_8.844465	1	5340	0	0	0	0	0	0
Biragzang__NODE_2613_length_5339_cov_22.375284	1	5339	0	0	0	0	0	0
Biragzang__NODE_2614_length_5339_cov_14.672218	1	5339	0	0	0	0	0	0
Biragzang__NODE_2615_length_5338_cov_39.952678	1	5338	0	0	0	0	0	0
Biragzang__NODE_2616_length_5338_cov_6.124172	1	5338	0	0	0	0	0	0
MV-4122_S12__NODE_2428_length_5338_cov_191.763960	1	5338	0	0	0	0	0	0
MV-4122_S12__NODE_2429_length_5338_cov_15.902707	1	5338	0	0	0	0	0	0
MV-4125_S18__NODE_2407_length_5338_cov_25.092372	1	5338	0	0	0	0	0	0
cell-4122-0-44_S10__NODE_512_length_5338_cov_8.074011	1	5338	0	0	0	0	0	0
Biragzang__NODE_2617_length_5337_cov_33.023097	1	5337	0	0	0	0	0	0
MV-4128_S29__NODE_1209_length_5337_cov_769.388868	1	5337	0	0	0	0	0	0
MV-4122_S12__NODE_2430_length_5335_cov_7.498485	1	5335	0	0	0	0	0	0
Biragzang__NODE_2620_length_5334_cov_5.965524	1	5334	0	0	0	0	0	0
MV-4122_S12__NODE_2431_length_5334_cov_6.959841	1	5334	0	0	0	0	0	0
MV-4125_S18__NODE_2409_length_5334_cov_8.018375	1	5334	0	0	0	0	0	0
MV-4128_S29__NODE_1210_length_5334_cov_10.650881	1	5334	0	0	0	0	0	0
Biragzang__NODE_2621_length_5333_cov_21.245169	1	5333	0	0	0	0	0	0
MV-4122_S12__NODE_2433_length_5333_cov_8.958696	1	5333	0	0	0	0	0	0
cell-4125-0-44_S16__NODE_557_length_5333_cov_7.069913	1	5333	0	0	0	0	0	0
MV-4122_S12__NODE_2435_length_5331_cov_96.480857	1	5331	0	0	0	0	0	0
Biragzang__NODE_2625_length_5330_cov_13.294976	1	5330	0	0	0	0	0	0
Biragzang__NODE_2626_length_5330_cov_6.201327	1	5330	0	0	0	0	0	0
MV-4125_S18__NODE_2411_length_5330_cov_7.262180	1	5330	0	0	0	0	0	0
MV-4122_S12__NODE_2436_length_5329_cov_21.268297	1	5329	0	0	0	0	0	0
MV-4128_S29__NODE_1212_length_5329_cov_26.323474	1	5329	0	0	0	0	0	0
Biragzang__NODE_2631_length_5328_cov_4.036602	1	5328	0	0	0	0	0	0
MV-4128_S29__NODE_1213_length_5328_cov_19.449839	1	5328	0	0	0	0	0	0
Biragzang__NODE_2632_length_5327_cov_5.040781	1	5327	0	0	0	0	0	0
MV-4122_S12__NODE_2437_length_5326_cov_20.369000	1	5326	0	0	0	0	0	0
MV-4128_S29__NODE_1214_length_5326_cov_13.029406	1	5326	0	0	0	0	0	0
Biragzang__NODE_2633_length_5325_cov_11.314991	1	5325	0	0	0	0	0	0
Biragzang__NODE_2634_length_5325_cov_7.449336	1	5325	0	0	0	0	0	0
MV-4122_S12__NODE_2438_length_5325_cov_4.525237	1	5325	0	0	0	0	0	0
cell-4125-0-44_S16__NODE_559_length_5325_cov_5.505882	1	5325	0	0	0	0	0	0
Biragzang__NODE_2635_length_5324_cov_4.352249	1	5324	0	0	0	0	0	0
Biragzang__NODE_2636_length_5323_cov_7.435649	1	5323	0	0	0	0	0	0
MV-4125_S18__NODE_2412_length_5323_cov_136.497722	1	5323	0	0	0	0	0	0
MV-4128_S29__NODE_1215_length_5323_cov_3.524867	1	5323	0	0	0	0	0	0
cell-4125-0-44_S16__NODE_561_length_5323_cov_5.108580	1	5323	0	0	0	0	0	0
Biragzang__NODE_2638_length_5322_cov_7.515474	1	5322	0	0	0	0	0	0
Biragzang__NODE_2639_length_5320_cov_5.524786	1	5320	0	0	0	0	0	0
MV-4125_S18__NODE_2413_length_5320_cov_7.779867	1	5320	0	0	0	0	0	0
MV-4122_S12__NODE_2439_length_5319_cov_9.215426	1	5319	0	0	0	0	0	0
MV-4122_S12__NODE_2440_length_5319_cov_6.101254	1	5319	0	0	0	0	0	0
cell-4125-0-44_S16__NODE_562_length_5319_cov_10.484233	1	5319	0	0	0	0	0	0
Biragzang__NODE_2640_length_5318_cov_39.116854	1	5318	0	0	0	0	0	0
Biragzang__NODE_2641_length_5317_cov_14.312239	1	5317	0	0	0	0	0	0
cell-4125-0-44_S16__NODE_564_length_5317_cov_5.980236	1	5317	0	0	0	0	0	0
cell-4125-0-44_S16__NODE_565_length_5317_cov_5.271950	1	5317	0	0	0	0	0	0
cell-4122-0-44_S10__NODE_513_length_5315_cov_44.643726	1	5315	0	0	0	0	0	0
cell-4125-0-44_S16__NODE_566_length_5314_cov_5.949990	1	5314	0	0	0	0	0	0
Biragzang__NODE_2644_length_5313_cov_15.260555	1	5313	0	0	0	0	0	0
Biragzang__NODE_2645_length_5313_cov_4.685051	1	5313	0	0	0	0	0	0
cell-4122-0-44_S10__NODE_514_length_5312_cov_27.252996	1	5312	0	0	0	0	0	0
MV-4122_S12__NODE_2442_length_5310_cov_25.963463	1	5310	0	0	0	0	0	0
MV-4128_S29__NODE_1216_length_5310_cov_22.478021	1	5310	0	0	0	0	0	0
Biragzang__NODE_2649_length_5309_cov_5.873049	1	5309	0	0	0	0	0	0
Biragzang__NODE_2650_length_5309_cov_5.703083	1	5309	0	0	0	0	0	0
MV-4125_S18__NODE_2418_length_5309_cov_7.241150	1	5309	0	0	0	0	0	0
cell-4122-0-44_S10__NODE_515_length_5309_cov_29.940997	1	5309	0	0	0	0	0	0
cell-4125-0-44_S16__NODE_568_length_5309_cov_6.066235	1	5309	0	0	0	0	0	0
Biragzang__NODE_2652_length_5307_cov_6.103199	1	5307	0	0	0	0	0	0
MV-4122_S12__NODE_2443_length_5307_cov_21.508187	1	5307	0	0	0	0	0	0
cell-4122-0-44_S10__NODE_516_length_5307_cov_13.113671	1	5307	0	0	0	0	0	0
Biragzang__NODE_2653_length_5306_cov_6.488669	1	5306	0	0	0	0	0	0
Biragzang__NODE_2654_length_5305_cov_5.951810	1	5305	0	0	0	0	0	0
MV-4125_S18__NODE_2421_length_5305_cov_6.144000	1	5305	0	0	0	0	0	0
cell-4122-0-44_S10__NODE_517_length_5305_cov_29.414476	1	5305	0	0	0	0	0	0
Biragzang__NODE_2655_length_5304_cov_7.147647	1	5304	0	0	0	0	0	0
Biragzang__NODE_2656_length_5304_cov_6.183654	1	5304	0	0	0	0	0	0
MV-4122_S12__NODE_2444_length_5304_cov_11.857116	1	5304	0	0	0	0	0	0
cell-4125-0-44_S16__NODE_569_length_5304_cov_10.958278	1	5304	0	0	0	0	0	0
cell-4125-0-44_S16__NODE_570_length_5303_cov_7.654535	1	5303	0	0	0	0	0	0
Biragzang__NODE_2657_length_5302_cov_5.984563	1	5302	0	0	0	0	0	0
MV-4122_S12__NODE_2445_length_5302_cov_21.755479	1	5302	0	0	0	0	0	0
MV-4125_S18__NODE_2425_length_5302_cov_6.269106	1	5302	0	0	0	0	0	0
cell-4125-0-44_S16__NODE_571_length_5302_cov_5.655613	1	5302	0	0	0	0	0	0
MV-4122_S12__NODE_2446_length_5301_cov_8.924895	1	5301	0	0	0	0	0	0
MV-4125_S18__NODE_2427_length_5301_cov_7.899352	1	5301	0	0	0	0	0	0
MV-4128_S29__NODE_1218_length_5301_cov_13.170416	1	5301	0	0	0	0	0	0
cell-4125-0-44_S16__NODE_572_length_5301_cov_7.406786	1	5301	0	0	0	0	0	0
MV-4128_S29__NODE_1219_length_5300_cov_18.243470	1	5300	0	0	0	0	0	0
cell-4125-0-44_S16__NODE_573_length_5300_cov_6.588561	1	5300	0	0	0	0	0	0
Biragzang__NODE_2659_length_5299_cov_6.032990	1	5299	0	0	0	0	0	0
MV-4122_S12__NODE_2447_length_5298_cov_6.134656	1	5298	0	0	0	0	0	0
MV-4128_S29__NODE_1220_length_5298_cov_8.794965	1	5298	0	0	0	0	0	0
cell-4125-0-44_S16__NODE_574_length_5298_cov_8.453557	1	5298	0	0	0	0	0	0
MV-4122_S12__NODE_2448_length_5297_cov_21.810568	1	5297	0	0	0	0	0	0
Biragzang__NODE_2660_length_5295_cov_12.669656	1	5295	0	0	0	0	0	0
Biragzang__NODE_2661_length_5295_cov_4.166603	1	5295	0	0	0	0	0	0
Biragzang__NODE_2662_length_5294_cov_4.344341	1	5294	0	0	0	0	0	0
MV-4122_S12__NODE_2449_length_5294_cov_6.263218	1	5294	0	0	0	0	0	0
cell-4125-0-44_S16__NODE_575_length_5294_cov_11.275816	1	5294	0	0	0	0	0	0
Biragzang__NODE_2663_length_5293_cov_11.399198	1	5293	0	0	0	0	0	0
MV-4125_S18__NODE_2433_length_5292_cov_22.806378	1	5292	0	0	0	0	0	0
MV-4125_S18__NODE_2434_length_5292_cov_20.922666	1	5292	0	0	0	0	0	0
cell-4125-0-44_S16__NODE_576_length_5292_cov_7.115142	1	5292	0	0	0	0	0	0
Biragzang__NODE_2666_length_5291_cov_6.267571	1	5291	0	0	0	0	0	0
Biragzang__NODE_2667_length_5291_cov_3.995034	1	5291	0	0	0	0	0	0
MV-4125_S18__NODE_2435_length_5291_cov_7.110390	1	5291	0	0	0	0	0	0
MV-4128_S29__NODE_1222_length_5291_cov_22.982047	1	5291	0	0	0	0	0	0
cell-4122-0-44_S10__NODE_518_length_5291_cov_30.714286	1	5291	0	0	0	0	0	0
MV-4125_S18__NODE_2437_length_5290_cov_7.590449	1	5290	0	0	0	0	0	0
cell-4122-0-44_S10__NODE_519_length_5289_cov_67.124570	1	5289	0	0	0	0	0	0
Biragzang__NODE_2668_length_5288_cov_50.855150	1	5288	0	0	0	0	0	0
Biragzang__NODE_2669_length_5286_cov_5.576563	1	5286	0	0	0	0	0	0
cell-4125-0-44_S16__NODE_577_length_5286_cov_10.076658	1	5286	0	0	0	0	0	0
Biragzang__NODE_2670_length_5283_cov_46.631217	1	5283	0	0	0	0	0	0
MV-4125_S18__NODE_2439_length_5282_cov_23.240099	1	5282	0	0	0	0	0	0
Biragzang__NODE_2672_length_5280_cov_14.695885	1	5280	0	0	0	0	0	0
Biragzang__NODE_2673_length_5280_cov_11.405933	1	5280	0	0	0	0	0	0
MV-4122_S12__NODE_2451_length_5280_cov_10.581818	1	5280	0	0	0	0	0	0
MV-4128_S29__NODE_1223_length_5279_cov_26.269525	1	5279	0	0	0	0	0	0
Biragzang__NODE_2675_length_5278_cov_5.065288	1	5278	0	0	0	0	0	0
MV-4122_S12__NODE_2452_length_5278_cov_11.769673	1	5278	0	0	0	0	0	0
MV-4125_S18__NODE_2441_length_5278_cov_5.827302	1	5278	0	0	0	0	0	0
MV-4125_S18__NODE_2442_length_5275_cov_15.727203	1	5275	0	0	0	0	0	0
MV-4128_S29__NODE_1226_length_5275_cov_4.972797	1	5275	0	0	0	0	0	0
MV-4128_S29__NODE_1227_length_5274_cov_7.132592	1	5274	0	0	0	0	0	0
MV-4122_S12__NODE_2453_length_5273_cov_5.354925	1	5273	0	0	0	0	0	0
cell-4125-0-44_S16__NODE_579_length_5273_cov_7.700268	1	5273	0	0	0	0	0	0
Biragzang__NODE_2680_length_5272_cov_40.070730	1	5272	0	0	0	0	0	0
MV-4122_S12__NODE_2454_length_5271_cov_30.179831	1	5271	0	0	0	0	0	0
MV-4122_S12__NODE_2455_length_5271_cov_4.992715	1	5271	0	0	0	0	0	0
cell-4122-0-44_S10__NODE_520_length_5270_cov_17.358006	1	5270	0	0	0	0	0	0
Biragzang__NODE_2682_length_5269_cov_19.478519	1	5269	0	0	0	0	0	0
cell-4125-0-44_S16__NODE_581_length_5269_cov_7.937284	1	5269	0	0	0	0	0	0
Biragzang__NODE_2683_length_5268_cov_5.910224	1	5268	0	0	0	0	0	0
Biragzang__NODE_2684_length_5268_cov_4.308076	1	5268	0	0	0	0	0	0
cell-4122-0-44_S10__NODE_521_length_5267_cov_12.856869	1	5267	0	0	0	0	0	0
MV-4122_S12__NODE_2456_length_5266_cov_4.700825	1	5266	0	0	0	0	0	0
MV-4128_S29__NODE_1229_length_5266_cov_30.382460	1	5266	0	0	0	0	0	0
MV-4128_S29__NODE_1230_length_5266_cov_4.156784	1	5266	0	0	0	0	0	0
MV-4122_S12__NODE_2457_length_5264_cov_25.924746	1	5264	0	0	0	0	0	0
MV-4122_S12__NODE_2458_length_5264_cov_6.055865	1	5264	0	0	0	0	0	0
Biragzang__NODE_2688_length_5263_cov_6.534370	1	5263	0	0	0	0	0	0
MV-4125_S18__NODE_2449_length_5263_cov_6.515745	1	5263	0	0	0	0	0	0
MV-4125_S18__NODE_2450_length_5263_cov_4.943740	1	5263	0	0	0	0	0	0
cell-4125-0-44_S16__NODE_582_length_5262_cov_8.980795	1	5262	0	0	0	0	0	0
Biragzang__NODE_2689_length_5261_cov_13.394929	1	5261	0	0	0	0	0	0
MV-4122_S12__NODE_2459_length_5261_cov_21.724549	1	5261	0	0	0	0	0	0
MV-4122_S12__NODE_2460_length_5260_cov_73.185207	1	5260	0	0	0	0	0	0
cell-4125-0-44_S16__NODE_583_length_5260_cov_6.712584	1	5260	0	0	0	0	0	0
Biragzang__NODE_2691_length_5259_cov_13.011145	1	5259	0	0	0	0	0	0
MV-4125_S18__NODE_2452_length_5259_cov_6.777479	1	5259	0	0	0	0	0	0
MV-4122_S12__NODE_2461_length_5258_cov_13.119162	1	5258	0	0	0	0	0	0
MV-4122_S12__NODE_2462_length_5257_cov_5.047674	1	5257	0	0	0	0	0	0
Biragzang__NODE_2694_length_5256_cov_11.042300	1	5256	0	0	0	0	0	0
MV-4122_S12__NODE_2463_length_5255_cov_4.867115	1	5255	0	0	0	0	0	0
MV-4125_S18__NODE_2455_length_5255_cov_15.800769	1	5255	0	0	0	0	0	0
cell-4125-0-22_S17__NODE_13_length_5255_cov_5.680577	1	5255	0	0	0	0	0	0
Biragzang__NODE_2695_length_5254_cov_6.678784	1	5254	0	0	0	0	0	0
MV-4128_S29__NODE_1231_length_5253_cov_28.852636	1	5253	0	0	0	0	0	0
MV-4122_S12__NODE_2465_length_5252_cov_37.358091	1	5252	0	0	0	0	0	0
MV-4122_S12__NODE_2466_length_5252_cov_21.730614	1	5252	0	0	0	0	0	0
cell-4125-0-44_S16__NODE_585_length_5251_cov_6.921671	1	5251	0	0	0	0	0	0
MV-4125_S18__NODE_2458_length_5250_cov_19.616362	1	5250	0	0	0	0	0	0
MV-4128_S29__NODE_1232_length_5249_cov_14.315556	1	5249	0	0	0	0	0	0
cell-4125-0-44_S16__NODE_586_length_5249_cov_5.356758	1	5249	0	0	0	0	0	0
Biragzang__NODE_2698_length_5248_cov_10.390141	1	5248	0	0	0	0	0	0
Biragzang__NODE_2699_length_5248_cov_4.975159	1	5248	0	0	0	0	0	0
Biragzang__NODE_2700_length_5247_cov_63.368451	1	5247	0	0	0	0	0	0
MV-4122_S12__NODE_2468_length_5247_cov_24.632126	1	5247	0	0	0	0	0	0
cell-4125-0-44_S16__NODE_587_length_5246_cov_7.935851	1	5246	0	0	0	0	0	0
Biragzang__NODE_2701_length_5244_cov_6.663134	1	5244	0	0	0	0	0	0
MV-4125_S18__NODE_2462_length_5244_cov_7.315282	1	5244	0	0	0	0	0	0
cell-4125-0-44_S16__NODE_588_length_5244_cov_4.535941	1	5244	0	0	0	0	0	0
MV-4122_S12__NODE_2470_length_5243_cov_10.582305	1	5243	0	0	0	0	0	0
MV-4125_S18__NODE_2463_length_5243_cov_22.488628	1	5243	0	0	0	0	0	0
MV-4125_S18__NODE_2464_length_5243_cov_17.699884	1	5243	0	0	0	0	0	0
MV-4125_S18__NODE_2465_length_5243_cov_9.836739	1	5243	0	0	0	0	0	0
MV-4122_S12__NODE_2471_length_5242_cov_10.423944	1	5242	0	0	0	0	0	0
cell-4125-0-44_S16__NODE_589_length_5242_cov_6.112204	1	5242	0	0	0	0	0	0
Biragzang__NODE_2702_length_5241_cov_32.300039	1	5241	0	0	0	0	0	0
Biragzang__NODE_2703_length_5240_cov_47.298168	1	5240	0	0	0	0	0	0
MV-4128_S29__NODE_1234_length_5239_cov_5.394290	1	5239	0	0	0	0	0	0
cell-4125-0-44_S16__NODE_590_length_5239_cov_5.707755	1	5239	0	0	0	0	0	0
MV-4122_S12__NODE_2472_length_5238_cov_21.002894	1	5238	0	0	0	0	0	0
MV-4128_S29__NODE_1235_length_5238_cov_25.125796	1	5238	0	0	0	0	0	0
Biragzang__NODE_2705_length_5237_cov_40.158626	1	5237	0	0	0	0	0	0
Biragzang__NODE_2706_length_5237_cov_7.530297	1	5237	0	0	0	0	0	0
Biragzang__NODE_2707_length_5237_cov_6.289078	1	5237	0	0	0	0	0	0
MV-4122_S12__NODE_2473_length_5237_cov_6.392127	1	5237	0	0	0	0	0	0
MV-4125_S18__NODE_2467_length_5237_cov_22.871671	1	5237	0	0	0	0	0	0
MV-4128_S29__NODE_1236_length_5236_cov_5.942289	1	5236	0	0	0	0	0	0
MV-4122_S12__NODE_2474_length_5235_cov_11.819305	1	5235	0	0	0	0	0	0
MV-4122_S12__NODE_2475_length_5235_cov_10.207529	1	5235	0	0	0	0	0	0
MV-4122_S12__NODE_2476_length_5235_cov_5.253668	1	5235	0	0	0	0	0	0
MV-4122_S12__NODE_2477_length_5235_cov_4.674517	1	5235	0	0	0	0	0	0
cell-4122-0-44_S10__NODE_522_length_5235_cov_19.894981	1	5235	0	0	0	0	0	0
cell-4122-0-44_S10__NODE_523_length_5235_cov_17.398069	1	5235	0	0	0	0	0	0
Biragzang__NODE_2709_length_5233_cov_48.877173	1	5233	0	0	0	0	0	0
MV-4128_S29__NODE_1237_length_5233_cov_14.345886	1	5233	0	0	0	0	0	0
Biragzang__NODE_2712_length_5231_cov_7.403787	1	5231	0	0	0	0	0	0
Biragzang__NODE_2714_length_5229_cov_6.184383	1	5229	0	0	0	0	0	0
cell-4122-0-44_S10__NODE_524_length_5229_cov_12.774256	1	5229	0	0	0	0	0	0
Biragzang__NODE_2717_length_5228_cov_5.583994	1	5228	0	0	0	0	0	0
Biragzang__NODE_2718_length_5228_cov_3.551324	1	5228	0	0	0	0	0	0
MV-4122_S12__NODE_2478_length_5228_cov_5.358979	1	5228	0	0	0	0	0	0
Biragzang__NODE_2719_length_5227_cov_16.089520	1	5227	0	0	0	0	0	0
MV-4122_S12__NODE_2479_length_5227_cov_11.264695	1	5227	0	0	0	0	0	0
cell-4122-0-44_S10__NODE_525_length_5225_cov_16.128820	1	5225	0	0	0	0	0	0
Biragzang__NODE_2720_length_5223_cov_6.635255	1	5223	0	0	0	0	0	0
MV-4128_S29__NODE_1239_length_5223_cov_28.550310	1	5223	0	0	0	0	0	0
Biragzang__NODE_2721_length_5222_cov_4.125992	1	5222	0	0	0	0	0	0
MV-4122_S12__NODE_2481_length_5222_cov_8.099284	1	5222	0	0	0	0	0	0
Biragzang__NODE_2723_length_5220_cov_13.666602	1	5220	0	0	0	0	0	0
Biragzang__NODE_2725_length_5219_cov_48.894655	1	5219	0	0	0	0	0	0
Biragzang__NODE_2726_length_5219_cov_25.473277	1	5219	0	0	0	0	0	0
MV-4125_S18__NODE_2474_length_5219_cov_10.194810	1	5219	0	0	0	0	0	0
MV-4125_S18__NODE_2475_length_5218_cov_15.915553	1	5218	0	0	0	0	0	0
Biragzang__NODE_2727_length_5217_cov_29.364587	1	5217	0	0	0	0	0	0
cell-4125-0-44_S16__NODE_591_length_5217_cov_4.992251	1	5217	0	0	0	0	0	0
Biragzang__NODE_2728_length_5215_cov_58.247481	1	5215	0	0	0	0	0	0
MV-4128_S29__NODE_1240_length_5215_cov_5.511047	1	5215	0	0	0	0	0	0
Biragzang__NODE_2730_length_5214_cov_14.618143	1	5214	0	0	0	0	0	0
MV-4125_S18__NODE_2479_length_5214_cov_7.076178	1	5214	0	0	0	0	0	0
cell-4125-0-44_S16__NODE_592_length_5214_cov_4.941268	1	5214	0	0	0	0	0	0
Biragzang__NODE_2731_length_5213_cov_48.162854	1	5213	0	0	0	0	0	0
Biragzang__NODE_2732_length_5213_cov_5.305739	1	5213	0	0	0	0	0	0
MV-4125_S18__NODE_2480_length_5213_cov_22.887941	1	5213	0	0	0	0	0	0
MV-4125_S18__NODE_2481_length_5213_cov_8.981388	1	5213	0	0	0	0	0	0
cell-4125-0-44_S16__NODE_593_length_5213_cov_24.524622	1	5213	0	0	0	0	0	0
MV-4128_S29__NODE_1242_length_5212_cov_13.186736	1	5212	0	0	0	0	0	0
cell-4125-0-44_S16__NODE_594_length_5212_cov_4.698856	1	5212	0	0	0	0	0	0
Biragzang__NODE_2733_length_5211_cov_33.770171	1	5211	0	0	0	0	0	0
Biragzang__NODE_2734_length_5211_cov_21.816524	1	5211	0	0	0	0	0	0
cell-4125-0-44_S16__NODE_596_length_5209_cov_5.458091	1	5209	0	0	0	0	0	0
MV-4122_S12__NODE_2482_length_5208_cov_11.526295	1	5208	0	0	0	0	0	0
MV-4128_S29__NODE_1243_length_5208_cov_12.962158	1	5208	0	0	0	0	0	0
Biragzang__NODE_2739_length_5206_cov_16.787420	1	5206	0	0	0	0	0	0
Biragzang__NODE_2740_length_5205_cov_47.160777	1	5205	0	0	0	0	0	0
MV-4122_S12__NODE_2483_length_5205_cov_73.046019	1	5205	0	0	0	0	0	0
cell-4122-0-44_S10__NODE_526_length_5205_cov_18.396117	1	5205	0	0	0	0	0	0
Biragzang__NODE_2741_length_5204_cov_6.763838	1	5204	0	0	0	0	0	0
MV-4122_S12__NODE_2484_length_5204_cov_30.650612	1	5204	0	0	0	0	0	0
MV-4122_S12__NODE_2485_length_5204_cov_11.535444	1	5204	0	0	0	0	0	0
MV-4122_S12__NODE_2486_length_5203_cov_5.046814	1	5203	0	0	0	0	0	0
MV-4122_S12__NODE_2487_length_5202_cov_7.365261	1	5202	0	0	0	0	0	0
MV-4128_S29__NODE_1244_length_5201_cov_19.898368	1	5201	0	0	0	0	0	0
MV-4125_S18__NODE_2488_length_5200_cov_8.547328	1	5200	0	0	0	0	0	0
cell-4122-0-44_S10__NODE_527_length_5199_cov_19.667963	1	5199	0	0	0	0	0	0
MV-4122_S12__NODE_2489_length_5197_cov_7.442240	1	5197	0	0	0	0	0	0
cell-4122-0-44_S10__NODE_528_length_5197_cov_13.509529	1	5197	0	0	0	0	0	0
MV-4128_S29__NODE_1246_length_5196_cov_9.580626	1	5196	0	0	0	0	0	0
cell-4122-0-44_S10__NODE_529_length_5196_cov_10.424431	1	5196	0	0	0	0	0	0
MV-4122_S12__NODE_2490_length_5195_cov_12.450195	1	5195	0	0	0	0	0	0
MV-4125_S18__NODE_2495_length_5195_cov_7.610895	1	5195	0	0	0	0	0	0
MV-4122_S12__NODE_2491_length_5194_cov_4.531232	1	5194	0	0	0	0	0	0
MV-4128_S29__NODE_1247_length_5194_cov_11.592917	1	5194	0	0	0	0	0	0
cell-4125-0-44_S16__NODE_598_length_5194_cov_7.828955	1	5194	0	0	0	0	0	0
Biragzang__NODE_2745_length_5193_cov_10.800117	1	5193	0	0	0	0	0	0
MV-4122_S12__NODE_2492_length_5192_cov_23.685030	1	5192	0	0	0	0	0	0
MV-4122_S12__NODE_2493_length_5191_cov_6.748952	1	5191	0	0	0	0	0	0
MV-4122_S12__NODE_2494_length_5189_cov_13.610440	1	5189	0	0	0	0	0	0
MV-4125_S18__NODE_2496_length_5189_cov_7.394819	1	5189	0	0	0	0	0	0
Biragzang__NODE_2747_length_5188_cov_46.604909	1	5188	0	0	0	0	0	0
Biragzang__NODE_2749_length_5186_cov_5.506529	1	5186	0	0	0	0	0	0
MV-4122_S12__NODE_2496_length_5186_cov_8.611382	1	5186	0	0	0	0	0	0
cell-4122-0-44_S10__NODE_530_length_5186_cov_11.744299	1	5186	0	0	0	0	0	0
Biragzang__NODE_2750_length_5185_cov_12.876998	1	5185	0	0	0	0	0	0
Biragzang__NODE_2753_length_5185_cov_3.956530	1	5185	0	0	0	0	0	0
cell-4125-0-44_S16__NODE_599_length_5185_cov_9.168421	1	5185	0	0	0	0	0	0
Biragzang__NODE_2754_length_5183_cov_12.551677	1	5183	0	0	0	0	0	0
cell-4122-0-44_S10__NODE_531_length_5183_cov_12.506240	1	5183	0	0	0	0	0	0
MV-4125_S18__NODE_2498_length_5182_cov_7.761459	1	5182	0	0	0	0	0	0
cell-4122-0-44_S10__NODE_532_length_5180_cov_45.820488	1	5180	0	0	0	0	0	0
Biragzang__NODE_2756_length_5179_cov_21.257221	1	5179	0	0	0	0	0	0
MV-4125_S18__NODE_2499_length_5178_cov_14.974624	1	5178	0	0	0	0	0	0
MV-4125_S18__NODE_2500_length_5178_cov_10.925044	1	5178	0	0	0	0	0	0
cell-4125-0-44_S16__NODE_600_length_5178_cov_5.902401	1	5178	0	0	0	0	0	0
MV-4128_S29__NODE_1250_length_5177_cov_21.926201	1	5177	0	0	0	0	0	0
cell-4125-0-44_S16__NODE_601_length_5177_cov_7.055838	1	5177	0	0	0	0	0	0
Biragzang__NODE_2758_length_5176_cov_4.916813	1	5176	0	0	0	0	0	0
Biragzang__NODE_2759_length_5175_cov_23.230078	1	5175	0	0	0	0	0	0
cell-4122-0-44_S10__NODE_533_length_5175_cov_15.049609	1	5175	0	0	0	0	0	0
cell-4125-0-44_S16__NODE_602_length_5175_cov_4.362305	1	5175	0	0	0	0	0	0
Biragzang__NODE_2760_length_5174_cov_6.016214	1	5174	0	0	0	0	0	0
MV-4125_S18__NODE_2504_length_5174_cov_7.304747	1	5174	0	0	0	0	0	0
MV-4125_S18__NODE_2505_length_5173_cov_10.183665	1	5173	0	0	0	0	0	0
Biragzang__NODE_2762_length_5171_cov_86.895231	1	5171	0	0	0	0	0	0
Biragzang__NODE_2763_length_5171_cov_6.149335	1	5171	0	0	0	0	0	0
MV-4128_S29__NODE_1251_length_5170_cov_14.848876	1	5170	0	0	0	0	0	0
Biragzang__NODE_2764_length_5169_cov_5.752053	1	5169	0	0	0	0	0	0
MV-4122_S12__NODE_2497_length_5169_cov_13.262026	1	5169	0	0	0	0	0	0
MV-4125_S18__NODE_2506_length_5169_cov_19.732499	1	5169	0	0	0	0	0	0
MV-4125_S18__NODE_2508_length_5169_cov_7.255182	1	5169	0	0	0	0	0	0
MV-4128_S29__NODE_1252_length_5169_cov_23.621822	1	5169	0	0	0	0	0	0
MV-4128_S29__NODE_1253_length_5169_cov_10.143723	1	5169	0	0	0	0	0	0
Biragzang__NODE_2765_length_5168_cov_6.892235	1	5168	0	0	0	0	0	0
MV-4122_S12__NODE_2498_length_5168_cov_12.807941	1	5168	0	0	0	0	0	0
Biragzang__NODE_2766_length_5167_cov_12.436620	1	5167	0	0	0	0	0	0
MV-4125_S18__NODE_2509_length_5167_cov_7.309272	1	5167	0	0	0	0	0	0
Biragzang__NODE_2767_length_5166_cov_12.979065	1	5166	0	0	0	0	0	0
Biragzang__NODE_2768_length_5166_cov_10.576404	1	5166	0	0	0	0	0	0
MV-4122_S12__NODE_2499_length_5166_cov_21.927607	1	5166	0	0	0	0	0	0
Biragzang__NODE_2769_length_5165_cov_5.579061	1	5165	0	0	0	0	0	0
MV-4128_S29__NODE_1254_length_5165_cov_26.970254	1	5165	0	0	0	0	0	0
MV-4122_S12__NODE_2500_length_5163_cov_9.297181	1	5163	0	0	0	0	0	0
MV-4125_S18__NODE_2511_length_5163_cov_10.819499	1	5163	0	0	0	0	0	0
MV-4125_S18__NODE_2512_length_5163_cov_7.806186	1	5163	0	0	0	0	0	0
cell-4122-0-44_S10__NODE_534_length_5162_cov_22.372626	1	5162	0	0	0	0	0	0
cell-4125-0-44_S16__NODE_603_length_5162_cov_5.965146	1	5162	0	0	0	0	0	0
Biragzang__NODE_2770_length_5161_cov_5.128672	1	5161	0	0	0	0	0	0
cell-4125-0-44_S16__NODE_604_length_5161_cov_10.055033	1	5161	0	0	0	0	0	0
Biragzang__NODE_2772_length_5160_cov_9.455044	1	5160	0	0	0	0	0	0
Biragzang__NODE_2773_length_5160_cov_6.555730	1	5160	0	0	0	0	0	0
cell-4125-0-44_S16__NODE_605_length_5160_cov_7.893634	1	5160	0	0	0	0	0	0
Biragzang__NODE_2774_length_5159_cov_19.235502	1	5159	0	0	0	0	0	0
MV-4122_S12__NODE_2501_length_5159_cov_7.056622	1	5159	0	0	0	0	0	0
cell-4122-0-44_S10__NODE_535_length_5159_cov_10.712970	1	5159	0	0	0	0	0	0
Biragzang__NODE_2775_length_5158_cov_10.507349	1	5158	0	0	0	0	0	0
Biragzang__NODE_2776_length_5156_cov_46.265634	1	5156	0	0	0	0	0	0
MV-4122_S12__NODE_2502_length_5156_cov_12.408939	1	5156	0	0	0	0	0	0
MV-4122_S12__NODE_2503_length_5156_cov_5.143109	1	5156	0	0	0	0	0	0
MV-4122_S12__NODE_2504_length_5156_cov_4.826701	1	5156	0	0	0	0	0	0
MV-4128_S29__NODE_1255_length_5156_cov_6.667124	1	5156	0	0	0	0	0	0
MV-4122_S12__NODE_2505_length_5155_cov_4.549412	1	5155	0	0	0	0	0	0
MV-4122_S12__NODE_2506_length_5153_cov_19.461161	1	5153	0	0	0	0	0	0
Biragzang__NODE_2780_length_5151_cov_4.960950	1	5151	0	0	0	0	0	0
cell-4125-0-44_S16__NODE_608_length_5151_cov_5.017465	1	5151	0	0	0	0	0	0
Biragzang__NODE_2781_length_5149_cov_5.844130	1	5149	0	0	0	0	0	0
MV-4128_S29__NODE_1256_length_5148_cov_29.651679	1	5148	0	0	0	0	0	0
cell-4125-0-44_S16__NODE_609_length_5148_cov_9.417828	1	5148	0	0	0	0	0	0
cell-4125-0-44_S16__NODE_610_length_5148_cov_4.052425	1	5148	0	0	0	0	0	0
Biragzang__NODE_2782_length_5144_cov_4.197288	1	5144	0	0	0	0	0	0
cell-4122-0-22_S11__NODE_236_length_5144_cov_14.583022	1	5144	0	0	0	0	0	0
MV-4122_S12__NODE_2508_length_5142_cov_4.835660	1	5142	0	0	0	0	0	0
Biragzang__NODE_2783_length_5141_cov_13.673417	1	5141	0	0	0	0	0	0
MV-4122_S12__NODE_2509_length_5141_cov_39.042863	1	5141	0	0	0	0	0	0
Biragzang__NODE_2784_length_5140_cov_31.302262	1	5140	0	0	0	0	0	0
MV-4122_S12__NODE_2510_length_5140_cov_8.635988	1	5140	0	0	0	0	0	0
MV-4125_S18__NODE_2525_length_5139_cov_6.535208	1	5139	0	0	0	0	0	0
MV-4122_S12__NODE_2511_length_5138_cov_6.197324	1	5138	0	0	0	0	0	0
cell-4122-0-44_S10__NODE_536_length_5138_cov_58.319890	1	5138	0	0	0	0	0	0
cell-4125-0-22_S17__NODE_14_length_5137_cov_11.219599	1	5137	0	0	0	0	0	0
Biragzang__NODE_2786_length_5136_cov_5.451092	1	5136	0	0	0	0	0	0
MV-4122_S12__NODE_2512_length_5136_cov_76.074592	1	5136	0	0	0	0	0	0
Biragzang__NODE_2787_length_5135_cov_14.458661	1	5135	0	0	0	0	0	0
MV-4128_S29__NODE_1257_length_5135_cov_19.258661	1	5135	0	0	0	0	0	0
MV-4128_S29__NODE_1258_length_5135_cov_12.576181	1	5135	0	0	0	0	0	0
cell-4125-0-44_S16__NODE_611_length_5135_cov_6.012205	1	5135	0	0	0	0	0	0
Biragzang__NODE_2790_length_5134_cov_7.053160	1	5134	0	0	0	0	0	0
Biragzang__NODE_2791_length_5133_cov_4.020677	1	5133	0	0	0	0	0	0
MV-4128_S29__NODE_1259_length_5133_cov_30.604372	1	5133	0	0	0	0	0	0
Biragzang__NODE_2792_length_5132_cov_4.651172	1	5132	0	0	0	0	0	0
MV-4128_S29__NODE_1260_length_5132_cov_16.400433	1	5132	0	0	0	0	0	0
cell-4122-0-44_S10__NODE_537_length_5131_cov_30.060678	1	5131	0	0	0	0	0	0
MV-4122_S12__NODE_2513_length_5130_cov_5.557044	1	5130	0	0	0	0	0	0
cell-4125-0-44_S16__NODE_612_length_5130_cov_7.909951	1	5130	0	0	0	0	0	0
MV-4125_S18__NODE_2527_length_5129_cov_7.389633	1	5129	0	0	0	0	0	0
MV-4125_S18__NODE_2529_length_5128_cov_23.365070	1	5128	0	0	0	0	0	0
MV-4128_S29__NODE_1261_length_5128_cov_7.839148	1	5128	0	0	0	0	0	0
Biragzang__NODE_2796_length_5127_cov_6.214905	1	5127	0	0	0	0	0	0
Biragzang__NODE_2797_length_5127_cov_5.606664	1	5127	0	0	0	0	0	0
MV-4125_S18__NODE_2531_length_5127_cov_12.919164	1	5127	0	0	0	0	0	0
cell-4125-0-44_S16__NODE_614_length_5127_cov_5.189274	1	5127	0	0	0	0	0	0
MV-4125_S18__NODE_2532_length_5126_cov_6.395583	1	5126	0	0	0	0	0	0
cell-4122-0-44_S10__NODE_538_length_5126_cov_20.184382	1	5126	0	0	0	0	0	0
MV-4122_S12__NODE_2514_length_5125_cov_7.635700	1	5125	0	0	0	0	0	0
cell-4125-0-44_S16__NODE_616_length_5125_cov_7.821696	1	5125	0	0	0	0	0	0
Biragzang__NODE_2800_length_5124_cov_26.601302	1	5124	0	0	0	0	0	0
MV-4122_S12__NODE_2515_length_5124_cov_24.427106	1	5124	0	0	0	0	0	0
Biragzang__NODE_2801_length_5123_cov_29.153512	1	5123	0	0	0	0	0	0
MV-4122_S12__NODE_2516_length_5123_cov_22.358919	1	5123	0	0	0	0	0	0
MV-4128_S29__NODE_1263_length_5123_cov_13.043212	1	5123	0	0	0	0	0	0
cell-4122-0-44_S10__NODE_539_length_5123_cov_21.920876	1	5123	0	0	0	0	0	0
MV-4122_S12__NODE_2517_length_5122_cov_9.613775	1	5122	0	0	0	0	0	0
Biragzang__NODE_2803_length_5121_cov_14.702132	1	5121	0	0	0	0	0	0
Biragzang__NODE_2806_length_5121_cov_7.544809	1	5121	0	0	0	0	0	0
MV-4122_S12__NODE_2519_length_5121_cov_7.512633	1	5121	0	0	0	0	0	0
MV-4125_S18__NODE_2536_length_5119_cov_18.631912	1	5119	0	0	0	0	0	0
MV-4125_S18__NODE_2537_length_5119_cov_10.259874	1	5119	0	0	0	0	0	0
MV-4125_S18__NODE_2539_length_5119_cov_5.921209	1	5119	0	0	0	0	0	0
MV-4125_S18__NODE_2540_length_5119_cov_5.151659	1	5119	0	0	0	0	0	0
Biragzang__NODE_2807_length_5118_cov_9.410429	1	5118	0	0	0	0	0	0
MV-4122_S12__NODE_2520_length_5118_cov_6.216077	1	5118	0	0	0	0	0	0
cell-4122-0-44_S10__NODE_540_length_5118_cov_14.436895	1	5118	0	0	0	0	0	0
cell-4125-0-44_S16__NODE_617_length_5118_cov_5.035355	1	5118	0	0	0	0	0	0
cell-4125-0-44_S16__NODE_618_length_5118_cov_4.969386	1	5118	0	0	0	0	0	0
MV-4122_S12__NODE_2521_length_5117_cov_82.546424	1	5117	0	0	0	0	0	0
MV-4128_S29__NODE_1264_length_5117_cov_8.511655	1	5117	0	0	0	0	0	0
cell-4125-0-44_S16__NODE_619_length_5117_cov_5.582181	1	5117	0	0	0	0	0	0
Biragzang__NODE_2809_length_5116_cov_28.532306	1	5116	0	0	0	0	0	0
MV-4122_S12__NODE_2522_length_5116_cov_9.482909	1	5116	0	0	0	0	0	0
MV-4125_S18__NODE_2543_length_5115_cov_5.325099	1	5115	0	0	0	0	0	0
MV-4128_S29__NODE_1265_length_5114_cov_22.780391	1	5114	0	0	0	0	0	0
cell-4122-0-44_S10__NODE_541_length_5114_cov_16.467484	1	5114	0	0	0	0	0	0
cell-4122-0-44_S10__NODE_542_length_5114_cov_13.049022	1	5114	0	0	0	0	0	0
Biragzang__NODE_2814_length_5113_cov_39.207197	1	5113	0	0	0	0	0	0
Biragzang__NODE_2815_length_5112_cov_4.821040	1	5112	0	0	0	0	0	0
Biragzang__NODE_2817_length_5110_cov_5.010880	1	5110	0	0	0	0	0	0
cell-4125-0-44_S16__NODE_620_length_5110_cov_7.404748	1	5110	0	0	0	0	0	0
MV-4122_S12__NODE_2523_length_5109_cov_10.897309	1	5109	0	0	0	0	0	0
Biragzang__NODE_2818_length_5108_cov_9.947754	1	5108	0	0	0	0	0	0
Biragzang__NODE_2819_length_5108_cov_4.671680	1	5108	0	0	0	0	0	0
MV-4122_S12__NODE_2526_length_5106_cov_7.525045	1	5106	0	0	0	0	0	0
cell-4122-0-44_S10__NODE_543_length_5105_cov_16.185545	1	5105	0	0	0	0	0	0
Biragzang__NODE_2822_length_5104_cov_4.878986	1	5104	0	0	0	0	0	0
cell-4125-0-44_S16__NODE_622_length_5104_cov_8.807487	1	5104	0	0	0	0	0	0
cell-4125-0-44_S16__NODE_623_length_5104_cov_6.500891	1	5104	0	0	0	0	0	0
Biragzang__NODE_2823_length_5103_cov_7.103803	1	5103	0	0	0	0	0	0
MV-4128_S29__NODE_1266_length_5103_cov_10.159667	1	5103	0	0	0	0	0	0
cell-4125-0-44_S16__NODE_624_length_5103_cov_7.362322	1	5103	0	0	0	0	0	0
Biragzang__NODE_2824_length_5102_cov_6.760055	1	5102	0	0	0	0	0	0
Biragzang__NODE_2825_length_5101_cov_24.860087	1	5101	0	0	0	0	0	0
cell-4122-0-44_S10__NODE_544_length_5101_cov_27.302616	1	5101	0	0	0	0	0	0
Biragzang__NODE_2826_length_5100_cov_39.004955	1	5100	0	0	0	0	0	0
Biragzang__NODE_2827_length_5100_cov_5.681467	1	5100	0	0	0	0	0	0
MV-4122_S12__NODE_2527_length_5100_cov_6.290585	1	5100	0	0	0	0	0	0
Biragzang__NODE_2828_length_5099_cov_15.982950	1	5099	0	0	0	0	0	0
Biragzang__NODE_2829_length_5099_cov_6.729381	1	5099	0	0	0	0	0	0
MV-4122_S12__NODE_2528_length_5099_cov_46.773592	1	5099	0	0	0	0	0	0
MV-4128_S29__NODE_1267_length_5099_cov_12.954996	1	5099	0	0	0	0	0	0
MV-4125_S18__NODE_2546_length_5098_cov_10.569106	1	5098	0	0	0	0	0	0
Biragzang__NODE_2830_length_5097_cov_3.712416	1	5097	0	0	0	0	0	0
MV-4122_S12__NODE_2529_length_5097_cov_34.698929	1	5097	0	0	0	0	0	0
Biragzang__NODE_2831_length_5096_cov_24.116048	1	5096	0	0	0	0	0	0
Biragzang__NODE_2833_length_5096_cov_5.393573	1	5096	0	0	0	0	0	0
MV-4125_S18__NODE_2547_length_5096_cov_27.655426	1	5096	0	0	0	0	0	0
MV-4128_S29__NODE_1268_length_5096_cov_18.398929	1	5096	0	0	0	0	0	0
Biragzang__NODE_2835_length_5095_cov_6.695635	1	5095	0	0	0	0	0	0
Biragzang__NODE_2836_length_5094_cov_50.310181	1	5094	0	0	0	0	0	0
cell-4125-0-44_S16__NODE_625_length_5094_cov_15.208375	1	5094	0	0	0	0	0	0
MV-4122_S12__NODE_2530_length_5093_cov_7.689559	1	5093	0	0	0	0	0	0
MV-4125_S18__NODE_2550_length_5093_cov_6.187574	1	5093	0	0	0	0	0	0
cell-4122-0-44_S10__NODE_545_length_5093_cov_10.768162	1	5093	0	0	0	0	0	0
Biragzang__NODE_2837_length_5092_cov_22.030375	1	5092	0	0	0	0	0	0
Biragzang__NODE_2838_length_5092_cov_11.268414	1	5092	0	0	0	0	0	0
MV-4128_S29__NODE_1269_length_5092_cov_18.690292	1	5092	0	0	0	0	0	0
cell-4125-0-44_S16__NODE_626_length_5091_cov_5.291898	1	5091	0	0	0	0	0	0
MV-4122_S12__NODE_2531_length_5090_cov_4.272095	1	5090	0	0	0	0	0	0
MV-4125_S18__NODE_2552_length_5089_cov_8.238180	1	5089	0	0	0	0	0	0
cell-4125-0-44_S16__NODE_627_length_5088_cov_11.736141	1	5088	0	0	0	0	0	0
MV-4122_S12__NODE_2532_length_5087_cov_8.063990	1	5087	0	0	0	0	0	0
MV-4128_S29__NODE_1270_length_5087_cov_7.067568	1	5087	0	0	0	0	0	0
Biragzang__NODE_2842_length_5086_cov_182.400914	1	5086	0	0	0	0	0	0
Biragzang__NODE_2843_length_5086_cov_51.479825	1	5086	0	0	0	0	0	0
Biragzang__NODE_2844_length_5086_cov_5.096402	1	5086	0	0	0	0	0	0
cell-4125-0-44_S16__NODE_628_length_5086_cov_17.622341	1	5086	0	0	0	0	0	0
Biragzang__NODE_2846_length_5084_cov_6.639491	1	5084	0	0	0	0	0	0
MV-4125_S18__NODE_2554_length_5083_cov_14.643198	1	5083	0	0	0	0	0	0
MV-4125_S18__NODE_2555_length_5083_cov_7.036794	1	5083	0	0	0	0	0	0
cell-4122-0-44_S10__NODE_546_length_5083_cov_17.354813	1	5083	0	0	0	0	0	0
cell-4125-0-44_S16__NODE_629_length_5083_cov_9.543954	1	5083	0	0	0	0	0	0
cell-4125-0-44_S16__NODE_630_length_5083_cov_6.807478	1	5083	0	0	0	0	0	0
Biragzang__NODE_2848_length_5082_cov_5.604536	1	5082	0	0	0	0	0	0
MV-4122_S12__NODE_2534_length_5082_cov_6.747364	1	5082	0	0	0	0	0	0
MV-4125_S18__NODE_2556_length_5081_cov_6.378233	1	5081	0	0	0	0	0	0
cell-4125-0-44_S16__NODE_631_length_5080_cov_5.528159	1	5080	0	0	0	0	0	0
MV-4122_S12__NODE_2536_length_5079_cov_6.578623	1	5079	0	0	0	0	0	0
MV-4128_S29__NODE_1272_length_5078_cov_25.125423	1	5078	0	0	0	0	0	0
MV-4128_S29__NODE_1273_length_5077_cov_14.578455	1	5077	0	0	0	0	0	0
MV-4122_S12__NODE_2537_length_5076_cov_32.684525	1	5076	0	0	0	0	0	0
cell-4122-0-44_S10__NODE_547_length_5075_cov_16.916335	1	5075	0	0	0	0	0	0
MV-4125_S18__NODE_2558_length_5074_cov_7.828651	1	5074	0	0	0	0	0	0
MV-4122_S12__NODE_2538_length_5073_cov_58.061778	1	5073	0	0	0	0	0	0
cell-4125-0-44_S16__NODE_632_length_5073_cov_6.117178	1	5073	0	0	0	0	0	0
MV-4122_S12__NODE_2540_length_5071_cov_24.876196	1	5071	0	0	0	0	0	0
MV-4122_S12__NODE_2541_length_5071_cov_6.142544	1	5071	0	0	0	0	0	0
MV-4122_S12__NODE_2542_length_5071_cov_5.195175	1	5071	0	0	0	0	0	0
MV-4128_S29__NODE_1274_length_5071_cov_8.800439	1	5071	0	0	0	0	0	0
cell-4122-0-44_S10__NODE_548_length_5071_cov_20.960726	1	5071	0	0	0	0	0	0
MV-4125_S18__NODE_2560_length_5069_cov_6.421221	1	5069	0	0	0	0	0	0
cell-4122-0-44_S10__NODE_549_length_5068_cov_23.987233	1	5068	0	0	0	0	0	0
Biragzang__NODE_2855_length_5065_cov_7.561078	1	5065	0	0	0	0	0	0
MV-4125_S18__NODE_2563_length_5065_cov_7.706786	1	5065	0	0	0	0	0	0
MV-4128_S29__NODE_1275_length_5065_cov_17.197006	1	5065	0	0	0	0	0	0
cell-4125-0-44_S16__NODE_633_length_5065_cov_7.514770	1	5065	0	0	0	0	0	0
MV-4122_S12__NODE_2543_length_5064_cov_160.103813	1	5064	0	0	0	0	0	0
MV-4122_S12__NODE_2545_length_5064_cov_21.904572	1	5064	0	0	0	0	0	0
MV-4122_S12__NODE_2546_length_5063_cov_16.023163	1	5063	0	0	0	0	0	0
MV-4122_S12__NODE_2547_length_5063_cov_5.260783	1	5063	0	0	0	0	0	0
cell-4125-0-44_S16__NODE_634_length_5063_cov_5.461861	1	5063	0	0	0	0	0	0
Biragzang__NODE_2856_length_5062_cov_17.690833	1	5062	0	0	0	0	0	0
MV-4128_S29__NODE_1276_length_5061_cov_30.856173	1	5061	0	0	0	0	0	0
cell-4122-0-44_S10__NODE_550_length_5061_cov_14.104475	1	5061	0	0	0	0	0	0
Biragzang__NODE_2859_length_5060_cov_8.446154	1	5060	0	0	0	0	0	0
Biragzang__NODE_2860_length_5060_cov_5.797003	1	5060	0	0	0	0	0	0
MV-4122_S12__NODE_2548_length_5060_cov_35.927073	1	5060	0	0	0	0	0	0
Biragzang__NODE_2862_length_5059_cov_5.714229	1	5059	0	0	0	0	0	0
MV-4125_S18__NODE_2565_length_5059_cov_6.687450	1	5059	0	0	0	0	0	0
MV-4125_S18__NODE_2566_length_5059_cov_5.925060	1	5059	0	0	0	0	0	0
cell-4125-0-44_S16__NODE_635_length_5059_cov_7.187650	1	5059	0	0	0	0	0	0
MV-4122_S12__NODE_2549_length_5058_cov_22.306816	1	5058	0	0	0	0	0	0
MV-4128_S29__NODE_1277_length_5058_cov_6.164701	1	5058	0	0	0	0	0	0
cell-4125-0-44_S16__NODE_636_length_5058_cov_14.010594	1	5058	0	0	0	0	0	0
Biragzang__NODE_2863_length_5057_cov_12.918433	1	5057	0	0	0	0	0	0
Biragzang__NODE_2864_length_5057_cov_9.778289	1	5057	0	0	0	0	0	0
MV-4122_S12__NODE_2550_length_5056_cov_21.400120	1	5056	0	0	0	0	0	0
MV-4122_S12__NODE_2551_length_5055_cov_5.245400	1	5055	0	0	0	0	0	0
Biragzang__NODE_2866_length_5054_cov_10.043809	1	5054	0	0	0	0	0	0
cell-4122-0-44_S10__NODE_551_length_5054_cov_15.786357	1	5054	0	0	0	0	0	0
cell-4125-0-44_S16__NODE_638_length_5054_cov_7.968994	1	5054	0	0	0	0	0	0
MV-4122_S12__NODE_2552_length_5052_cov_9.520512	1	5052	0	0	0	0	0	0
cell-4125-0-44_S16__NODE_639_length_5052_cov_7.897939	1	5052	0	0	0	0	0	0
MV-4125_S18__NODE_2569_length_5051_cov_7.251801	1	5051	0	0	0	0	0	0
MV-4122_S12__NODE_2553_length_5050_cov_12.916116	1	5050	0	0	0	0	0	0
cell-4125-0-44_S16__NODE_640_length_5050_cov_9.955956	1	5050	0	0	0	0	0	0
MV-4122_S12__NODE_2554_length_5049_cov_12.350821	1	5049	0	0	0	0	0	0
cell-4122-0-44_S10__NODE_552_length_5049_cov_55.324189	1	5049	0	0	0	0	0	0
Biragzang__NODE_2868_length_5048_cov_38.091328	1	5048	0	0	0	0	0	0
Biragzang__NODE_2869_length_5048_cov_9.979571	1	5048	0	0	0	0	0	0
MV-4125_S18__NODE_2570_length_5048_cov_19.440016	1	5048	0	0	0	0	0	0
Biragzang__NODE_2870_length_5047_cov_35.333934	1	5047	0	0	0	0	0	0
cell-4125-0-44_S16__NODE_641_length_5047_cov_8.520433	1	5047	0	0	0	0	0	0
cell-4125-0-44_S16__NODE_642_length_5047_cov_7.571715	1	5047	0	0	0	0	0	0
cell-4125-0-44_S16__NODE_643_length_5047_cov_5.329527	1	5047	0	0	0	0	0	0
cell-4122-0-44_S10__NODE_553_length_5046_cov_22.535764	1	5046	0	0	0	0	0	0
MV-4122_S12__NODE_2555_length_5044_cov_9.825215	1	5044	0	0	0	0	0	0
MV-4125_S18__NODE_2572_length_5044_cov_24.602325	1	5044	0	0	0	0	0	0
MV-4128_S29__NODE_1278_length_5044_cov_18.911004	1	5044	0	0	0	0	0	0
MV-4128_S29__NODE_1279_length_5043_cov_759.824379	1	5043	0	0	0	0	0	0
cell-4122-0-44_S10__NODE_554_length_5043_cov_41.325782	1	5043	0	0	0	0	0	0
cell-4125-0-44_S16__NODE_644_length_5043_cov_4.230152	1	5043	0	0	0	0	0	0
Biragzang__NODE_2873_length_5042_cov_18.863645	1	5042	0	0	0	0	0	0
Biragzang__NODE_2874_length_5041_cov_10.138187	1	5041	0	0	0	0	0	0
MV-4122_S12__NODE_2556_length_5041_cov_4.366627	1	5041	0	0	0	0	0	0
MV-4125_S18__NODE_2573_length_5041_cov_6.597272	1	5041	0	0	0	0	0	0
MV-4128_S29__NODE_1280_length_5041_cov_13.307060	1	5041	0	0	0	0	0	0
cell-4122-0-44_S10__NODE_555_length_5040_cov_60.534604	1	5040	0	0	0	0	0	0
cell-4125-0-44_S16__NODE_646_length_5040_cov_5.349047	1	5040	0	0	0	0	0	0
Biragzang__NODE_2875_length_5039_cov_49.838684	1	5039	0	0	0	0	0	0
Biragzang__NODE_2876_length_5039_cov_6.205859	1	5039	0	0	0	0	0	0
cell-4122-0-44_S10__NODE_556_length_5039_cov_36.051164	1	5039	0	0	0	0	0	0
cell-4122-0-44_S10__NODE_557_length_5039_cov_9.672552	1	5039	0	0	0	0	0	0
MV-4125_S18__NODE_2576_length_5038_cov_6.100542	1	5038	0	0	0	0	0	0
cell-4125-0-44_S16__NODE_647_length_5038_cov_8.933373	1	5038	0	0	0	0	0	0
MV-4128_S29__NODE_1283_length_5037_cov_27.211361	1	5037	0	0	0	0	0	0
Biragzang__NODE_2878_length_5036_cov_6.431239	1	5036	0	0	0	0	0	0
MV-4122_S12__NODE_2557_length_5036_cov_15.586027	1	5036	0	0	0	0	0	0
MV-4128_S29__NODE_1284_length_5036_cov_19.273640	1	5036	0	0	0	0	0	0
Biragzang__NODE_2880_length_5035_cov_7.186546	1	5035	0	0	0	0	0	0
Biragzang__NODE_2881_length_5035_cov_5.874498	1	5035	0	0	0	0	0	0
MV-4122_S12__NODE_2558_length_5035_cov_8.476506	1	5035	0	0	0	0	0	0
MV-4122_S12__NODE_2559_length_5034_cov_24.124724	1	5034	0	0	0	0	0	0
Biragzang__NODE_2883_length_5033_cov_5.768180	1	5033	0	0	0	0	0	0
MV-4122_S12__NODE_2560_length_5033_cov_10.439534	1	5033	0	0	0	0	0	0
MV-4128_S29__NODE_1286_length_5033_cov_12.421454	1	5033	0	0	0	0	0	0
MV-4122_S12__NODE_2561_length_5031_cov_8.371383	1	5031	0	0	0	0	0	0
MV-4125_S18__NODE_2579_length_5031_cov_4.558481	1	5031	0	0	0	0	0	0
Biragzang__NODE_2886_length_5030_cov_13.986131	1	5030	0	0	0	0	0	0
MV-4122_S12__NODE_2562_length_5030_cov_27.556181	1	5030	0	0	0	0	0	0
MV-4122_S12__NODE_2564_length_5029_cov_9.686570	1	5029	0	0	0	0	0	0
cell-4125-0-44_S16__NODE_648_length_5029_cov_8.253719	1	5029	0	0	0	0	0	0
cell-4125-0-44_S16__NODE_649_length_5029_cov_5.334741	1	5029	0	0	0	0	0	0
MV-4122_S12__NODE_2565_length_5028_cov_12.958777	1	5028	0	0	0	0	0	0
MV-4122_S12__NODE_2566_length_5028_cov_7.603258	1	5028	0	0	0	0	0	0
cell-4125-0-44_S16__NODE_650_length_5028_cov_5.855620	1	5028	0	0	0	0	0	0
MV-4122_S12__NODE_2568_length_5027_cov_35.305109	1	5027	0	0	0	0	0	0
MV-4122_S12__NODE_2569_length_5027_cov_6.535197	1	5027	0	0	0	0	0	0
MV-4122_S12__NODE_2570_length_5026_cov_40.022933	1	5026	0	0	0	0	0	0
MV-4125_S18__NODE_2581_length_5026_cov_13.815932	1	5026	0	0	0	0	0	0
MV-4122_S12__NODE_2571_length_5025_cov_46.680885	1	5025	0	0	0	0	0	0
Biragzang__NODE_2887_length_5024_cov_4.805997	1	5024	0	0	0	0	0	0
MV-4125_S18__NODE_2583_length_5024_cov_6.317166	1	5024	0	0	0	0	0	0
Biragzang__NODE_2888_length_5023_cov_33.066828	1	5023	0	0	0	0	0	0
MV-4122_S12__NODE_2573_length_5023_cov_6.142110	1	5023	0	0	0	0	0	0
MV-4125_S18__NODE_2584_length_5022_cov_25.119187	1	5022	0	0	0	0	0	0
MV-4122_S12__NODE_2574_length_5021_cov_5.140153	1	5021	0	0	0	0	0	0
Biragzang__NODE_2890_length_5020_cov_10.822759	1	5020	0	0	0	0	0	0
MV-4128_S29__NODE_1290_length_5020_cov_16.735549	1	5020	0	0	0	0	0	0
cell-4125-0-44_S16__NODE_652_length_5020_cov_6.025378	1	5020	0	0	0	0	0	0
cell-4122-0-44_S10__NODE_558_length_5019_cov_42.990330	1	5019	0	0	0	0	0	0
cell-4125-0-44_S16__NODE_653_length_5019_cov_8.019541	1	5019	0	0	0	0	0	0
Biragzang__NODE_2892_length_5018_cov_27.375176	1	5018	0	0	0	0	0	0
MV-4125_S18__NODE_2585_length_5018_cov_36.237558	1	5018	0	0	0	0	0	0
Biragzang__NODE_2893_length_5017_cov_34.549778	1	5017	0	0	0	0	0	0
MV-4122_S12__NODE_2576_length_5015_cov_54.613710	1	5015	0	0	0	0	0	0
MV-4125_S18__NODE_2589_length_5015_cov_18.033871	1	5015	0	0	0	0	0	0
MV-4125_S18__NODE_2590_length_5014_cov_21.790280	1	5014	0	0	0	0	0	0
cell-4125-0-44_S16__NODE_654_length_5014_cov_5.695301	1	5014	0	0	0	0	0	0
MV-4125_S18__NODE_2592_length_5013_cov_23.017749	1	5013	0	0	0	0	0	0
MV-4128_S29__NODE_1291_length_5013_cov_5.607503	1	5013	0	0	0	0	0	0
MV-4128_S29__NODE_1292_length_5012_cov_10.806738	1	5012	0	0	0	0	0	0
cell-4122-0-44_S10__NODE_559_length_5012_cov_18.422433	1	5012	0	0	0	0	0	0
Biragzang__NODE_2896_length_5011_cov_7.951574	1	5011	0	0	0	0	0	0
Biragzang__NODE_2897_length_5011_cov_5.326271	1	5011	0	0	0	0	0	0
Biragzang__NODE_2898_length_5011_cov_5.175141	1	5011	0	0	0	0	0	0
Biragzang__NODE_2899_length_5011_cov_4.494552	1	5011	0	0	0	0	0	0
Biragzang__NODE_2901_length_5010_cov_12.218769	1	5010	0	0	0	0	0	0
Biragzang__NODE_2902_length_5009_cov_8.484861	1	5009	0	0	0	0	0	0
MV-4122_S12__NODE_2577_length_5008_cov_6.991520	1	5008	0	0	0	0	0	0
cell-4125-0-44_S16__NODE_655_length_5006_cov_5.287619	1	5006	0	0	0	0	0	0
MV-4125_S18__NODE_2596_length_5005_cov_9.043838	1	5005	0	0	0	0	0	0
cell-4125-0-44_S16__NODE_656_length_5005_cov_6.341616	1	5005	0	0	0	0	0	0
Biragzang__NODE_2905_length_5004_cov_4.750859	1	5004	0	0	0	0	0	0
MV-4122_S12__NODE_2579_length_5004_cov_33.241665	1	5004	0	0	0	0	0	0
cell-4122-0-44_S10__NODE_560_length_5003_cov_15.321948	1	5003	0	0	0	0	0	0
cell-4125-0-44_S16__NODE_657_length_5002_cov_7.671922	1	5002	0	0	0	0	0	0
MV-4128_S29__NODE_1294_length_5001_cov_10.687829	1	5001	0	0	0	0	0	0
cell-4125-0-22_S17__NODE_15_length_5001_cov_11.137889	1	5001	0	0	0	0	0	0
cell-4125-0-44_S16__NODE_658_length_5001_cov_9.583906	1	5001	0	0	0	0	0	0
cell-4125-0-44_S16__NODE_659_length_5001_cov_5.439749	1	5001	0	0	0	0	0	0
cell-4122-0-44_S10__NODE_561_length_5000_cov_69.308999	1	5000	0	0	0	0	0	0
cell-4125-0-44_S16__NODE_660_length_5000_cov_9.734075	1	5000	0	0	0	0	0	0
cell-4125-0-44_S16__NODE_661_length_5000_cov_4.553084	1	5000	0	0	0	0	0	0
