MV-4128_S29__NODE_1_length_685560_cov_728.732645	685560	4	0
cell-4122-0-44_S10__NODE_1_length_365826_cov_606.839892	365826	2	0
MV-4128_S29__NODE_2_length_348281_cov_652.746880	348281	4	0
MV-4122_S12__NODE_1_length_347332_cov_162.618440	347332	0	0
MV-4122_S12__NODE_2_length_335597_cov_164.528679	335597	3	0
MV-4122_S12__NODE_3_length_306985_cov_99.412087	306985	0	0
MV-4128_S29__NODE_3_length_302913_cov_843.471888	302913	0	0
MV-4128_S29__NODE_4_length_283295_cov_705.596582	283295	0	0
MV-4128_S29__NODE_5_length_269456_cov_691.517337	269456	0	0
cell-4122-0-44_S10__NODE_2_length_258152_cov_535.101380	258152	0	0
MV-4122_S12__NODE_4_length_257810_cov_208.067040	257810	0	0
cell-4122-0-44_S10__NODE_3_length_257420_cov_587.591090	257420	2	0
MV-4128_S29__NODE_6_length_257161_cov_776.419383	257161	0	0
MV-4122_S12__NODE_5_length_250913_cov_121.761750	250913	0	0
MV-4128_S29__NODE_7_length_244923_cov_822.768377	244923	0	0
MV-4122_S12__NODE_6_length_243044_cov_111.627605	243044	0	0
MV-4122_S12__NODE_7_length_233469_cov_108.959728	233469	0	0
cell-4122-0-44_S10__NODE_4_length_229683_cov_605.599269	229683	6	0
MV-4122_S12__NODE_8_length_224095_cov_162.072951	224095	0	0
MV-4125_S18__NODE_2_length_220901_cov_44.422915	220901	0	0
MV-4125_S18__NODE_3_length_217179_cov_52.521974	217179	0	0
MV-4128_S29__NODE_8_length_215474_cov_787.018587	215474	2	0
MV-4122_S12__NODE_9_length_214484_cov_118.635600	214484	0	0
MV-4128_S29__NODE_9_length_206707_cov_901.894712	206707	0	0
MV-4122_S12__NODE_10_length_189740_cov_39.995181	189740	0	0
MV-4122_S12__NODE_11_length_185540_cov_53.431593	185540	0	0
MV-4122_S12__NODE_12_length_180362_cov_113.627724	180362	0	0
MV-4122_S12__NODE_13_length_180342_cov_55.843233	180342	0	0
MV-4122_S12__NODE_14_length_180275_cov_111.295666	180275	0	0
cell-4122-0-44_S10__NODE_5_length_177758_cov_542.156812	177758	6	0
MV-4122_S12__NODE_15_length_172952_cov_50.503334	172952	0	0
MV-4125_S18__NODE_5_length_172383_cov_49.785990	172383	0	0
MV-4122_S12__NODE_16_length_171874_cov_36.851105	171874	0	0
MV-4128_S29__NODE_10_length_168267_cov_702.126067	168267	0	0
MV-4125_S18__NODE_7_length_167495_cov_35.511383	167495	0	0
MV-4122_S12__NODE_17_length_167377_cov_32.409671	167377	0	0
MV-4122_S12__NODE_18_length_164020_cov_35.723667	164020	0	0
MV-4128_S29__NODE_11_length_163381_cov_739.494569	163381	0	0
MV-4122_S12__NODE_19_length_154573_cov_42.191130	154573	6	0
MV-4122_S12__NODE_20_length_154090_cov_67.592638	154090	0	0
MV-4122_S12__NODE_21_length_153678_cov_64.903725	153678	0	0
MV-4122_S12__NODE_22_length_151970_cov_116.921423	151970	0	0
MV-4122_S12__NODE_23_length_151726_cov_36.932657	151726	0	0
MV-4122_S12__NODE_24_length_151229_cov_36.656211	151229	0	0
MV-4122_S12__NODE_25_length_151164_cov_36.207823	151164	0	0
MV-4122_S12__NODE_26_length_151132_cov_95.491233	151132	0	0
MV-4122_S12__NODE_27_length_150370_cov_39.765765	150370	0	0
MV-4122_S12__NODE_28_length_147829_cov_39.539188	147829	0	0
MV-4122_S12__NODE_29_length_144523_cov_40.350285	144523	0	0
cell-4122-0-44_S10__NODE_6_length_143912_cov_589.700758	143912	0	0
MV-4128_S29__NODE_12_length_141680_cov_673.733402	141680	0	0
MV-4125_S18__NODE_8_length_141676_cov_39.207759	141676	0	0
MV-4122_S12__NODE_30_length_141235_cov_62.330224	141235	1	0
MV-4122_S12__NODE_31_length_140225_cov_39.007783	140225	0	0
MV-4122_S12__NODE_32_length_140199_cov_38.649461	140199	0	0
cell-4122-0-44_S10__NODE_7_length_135821_cov_546.300237	135821	0	0
MV-4122_S12__NODE_33_length_134546_cov_54.650125	134546	0	0
MV-4122_S12__NODE_34_length_134358_cov_98.493474	134358	0	0
MV-4128_S29__NODE_13_length_134274_cov_42.610487	134274	0	0
MV-4122_S12__NODE_35_length_132632_cov_121.390633	132632	0	0
cell-4122-0-44_S10__NODE_8_length_132317_cov_640.299580	132317	6	0
MV-4122_S12__NODE_36_length_131504_cov_56.187594	131504	0	0
MV-4122_S12__NODE_37_length_131343_cov_196.227919	131343	0	0
MV-4122_S12__NODE_38_length_129112_cov_82.919539	129112	0	0
MV-4122_S12__NODE_39_length_128307_cov_161.397054	128307	0	0
MV-4122_S12__NODE_40_length_125699_cov_44.693061	125699	0	0
MV-4122_S12__NODE_41_length_124982_cov_32.981325	124982	0	0
MV-4122_S12__NODE_42_length_124290_cov_21.496969	124290	0	0
MV-4125_S18__NODE_12_length_122663_cov_49.410308	122663	0	0
MV-4122_S12__NODE_43_length_119401_cov_55.379904	119401	0	0
MV-4122_S12__NODE_44_length_116360_cov_36.598951	116360	0	0
MV-4122_S12__NODE_45_length_116108_cov_123.351184	116108	0	0
MV-4122_S12__NODE_46_length_114732_cov_117.872642	114732	0	0
MV-4125_S18__NODE_14_length_111737_cov_49.167986	111737	0	0
MV-4122_S12__NODE_47_length_111449_cov_52.350656	111449	0	0
MV-4122_S12__NODE_48_length_111214_cov_228.940374	111214	0	0
MV-4128_S29__NODE_16_length_111033_cov_669.917767	111033	0	0
MV-4125_S18__NODE_15_length_110432_cov_50.203231	110432	0	0
MV-4122_S12__NODE_49_length_109065_cov_230.757903	109065	0	0
MV-4122_S12__NODE_50_length_108001_cov_162.941767	108001	0	0
MV-4122_S12__NODE_51_length_107554_cov_56.077284	107554	0	0
MV-4122_S12__NODE_52_length_106980_cov_46.891213	106980	0	0
MV-4122_S12__NODE_53_length_106966_cov_57.397059	106966	0	0
MV-4125_S18__NODE_16_length_106771_cov_47.339687	106771	0	0
MV-4122_S12__NODE_54_length_105659_cov_60.788711	105659	0	0
MV-4122_S12__NODE_55_length_105417_cov_39.554963	105417	0	0
MV-4122_S12__NODE_56_length_105157_cov_155.709311	105157	0	0
MV-4122_S12__NODE_57_length_104456_cov_152.385590	104456	0	0
MV-4128_S29__NODE_18_length_104252_cov_25.096250	104252	8	0
MV-4122_S12__NODE_58_length_103056_cov_34.292541	103056	0	0
MV-4125_S18__NODE_17_length_102930_cov_69.991183	102930	0	0
MV-4122_S12__NODE_59_length_102190_cov_37.228932	102190	0	0
MV-4122_S12__NODE_60_length_102158_cov_208.338922	102158	0	0
MV-4122_S12__NODE_61_length_102126_cov_162.235601	102126	0	0
cell-4122-0-44_S10__NODE_9_length_101246_cov_573.773784	101246	0	0
MV-4122_S12__NODE_62_length_101008_cov_46.421057	101008	0	0
MV-4125_S18__NODE_18_length_100537_cov_22.801845	100537	0	0
MV-4122_S12__NODE_63_length_100493_cov_113.329925	100493	0	0
MV-4128_S29__NODE_19_length_100162_cov_39.841510	100162	0	0
MV-4122_S12__NODE_64_length_99596_cov_50.699812	99596	0	0
cell-4122-0-44_S10__NODE_10_length_98740_cov_670.203293	98740	0	0
MV-4122_S12__NODE_65_length_98066_cov_96.755629	98066	0	0
MV-4122_S12__NODE_66_length_97981_cov_38.187621	97981	0	0
MV-4125_S18__NODE_20_length_97580_cov_25.242051	97580	0	0
MV-4125_S18__NODE_21_length_97393_cov_54.301208	97393	0	0
MV-4122_S12__NODE_67_length_96749_cov_166.768652	96749	0	0
MV-4122_S12__NODE_68_length_96236_cov_106.810888	96236	0	0
cell-4122-0-44_S10__NODE_11_length_96191_cov_596.114473	96191	2	0
MV-4122_S12__NODE_69_length_95769_cov_168.806590	95769	0	0
MV-4122_S12__NODE_70_length_95475_cov_54.486250	95475	0	0
cell-4122-0-44_S10__NODE_12_length_95464_cov_625.492029	95464	0	0
MV-4122_S12__NODE_71_length_94732_cov_47.951805	94732	0	0
MV-4122_S12__NODE_72_length_94564_cov_34.338677	94564	0	0
MV-4128_S29__NODE_20_length_94254_cov_745.260831	94254	0	0
MV-4122_S12__NODE_73_length_94031_cov_224.488199	94031	0	0
MV-4125_S18__NODE_23_length_93706_cov_35.045456	93706	0	0
MV-4122_S12__NODE_74_length_92715_cov_81.746903	92715	0	0
MV-4122_S12__NODE_75_length_92332_cov_57.313090	92332	0	0
MV-4122_S12__NODE_76_length_92182_cov_39.789703	92182	0	0
MV-4125_S18__NODE_24_length_91998_cov_69.661519	91998	0	0
MV-4122_S12__NODE_77_length_91906_cov_109.339583	91906	0	0
MV-4122_S12__NODE_78_length_90883_cov_39.203891	90883	0	0
Biragzang__NODE_1_length_90607_cov_59.369511	90607	0	0
MV-4125_S18__NODE_25_length_90515_cov_50.353836	90515	0	0
MV-4125_S18__NODE_26_length_90387_cov_47.965981	90387	0	0
MV-4128_S29__NODE_21_length_90382_cov_38.042346	90382	0	0
MV-4122_S12__NODE_79_length_88798_cov_36.475621	88798	0	0
cell-4122-0-44_S10__NODE_13_length_88735_cov_624.612066	88735	4	0
MV-4122_S12__NODE_80_length_88109_cov_152.891453	88109	0	0
MV-4125_S18__NODE_29_length_87999_cov_48.915389	87999	0	0
cell-4122-0-44_S10__NODE_14_length_87399_cov_613.114295	87399	2	0
MV-4125_S18__NODE_30_length_87147_cov_51.027086	87147	0	0
Biragzang__NODE_2_length_87057_cov_10.683548	87057	0	0
MV-4128_S29__NODE_22_length_85747_cov_45.786281	85747	0	0
MV-4128_S29__NODE_23_length_85549_cov_46.556378	85549	0	0
MV-4122_S12__NODE_81_length_85308_cov_115.623955	85308	0	0
MV-4125_S18__NODE_32_length_84494_cov_66.146934	84494	0	0
MV-4122_S12__NODE_82_length_83936_cov_44.113315	83936	0	0
MV-4122_S12__NODE_83_length_83218_cov_50.619374	83218	0	0
MV-4125_S18__NODE_33_length_83050_cov_24.850003	83050	0	0
MV-4122_S12__NODE_84_length_82943_cov_156.026349	82943	0	0
MV-4128_S29__NODE_24_length_82224_cov_28.425513	82224	0	0
MV-4125_S18__NODE_34_length_82035_cov_63.297743	82035	0	0
MV-4122_S12__NODE_85_length_81436_cov_163.239233	81436	0	0
MV-4125_S18__NODE_35_length_81422_cov_34.332776	81422	0	0
MV-4122_S12__NODE_86_length_81287_cov_25.578762	81287	0	0
MV-4122_S12__NODE_87_length_81013_cov_36.490699	81013	0	0
MV-4122_S12__NODE_88_length_80982_cov_35.507544	80982	0	0
MV-4122_S12__NODE_89_length_80974_cov_32.608522	80974	0	0
MV-4125_S18__NODE_36_length_80972_cov_30.855815	80972	0	0
MV-4122_S12__NODE_90_length_80965_cov_50.669052	80965	0	0
MV-4128_S29__NODE_25_length_80807_cov_42.802903	80807	0	0
MV-4122_S12__NODE_91_length_80489_cov_157.126824	80489	0	0
MV-4125_S18__NODE_37_length_80423_cov_49.581948	80423	0	0
MV-4122_S12__NODE_92_length_80307_cov_50.070578	80307	0	0
MV-4122_S12__NODE_93_length_79850_cov_53.321085	79850	0	0
MV-4122_S12__NODE_94_length_79669_cov_216.077323	79669	0	0
MV-4122_S12__NODE_95_length_79524_cov_103.980609	79524	0	0
MV-4122_S12__NODE_96_length_79171_cov_209.501352	79171	0	0
MV-4125_S18__NODE_38_length_78963_cov_44.338027	78963	0	0
MV-4122_S12__NODE_97_length_78888_cov_162.107861	78888	0	0
MV-4122_S12__NODE_98_length_78796_cov_40.477159	78796	0	0
cell-4122-0-44_S10__NODE_15_length_78725_cov_550.097521	78725	0	0
MV-4122_S12__NODE_99_length_77766_cov_166.000824	77766	0	0
MV-4122_S12__NODE_100_length_77687_cov_44.800675	77687	0	0
MV-4125_S18__NODE_39_length_77090_cov_24.332745	77090	0	0
MV-4122_S12__NODE_101_length_76569_cov_33.514572	76569	0	0
MV-4122_S12__NODE_102_length_76551_cov_34.392217	76551	0	0
MV-4122_S12__NODE_103_length_76332_cov_53.019298	76332	0	0
MV-4122_S12__NODE_104_length_76014_cov_151.248121	76014	0	0
MV-4122_S12__NODE_105_length_75655_cov_116.525476	75655	0	0
MV-4128_S29__NODE_26_length_75050_cov_26.829695	75050	0	0
MV-4122_S12__NODE_108_length_74521_cov_33.392246	74521	0	0
MV-4122_S12__NODE_109_length_74308_cov_43.919532	74308	0	0
MV-4122_S12__NODE_110_length_74249_cov_35.103229	74249	0	0
MV-4122_S12__NODE_111_length_73825_cov_113.626772	73825	0	0
MV-4122_S12__NODE_112_length_73799_cov_204.588007	73799	0	0
MV-4125_S18__NODE_40_length_73702_cov_27.415957	73702	0	0
MV-4125_S18__NODE_41_length_73219_cov_46.353863	73219	0	0
MV-4122_S12__NODE_113_length_73188_cov_97.274076	73188	0	0
MV-4122_S12__NODE_114_length_72713_cov_44.697487	72713	0	0
Biragzang__NODE_3_length_72593_cov_10.665541	72593	0	0
Biragzang__NODE_4_length_72549_cov_54.213066	72549	0	0
MV-4125_S18__NODE_43_length_72277_cov_46.609994	72277	0	0
MV-4122_S12__NODE_115_length_72132_cov_25.640745	72132	0	0
MV-4122_S12__NODE_117_length_71383_cov_44.672933	71383	0	0
MV-4125_S18__NODE_45_length_71332_cov_47.928631	71332	0	0
MV-4122_S12__NODE_118_length_71085_cov_30.424736	71085	0	0
MV-4122_S12__NODE_119_length_70925_cov_63.383787	70925	0	0
MV-4122_S12__NODE_120_length_70466_cov_34.904958	70466	0	0
MV-4122_S12__NODE_121_length_70270_cov_46.655444	70270	0	0
MV-4125_S18__NODE_46_length_70194_cov_46.697372	70194	0	0
MV-4122_S12__NODE_122_length_69849_cov_53.698799	69849	0	0
MV-4125_S18__NODE_47_length_69606_cov_47.851174	69606	0	0
MV-4122_S12__NODE_123_length_69510_cov_148.830739	69510	0	0
MV-4128_S29__NODE_29_length_69162_cov_83.801887	69162	0	0
MV-4125_S18__NODE_48_length_69041_cov_23.325936	69041	0	0
MV-4122_S12__NODE_124_length_68751_cov_59.893444	68751	18	0
MV-4122_S12__NODE_125_length_68641_cov_41.984632	68641	0	0
MV-4122_S12__NODE_126_length_68562_cov_25.326098	68562	0	0
MV-4122_S12__NODE_127_length_68441_cov_56.859167	68441	0	0
cell-4122-0-44_S10__NODE_16_length_68042_cov_661.266507	68042	0	0
MV-4122_S12__NODE_128_length_67963_cov_166.301290	67963	0	0
MV-4125_S18__NODE_49_length_67588_cov_246.638547	67588	0	0
MV-4122_S12__NODE_129_length_67559_cov_32.055656	67559	0	0
MV-4122_S12__NODE_131_length_67391_cov_26.473758	67391	0	0
MV-4125_S18__NODE_50_length_67374_cov_71.944934	67374	0	0
MV-4122_S12__NODE_132_length_67353_cov_38.849921	67353	0	0
MV-4122_S12__NODE_133_length_66932_cov_55.936495	66932	0	0
MV-4122_S12__NODE_134_length_66564_cov_39.857478	66564	0	0
MV-4122_S12__NODE_135_length_66190_cov_24.339457	66190	0	0
MV-4125_S18__NODE_53_length_66115_cov_51.315728	66115	0	0
MV-4128_S29__NODE_32_length_66083_cov_26.765478	66083	0	0
MV-4125_S18__NODE_54_length_66051_cov_20.239605	66051	0	0
MV-4122_S12__NODE_136_length_65866_cov_44.132713	65866	0	0
MV-4125_S18__NODE_55_length_65776_cov_25.816451	65776	0	0
MV-4125_S18__NODE_56_length_65738_cov_47.233531	65738	0	0
MV-4125_S18__NODE_57_length_65719_cov_46.563581	65719	0	0
MV-4125_S18__NODE_59_length_65484_cov_31.311819	65484	0	0
MV-4122_S12__NODE_137_length_65463_cov_34.060130	65463	0	0
cell-4122-0-44_S10__NODE_18_length_65290_cov_593.383230	65290	0	0
MV-4125_S18__NODE_61_length_64592_cov_78.585168	64592	0	0
MV-4125_S18__NODE_62_length_64527_cov_26.276756	64527	0	0
MV-4125_S18__NODE_63_length_64410_cov_55.905757	64410	0	0
Biragzang__NODE_5_length_64333_cov_51.837907	64333	0	0
MV-4125_S18__NODE_64_length_64308_cov_37.255630	64308	0	0
MV-4122_S12__NODE_139_length_64281_cov_27.510136	64281	0	0
MV-4122_S12__NODE_140_length_64274_cov_38.186238	64274	0	0
MV-4122_S12__NODE_141_length_63889_cov_56.350174	63889	0	0
MV-4125_S18__NODE_65_length_63588_cov_23.237766	63588	0	0
MV-4128_S29__NODE_34_length_63524_cov_41.918968	63524	0	0
MV-4122_S12__NODE_143_length_63401_cov_54.430430	63401	0	0
MV-4125_S18__NODE_66_length_63394_cov_25.892325	63394	0	0
Biragzang__NODE_6_length_63067_cov_30.681934	63067	1105	0
MV-4128_S29__NODE_35_length_63063_cov_28.230050	63063	0	0
MV-4122_S12__NODE_144_length_62725_cov_50.780565	62725	0	0
MV-4125_S18__NODE_69_length_61899_cov_23.693843	61899	0	0
Biragzang__NODE_7_length_61587_cov_49.254778	61587	11	0
MV-4122_S12__NODE_145_length_61535_cov_33.534483	61535	0	0
MV-4122_S12__NODE_147_length_61142_cov_24.373189	61142	0	0
MV-4122_S12__NODE_148_length_61090_cov_118.963201	61090	0	0
MV-4122_S12__NODE_149_length_61028_cov_39.721582	61028	0	0
MV-4122_S12__NODE_150_length_60956_cov_139.780135	60956	0	0
MV-4122_S12__NODE_151_length_60893_cov_123.368027	60893	0	0
MV-4122_S12__NODE_152_length_60845_cov_156.050156	60845	1	0
Biragzang__NODE_8_length_60711_cov_11.773740	60711	0	0
MV-4122_S12__NODE_155_length_60627_cov_225.390890	60627	0	0
MV-4122_S12__NODE_156_length_60423_cov_30.154254	60423	0	0
MV-4125_S18__NODE_70_length_59836_cov_22.671284	59836	0	0
MV-4128_S29__NODE_37_length_59684_cov_27.153197	59684	0	0
MV-4122_S12__NODE_158_length_59478_cov_38.562947	59478	0	0
MV-4122_S12__NODE_159_length_59408_cov_19.351339	59408	0	0
cell-4122-0-44_S10__NODE_19_length_59362_cov_715.358491	59362	0	0
MV-4122_S12__NODE_160_length_59297_cov_166.125722	59297	0	0
MV-4122_S12__NODE_161_length_59292_cov_56.071374	59292	0	0
MV-4122_S12__NODE_162_length_59243_cov_26.442235	59243	0	0
MV-4122_S12__NODE_163_length_58838_cov_56.886600	58838	0	0
MV-4122_S12__NODE_164_length_58789_cov_45.573978	58789	0	0
MV-4128_S29__NODE_39_length_58549_cov_23.014788	58549	0	0
MV-4122_S12__NODE_165_length_58538_cov_32.739822	58538	0	0
MV-4122_S12__NODE_166_length_58455_cov_210.725925	58455	0	0
MV-4122_S12__NODE_168_length_58206_cov_36.856941	58206	0	0
MV-4122_S12__NODE_169_length_57877_cov_66.584034	57877	0	0
MV-4125_S18__NODE_77_length_57823_cov_24.291424	57823	0	0
MV-4125_S18__NODE_79_length_57756_cov_22.444342	57756	0	0
MV-4122_S12__NODE_170_length_57751_cov_232.404586	57751	0	0
MV-4122_S12__NODE_171_length_57237_cov_115.966598	57237	0	0
MV-4122_S12__NODE_172_length_57062_cov_38.294718	57062	0	0
MV-4122_S12__NODE_173_length_56983_cov_50.834036	56983	0	0
MV-4122_S12__NODE_174_length_56928_cov_45.286252	56928	0	0
MV-4128_S29__NODE_41_length_56738_cov_25.048145	56738	0	0
MV-4122_S12__NODE_175_length_56417_cov_241.938398	56417	0	0
MV-4122_S12__NODE_176_length_56394_cov_23.138519	56394	0	0
MV-4125_S18__NODE_83_length_56255_cov_70.761406	56255	0	0
MV-4122_S12__NODE_177_length_56244_cov_205.445247	56244	0	0
MV-4122_S12__NODE_178_length_55859_cov_219.959250	55859	0	0
MV-4125_S18__NODE_84_length_55742_cov_50.365399	55742	0	0
Biragzang__NODE_9_length_55626_cov_43.150960	55626	0	0
MV-4125_S18__NODE_85_length_55362_cov_257.342760	55362	0	0
MV-4122_S12__NODE_179_length_55326_cov_36.167466	55326	0	0
cell-4122-0-44_S10__NODE_20_length_55167_cov_656.760415	55167	0	0
MV-4125_S18__NODE_86_length_54787_cov_46.973580	54787	0	0
MV-4122_S12__NODE_181_length_54767_cov_49.309000	54767	0	0
MV-4125_S18__NODE_87_length_54697_cov_23.991325	54697	0	0
MV-4122_S12__NODE_182_length_54551_cov_35.533470	54551	0	0
MV-4122_S12__NODE_183_length_54288_cov_46.023510	54288	0	0
MV-4128_S29__NODE_43_length_54008_cov_23.028006	54008	2	0
MV-4122_S12__NODE_184_length_54002_cov_23.863885	54002	0	0
Biragzang__NODE_10_length_53714_cov_39.561919	53714	0	0
MV-4122_S12__NODE_185_length_53652_cov_161.991716	53652	0	0
Biragzang__NODE_11_length_53321_cov_35.227650	53321	1125	0
MV-4125_S18__NODE_91_length_53137_cov_47.671904	53137	0	0
MV-4125_S18__NODE_92_length_53126_cov_48.468354	53126	0	0
MV-4128_S29__NODE_46_length_52884_cov_25.857086	52884	0	0
MV-4122_S12__NODE_187_length_52838_cov_218.462990	52838	0	0
MV-4122_S12__NODE_188_length_52675_cov_51.611174	52675	0	0
MV-4125_S18__NODE_93_length_52630_cov_43.458982	52630	0	0
MV-4125_S18__NODE_94_length_52530_cov_33.069652	52530	0	0
MV-4122_S12__NODE_189_length_52506_cov_55.390822	52506	0	0
Biragzang__NODE_12_length_52480_cov_57.744130	52480	0	0
MV-4125_S18__NODE_95_length_52445_cov_22.902863	52445	0	0
MV-4122_S12__NODE_190_length_52392_cov_50.726274	52392	0	0
Biragzang__NODE_13_length_52248_cov_12.253770	52248	86	0
MV-4122_S12__NODE_191_length_52209_cov_69.783948	52209	0	0
MV-4125_S18__NODE_96_length_51970_cov_19.617394	51970	0	0
MV-4122_S12__NODE_192_length_51731_cov_204.353472	51731	0	0
MV-4122_S12__NODE_193_length_51708_cov_38.888041	51708	0	0
MV-4125_S18__NODE_98_length_51633_cov_46.375431	51633	0	0
MV-4125_S18__NODE_99_length_51627_cov_80.732316	51627	0	0
MV-4122_S12__NODE_194_length_51423_cov_46.062276	51423	0	0
MV-4122_S12__NODE_195_length_51189_cov_41.966989	51189	0	0
Biragzang__NODE_14_length_51151_cov_36.436844	51151	0	0
MV-4125_S18__NODE_102_length_51140_cov_23.660781	51140	0	0
MV-4122_S12__NODE_196_length_51045_cov_39.364307	51045	0	0
MV-4122_S12__NODE_198_length_50583_cov_166.949315	50583	0	0
MV-4125_S18__NODE_104_length_50576_cov_42.188041	50576	0	0
MV-4122_S12__NODE_199_length_50540_cov_48.448589	50540	0	0
MV-4122_S12__NODE_200_length_50457_cov_107.841217	50457	0	0
MV-4122_S12__NODE_201_length_50431_cov_22.213614	50431	0	0
MV-4122_S12__NODE_202_length_50192_cov_48.236193	50192	0	0
MV-4125_S18__NODE_106_length_50090_cov_23.888418	50090	0	0
Biragzang__NODE_15_length_49941_cov_30.881911	49941	841	0
MV-4125_S18__NODE_107_length_49889_cov_42.130473	49889	0	0
MV-4122_S12__NODE_203_length_49872_cov_30.400586	49872	0	0
MV-4122_S12__NODE_204_length_49743_cov_51.117694	49743	0	0
MV-4122_S12__NODE_205_length_49726_cov_216.977834	49726	0	0
Biragzang__NODE_16_length_49649_cov_11.287797	49649	0	0
MV-4122_S12__NODE_206_length_49455_cov_41.546943	49455	0	0
MV-4125_S18__NODE_108_length_49434_cov_23.677636	49434	0	0
MV-4122_S12__NODE_207_length_49281_cov_93.122151	49281	0	0
MV-4122_S12__NODE_208_length_49257_cov_23.356347	49257	0	0
Biragzang__NODE_17_length_48952_cov_39.249075	48952	968	0
MV-4122_S12__NODE_209_length_48935_cov_38.672586	48935	0	0
MV-4122_S12__NODE_210_length_48839_cov_48.778575	48839	0	0
MV-4122_S12__NODE_211_length_48765_cov_30.863580	48765	0	0
MV-4125_S18__NODE_109_length_48743_cov_23.494352	48743	0	0
Biragzang__NODE_18_length_48658_cov_12.255437	48658	114	0
MV-4128_S29__NODE_47_length_48646_cov_40.516721	48646	1	0
cell-4122-0-44_S10__NODE_21_length_48646_cov_541.704328	48646	2	0
MV-4122_S12__NODE_213_length_48612_cov_52.596742	48612	0	0
MV-4122_S12__NODE_214_length_48610_cov_31.607744	48610	0	0
MV-4125_S18__NODE_111_length_48501_cov_44.211989	48501	0	0
MV-4128_S29__NODE_48_length_48407_cov_25.779140	48407	0	0
MV-4125_S18__NODE_112_length_48395_cov_43.693980	48395	0	0
MV-4122_S12__NODE_215_length_48246_cov_65.795563	48246	0	0
MV-4122_S12__NODE_216_length_48243_cov_36.582282	48243	0	0
MV-4122_S12__NODE_217_length_48037_cov_122.591597	48037	0	0
MV-4125_S18__NODE_116_length_47855_cov_21.735126	47855	0	0
MV-4122_S12__NODE_218_length_47832_cov_38.142977	47832	0	0
MV-4122_S12__NODE_219_length_47802_cov_211.939179	47802	0	0
MV-4125_S18__NODE_117_length_47776_cov_27.955303	47776	0	0
MV-4128_S29__NODE_49_length_47776_cov_25.885166	47776	0	0
Biragzang__NODE_19_length_47740_cov_11.208682	47740	0	0
MV-4125_S18__NODE_118_length_47660_cov_22.691986	47660	0	0
MV-4122_S12__NODE_220_length_47562_cov_38.505189	47562	0	0
Biragzang__NODE_20_length_47489_cov_48.150525	47489	0	0
MV-4128_S29__NODE_50_length_47454_cov_27.427224	47454	0	0
MV-4122_S12__NODE_221_length_47440_cov_39.200865	47440	0	0
MV-4122_S12__NODE_222_length_47410_cov_25.471946	47410	0	0
MV-4125_S18__NODE_119_length_47207_cov_26.306010	47207	0	0
MV-4128_S29__NODE_51_length_47066_cov_24.662271	47066	0	0
MV-4128_S29__NODE_52_length_46985_cov_25.628553	46985	0	0
MV-4122_S12__NODE_225_length_46927_cov_49.627112	46927	0	0
MV-4128_S29__NODE_53_length_46916_cov_601.737543	46916	0	0
MV-4125_S18__NODE_122_length_46791_cov_48.701536	46791	0	0
Biragzang__NODE_21_length_46771_cov_41.076055	46771	0	0
MV-4122_S12__NODE_226_length_46687_cov_44.732008	46687	0	0
MV-4122_S12__NODE_227_length_46624_cov_160.581782	46624	0	0
MV-4122_S12__NODE_228_length_46562_cov_51.209130	46562	1	0
MV-4122_S12__NODE_229_length_46482_cov_31.926573	46482	0	0
Biragzang__NODE_22_length_46395_cov_43.173198	46395	0	0
Biragzang__NODE_23_length_46257_cov_64.316631	46257	0	0
MV-4122_S12__NODE_231_length_45995_cov_54.298259	45995	0	0
MV-4122_S12__NODE_232_length_45845_cov_40.447456	45845	0	0
MV-4125_S18__NODE_124_length_45739_cov_36.727804	45739	0	0
MV-4122_S12__NODE_234_length_45634_cov_55.255227	45634	0	0
Biragzang__NODE_24_length_45630_cov_11.032781	45630	0	0
MV-4122_S12__NODE_235_length_45611_cov_104.373562	45611	0	0
MV-4122_S12__NODE_236_length_45577_cov_24.787158	45577	0	0
MV-4122_S12__NODE_238_length_45536_cov_51.089862	45536	0	0
MV-4128_S29__NODE_56_length_45532_cov_24.749698	45532	0	0
MV-4125_S18__NODE_126_length_45340_cov_23.180038	45340	0	0
MV-4122_S12__NODE_240_length_45103_cov_40.938599	45103	0	0
Biragzang__NODE_25_length_45057_cov_38.605395	45057	0	0
MV-4128_S29__NODE_57_length_45041_cov_492.694016	45041	0	0
MV-4125_S18__NODE_127_length_45033_cov_248.494331	45033	46	0
MV-4128_S29__NODE_59_length_44990_cov_24.836831	44990	0	0
MV-4122_S12__NODE_241_length_44843_cov_204.484103	44843	0	0
Biragzang__NODE_26_length_44779_cov_38.540515	44779	0	0
Biragzang__NODE_27_length_44721_cov_40.593875	44721	0	0
MV-4122_S12__NODE_243_length_44641_cov_49.028843	44641	0	0
Biragzang__NODE_28_length_44639_cov_32.878364	44639	839	0
MV-4125_S18__NODE_129_length_44587_cov_66.754918	44587	0	0
MV-4128_S29__NODE_60_length_44580_cov_28.770915	44580	0	0
MV-4125_S18__NODE_130_length_44569_cov_18.449274	44569	0	0
MV-4125_S18__NODE_131_length_44517_cov_23.402996	44517	0	0
MV-4122_S12__NODE_245_length_44313_cov_26.584346	44313	0	0
MV-4125_S18__NODE_132_length_44298_cov_68.425988	44298	0	0
Biragzang__NODE_29_length_44261_cov_51.803352	44261	12	0
MV-4125_S18__NODE_133_length_44126_cov_17.871140	44126	0	0
MV-4128_S29__NODE_63_length_44108_cov_682.297097	44108	0	0
MV-4122_S12__NODE_246_length_44024_cov_41.529896	44024	0	0
Biragzang__NODE_30_length_43882_cov_53.822301	43882	0	0
MV-4122_S12__NODE_247_length_43805_cov_32.553394	43805	0	0
cell-4122-0-44_S10__NODE_22_length_43789_cov_467.380436	43789	2	0
MV-4128_S29__NODE_64_length_43717_cov_22.029316	43717	1	0
MV-4122_S12__NODE_248_length_43658_cov_230.638190	43658	0	0
MV-4122_S12__NODE_249_length_43649_cov_201.986305	43649	0	0
MV-4125_S18__NODE_135_length_43567_cov_26.387089	43567	0	0
MV-4122_S12__NODE_250_length_43535_cov_46.882038	43535	0	0
MV-4125_S18__NODE_137_length_43372_cov_19.799155	43372	0	0
MV-4125_S18__NODE_138_length_43350_cov_27.381129	43350	0	0
MV-4122_S12__NODE_251_length_43303_cov_74.459304	43303	6	0
MV-4122_S12__NODE_252_length_43284_cov_48.529344	43284	0	0
Biragzang__NODE_31_length_43265_cov_11.704814	43265	0	0
MV-4122_S12__NODE_253_length_43254_cov_22.078081	43254	0	0
MV-4122_S12__NODE_254_length_43231_cov_94.581434	43231	0	0
MV-4122_S12__NODE_255_length_43102_cov_37.852742	43102	2	0
Biragzang__NODE_32_length_43028_cov_55.872338	43028	0	0
MV-4128_S29__NODE_66_length_42981_cov_21.034827	42981	0	0
MV-4122_S12__NODE_256_length_42914_cov_79.302574	42914	0	0
MV-4122_S12__NODE_257_length_42909_cov_47.315373	42909	0	0
MV-4122_S12__NODE_258_length_42904_cov_52.696702	42904	0	0
MV-4122_S12__NODE_259_length_42883_cov_33.073106	42883	0	0
MV-4125_S18__NODE_140_length_42878_cov_22.279826	42878	0	0
MV-4125_S18__NODE_141_length_42806_cov_50.226872	42806	0	0
Biragzang__NODE_33_length_42650_cov_10.899073	42650	0	0
MV-4125_S18__NODE_142_length_42644_cov_250.049144	42644	0	0
MV-4122_S12__NODE_261_length_42639_cov_40.081439	42639	0	0
MV-4125_S18__NODE_143_length_42550_cov_23.677421	42550	0	0
MV-4125_S18__NODE_144_length_42496_cov_41.170331	42496	0	0
MV-4122_S12__NODE_262_length_42302_cov_22.530120	42302	0	0
MV-4128_S29__NODE_68_length_42298_cov_22.499657	42298	5	0
MV-4122_S12__NODE_264_length_42130_cov_34.003636	42130	0	0
MV-4125_S18__NODE_147_length_42120_cov_50.606728	42120	0	0
Biragzang__NODE_34_length_42056_cov_38.320040	42056	6	0
MV-4125_S18__NODE_148_length_41968_cov_50.273996	41968	0	0
MV-4125_S18__NODE_149_length_41957_cov_22.233688	41957	0	0
MV-4125_S18__NODE_150_length_41949_cov_63.961474	41949	0	0
Biragzang__NODE_35_length_41885_cov_40.874372	41885	0	0
MV-4122_S12__NODE_265_length_41800_cov_24.985699	41800	0	0
MV-4122_S12__NODE_266_length_41794_cov_167.899758	41794	0	0
MV-4125_S18__NODE_152_length_41731_cov_21.861431	41731	0	0
MV-4122_S12__NODE_267_length_41730_cov_40.507283	41730	0	0
MV-4122_S12__NODE_268_length_41708_cov_53.086884	41708	0	0
Biragzang__NODE_36_length_41705_cov_38.946146	41705	0	0
MV-4122_S12__NODE_269_length_41641_cov_32.065142	41641	0	0
MV-4122_S12__NODE_270_length_41569_cov_22.749073	41569	0	0
MV-4122_S12__NODE_271_length_41564_cov_9.960804	41564	0	0
Biragzang__NODE_37_length_41489_cov_39.591133	41489	5	0
MV-4128_S29__NODE_70_length_41445_cov_49.683160	41445	0	0
MV-4122_S12__NODE_272_length_41443_cov_41.493549	41443	0	0
MV-4122_S12__NODE_273_length_41431_cov_21.879181	41431	0	0
MV-4122_S12__NODE_274_length_41367_cov_24.976714	41367	0	0
cell-4122-0-44_S10__NODE_23_length_41352_cov_524.202896	41352	0	0
cell-4122-0-44_S10__NODE_24_length_41240_cov_653.001093	41240	0	0
MV-4128_S29__NODE_72_length_41237_cov_19.240469	41237	0	0
MV-4122_S12__NODE_275_length_41030_cov_36.831117	41030	0	0
MV-4122_S12__NODE_276_length_41005_cov_38.622564	41005	0	0
Biragzang__NODE_38_length_40980_cov_11.384899	40980	0	0
Biragzang__NODE_39_length_40875_cov_12.509775	40875	0	0
MV-4122_S12__NODE_277_length_40752_cov_24.280438	40752	0	0
MV-4125_S18__NODE_156_length_40727_cov_21.667290	40727	0	0
MV-4122_S12__NODE_278_length_40721_cov_110.929720	40721	0	0
MV-4122_S12__NODE_279_length_40697_cov_39.324418	40697	0	0
MV-4125_S18__NODE_158_length_40416_cov_66.785560	40416	0	0
MV-4125_S18__NODE_159_length_40401_cov_23.754970	40401	0	0
Biragzang__NODE_40_length_40372_cov_48.565196	40372	0	0
MV-4122_S12__NODE_280_length_40366_cov_38.140557	40366	0	0
MV-4122_S12__NODE_281_length_40355_cov_40.243921	40355	0	0
Biragzang__NODE_41_length_40344_cov_44.137333	40344	0	0
MV-4122_S12__NODE_282_length_40318_cov_108.142737	40318	0	0
MV-4125_S18__NODE_161_length_40145_cov_22.112946	40145	0	0
MV-4122_S12__NODE_283_length_40129_cov_209.901432	40129	1	0
MV-4122_S12__NODE_284_length_40029_cov_37.628909	40029	0	0
MV-4125_S18__NODE_163_length_40007_cov_23.234531	40007	0	0
cell-4122-0-44_S10__NODE_25_length_39992_cov_411.001427	39992	0	0
MV-4122_S12__NODE_286_length_39975_cov_168.672821	39975	0	0
MV-4122_S12__NODE_287_length_39930_cov_24.727925	39930	0	0
MV-4122_S12__NODE_288_length_39915_cov_27.722278	39915	0	0
MV-4122_S12__NODE_289_length_39784_cov_46.772484	39784	0	0
MV-4122_S12__NODE_291_length_39703_cov_117.484236	39703	0	0
MV-4122_S12__NODE_292_length_39699_cov_17.679825	39699	0	0
MV-4125_S18__NODE_166_length_39690_cov_19.241403	39690	18	0
cell-4122-0-44_S10__NODE_26_length_39625_cov_558.985039	39625	0	0
MV-4125_S18__NODE_168_length_39571_cov_20.718494	39571	0	0
MV-4128_S29__NODE_74_length_39536_cov_24.730731	39536	0	0
MV-4122_S12__NODE_293_length_39485_cov_26.377682	39485	0	0
MV-4128_S29__NODE_75_length_39459_cov_23.986778	39459	0	0
Biragzang__NODE_42_length_39433_cov_36.033445	39433	858	0
MV-4128_S29__NODE_76_length_39397_cov_25.416705	39397	2	0
Biragzang__NODE_43_length_39358_cov_12.776582	39358	114	0
MV-4128_S29__NODE_77_length_39259_cov_504.042343	39259	0	0
MV-4128_S29__NODE_78_length_39163_cov_27.500818	39163	0	0
MV-4122_S12__NODE_295_length_39131_cov_42.427398	39131	0	0
MV-4128_S29__NODE_79_length_39002_cov_509.440778	39002	0	0
MV-4122_S12__NODE_296_length_38969_cov_49.364702	38969	0	0
MV-4122_S12__NODE_297_length_38927_cov_43.277398	38927	0	0
MV-4122_S12__NODE_298_length_38902_cov_41.232553	38902	0	0
MV-4125_S18__NODE_170_length_38823_cov_23.752167	38823	0	0
MV-4122_S12__NODE_299_length_38815_cov_215.964241	38815	0	0
MV-4128_S29__NODE_80_length_38768_cov_24.905639	38768	0	0
MV-4122_S12__NODE_300_length_38742_cov_21.943392	38742	0	0
MV-4122_S12__NODE_301_length_38726_cov_50.659538	38726	0	0
MV-4122_S12__NODE_303_length_38634_cov_26.855025	38634	0	0
MV-4125_S18__NODE_171_length_38630_cov_22.644770	38630	0	0
cell-4122-0-44_S10__NODE_27_length_38516_cov_575.372455	38516	2	0
Biragzang__NODE_44_length_38352_cov_45.830561	38352	664	0
MV-4128_S29__NODE_82_length_38305_cov_20.935608	38305	0	0
MV-4122_S12__NODE_304_length_38188_cov_21.934886	38188	0	0
MV-4122_S12__NODE_305_length_38149_cov_45.168215	38149	0	0
Biragzang__NODE_45_length_38029_cov_33.943303	38029	0	0
cell-4122-0-44_S10__NODE_28_length_38013_cov_1387.913457	38013	4	0
MV-4122_S12__NODE_306_length_38012_cov_46.808863	38012	0	0
MV-4122_S12__NODE_307_length_37966_cov_36.605049	37966	0	0
MV-4125_S18__NODE_173_length_37949_cov_71.608460	37949	0	0
MV-4125_S18__NODE_174_length_37945_cov_21.303721	37945	0	0
MV-4128_S29__NODE_84_length_37922_cov_27.654501	37922	0	0
MV-4122_S12__NODE_308_length_37910_cov_79.129573	37910	0	0
MV-4122_S12__NODE_310_length_37846_cov_72.377656	37846	0	0
MV-4125_S18__NODE_175_length_37839_cov_23.477318	37839	0	0
MV-4125_S18__NODE_176_length_37797_cov_23.644295	37797	1	0
MV-4122_S12__NODE_311_length_37788_cov_36.117271	37788	0	0
MV-4122_S12__NODE_312_length_37710_cov_32.000398	37710	0	0
MV-4122_S12__NODE_313_length_37526_cov_24.214913	37526	0	0
Biragzang__NODE_46_length_37424_cov_25.718162	37424	494	0
MV-4122_S12__NODE_314_length_37357_cov_37.764302	37357	0	0
MV-4125_S18__NODE_181_length_37357_cov_23.988794	37357	0	0
MV-4122_S12__NODE_315_length_37222_cov_50.430758	37222	0	0
MV-4122_S12__NODE_317_length_37142_cov_39.414889	37142	0	0
Biragzang__NODE_47_length_37115_cov_38.233864	37115	0	0
MV-4125_S18__NODE_182_length_37015_cov_36.646023	37015	0	0
Biragzang__NODE_48_length_37007_cov_41.210083	37007	839	0
MV-4128_S29__NODE_85_length_36977_cov_29.620362	36977	0	0
MV-4125_S18__NODE_183_length_36972_cov_23.889969	36972	0	0
MV-4122_S12__NODE_318_length_36946_cov_42.761053	36946	0	0
MV-4122_S12__NODE_319_length_36920_cov_42.346372	36920	0	0
MV-4122_S12__NODE_320_length_36894_cov_235.854529	36894	0	0
Biragzang__NODE_49_length_36852_cov_37.813545	36852	4	0
MV-4125_S18__NODE_184_length_36807_cov_70.213158	36807	0	0
MV-4122_S12__NODE_322_length_36785_cov_36.501225	36785	0	0
MV-4128_S29__NODE_86_length_36626_cov_26.516584	36626	0	0
MV-4125_S18__NODE_187_length_36536_cov_25.430334	36536	0	0
Biragzang__NODE_50_length_36496_cov_11.076343	36496	0	0
MV-4125_S18__NODE_189_length_36496_cov_21.162454	36496	0	0
Biragzang__NODE_51_length_36471_cov_41.726906	36471	2	0
cell-4122-0-44_S10__NODE_29_length_36446_cov_35.724767	36446	0	0
MV-4122_S12__NODE_325_length_36439_cov_63.938462	36439	0	0
cell-4122-0-44_S10__NODE_30_length_36395_cov_531.337149	36395	0	0
MV-4125_S18__NODE_190_length_36325_cov_21.747422	36325	0	0
MV-4128_S29__NODE_88_length_36280_cov_25.196743	36280	0	0
Biragzang__NODE_52_length_36272_cov_11.190601	36272	88	0
MV-4125_S18__NODE_191_length_36259_cov_22.445559	36259	0	0
Biragzang__NODE_53_length_36160_cov_39.244287	36160	4	0
MV-4122_S12__NODE_326_length_36136_cov_38.794324	36136	0	0
MV-4122_S12__NODE_327_length_36077_cov_37.993976	36077	0	0
MV-4125_S18__NODE_192_length_36032_cov_194.343914	36032	0	0
Biragzang__NODE_54_length_35994_cov_28.142714	35994	556	0
MV-4125_S18__NODE_193_length_35988_cov_19.063646	35988	0	0
MV-4128_S29__NODE_89_length_35948_cov_25.486474	35948	1	0
MV-4128_S29__NODE_90_length_35942_cov_27.467774	35942	0	0
MV-4122_S12__NODE_328_length_35889_cov_56.814980	35889	0	0
MV-4122_S12__NODE_329_length_35848_cov_23.971782	35848	0	0
Biragzang__NODE_55_length_35795_cov_53.700755	35795	10	0
MV-4122_S12__NODE_331_length_35779_cov_44.878261	35779	0	0
MV-4122_S12__NODE_332_length_35764_cov_20.692655	35764	0	0
MV-4122_S12__NODE_333_length_35743_cov_56.954831	35743	0	0
Biragzang__NODE_56_length_35672_cov_35.337114	35672	2	0
MV-4122_S12__NODE_334_length_35654_cov_24.253181	35654	0	0
MV-4128_S29__NODE_91_length_35644_cov_27.407092	35644	0	0
MV-4122_S12__NODE_338_length_35483_cov_58.806848	35483	0	0
cell-4122-0-44_S10__NODE_31_length_35454_cov_49.532699	35454	2	0
MV-4122_S12__NODE_339_length_35376_cov_16.580901	35376	0	0
MV-4125_S18__NODE_199_length_35359_cov_22.727311	35359	0	0
MV-4122_S12__NODE_340_length_35343_cov_56.074671	35343	0	0
MV-4122_S12__NODE_341_length_35223_cov_31.765440	35223	0	0
MV-4122_S12__NODE_343_length_35160_cov_194.400057	35160	0	0
MV-4122_S12__NODE_344_length_35081_cov_57.230572	35081	0	0
MV-4128_S29__NODE_97_length_35014_cov_24.320261	35014	0	0
Biragzang__NODE_57_length_35007_cov_38.424611	35007	0	0
MV-4128_S29__NODE_98_length_35001_cov_27.838665	35001	8	0
MV-4125_S18__NODE_201_length_34968_cov_55.479707	34968	0	0
MV-4125_S18__NODE_202_length_34955_cov_47.813295	34955	0	0
MV-4122_S12__NODE_345_length_34869_cov_24.430344	34869	0	0
Biragzang__NODE_58_length_34868_cov_30.995576	34868	625	0
MV-4122_S12__NODE_346_length_34866_cov_68.202005	34866	0	0
Biragzang__NODE_59_length_34861_cov_40.330862	34861	0	0
MV-4125_S18__NODE_204_length_34837_cov_53.846731	34837	0	0
MV-4122_S12__NODE_347_length_34819_cov_26.670147	34819	0	0
MV-4122_S12__NODE_349_length_34660_cov_51.090912	34660	0	0
MV-4122_S12__NODE_350_length_34647_cov_41.505637	34647	0	0
Biragzang__NODE_60_length_34594_cov_47.013087	34594	8	0
Biragzang__NODE_61_length_34555_cov_39.459101	34555	834	0
MV-4128_S29__NODE_102_length_34548_cov_31.412229	34548	0	0
MV-4122_S12__NODE_351_length_34531_cov_61.050992	34531	0	0
Biragzang__NODE_62_length_34510_cov_51.733856	34510	0	0
MV-4128_S29__NODE_103_length_34470_cov_35.511172	34470	0	0
MV-4122_S12__NODE_352_length_34392_cov_55.143839	34392	0	0
MV-4122_S12__NODE_353_length_34353_cov_223.765117	34353	0	0
MV-4125_S18__NODE_207_length_34334_cov_44.650369	34334	0	0
MV-4128_S29__NODE_104_length_34318_cov_28.353034	34318	0	0
MV-4125_S18__NODE_209_length_34242_cov_29.273788	34242	0	0
Biragzang__NODE_63_length_34210_cov_38.579242	34210	693	0
cell-4122-0-44_S10__NODE_32_length_34151_cov_49.177557	34151	0	0
MV-4122_S12__NODE_355_length_34116_cov_27.990752	34116	0	0
MV-4122_S12__NODE_356_length_34101_cov_163.445720	34101	0	0
MV-4122_S12__NODE_358_length_34075_cov_27.011258	34075	0	0
MV-4128_S29__NODE_106_length_34056_cov_24.193553	34056	0	0
MV-4125_S18__NODE_212_length_34018_cov_41.181757	34018	0	0
MV-4122_S12__NODE_359_length_34014_cov_112.324656	34014	0	0
MV-4122_S12__NODE_360_length_34014_cov_38.465031	34014	0	0
MV-4128_S29__NODE_107_length_33962_cov_17.262807	33962	0	0
MV-4125_S18__NODE_213_length_33958_cov_25.342684	33958	0	0
MV-4122_S12__NODE_361_length_33848_cov_61.821738	33848	0	0
MV-4122_S12__NODE_362_length_33782_cov_22.537937	33782	0	0
MV-4122_S12__NODE_363_length_33700_cov_111.813494	33700	0	0
Biragzang__NODE_64_length_33687_cov_11.626576	33687	0	0
Biragzang__NODE_65_length_33635_cov_10.816557	33635	0	0
MV-4125_S18__NODE_215_length_33611_cov_42.495858	33611	0	0
cell-4122-0-44_S10__NODE_33_length_33593_cov_537.073379	33593	0	0
MV-4125_S18__NODE_216_length_33589_cov_26.057882	33589	0	0
Biragzang__NODE_66_length_33495_cov_38.904037	33495	2	0
MV-4122_S12__NODE_364_length_33495_cov_41.361244	33495	0	0
Biragzang__NODE_67_length_33403_cov_34.954780	33403	0	0
MV-4128_S29__NODE_108_length_33381_cov_28.674758	33381	0	0
MV-4122_S12__NODE_365_length_33364_cov_43.834459	33364	0	0
MV-4122_S12__NODE_366_length_33327_cov_12.617697	33327	0	0
MV-4122_S12__NODE_367_length_33291_cov_44.066795	33291	0	0
Biragzang__NODE_68_length_33203_cov_45.314981	33203	0	0
MV-4125_S18__NODE_220_length_33181_cov_22.334933	33181	0	0
Biragzang__NODE_69_length_33152_cov_27.947760	33152	482	0
MV-4125_S18__NODE_221_length_33152_cov_23.198507	33152	0	0
MV-4128_S29__NODE_109_length_33152_cov_26.201861	33152	0	0
MV-4125_S18__NODE_222_length_33151_cov_25.723743	33151	0	0
MV-4125_S18__NODE_223_length_33116_cov_22.258613	33116	0	0
MV-4122_S12__NODE_369_length_33061_cov_38.058202	33061	0	0
Biragzang__NODE_70_length_32961_cov_35.773993	32961	0	0
MV-4122_S12__NODE_370_length_32950_cov_209.761453	32950	1	0
Biragzang__NODE_71_length_32938_cov_39.241219	32938	0	0
MV-4128_S29__NODE_110_length_32908_cov_26.005875	32908	0	0
MV-4125_S18__NODE_226_length_32893_cov_20.683872	32893	0	0
MV-4125_S18__NODE_228_length_32829_cov_75.378257	32829	0	0
Biragzang__NODE_72_length_32738_cov_34.030658	32738	623	0
Biragzang__NODE_73_length_32735_cov_10.550428	32735	0	0
MV-4128_S29__NODE_112_length_32713_cov_23.279013	32713	2	0
Biragzang__NODE_74_length_32637_cov_39.758640	32637	728	0
MV-4122_S12__NODE_373_length_32635_cov_26.174770	32635	0	0
Biragzang__NODE_75_length_32634_cov_36.453083	32634	0	0
MV-4122_S12__NODE_374_length_32633_cov_109.911627	32633	0	0
MV-4128_S29__NODE_113_length_32621_cov_22.785942	32621	0	0
Biragzang__NODE_76_length_32615_cov_41.818857	32615	0	0
MV-4125_S18__NODE_229_length_32608_cov_21.259700	32608	0	0
MV-4125_S18__NODE_230_length_32451_cov_41.877114	32451	0	0
MV-4122_S12__NODE_377_length_32441_cov_47.397456	32441	0	0
MV-4128_S29__NODE_114_length_32406_cov_26.880869	32406	0	0
Biragzang__NODE_77_length_32394_cov_40.964377	32394	4	0
Biragzang__NODE_78_length_32345_cov_42.577547	32345	0	0
Biragzang__NODE_79_length_32316_cov_37.627755	32316	713	0
Biragzang__NODE_80_length_32296_cov_34.817282	32296	614	0
MV-4125_S18__NODE_232_length_32277_cov_165.078270	32277	0	0
MV-4122_S12__NODE_378_length_32243_cov_34.885703	32243	0	0
Biragzang__NODE_81_length_32239_cov_41.006028	32239	0	0
MV-4125_S18__NODE_233_length_32206_cov_23.107182	32206	0	0
Biragzang__NODE_82_length_32153_cov_11.203159	32153	0	0
MV-4125_S18__NODE_235_length_32145_cov_23.734746	32145	0	0
MV-4122_S12__NODE_380_length_32140_cov_51.752470	32140	0	0
MV-4122_S12__NODE_381_length_32104_cov_155.241692	32104	0	0
MV-4122_S12__NODE_383_length_32010_cov_39.092349	32010	0	0
Biragzang__NODE_83_length_31887_cov_38.974177	31887	0	0
MV-4125_S18__NODE_237_length_31872_cov_20.634284	31872	0	0
Biragzang__NODE_84_length_31861_cov_38.303025	31861	0	0
MV-4122_S12__NODE_384_length_31829_cov_46.221376	31829	0	0
MV-4122_S12__NODE_385_length_31811_cov_35.852059	31811	0	0
MV-4122_S12__NODE_386_length_31784_cov_26.716537	31784	0	0
MV-4125_S18__NODE_239_length_31777_cov_47.931972	31777	0	0
MV-4128_S29__NODE_117_length_31765_cov_20.093283	31765	0	0
MV-4128_S29__NODE_118_length_31710_cov_26.533691	31710	0	0
MV-4122_S12__NODE_387_length_31704_cov_44.634396	31704	0	0
cell-4122-0-44_S10__NODE_34_length_31580_cov_641.513751	31580	0	0
MV-4125_S18__NODE_243_length_31520_cov_71.566248	31520	0	0
Biragzang__NODE_85_length_31517_cov_37.371941	31517	674	0
MV-4128_S29__NODE_119_length_31509_cov_13.528073	31509	0	0
MV-4122_S12__NODE_390_length_31486_cov_162.250772	31486	0	0
MV-4125_S18__NODE_244_length_31414_cov_21.111866	31414	0	0
MV-4125_S18__NODE_245_length_31389_cov_276.851950	31389	0	0
MV-4122_S12__NODE_391_length_31365_cov_27.944874	31365	0	0
MV-4122_S12__NODE_392_length_31327_cov_204.024910	31327	0	0
MV-4122_S12__NODE_393_length_31274_cov_30.277043	31274	0	0
MV-4128_S29__NODE_123_length_31242_cov_24.929041	31242	0	0
MV-4122_S12__NODE_394_length_31241_cov_49.857212	31241	0	0
Biragzang__NODE_86_length_31212_cov_50.995057	31212	953	0
MV-4122_S12__NODE_395_length_31175_cov_23.142802	31175	0	0
Biragzang__NODE_87_length_31156_cov_36.477477	31156	575	0
MV-4128_S29__NODE_124_length_31151_cov_27.101846	31151	0	0
MV-4122_S12__NODE_396_length_31145_cov_29.977742	31145	0	0
MV-4122_S12__NODE_397_length_31100_cov_50.772943	31100	0	0
Biragzang__NODE_88_length_31095_cov_11.253963	31095	0	0
MV-4122_S12__NODE_398_length_31080_cov_43.464013	31080	0	0
Biragzang__NODE_89_length_31067_cov_37.859442	31067	0	0
Biragzang__NODE_90_length_31003_cov_47.015510	31003	0	0
Biragzang__NODE_91_length_30995_cov_41.858209	30995	0	0
cell-4122-0-44_S10__NODE_35_length_30946_cov_78.815286	30946	0	0
MV-4125_S18__NODE_250_length_30911_cov_25.509755	30911	0	0
MV-4122_S12__NODE_400_length_30910_cov_29.638243	30910	0	0
MV-4122_S12__NODE_401_length_30900_cov_26.312498	30900	0	0
MV-4125_S18__NODE_251_length_30877_cov_39.052171	30877	0	0
Biragzang__NODE_92_length_30796_cov_29.426954	30796	457	0
MV-4125_S18__NODE_252_length_30789_cov_66.461541	30789	0	0
MV-4128_S29__NODE_128_length_30772_cov_26.988573	30772	0	0
Biragzang__NODE_93_length_30741_cov_41.619631	30741	703	0
MV-4128_S29__NODE_129_length_30726_cov_28.529653	30726	0	0
MV-4128_S29__NODE_130_length_30715_cov_26.079387	30715	0	0
cell-4122-0-44_S10__NODE_36_length_30711_cov_618.072253	30711	0	0
MV-4122_S12__NODE_403_length_30628_cov_38.084944	30628	0	0
MV-4128_S29__NODE_131_length_30612_cov_24.709461	30612	0	0
MV-4128_S29__NODE_132_length_30605_cov_16.917709	30605	0	0
MV-4125_S18__NODE_253_length_30602_cov_226.365797	30602	0	0
Biragzang__NODE_94_length_30569_cov_56.937406	30569	0	0
MV-4122_S12__NODE_404_length_30554_cov_44.582281	30554	2	0
MV-4128_S29__NODE_134_length_30543_cov_26.448340	30543	0	0
Biragzang__NODE_95_length_30510_cov_11.509506	30510	0	0
MV-4128_S29__NODE_135_length_30487_cov_21.632328	30487	4	0
Biragzang__NODE_96_length_30481_cov_49.600145	30481	0	0
MV-4122_S12__NODE_405_length_30481_cov_34.425360	30481	0	0
MV-4128_S29__NODE_136_length_30442_cov_18.492184	30442	0	0
MV-4128_S29__NODE_137_length_30371_cov_27.568809	30371	0	0
cell-4122-0-44_S10__NODE_37_length_30362_cov_39.358036	30362	0	0
MV-4125_S18__NODE_254_length_30357_cov_20.256287	30357	0	0
MV-4122_S12__NODE_406_length_30346_cov_20.989502	30346	0	0
Biragzang__NODE_97_length_30330_cov_39.284393	30330	0	0
MV-4125_S18__NODE_255_length_30319_cov_28.724656	30319	0	0
MV-4128_S29__NODE_138_length_30259_cov_24.704344	30259	0	0
Biragzang__NODE_98_length_30252_cov_16.125774	30252	0	0
MV-4122_S12__NODE_408_length_30245_cov_59.110401	30245	0	0
MV-4122_S12__NODE_409_length_30235_cov_44.975679	30235	0	0
MV-4122_S12__NODE_410_length_30181_cov_23.789053	30181	0	0
MV-4125_S18__NODE_256_length_30112_cov_20.986692	30112	0	0
MV-4122_S12__NODE_411_length_30100_cov_232.673323	30100	0	0
MV-4128_S29__NODE_139_length_30100_cov_27.940456	30100	0	0
MV-4125_S18__NODE_258_length_30086_cov_30.539243	30086	0	0
Biragzang__NODE_99_length_30078_cov_49.148086	30078	0	0
MV-4122_S12__NODE_412_length_30076_cov_24.412211	30076	0	0
MV-4122_S12__NODE_413_length_30057_cov_8.487101	30057	0	0
MV-4122_S12__NODE_415_length_30026_cov_39.676988	30026	0	0
MV-4125_S18__NODE_260_length_30005_cov_24.768180	30005	0	0
Biragzang__NODE_100_length_29972_cov_10.557442	29972	0	0
Biragzang__NODE_101_length_29935_cov_32.770348	29935	554	0
MV-4125_S18__NODE_261_length_29911_cov_22.276460	29911	0	0
MV-4122_S12__NODE_416_length_29900_cov_61.292746	29900	0	0
MV-4122_S12__NODE_417_length_29809_cov_218.444142	29809	0	0
MV-4128_S29__NODE_140_length_29777_cov_16.194603	29777	0	0
Biragzang__NODE_102_length_29570_cov_10.843774	29570	0	0
MV-4122_S12__NODE_420_length_29540_cov_26.760997	29540	0	0
MV-4122_S12__NODE_421_length_29534_cov_53.203670	29534	0	0
Biragzang__NODE_103_length_29474_cov_36.782114	29474	0	0
MV-4128_S29__NODE_141_length_29420_cov_22.651762	29420	0	0
MV-4122_S12__NODE_422_length_29415_cov_212.029837	29415	0	0
MV-4122_S12__NODE_423_length_29401_cov_38.936482	29401	0	0
MV-4128_S29__NODE_142_length_29377_cov_24.912455	29377	0	0
cell-4122-0-44_S10__NODE_38_length_29372_cov_607.733977	29372	4	0
Biragzang__NODE_104_length_29371_cov_39.055362	29371	2	0
MV-4125_S18__NODE_265_length_29355_cov_25.647099	29355	0	0
MV-4125_S18__NODE_266_length_29333_cov_40.319455	29333	0	0
MV-4125_S18__NODE_267_length_29325_cov_23.581619	29325	0	0
MV-4122_S12__NODE_425_length_29308_cov_14.137729	29308	0	0
MV-4125_S18__NODE_268_length_29274_cov_25.189500	29274	0	0
cell-4122-0-44_S10__NODE_39_length_29241_cov_550.532550	29241	0	0
Biragzang__NODE_105_length_29219_cov_37.462591	29219	0	0
MV-4128_S29__NODE_143_length_29205_cov_23.035094	29205	0	0
MV-4122_S12__NODE_426_length_29150_cov_33.413267	29150	0	0
Biragzang__NODE_106_length_29130_cov_37.845297	29130	2	0
MV-4128_S29__NODE_144_length_29128_cov_15.231108	29128	0	0
MV-4125_S18__NODE_269_length_29113_cov_21.623615	29113	0	0
MV-4125_S18__NODE_270_length_29111_cov_24.286860	29111	0	0
MV-4128_S29__NODE_145_length_29107_cov_25.840872	29107	0	0
MV-4128_S29__NODE_146_length_29105_cov_17.298485	29105	0	0
Biragzang__NODE_107_length_29104_cov_41.649454	29104	6	0
Biragzang__NODE_108_length_29093_cov_17.418727	29093	3069	0
MV-4125_S18__NODE_271_length_29022_cov_72.192012	29022	0	0
MV-4125_S18__NODE_272_length_28971_cov_17.311869	28971	0	0
Biragzang__NODE_109_length_28947_cov_40.111692	28947	666	0
MV-4122_S12__NODE_427_length_28942_cov_25.678748	28942	0	0
MV-4125_S18__NODE_274_length_28928_cov_22.397430	28928	0	0
MV-4122_S12__NODE_428_length_28908_cov_42.651128	28908	0	0
Biragzang__NODE_110_length_28879_cov_43.478906	28879	0	0
MV-4122_S12__NODE_429_length_28765_cov_12.106513	28765	0	0
MV-4125_S18__NODE_275_length_28653_cov_19.151269	28653	12	0
MV-4122_S12__NODE_430_length_28651_cov_53.474052	28651	0	0
MV-4122_S12__NODE_431_length_28651_cov_47.763673	28651	0	0
MV-4122_S12__NODE_432_length_28650_cov_24.811401	28650	0	0
MV-4122_S12__NODE_433_length_28648_cov_29.913895	28648	0	0
MV-4122_S12__NODE_434_length_28636_cov_39.483678	28636	0	0
Biragzang__NODE_111_length_28625_cov_66.088309	28625	0	0
MV-4122_S12__NODE_435_length_28581_cov_27.648847	28581	0	0
MV-4122_S12__NODE_437_length_28524_cov_50.785240	28524	0	0
MV-4122_S12__NODE_438_length_28521_cov_25.275768	28521	0	0
MV-4122_S12__NODE_439_length_28507_cov_22.028434	28507	0	0
MV-4122_S12__NODE_440_length_28505_cov_24.388612	28505	0	0
Biragzang__NODE_112_length_28488_cov_47.609749	28488	957	0
MV-4128_S29__NODE_147_length_28440_cov_26.469191	28440	0	0
MV-4122_S12__NODE_441_length_28406_cov_38.400938	28406	0	0
Biragzang__NODE_113_length_28390_cov_49.494689	28390	973	0
MV-4122_S12__NODE_442_length_28332_cov_27.636171	28332	0	0
MV-4125_S18__NODE_278_length_28304_cov_21.110588	28304	0	0
MV-4122_S12__NODE_443_length_28273_cov_21.947197	28273	0	0
MV-4128_S29__NODE_148_length_28251_cov_23.884558	28251	0	0
MV-4122_S12__NODE_444_length_28245_cov_231.340830	28245	0	0
MV-4122_S12__NODE_445_length_28225_cov_25.967448	28225	21	0
MV-4122_S12__NODE_447_length_28201_cov_28.092447	28201	0	0
Biragzang__NODE_114_length_28187_cov_34.474229	28187	539	0
Biragzang__NODE_115_length_28126_cov_51.718001	28126	828	0
MV-4122_S12__NODE_448_length_28121_cov_25.912100	28121	0	0
MV-4122_S12__NODE_450_length_28095_cov_46.517190	28095	0	0
MV-4122_S12__NODE_451_length_28090_cov_24.958231	28090	0	0
Biragzang__NODE_116_length_28022_cov_10.418744	28022	0	0
MV-4122_S12__NODE_452_length_28012_cov_30.990414	28012	0	0
MV-4125_S18__NODE_281_length_27956_cov_20.031648	27956	0	0
cell-4122-0-44_S10__NODE_40_length_27943_cov_673.513339	27943	0	0
MV-4122_S12__NODE_453_length_27859_cov_54.166415	27859	0	0
Biragzang__NODE_117_length_27851_cov_11.802669	27851	0	0
MV-4128_S29__NODE_149_length_27731_cov_17.329961	27731	0	0
MV-4128_S29__NODE_150_length_27711_cov_22.929202	27711	6	0
MV-4128_S29__NODE_151_length_27711_cov_15.596435	27711	0	0
cell-4122-0-44_S10__NODE_41_length_27709_cov_475.303609	27709	0	0
MV-4125_S18__NODE_284_length_27692_cov_280.640880	27692	0	0
Biragzang__NODE_118_length_27690_cov_38.076931	27690	581	0
MV-4122_S12__NODE_455_length_27643_cov_46.268595	27643	0	0
MV-4122_S12__NODE_456_length_27628_cov_193.550647	27628	0	0
MV-4125_S18__NODE_285_length_27595_cov_26.277160	27595	0	0
MV-4122_S12__NODE_457_length_27566_cov_43.407437	27566	0	0
MV-4125_S18__NODE_286_length_27526_cov_27.859015	27526	0	0
MV-4125_S18__NODE_287_length_27511_cov_20.862799	27511	0	0
Biragzang__NODE_119_length_27474_cov_35.903643	27474	6	0
MV-4122_S12__NODE_458_length_27469_cov_43.339498	27469	0	0
MV-4122_S12__NODE_460_length_27436_cov_43.206567	27436	0	0
Biragzang__NODE_120_length_27384_cov_28.912547	27384	408	0
MV-4122_S12__NODE_461_length_27358_cov_59.736110	27358	0	0
MV-4125_S18__NODE_289_length_27358_cov_32.112259	27358	0	0
MV-4125_S18__NODE_290_length_27356_cov_24.174609	27356	0	0
MV-4122_S12__NODE_462_length_27348_cov_41.963874	27348	0	0
MV-4122_S12__NODE_463_length_27324_cov_23.114159	27324	0	0
MV-4122_S12__NODE_464_length_27289_cov_27.196482	27289	0	0
Biragzang__NODE_121_length_27283_cov_35.384163	27283	0	0
MV-4128_S29__NODE_153_length_27276_cov_19.127255	27276	0	0
MV-4122_S12__NODE_465_length_27269_cov_32.042405	27269	0	0
MV-4122_S12__NODE_466_length_27254_cov_39.086805	27254	0	0
cell-4122-0-44_S10__NODE_42_length_27243_cov_41.219876	27243	0	0
MV-4125_S18__NODE_291_length_27231_cov_25.004121	27231	0	0
MV-4125_S18__NODE_292_length_27223_cov_17.866056	27223	0	0
MV-4128_S29__NODE_154_length_27219_cov_23.184546	27219	0	0
MV-4122_S12__NODE_467_length_27200_cov_22.006705	27200	0	0
MV-4125_S18__NODE_293_length_27173_cov_29.487942	27173	0	0
MV-4128_S29__NODE_155_length_27168_cov_26.507616	27168	0	0
MV-4125_S18__NODE_294_length_27140_cov_21.988924	27140	0	0
Biragzang__NODE_122_length_27122_cov_42.576606	27122	0	0
MV-4122_S12__NODE_469_length_27099_cov_54.472378	27099	0	0
MV-4122_S12__NODE_470_length_27067_cov_172.835221	27067	0	0
Biragzang__NODE_123_length_27045_cov_10.877844	27045	0	0
MV-4125_S18__NODE_296_length_27041_cov_43.172904	27041	0	0
cell-4122-0-44_S10__NODE_43_length_27037_cov_594.223594	27037	0	0
MV-4125_S18__NODE_297_length_27016_cov_23.725010	27016	0	0
MV-4125_S18__NODE_298_length_26999_cov_25.288933	26999	0	0
MV-4122_S12__NODE_472_length_26972_cov_225.371475	26972	0	0
MV-4122_S12__NODE_473_length_26965_cov_44.180974	26965	0	0
MV-4125_S18__NODE_299_length_26959_cov_22.504460	26959	0	0
Biragzang__NODE_124_length_26958_cov_32.714641	26958	566	0
Biragzang__NODE_125_length_26947_cov_52.042169	26947	942	0
MV-4128_S29__NODE_156_length_26943_cov_26.982632	26943	2	0
Biragzang__NODE_126_length_26923_cov_10.955672	26923	0	0
MV-4122_S12__NODE_474_length_26912_cov_24.542838	26912	0	0
Biragzang__NODE_127_length_26910_cov_87.160678	26910	0	0
MV-4128_S29__NODE_157_length_26905_cov_26.739069	26905	0	0
Biragzang__NODE_128_length_26886_cov_11.573329	26886	67	0
MV-4122_S12__NODE_475_length_26878_cov_24.363457	26878	0	0
Biragzang__NODE_129_length_26874_cov_41.778553	26874	2	0
MV-4125_S18__NODE_302_length_26870_cov_25.514675	26870	0	0
MV-4125_S18__NODE_303_length_26868_cov_22.529333	26868	0	0
MV-4125_S18__NODE_304_length_26866_cov_23.684085	26866	0	0
MV-4122_S12__NODE_476_length_26849_cov_38.442189	26849	0	0
MV-4122_S12__NODE_477_length_26832_cov_24.900362	26832	0	0
MV-4122_S12__NODE_478_length_26814_cov_25.935237	26814	0	0
MV-4125_S18__NODE_305_length_26813_cov_20.469093	26813	0	0
Biragzang__NODE_130_length_26790_cov_42.138769	26790	0	0
cell-4122-0-44_S10__NODE_44_length_26779_cov_1074.789889	26779	0	0
Biragzang__NODE_131_length_26768_cov_40.976116	26768	0	0
MV-4125_S18__NODE_307_length_26740_cov_27.137980	26740	0	0
MV-4128_S29__NODE_158_length_26726_cov_26.638671	26726	0	0
MV-4125_S18__NODE_308_length_26704_cov_24.113100	26704	0	0
cell-4122-0-44_S10__NODE_45_length_26697_cov_16.981007	26697	0	0
MV-4122_S12__NODE_479_length_26692_cov_74.554342	26692	12	0
MV-4122_S12__NODE_480_length_26687_cov_31.831631	26687	0	0
MV-4122_S12__NODE_481_length_26680_cov_35.523455	26680	0	0
MV-4128_S29__NODE_159_length_26659_cov_23.736468	26659	2	0
Biragzang__NODE_132_length_26638_cov_12.012489	26638	0	0
MV-4128_S29__NODE_160_length_26580_cov_17.520113	26580	0	0
MV-4122_S12__NODE_483_length_26567_cov_28.514673	26567	0	0
MV-4125_S18__NODE_310_length_26558_cov_23.597932	26558	0	0
MV-4122_S12__NODE_484_length_26552_cov_61.630071	26552	0	0
MV-4128_S29__NODE_161_length_26535_cov_27.457742	26535	0	0
MV-4122_S12__NODE_485_length_26470_cov_23.579292	26470	0	0
Biragzang__NODE_133_length_26449_cov_44.765932	26449	2	0
MV-4122_S12__NODE_486_length_26432_cov_57.524700	26432	0	0
MV-4122_S12__NODE_487_length_26405_cov_28.719583	26405	0	0
MV-4128_S29__NODE_162_length_26393_cov_26.844407	26393	0	0
MV-4122_S12__NODE_488_length_26385_cov_27.256893	26385	0	0
MV-4122_S12__NODE_489_length_26330_cov_54.274672	26330	0	0
MV-4122_S12__NODE_490_length_26320_cov_21.335351	26320	0	0
cell-4125-0-44_S16__NODE_2_length_26278_cov_11.092285	26278	10	0
MV-4128_S29__NODE_163_length_26272_cov_24.671244	26272	0	0
MV-4122_S12__NODE_491_length_26263_cov_57.629693	26263	0	0
MV-4128_S29__NODE_164_length_26257_cov_26.099305	26257	0	0
MV-4122_S12__NODE_492_length_26242_cov_45.173025	26242	0	0
Biragzang__NODE_134_length_26238_cov_33.962877	26238	468	0
Biragzang__NODE_135_length_26216_cov_38.169909	26216	536	0
MV-4122_S12__NODE_493_length_26205_cov_98.254914	26205	1	0
MV-4122_S12__NODE_494_length_26201_cov_23.264017	26201	0	0
MV-4128_S29__NODE_165_length_26181_cov_23.811758	26181	0	0
Biragzang__NODE_136_length_26174_cov_59.137716	26174	0	0
MV-4122_S12__NODE_495_length_26145_cov_32.742468	26145	0	0
Biragzang__NODE_137_length_26131_cov_33.558866	26131	0	0
Biragzang__NODE_138_length_26128_cov_11.916235	26128	0	0
MV-4128_S29__NODE_166_length_26102_cov_21.271356	26102	4	0
MV-4125_S18__NODE_318_length_26094_cov_18.527363	26094	0	0
Biragzang__NODE_139_length_26080_cov_37.382709	26080	552	0
MV-4125_S18__NODE_319_length_26078_cov_42.948815	26078	0	0
MV-4125_S18__NODE_320_length_26064_cov_24.608905	26064	0	0
MV-4122_S12__NODE_497_length_26035_cov_53.252040	26035	0	0
MV-4125_S18__NODE_321_length_26033_cov_19.365425	26033	0	0
MV-4122_S12__NODE_498_length_26020_cov_53.429193	26020	0	0
MV-4122_S12__NODE_499_length_25961_cov_192.215240	25961	0	0
MV-4122_S12__NODE_500_length_25921_cov_24.009743	25921	0	0
Biragzang__NODE_140_length_25912_cov_54.351356	25912	0	0
MV-4122_S12__NODE_501_length_25900_cov_29.616986	25900	0	0
MV-4122_S12__NODE_502_length_25865_cov_216.450484	25865	0	0
MV-4122_S12__NODE_503_length_25850_cov_12.606203	25850	0	0
MV-4128_S29__NODE_168_length_25826_cov_27.249311	25826	0	0
Biragzang__NODE_141_length_25819_cov_45.611085	25819	0	0
Biragzang__NODE_142_length_25777_cov_10.843636	25777	0	0
MV-4122_S12__NODE_505_length_25776_cov_85.827767	25776	2	0
MV-4122_S12__NODE_506_length_25758_cov_43.747345	25758	0	0
MV-4122_S12__NODE_507_length_25745_cov_41.512962	25745	0	0
Biragzang__NODE_143_length_25743_cov_40.352382	25743	0	0
MV-4128_S29__NODE_169_length_25733_cov_27.498014	25733	0	0
Biragzang__NODE_144_length_25681_cov_41.989971	25681	0	0
MV-4125_S18__NODE_324_length_25677_cov_30.284287	25677	0	0
MV-4128_S29__NODE_170_length_25672_cov_28.910606	25672	0	0
Biragzang__NODE_145_length_25658_cov_48.062766	25658	0	0
Biragzang__NODE_146_length_25644_cov_51.258627	25644	1045	0
Biragzang__NODE_147_length_25610_cov_29.264214	25610	420	0
MV-4122_S12__NODE_508_length_25563_cov_39.090834	25563	0	0
MV-4122_S12__NODE_509_length_25552_cov_25.529827	25552	0	0
MV-4122_S12__NODE_510_length_25546_cov_20.707348	25546	2	0
MV-4122_S12__NODE_511_length_25519_cov_29.469211	25519	0	0
MV-4122_S12__NODE_512_length_25502_cov_29.545369	25502	0	0
MV-4125_S18__NODE_326_length_25483_cov_23.558715	25483	0	0
Biragzang__NODE_148_length_25461_cov_33.072857	25461	441	0
MV-4122_S12__NODE_513_length_25460_cov_27.327180	25460	0	0
Biragzang__NODE_149_length_25428_cov_33.960154	25428	4	0
MV-4125_S18__NODE_329_length_25393_cov_24.726458	25393	0	0
MV-4125_S18__NODE_330_length_25387_cov_19.859229	25387	0	0
MV-4125_S18__NODE_331_length_25367_cov_23.663006	25367	0	0
MV-4128_S29__NODE_171_length_25355_cov_26.892451	25355	0	0
MV-4122_S12__NODE_514_length_25343_cov_11.200649	25343	0	0
cell-4122-0-44_S10__NODE_46_length_25340_cov_18.244176	25340	0	0
MV-4122_S12__NODE_515_length_25314_cov_50.546894	25314	0	0
MV-4125_S18__NODE_333_length_25285_cov_24.839080	25285	0	0
MV-4122_S12__NODE_517_length_25277_cov_17.470859	25277	0	0
MV-4122_S12__NODE_519_length_25228_cov_21.541215	25228	0	0
Biragzang__NODE_150_length_25226_cov_39.560566	25226	4	0
Biragzang__NODE_151_length_25225_cov_11.703258	25225	0	0
MV-4122_S12__NODE_521_length_25189_cov_26.576589	25189	0	0
MV-4128_S29__NODE_172_length_25185_cov_19.084560	25185	0	0
MV-4128_S29__NODE_173_length_25178_cov_17.683079	25178	2	0
MV-4122_S12__NODE_522_length_25167_cov_75.598359	25167	0	0
MV-4128_S29__NODE_174_length_25166_cov_20.311218	25166	0	0
MV-4122_S12__NODE_523_length_25163_cov_24.163852	25163	0	0
MV-4122_S12__NODE_524_length_25157_cov_23.898773	25157	0	0
MV-4128_S29__NODE_175_length_25157_cov_27.467891	25157	0	0
MV-4122_S12__NODE_525_length_25147_cov_14.024709	25147	0	0
Biragzang__NODE_152_length_25140_cov_12.127566	25140	0	0
MV-4125_S18__NODE_337_length_25139_cov_18.340018	25139	0	0
MV-4122_S12__NODE_526_length_25125_cov_21.914440	25125	0	0
MV-4125_S18__NODE_339_length_25123_cov_21.975347	25123	0	0
Biragzang__NODE_153_length_25106_cov_39.589038	25106	0	0
MV-4122_S12__NODE_527_length_25103_cov_198.605477	25103	0	0
MV-4122_S12__NODE_528_length_25102_cov_62.424562	25102	0	0
MV-4122_S12__NODE_530_length_25070_cov_41.152788	25070	0	0
MV-4122_S12__NODE_531_length_25052_cov_36.890227	25052	0	0
Biragzang__NODE_154_length_25042_cov_10.020931	25042	65	0
MV-4122_S12__NODE_532_length_25040_cov_46.488493	25040	0	0
MV-4122_S12__NODE_533_length_25029_cov_12.702290	25029	0	0
MV-4122_S12__NODE_534_length_25027_cov_47.849071	25027	0	0
cell-4122-0-44_S10__NODE_47_length_25007_cov_47.217698	25007	0	0
Biragzang__NODE_155_length_24983_cov_52.931162	24983	4	0
MV-4125_S18__NODE_340_length_24959_cov_18.197840	24959	0	0
cell-4122-0-44_S10__NODE_48_length_24920_cov_38.943012	24920	0	0
MV-4122_S12__NODE_535_length_24919_cov_55.566401	24919	0	0
MV-4128_S29__NODE_176_length_24919_cov_25.064551	24919	0	0
MV-4128_S29__NODE_177_length_24912_cov_22.995816	24912	0	0
Biragzang__NODE_156_length_24900_cov_30.662950	24900	402	0
MV-4122_S12__NODE_536_length_24895_cov_58.266143	24895	0	0
MV-4128_S29__NODE_178_length_24894_cov_26.095455	24894	2	0
MV-4128_S29__NODE_179_length_24861_cov_23.497259	24861	2	0
MV-4122_S12__NODE_537_length_24838_cov_11.962192	24838	0	0
MV-4128_S29__NODE_180_length_24809_cov_18.016765	24809	0	0
Biragzang__NODE_157_length_24774_cov_37.542700	24774	4	0
Biragzang__NODE_158_length_24773_cov_45.655676	24773	0	0
Biragzang__NODE_159_length_24765_cov_55.323675	24765	0	0
MV-4125_S18__NODE_344_length_24763_cov_6.967662	24763	0	0
cell-4122-0-44_S10__NODE_49_length_24757_cov_32.465549	24757	0	0
MV-4128_S29__NODE_181_length_24696_cov_22.952315	24696	0	0
MV-4122_S12__NODE_538_length_24687_cov_59.260880	24687	0	0
MV-4122_S12__NODE_539_length_24672_cov_43.264045	24672	0	0
MV-4122_S12__NODE_540_length_24648_cov_60.429106	24648	0	0
Biragzang__NODE_160_length_24605_cov_43.873727	24605	0	0
MV-4125_S18__NODE_347_length_24601_cov_16.319645	24601	0	0
MV-4128_S29__NODE_182_length_24587_cov_26.176504	24587	0	0
MV-4122_S12__NODE_541_length_24567_cov_23.603500	24567	0	0
Biragzang__NODE_161_length_24563_cov_41.671373	24563	0	0
MV-4125_S18__NODE_348_length_24562_cov_34.625291	24562	0	0
MV-4122_S12__NODE_542_length_24543_cov_9.888517	24543	0	0
MV-4125_S18__NODE_351_length_24521_cov_24.830132	24521	0	0
Biragzang__NODE_162_length_24494_cov_32.208887	24494	469	0
cell-4125-0-44_S16__NODE_3_length_24469_cov_10.203326	24469	10	0
Biragzang__NODE_163_length_24444_cov_12.613227	24444	0	0
MV-4128_S29__NODE_183_length_24438_cov_20.585244	24438	0	0
MV-4125_S18__NODE_353_length_24436_cov_30.465937	24436	0	0
MV-4125_S18__NODE_354_length_24402_cov_21.477143	24402	0	0
MV-4128_S29__NODE_184_length_24371_cov_16.942013	24371	2	0
MV-4122_S12__NODE_544_length_24303_cov_27.333347	24303	0	0
MV-4125_S18__NODE_356_length_24291_cov_57.139132	24291	0	0
MV-4128_S29__NODE_185_length_24270_cov_26.311253	24270	0	0
MV-4122_S12__NODE_545_length_24269_cov_25.076939	24269	0	0
Biragzang__NODE_164_length_24268_cov_46.736051	24268	0	0
Biragzang__NODE_165_length_24258_cov_43.681197	24258	0	0
MV-4125_S18__NODE_357_length_24256_cov_21.321681	24256	0	0
Biragzang__NODE_166_length_24234_cov_46.419165	24234	786	0
Biragzang__NODE_167_length_24221_cov_38.610279	24221	0	0
Biragzang__NODE_168_length_24220_cov_39.870681	24220	0	0
MV-4125_S18__NODE_358_length_24213_cov_51.089246	24213	0	0
MV-4125_S18__NODE_359_length_24192_cov_46.645938	24192	0	0
Biragzang__NODE_169_length_24140_cov_10.362383	24140	0	0
cell-4122-0-44_S10__NODE_50_length_24096_cov_32.582754	24096	0	0
Biragzang__NODE_170_length_24073_cov_10.868349	24073	0	0
Biragzang__NODE_171_length_24062_cov_10.370392	24062	0	0
MV-4125_S18__NODE_364_length_24055_cov_28.911167	24055	0	0
MV-4125_S18__NODE_365_length_24050_cov_28.490519	24050	0	0
MV-4122_S12__NODE_549_length_24037_cov_45.734509	24037	2	0
MV-4128_S29__NODE_187_length_23983_cov_29.059846	23983	2	0
MV-4122_S12__NODE_551_length_23957_cov_34.180571	23957	0	0
MV-4128_S29__NODE_188_length_23957_cov_18.879634	23957	0	0
MV-4122_S12__NODE_553_length_23940_cov_63.318317	23940	0	0
MV-4125_S18__NODE_369_length_23924_cov_32.355482	23924	0	0
MV-4122_S12__NODE_555_length_23921_cov_23.040727	23921	0	0
MV-4128_S29__NODE_190_length_23894_cov_19.405973	23894	0	0
MV-4122_S12__NODE_557_length_23881_cov_24.390162	23881	0	0
MV-4128_S29__NODE_191_length_23873_cov_27.698043	23873	0	0
Biragzang__NODE_172_length_23867_cov_40.026751	23867	2	0
MV-4122_S12__NODE_558_length_23839_cov_62.324420	23839	0	0
MV-4122_S12__NODE_559_length_23817_cov_88.208358	23817	12	0
MV-4125_S18__NODE_372_length_23817_cov_20.591869	23817	0	0
MV-4122_S12__NODE_560_length_23815_cov_222.669992	23815	0	0
MV-4128_S29__NODE_192_length_23813_cov_25.339338	23813	0	0
MV-4122_S12__NODE_561_length_23811_cov_48.942709	23811	0	0
Biragzang__NODE_173_length_23808_cov_12.709426	23808	42	0
MV-4125_S18__NODE_373_length_23807_cov_19.808395	23807	0	0
Biragzang__NODE_174_length_23802_cov_42.543269	23802	0	0
cell-4122-0-44_S10__NODE_51_length_23787_cov_40.772838	23787	0	0
MV-4125_S18__NODE_374_length_23780_cov_23.602107	23780	0	0
MV-4122_S12__NODE_562_length_23775_cov_41.796922	23775	0	0
MV-4122_S12__NODE_563_length_23759_cov_13.481522	23759	0	0
Biragzang__NODE_175_length_23714_cov_45.329938	23714	0	0
MV-4125_S18__NODE_375_length_23712_cov_27.512914	23712	0	0
MV-4128_S29__NODE_193_length_23693_cov_22.751460	23693	0	0
MV-4128_S29__NODE_194_length_23679_cov_27.815188	23679	0	0
MV-4125_S18__NODE_376_length_23670_cov_20.913064	23670	0	0
MV-4128_S29__NODE_195_length_23666_cov_23.522595	23666	0	0
MV-4122_S12__NODE_564_length_23653_cov_30.361217	23653	0	0
MV-4122_S12__NODE_565_length_23652_cov_41.459423	23652	0	0
MV-4122_S12__NODE_566_length_23642_cov_22.923178	23642	0	0
MV-4125_S18__NODE_377_length_23618_cov_21.588677	23618	0	0
cell-4122-0-44_S10__NODE_52_length_23599_cov_48.505394	23599	0	0
MV-4125_S18__NODE_378_length_23580_cov_22.248247	23580	0	0
MV-4125_S18__NODE_379_length_23571_cov_25.629571	23571	0	0
MV-4122_S12__NODE_568_length_23552_cov_29.190705	23552	0	0
MV-4122_S12__NODE_569_length_23539_cov_42.811914	23539	0	0
MV-4128_S29__NODE_196_length_23538_cov_18.131883	23538	0	0
MV-4122_S12__NODE_570_length_23502_cov_11.286646	23502	0	0
MV-4128_S29__NODE_197_length_23486_cov_26.081601	23486	0	0
MV-4122_S12__NODE_571_length_23481_cov_78.414881	23481	0	0
MV-4122_S12__NODE_572_length_23469_cov_39.903477	23469	0	0
MV-4122_S12__NODE_573_length_23436_cov_23.411360	23436	0	0
MV-4125_S18__NODE_381_length_23434_cov_27.408743	23434	0	0
Biragzang__NODE_176_length_23432_cov_52.968131	23432	798	0
MV-4122_S12__NODE_574_length_23413_cov_25.115378	23413	0	0
MV-4128_S29__NODE_198_length_23406_cov_26.291893	23406	0	0
cell-4125-0-44_S16__NODE_4_length_23405_cov_10.669593	23405	6	0
MV-4122_S12__NODE_575_length_23384_cov_21.675468	23384	0	0
Biragzang__NODE_177_length_23373_cov_52.273308	23373	0	0
MV-4128_S29__NODE_199_length_23364_cov_26.980136	23364	0	0
MV-4128_S29__NODE_200_length_23360_cov_23.323364	23360	2	0
MV-4122_S12__NODE_576_length_23347_cov_38.117809	23347	0	0
MV-4122_S12__NODE_577_length_23346_cov_27.424542	23346	0	0
Biragzang__NODE_178_length_23343_cov_55.074674	23343	0	0
MV-4125_S18__NODE_384_length_23261_cov_29.275834	23261	0	0
MV-4122_S12__NODE_578_length_23251_cov_37.617434	23251	0	0
Biragzang__NODE_179_length_23200_cov_11.602031	23200	4	0
MV-4125_S18__NODE_385_length_23200_cov_24.037589	23200	0	0
MV-4125_S18__NODE_388_length_23149_cov_23.806660	23149	0	0
MV-4125_S18__NODE_389_length_23142_cov_31.162126	23142	0	0
MV-4122_S12__NODE_580_length_23136_cov_25.366882	23136	0	0
MV-4122_S12__NODE_582_length_23108_cov_23.851603	23108	0	0
MV-4122_S12__NODE_583_length_23101_cov_44.037968	23101	0	0
MV-4122_S12__NODE_584_length_23087_cov_87.468739	23087	6	0
MV-4128_S29__NODE_204_length_23066_cov_27.634696	23066	0	0
MV-4122_S12__NODE_585_length_23022_cov_23.182436	23022	0	0
MV-4128_S29__NODE_205_length_23001_cov_33.394971	23001	0	0
MV-4125_S18__NODE_391_length_22999_cov_15.986358	22999	0	0
cell-4122-0-44_S10__NODE_53_length_22987_cov_48.668411	22987	0	0
Biragzang__NODE_180_length_22976_cov_11.633611	22976	0	0
MV-4128_S29__NODE_206_length_22973_cov_19.495331	22973	0	0
MV-4128_S29__NODE_207_length_22969_cov_17.598368	22969	0	0
MV-4122_S12__NODE_586_length_22964_cov_42.753066	22964	0	0
Biragzang__NODE_181_length_22944_cov_29.508104	22944	330	0
MV-4125_S18__NODE_393_length_22906_cov_28.591747	22906	0	0
Biragzang__NODE_182_length_22902_cov_26.074058	22902	326	0
MV-4128_S29__NODE_208_length_22894_cov_22.031569	22894	0	0
MV-4122_S12__NODE_588_length_22890_cov_12.921086	22890	0	0
cell-4122-0-44_S10__NODE_54_length_22856_cov_14.291391	22856	0	0
Biragzang__NODE_183_length_22800_cov_11.772214	22800	0	0
Biragzang__NODE_184_length_22795_cov_34.987995	22795	10	0
MV-4125_S18__NODE_394_length_22792_cov_46.962748	22792	0	0
MV-4122_S12__NODE_589_length_22786_cov_24.395495	22786	0	0
Biragzang__NODE_185_length_22776_cov_40.235289	22776	0	0
Biragzang__NODE_186_length_22776_cov_39.947273	22776	623	0
MV-4122_S12__NODE_590_length_22775_cov_194.141989	22775	0	0
MV-4128_S29__NODE_209_length_22758_cov_20.083822	22758	0	0
MV-4122_S12__NODE_591_length_22757_cov_48.586953	22757	0	0
MV-4122_S12__NODE_592_length_22757_cov_43.292882	22757	0	0
MV-4122_S12__NODE_593_length_22746_cov_49.772817	22746	0	0
MV-4128_S29__NODE_210_length_22742_cov_11.809318	22742	0	0
Biragzang__NODE_187_length_22727_cov_44.405875	22727	0	0
Biragzang__NODE_188_length_22727_cov_36.447601	22727	473	0
MV-4122_S12__NODE_594_length_22721_cov_41.448160	22721	0	0
MV-4122_S12__NODE_595_length_22695_cov_10.764929	22695	0	0
MV-4122_S12__NODE_596_length_22682_cov_23.965307	22682	3	0
Biragzang__NODE_189_length_22680_cov_50.972685	22680	0	0
MV-4122_S12__NODE_598_length_22669_cov_160.898116	22669	0	0
MV-4125_S18__NODE_395_length_22669_cov_26.488724	22669	0	0
MV-4122_S12__NODE_599_length_22665_cov_19.983591	22665	0	0
Biragzang__NODE_190_length_22661_cov_51.331284	22661	0	0
MV-4122_S12__NODE_600_length_22656_cov_24.647316	22656	0	0
MV-4122_S12__NODE_601_length_22641_cov_23.675994	22641	0	0
Biragzang__NODE_191_length_22618_cov_63.520055	22618	0	0
MV-4125_S18__NODE_396_length_22600_cov_24.678110	22600	0	0
Biragzang__NODE_192_length_22599_cov_48.912482	22599	0	0
MV-4122_S12__NODE_602_length_22598_cov_19.226855	22598	0	0
Biragzang__NODE_193_length_22543_cov_43.568792	22543	0	0
Biragzang__NODE_194_length_22536_cov_11.776967	22536	0	0
Biragzang__NODE_195_length_22528_cov_51.540693	22528	0	0
Biragzang__NODE_196_length_22524_cov_11.952201	22524	26	0
MV-4122_S12__NODE_603_length_22492_cov_45.962072	22492	0	0
MV-4125_S18__NODE_399_length_22470_cov_19.561901	22470	0	0
Biragzang__NODE_197_length_22450_cov_52.414869	22450	783	0
MV-4122_S12__NODE_604_length_22448_cov_25.446032	22448	0	0
MV-4125_S18__NODE_400_length_22437_cov_17.511036	22437	0	0
MV-4128_S29__NODE_213_length_22430_cov_25.558257	22430	0	0
MV-4125_S18__NODE_401_length_22405_cov_18.445369	22405	0	0
MV-4125_S18__NODE_402_length_22388_cov_45.668428	22388	0	0
MV-4125_S18__NODE_403_length_22358_cov_20.855849	22358	0	0
MV-4122_S12__NODE_605_length_22336_cov_51.987029	22336	0	0
MV-4128_S29__NODE_214_length_22297_cov_17.202185	22297	0	0
MV-4128_S29__NODE_215_length_22286_cov_25.956277	22286	0	0
Biragzang__NODE_198_length_22272_cov_46.732592	22272	0	0
MV-4128_S29__NODE_216_length_22265_cov_21.029986	22265	0	0
MV-4125_S18__NODE_404_length_22264_cov_44.262776	22264	0	0
Biragzang__NODE_199_length_22252_cov_39.600396	22252	0	0
Biragzang__NODE_200_length_22248_cov_37.512234	22248	0	0
MV-4122_S12__NODE_607_length_22244_cov_149.512983	22244	0	0
MV-4128_S29__NODE_217_length_22213_cov_27.029876	22213	0	0
Biragzang__NODE_201_length_22209_cov_12.574118	22209	0	0
Biragzang__NODE_202_length_22189_cov_12.456447	22189	0	0
MV-4125_S18__NODE_407_length_22176_cov_21.614303	22176	0	0
MV-4125_S18__NODE_408_length_22175_cov_7.572107	22175	0	0
MV-4125_S18__NODE_409_length_22174_cov_20.787197	22174	0	0
MV-4125_S18__NODE_412_length_22157_cov_7.190480	22157	0	0
Biragzang__NODE_203_length_22152_cov_15.911436	22152	2195	0
MV-4122_S12__NODE_608_length_22141_cov_76.288916	22141	4	0
MV-4128_S29__NODE_219_length_22136_cov_837.337666	22136	0	0
MV-4128_S29__NODE_220_length_22134_cov_28.143711	22134	0	0
MV-4122_S12__NODE_609_length_22124_cov_23.085278	22124	0	0
MV-4122_S12__NODE_610_length_22115_cov_15.073980	22115	0	0
MV-4122_S12__NODE_611_length_22114_cov_51.646584	22114	0	0
MV-4122_S12__NODE_612_length_22112_cov_23.737181	22112	0	0
Biragzang__NODE_204_length_22110_cov_36.988257	22110	470	0
MV-4122_S12__NODE_613_length_22094_cov_17.931077	22094	0	0
MV-4128_S29__NODE_221_length_22094_cov_27.022097	22094	0	0
MV-4125_S18__NODE_415_length_22069_cov_6.701281	22069	0	0
MV-4122_S12__NODE_614_length_22057_cov_21.469321	22057	0	0
MV-4125_S18__NODE_416_length_22056_cov_25.431753	22056	0	0
cell-4125-0-44_S16__NODE_5_length_22021_cov_10.474779	22021	4	0
MV-4125_S18__NODE_419_length_22006_cov_18.109653	22006	0	0
MV-4125_S18__NODE_420_length_21984_cov_68.773405	21984	0	0
MV-4125_S18__NODE_421_length_21956_cov_25.198849	21956	0	0
MV-4122_S12__NODE_616_length_21930_cov_86.065234	21930	2	0
Biragzang__NODE_205_length_21924_cov_12.417074	21924	46	0
MV-4125_S18__NODE_423_length_21908_cov_55.652862	21908	0	0
MV-4122_S12__NODE_617_length_21907_cov_12.218836	21907	0	0
MV-4122_S12__NODE_618_length_21901_cov_11.856679	21901	0	0
MV-4122_S12__NODE_619_length_21895_cov_74.430495	21895	0	0
Biragzang__NODE_206_length_21894_cov_17.610055	21894	0	0
MV-4122_S12__NODE_620_length_21892_cov_30.732381	21892	0	0
MV-4128_S29__NODE_222_length_21851_cov_27.340062	21851	0	0
MV-4122_S12__NODE_621_length_21846_cov_23.085586	21846	0	0
Biragzang__NODE_207_length_21835_cov_43.358173	21835	0	0
Biragzang__NODE_208_length_21825_cov_9.994718	21825	32	0
MV-4122_S12__NODE_622_length_21807_cov_31.639527	21807	0	0
MV-4122_S12__NODE_623_length_21805_cov_39.094299	21805	0	0
MV-4122_S12__NODE_624_length_21798_cov_26.077588	21798	0	0
MV-4122_S12__NODE_625_length_21790_cov_22.297769	21790	0	0
MV-4122_S12__NODE_626_length_21755_cov_48.543456	21755	0	0
Biragzang__NODE_209_length_21722_cov_11.586099	21722	0	0
MV-4125_S18__NODE_427_length_21710_cov_21.756869	21710	0	0
MV-4122_S12__NODE_627_length_21705_cov_40.256120	21705	0	0
MV-4122_S12__NODE_628_length_21698_cov_39.881347	21698	0	0
MV-4122_S12__NODE_629_length_21696_cov_27.875791	21696	0	0
MV-4122_S12__NODE_630_length_21669_cov_126.986028	21669	0	0
MV-4122_S12__NODE_631_length_21662_cov_199.915444	21662	0	0
MV-4128_S29__NODE_223_length_21659_cov_13.057443	21659	0	0
Biragzang__NODE_210_length_21654_cov_41.848280	21654	0	0
MV-4125_S18__NODE_430_length_21651_cov_20.211937	21651	0	0
cell-4122-0-44_S10__NODE_55_length_21619_cov_397.839687	21619	2	0
Biragzang__NODE_211_length_21596_cov_51.668771	21596	0	0
MV-4122_S12__NODE_633_length_21593_cov_62.942520	21593	0	0
Biragzang__NODE_212_length_21585_cov_10.977706	21585	138	0
MV-4122_S12__NODE_634_length_21580_cov_27.822532	21580	0	0
MV-4125_S18__NODE_433_length_21578_cov_25.822841	21578	0	0
MV-4122_S12__NODE_635_length_21569_cov_29.938505	21569	0	0
MV-4128_S29__NODE_224_length_21564_cov_19.073318	21564	0	0
MV-4122_S12__NODE_636_length_21563_cov_30.727543	21563	0	0
MV-4122_S12__NODE_637_length_21535_cov_65.914898	21535	1	0
MV-4122_S12__NODE_638_length_21525_cov_41.888728	21525	0	0
MV-4122_S12__NODE_639_length_21525_cov_12.801863	21525	0	0
MV-4125_S18__NODE_435_length_21515_cov_23.462022	21515	0	0
MV-4128_S29__NODE_225_length_21493_cov_23.696240	21493	0	0
MV-4125_S18__NODE_436_length_21489_cov_25.906270	21489	0	0
MV-4125_S18__NODE_437_length_21479_cov_15.369165	21479	0	0
MV-4122_S12__NODE_641_length_21473_cov_28.940190	21473	0	0
Biragzang__NODE_213_length_21470_cov_12.554798	21470	44	0
MV-4122_S12__NODE_642_length_21456_cov_43.786599	21456	0	0
Biragzang__NODE_214_length_21443_cov_44.922480	21443	0	0
Biragzang__NODE_215_length_21442_cov_12.260859	21442	75	0
MV-4122_S12__NODE_643_length_21414_cov_12.833653	21414	0	0
MV-4125_S18__NODE_439_length_21410_cov_23.240974	21410	0	0
MV-4122_S12__NODE_644_length_21408_cov_25.051609	21408	0	0
Biragzang__NODE_216_length_21378_cov_10.464194	21378	0	0
MV-4128_S29__NODE_227_length_21376_cov_44.601285	21376	0	0
MV-4122_S12__NODE_645_length_21323_cov_65.307410	21323	0	0
MV-4122_S12__NODE_646_length_21321_cov_46.923399	21321	0	0
MV-4122_S12__NODE_647_length_21305_cov_212.790353	21305	0	0
MV-4122_S12__NODE_648_length_21302_cov_52.765849	21302	0	0
MV-4125_S18__NODE_440_length_21282_cov_24.805766	21282	0	0
Biragzang__NODE_217_length_21251_cov_13.107001	21251	91	0
Biragzang__NODE_218_length_21238_cov_37.987160	21238	0	0
MV-4125_S18__NODE_441_length_21232_cov_36.215139	21232	0	0
MV-4125_S18__NODE_443_length_21198_cov_22.291444	21198	0	0
MV-4128_S29__NODE_229_length_21195_cov_12.176254	21195	0	0
MV-4125_S18__NODE_444_length_21190_cov_25.940667	21190	0	0
MV-4122_S12__NODE_649_length_21189_cov_8.708053	21189	0	0
MV-4125_S18__NODE_445_length_21174_cov_23.650741	21174	0	0
Biragzang__NODE_219_length_21171_cov_31.461356	21171	329	0
MV-4125_S18__NODE_446_length_21169_cov_43.054656	21169	0	0
MV-4122_S12__NODE_650_length_21157_cov_23.003507	21157	0	0
MV-4122_S12__NODE_651_length_21145_cov_34.288336	21145	0	0
Biragzang__NODE_220_length_21126_cov_6.523468	21126	0	0
Biragzang__NODE_221_length_21110_cov_17.261791	21110	0	0
MV-4125_S18__NODE_447_length_21110_cov_62.042270	21110	0	0
MV-4128_S29__NODE_230_length_21109_cov_14.443194	21109	0	0
cell-4125-0-44_S16__NODE_6_length_21106_cov_10.244501	21106	4	0
MV-4125_S18__NODE_448_length_21100_cov_21.943359	21100	4	0
MV-4128_S29__NODE_231_length_21099_cov_15.198346	21099	0	0
MV-4125_S18__NODE_449_length_21089_cov_20.438671	21089	0	0
MV-4125_S18__NODE_450_length_21087_cov_22.708016	21087	0	0
MV-4122_S12__NODE_652_length_21063_cov_18.421125	21063	0	0
Biragzang__NODE_222_length_21039_cov_9.981796	21039	40	0
MV-4125_S18__NODE_452_length_21038_cov_298.703713	21038	0	0
MV-4125_S18__NODE_453_length_21029_cov_25.265376	21029	0	0
MV-4122_S12__NODE_653_length_21021_cov_49.270342	21021	0	0
MV-4125_S18__NODE_454_length_21017_cov_7.402156	21017	0	0
MV-4122_S12__NODE_654_length_21016_cov_41.043652	21016	0	0
MV-4122_S12__NODE_656_length_20998_cov_27.773098	20998	0	0
MV-4125_S18__NODE_455_length_20997_cov_25.364292	20997	0	0
Biragzang__NODE_223_length_20991_cov_45.994125	20991	0	0
Biragzang__NODE_224_length_20989_cov_35.352011	20989	0	0
cell-4125-0-44_S16__NODE_7_length_20973_cov_10.467779	20973	12	0
MV-4128_S29__NODE_232_length_20966_cov_21.685046	20966	2	0
MV-4122_S12__NODE_657_length_20959_cov_15.269853	20959	0	0
Biragzang__NODE_225_length_20954_cov_24.617207	20954	406	0
Biragzang__NODE_226_length_20953_cov_35.224710	20953	0	0
Biragzang__NODE_227_length_20951_cov_31.545320	20951	380	0
Biragzang__NODE_228_length_20941_cov_11.128986	20941	0	0
cell-4122-0-44_S10__NODE_56_length_20926_cov_58.928705	20926	0	0
MV-4122_S12__NODE_658_length_20917_cov_13.042470	20917	0	0
MV-4122_S12__NODE_659_length_20896_cov_24.443789	20896	0	0
MV-4125_S18__NODE_459_length_20854_cov_66.168854	20854	0	0
MV-4128_S29__NODE_233_length_20821_cov_21.995907	20821	0	0
MV-4122_S12__NODE_660_length_20820_cov_207.693089	20820	0	0
Biragzang__NODE_229_length_20813_cov_33.877252	20813	353	0
Biragzang__NODE_230_length_20804_cov_47.285170	20804	705	0
MV-4122_S12__NODE_661_length_20802_cov_20.918060	20802	0	0
MV-4122_S12__NODE_662_length_20794_cov_24.797724	20794	0	0
MV-4128_S29__NODE_234_length_20792_cov_23.959155	20792	0	0
MV-4128_S29__NODE_235_length_20787_cov_27.900251	20787	0	0
Biragzang__NODE_231_length_20786_cov_32.853263	20786	32	0
MV-4128_S29__NODE_236_length_20780_cov_25.514355	20780	0	0
MV-4125_S18__NODE_461_length_20767_cov_20.948725	20767	0	0
MV-4122_S12__NODE_663_length_20761_cov_13.337776	20761	0	0
MV-4125_S18__NODE_462_length_20755_cov_21.313092	20755	0	0
MV-4128_S29__NODE_237_length_20754_cov_12.484081	20754	0	0
MV-4122_S12__NODE_664_length_20732_cov_29.016685	20732	3	0
MV-4125_S18__NODE_463_length_20729_cov_14.998694	20729	8	0
Biragzang__NODE_232_length_20696_cov_27.707330	20696	0	0
Biragzang__NODE_233_length_20692_cov_39.337016	20692	0	0
MV-4128_S29__NODE_238_length_20686_cov_25.068925	20686	0	0
MV-4122_S12__NODE_665_length_20680_cov_27.575467	20680	0	0
MV-4122_S12__NODE_666_length_20669_cov_31.712283	20669	0	0
MV-4125_S18__NODE_464_length_20654_cov_24.556144	20654	0	0
Biragzang__NODE_234_length_20637_cov_36.293946	20637	0	0
cell-4125-0-44_S16__NODE_8_length_20609_cov_9.431643	20609	2	0
MV-4128_S29__NODE_239_length_20604_cov_13.694438	20604	0	0
MV-4122_S12__NODE_668_length_20589_cov_18.656423	20589	0	0
MV-4125_S18__NODE_465_length_20584_cov_18.957085	20584	0	0
Biragzang__NODE_235_length_20567_cov_11.481377	20567	1409	0
cell-4125-0-44_S16__NODE_9_length_20565_cov_11.052365	20565	0	0
Biragzang__NODE_236_length_20536_cov_32.792686	20536	340	0
cell-4122-0-44_S10__NODE_57_length_20520_cov_984.915661	20520	0	0
cell-4122-0-44_S10__NODE_58_length_20514_cov_15.229581	20514	0	0
Biragzang__NODE_237_length_20513_cov_53.167221	20513	836	0
MV-4122_S12__NODE_669_length_20510_cov_36.025471	20510	0	0
MV-4128_S29__NODE_240_length_20506_cov_25.659381	20506	0	0
MV-4128_S29__NODE_241_length_20500_cov_13.368892	20500	0	0
Biragzang__NODE_238_length_20491_cov_46.838080	20491	0	0
Biragzang__NODE_239_length_20490_cov_10.928799	20490	0	0
MV-4122_S12__NODE_671_length_20481_cov_34.576569	20481	0	0
MV-4125_S18__NODE_468_length_20472_cov_15.832199	20472	0	0
MV-4125_S18__NODE_469_length_20468_cov_43.426738	20468	0	0
MV-4122_S12__NODE_672_length_20456_cov_13.038724	20456	0	0
MV-4128_S29__NODE_243_length_20441_cov_26.063279	20441	0	0
MV-4122_S12__NODE_673_length_20436_cov_43.158236	20436	0	0
MV-4125_S18__NODE_470_length_20428_cov_48.850685	20428	0	0
Biragzang__NODE_240_length_20422_cov_38.170423	20422	0	0
MV-4125_S18__NODE_471_length_20413_cov_25.371598	20413	0	0
MV-4125_S18__NODE_472_length_20409_cov_25.459811	20409	0	0
MV-4122_S12__NODE_675_length_20406_cov_28.290109	20406	0	0
MV-4122_S12__NODE_676_length_20404_cov_31.718954	20404	0	0
cell-4122-0-44_S10__NODE_59_length_20382_cov_673.933537	20382	0	0
MV-4128_S29__NODE_244_length_20352_cov_11.035621	20352	0	0
MV-4122_S12__NODE_678_length_20336_cov_26.626794	20336	0	0
Biragzang__NODE_241_length_20335_cov_39.363264	20335	0	0
MV-4122_S12__NODE_679_length_20316_cov_26.936479	20316	0	0
MV-4128_S29__NODE_246_length_20310_cov_22.013034	20310	0	0
Biragzang__NODE_242_length_20290_cov_34.208500	20290	5	0
Biragzang__NODE_243_length_20268_cov_35.916390	20268	0	0
MV-4125_S18__NODE_473_length_20261_cov_7.026329	20261	0	0
MV-4128_S29__NODE_247_length_20242_cov_19.854956	20242	4	0
MV-4122_S12__NODE_682_length_20230_cov_74.180421	20230	0	0
MV-4128_S29__NODE_248_length_20212_cov_28.658034	20212	0	0
MV-4125_S18__NODE_475_length_20194_cov_21.642087	20194	0	0
MV-4125_S18__NODE_476_length_20193_cov_6.386235	20193	0	0
MV-4125_S18__NODE_477_length_20192_cov_22.831008	20192	0	0
MV-4125_S18__NODE_478_length_20191_cov_18.797030	20191	4	0
Biragzang__NODE_244_length_20183_cov_44.163255	20183	0	0
Biragzang__NODE_245_length_20154_cov_41.540723	20154	509	0
Biragzang__NODE_246_length_20141_cov_44.291397	20141	0	0
MV-4128_S29__NODE_250_length_20136_cov_28.121956	20136	0	0
MV-4125_S18__NODE_479_length_20134_cov_7.875741	20134	0	0
Biragzang__NODE_247_length_20128_cov_10.439297	20128	0	0
Biragzang__NODE_248_length_20120_cov_28.405383	20120	22	0
MV-4128_S29__NODE_251_length_20106_cov_14.903596	20106	0	0
Biragzang__NODE_249_length_20090_cov_57.661492	20090	0	0
MV-4122_S12__NODE_683_length_20077_cov_12.461842	20077	0	0
Biragzang__NODE_250_length_20067_cov_13.157855	20067	38	0
MV-4122_S12__NODE_684_length_20058_cov_83.983802	20058	6	0
cell-4125-0-44_S16__NODE_10_length_20055_cov_10.214000	20055	2	0
MV-4128_S29__NODE_252_length_20054_cov_14.576579	20054	0	0
MV-4122_S12__NODE_685_length_20016_cov_23.693102	20016	0	0
MV-4125_S18__NODE_483_length_19985_cov_23.092775	19985	0	0
cell-4122-0-44_S10__NODE_60_length_19979_cov_14.987804	19979	0	0
MV-4128_S29__NODE_254_length_19973_cov_14.081584	19973	0	0
Biragzang__NODE_251_length_19959_cov_9.339630	19959	0	0
MV-4122_S12__NODE_686_length_19957_cov_29.917044	19957	0	0
MV-4128_S29__NODE_256_length_19953_cov_27.238014	19953	0	0
MV-4122_S12__NODE_687_length_19940_cov_52.867438	19940	0	0
cell-4122-0-44_S10__NODE_61_length_19914_cov_21.162949	19914	0	0
Biragzang__NODE_252_length_19904_cov_12.092952	19904	1330	0
Biragzang__NODE_253_length_19894_cov_10.887646	19894	0	0
Biragzang__NODE_254_length_19887_cov_13.241025	19887	35	0
MV-4122_S12__NODE_689_length_19885_cov_76.946899	19885	0	0
Biragzang__NODE_255_length_19884_cov_16.018710	19884	1851	0
MV-4125_S18__NODE_486_length_19867_cov_32.012013	19867	0	0
MV-4128_S29__NODE_257_length_19857_cov_14.526916	19857	0	0
Biragzang__NODE_256_length_19856_cov_11.379627	19856	0	0
Biragzang__NODE_257_length_19853_cov_39.046621	19853	4	0
MV-4125_S18__NODE_487_length_19844_cov_19.499065	19844	0	0
Biragzang__NODE_258_length_19843_cov_11.013392	19843	0	0
Biragzang__NODE_259_length_19834_cov_12.082663	19834	10	0
Biragzang__NODE_260_length_19819_cov_31.474347	19819	0	0
Biragzang__NODE_261_length_19804_cov_16.573447	19804	890	0
MV-4122_S12__NODE_691_length_19802_cov_26.363245	19802	0	0
MV-4122_S12__NODE_692_length_19794_cov_25.312073	19794	0	0
cell-4122-0-44_S10__NODE_62_length_19794_cov_40.969198	19794	0	0
MV-4125_S18__NODE_489_length_19772_cov_47.525739	19772	0	0
Biragzang__NODE_262_length_19732_cov_46.595264	19732	5	0
MV-4122_S12__NODE_694_length_19730_cov_27.038882	19730	0	0
MV-4128_S29__NODE_258_length_19668_cov_25.770968	19668	0	0
MV-4122_S12__NODE_695_length_19666_cov_42.432206	19666	0	0
MV-4122_S12__NODE_696_length_19658_cov_12.963730	19658	0	0
MV-4128_S29__NODE_259_length_19652_cov_12.936113	19652	0	0
MV-4122_S12__NODE_697_length_19649_cov_49.906196	19649	0	0
MV-4122_S12__NODE_698_length_19644_cov_15.965593	19644	0	0
MV-4122_S12__NODE_699_length_19643_cov_41.653053	19643	0	0
Biragzang__NODE_263_length_19640_cov_15.806127	19640	2	0
Biragzang__NODE_264_length_19619_cov_34.906512	19619	0	0
MV-4128_S29__NODE_260_length_19616_cov_25.712745	19616	0	0
MV-4125_S18__NODE_491_length_19611_cov_22.099458	19611	0	0
MV-4128_S29__NODE_261_length_19611_cov_17.218552	19611	0	0
cell-4125-0-44_S16__NODE_12_length_19611_cov_10.395071	19611	4	0
MV-4128_S29__NODE_262_length_19600_cov_20.668816	19600	1	0
Biragzang__NODE_265_length_19591_cov_10.692721	19591	0	0
Biragzang__NODE_266_length_19584_cov_13.421578	19584	1525	0
MV-4125_S18__NODE_492_length_19577_cov_195.513677	19577	1	0
MV-4122_S12__NODE_700_length_19576_cov_18.325444	19576	0	0
MV-4122_S12__NODE_701_length_19570_cov_31.315911	19570	0	0
MV-4122_S12__NODE_702_length_19564_cov_46.008816	19564	0	0
MV-4125_S18__NODE_493_length_19524_cov_11.586522	19524	0	0
Biragzang__NODE_267_length_19513_cov_45.131925	19513	0	0
MV-4122_S12__NODE_703_length_19511_cov_23.018400	19511	0	0
MV-4122_S12__NODE_704_length_19503_cov_38.503548	19503	0	0
MV-4128_S29__NODE_263_length_19499_cov_27.923678	19499	0	0
MV-4125_S18__NODE_494_length_19498_cov_25.343105	19498	0	0
MV-4125_S18__NODE_495_length_19491_cov_30.466454	19491	0	0
Biragzang__NODE_268_length_19489_cov_49.241175	19489	2	0
MV-4122_S12__NODE_705_length_19479_cov_25.519049	19479	0	0
MV-4128_S29__NODE_264_length_19477_cov_23.086345	19477	0	0
cell-4125-0-44_S16__NODE_13_length_19476_cov_11.304928	19476	10	0
MV-4122_S12__NODE_706_length_19472_cov_6.555184	19472	0	0
MV-4128_S29__NODE_265_length_19466_cov_15.232755	19466	0	0
MV-4125_S18__NODE_496_length_19461_cov_56.386994	19461	0	0
MV-4122_S12__NODE_707_length_19458_cov_25.869144	19458	0	0
MV-4128_S29__NODE_266_length_19455_cov_17.751186	19455	0	0
MV-4122_S12__NODE_708_length_19446_cov_12.498479	19446	0	0
Biragzang__NODE_269_length_19438_cov_11.467214	19438	0	0
MV-4125_S18__NODE_497_length_19430_cov_20.774400	19430	0	0
MV-4125_S18__NODE_498_length_19421_cov_22.598110	19421	0	0
MV-4125_S18__NODE_499_length_19406_cov_12.776652	19406	0	0
MV-4122_S12__NODE_710_length_19360_cov_30.302202	19360	1	0
MV-4122_S12__NODE_711_length_19347_cov_215.702364	19347	0	0
MV-4122_S12__NODE_712_length_19345_cov_34.785122	19345	0	0
cell-4122-0-44_S10__NODE_63_length_19337_cov_11.651800	19337	0	0
MV-4128_S29__NODE_267_length_19332_cov_26.658972	19332	0	0
MV-4125_S18__NODE_502_length_19329_cov_24.760247	19329	0	0
MV-4128_S29__NODE_268_length_19321_cov_15.459981	19321	0	0
Biragzang__NODE_270_length_19315_cov_11.027622	19315	39	0
MV-4122_S12__NODE_713_length_19301_cov_11.597683	19301	0	0
MV-4128_S29__NODE_269_length_19285_cov_14.159750	19285	0	0
MV-4122_S12__NODE_716_length_19268_cov_30.342268	19268	0	0
MV-4122_S12__NODE_717_length_19264_cov_47.663179	19264	0	0
MV-4122_S12__NODE_718_length_19253_cov_78.281436	19253	2	0
MV-4125_S18__NODE_503_length_19253_cov_27.609907	19253	0	0
MV-4125_S18__NODE_505_length_19234_cov_20.900725	19234	0	0
MV-4128_S29__NODE_270_length_19219_cov_25.068775	19219	2	0
Biragzang__NODE_271_length_19218_cov_10.803006	19218	0	0
MV-4122_S12__NODE_719_length_19211_cov_93.903372	19211	6	0
MV-4128_S29__NODE_271_length_19202_cov_24.092129	19202	2	0
MV-4122_S12__NODE_721_length_19177_cov_22.577084	19177	0	0
cell-4125-0-44_S16__NODE_14_length_19160_cov_7.187019	19160	0	0
MV-4122_S12__NODE_722_length_19159_cov_33.898084	19159	4	0
MV-4128_S29__NODE_272_length_19153_cov_28.398262	19153	0	0
Biragzang__NODE_272_length_19143_cov_33.712594	19143	419	0
Biragzang__NODE_273_length_19143_cov_14.581832	19143	1638	0
MV-4122_S12__NODE_723_length_19136_cov_25.906766	19136	0	0
MV-4128_S29__NODE_273_length_19120_cov_446.092316	19120	0	0
MV-4122_S12__NODE_724_length_19116_cov_27.849064	19116	0	0
Biragzang__NODE_274_length_19103_cov_37.282602	19103	365	0
MV-4128_S29__NODE_274_length_19102_cov_26.488791	19102	0	0
MV-4122_S12__NODE_725_length_19092_cov_99.725534	19092	6	0
Biragzang__NODE_275_length_19090_cov_24.952456	19090	251	0
Biragzang__NODE_276_length_19086_cov_39.356891	19086	2	0
MV-4122_S12__NODE_726_length_19069_cov_11.755812	19069	0	0
MV-4125_S18__NODE_509_length_19056_cov_16.120046	19056	0	0
MV-4122_S12__NODE_727_length_19048_cov_53.204286	19048	0	0
MV-4122_S12__NODE_728_length_19048_cov_27.702943	19048	0	0
Biragzang__NODE_277_length_19047_cov_56.326453	19047	808	0
MV-4128_S29__NODE_275_length_19037_cov_28.588505	19037	0	0
Biragzang__NODE_278_length_19036_cov_14.025973	19036	43	0
Biragzang__NODE_279_length_19029_cov_45.166333	19029	6	0
Biragzang__NODE_280_length_19026_cov_10.357335	19026	0	0
Biragzang__NODE_281_length_18968_cov_45.935864	18968	0	0
MV-4125_S18__NODE_515_length_18956_cov_18.418814	18956	0	0
Biragzang__NODE_282_length_18953_cov_40.309027	18953	0	0
MV-4122_S12__NODE_729_length_18952_cov_41.591575	18952	0	0
MV-4122_S12__NODE_730_length_18945_cov_31.948968	18945	0	0
MV-4122_S12__NODE_731_length_18941_cov_32.150058	18941	0	0
Biragzang__NODE_283_length_18926_cov_12.597160	18926	1294	0
Biragzang__NODE_284_length_18909_cov_12.750769	18909	11	0
MV-4128_S29__NODE_276_length_18903_cov_12.885293	18903	0	0
Biragzang__NODE_285_length_18892_cov_10.483092	18892	0	0
MV-4125_S18__NODE_517_length_18886_cov_26.721204	18886	0	0
cell-4122-0-44_S10__NODE_64_length_18884_cov_90.680387	18884	0	0
MV-4122_S12__NODE_732_length_18868_cov_27.210333	18868	0	0
MV-4128_S29__NODE_277_length_18851_cov_19.433390	18851	2	0
MV-4128_S29__NODE_278_length_18849_cov_24.721826	18849	0	0
MV-4125_S18__NODE_518_length_18841_cov_20.463483	18841	2	0
MV-4128_S29__NODE_279_length_18840_cov_13.361991	18840	0	0
MV-4122_S12__NODE_733_length_18834_cov_8.730550	18834	0	0
Biragzang__NODE_286_length_18833_cov_34.928746	18833	0	0
MV-4125_S18__NODE_519_length_18831_cov_21.529666	18831	2	0
MV-4125_S18__NODE_520_length_18828_cov_38.453577	18828	0	0
MV-4122_S12__NODE_734_length_18821_cov_12.718320	18821	0	0
MV-4125_S18__NODE_521_length_18815_cov_22.596802	18815	0	0
MV-4128_S29__NODE_280_length_18806_cov_23.872967	18806	0	0
MV-4125_S18__NODE_523_length_18801_cov_19.978342	18801	0	0
MV-4122_S12__NODE_735_length_18792_cov_8.973902	18792	0	0
Biragzang__NODE_287_length_18789_cov_29.080602	18789	295	0
MV-4128_S29__NODE_281_length_18786_cov_26.961881	18786	2	0
MV-4122_S12__NODE_736_length_18762_cov_31.916502	18762	0	0
MV-4122_S12__NODE_737_length_18750_cov_24.797325	18750	0	0
MV-4128_S29__NODE_282_length_18743_cov_25.481057	18743	0	0
MV-4128_S29__NODE_283_length_18740_cov_16.329195	18740	0	0
cell-4122-0-44_S10__NODE_65_length_18724_cov_46.101398	18724	0	0
cell-4122-0-44_S10__NODE_66_length_18712_cov_40.598703	18712	0	0
MV-4128_S29__NODE_284_length_18705_cov_23.972922	18705	0	0
MV-4125_S18__NODE_525_length_18692_cov_23.038740	18692	0	0
MV-4128_S29__NODE_285_length_18689_cov_16.116507	18689	0	0
MV-4128_S29__NODE_286_length_18684_cov_12.457190	18684	0	0
Biragzang__NODE_288_length_18683_cov_11.233734	18683	0	0
MV-4122_S12__NODE_739_length_18673_cov_77.393651	18673	5	0
Biragzang__NODE_289_length_18649_cov_10.674680	18649	0	0
Biragzang__NODE_290_length_18632_cov_58.195241	18632	0	0
MV-4122_S12__NODE_740_length_18606_cov_37.056493	18606	0	0
MV-4122_S12__NODE_741_length_18600_cov_25.287894	18600	0	0
Biragzang__NODE_291_length_18593_cov_53.871022	18593	0	0
Biragzang__NODE_292_length_18577_cov_34.686211	18577	371	0
MV-4125_S18__NODE_528_length_18566_cov_74.212954	18566	0	0
MV-4125_S18__NODE_529_length_18564_cov_24.621535	18564	0	0
MV-4122_S12__NODE_743_length_18529_cov_23.624175	18529	0	0
MV-4128_S29__NODE_287_length_18528_cov_27.118984	18528	0	0
MV-4125_S18__NODE_530_length_18526_cov_22.160630	18526	0	0
Biragzang__NODE_293_length_18517_cov_41.852508	18517	0	0
MV-4122_S12__NODE_744_length_18517_cov_33.922219	18517	0	0
MV-4122_S12__NODE_745_length_18513_cov_23.395113	18513	0	0
cell-4122-0-44_S10__NODE_67_length_18506_cov_13.763753	18506	0	0
Biragzang__NODE_294_length_18473_cov_40.588663	18473	0	0
MV-4122_S12__NODE_746_length_18472_cov_12.082641	18472	0	0
MV-4122_S12__NODE_747_length_18467_cov_30.511949	18467	8	0
MV-4128_S29__NODE_289_length_18465_cov_15.586095	18465	0	0
MV-4122_S12__NODE_748_length_18459_cov_11.129754	18459	0	0
MV-4128_S29__NODE_290_length_18451_cov_14.353338	18451	0	0
MV-4122_S12__NODE_749_length_18446_cov_26.353107	18446	0	0
MV-4122_S12__NODE_750_length_18433_cov_38.217924	18433	0	0
MV-4128_S29__NODE_291_length_18426_cov_11.737576	18426	0	0
MV-4122_S12__NODE_751_length_18423_cov_49.913491	18423	0	0
MV-4122_S12__NODE_752_length_18388_cov_21.025910	18388	0	0
Biragzang__NODE_295_length_18371_cov_26.145883	18371	4	0
MV-4122_S12__NODE_753_length_18367_cov_43.724498	18367	0	0
Biragzang__NODE_296_length_18362_cov_12.674878	18362	33	0
cell-4122-0-44_S10__NODE_68_length_18350_cov_12.917628	18350	0	0
Biragzang__NODE_297_length_18344_cov_43.541746	18344	0	0
MV-4122_S12__NODE_755_length_18314_cov_41.561477	18314	0	0
MV-4125_S18__NODE_536_length_18311_cov_71.360320	18311	0	0
MV-4125_S18__NODE_537_length_18311_cov_22.183775	18311	0	0
Biragzang__NODE_298_length_18294_cov_28.920774	18294	324	0
MV-4122_S12__NODE_756_length_18293_cov_12.390558	18293	2	0
Biragzang__NODE_299_length_18291_cov_14.429041	18291	1505	0
MV-4122_S12__NODE_757_length_18290_cov_22.681053	18290	0	0
Biragzang__NODE_300_length_18288_cov_11.648001	18288	32	0
Biragzang__NODE_301_length_18281_cov_33.136508	18281	345	0
Biragzang__NODE_302_length_18270_cov_10.879824	18270	0	0
MV-4122_S12__NODE_758_length_18263_cov_21.641916	18263	0	0
MV-4122_S12__NODE_759_length_18261_cov_12.769581	18261	0	0
Biragzang__NODE_303_length_18257_cov_10.243160	18257	0	0
MV-4122_S12__NODE_760_length_18233_cov_43.147046	18233	0	0
MV-4128_S29__NODE_293_length_18214_cov_15.261799	18214	0	0
MV-4125_S18__NODE_538_length_18211_cov_21.157799	18211	6	0
Biragzang__NODE_304_length_18188_cov_35.719682	18188	2	0
MV-4125_S18__NODE_539_length_18173_cov_22.106414	18173	0	0
MV-4122_S12__NODE_761_length_18154_cov_24.159512	18154	0	0
MV-4122_S12__NODE_762_length_18137_cov_26.342219	18137	0	0
MV-4128_S29__NODE_295_length_18137_cov_25.605906	18137	0	0
Biragzang__NODE_305_length_18121_cov_46.121001	18121	0	0
MV-4125_S18__NODE_542_length_18109_cov_20.001108	18109	1	0
Biragzang__NODE_306_length_18102_cov_12.157422	18102	2	0
Biragzang__NODE_307_length_18100_cov_47.378886	18100	0	0
MV-4128_S29__NODE_296_length_18091_cov_29.457529	18091	0	0
MV-4122_S12__NODE_765_length_18087_cov_74.808174	18087	4	0
MV-4128_S29__NODE_297_length_18035_cov_25.085150	18035	0	0
MV-4128_S29__NODE_298_length_18035_cov_19.279811	18035	0	0
MV-4122_S12__NODE_766_length_18032_cov_50.109084	18032	0	0
MV-4122_S12__NODE_767_length_18031_cov_12.216455	18031	0	0
MV-4125_S18__NODE_545_length_18017_cov_22.036911	18017	0	0
MV-4128_S29__NODE_299_length_18016_cov_29.699126	18016	0	0
MV-4122_S12__NODE_768_length_18011_cov_31.026342	18011	0	0
MV-4122_S12__NODE_769_length_18001_cov_27.625209	18001	0	0
Biragzang__NODE_308_length_17999_cov_44.398295	17999	0	0
Biragzang__NODE_309_length_17985_cov_43.906581	17985	2	0
MV-4128_S29__NODE_300_length_17976_cov_26.204230	17976	0	0
MV-4122_S12__NODE_770_length_17974_cov_6.495954	17974	0	0
MV-4125_S18__NODE_546_length_17974_cov_20.267147	17974	0	0
Biragzang__NODE_310_length_17968_cov_14.493496	17968	14	0
MV-4128_S29__NODE_301_length_17945_cov_26.314477	17945	0	0
Biragzang__NODE_311_length_17938_cov_50.900073	17938	743	0
MV-4122_S12__NODE_772_length_17928_cov_28.762323	17928	0	0
MV-4125_S18__NODE_547_length_17923_cov_24.172375	17923	0	0
cell-4125-0-44_S16__NODE_15_length_17922_cov_10.843063	17922	5	0
MV-4128_S29__NODE_302_length_17911_cov_16.449485	17911	0	0
MV-4128_S29__NODE_303_length_17906_cov_23.572125	17906	0	0
MV-4128_S29__NODE_304_length_17903_cov_25.966383	17903	0	0
MV-4125_S18__NODE_548_length_17888_cov_23.422139	17888	0	0
MV-4122_S12__NODE_775_length_17877_cov_8.626192	17877	0	0
cell-4122-0-44_S10__NODE_69_length_17866_cov_14.281118	17866	0	0
Biragzang__NODE_312_length_17842_cov_28.650194	17842	290	0
MV-4125_S18__NODE_549_length_17838_cov_20.396896	17838	0	0
cell-4125-0-44_S16__NODE_16_length_17834_cov_10.423927	17834	10	0
Biragzang__NODE_313_length_17823_cov_50.924752	17823	0	0
MV-4125_S18__NODE_550_length_17823_cov_24.397006	17823	0	0
MV-4122_S12__NODE_777_length_17815_cov_11.432770	17815	0	0
Biragzang__NODE_314_length_17800_cov_10.593801	17800	0	0
MV-4125_S18__NODE_552_length_17793_cov_22.841414	17793	0	0
MV-4125_S18__NODE_553_length_17760_cov_27.402316	17760	0	0
Biragzang__NODE_315_length_17758_cov_33.112354	17758	0	0
MV-4122_S12__NODE_778_length_17757_cov_46.005141	17757	0	0
MV-4128_S29__NODE_305_length_17756_cov_25.984464	17756	4	0
MV-4125_S18__NODE_554_length_17755_cov_26.249209	17755	0	0
MV-4128_S29__NODE_306_length_17753_cov_22.204486	17753	0	0
MV-4128_S29__NODE_307_length_17749_cov_17.050243	17749	0	0
MV-4128_S29__NODE_308_length_17745_cov_15.452968	17745	0	0
Biragzang__NODE_316_length_17742_cov_34.730423	17742	4	0
MV-4128_S29__NODE_309_length_17738_cov_23.929933	17738	0	0
Biragzang__NODE_317_length_17730_cov_33.014597	17730	368	0
MV-4128_S29__NODE_310_length_17722_cov_24.957661	17722	0	0
MV-4125_S18__NODE_557_length_17717_cov_15.314347	17717	0	0
Biragzang__NODE_318_length_17702_cov_34.356831	17702	0	0
Biragzang__NODE_319_length_17693_cov_53.322032	17693	0	0
MV-4125_S18__NODE_560_length_17688_cov_16.352464	17688	0	0
MV-4128_S29__NODE_311_length_17672_cov_15.257195	17672	0	0
MV-4128_S29__NODE_312_length_17664_cov_15.446931	17664	0	0
MV-4128_S29__NODE_313_length_17651_cov_27.353433	17651	2	0
Biragzang__NODE_320_length_17647_cov_11.298033	17647	0	0
Biragzang__NODE_321_length_17636_cov_9.212957	17636	22	0
MV-4128_S29__NODE_314_length_17636_cov_14.566748	17636	0	0
MV-4122_S12__NODE_781_length_17630_cov_23.380313	17630	0	0
MV-4128_S29__NODE_315_length_17622_cov_26.766892	17622	0	0
Biragzang__NODE_322_length_17621_cov_11.565638	17621	0	0
MV-4122_S12__NODE_782_length_17618_cov_21.663725	17618	0	0
cell-4122-0-44_S10__NODE_70_length_17603_cov_53.994073	17603	0	0
MV-4128_S29__NODE_316_length_17598_cov_12.798552	17598	0	0
MV-4122_S12__NODE_784_length_17582_cov_26.191932	17582	0	0
MV-4128_S29__NODE_317_length_17577_cov_16.273314	17577	0	0
Biragzang__NODE_323_length_17563_cov_6.317226	17563	0	0
MV-4128_S29__NODE_318_length_17563_cov_11.607779	17563	0	0
Biragzang__NODE_324_length_17551_cov_42.309042	17551	0	0
MV-4128_S29__NODE_319_length_17533_cov_27.765076	17533	0	0
Biragzang__NODE_325_length_17525_cov_30.501030	17525	284	0
MV-4122_S12__NODE_787_length_17519_cov_36.132730	17519	0	0
MV-4122_S12__NODE_788_length_17516_cov_12.523166	17516	0	0
MV-4122_S12__NODE_789_length_17503_cov_40.681339	17503	0	0
cell-4122-0-44_S10__NODE_71_length_17503_cov_39.291323	17503	0	0
MV-4125_S18__NODE_565_length_17495_cov_18.413933	17495	0	0
MV-4122_S12__NODE_790_length_17457_cov_9.180669	17457	0	0
MV-4125_S18__NODE_567_length_17457_cov_22.239053	17457	0	0
Biragzang__NODE_326_length_17432_cov_11.634920	17432	0	0
cell-4122-0-44_S10__NODE_72_length_17429_cov_30.974445	17429	0	0
MV-4122_S12__NODE_791_length_17428_cov_44.641973	17428	0	0
Biragzang__NODE_327_length_17419_cov_45.662635	17419	2	0
MV-4122_S12__NODE_792_length_17395_cov_44.247578	17395	0	0
Biragzang__NODE_328_length_17380_cov_9.803579	17380	4	0
Biragzang__NODE_329_length_17379_cov_13.141480	17379	40	0
MV-4122_S12__NODE_793_length_17379_cov_23.482625	17379	0	0
MV-4122_S12__NODE_794_length_17376_cov_26.975579	17376	0	0
MV-4125_S18__NODE_568_length_17367_cov_21.334161	17367	0	0
MV-4128_S29__NODE_320_length_17349_cov_26.225165	17349	2	0
MV-4122_S12__NODE_795_length_17346_cov_9.796657	17346	0	0
MV-4122_S12__NODE_796_length_17333_cov_38.897037	17333	0	0
Biragzang__NODE_330_length_17329_cov_41.003184	17329	4	0
MV-4128_S29__NODE_321_length_17313_cov_24.737977	17313	0	0
Biragzang__NODE_331_length_17305_cov_10.934145	17305	34	0
MV-4122_S12__NODE_797_length_17299_cov_29.366968	17299	0	0
Biragzang__NODE_332_length_17296_cov_22.177832	17296	186	0
Biragzang__NODE_333_length_17278_cov_51.717703	17278	0	0
Biragzang__NODE_334_length_17277_cov_11.074382	17277	16	0
MV-4125_S18__NODE_572_length_17270_cov_63.372001	17270	0	0
MV-4122_S12__NODE_798_length_17267_cov_93.685859	17267	2	0
MV-4122_S12__NODE_799_length_17254_cov_42.001395	17254	0	0
MV-4122_S12__NODE_800_length_17243_cov_34.547068	17243	0	0
MV-4122_S12__NODE_801_length_17223_cov_25.720643	17223	0	0
Biragzang__NODE_335_length_17221_cov_52.234359	17221	648	0
MV-4125_S18__NODE_574_length_17220_cov_7.093155	17220	0	0
MV-4128_S29__NODE_323_length_17207_cov_23.336287	17207	0	0
cell-4125-0-44_S16__NODE_17_length_17201_cov_11.089059	17201	4	0
MV-4128_S29__NODE_324_length_17200_cov_18.896063	17200	0	0
MV-4122_S12__NODE_802_length_17193_cov_30.430680	17193	0	0
Biragzang__NODE_336_length_17176_cov_49.013375	17176	0	0
MV-4122_S12__NODE_803_length_17169_cov_81.373788	17169	4	0
Biragzang__NODE_337_length_17125_cov_11.247042	17125	87	0
cell-4122-0-44_S10__NODE_73_length_17114_cov_13.333607	17114	0	0
Biragzang__NODE_338_length_17113_cov_13.923965	17113	1402	0
MV-4128_S29__NODE_325_length_17107_cov_21.088318	17107	0	0
cell-4122-0-44_S10__NODE_74_length_17102_cov_15.465419	17102	0	0
MV-4122_S12__NODE_805_length_17091_cov_21.998885	17091	0	0
Biragzang__NODE_339_length_17080_cov_10.669310	17080	10	0
MV-4122_S12__NODE_806_length_17080_cov_11.019442	17080	0	0
MV-4128_S29__NODE_326_length_17069_cov_13.326320	17069	0	0
MV-4128_S29__NODE_327_length_17066_cov_15.761096	17066	0	0
Biragzang__NODE_340_length_17065_cov_41.621693	17065	0	0
MV-4128_S29__NODE_328_length_17058_cov_28.586720	17058	0	0
MV-4122_S12__NODE_807_length_17044_cov_11.088999	17044	0	0
Biragzang__NODE_341_length_17035_cov_54.764075	17035	0	0
MV-4122_S12__NODE_808_length_17034_cov_42.832322	17034	0	0
MV-4122_S12__NODE_809_length_17030_cov_10.091370	17030	0	0
MV-4122_S12__NODE_810_length_17028_cov_28.535380	17028	0	0
MV-4128_S29__NODE_329_length_17027_cov_25.729319	17027	0	0
MV-4122_S12__NODE_811_length_17002_cov_30.695167	17002	0	0
Biragzang__NODE_342_length_16995_cov_57.591204	16995	0	0
MV-4125_S18__NODE_575_length_16993_cov_254.223993	16993	3	0
MV-4125_S18__NODE_576_length_16992_cov_23.231446	16992	4	0
MV-4122_S12__NODE_812_length_16953_cov_43.923482	16953	0	0
MV-4125_S18__NODE_579_length_16952_cov_18.654140	16952	0	0
Biragzang__NODE_343_length_16942_cov_53.842246	16942	0	0
MV-4125_S18__NODE_580_length_16940_cov_18.315132	16940	0	0
MV-4125_S18__NODE_582_length_16931_cov_24.908272	16931	0	0
MV-4125_S18__NODE_583_length_16931_cov_24.370467	16931	0	0
Biragzang__NODE_344_length_16921_cov_6.109214	16921	0	0
cell-4122-0-44_S10__NODE_75_length_16920_cov_19.067536	16920	0	0
MV-4125_S18__NODE_584_length_16918_cov_18.593311	16918	0	0
MV-4125_S18__NODE_585_length_16907_cov_20.342867	16907	0	0
Biragzang__NODE_345_length_16893_cov_30.075900	16893	0	0
cell-4122-0-44_S10__NODE_76_length_16878_cov_12.158414	16878	0	0
MV-4128_S29__NODE_332_length_16865_cov_15.092623	16865	0	0
MV-4125_S18__NODE_589_length_16858_cov_25.049455	16858	0	0
cell-4122-0-44_S10__NODE_77_length_16858_cov_11.905374	16858	0	0
MV-4122_S12__NODE_813_length_16857_cov_18.491727	16857	0	0
MV-4122_S12__NODE_814_length_16852_cov_39.125082	16852	0	0
MV-4125_S18__NODE_591_length_16852_cov_22.669346	16852	0	0
cell-4122-0-22_S11__NODE_22_length_16824_cov_15.723180	16824	0	0
MV-4122_S12__NODE_815_length_16813_cov_27.688507	16813	0	0
MV-4122_S12__NODE_816_length_16771_cov_22.629696	16771	0	0
MV-4125_S18__NODE_593_length_16762_cov_34.307117	16762	0	0
Biragzang__NODE_346_length_16736_cov_33.623344	16736	0	0
MV-4122_S12__NODE_818_length_16720_cov_51.072667	16720	0	0
MV-4122_S12__NODE_819_length_16715_cov_10.777191	16715	0	0
MV-4122_S12__NODE_820_length_16710_cov_44.688082	16710	0	0
Biragzang__NODE_347_length_16708_cov_51.050081	16708	0	0
Biragzang__NODE_348_length_16706_cov_45.686205	16706	0	0
Biragzang__NODE_349_length_16697_cov_19.911669	16697	2	0
MV-4122_S12__NODE_822_length_16696_cov_24.379124	16696	0	0
cell-4122-0-44_S10__NODE_79_length_16668_cov_29.446518	16668	0	0
Biragzang__NODE_350_length_16651_cov_6.258014	16651	0	0
Biragzang__NODE_351_length_16641_cov_31.944351	16641	29	0
MV-4128_S29__NODE_333_length_16634_cov_13.510163	16634	2	0
MV-4122_S12__NODE_824_length_16631_cov_10.014720	16631	0	0
MV-4122_S12__NODE_825_length_16614_cov_242.385047	16614	0	0
MV-4122_S12__NODE_827_length_16581_cov_8.773327	16581	0	0
MV-4128_S29__NODE_334_length_16560_cov_13.457074	16560	0	0
Biragzang__NODE_352_length_16554_cov_39.282441	16554	0	0
MV-4122_S12__NODE_828_length_16543_cov_32.653445	16543	0	0
Biragzang__NODE_353_length_16533_cov_11.542663	16533	968	0
MV-4125_S18__NODE_595_length_16511_cov_23.057547	16511	0	0
Biragzang__NODE_354_length_16489_cov_11.668675	16489	0	0
MV-4128_S29__NODE_335_length_16485_cov_23.189714	16485	0	0
Biragzang__NODE_355_length_16467_cov_44.712771	16467	0	0
MV-4122_S12__NODE_830_length_16466_cov_44.671379	16466	0	0
MV-4122_S12__NODE_831_length_16460_cov_12.623103	16460	0	0
MV-4125_S18__NODE_596_length_16459_cov_27.484333	16459	0	0
MV-4125_S18__NODE_597_length_16452_cov_8.030676	16452	0	0
MV-4128_S29__NODE_336_length_16445_cov_25.636059	16445	4	0
Biragzang__NODE_356_length_16437_cov_51.033329	16437	4	0
MV-4122_S12__NODE_832_length_16437_cov_29.122207	16437	0	0
Biragzang__NODE_357_length_16427_cov_13.432507	16427	0	0
Biragzang__NODE_358_length_16420_cov_59.024381	16420	6	0
Biragzang__NODE_359_length_16418_cov_12.945609	16418	1239	0
MV-4128_S29__NODE_337_length_16405_cov_17.407523	16405	0	0
Biragzang__NODE_360_length_16400_cov_44.688590	16400	0	0
MV-4122_S12__NODE_833_length_16395_cov_25.681701	16395	0	0
MV-4128_S29__NODE_338_length_16386_cov_13.078746	16386	0	0
Biragzang__NODE_361_length_16374_cov_34.123353	16374	295	0
MV-4128_S29__NODE_340_length_16369_cov_12.278166	16369	0	0
Biragzang__NODE_362_length_16361_cov_11.953330	16361	40	0
cell-4122-0-44_S10__NODE_80_length_16361_cov_1183.702012	16361	2	0
MV-4122_S12__NODE_834_length_16359_cov_26.972277	16359	0	0
cell-4122-0-44_S10__NODE_81_length_16357_cov_46.276162	16357	0	0
MV-4122_S12__NODE_835_length_16355_cov_48.027853	16355	0	0
MV-4128_S29__NODE_341_length_16352_cov_13.042523	16352	0	0
Biragzang__NODE_363_length_16339_cov_39.299803	16339	0	0
MV-4125_S18__NODE_601_length_16314_cov_17.125653	16314	0	0
MV-4128_S29__NODE_342_length_16314_cov_21.788671	16314	0	0
MV-4122_S12__NODE_836_length_16313_cov_23.584389	16313	5	0
MV-4122_S12__NODE_838_length_16304_cov_84.694258	16304	0	0
MV-4125_S18__NODE_602_length_16280_cov_7.018367	16280	0	0
MV-4122_S12__NODE_839_length_16272_cov_43.158661	16272	0	0
Biragzang__NODE_364_length_16255_cov_10.977840	16255	2	0
MV-4128_S29__NODE_343_length_16249_cov_21.687847	16249	0	0
Biragzang__NODE_365_length_16247_cov_47.226285	16247	506	0
cell-4122-0-44_S10__NODE_82_length_16245_cov_13.852934	16245	0	0
MV-4128_S29__NODE_344_length_16241_cov_24.210429	16241	0	0
Biragzang__NODE_366_length_16236_cov_55.659415	16236	0	0
MV-4122_S12__NODE_840_length_16236_cov_29.576911	16236	0	0
MV-4122_S12__NODE_841_length_16236_cov_21.167233	16236	0	0
MV-4125_S18__NODE_604_length_16225_cov_20.861596	16225	2	0
MV-4128_S29__NODE_345_length_16224_cov_26.548952	16224	1	0
MV-4125_S18__NODE_605_length_16216_cov_25.649712	16216	0	0
MV-4128_S29__NODE_346_length_16211_cov_12.545370	16211	0	0
MV-4122_S12__NODE_842_length_16205_cov_51.663220	16205	0	0
Biragzang__NODE_367_length_16202_cov_10.007741	16202	20	0
MV-4122_S12__NODE_843_length_16189_cov_11.843002	16189	0	0
MV-4125_S18__NODE_606_length_16186_cov_17.402207	16186	0	0
Biragzang__NODE_368_length_16175_cov_11.760670	16175	0	0
MV-4125_S18__NODE_607_length_16173_cov_24.840861	16173	0	0
MV-4122_S12__NODE_844_length_16172_cov_45.630576	16172	0	0
cell-4122-0-44_S10__NODE_83_length_16171_cov_71.877451	16171	0	0
MV-4122_S12__NODE_845_length_16168_cov_8.638491	16168	0	0
cell-4122-0-44_S10__NODE_84_length_16168_cov_966.618817	16168	0	0
MV-4128_S29__NODE_347_length_16163_cov_12.252483	16163	0	0
MV-4125_S18__NODE_609_length_16153_cov_20.017766	16153	0	0
Biragzang__NODE_369_length_16152_cov_39.049264	16152	2	0
Biragzang__NODE_370_length_16151_cov_55.404945	16151	0	0
MV-4122_S12__NODE_846_length_16143_cov_28.500746	16143	0	0
MV-4122_S12__NODE_847_length_16142_cov_14.845154	16142	0	0
Biragzang__NODE_371_length_16136_cov_44.948386	16136	0	0
MV-4128_S29__NODE_348_length_16134_cov_16.424218	16134	0	0
Biragzang__NODE_372_length_16132_cov_12.450395	16132	0	0
MV-4122_S12__NODE_848_length_16131_cov_12.307539	16131	0	0
MV-4122_S12__NODE_849_length_16128_cov_10.882411	16128	0	0
MV-4125_S18__NODE_610_length_16126_cov_22.549810	16126	0	0
MV-4122_S12__NODE_850_length_16122_cov_83.449866	16122	8	0
MV-4122_S12__NODE_851_length_16117_cov_55.716411	16117	2	0
Biragzang__NODE_373_length_16109_cov_52.825589	16109	2	0
MV-4122_S12__NODE_852_length_16102_cov_24.874120	16102	0	0
MV-4122_S12__NODE_853_length_16100_cov_10.308694	16100	0	0
MV-4122_S12__NODE_854_length_16097_cov_13.038025	16097	0	0
MV-4122_S12__NODE_855_length_16077_cov_86.177506	16077	8	0
MV-4125_S18__NODE_612_length_16070_cov_49.825414	16070	0	0
MV-4128_S29__NODE_349_length_16065_cov_14.256715	16065	0	0
Biragzang__NODE_374_length_16059_cov_81.080042	16059	0	0
MV-4122_S12__NODE_856_length_16053_cov_10.632954	16053	0	0
MV-4125_S18__NODE_614_length_16038_cov_17.304761	16038	0	0
MV-4122_S12__NODE_858_length_16008_cov_12.017614	16008	0	0
MV-4128_S29__NODE_350_length_16007_cov_28.855316	16007	0	0
MV-4122_S12__NODE_859_length_16001_cov_21.795685	16001	0	0
MV-4122_S12__NODE_860_length_15987_cov_9.805423	15987	0	0
MV-4125_S18__NODE_616_length_15981_cov_21.475323	15981	0	0
MV-4122_S12__NODE_861_length_15973_cov_43.222641	15973	0	0
MV-4128_S29__NODE_351_length_15971_cov_29.502765	15971	0	0
Biragzang__NODE_375_length_15968_cov_20.423050	15968	22	0
MV-4128_S29__NODE_352_length_15967_cov_13.947210	15967	0	0
MV-4128_S29__NODE_353_length_15959_cov_14.353999	15959	0	0
MV-4122_S12__NODE_862_length_15948_cov_31.419430	15948	0	0
MV-4122_S12__NODE_863_length_15931_cov_55.630008	15931	0	0
MV-4122_S12__NODE_864_length_15921_cov_13.422350	15921	0	0
Biragzang__NODE_376_length_15909_cov_25.075754	15909	212	0
MV-4125_S18__NODE_620_length_15906_cov_23.471579	15906	0	0
MV-4125_S18__NODE_621_length_15906_cov_14.010599	15906	0	0
MV-4128_S29__NODE_355_length_15904_cov_15.082592	15904	0	0
MV-4122_S12__NODE_867_length_15885_cov_11.806759	15885	0	0
MV-4125_S18__NODE_623_length_15879_cov_6.505056	15879	0	0
MV-4125_S18__NODE_624_length_15871_cov_23.983498	15871	0	0
MV-4128_S29__NODE_356_length_15871_cov_11.026429	15871	0	0
MV-4122_S12__NODE_868_length_15865_cov_245.625237	15865	0	0
Biragzang__NODE_377_length_15859_cov_41.762402	15859	286	0
cell-4122-0-44_S10__NODE_85_length_15855_cov_57.819747	15855	0	0
MV-4122_S12__NODE_870_length_15850_cov_21.346692	15850	0	0
MV-4128_S29__NODE_357_length_15822_cov_22.339380	15822	0	0
MV-4122_S12__NODE_872_length_15801_cov_25.882891	15801	0	0
MV-4125_S18__NODE_627_length_15795_cov_22.020267	15795	0	0
MV-4122_S12__NODE_873_length_15794_cov_24.670500	15794	0	0
MV-4128_S29__NODE_358_length_15794_cov_15.998412	15794	0	0
Biragzang__NODE_378_length_15793_cov_9.554835	15793	38	0
MV-4128_S29__NODE_359_length_15790_cov_13.053321	15790	0	0
MV-4122_S12__NODE_874_length_15784_cov_236.558141	15784	0	0
MV-4122_S12__NODE_875_length_15783_cov_9.318095	15783	0	0
MV-4128_S29__NODE_360_length_15780_cov_24.428744	15780	0	0
MV-4128_S29__NODE_361_length_15780_cov_9.437011	15780	18	0
cell-4125-0-44_S16__NODE_19_length_15780_cov_11.480064	15780	0	0
MV-4125_S18__NODE_628_length_15775_cov_26.970611	15775	0	0
MV-4128_S29__NODE_362_length_15775_cov_13.741476	15775	0	0
MV-4122_S12__NODE_876_length_15762_cov_25.486853	15762	0	0
Biragzang__NODE_379_length_15739_cov_10.182288	15739	0	0
MV-4128_S29__NODE_363_length_15733_cov_14.203215	15733	0	0
MV-4128_S29__NODE_364_length_15728_cov_14.230715	15728	0	0
MV-4128_S29__NODE_365_length_15723_cov_14.002298	15723	0	0
Biragzang__NODE_380_length_15717_cov_15.008939	15717	29	0
MV-4128_S29__NODE_366_length_15715_cov_25.282184	15715	0	0
Biragzang__NODE_381_length_15710_cov_14.902843	15710	0	0
MV-4128_S29__NODE_367_length_15706_cov_24.826145	15706	0	0
MV-4125_S18__NODE_632_length_15701_cov_7.106289	15701	0	0
MV-4122_S12__NODE_877_length_15697_cov_29.174210	15697	0	0
MV-4125_S18__NODE_633_length_15696_cov_22.559747	15696	0	0
Biragzang__NODE_382_length_15680_cov_11.125824	15680	0	0
MV-4128_S29__NODE_368_length_15669_cov_31.398232	15669	0	0
MV-4128_S29__NODE_369_length_15662_cov_27.585635	15662	0	0
Biragzang__NODE_383_length_15661_cov_49.958926	15661	0	0
Biragzang__NODE_384_length_15660_cov_55.170715	15660	2	0
Biragzang__NODE_385_length_15659_cov_13.256345	15659	45	0
Biragzang__NODE_386_length_15647_cov_11.593509	15647	26	0
MV-4122_S12__NODE_878_length_15643_cov_27.334745	15643	0	0
MV-4122_S12__NODE_879_length_15641_cov_10.043116	15641	0	0
MV-4122_S12__NODE_880_length_15639_cov_37.143930	15639	0	0
cell-4125-0-44_S16__NODE_21_length_15637_cov_11.047170	15637	0	0
Biragzang__NODE_387_length_15635_cov_9.734596	15635	0	0
MV-4128_S29__NODE_370_length_15632_cov_12.017076	15632	0	0
cell-4122-0-44_S10__NODE_86_length_15629_cov_66.384808	15629	0	0
MV-4125_S18__NODE_634_length_15628_cov_21.200989	15628	0	0
MV-4128_S29__NODE_371_length_15622_cov_14.755573	15622	0	0
Biragzang__NODE_388_length_15620_cov_37.408802	15620	281	0
MV-4128_S29__NODE_372_length_15616_cov_36.663325	15616	0	0
MV-4128_S29__NODE_373_length_15600_cov_28.301254	15600	0	0
MV-4122_S12__NODE_881_length_15596_cov_83.171160	15596	2	0
MV-4128_S29__NODE_374_length_15581_cov_31.871184	15581	0	0
Biragzang__NODE_389_length_15578_cov_11.494170	15578	0	0
MV-4125_S18__NODE_636_length_15578_cov_10.995942	15578	0	0
MV-4128_S29__NODE_375_length_15570_cov_16.956043	15570	0	0
MV-4122_S12__NODE_882_length_15568_cov_24.986721	15568	0	0
Biragzang__NODE_390_length_15564_cov_40.123864	15564	2	0
Biragzang__NODE_391_length_15564_cov_27.218647	15564	210	0
MV-4122_S12__NODE_883_length_15564_cov_21.804243	15564	0	0
cell-4122-0-44_S10__NODE_87_length_15564_cov_16.607841	15564	0	0
MV-4125_S18__NODE_637_length_15561_cov_31.257191	15561	0	0
MV-4125_S18__NODE_638_length_15554_cov_7.448610	15554	0	0
MV-4125_S18__NODE_639_length_15552_cov_8.676583	15552	0	0
MV-4122_S12__NODE_884_length_15548_cov_24.970955	15548	0	0
MV-4122_S12__NODE_885_length_15545_cov_34.414074	15545	0	0
cell-4122-0-44_S10__NODE_88_length_15526_cov_270.121841	15526	0	0
MV-4122_S12__NODE_886_length_15523_cov_24.845681	15523	0	0
MV-4125_S18__NODE_640_length_15523_cov_7.874709	15523	0	0
MV-4125_S18__NODE_641_length_15519_cov_23.974845	15519	0	0
Biragzang__NODE_392_length_15516_cov_42.221978	15516	4	0
MV-4128_S29__NODE_376_length_15500_cov_23.452120	15500	0	0
MV-4125_S18__NODE_642_length_15490_cov_23.907613	15490	0	0
MV-4125_S18__NODE_643_length_15484_cov_20.856634	15484	0	0
MV-4122_S12__NODE_887_length_15483_cov_77.281436	15483	0	0
Biragzang__NODE_393_length_15471_cov_71.615464	15471	4	0
MV-4122_S12__NODE_889_length_15468_cov_11.602478	15468	0	0
MV-4125_S18__NODE_644_length_15466_cov_22.277529	15466	0	0
MV-4122_S12__NODE_890_length_15464_cov_48.709975	15464	2	0
MV-4125_S18__NODE_645_length_15459_cov_7.274344	15459	0	0
MV-4128_S29__NODE_377_length_15458_cov_13.528533	15458	0	0
Biragzang__NODE_394_length_15450_cov_42.228970	15450	0	0
MV-4122_S12__NODE_892_length_15417_cov_35.982750	15417	0	0
MV-4122_S12__NODE_893_length_15416_cov_12.769091	15416	0	0
MV-4128_S29__NODE_378_length_15416_cov_23.430831	15416	0	0
Biragzang__NODE_395_length_15413_cov_23.769762	15413	0	0
Biragzang__NODE_396_length_15407_cov_7.863666	15407	68	0
MV-4122_S12__NODE_894_length_15406_cov_39.129438	15406	0	0
Biragzang__NODE_397_length_15405_cov_41.205081	15405	335	0
MV-4122_S12__NODE_896_length_15399_cov_41.406739	15399	0	0
MV-4128_S29__NODE_379_length_15396_cov_15.515155	15396	0	0
MV-4122_S12__NODE_897_length_15393_cov_12.058156	15393	0	0
Biragzang__NODE_398_length_15391_cov_5.657212	15391	0	0
MV-4128_S29__NODE_380_length_15386_cov_25.005675	15386	0	0
Biragzang__NODE_399_length_15385_cov_11.432355	15385	76	0
Biragzang__NODE_400_length_15376_cov_7.567522	15376	66	0
MV-4122_S12__NODE_898_length_15376_cov_30.653352	15376	0	0
MV-4128_S29__NODE_381_length_15372_cov_32.757394	15372	0	0
MV-4128_S29__NODE_382_length_15367_cov_26.057471	15367	0	0
Biragzang__NODE_401_length_15361_cov_11.521952	15361	87	0
Biragzang__NODE_402_length_15358_cov_17.628374	15358	1678	0
MV-4122_S12__NODE_900_length_15353_cov_29.463002	15353	0	0
MV-4128_S29__NODE_383_length_15352_cov_24.733216	15352	0	0
MV-4122_S12__NODE_901_length_15312_cov_28.312643	15312	0	0
MV-4128_S29__NODE_384_length_15305_cov_15.418754	15305	0	0
MV-4125_S18__NODE_652_length_15298_cov_17.003018	15298	0	0
MV-4128_S29__NODE_385_length_15291_cov_15.441061	15291	0	0
MV-4125_S18__NODE_653_length_15290_cov_21.546702	15290	0	0
MV-4125_S18__NODE_654_length_15288_cov_17.839034	15288	6	0
Biragzang__NODE_403_length_15279_cov_10.299002	15279	903	0
cell-4122-0-44_S10__NODE_89_length_15277_cov_411.056891	15277	0	0
MV-4125_S18__NODE_656_length_15264_cov_18.531527	15264	0	0
MV-4122_S12__NODE_902_length_15263_cov_42.163072	15263	0	0
MV-4125_S18__NODE_657_length_15260_cov_17.749688	15260	6	0
Biragzang__NODE_404_length_15257_cov_36.314564	15257	0	0
MV-4125_S18__NODE_658_length_15249_cov_21.996643	15249	0	0
Biragzang__NODE_405_length_15238_cov_7.644010	15238	90	0
Biragzang__NODE_406_length_15237_cov_30.394019	15237	225	0
MV-4125_S18__NODE_660_length_15235_cov_20.920685	15235	0	0
MV-4122_S12__NODE_903_length_15232_cov_14.376293	15232	0	0
MV-4125_S18__NODE_662_length_15214_cov_19.977769	15214	0	0
cell-4122-0-44_S10__NODE_90_length_15214_cov_43.094531	15214	0	0
MV-4122_S12__NODE_905_length_15209_cov_10.799987	15209	0	0
cell-4122-0-44_S10__NODE_91_length_15197_cov_15.567626	15197	0	0
cell-4122-0-44_S10__NODE_92_length_15189_cov_45.314061	15189	0	0
MV-4122_S12__NODE_908_length_15180_cov_8.117620	15180	0	0
Biragzang__NODE_407_length_15171_cov_41.569000	15171	2	0
MV-4122_S12__NODE_910_length_15147_cov_25.446197	15147	0	0
Biragzang__NODE_408_length_15142_cov_13.276728	15142	26	0
MV-4122_S12__NODE_911_length_15138_cov_26.204734	15138	0	0
MV-4122_S12__NODE_912_length_15132_cov_7.625589	15132	0	0
cell-4122-0-44_S10__NODE_93_length_15126_cov_53.267467	15126	0	0
MV-4125_S18__NODE_666_length_15123_cov_24.953079	15123	0	0
cell-4122-0-44_S10__NODE_94_length_15121_cov_43.750299	15121	0	0
Biragzang__NODE_409_length_15119_cov_40.822292	15119	365	0
Biragzang__NODE_410_length_15111_cov_26.023180	15111	167	0
MV-4122_S12__NODE_914_length_15099_cov_218.845320	15099	0	0
cell-4122-0-44_S10__NODE_95_length_15084_cov_57.278462	15084	0	0
MV-4122_S12__NODE_915_length_15080_cov_36.547155	15080	0	0
Biragzang__NODE_411_length_15059_cov_11.230605	15059	69	0
MV-4125_S18__NODE_670_length_15058_cov_22.081050	15058	0	0
cell-4122-0-44_S10__NODE_96_length_15053_cov_15.445259	15053	0	0
MV-4128_S29__NODE_386_length_15050_cov_14.261887	15050	0	0
Biragzang__NODE_412_length_15048_cov_31.166278	15048	0	0
MV-4122_S12__NODE_916_length_15043_cov_12.835869	15043	0	0
Biragzang__NODE_413_length_15039_cov_39.722838	15039	47	0
Biragzang__NODE_414_length_15038_cov_7.346993	15038	66	0
MV-4122_S12__NODE_917_length_15034_cov_14.488417	15034	0	0
Biragzang__NODE_415_length_15023_cov_8.813870	15023	6	0
MV-4122_S12__NODE_918_length_15015_cov_46.009960	15015	0	0
MV-4125_S18__NODE_673_length_15014_cov_24.718497	15014	0	0
MV-4125_S18__NODE_674_length_15009_cov_7.415407	15009	0	0
MV-4125_S18__NODE_675_length_15007_cov_19.376873	15007	0	0
cell-4122-0-44_S10__NODE_97_length_15004_cov_19.253729	15004	0	0
MV-4125_S18__NODE_677_length_14999_cov_8.609074	14999	0	0
Biragzang__NODE_416_length_14987_cov_9.164881	14987	16	0
cell-4122-0-44_S10__NODE_98_length_14982_cov_692.056542	14982	0	0
Biragzang__NODE_417_length_14975_cov_12.632239	14975	0	0
MV-4125_S18__NODE_678_length_14966_cov_7.166186	14966	0	0
Biragzang__NODE_418_length_14965_cov_45.365929	14965	0	0
Biragzang__NODE_419_length_14964_cov_9.083574	14964	105	0
cell-4122-0-44_S10__NODE_99_length_14953_cov_72.454826	14953	0	0
Biragzang__NODE_420_length_14939_cov_69.328541	14939	0	0
cell-4122-0-44_S10__NODE_100_length_14938_cov_39.756232	14938	0	0
Biragzang__NODE_421_length_14937_cov_32.769386	14937	2	0
MV-4125_S18__NODE_679_length_14935_cov_11.622984	14935	0	0
MV-4128_S29__NODE_387_length_14928_cov_25.892490	14928	2	0
MV-4122_S12__NODE_920_length_14926_cov_50.324457	14926	0	0
MV-4125_S18__NODE_680_length_14926_cov_20.036917	14926	0	0
cell-4122-0-44_S10__NODE_101_length_14926_cov_36.867057	14926	2	0
Biragzang__NODE_422_length_14912_cov_9.706536	14912	4	0
MV-4122_S12__NODE_921_length_14912_cov_59.187925	14912	6	0
MV-4122_S12__NODE_922_length_14912_cov_25.348994	14912	0	0
MV-4122_S12__NODE_923_length_14908_cov_64.098162	14908	0	0
MV-4122_S12__NODE_924_length_14907_cov_42.439402	14907	0	0
MV-4122_S12__NODE_925_length_14906_cov_13.435594	14906	0	0
Biragzang__NODE_423_length_14899_cov_11.538804	14899	0	0
cell-4122-0-22_S11__NODE_30_length_14885_cov_12.732771	14885	0	0
Biragzang__NODE_424_length_14881_cov_65.356333	14881	1371	0
MV-4122_S12__NODE_926_length_14881_cov_11.897477	14881	0	0
MV-4128_S29__NODE_388_length_14876_cov_25.959247	14876	0	0
Biragzang__NODE_425_length_14874_cov_48.659559	14874	0	0
Biragzang__NODE_426_length_14864_cov_11.841043	14864	1026	0
Biragzang__NODE_427_length_14858_cov_41.151794	14858	351	0
cell-4122-0-44_S10__NODE_102_length_14854_cov_565.979931	14854	0	0
MV-4122_S12__NODE_927_length_14840_cov_11.273656	14840	0	0
MV-4122_S12__NODE_928_length_14839_cov_20.241139	14839	0	0
MV-4122_S12__NODE_929_length_14836_cov_13.773493	14836	0	0
Biragzang__NODE_428_length_14833_cov_10.493639	14833	2	0
MV-4128_S29__NODE_389_length_14832_cov_15.730324	14832	0	0
MV-4125_S18__NODE_682_length_14824_cov_21.140429	14824	3	0
cell-4122-0-44_S10__NODE_103_length_14805_cov_21.147254	14805	0	0
MV-4128_S29__NODE_390_length_14802_cov_16.700278	14802	0	0
MV-4128_S29__NODE_391_length_14790_cov_15.657550	14790	0	0
Biragzang__NODE_429_length_14789_cov_13.413058	14789	0	0
MV-4122_S12__NODE_930_length_14779_cov_28.636648	14779	0	0
Biragzang__NODE_430_length_14778_cov_13.456157	14778	1267	0
Biragzang__NODE_431_length_14777_cov_54.302337	14777	0	0
MV-4122_S12__NODE_931_length_14772_cov_10.944962	14772	0	0
MV-4125_S18__NODE_684_length_14771_cov_6.927630	14771	0	0
MV-4128_S29__NODE_392_length_14766_cov_26.677996	14766	0	0
MV-4122_S12__NODE_932_length_14763_cov_32.752108	14763	0	0
MV-4128_S29__NODE_393_length_14761_cov_16.217462	14761	0	0
MV-4122_S12__NODE_933_length_14759_cov_39.123708	14759	0	0
MV-4125_S18__NODE_685_length_14759_cov_9.548150	14759	0	0
MV-4122_S12__NODE_934_length_14750_cov_20.579177	14750	0	0
MV-4122_S12__NODE_935_length_14743_cov_24.251566	14743	0	0
Biragzang__NODE_432_length_14739_cov_13.916167	14739	1266	0
MV-4128_S29__NODE_394_length_14739_cov_23.519273	14739	0	0
MV-4122_S12__NODE_936_length_14734_cov_94.392261	14734	4	0
MV-4122_S12__NODE_937_length_14732_cov_38.119711	14732	0	0
MV-4122_S12__NODE_938_length_14729_cov_10.440848	14729	0	0
cell-4125-0-44_S16__NODE_23_length_14728_cov_26.167110	14728	0	0
MV-4128_S29__NODE_395_length_14727_cov_24.921347	14727	0	0
MV-4125_S18__NODE_687_length_14723_cov_29.244001	14723	0	0
MV-4128_S29__NODE_396_length_14720_cov_24.275486	14720	3	0
MV-4128_S29__NODE_397_length_14720_cov_21.857347	14720	2	0
cell-4122-0-44_S10__NODE_104_length_14717_cov_14.692607	14717	0	0
Biragzang__NODE_433_length_14710_cov_34.098465	14710	0	0
MV-4125_S18__NODE_688_length_14702_cov_24.870895	14702	0	0
MV-4125_S18__NODE_689_length_14692_cov_18.388878	14692	0	0
cell-4122-0-44_S10__NODE_105_length_14692_cov_91.481314	14692	2	0
Biragzang__NODE_434_length_14690_cov_13.984558	14690	0	0
MV-4128_S29__NODE_398_length_14688_cov_13.568236	14688	0	0
MV-4125_S18__NODE_690_length_14687_cov_22.542236	14687	0	0
cell-4122-0-44_S10__NODE_106_length_14680_cov_17.161915	14680	0	0
MV-4122_S12__NODE_939_length_14668_cov_10.746527	14668	0	0
Biragzang__NODE_435_length_14665_cov_10.238261	14665	0	0
Biragzang__NODE_436_length_14648_cov_49.845954	14648	0	0
MV-4125_S18__NODE_693_length_14642_cov_26.619730	14642	0	0
MV-4122_S12__NODE_941_length_14636_cov_11.009464	14636	0	0
Biragzang__NODE_437_length_14627_cov_17.088595	14627	0	0
Biragzang__NODE_438_length_14625_cov_42.339327	14625	0	0
Biragzang__NODE_439_length_14622_cov_47.972884	14622	0	0
Biragzang__NODE_440_length_14622_cov_12.656964	14622	26	0
MV-4122_S12__NODE_942_length_14616_cov_43.055422	14616	0	0
MV-4122_S12__NODE_943_length_14612_cov_56.221955	14612	10	0
MV-4125_S18__NODE_694_length_14611_cov_7.370363	14611	0	0
MV-4125_S18__NODE_695_length_14610_cov_22.379801	14610	0	0
MV-4128_S29__NODE_399_length_14606_cov_25.889561	14606	0	0
MV-4122_S12__NODE_944_length_14602_cov_27.526225	14602	0	0
MV-4122_S12__NODE_945_length_14602_cov_23.188424	14602	0	0
MV-4125_S18__NODE_696_length_14597_cov_29.210631	14597	0	0
MV-4122_S12__NODE_946_length_14596_cov_224.251289	14596	0	0
Biragzang__NODE_441_length_14587_cov_98.220341	14587	0	0
Biragzang__NODE_442_length_14571_cov_9.984638	14571	782	0
cell-4122-0-44_S10__NODE_107_length_14566_cov_19.721659	14566	0	0
Biragzang__NODE_443_length_14563_cov_29.495520	14563	212	0
MV-4122_S12__NODE_947_length_14561_cov_36.118503	14561	0	0
Biragzang__NODE_444_length_14557_cov_39.231141	14557	293	0
Biragzang__NODE_445_length_14557_cov_10.882154	14557	0	0
MV-4122_S12__NODE_948_length_14551_cov_44.090508	14551	0	0
Biragzang__NODE_446_length_14548_cov_47.719589	14548	536	0
Biragzang__NODE_447_length_14547_cov_7.808308	14547	0	0
MV-4122_S12__NODE_949_length_14545_cov_17.426570	14545	0	0
cell-4125-0-44_S16__NODE_25_length_14537_cov_14.780141	14537	2	0
cell-4125-0-44_S16__NODE_26_length_14536_cov_9.796975	14536	2	0
MV-4122_S12__NODE_950_length_14523_cov_54.903304	14523	0	0
MV-4128_S29__NODE_402_length_14521_cov_27.690377	14521	0	0
Biragzang__NODE_448_length_14519_cov_32.907702	14519	0	0
Biragzang__NODE_449_length_14514_cov_7.921156	14514	92	0
Biragzang__NODE_450_length_14512_cov_55.306357	14512	9	0
Biragzang__NODE_451_length_14505_cov_12.403183	14505	16	0
MV-4125_S18__NODE_699_length_14504_cov_25.586061	14504	2	0
MV-4128_S29__NODE_403_length_14503_cov_21.960064	14503	0	0
Biragzang__NODE_452_length_14491_cov_35.449293	14491	0	0
Biragzang__NODE_453_length_14484_cov_24.174648	14484	0	0
MV-4122_S12__NODE_952_length_14475_cov_49.687101	14475	0	0
Biragzang__NODE_454_length_14473_cov_14.226453	14473	22	0
cell-4125-0-44_S16__NODE_27_length_14471_cov_10.552511	14471	6	0
MV-4128_S29__NODE_404_length_14466_cov_26.642426	14466	0	0
Biragzang__NODE_455_length_14459_cov_54.813385	14459	0	0
MV-4122_S12__NODE_953_length_14459_cov_11.942933	14459	0	0
MV-4128_S29__NODE_405_length_14459_cov_20.019994	14459	0	0
MV-4122_S12__NODE_954_length_14458_cov_30.502812	14458	0	0
Biragzang__NODE_456_length_14455_cov_12.295694	14455	24	0
Biragzang__NODE_457_length_14446_cov_11.174415	14446	0	0
Biragzang__NODE_458_length_14444_cov_10.382028	14444	0	0
cell-4122-0-44_S10__NODE_108_length_14433_cov_45.871609	14433	0	0
MV-4122_S12__NODE_955_length_14429_cov_12.971615	14429	0	0
MV-4122_S12__NODE_956_length_14424_cov_10.083513	14424	0	0
MV-4128_S29__NODE_406_length_14419_cov_35.144598	14419	0	0
MV-4122_S12__NODE_957_length_14417_cov_22.466927	14417	0	0
Biragzang__NODE_459_length_14413_cov_45.537679	14413	0	0
cell-4122-0-44_S10__NODE_109_length_14409_cov_432.549046	14409	0	0
MV-4122_S12__NODE_958_length_14401_cov_8.542869	14401	0	0
cell-4125-0-44_S16__NODE_28_length_14396_cov_9.277317	14396	6	0
Biragzang__NODE_460_length_14389_cov_12.427515	14389	5	0
Biragzang__NODE_461_length_14384_cov_13.100077	14384	0	0
MV-4125_S18__NODE_703_length_14382_cov_27.038040	14382	8	0
MV-4128_S29__NODE_407_length_14378_cov_24.126161	14378	0	0
MV-4125_S18__NODE_704_length_14377_cov_71.901829	14377	0	0
Biragzang__NODE_462_length_14371_cov_46.196004	14371	3	0
Biragzang__NODE_463_length_14366_cov_19.928027	14366	0	0
Biragzang__NODE_464_length_14365_cov_47.386233	14365	0	0
MV-4125_S18__NODE_705_length_14365_cov_31.079175	14365	0	0
Biragzang__NODE_465_length_14358_cov_33.958470	14358	51	0
MV-4122_S12__NODE_959_length_14358_cov_14.241628	14358	0	0
Biragzang__NODE_466_length_14357_cov_6.621871	14357	0	0
MV-4128_S29__NODE_408_length_14353_cov_24.218282	14353	0	0
MV-4122_S12__NODE_960_length_14350_cov_48.197412	14350	0	0
MV-4122_S12__NODE_961_length_14345_cov_26.415955	14345	0	0
cell-4125-0-44_S16__NODE_29_length_14344_cov_8.461404	14344	2	0
MV-4122_S12__NODE_963_length_14338_cov_82.043338	14338	2	0
MV-4128_S29__NODE_410_length_14332_cov_19.004273	14332	0	0
Biragzang__NODE_467_length_14322_cov_72.468984	14322	0	0
MV-4122_S12__NODE_964_length_14311_cov_12.796857	14311	0	0
MV-4128_S29__NODE_411_length_14309_cov_16.962537	14309	0	0
MV-4125_S18__NODE_709_length_14308_cov_7.950326	14308	0	0
cell-4125-0-44_S16__NODE_30_length_14304_cov_10.366201	14304	8	0
MV-4122_S12__NODE_965_length_14303_cov_12.641072	14303	0	0
MV-4122_S12__NODE_966_length_14302_cov_72.704710	14302	1	0
MV-4122_S12__NODE_967_length_14299_cov_53.229430	14299	0	0
MV-4122_S12__NODE_968_length_14295_cov_33.865941	14295	0	0
Biragzang__NODE_468_length_14291_cov_13.922310	14291	45	0
MV-4128_S29__NODE_413_length_14291_cov_27.331413	14291	0	0
cell-4122-0-44_S10__NODE_110_length_14291_cov_1190.374965	14291	1	0
Biragzang__NODE_469_length_14290_cov_15.052828	14290	1202	0
Biragzang__NODE_470_length_14288_cov_7.746856	14288	75	0
MV-4125_S18__NODE_713_length_14286_cov_15.422950	14286	0	0
Biragzang__NODE_471_length_14285_cov_43.756852	14285	246	0
Biragzang__NODE_472_length_14283_cov_12.051940	14283	8	0
Biragzang__NODE_473_length_14283_cov_10.382626	14283	30	0
MV-4128_S29__NODE_414_length_14281_cov_18.583017	14281	0	0
cell-4125-0-44_S16__NODE_31_length_14279_cov_8.300197	14279	0	0
MV-4125_S18__NODE_714_length_14274_cov_32.326324	14274	0	0
cell-4122-0-44_S10__NODE_111_length_14274_cov_42.843730	14274	0	0
MV-4122_S12__NODE_969_length_14264_cov_37.553382	14264	0	0
MV-4125_S18__NODE_716_length_14264_cov_27.713632	14264	0	0
MV-4128_S29__NODE_415_length_14263_cov_12.488668	14263	0	0
MV-4122_S12__NODE_970_length_14261_cov_24.980783	14261	0	0
MV-4128_S29__NODE_416_length_14261_cov_27.649374	14261	0	0
MV-4125_S18__NODE_717_length_14259_cov_34.057941	14259	0	0
cell-4125-0-44_S16__NODE_32_length_14247_cov_10.468926	14247	2	0
MV-4125_S18__NODE_719_length_14232_cov_6.667419	14232	0	0
MV-4122_S12__NODE_972_length_14227_cov_24.091871	14227	0	0
MV-4128_S29__NODE_417_length_14223_cov_14.035503	14223	0	0
MV-4122_S12__NODE_973_length_14218_cov_28.107039	14218	0	0
MV-4122_S12__NODE_974_length_14213_cov_40.167750	14213	0	0
MV-4122_S12__NODE_975_length_14213_cov_11.003743	14213	0	0
Biragzang__NODE_474_length_14211_cov_49.056231	14211	0	0
Biragzang__NODE_475_length_14202_cov_10.687213	14202	895	0
MV-4122_S12__NODE_976_length_14201_cov_47.420048	14201	0	0
Biragzang__NODE_476_length_14198_cov_56.688044	14198	0	0
MV-4128_S29__NODE_418_length_14198_cov_13.998657	14198	0	0
Biragzang__NODE_477_length_14195_cov_11.303890	14195	11	0
MV-4122_S12__NODE_977_length_14189_cov_58.169450	14189	0	0
MV-4122_S12__NODE_978_length_14189_cov_10.078959	14189	0	0
Biragzang__NODE_478_length_14188_cov_16.461473	14188	1365	0
Biragzang__NODE_479_length_14181_cov_32.265185	14181	42	0
MV-4122_S12__NODE_979_length_14181_cov_8.661829	14181	0	0
cell-4122-0-44_S10__NODE_112_length_14178_cov_66.577427	14178	0	0
MV-4122_S12__NODE_980_length_14175_cov_27.854178	14175	0	0
MV-4122_S12__NODE_981_length_14170_cov_25.369961	14170	0	0
MV-4122_S12__NODE_982_length_14169_cov_65.398115	14169	2	0
Biragzang__NODE_480_length_14164_cov_11.993125	14164	54	0
MV-4122_S12__NODE_983_length_14164_cov_8.258913	14164	0	0
Biragzang__NODE_481_length_14153_cov_9.886863	14153	12	0
MV-4122_S12__NODE_985_length_14149_cov_73.931886	14149	2	0
MV-4125_S18__NODE_723_length_14135_cov_23.989844	14135	0	0
MV-4122_S12__NODE_986_length_14134_cov_12.305419	14134	0	0
MV-4122_S12__NODE_987_length_14117_cov_23.724577	14117	0	0
MV-4125_S18__NODE_724_length_14115_cov_6.988620	14115	0	0
cell-4125-0-44_S16__NODE_33_length_14104_cov_10.062994	14104	2	0
MV-4122_S12__NODE_988_length_14100_cov_64.840085	14100	2	0
Biragzang__NODE_482_length_14095_cov_36.472009	14095	0	0
MV-4122_S12__NODE_989_length_14095_cov_10.716524	14095	0	0
MV-4125_S18__NODE_725_length_14076_cov_250.955923	14076	0	0
MV-4122_S12__NODE_990_length_14059_cov_11.302057	14059	0	0
Biragzang__NODE_483_length_14058_cov_14.117046	14058	1159	0
Biragzang__NODE_484_length_14053_cov_51.726247	14053	480	0
MV-4122_S12__NODE_991_length_14048_cov_25.922747	14048	0	0
Biragzang__NODE_485_length_14046_cov_46.121221	14046	0	0
MV-4122_S12__NODE_992_length_14044_cov_50.138823	14044	0	0
MV-4128_S29__NODE_420_length_14037_cov_14.699971	14037	0	0
MV-4128_S29__NODE_421_length_14030_cov_24.098891	14030	0	0
Biragzang__NODE_486_length_14026_cov_10.128194	14026	0	0
MV-4122_S12__NODE_994_length_14023_cov_26.652348	14023	3	0
cell-4122-0-44_S10__NODE_113_length_14022_cov_55.429011	14022	0	0
MV-4122_S12__NODE_995_length_14021_cov_12.453888	14021	0	0
MV-4128_S29__NODE_422_length_14021_cov_8.233710	14021	18	0
Biragzang__NODE_487_length_14008_cov_35.654985	14008	0	0
MV-4125_S18__NODE_729_length_14002_cov_29.195383	14002	0	0
cell-4125-0-44_S16__NODE_34_length_13996_cov_10.299763	13996	2	0
Biragzang__NODE_488_length_13990_cov_46.664657	13990	501	0
Biragzang__NODE_489_length_13988_cov_9.488193	13988	20	0
MV-4122_S12__NODE_996_length_13986_cov_70.693776	13986	2	0
cell-4122-0-44_S10__NODE_114_length_13985_cov_18.165183	13985	0	0
MV-4122_S12__NODE_997_length_13984_cov_46.063824	13984	0	0
cell-4122-0-44_S10__NODE_115_length_13983_cov_58.597430	13983	0	0
Biragzang__NODE_490_length_13976_cov_34.574097	13976	257	0
Biragzang__NODE_491_length_13973_cov_6.888346	13973	0	0
cell-4125-0-44_S16__NODE_35_length_13972_cov_9.611626	13972	4	0
MV-4122_S12__NODE_998_length_13971_cov_12.110808	13971	0	0
Biragzang__NODE_492_length_13969_cov_11.305232	13969	828	0
cell-4122-0-44_S10__NODE_116_length_13967_cov_12.299885	13967	0	0
cell-4122-0-44_S10__NODE_117_length_13964_cov_14.839744	13964	0	0
MV-4125_S18__NODE_730_length_13955_cov_49.059281	13955	0	0
MV-4125_S18__NODE_731_length_13955_cov_17.149568	13955	0	0
MV-4125_S18__NODE_732_length_13952_cov_22.756062	13952	1	0
MV-4125_S18__NODE_733_length_13949_cov_6.779545	13949	0	0
MV-4125_S18__NODE_734_length_13947_cov_17.848834	13947	0	0
Biragzang__NODE_493_length_13941_cov_39.717197	13941	0	0
MV-4122_S12__NODE_1000_length_13935_cov_6.888112	13935	0	0
Biragzang__NODE_494_length_13929_cov_45.742108	13929	0	0
MV-4125_S18__NODE_736_length_13926_cov_25.203951	13926	0	0
MV-4128_S29__NODE_423_length_13925_cov_14.008219	13925	0	0
MV-4122_S12__NODE_1001_length_13912_cov_71.115682	13912	2	0
MV-4125_S18__NODE_738_length_13912_cov_5.902865	13912	0	0
Biragzang__NODE_495_length_13908_cov_40.420559	13908	0	0
MV-4122_S12__NODE_1002_length_13907_cov_58.825079	13907	0	0
MV-4122_S12__NODE_1005_length_13901_cov_24.856998	13901	0	0
Biragzang__NODE_496_length_13898_cov_17.881023	13898	129	0
Biragzang__NODE_497_length_13886_cov_38.791411	13886	248	0
MV-4128_S29__NODE_424_length_13886_cov_16.456945	13886	0	0
MV-4122_S12__NODE_1006_length_13881_cov_23.992912	13881	0	0
MV-4125_S18__NODE_740_length_13876_cov_18.903553	13876	0	0
MV-4122_S12__NODE_1007_length_13868_cov_8.435170	13868	0	0
MV-4128_S29__NODE_425_length_13861_cov_20.384108	13861	0	0
MV-4125_S18__NODE_742_length_13854_cov_20.201826	13854	0	0
Biragzang__NODE_498_length_13852_cov_28.414945	13852	210	0
MV-4125_S18__NODE_743_length_13852_cov_20.831558	13852	0	0
Biragzang__NODE_499_length_13847_cov_14.516676	13847	1097	0
MV-4122_S12__NODE_1009_length_13847_cov_13.822506	13847	0	0
MV-4122_S12__NODE_1010_length_13837_cov_40.105863	13837	0	0
Biragzang__NODE_500_length_13835_cov_10.639115	13835	0	0
MV-4122_S12__NODE_1011_length_13832_cov_12.890905	13832	0	0
MV-4125_S18__NODE_744_length_13818_cov_20.833103	13818	0	0
Biragzang__NODE_501_length_13815_cov_8.489244	13815	85	0
Biragzang__NODE_502_length_13812_cov_10.324489	13812	0	0
MV-4122_S12__NODE_1013_length_13811_cov_235.286566	13811	0	0
MV-4122_S12__NODE_1014_length_13807_cov_9.782359	13807	0	0
MV-4122_S12__NODE_1015_length_13802_cov_12.568342	13802	0	0
MV-4122_S12__NODE_1016_length_13796_cov_19.406666	13796	0	0
MV-4128_S29__NODE_427_length_13785_cov_23.777349	13785	4	0
MV-4128_S29__NODE_428_length_13783_cov_12.705638	13783	0	0
MV-4122_S12__NODE_1017_length_13782_cov_7.883733	13782	0	0
MV-4122_S12__NODE_1018_length_13770_cov_149.572731	13770	0	0
MV-4128_S29__NODE_429_length_13766_cov_24.397199	13766	0	0
Biragzang__NODE_503_length_13758_cov_10.675691	13758	22	0
MV-4125_S18__NODE_748_length_13752_cov_8.727459	13752	0	0
MV-4122_S12__NODE_1019_length_13747_cov_8.391469	13747	0	0
Biragzang__NODE_504_length_13737_cov_10.079301	13737	22	0
MV-4125_S18__NODE_749_length_13730_cov_27.501060	13730	0	0
MV-4125_S18__NODE_750_length_13719_cov_22.185817	13719	0	0
MV-4125_S18__NODE_752_length_13719_cov_7.172717	13719	0	0
MV-4122_S12__NODE_1020_length_13716_cov_28.248957	13716	0	0
Biragzang__NODE_505_length_13714_cov_12.608244	13714	40	0
MV-4122_S12__NODE_1021_length_13714_cov_21.167509	13714	0	0
cell-4122-0-44_S10__NODE_118_length_13713_cov_42.899985	13713	0	0
MV-4125_S18__NODE_753_length_13711_cov_7.581429	13711	0	0
Biragzang__NODE_506_length_13708_cov_12.303303	13708	8	0
Biragzang__NODE_507_length_13707_cov_45.338705	13707	457	0
Biragzang__NODE_508_length_13706_cov_32.604791	13706	205	0
Biragzang__NODE_509_length_13700_cov_38.019494	13700	2	0
MV-4125_S18__NODE_754_length_13698_cov_20.319578	13698	0	0
MV-4128_S29__NODE_430_length_13697_cov_13.122123	13697	0	0
MV-4128_S29__NODE_431_length_13692_cov_28.453252	13692	0	0
MV-4125_S18__NODE_755_length_13690_cov_6.027356	13690	0	0
Biragzang__NODE_510_length_13688_cov_23.181691	13688	49	0
MV-4122_S12__NODE_1024_length_13682_cov_11.978352	13682	0	0
MV-4122_S12__NODE_1025_length_13675_cov_53.518502	13675	0	0
MV-4122_S12__NODE_1026_length_13670_cov_72.964745	13670	0	0
MV-4122_S12__NODE_1027_length_13669_cov_31.145071	13669	0	0
MV-4122_S12__NODE_1028_length_13663_cov_24.009553	13663	0	0
Biragzang__NODE_511_length_13660_cov_13.501507	13660	26	0
MV-4125_S18__NODE_758_length_13651_cov_21.059797	13651	0	0
MV-4125_S18__NODE_760_length_13646_cov_29.258038	13646	0	0
Biragzang__NODE_512_length_13634_cov_50.748509	13634	0	0
MV-4125_S18__NODE_762_length_13634_cov_23.465130	13634	2	0
MV-4125_S18__NODE_763_length_13631_cov_22.590012	13631	0	0
MV-4125_S18__NODE_764_length_13631_cov_17.162345	13631	0	0
MV-4128_S29__NODE_432_length_13631_cov_29.178845	13631	0	0
cell-4122-0-44_S10__NODE_119_length_13630_cov_48.605746	13630	0	0
MV-4125_S18__NODE_765_length_13625_cov_25.559764	13625	0	0
MV-4122_S12__NODE_1030_length_13620_cov_11.842978	13620	0	0
cell-4122-0-44_S10__NODE_120_length_13614_cov_82.799100	13614	0	0
cell-4125-0-22_S17__NODE_1_length_13610_cov_8.858945	13610	0	0
MV-4122_S12__NODE_1031_length_13608_cov_8.992843	13608	0	0
MV-4128_S29__NODE_433_length_13605_cov_26.973727	13605	0	0
MV-4122_S12__NODE_1032_length_13604_cov_38.728172	13604	0	0
MV-4122_S12__NODE_1033_length_13601_cov_41.464491	13601	0	0
Biragzang__NODE_513_length_13600_cov_26.928977	13600	217	0
Biragzang__NODE_514_length_13599_cov_32.606394	13599	0	0
MV-4122_S12__NODE_1034_length_13598_cov_10.504910	13598	0	0
MV-4122_S12__NODE_1035_length_13593_cov_20.630300	13593	0	0
MV-4122_S12__NODE_1036_length_13588_cov_12.182443	13588	0	0
MV-4122_S12__NODE_1037_length_13579_cov_41.312999	13579	0	0
MV-4122_S12__NODE_1038_length_13577_cov_65.513829	13577	4	0
MV-4125_S18__NODE_766_length_13575_cov_22.272115	13575	0	0
MV-4128_S29__NODE_434_length_13573_cov_30.315949	13573	0	0
Biragzang__NODE_515_length_13572_cov_9.341570	13572	6	0
MV-4125_S18__NODE_767_length_13570_cov_21.910766	13570	0	0
MV-4125_S18__NODE_768_length_13563_cov_28.027465	13563	0	0
cell-4125-0-44_S16__NODE_36_length_13559_cov_12.248963	13559	6	0
MV-4122_S12__NODE_1039_length_13557_cov_95.165605	13557	0	0
MV-4125_S18__NODE_769_length_13557_cov_19.355577	13557	0	0
cell-4122-0-44_S10__NODE_121_length_13555_cov_52.109556	13555	0	0
Biragzang__NODE_516_length_13542_cov_12.417736	13542	958	0
MV-4128_S29__NODE_435_length_13531_cov_16.288736	13531	0	0
MV-4122_S12__NODE_1040_length_13529_cov_59.973653	13529	0	0
cell-4125-0-44_S16__NODE_37_length_13526_cov_7.166357	13526	0	0
Biragzang__NODE_517_length_13520_cov_50.743632	13520	0	0
MV-4128_S29__NODE_436_length_13520_cov_23.608838	13520	0	0
cell-4122-0-44_S10__NODE_122_length_13520_cov_40.768288	13520	0	0
MV-4125_S18__NODE_773_length_13516_cov_8.063443	13516	0	0
MV-4125_S18__NODE_777_length_13478_cov_7.462639	13478	0	0
MV-4125_S18__NODE_778_length_13472_cov_23.844749	13472	2	0
Biragzang__NODE_518_length_13467_cov_62.416194	13467	0	0
Biragzang__NODE_519_length_13467_cov_10.833433	13467	0	0
MV-4125_S18__NODE_779_length_13465_cov_20.960030	13465	0	0
Biragzang__NODE_520_length_13463_cov_6.348523	13463	0	0
MV-4128_S29__NODE_437_length_13460_cov_12.488922	13460	0	0
Biragzang__NODE_521_length_13454_cov_10.936861	13454	22	0
Biragzang__NODE_522_length_13451_cov_43.860257	13451	0	0
Biragzang__NODE_523_length_13448_cov_46.149332	13448	2	0
MV-4122_S12__NODE_1042_length_13446_cov_5.198790	13446	0	0
MV-4125_S18__NODE_780_length_13446_cov_22.127548	13446	0	0
Biragzang__NODE_524_length_13442_cov_10.643908	13442	0	0
Biragzang__NODE_525_length_13437_cov_11.842326	13437	34	0
Biragzang__NODE_526_length_13427_cov_46.908017	13427	418	0
Biragzang__NODE_527_length_13423_cov_22.842160	13423	0	0
MV-4125_S18__NODE_781_length_13417_cov_19.430400	13417	0	0
MV-4122_S12__NODE_1044_length_13416_cov_59.785345	13416	0	0
MV-4122_S12__NODE_1045_length_13415_cov_32.103743	13415	0	0
Biragzang__NODE_528_length_13413_cov_40.478664	13413	0	0
MV-4122_S12__NODE_1046_length_13408_cov_80.089119	13408	2	0
MV-4128_S29__NODE_438_length_13406_cov_16.790802	13406	0	0
cell-4122-0-44_S10__NODE_123_length_13394_cov_12.520054	13394	0	0
Biragzang__NODE_529_length_13392_cov_52.500637	13392	440	0
cell-4122-0-44_S10__NODE_124_length_13389_cov_13.500225	13389	0	0
MV-4122_S12__NODE_1047_length_13382_cov_11.962407	13382	0	0
MV-4122_S12__NODE_1048_length_13380_cov_22.552345	13380	0	0
cell-4122-0-44_S10__NODE_125_length_13376_cov_612.034757	13376	0	0
MV-4122_S12__NODE_1049_length_13375_cov_8.685210	13375	0	0
MV-4128_S29__NODE_440_length_13370_cov_14.716110	13370	0	0
MV-4122_S12__NODE_1050_length_13369_cov_42.024335	13369	0	0
Biragzang__NODE_530_length_13362_cov_46.205305	13362	277	0
MV-4122_S12__NODE_1051_length_13360_cov_59.537918	13360	0	0
MV-4128_S29__NODE_441_length_13358_cov_20.706157	13358	0	0
MV-4122_S12__NODE_1052_length_13355_cov_81.601805	13355	2	0
MV-4122_S12__NODE_1053_length_13352_cov_21.476348	13352	0	0
MV-4128_S29__NODE_442_length_13350_cov_25.635051	13350	0	0
Biragzang__NODE_531_length_13344_cov_36.970953	13344	280	0
MV-4122_S12__NODE_1055_length_13344_cov_52.694710	13344	0	0
Biragzang__NODE_532_length_13336_cov_39.725774	13336	0	0
Biragzang__NODE_533_length_13333_cov_45.183913	13333	0	0
MV-4122_S12__NODE_1056_length_13331_cov_9.739831	13331	0	0
Biragzang__NODE_534_length_13330_cov_9.932655	13330	3	0
MV-4128_S29__NODE_443_length_13329_cov_24.689543	13329	0	0
Biragzang__NODE_535_length_13324_cov_18.745120	13324	22	0
MV-4122_S12__NODE_1057_length_13322_cov_33.722394	13322	0	0
MV-4122_S12__NODE_1058_length_13322_cov_31.891309	13322	0	0
MV-4122_S12__NODE_1059_length_13317_cov_11.812095	13317	0	0
Biragzang__NODE_536_length_13313_cov_10.061321	13313	22	0
MV-4122_S12__NODE_1060_length_13313_cov_24.874717	13313	0	0
Biragzang__NODE_537_length_13307_cov_11.333459	13307	22	0
Biragzang__NODE_538_length_13305_cov_14.740453	13305	0	0
Biragzang__NODE_539_length_13286_cov_12.150253	13286	22	0
Biragzang__NODE_540_length_13277_cov_38.672818	13277	0	0
MV-4122_S12__NODE_1061_length_13271_cov_7.887182	13271	0	0
MV-4122_S12__NODE_1062_length_13265_cov_23.742014	13265	0	0
MV-4125_S18__NODE_790_length_13261_cov_6.936165	13261	0	0
cell-4122-0-44_S10__NODE_126_length_13236_cov_16.757454	13236	0	0
Biragzang__NODE_541_length_13234_cov_16.677593	13234	0	0
MV-4125_S18__NODE_791_length_13231_cov_21.941560	13231	0	0
MV-4122_S12__NODE_1063_length_13229_cov_71.761272	13229	0	0
cell-4122-0-44_S10__NODE_127_length_13227_cov_50.879821	13227	0	0
Biragzang__NODE_542_length_13224_cov_6.626927	13224	0	0
MV-4128_S29__NODE_444_length_13216_cov_15.623661	13216	0	0
MV-4122_S12__NODE_1064_length_13214_cov_12.328444	13214	0	0
MV-4122_S12__NODE_1065_length_13211_cov_11.595242	13211	0	0
MV-4128_S29__NODE_445_length_13211_cov_17.078747	13211	0	0
MV-4125_S18__NODE_793_length_13205_cov_21.530646	13205	4	0
MV-4125_S18__NODE_794_length_13204_cov_7.339417	13204	0	0
cell-4122-0-44_S10__NODE_128_length_13199_cov_383.144020	13199	0	0
cell-4122-0-44_S10__NODE_129_length_13198_cov_35.423952	13198	0	0
MV-4122_S12__NODE_1066_length_13195_cov_9.719863	13195	0	0
cell-4125-0-44_S16__NODE_39_length_13195_cov_10.382192	13195	16	0
MV-4122_S12__NODE_1067_length_13189_cov_10.451348	13189	0	0
Biragzang__NODE_543_length_13176_cov_10.679293	13176	24	0
Biragzang__NODE_544_length_13175_cov_14.813034	13175	1100	0
MV-4122_S12__NODE_1068_length_13175_cov_12.650152	13175	0	0
MV-4122_S12__NODE_1069_length_13171_cov_36.742986	13171	0	0
Biragzang__NODE_545_length_13164_cov_34.171180	13164	0	0
MV-4125_S18__NODE_796_length_13160_cov_7.244105	13160	0	0
MV-4125_S18__NODE_797_length_13154_cov_29.691121	13154	0	0
Biragzang__NODE_546_length_13153_cov_12.574210	13153	0	0
Biragzang__NODE_547_length_13152_cov_40.091929	13152	287	0
MV-4122_S12__NODE_1070_length_13151_cov_25.828115	13151	0	0
MV-4125_S18__NODE_798_length_13149_cov_26.651978	13149	0	0
MV-4122_S12__NODE_1071_length_13147_cov_43.793080	13147	0	0
cell-4122-0-44_S10__NODE_130_length_13147_cov_15.537427	13147	0	0
Biragzang__NODE_548_length_13141_cov_7.099190	13141	0	0
MV-4122_S12__NODE_1072_length_13141_cov_26.541571	13141	0	0
MV-4122_S12__NODE_1073_length_13140_cov_19.780206	13140	0	0
MV-4125_S18__NODE_800_length_13135_cov_28.321865	13135	0	0
Biragzang__NODE_549_length_13131_cov_8.746788	13131	62	0
MV-4128_S29__NODE_446_length_13127_cov_16.190254	13127	0	0
MV-4125_S18__NODE_801_length_13126_cov_22.861602	13126	0	0
Biragzang__NODE_550_length_13125_cov_12.328615	13125	29	0
Biragzang__NODE_551_length_13124_cov_10.806259	13124	22	0
Biragzang__NODE_552_length_13122_cov_10.480370	13122	30	0
Biragzang__NODE_553_length_13117_cov_42.783111	13117	0	0
Biragzang__NODE_554_length_13116_cov_11.654850	13116	30	0
MV-4122_S12__NODE_1074_length_13113_cov_26.652627	13113	0	0
MV-4128_S29__NODE_447_length_13112_cov_12.965076	13112	0	0
Biragzang__NODE_555_length_13111_cov_10.391238	13111	0	0
MV-4128_S29__NODE_448_length_13107_cov_14.095694	13107	0	0
MV-4125_S18__NODE_803_length_13105_cov_27.961762	13105	0	0
MV-4125_S18__NODE_805_length_13099_cov_23.643898	13099	0	0
Biragzang__NODE_556_length_13098_cov_50.890593	13098	442	0
MV-4122_S12__NODE_1075_length_13097_cov_8.505597	13097	0	0
MV-4128_S29__NODE_449_length_13094_cov_28.003605	13094	2	0
MV-4122_S12__NODE_1076_length_13090_cov_10.651937	13090	0	0
MV-4122_S12__NODE_1077_length_13084_cov_43.529665	13084	0	0
MV-4128_S29__NODE_450_length_13079_cov_12.067030	13079	0	0
Biragzang__NODE_557_length_13073_cov_18.674681	13073	0	0
MV-4128_S29__NODE_451_length_13071_cov_27.968423	13071	0	0
MV-4128_S29__NODE_452_length_13068_cov_24.773380	13068	0	0
Biragzang__NODE_558_length_13066_cov_67.689570	13066	0	0
MV-4128_S29__NODE_453_length_13066_cov_20.865422	13066	0	0
Biragzang__NODE_559_length_13063_cov_10.376153	13063	803	0
MV-4122_S12__NODE_1078_length_13061_cov_10.627941	13061	3	0
MV-4125_S18__NODE_808_length_13061_cov_23.918345	13061	0	0
Biragzang__NODE_560_length_13059_cov_10.413488	13059	2	0
MV-4125_S18__NODE_809_length_13058_cov_6.951550	13058	0	0
MV-4128_S29__NODE_454_length_13057_cov_14.546147	13057	0	0
Biragzang__NODE_561_length_13049_cov_35.546252	13049	0	0
Biragzang__NODE_562_length_13043_cov_36.202495	13043	2	0
MV-4122_S12__NODE_1079_length_13037_cov_30.563704	13037	0	0
MV-4128_S29__NODE_455_length_13030_cov_23.573410	13030	0	0
MV-4122_S12__NODE_1081_length_13029_cov_68.679667	13029	0	0
cell-4122-0-44_S10__NODE_131_length_13028_cov_424.197718	13028	0	0
cell-4122-0-44_S10__NODE_132_length_13024_cov_15.519392	13024	0	0
MV-4122_S12__NODE_1082_length_13017_cov_189.893921	13017	0	0
MV-4125_S18__NODE_810_length_13017_cov_23.951628	13017	0	0
Biragzang__NODE_563_length_13003_cov_36.395660	13003	271	0
Biragzang__NODE_564_length_13000_cov_12.598532	13000	948	0
Biragzang__NODE_565_length_12994_cov_25.029446	12994	0	0
Biragzang__NODE_566_length_12986_cov_10.625938	12986	0	0
MV-4125_S18__NODE_811_length_12985_cov_25.036195	12985	0	0
Biragzang__NODE_567_length_12978_cov_10.538420	12978	0	0
MV-4125_S18__NODE_814_length_12964_cov_8.637927	12964	0	0
MV-4128_S29__NODE_456_length_12964_cov_12.526687	12964	0	0
MV-4122_S12__NODE_1083_length_12958_cov_14.512439	12958	0	0
MV-4128_S29__NODE_457_length_12956_cov_25.914968	12956	0	0
cell-4125-0-44_S16__NODE_40_length_12954_cov_10.670129	12954	8	0
Biragzang__NODE_568_length_12940_cov_42.928133	12940	2	0
MV-4125_S18__NODE_815_length_12933_cov_52.590309	12933	0	0
Biragzang__NODE_569_length_12931_cov_6.428627	12931	0	0
cell-4125-0-44_S16__NODE_41_length_12930_cov_7.914563	12930	0	0
Biragzang__NODE_570_length_12923_cov_38.891669	12923	1	0
Biragzang__NODE_571_length_12921_cov_14.350459	12921	0	0
MV-4125_S18__NODE_817_length_12916_cov_18.925822	12916	0	0
MV-4122_S12__NODE_1084_length_12915_cov_13.032193	12915	0	0
Biragzang__NODE_572_length_12914_cov_6.532234	12914	0	0
MV-4122_S12__NODE_1085_length_12908_cov_45.355014	12908	0	0
Biragzang__NODE_573_length_12905_cov_11.741634	12905	34	0
Biragzang__NODE_574_length_12902_cov_71.427181	12902	0	0
MV-4122_S12__NODE_1086_length_12884_cov_47.864915	12884	0	0
cell-4122-0-44_S10__NODE_133_length_12879_cov_772.161650	12879	0	0
MV-4122_S12__NODE_1087_length_12875_cov_7.929563	12875	0	0
MV-4125_S18__NODE_821_length_12869_cov_20.621664	12869	6	0
MV-4122_S12__NODE_1088_length_12867_cov_18.100375	12867	0	0
Biragzang__NODE_575_length_12858_cov_14.485824	12858	12	0
MV-4122_S12__NODE_1089_length_12858_cov_43.578692	12858	0	0
MV-4125_S18__NODE_822_length_12857_cov_7.627168	12857	0	0
Biragzang__NODE_576_length_12855_cov_43.243906	12855	2	0
cell-4122-0-44_S10__NODE_134_length_12855_cov_15.301406	12855	0	0
MV-4128_S29__NODE_458_length_12852_cov_20.886380	12852	0	0
MV-4122_S12__NODE_1090_length_12839_cov_23.089096	12839	0	0
cell-4125-0-44_S16__NODE_42_length_12836_cov_10.460762	12836	4	0
MV-4125_S18__NODE_825_length_12825_cov_23.940094	12825	0	0
cell-4122-0-44_S10__NODE_135_length_12816_cov_17.153436	12816	0	0
MV-4125_S18__NODE_827_length_12804_cov_15.293278	12804	0	0
MV-4125_S18__NODE_828_length_12796_cov_25.031944	12796	0	0
MV-4125_S18__NODE_830_length_12788_cov_26.355611	12788	0	0
Biragzang__NODE_577_length_12786_cov_43.131412	12786	10	0
Biragzang__NODE_578_length_12778_cov_57.254736	12778	0	0
Biragzang__NODE_579_length_12775_cov_33.187186	12775	0	0
cell-4125-0-44_S16__NODE_43_length_12775_cov_10.476808	12775	0	0
Biragzang__NODE_580_length_12773_cov_11.681632	12773	2	0
Biragzang__NODE_581_length_12769_cov_11.845367	12769	22	0
MV-4125_S18__NODE_831_length_12767_cov_7.868235	12767	0	0
MV-4128_S29__NODE_459_length_12764_cov_23.376584	12764	0	0
MV-4122_S12__NODE_1091_length_12756_cov_12.309424	12756	0	0
Biragzang__NODE_582_length_12753_cov_43.974799	12753	0	0
MV-4122_S12__NODE_1092_length_12750_cov_97.691768	12750	0	0
Biragzang__NODE_583_length_12742_cov_32.240719	12742	278	0
MV-4125_S18__NODE_833_length_12739_cov_483.733917	12739	2	0
MV-4128_S29__NODE_460_length_12739_cov_45.182592	12739	0	0
MV-4125_S18__NODE_834_length_12738_cov_20.372388	12738	0	0
MV-4128_S29__NODE_462_length_12738_cov_16.021525	12738	0	0
Biragzang__NODE_584_length_12737_cov_11.464201	12737	0	0
MV-4125_S18__NODE_835_length_12737_cov_5.625848	12737	0	0
MV-4122_S12__NODE_1093_length_12735_cov_28.887618	12735	0	0
Biragzang__NODE_585_length_12724_cov_62.481648	12724	0	0
MV-4122_S12__NODE_1094_length_12724_cov_65.429710	12724	0	0
cell-4125-0-44_S16__NODE_44_length_12724_cov_10.204989	12724	2	0
MV-4128_S29__NODE_463_length_12722_cov_28.817005	12722	0	0
Biragzang__NODE_586_length_12721_cov_6.142113	12721	0	0
MV-4122_S12__NODE_1095_length_12717_cov_11.278234	12717	0	0
cell-4125-0-44_S16__NODE_45_length_12714_cov_9.676989	12714	4	0
MV-4122_S12__NODE_1096_length_12711_cov_22.794406	12711	0	0
cell-4122-0-44_S10__NODE_136_length_12708_cov_16.100688	12708	0	0
MV-4125_S18__NODE_837_length_12705_cov_9.112727	12705	0	0
MV-4128_S29__NODE_465_length_12683_cov_26.800998	12683	0	0
MV-4122_S12__NODE_1097_length_12676_cov_28.819269	12676	0	0
Biragzang__NODE_587_length_12668_cov_11.022120	12668	0	0
MV-4125_S18__NODE_840_length_12666_cov_31.116089	12666	0	0
Biragzang__NODE_588_length_12662_cov_45.715951	12662	2	0
MV-4128_S29__NODE_466_length_12654_cov_15.498373	12654	0	0
Biragzang__NODE_589_length_12647_cov_6.058370	12647	0	0
Biragzang__NODE_590_length_12645_cov_43.247657	12645	2	0
Biragzang__NODE_591_length_12641_cov_7.032894	12641	59	0
Biragzang__NODE_592_length_12637_cov_8.725640	12637	0	0
MV-4125_S18__NODE_844_length_12630_cov_17.715706	12630	0	0
MV-4122_S12__NODE_1098_length_12629_cov_49.337204	12629	0	0
Biragzang__NODE_593_length_12626_cov_37.576088	12626	290	0
Biragzang__NODE_594_length_12622_cov_47.022997	12622	0	0
Biragzang__NODE_595_length_12613_cov_44.814700	12613	0	0
Biragzang__NODE_596_length_12613_cov_33.779742	12613	0	0
MV-4122_S12__NODE_1099_length_12609_cov_64.152222	12609	0	0
MV-4128_S29__NODE_467_length_12606_cov_8.237670	12606	13	0
cell-4122-0-44_S10__NODE_137_length_12603_cov_23.918393	12603	0	0
MV-4122_S12__NODE_1100_length_12602_cov_28.188252	12602	0	0
MV-4122_S12__NODE_1101_length_12595_cov_9.797368	12595	0	0
MV-4128_S29__NODE_468_length_12594_cov_13.530824	12594	0	0
Biragzang__NODE_597_length_12588_cov_34.626985	12588	0	0
MV-4122_S12__NODE_1102_length_12588_cov_23.020665	12588	0	0
MV-4122_S12__NODE_1103_length_12577_cov_47.340201	12577	0	0
MV-4128_S29__NODE_469_length_12575_cov_24.081550	12575	0	0
Biragzang__NODE_598_length_12572_cov_51.766637	12572	0	0
Biragzang__NODE_599_length_12568_cov_37.949413	12568	0	0
MV-4122_S12__NODE_1106_length_12566_cov_10.365279	12566	0	0
Biragzang__NODE_600_length_12562_cov_11.807948	12562	32	0
MV-4125_S18__NODE_846_length_12560_cov_22.803599	12560	0	0
MV-4125_S18__NODE_847_length_12557_cov_18.512318	12557	2	0
MV-4125_S18__NODE_848_length_12556_cov_10.932405	12556	0	0
MV-4122_S12__NODE_1108_length_12553_cov_7.521443	12553	0	0
MV-4125_S18__NODE_849_length_12543_cov_25.670243	12543	0	0
Biragzang__NODE_601_length_12541_cov_11.823482	12541	26	0
MV-4122_S12__NODE_1109_length_12540_cov_37.235322	12540	1	0
Biragzang__NODE_602_length_12534_cov_11.491706	12534	0	0
Biragzang__NODE_603_length_12533_cov_39.939494	12533	0	0
MV-4122_S12__NODE_1110_length_12530_cov_13.287214	12530	0	0
MV-4122_S12__NODE_1111_length_12526_cov_23.793922	12526	0	0
cell-4122-0-44_S10__NODE_138_length_12518_cov_39.292947	12518	0	0
MV-4122_S12__NODE_1112_length_12514_cov_23.419215	12514	0	0
Biragzang__NODE_604_length_12513_cov_21.118558	12513	48	0
cell-4125-0-44_S16__NODE_46_length_12512_cov_13.275508	12512	0	0
Biragzang__NODE_605_length_12500_cov_30.300522	12500	233	0
MV-4122_S12__NODE_1115_length_12498_cov_10.141124	12498	0	0
MV-4122_S12__NODE_1116_length_12486_cov_12.612501	12486	0	0
MV-4122_S12__NODE_1117_length_12482_cov_5.536574	12482	0	0
MV-4122_S12__NODE_1118_length_12477_cov_19.096683	12477	0	0
MV-4128_S29__NODE_471_length_12468_cov_50.257150	12468	0	0
MV-4122_S12__NODE_1119_length_12467_cov_26.630599	12467	0	0
MV-4125_S18__NODE_852_length_12467_cov_7.937238	12467	0	0
MV-4128_S29__NODE_472_length_12453_cov_11.825617	12453	0	0
MV-4122_S12__NODE_1120_length_12446_cov_74.632959	12446	8	0
Biragzang__NODE_606_length_12430_cov_6.248404	12430	0	0
MV-4128_S29__NODE_473_length_12428_cov_27.959751	12428	0	0
Biragzang__NODE_607_length_12423_cov_49.783473	12423	0	0
MV-4122_S12__NODE_1123_length_12419_cov_25.465141	12419	0	0
MV-4128_S29__NODE_474_length_12416_cov_27.062697	12416	0	0
MV-4125_S18__NODE_855_length_12413_cov_21.060204	12413	0	0
MV-4122_S12__NODE_1124_length_12412_cov_26.337299	12412	0	0
Biragzang__NODE_608_length_12411_cov_6.231143	12411	0	0
Biragzang__NODE_609_length_12410_cov_11.822258	12410	0	0
cell-4122-0-44_S10__NODE_139_length_12406_cov_18.908105	12406	0	0
MV-4122_S12__NODE_1126_length_12404_cov_33.463762	12404	0	0
Biragzang__NODE_610_length_12402_cov_7.908156	12402	6	0
MV-4128_S29__NODE_475_length_12402_cov_16.027375	12402	0	0
cell-4122-0-44_S10__NODE_140_length_12399_cov_43.422634	12399	0	0
Biragzang__NODE_611_length_12396_cov_9.770602	12396	637	0
Biragzang__NODE_612_length_12394_cov_48.841154	12394	0	0
MV-4122_S12__NODE_1127_length_12393_cov_9.676447	12393	0	0
Biragzang__NODE_613_length_12386_cov_12.990755	12386	12	0
MV-4128_S29__NODE_476_length_12369_cov_15.895972	12369	0	0
MV-4125_S18__NODE_861_length_12368_cov_28.025014	12368	0	0
MV-4122_S12__NODE_1129_length_12366_cov_63.915117	12366	0	0
Biragzang__NODE_614_length_12354_cov_25.249045	12354	0	0
Biragzang__NODE_615_length_12349_cov_12.821214	12349	25	0
Biragzang__NODE_616_length_12349_cov_9.789247	12349	16	0
MV-4125_S18__NODE_864_length_12349_cov_6.127298	12349	0	0
Biragzang__NODE_617_length_12348_cov_33.569999	12348	231	0
MV-4122_S12__NODE_1130_length_12347_cov_23.880817	12347	0	0
MV-4125_S18__NODE_865_length_12346_cov_6.556586	12346	0	0
MV-4122_S12__NODE_1132_length_12343_cov_8.579020	12343	0	0
MV-4122_S12__NODE_1133_length_12340_cov_25.617908	12340	0	0
Biragzang__NODE_618_length_12338_cov_35.562322	12338	2	0
MV-4122_S12__NODE_1134_length_12334_cov_51.739963	12334	0	0
MV-4125_S18__NODE_866_length_12332_cov_29.220819	12332	0	0
MV-4125_S18__NODE_867_length_12329_cov_21.155451	12329	0	0
Biragzang__NODE_619_length_12325_cov_9.529177	12325	0	0
MV-4128_S29__NODE_477_length_12320_cov_13.659845	12320	2	0
MV-4122_S12__NODE_1137_length_12316_cov_30.541799	12316	0	0
MV-4122_S12__NODE_1138_length_12316_cov_12.742191	12316	0	0
cell-4122-0-44_S10__NODE_141_length_12301_cov_12.689613	12301	0	0
Biragzang__NODE_620_length_12300_cov_41.897999	12300	4	0
MV-4122_S12__NODE_1139_length_12299_cov_23.058151	12299	0	0
MV-4125_S18__NODE_869_length_12299_cov_6.421349	12299	0	0
Biragzang__NODE_621_length_12292_cov_10.322301	12292	0	0
cell-4122-0-44_S10__NODE_142_length_12291_cov_15.674894	12291	0	0
MV-4128_S29__NODE_478_length_12284_cov_22.964102	12284	0	0
MV-4122_S12__NODE_1140_length_12282_cov_10.275129	12282	0	0
MV-4122_S12__NODE_1141_length_12280_cov_7.795992	12280	0	0
MV-4128_S29__NODE_479_length_12278_cov_15.922278	12278	0	0
MV-4122_S12__NODE_1142_length_12276_cov_49.622371	12276	0	0
Biragzang__NODE_622_length_12273_cov_12.062694	12273	28	0
Biragzang__NODE_623_length_12270_cov_16.201228	12270	1184	0
MV-4122_S12__NODE_1143_length_12269_cov_50.090634	12269	0	0
MV-4122_S12__NODE_1144_length_12259_cov_45.187398	12259	0	0
MV-4128_S29__NODE_480_length_12258_cov_25.292469	12258	0	0
MV-4128_S29__NODE_481_length_12258_cov_23.084897	12258	1	0
MV-4125_S18__NODE_873_length_12253_cov_5.783981	12253	0	0
cell-4122-0-44_S10__NODE_143_length_12251_cov_18.265087	12251	0	0
Biragzang__NODE_624_length_12250_cov_60.321771	12250	0	0
Biragzang__NODE_625_length_12245_cov_48.824118	12245	0	0
MV-4125_S18__NODE_874_length_12240_cov_20.592860	12240	0	0
Biragzang__NODE_626_length_12239_cov_23.956418	12239	139	0
MV-4128_S29__NODE_482_length_12238_cov_20.545843	12238	0	0
MV-4122_S12__NODE_1145_length_12237_cov_23.378591	12237	0	0
Biragzang__NODE_627_length_12234_cov_9.128828	12234	57	0
MV-4122_S12__NODE_1146_length_12227_cov_13.052169	12227	0	0
MV-4125_S18__NODE_875_length_12225_cov_19.085292	12225	0	0
MV-4128_S29__NODE_483_length_12225_cov_24.478718	12225	1	0
Biragzang__NODE_628_length_12223_cov_11.258958	12223	808	0
MV-4122_S12__NODE_1147_length_12222_cov_8.330977	12222	0	0
MV-4125_S18__NODE_876_length_12222_cov_25.254212	12222	0	0
MV-4125_S18__NODE_877_length_12221_cov_7.418461	12221	0	0
MV-4122_S12__NODE_1148_length_12219_cov_41.230023	12219	0	0
cell-4122-0-44_S10__NODE_144_length_12214_cov_14.718809	12214	0	0
cell-4125-0-44_S16__NODE_51_length_12209_cov_7.699029	12209	0	0
MV-4125_S18__NODE_878_length_12200_cov_21.787073	12200	0	0
Biragzang__NODE_629_length_12193_cov_54.669962	12193	524	0
MV-4122_S12__NODE_1149_length_12191_cov_44.521012	12191	0	0
MV-4122_S12__NODE_1150_length_12183_cov_9.351006	12183	0	0
MV-4125_S18__NODE_879_length_12181_cov_21.710045	12181	0	0
Biragzang__NODE_630_length_12180_cov_48.320330	12180	406	0
MV-4125_S18__NODE_880_length_12179_cov_7.263362	12179	0	0
cell-4122-0-44_S10__NODE_145_length_12179_cov_43.463461	12179	0	0
MV-4122_S12__NODE_1151_length_12177_cov_24.973519	12177	0	0
MV-4122_S12__NODE_1152_length_12177_cov_10.834928	12177	0	0
MV-4122_S12__NODE_1153_length_12177_cov_9.458010	12177	0	0
MV-4125_S18__NODE_881_length_12173_cov_30.179898	12173	0	0
Biragzang__NODE_631_length_12172_cov_9.059751	12172	4	0
MV-4125_S18__NODE_882_length_12170_cov_6.841106	12170	0	0
MV-4122_S12__NODE_1154_length_12166_cov_8.913054	12166	0	0
MV-4122_S12__NODE_1155_length_12165_cov_43.675227	12165	0	0
MV-4128_S29__NODE_484_length_12165_cov_15.462180	12165	0	0
Biragzang__NODE_632_length_12159_cov_56.346827	12159	6	0
MV-4122_S12__NODE_1156_length_12154_cov_23.582197	12154	2	0
MV-4128_S29__NODE_485_length_12154_cov_24.614183	12154	0	0
MV-4128_S29__NODE_486_length_12151_cov_15.603092	12151	0	0
Biragzang__NODE_633_length_12150_cov_8.866970	12150	70	0
MV-4125_S18__NODE_883_length_12150_cov_21.582141	12150	0	0
MV-4122_S12__NODE_1157_length_12145_cov_23.433912	12145	0	0
Biragzang__NODE_634_length_12138_cov_63.766366	12138	0	0
cell-4122-0-44_S10__NODE_146_length_12136_cov_12.455426	12136	0	0
Biragzang__NODE_635_length_12133_cov_49.870591	12133	420	0
MV-4122_S12__NODE_1158_length_12131_cov_12.337777	12131	0	0
MV-4125_S18__NODE_884_length_12131_cov_7.416611	12131	0	0
MV-4122_S12__NODE_1159_length_12129_cov_64.274226	12129	0	0
MV-4128_S29__NODE_487_length_12127_cov_26.384940	12127	0	0
MV-4122_S12__NODE_1160_length_12117_cov_8.044520	12117	0	0
Biragzang__NODE_636_length_12111_cov_12.128235	12111	26	0
cell-4125-0-44_S16__NODE_52_length_12111_cov_11.597462	12111	0	0
Biragzang__NODE_637_length_12110_cov_44.840896	12110	0	0
Biragzang__NODE_638_length_12108_cov_19.869327	12108	0	0
MV-4122_S12__NODE_1161_length_12108_cov_25.019746	12108	0	0
MV-4122_S12__NODE_1162_length_12105_cov_11.331203	12105	0	0
MV-4122_S12__NODE_1163_length_12104_cov_10.514980	12104	0	0
MV-4128_S29__NODE_488_length_12100_cov_25.378580	12100	0	0
MV-4125_S18__NODE_885_length_12097_cov_5.720312	12097	0	0
Biragzang__NODE_639_length_12094_cov_41.868428	12094	0	0
MV-4128_S29__NODE_489_length_12090_cov_21.613710	12090	0	0
MV-4122_S12__NODE_1164_length_12086_cov_71.426897	12086	2	0
MV-4128_S29__NODE_490_length_12084_cov_13.483831	12084	0	0
MV-4125_S18__NODE_886_length_12080_cov_32.730561	12080	0	0
Biragzang__NODE_640_length_12078_cov_8.169342	12078	67	0
MV-4125_S18__NODE_888_length_12072_cov_42.182408	12072	0	0
MV-4125_S18__NODE_889_length_12068_cov_20.756764	12068	0	0
MV-4125_S18__NODE_890_length_12067_cov_22.579254	12067	0	0
Biragzang__NODE_641_length_12060_cov_29.602082	12060	170	0
MV-4122_S12__NODE_1165_length_12060_cov_54.817659	12060	0	0
Biragzang__NODE_642_length_12059_cov_20.672526	12059	0	0
MV-4122_S12__NODE_1166_length_12058_cov_12.340998	12058	0	0
cell-4125-0-44_S16__NODE_53_length_12055_cov_11.381917	12055	2	0
Biragzang__NODE_643_length_12054_cov_11.585132	12054	32	0
MV-4122_S12__NODE_1167_length_12052_cov_11.027590	12052	0	0
Biragzang__NODE_644_length_12050_cov_47.421592	12050	295	0
MV-4122_S12__NODE_1168_length_12046_cov_9.363272	12046	0	0
MV-4128_S29__NODE_491_length_12046_cov_26.993829	12046	0	0
MV-4128_S29__NODE_492_length_12045_cov_6.625021	12045	0	0
Biragzang__NODE_645_length_12038_cov_10.813903	12038	0	0
Biragzang__NODE_646_length_12026_cov_6.141425	12026	0	0
MV-4122_S12__NODE_1170_length_12022_cov_9.562463	12022	0	0
MV-4125_S18__NODE_893_length_12020_cov_27.169160	12020	0	0
cell-4122-0-44_S10__NODE_147_length_12016_cov_14.765153	12016	0	0
MV-4122_S12__NODE_1171_length_12011_cov_29.719053	12011	0	0
MV-4128_S29__NODE_493_length_12009_cov_26.696754	12009	0	0
MV-4122_S12__NODE_1173_length_12006_cov_27.564388	12006	9	0
Biragzang__NODE_647_length_12002_cov_12.743785	12002	20	0
MV-4128_S29__NODE_494_length_12002_cov_25.594208	12002	0	0
cell-4125-0-44_S16__NODE_55_length_12002_cov_10.790324	12002	4	0
MV-4125_S18__NODE_896_length_11997_cov_15.072517	11997	0	0
MV-4122_S12__NODE_1174_length_11996_cov_36.245708	11996	0	0
MV-4125_S18__NODE_897_length_11994_cov_17.436385	11994	0	0
MV-4128_S29__NODE_495_length_11992_cov_28.430510	11992	0	0
Biragzang__NODE_648_length_11984_cov_16.498449	11984	2	0
MV-4122_S12__NODE_1175_length_11983_cov_14.067404	11983	0	0
MV-4122_S12__NODE_1176_length_11979_cov_13.930728	11979	0	0
Biragzang__NODE_649_length_11972_cov_9.849878	11972	85	0
Biragzang__NODE_650_length_11967_cov_7.886501	11967	49	0
Biragzang__NODE_651_length_11965_cov_16.014945	11965	0	0
MV-4122_S12__NODE_1177_length_11965_cov_11.687070	11965	0	0
Biragzang__NODE_652_length_11964_cov_6.595936	11964	0	0
cell-4122-0-44_S10__NODE_148_length_11962_cov_54.009406	11962	0	0
Biragzang__NODE_653_length_11958_cov_5.579182	11958	0	0
MV-4125_S18__NODE_901_length_11957_cov_16.427911	11957	0	0
MV-4128_S29__NODE_496_length_11954_cov_16.617867	11954	0	0
Biragzang__NODE_654_length_11953_cov_13.426794	11953	0	0
cell-4122-0-44_S10__NODE_149_length_11949_cov_12.692030	11949	0	0
Biragzang__NODE_655_length_11944_cov_46.591219	11944	0	0
MV-4125_S18__NODE_902_length_11939_cov_7.167536	11939	0	0
MV-4125_S18__NODE_903_length_11933_cov_20.447382	11933	0	0
Biragzang__NODE_656_length_11932_cov_14.809632	11932	0	0
MV-4122_S12__NODE_1178_length_11929_cov_9.638033	11929	0	0
Biragzang__NODE_657_length_11926_cov_17.251790	11926	1259	0
Biragzang__NODE_658_length_11925_cov_12.300842	11925	6	0
MV-4122_S12__NODE_1179_length_11919_cov_27.012222	11919	0	0
Biragzang__NODE_659_length_11916_cov_34.607875	11916	0	0
MV-4122_S12__NODE_1181_length_11914_cov_43.765916	11914	1	0
MV-4128_S29__NODE_498_length_11911_cov_8.329116	11911	12	0
MV-4128_S29__NODE_499_length_11906_cov_22.907687	11906	1	0
Biragzang__NODE_660_length_11902_cov_8.740187	11902	0	0
cell-4125-0-44_S16__NODE_56_length_11902_cov_10.714949	11902	0	0
MV-4122_S12__NODE_1182_length_11901_cov_29.278575	11901	0	0
Biragzang__NODE_661_length_11896_cov_16.911410	11896	1189	0
Biragzang__NODE_662_length_11884_cov_41.718150	11884	0	0
MV-4125_S18__NODE_905_length_11883_cov_32.072878	11883	0	0
Biragzang__NODE_663_length_11882_cov_7.279276	11882	0	0
MV-4125_S18__NODE_906_length_11879_cov_7.311993	11879	0	0
Biragzang__NODE_664_length_11878_cov_8.581409	11878	0	0
Biragzang__NODE_665_length_11875_cov_12.139086	11875	0	0
Biragzang__NODE_666_length_11875_cov_9.779103	11875	22	0
cell-4122-0-44_S10__NODE_150_length_11870_cov_15.239949	11870	0	0
cell-4122-0-44_S10__NODE_151_length_11868_cov_12.338525	11868	0	0
Biragzang__NODE_667_length_11867_cov_52.324670	11867	381	0
Biragzang__NODE_668_length_11867_cov_47.180156	11867	0	0
MV-4125_S18__NODE_907_length_11867_cov_13.678293	11867	0	0
MV-4125_S18__NODE_908_length_11859_cov_20.423501	11859	0	0
Biragzang__NODE_669_length_11856_cov_28.811626	11856	0	0
Biragzang__NODE_670_length_11855_cov_9.478729	11855	0	0
MV-4122_S12__NODE_1183_length_11855_cov_67.434661	11855	0	0
Biragzang__NODE_671_length_11852_cov_6.961685	11852	0	0
MV-4122_S12__NODE_1184_length_11850_cov_7.900212	11850	0	0
MV-4122_S12__NODE_1185_length_11848_cov_41.564318	11848	0	0
Biragzang__NODE_672_length_11845_cov_6.747752	11845	0	0
MV-4122_S12__NODE_1186_length_11843_cov_74.952833	11843	2	0
MV-4125_S18__NODE_909_length_11842_cov_7.474336	11842	0	0
MV-4128_S29__NODE_500_length_11842_cov_16.868669	11842	0	0
MV-4128_S29__NODE_501_length_11838_cov_16.675040	11838	0	0
MV-4122_S12__NODE_1188_length_11837_cov_40.299355	11837	0	0
MV-4122_S12__NODE_1189_length_11837_cov_34.162791	11837	0	0
cell-4122-0-44_S10__NODE_152_length_11837_cov_34.542862	11837	0	0
Biragzang__NODE_673_length_11832_cov_9.960771	11832	2	0
MV-4128_S29__NODE_502_length_11832_cov_21.683281	11832	0	0
MV-4128_S29__NODE_503_length_11831_cov_13.376698	11831	0	0
MV-4122_S12__NODE_1190_length_11824_cov_12.741694	11824	0	0
Biragzang__NODE_674_length_11823_cov_25.092539	11823	16	0
Biragzang__NODE_675_length_11819_cov_31.940326	11819	191	0
MV-4125_S18__NODE_911_length_11816_cov_18.834283	11816	0	0
Biragzang__NODE_676_length_11814_cov_28.417978	11814	172	0
cell-4125-0-44_S16__NODE_57_length_11814_cov_11.838167	11814	38	0
MV-4128_S29__NODE_504_length_11811_cov_13.997278	11811	0	0
MV-4122_S12__NODE_1191_length_11809_cov_12.876893	11809	0	0
MV-4122_S12__NODE_1192_length_11805_cov_22.788851	11805	0	0
Biragzang__NODE_677_length_11800_cov_11.809110	11800	13	0
Biragzang__NODE_678_length_11799_cov_12.470964	11799	18	0
MV-4128_S29__NODE_505_length_11796_cov_13.902564	11796	0	0
Biragzang__NODE_679_length_11794_cov_13.438368	11794	29	0
MV-4128_S29__NODE_506_length_11792_cov_15.746698	11792	0	0
Biragzang__NODE_680_length_11787_cov_47.481248	11787	0	0
MV-4128_S29__NODE_507_length_11777_cov_12.621993	11777	0	0
Biragzang__NODE_681_length_11774_cov_10.404727	11774	0	0
MV-4128_S29__NODE_508_length_11774_cov_16.166482	11774	0	0
Biragzang__NODE_682_length_11772_cov_39.503030	11772	0	0
MV-4128_S29__NODE_509_length_11772_cov_19.108304	11772	0	0
MV-4122_S12__NODE_1195_length_11771_cov_8.089792	11771	0	0
MV-4122_S12__NODE_1196_length_11764_cov_20.713724	11764	0	0
Biragzang__NODE_683_length_11761_cov_34.145310	11761	0	0
MV-4122_S12__NODE_1197_length_11759_cov_92.639525	11759	2	0
cell-4122-0-44_S10__NODE_153_length_11758_cov_14.459711	11758	0	0
Biragzang__NODE_684_length_11756_cov_9.577216	11756	65	0
MV-4122_S12__NODE_1198_length_11756_cov_28.947782	11756	0	0
MV-4122_S12__NODE_1199_length_11756_cov_9.672678	11756	0	0
MV-4122_S12__NODE_1200_length_11752_cov_7.655382	11752	0	0
MV-4125_S18__NODE_914_length_11747_cov_6.536435	11747	0	0
MV-4128_S29__NODE_510_length_11743_cov_23.728867	11743	2	0
Biragzang__NODE_685_length_11742_cov_60.589544	11742	0	0
Biragzang__NODE_686_length_11741_cov_9.160021	11741	615	0
Biragzang__NODE_687_length_11740_cov_11.901070	11740	15	0
Biragzang__NODE_688_length_11738_cov_21.518103	11738	0	0
Biragzang__NODE_689_length_11736_cov_28.674514	11736	0	0
MV-4122_S12__NODE_1201_length_11733_cov_33.856825	11733	0	0
Biragzang__NODE_690_length_11723_cov_38.556479	11723	0	0
cell-4122-0-44_S10__NODE_154_length_11723_cov_68.146726	11723	0	0
MV-4122_S12__NODE_1202_length_11715_cov_14.516038	11715	0	0
cell-4122-0-44_S10__NODE_155_length_11715_cov_14.821527	11715	0	0
MV-4125_S18__NODE_916_length_11709_cov_23.347091	11709	2	0
cell-4122-0-44_S10__NODE_156_length_11702_cov_18.684296	11702	0	0
MV-4128_S29__NODE_511_length_11700_cov_14.033577	11700	0	0
MV-4122_S12__NODE_1203_length_11699_cov_13.326864	11699	0	0
MV-4125_S18__NODE_918_length_11697_cov_19.181154	11697	0	0
MV-4125_S18__NODE_919_length_11692_cov_7.005500	11692	0	0
Biragzang__NODE_691_length_11688_cov_11.596579	11688	0	0
MV-4128_S29__NODE_512_length_11688_cov_27.507522	11688	0	0
MV-4122_S12__NODE_1204_length_11687_cov_24.620702	11687	0	0
MV-4125_S18__NODE_921_length_11687_cov_7.031981	11687	0	0
Biragzang__NODE_692_length_11684_cov_21.288933	11684	0	0
MV-4122_S12__NODE_1205_length_11682_cov_37.247699	11682	0	0
MV-4128_S29__NODE_513_length_11682_cov_15.394255	11682	0	0
cell-4122-0-44_S10__NODE_157_length_11680_cov_43.131527	11680	0	0
Biragzang__NODE_693_length_11673_cov_46.026511	11673	0	0
cell-4122-0-44_S10__NODE_158_length_11672_cov_17.863476	11672	0	0
Biragzang__NODE_694_length_11668_cov_16.497632	11668	0	0
cell-4122-0-44_S10__NODE_159_length_11668_cov_853.141996	11668	0	0
cell-4125-0-44_S16__NODE_58_length_11668_cov_10.126238	11668	4	0
MV-4125_S18__NODE_923_length_11667_cov_18.701688	11667	0	0
MV-4125_S18__NODE_924_length_11666_cov_24.762811	11666	0	0
MV-4125_S18__NODE_925_length_11662_cov_15.890756	11662	0	0
Biragzang__NODE_695_length_11657_cov_54.658766	11657	2	0
MV-4122_S12__NODE_1207_length_11649_cov_10.210454	11649	0	0
Biragzang__NODE_696_length_11647_cov_46.195307	11647	0	0
Biragzang__NODE_697_length_11643_cov_12.745254	11643	0	0
MV-4125_S18__NODE_928_length_11642_cov_19.733926	11642	0	0
cell-4122-0-44_S10__NODE_160_length_11639_cov_53.192766	11639	0	0
Biragzang__NODE_698_length_11638_cov_27.960373	11638	0	0
MV-4128_S29__NODE_515_length_11637_cov_27.161285	11637	0	0
Biragzang__NODE_699_length_11636_cov_12.774631	11636	10	0
Biragzang__NODE_700_length_11633_cov_14.355070	11633	25	0
MV-4128_S29__NODE_516_length_11633_cov_14.216963	11633	0	0
Biragzang__NODE_701_length_11630_cov_38.961210	11630	0	0
MV-4122_S12__NODE_1208_length_11627_cov_36.755012	11627	0	0
cell-4125-0-44_S16__NODE_59_length_11626_cov_9.126178	11626	0	0
Biragzang__NODE_702_length_11619_cov_44.422951	11619	0	0
MV-4125_S18__NODE_932_length_11619_cov_19.505794	11619	0	0
MV-4128_S29__NODE_517_length_11619_cov_11.556209	11619	0	0
Biragzang__NODE_703_length_11609_cov_11.127402	11609	0	0
Biragzang__NODE_704_length_11604_cov_45.235605	11604	362	0
MV-4128_S29__NODE_518_length_11600_cov_11.794370	11600	0	0
Biragzang__NODE_705_length_11598_cov_7.778394	11598	64	0
MV-4122_S12__NODE_1209_length_11598_cov_9.277917	11598	0	0
Biragzang__NODE_706_length_11597_cov_37.178825	11597	0	0
cell-4122-0-44_S10__NODE_161_length_11595_cov_14.205113	11595	0	0
MV-4122_S12__NODE_1210_length_11594_cov_51.564607	11594	0	0
MV-4128_S29__NODE_519_length_11592_cov_17.643755	11592	0	0
MV-4122_S12__NODE_1211_length_11587_cov_14.452567	11587	0	0
cell-4122-0-22_S11__NODE_53_length_11586_cov_18.863672	11586	0	0
MV-4125_S18__NODE_934_length_11583_cov_39.554997	11583	0	0
Biragzang__NODE_707_length_11581_cov_41.228006	11581	0	0
Biragzang__NODE_708_length_11575_cov_15.415451	11575	0	0
cell-4122-0-44_S10__NODE_162_length_11573_cov_12.840945	11573	0	0
MV-4125_S18__NODE_936_length_11562_cov_23.143478	11562	0	0
Biragzang__NODE_709_length_11560_cov_11.623816	11560	38	0
MV-4122_S12__NODE_1212_length_11553_cov_37.761263	11553	0	0
MV-4128_S29__NODE_520_length_11546_cov_12.134888	11546	0	0
MV-4122_S12__NODE_1213_length_11545_cov_8.014012	11545	0	0
cell-4122-0-44_S10__NODE_163_length_11543_cov_17.026985	11543	0	0
Biragzang__NODE_710_length_11542_cov_54.438496	11542	540	0
cell-4122-0-44_S10__NODE_164_length_11542_cov_17.388352	11542	0	0
Biragzang__NODE_711_length_11535_cov_35.456010	11535	0	0
MV-4122_S12__NODE_1214_length_11534_cov_8.995644	11534	0	0
MV-4128_S29__NODE_521_length_11533_cov_6.591828	11533	12	0
MV-4125_S18__NODE_938_length_11524_cov_26.236376	11524	0	0
MV-4122_S12__NODE_1215_length_11521_cov_12.096895	11521	0	0
cell-4125-0-44_S16__NODE_62_length_11518_cov_10.306726	11518	0	0
Biragzang__NODE_712_length_11516_cov_31.437571	11516	0	0
MV-4125_S18__NODE_939_length_11516_cov_23.150859	11516	0	0
MV-4122_S12__NODE_1216_length_11515_cov_48.393979	11515	0	0
MV-4122_S12__NODE_1217_length_11512_cov_15.107969	11512	0	0
MV-4125_S18__NODE_940_length_11512_cov_17.580344	11512	0	0
cell-4122-0-44_S10__NODE_165_length_11511_cov_15.464036	11511	0	0
Biragzang__NODE_713_length_11503_cov_38.440077	11503	0	0
MV-4122_S12__NODE_1218_length_11503_cov_22.831848	11503	0	0
MV-4122_S12__NODE_1219_length_11503_cov_12.596960	11503	0	0
Biragzang__NODE_714_length_11500_cov_41.358410	11500	0	0
MV-4122_S12__NODE_1220_length_11491_cov_22.270986	11491	0	0
MV-4125_S18__NODE_943_length_11486_cov_26.672994	11486	0	0
Biragzang__NODE_715_length_11483_cov_11.531677	11483	701	0
MV-4125_S18__NODE_944_length_11482_cov_20.915026	11482	0	0
cell-4122-0-44_S10__NODE_166_length_11478_cov_10.141381	11478	0	0
MV-4122_S12__NODE_1221_length_11476_cov_41.836792	11476	0	0
Biragzang__NODE_716_length_11472_cov_43.929404	11472	1378	0
MV-4125_S18__NODE_947_length_11472_cov_21.928177	11472	0	0
Biragzang__NODE_717_length_11471_cov_13.363525	11471	0	0
Biragzang__NODE_718_length_11468_cov_11.539735	11468	44	0
MV-4122_S12__NODE_1222_length_11466_cov_25.294540	11466	0	0
Biragzang__NODE_719_length_11464_cov_9.712508	11464	610	0
MV-4125_S18__NODE_949_length_11463_cov_8.911027	11463	0	0
cell-4122-0-44_S10__NODE_167_length_11459_cov_49.401877	11459	0	0
Biragzang__NODE_720_length_11458_cov_10.174515	11458	28	0
Biragzang__NODE_721_length_11454_cov_9.820598	11454	0	0
cell-4122-0-44_S10__NODE_168_length_11454_cov_51.145627	11454	0	0
MV-4122_S12__NODE_1223_length_11453_cov_10.577733	11453	0	0
Biragzang__NODE_722_length_11443_cov_46.690288	11443	324	0
MV-4122_S12__NODE_1224_length_11443_cov_8.271777	11443	0	0
MV-4125_S18__NODE_953_length_11439_cov_20.945098	11439	0	0
MV-4128_S29__NODE_523_length_11438_cov_28.240358	11438	0	0
MV-4128_S29__NODE_524_length_11436_cov_25.363325	11436	0	0
cell-4122-0-44_S10__NODE_169_length_11435_cov_53.438840	11435	0	0
MV-4128_S29__NODE_525_length_11432_cov_22.797135	11432	0	0
MV-4122_S12__NODE_1225_length_11427_cov_10.931059	11427	0	0
MV-4128_S29__NODE_526_length_11426_cov_7.712514	11426	10	0
Biragzang__NODE_723_length_11425_cov_34.679859	11425	2	0
Biragzang__NODE_724_length_11424_cov_11.414548	11424	753	0
cell-4122-0-44_S10__NODE_170_length_11423_cov_21.058761	11423	0	0
Biragzang__NODE_725_length_11421_cov_8.986979	11421	0	0
MV-4122_S12__NODE_1226_length_11415_cov_26.076849	11415	0	0
Biragzang__NODE_726_length_11414_cov_52.770754	11414	0	0
Biragzang__NODE_727_length_11412_cov_15.345162	11412	34	0
MV-4122_S12__NODE_1227_length_11411_cov_24.553276	11411	0	0
Biragzang__NODE_728_length_11406_cov_36.855696	11406	225	0
Biragzang__NODE_729_length_11405_cov_10.287048	11405	16	0
MV-4122_S12__NODE_1229_length_11404_cov_8.011190	11404	0	0
MV-4122_S12__NODE_1230_length_11399_cov_30.884785	11399	0	0
MV-4122_S12__NODE_1231_length_11385_cov_40.578906	11385	0	0
MV-4128_S29__NODE_527_length_11385_cov_26.213504	11385	2	0
MV-4128_S29__NODE_528_length_11381_cov_23.537613	11381	0	0
MV-4122_S12__NODE_1232_length_11379_cov_11.085129	11379	0	0
MV-4122_S12__NODE_1233_length_11374_cov_14.582207	11374	0	0
MV-4128_S29__NODE_530_length_11372_cov_23.185827	11372	2	0
Biragzang__NODE_730_length_11370_cov_29.119487	11370	2	0
Biragzang__NODE_731_length_11369_cov_7.743062	11369	2	0
cell-4125-0-44_S16__NODE_65_length_11368_cov_10.360470	11368	5	0
MV-4125_S18__NODE_959_length_11367_cov_6.880835	11367	0	0
MV-4122_S12__NODE_1234_length_11365_cov_59.306985	11365	0	0
MV-4128_S29__NODE_531_length_11364_cov_20.240074	11364	2	0
Biragzang__NODE_732_length_11361_cov_28.542367	11361	171	0
Biragzang__NODE_733_length_11360_cov_6.133746	11360	0	0
Biragzang__NODE_734_length_11359_cov_5.511854	11359	0	0
MV-4122_S12__NODE_1235_length_11358_cov_9.501637	11358	0	0
Biragzang__NODE_735_length_11355_cov_8.669292	11355	76	0
MV-4128_S29__NODE_532_length_11349_cov_17.453161	11349	0	0
MV-4122_S12__NODE_1236_length_11346_cov_24.390665	11346	0	0
MV-4122_S12__NODE_1237_length_11346_cov_11.237711	11346	0	0
MV-4125_S18__NODE_964_length_11342_cov_9.848941	11342	0	0
MV-4122_S12__NODE_1238_length_11341_cov_11.227096	11341	0	0
MV-4125_S18__NODE_965_length_11329_cov_5.835285	11329	0	0
MV-4122_S12__NODE_1239_length_11325_cov_12.503283	11325	0	0
Biragzang__NODE_736_length_11320_cov_50.312739	11320	0	0
MV-4122_S12__NODE_1240_length_11319_cov_25.802024	11319	0	0
MV-4125_S18__NODE_968_length_11309_cov_23.914608	11309	0	0
MV-4125_S18__NODE_969_length_11308_cov_22.810539	11308	0	0
MV-4128_S29__NODE_533_length_11308_cov_8.180485	11308	10	0
MV-4122_S12__NODE_1241_length_11303_cov_31.513691	11303	0	0
Biragzang__NODE_737_length_11302_cov_18.639904	11302	0	0
Biragzang__NODE_738_length_11301_cov_13.458919	11301	0	0
Biragzang__NODE_739_length_11298_cov_34.822823	11298	234	0
MV-4122_S12__NODE_1242_length_11298_cov_70.031753	11298	0	0
Biragzang__NODE_740_length_11297_cov_19.073652	11297	18	0
Biragzang__NODE_741_length_11297_cov_14.509785	11297	0	0
cell-4122-0-44_S10__NODE_171_length_11297_cov_17.804928	11297	0	0
MV-4128_S29__NODE_534_length_11295_cov_13.829270	11295	0	0
cell-4125-0-44_S16__NODE_67_length_11294_cov_6.655307	11294	0	0
Biragzang__NODE_742_length_11293_cov_25.546539	11293	165	0
MV-4125_S18__NODE_971_length_11292_cov_22.690220	11292	0	0
MV-4125_S18__NODE_972_length_11281_cov_20.472475	11281	0	0
MV-4128_S29__NODE_535_length_11279_cov_26.674269	11279	0	0
MV-4122_S12__NODE_1243_length_11275_cov_6.798841	11275	0	0
MV-4128_S29__NODE_536_length_11272_cov_13.120799	11272	0	0
MV-4125_S18__NODE_973_length_11270_cov_6.389389	11270	0	0
Biragzang__NODE_743_length_11269_cov_11.521491	11269	18	0
Biragzang__NODE_744_length_11264_cov_31.210634	11264	4	0
MV-4128_S29__NODE_537_length_11255_cov_26.326875	11255	0	0
Biragzang__NODE_745_length_11249_cov_48.152492	11249	389	0
MV-4122_S12__NODE_1245_length_11242_cov_28.131224	11242	0	0
MV-4122_S12__NODE_1246_length_11241_cov_86.224745	11241	0	0
MV-4128_S29__NODE_538_length_11240_cov_16.762539	11240	0	0
Biragzang__NODE_746_length_11238_cov_67.400250	11238	0	0
MV-4122_S12__NODE_1247_length_11236_cov_32.513371	11236	0	0
MV-4128_S29__NODE_539_length_11236_cov_11.789375	11236	0	0
Biragzang__NODE_747_length_11234_cov_8.823329	11234	562	0
Biragzang__NODE_748_length_11220_cov_5.952620	11220	0	0
Biragzang__NODE_749_length_11217_cov_7.295019	11217	0	0
MV-4128_S29__NODE_540_length_11217_cov_85.560383	11217	0	0
cell-4122-0-44_S10__NODE_172_length_11216_cov_20.524595	11216	0	0
MV-4122_S12__NODE_1248_length_11213_cov_26.941746	11213	0	0
Biragzang__NODE_750_length_11212_cov_52.379224	11212	470	0
Biragzang__NODE_751_length_11212_cov_9.748230	11212	7	0
Biragzang__NODE_752_length_11210_cov_12.235320	11210	24	0
Biragzang__NODE_753_length_11210_cov_8.112954	11210	50	0
Biragzang__NODE_754_length_11203_cov_38.668640	11203	0	0
MV-4125_S18__NODE_979_length_11202_cov_17.887862	11202	0	0
MV-4128_S29__NODE_541_length_11202_cov_6.113932	11202	0	0
Biragzang__NODE_755_length_11200_cov_12.114132	11200	20	0
MV-4122_S12__NODE_1250_length_11200_cov_24.539076	11200	0	0
MV-4122_S12__NODE_1251_length_11198_cov_62.702773	11198	0	0
MV-4122_S12__NODE_1252_length_11198_cov_15.554967	11198	0	0
MV-4125_S18__NODE_980_length_11177_cov_24.404693	11177	0	0
Biragzang__NODE_756_length_11171_cov_7.006837	11171	0	0
cell-4122-0-44_S10__NODE_173_length_11168_cov_42.282732	11168	0	0
Biragzang__NODE_757_length_11167_cov_18.440515	11167	0	0
MV-4122_S12__NODE_1254_length_11167_cov_26.990191	11167	0	0
Biragzang__NODE_758_length_11166_cov_11.975520	11166	808	0
cell-4125-0-44_S16__NODE_70_length_11162_cov_11.907086	11162	2	0
Biragzang__NODE_759_length_11159_cov_33.021073	11159	162	0
MV-4128_S29__NODE_542_length_11157_cov_17.530355	11157	0	0
MV-4128_S29__NODE_543_length_11154_cov_20.767997	11154	2	0
Biragzang__NODE_760_length_11153_cov_11.411155	11153	702	0
MV-4122_S12__NODE_1256_length_11153_cov_23.558028	11153	0	0
MV-4125_S18__NODE_981_length_11153_cov_24.894936	11153	0	0
Biragzang__NODE_761_length_11151_cov_36.073720	11151	0	0
Biragzang__NODE_762_length_11150_cov_10.937720	11150	635	0
MV-4128_S29__NODE_544_length_11149_cov_16.172886	11149	0	0
Biragzang__NODE_763_length_11148_cov_34.292166	11148	0	0
MV-4128_S29__NODE_545_length_11146_cov_15.395095	11146	0	0
MV-4128_S29__NODE_546_length_11138_cov_25.060002	11138	0	0
MV-4128_S29__NODE_547_length_11136_cov_27.463135	11136	0	0
MV-4125_S18__NODE_984_length_11135_cov_70.009838	11135	0	0
Biragzang__NODE_764_length_11133_cov_11.426160	11133	18	0
Biragzang__NODE_765_length_11125_cov_72.701084	11125	0	0
Biragzang__NODE_766_length_11125_cov_34.827642	11125	0	0
cell-4125-0-44_S16__NODE_71_length_11122_cov_8.834734	11122	2	0
Biragzang__NODE_767_length_11121_cov_7.477770	11121	58	0
MV-4128_S29__NODE_548_length_11121_cov_25.975511	11121	0	0
MV-4122_S12__NODE_1257_length_11120_cov_12.359602	11120	0	0
MV-4125_S18__NODE_985_length_11117_cov_7.426957	11117	0	0
MV-4128_S29__NODE_549_length_11117_cov_20.989062	11117	0	0
MV-4125_S18__NODE_986_length_11115_cov_20.194123	11115	0	0
cell-4122-0-44_S10__NODE_174_length_11108_cov_47.267167	11108	0	0
Biragzang__NODE_768_length_11100_cov_21.461023	11100	0	0
MV-4122_S12__NODE_1258_length_11099_cov_19.117439	11099	0	0
Biragzang__NODE_769_length_11097_cov_11.500000	11097	10	0
Biragzang__NODE_770_length_11087_cov_43.384790	11087	0	0
Biragzang__NODE_771_length_11079_cov_9.260250	11079	49	0
MV-4122_S12__NODE_1259_length_11078_cov_21.456681	11078	0	0
MV-4125_S18__NODE_987_length_11076_cov_7.320933	11076	0	0
MV-4128_S29__NODE_550_length_11069_cov_18.815689	11069	0	0
MV-4122_S12__NODE_1260_length_11068_cov_11.964860	11068	0	0
Biragzang__NODE_772_length_11067_cov_11.126952	11067	8	0
Biragzang__NODE_773_length_11067_cov_6.343898	11067	0	0
MV-4128_S29__NODE_551_length_11064_cov_24.983831	11064	0	0
Biragzang__NODE_774_length_11060_cov_8.676420	11060	0	0
MV-4125_S18__NODE_990_length_11057_cov_255.052718	11057	0	0
Biragzang__NODE_775_length_11055_cov_5.927909	11055	0	0
Biragzang__NODE_776_length_11049_cov_13.634892	11049	18	0
Biragzang__NODE_777_length_11049_cov_6.862107	11049	0	0
Biragzang__NODE_778_length_11045_cov_31.845678	11045	0	0
MV-4122_S12__NODE_1262_length_11042_cov_45.278602	11042	0	0
Biragzang__NODE_779_length_11037_cov_33.721726	11037	154	0
MV-4122_S12__NODE_1263_length_11035_cov_12.023953	11035	0	0
MV-4122_S12__NODE_1264_length_11034_cov_37.314783	11034	0	0
MV-4122_S12__NODE_1265_length_11024_cov_7.681375	11024	0	0
Biragzang__NODE_780_length_11020_cov_34.453260	11020	0	0
Biragzang__NODE_781_length_11018_cov_45.890267	11018	390	0
Biragzang__NODE_782_length_11018_cov_30.354647	11018	27	0
Biragzang__NODE_783_length_11016_cov_16.870906	11016	0	0
MV-4122_S12__NODE_1266_length_11016_cov_11.045069	11016	0	0
MV-4122_S12__NODE_1267_length_11016_cov_8.532616	11016	0	0
Biragzang__NODE_784_length_11013_cov_12.139168	11013	0	0
MV-4128_S29__NODE_552_length_11013_cov_15.450082	11013	2	0
MV-4125_S18__NODE_994_length_11012_cov_18.568495	11012	0	0
Biragzang__NODE_785_length_11005_cov_8.292877	11005	0	0
MV-4122_S12__NODE_1269_length_11005_cov_61.588584	11005	0	0
MV-4125_S18__NODE_995_length_11003_cov_7.032335	11003	0	0
Biragzang__NODE_786_length_10997_cov_11.119631	10997	0	0
Biragzang__NODE_787_length_10997_cov_6.748401	10997	0	0
MV-4122_S12__NODE_1270_length_10997_cov_27.213307	10997	0	0
MV-4125_S18__NODE_997_length_10992_cov_7.194295	10992	0	0
Biragzang__NODE_788_length_10985_cov_9.453156	10985	0	0
Biragzang__NODE_789_length_10983_cov_17.399433	10983	0	0
MV-4128_S29__NODE_553_length_10980_cov_23.683753	10980	0	0
MV-4122_S12__NODE_1272_length_10979_cov_12.282040	10979	0	0
Biragzang__NODE_790_length_10977_cov_7.247299	10977	0	0
MV-4122_S12__NODE_1273_length_10975_cov_29.451282	10975	0	0
MV-4125_S18__NODE_999_length_10975_cov_6.792857	10975	0	0
MV-4128_S29__NODE_554_length_10971_cov_11.401704	10971	0	0
MV-4128_S29__NODE_555_length_10970_cov_13.608246	10970	0	0
MV-4128_S29__NODE_556_length_10968_cov_29.002382	10968	0	0
cell-4122-0-44_S10__NODE_175_length_10965_cov_640.705500	10965	0	0
Biragzang__NODE_791_length_10963_cov_16.336175	10963	0	0
MV-4128_S29__NODE_557_length_10963_cov_13.663366	10963	0	0
cell-4122-0-44_S10__NODE_176_length_10961_cov_18.755914	10961	0	0
MV-4128_S29__NODE_558_length_10960_cov_7.124713	10960	8	0
MV-4128_S29__NODE_559_length_10958_cov_25.499679	10958	2	0
cell-4122-0-44_S10__NODE_177_length_10951_cov_18.389042	10951	0	0
Biragzang__NODE_792_length_10948_cov_12.561461	10948	34	0
Biragzang__NODE_793_length_10947_cov_12.402864	10947	741	0
MV-4125_S18__NODE_1003_length_10945_cov_6.998990	10945	0	0
MV-4125_S18__NODE_1004_length_10940_cov_6.868351	10940	0	0
Biragzang__NODE_794_length_10939_cov_10.473815	10939	22	0
MV-4122_S12__NODE_1275_length_10939_cov_10.772602	10939	0	0
MV-4122_S12__NODE_1276_length_10934_cov_25.216932	10934	0	0
MV-4128_S29__NODE_560_length_10924_cov_25.894655	10924	0	0
Biragzang__NODE_795_length_10921_cov_9.059267	10921	50	0
MV-4122_S12__NODE_1277_length_10914_cov_28.337140	10914	0	0
MV-4122_S12__NODE_1278_length_10913_cov_42.004144	10913	0	0
MV-4122_S12__NODE_1279_length_10913_cov_17.961871	10913	0	0
Biragzang__NODE_796_length_10912_cov_15.987474	10912	2	0
MV-4122_S12__NODE_1280_length_10910_cov_24.171534	10910	2	0
MV-4122_S12__NODE_1281_length_10910_cov_8.559558	10910	0	0
MV-4122_S12__NODE_1282_length_10908_cov_9.182714	10908	0	0
Biragzang__NODE_797_length_10907_cov_43.367306	10907	0	0
Biragzang__NODE_798_length_10906_cov_26.086444	10906	185	0
Biragzang__NODE_799_length_10905_cov_54.956221	10905	0	0
cell-4125-0-44_S16__NODE_72_length_10890_cov_10.690540	10890	4	0
cell-4125-0-44_S16__NODE_73_length_10888_cov_9.373673	10888	2	0
cell-4122-0-44_S10__NODE_178_length_10886_cov_81.482319	10886	0	0
Biragzang__NODE_800_length_10884_cov_11.147013	10884	0	0
MV-4125_S18__NODE_1006_length_10883_cov_6.521241	10883	0	0
MV-4125_S18__NODE_1007_length_10882_cov_23.714972	10882	0	0
MV-4122_S12__NODE_1283_length_10881_cov_46.886385	10881	0	0
MV-4122_S12__NODE_1284_length_10880_cov_27.960924	10880	0	0
MV-4122_S12__NODE_1285_length_10880_cov_8.317506	10880	0	0
MV-4122_S12__NODE_1286_length_10877_cov_23.297450	10877	0	0
MV-4122_S12__NODE_1287_length_10876_cov_30.130395	10876	0	0
MV-4125_S18__NODE_1008_length_10870_cov_30.058345	10870	0	0
MV-4128_S29__NODE_561_length_10865_cov_23.241443	10865	0	0
MV-4122_S12__NODE_1288_length_10864_cov_13.500694	10864	0	0
MV-4122_S12__NODE_1289_length_10861_cov_6.549602	10861	0	0
MV-4128_S29__NODE_562_length_10861_cov_14.781418	10861	0	0
Biragzang__NODE_801_length_10858_cov_13.617791	10858	879	0
cell-4125-0-44_S16__NODE_74_length_10858_cov_9.181894	10858	2	0
MV-4122_S12__NODE_1290_length_10849_cov_42.105058	10849	0	0
Biragzang__NODE_802_length_10848_cov_6.403410	10848	0	0
MV-4122_S12__NODE_1291_length_10845_cov_12.844300	10845	0	0
MV-4125_S18__NODE_1010_length_10844_cov_18.562425	10844	0	0
MV-4125_S18__NODE_1011_length_10843_cov_20.774101	10843	0	0
MV-4128_S29__NODE_563_length_10842_cov_20.834616	10842	0	0
cell-4125-0-44_S16__NODE_75_length_10831_cov_9.987101	10831	0	0
MV-4128_S29__NODE_564_length_10826_cov_16.974840	10826	0	0
cell-4122-0-44_S10__NODE_179_length_10824_cov_26.671743	10824	0	0
MV-4122_S12__NODE_1293_length_10821_cov_27.461546	10821	0	0
MV-4122_S12__NODE_1294_length_10821_cov_14.445848	10821	0	0
MV-4128_S29__NODE_565_length_10820_cov_11.803623	10820	0	0
cell-4122-0-44_S10__NODE_180_length_10820_cov_58.589131	10820	0	0
Biragzang__NODE_803_length_10817_cov_6.132317	10817	0	0
MV-4125_S18__NODE_1013_length_10817_cov_7.808772	10817	0	0
MV-4125_S18__NODE_1014_length_10814_cov_18.794312	10814	0	0
Biragzang__NODE_804_length_10813_cov_41.514315	10813	6	0
cell-4122-0-44_S10__NODE_181_length_10813_cov_12.036717	10813	0	0
Biragzang__NODE_805_length_10812_cov_14.142419	10812	0	0
MV-4122_S12__NODE_1295_length_10812_cov_70.064423	10812	0	0
Biragzang__NODE_806_length_10807_cov_16.858259	10807	0	0
MV-4128_S29__NODE_566_length_10806_cov_12.880476	10806	0	0
MV-4122_S12__NODE_1296_length_10805_cov_30.329116	10805	0	0
Biragzang__NODE_807_length_10804_cov_55.904363	10804	2	0
MV-4122_S12__NODE_1297_length_10794_cov_42.850545	10794	0	0
Biragzang__NODE_808_length_10793_cov_32.181784	10793	0	0
MV-4125_S18__NODE_1020_length_10792_cov_7.621496	10792	0	0
MV-4128_S29__NODE_567_length_10792_cov_24.038186	10792	0	0
Biragzang__NODE_809_length_10791_cov_11.834855	10791	0	0
cell-4122-0-44_S10__NODE_182_length_10790_cov_20.538891	10790	0	0
MV-4122_S12__NODE_1298_length_10789_cov_22.663592	10789	0	0
Biragzang__NODE_810_length_10788_cov_13.061958	10788	0	0
Biragzang__NODE_811_length_10786_cov_12.491753	10786	0	0
MV-4128_S29__NODE_568_length_10785_cov_14.631780	10785	0	0
Biragzang__NODE_812_length_10783_cov_11.579884	10783	26	0
Biragzang__NODE_813_length_10781_cov_15.775219	10781	956	0
Biragzang__NODE_814_length_10778_cov_7.059125	10778	0	0
MV-4128_S29__NODE_569_length_10777_cov_23.502518	10777	0	0
MV-4122_S12__NODE_1299_length_10776_cov_36.102602	10776	0	0
MV-4128_S29__NODE_571_length_10774_cov_23.982834	10774	0	0
MV-4122_S12__NODE_1300_length_10773_cov_10.356596	10773	0	0
MV-4128_S29__NODE_572_length_10769_cov_27.078309	10769	0	0
MV-4122_S12__NODE_1301_length_10768_cov_11.223187	10768	0	0
MV-4128_S29__NODE_573_length_10765_cov_26.583847	10765	0	0
MV-4128_S29__NODE_574_length_10763_cov_14.953679	10763	0	0
MV-4122_S12__NODE_1302_length_10761_cov_8.988511	10761	0	0
MV-4122_S12__NODE_1303_length_10758_cov_49.971223	10758	0	0
Biragzang__NODE_815_length_10753_cov_9.984203	10753	6	0
cell-4125-0-44_S16__NODE_77_length_10753_cov_14.616844	10753	0	0
cell-4125-0-44_S16__NODE_78_length_10752_cov_7.782649	10752	0	0
Biragzang__NODE_816_length_10748_cov_15.015805	10748	941	0
MV-4122_S12__NODE_1304_length_10744_cov_21.226588	10744	0	0
MV-4122_S12__NODE_1305_length_10744_cov_7.879689	10744	0	0
cell-4125-0-44_S16__NODE_79_length_10742_cov_10.138954	10742	3	0
MV-4125_S18__NODE_1026_length_10740_cov_24.457183	10740	0	0
MV-4128_S29__NODE_575_length_10738_cov_611.299729	10738	0	0
MV-4128_S29__NODE_576_length_10736_cov_14.517461	10736	0	0
MV-4122_S12__NODE_1306_length_10734_cov_9.159940	10734	0	0
MV-4128_S29__NODE_577_length_10734_cov_13.698474	10734	0	0
MV-4125_S18__NODE_1027_length_10732_cov_15.022666	10732	0	0
MV-4125_S18__NODE_1028_length_10729_cov_13.043002	10729	0	0
Biragzang__NODE_817_length_10727_cov_52.501406	10727	0	0
MV-4125_S18__NODE_1029_length_10727_cov_6.359352	10727	0	0
MV-4122_S12__NODE_1307_length_10725_cov_42.524649	10725	0	0
MV-4128_S29__NODE_578_length_10721_cov_12.538721	10721	0	0
MV-4128_S29__NODE_579_length_10721_cov_10.990343	10721	0	0
Biragzang__NODE_818_length_10716_cov_9.610731	10716	570	0
MV-4122_S12__NODE_1309_length_10711_cov_11.709366	10711	0	0
MV-4125_S18__NODE_1030_length_10710_cov_16.579916	10710	0	0
cell-4125-0-44_S16__NODE_80_length_10707_cov_7.134059	10707	0	0
cell-4122-0-44_S10__NODE_183_length_10706_cov_14.701624	10706	0	0
MV-4128_S29__NODE_580_length_10702_cov_26.255565	10702	0	0
MV-4122_S12__NODE_1310_length_10687_cov_10.156226	10687	0	0
cell-4125-0-44_S16__NODE_82_length_10687_cov_9.055963	10687	2	0
Biragzang__NODE_819_length_10683_cov_38.531615	10683	0	0
MV-4125_S18__NODE_1033_length_10683_cov_16.127870	10683	0	0
Biragzang__NODE_820_length_10681_cov_8.051478	10681	8	0
Biragzang__NODE_821_length_10679_cov_50.900038	10679	396	0
Biragzang__NODE_822_length_10675_cov_11.867891	10675	22	0
Biragzang__NODE_823_length_10675_cov_8.154520	10675	48	0
cell-4125-0-44_S16__NODE_83_length_10673_cov_7.815125	10673	0	0
Biragzang__NODE_824_length_10672_cov_10.098992	10672	8	0
Biragzang__NODE_825_length_10671_cov_10.655237	10671	0	0
cell-4122-0-44_S10__NODE_184_length_10669_cov_13.842190	10669	0	0
MV-4122_S12__NODE_1312_length_10661_cov_24.466340	10661	0	0
MV-4122_S12__NODE_1313_length_10661_cov_20.774184	10661	0	0
MV-4122_S12__NODE_1314_length_10659_cov_28.045643	10659	0	0
Biragzang__NODE_826_length_10653_cov_38.975844	10653	292	0
Biragzang__NODE_827_length_10647_cov_40.176548	10647	231	0
cell-4125-0-44_S16__NODE_84_length_10646_cov_7.061184	10646	0	0
cell-4122-0-44_S10__NODE_185_length_10644_cov_20.013127	10644	0	0
MV-4125_S18__NODE_1038_length_10643_cov_16.521250	10643	0	0
Biragzang__NODE_828_length_10642_cov_11.830547	10642	728	0
Biragzang__NODE_829_length_10641_cov_43.751370	10641	0	0
MV-4128_S29__NODE_585_length_10641_cov_15.923956	10641	0	0
MV-4122_S12__NODE_1315_length_10640_cov_10.557393	10640	0	0
MV-4128_S29__NODE_586_length_10638_cov_13.375508	10638	0	0
Biragzang__NODE_830_length_10637_cov_11.528161	10637	18	0
MV-4122_S12__NODE_1316_length_10637_cov_7.154697	10637	0	0
Biragzang__NODE_831_length_10634_cov_12.300123	10634	422	0
MV-4122_S12__NODE_1317_length_10629_cov_8.070929	10629	0	0
MV-4122_S12__NODE_1318_length_10626_cov_10.723205	10626	0	0
Biragzang__NODE_832_length_10625_cov_5.688363	10625	0	0
MV-4122_S12__NODE_1319_length_10625_cov_51.288553	10625	2	0
MV-4128_S29__NODE_587_length_10621_cov_10.908196	10621	0	0
MV-4125_S18__NODE_1039_length_10617_cov_19.299564	10617	2	0
MV-4122_S12__NODE_1321_length_10616_cov_61.764984	10616	0	0
MV-4128_S29__NODE_588_length_10615_cov_13.643561	10615	0	0
Biragzang__NODE_833_length_10613_cov_35.367020	10613	0	0
MV-4125_S18__NODE_1040_length_10613_cov_6.961546	10613	0	0
MV-4125_S18__NODE_1041_length_10609_cov_23.579117	10609	0	0
Biragzang__NODE_834_length_10606_cov_25.886172	10606	143	0
Biragzang__NODE_835_length_10604_cov_64.745379	10604	0	0
MV-4128_S29__NODE_589_length_10604_cov_15.875912	10604	0	0
cell-4122-0-44_S10__NODE_186_length_10604_cov_54.743104	10604	0	0
MV-4122_S12__NODE_1322_length_10603_cov_29.021615	10603	0	0
MV-4122_S12__NODE_1323_length_10601_cov_62.787313	10601	4	0
MV-4122_S12__NODE_1324_length_10599_cov_41.098350	10599	0	0
MV-4128_S29__NODE_590_length_10596_cov_28.362205	10596	0	0
MV-4128_S29__NODE_591_length_10595_cov_19.003131	10595	0	0
MV-4122_S12__NODE_1325_length_10594_cov_12.203814	10594	0	0
MV-4122_S12__NODE_1326_length_10594_cov_10.230098	10594	0	0
cell-4122-0-44_S10__NODE_187_length_10592_cov_67.956724	10592	0	0
MV-4125_S18__NODE_1043_length_10591_cov_23.372342	10591	0	0
Biragzang__NODE_836_length_10586_cov_34.106543	10586	2	0
MV-4122_S12__NODE_1327_length_10586_cov_11.316399	10586	0	0
MV-4128_S29__NODE_592_length_10584_cov_13.674898	10584	0	0
Biragzang__NODE_837_length_10582_cov_32.202812	10582	0	0
MV-4128_S29__NODE_593_length_10579_cov_7.799981	10579	13	0
MV-4128_S29__NODE_594_length_10576_cov_18.488071	10576	0	0
Biragzang__NODE_838_length_10573_cov_35.421848	10573	0	0
Biragzang__NODE_839_length_10572_cov_16.211467	10572	393	0
Biragzang__NODE_840_length_10567_cov_47.475552	10567	0	0
MV-4128_S29__NODE_595_length_10567_cov_31.620624	10567	0	0
cell-4122-0-44_S10__NODE_188_length_10566_cov_51.148796	10566	0	0
MV-4125_S18__NODE_1045_length_10558_cov_24.916881	10558	0	0
MV-4128_S29__NODE_596_length_10551_cov_24.332698	10551	0	0
Biragzang__NODE_841_length_10547_cov_27.651544	10547	0	0
MV-4125_S18__NODE_1048_length_10542_cov_9.229713	10542	0	0
Biragzang__NODE_842_length_10538_cov_31.286559	10538	4	0
MV-4125_S18__NODE_1050_length_10537_cov_16.881511	10537	0	0
Biragzang__NODE_843_length_10536_cov_26.909551	10536	0	0
MV-4122_S12__NODE_1328_length_10536_cov_12.684572	10536	0	0
MV-4122_S12__NODE_1329_length_10535_cov_25.974427	10535	0	0
MV-4128_S29__NODE_598_length_10532_cov_787.402787	10532	0	0
MV-4122_S12__NODE_1330_length_10528_cov_54.238327	10528	0	0
cell-4122-0-44_S10__NODE_189_length_10519_cov_516.845757	10519	0	0
Biragzang__NODE_844_length_10515_cov_5.990249	10515	0	0
Biragzang__NODE_845_length_10514_cov_10.143130	10514	50	0
Biragzang__NODE_846_length_10514_cov_7.054499	10514	45	0
cell-4122-0-44_S10__NODE_190_length_10514_cov_43.605412	10514	0	0
MV-4122_S12__NODE_1331_length_10512_cov_23.731663	10512	0	0
cell-4125-0-44_S16__NODE_86_length_10509_cov_11.066099	10509	8	0
MV-4128_S29__NODE_599_length_10506_cov_11.817912	10506	0	0
Biragzang__NODE_847_length_10505_cov_6.178756	10505	0	0
MV-4122_S12__NODE_1332_length_10504_cov_28.497751	10504	0	0
MV-4122_S12__NODE_1333_length_10503_cov_26.710854	10503	0	0
MV-4122_S12__NODE_1334_length_10503_cov_8.561256	10503	0	0
MV-4125_S18__NODE_1051_length_10502_cov_7.365272	10502	0	0
MV-4125_S18__NODE_1052_length_10501_cov_17.079265	10501	0	0
MV-4128_S29__NODE_600_length_10499_cov_21.924263	10499	0	0
MV-4122_S12__NODE_1335_length_10497_cov_24.902988	10497	0	0
MV-4122_S12__NODE_1336_length_10495_cov_10.352682	10495	0	0
Biragzang__NODE_848_length_10492_cov_12.808566	10492	0	0
MV-4122_S12__NODE_1337_length_10490_cov_22.390417	10490	0	0
Biragzang__NODE_849_length_10488_cov_8.429119	10488	462	0
MV-4128_S29__NODE_601_length_10488_cov_14.451452	10488	0	0
MV-4125_S18__NODE_1055_length_10487_cov_7.107362	10487	0	0
MV-4128_S29__NODE_602_length_10484_cov_18.524978	10484	0	0
Biragzang__NODE_850_length_10477_cov_48.039628	10477	0	0
MV-4125_S18__NODE_1056_length_10474_cov_28.794030	10474	0	0
MV-4122_S12__NODE_1338_length_10473_cov_19.599731	10473	0	0
cell-4122-0-44_S10__NODE_191_length_10470_cov_68.609602	10470	0	0
Biragzang__NODE_851_length_10468_cov_6.477672	10468	0	0
MV-4128_S29__NODE_604_length_10468_cov_8.016134	10468	4	0
Biragzang__NODE_852_length_10462_cov_39.170654	10462	0	0
Biragzang__NODE_853_length_10460_cov_23.733205	10460	0	0
Biragzang__NODE_854_length_10456_cov_8.633497	10456	6	0
MV-4122_S12__NODE_1339_length_10454_cov_45.823060	10454	0	0
MV-4122_S12__NODE_1340_length_10454_cov_9.416675	10454	0	0
MV-4128_S29__NODE_605_length_10452_cov_24.451284	10452	0	0
MV-4122_S12__NODE_1341_length_10451_cov_10.457195	10451	0	0
Biragzang__NODE_855_length_10449_cov_43.985761	10449	0	0
MV-4125_S18__NODE_1058_length_10448_cov_19.095738	10448	8	0
cell-4122-0-44_S10__NODE_192_length_10448_cov_19.912922	10448	0	0
Biragzang__NODE_856_length_10447_cov_50.972768	10447	0	0
MV-4125_S18__NODE_1059_length_10447_cov_27.313510	10447	0	0
MV-4125_S18__NODE_1061_length_10445_cov_8.343985	10445	0	0
MV-4128_S29__NODE_606_length_10443_cov_7.207258	10443	8	0
MV-4128_S29__NODE_607_length_10440_cov_16.556476	10440	0	0
MV-4128_S29__NODE_608_length_10436_cov_20.162508	10436	0	0
MV-4125_S18__NODE_1063_length_10434_cov_24.250795	10434	0	0
Biragzang__NODE_857_length_10430_cov_43.566843	10430	2	0
MV-4122_S12__NODE_1342_length_10426_cov_26.027480	10426	0	0
cell-4125-0-44_S16__NODE_87_length_10425_cov_9.809740	10425	6	0
MV-4125_S18__NODE_1065_length_10422_cov_17.283303	10422	0	0
Biragzang__NODE_858_length_10418_cov_11.150922	10418	0	0
MV-4122_S12__NODE_1343_length_10417_cov_11.550376	10417	0	0
Biragzang__NODE_859_length_10416_cov_10.150275	10416	0	0
MV-4128_S29__NODE_609_length_10415_cov_17.972490	10415	0	0
Biragzang__NODE_860_length_10410_cov_9.021149	10410	510	0
MV-4122_S12__NODE_1344_length_10408_cov_12.422969	10408	0	0
MV-4125_S18__NODE_1068_length_10407_cov_22.895866	10407	8	0
Biragzang__NODE_861_length_10406_cov_48.350014	10406	246	0
Biragzang__NODE_862_length_10406_cov_7.113033	10406	0	0
MV-4122_S12__NODE_1345_length_10398_cov_8.455380	10398	0	0
cell-4122-0-44_S10__NODE_193_length_10394_cov_14.748912	10394	0	0
Biragzang__NODE_863_length_10392_cov_7.983941	10392	62	0
Biragzang__NODE_864_length_10385_cov_8.589158	10385	81	0
cell-4122-0-44_S10__NODE_194_length_10385_cov_750.506292	10385	0	0
cell-4122-0-44_S10__NODE_195_length_10377_cov_59.963670	10377	0	0
Biragzang__NODE_865_length_10376_cov_9.398605	10376	504	0
cell-4125-0-44_S16__NODE_88_length_10375_cov_12.031783	10375	6	0
MV-4122_S12__NODE_1346_length_10374_cov_10.739413	10374	0	0
MV-4122_S12__NODE_1347_length_10373_cov_8.081411	10373	0	0
Biragzang__NODE_866_length_10372_cov_56.394979	10372	385	0
MV-4122_S12__NODE_1348_length_10364_cov_24.731303	10364	0	0
MV-4125_S18__NODE_1071_length_10364_cov_28.750121	10364	0	0
Biragzang__NODE_867_length_10363_cov_11.989329	10363	692	0
cell-4125-0-44_S16__NODE_89_length_10362_cov_7.833802	10362	0	0
MV-4122_S12__NODE_1349_length_10358_cov_9.621275	10358	0	0
Biragzang__NODE_868_length_10357_cov_8.222772	10357	78	0
MV-4122_S12__NODE_1350_length_10355_cov_7.646796	10355	0	0
MV-4128_S29__NODE_610_length_10353_cov_26.812197	10353	0	0
cell-4122-0-44_S10__NODE_196_length_10352_cov_52.946975	10352	0	0
cell-4125-0-44_S16__NODE_90_length_10352_cov_6.615616	10352	0	0
Biragzang__NODE_869_length_10351_cov_50.100233	10351	344	0
Biragzang__NODE_870_length_10345_cov_25.213508	10345	141	0
Biragzang__NODE_871_length_10343_cov_47.149495	10343	0	0
Biragzang__NODE_872_length_10336_cov_28.992121	10336	0	0
cell-4122-0-44_S10__NODE_197_length_10334_cov_27.849791	10334	0	0
MV-4122_S12__NODE_1351_length_10333_cov_12.183985	10333	0	0
cell-4122-0-44_S10__NODE_198_length_10333_cov_26.070734	10333	0	0
MV-4122_S12__NODE_1352_length_10332_cov_14.192274	10332	0	0
MV-4125_S18__NODE_1074_length_10326_cov_6.145653	10326	0	0
Biragzang__NODE_873_length_10318_cov_50.292897	10318	0	0
cell-4122-0-44_S10__NODE_199_length_10313_cov_40.125171	10313	0	0
MV-4122_S12__NODE_1353_length_10311_cov_28.891673	10311	0	0
MV-4122_S12__NODE_1354_length_10309_cov_41.665789	10309	2	0
MV-4125_S18__NODE_1078_length_10302_cov_9.212355	10302	0	0
MV-4122_S12__NODE_1355_length_10297_cov_11.938098	10297	0	0
MV-4122_S12__NODE_1357_length_10288_cov_10.950943	10288	0	0
Biragzang__NODE_874_length_10286_cov_44.662887	10286	0	0
Biragzang__NODE_875_length_10284_cov_6.031479	10284	0	0
MV-4128_S29__NODE_611_length_10282_cov_14.924514	10282	0	0
MV-4125_S18__NODE_1079_length_10281_cov_20.008703	10281	0	0
MV-4125_S18__NODE_1080_length_10278_cov_65.964296	10278	0	0
Biragzang__NODE_876_length_10274_cov_10.556415	10274	32	0
Biragzang__NODE_877_length_10269_cov_14.725181	10269	78	0
Biragzang__NODE_878_length_10267_cov_15.371230	10267	0	0
MV-4122_S12__NODE_1358_length_10261_cov_25.367823	10261	0	0
MV-4122_S12__NODE_1359_length_10257_cov_28.942952	10257	0	0
Biragzang__NODE_879_length_10256_cov_10.516812	10256	0	0
MV-4128_S29__NODE_612_length_10255_cov_16.200588	10255	0	0
Biragzang__NODE_880_length_10252_cov_9.656468	10252	2	0
Biragzang__NODE_881_length_10247_cov_12.236754	10247	2	0
MV-4122_S12__NODE_1360_length_10247_cov_27.472331	10247	0	0
Biragzang__NODE_882_length_10244_cov_32.639709	10244	0	0
MV-4122_S12__NODE_1361_length_10242_cov_41.314028	10242	0	0
MV-4125_S18__NODE_1082_length_10241_cov_20.450520	10241	0	0
Biragzang__NODE_883_length_10238_cov_12.184032	10238	22	0
MV-4122_S12__NODE_1362_length_10237_cov_12.505795	10237	0	0
MV-4125_S18__NODE_1083_length_10233_cov_8.490863	10233	0	0
Biragzang__NODE_884_length_10232_cov_7.582392	10232	70	0
MV-4122_S12__NODE_1363_length_10230_cov_20.685504	10230	0	0
Biragzang__NODE_885_length_10229_cov_50.448300	10229	398	0
MV-4125_S18__NODE_1085_length_10223_cov_7.933714	10223	0	0
Biragzang__NODE_886_length_10220_cov_13.598819	10220	0	0
MV-4125_S18__NODE_1086_length_10220_cov_25.207182	10220	0	0
cell-4125-0-44_S16__NODE_91_length_10219_cov_11.156828	10219	8	0
cell-4125-0-44_S16__NODE_92_length_10214_cov_9.815139	10214	2	0
MV-4125_S18__NODE_1088_length_10213_cov_24.893581	10213	0	0
MV-4122_S12__NODE_1364_length_10209_cov_10.507091	10209	0	0
cell-4122-0-44_S10__NODE_200_length_10207_cov_9.648739	10207	0	0
cell-4122-0-44_S10__NODE_201_length_10203_cov_69.872093	10203	0	0
Biragzang__NODE_887_length_10201_cov_9.046915	10201	2	0
cell-4122-0-44_S10__NODE_202_length_10200_cov_70.531395	10200	0	0
Biragzang__NODE_888_length_10197_cov_11.219976	10197	0	0
cell-4122-0-44_S10__NODE_203_length_10195_cov_61.450099	10195	0	0
MV-4125_S18__NODE_1090_length_10189_cov_8.349122	10189	0	0
MV-4122_S12__NODE_1367_length_10188_cov_10.239416	10188	0	0
MV-4122_S12__NODE_1368_length_10187_cov_7.161666	10187	0	0
MV-4122_S12__NODE_1369_length_10186_cov_22.663705	10186	2	0
MV-4122_S12__NODE_1370_length_10184_cov_25.349393	10184	0	0
MV-4122_S12__NODE_1371_length_10184_cov_14.998717	10184	0	0
MV-4122_S12__NODE_1372_length_10180_cov_31.132049	10180	0	0
Biragzang__NODE_889_length_10178_cov_25.823570	10178	1262	0
Biragzang__NODE_890_length_10177_cov_8.094547	10177	38	0
Biragzang__NODE_891_length_10176_cov_11.838059	10176	0	0
MV-4128_S29__NODE_613_length_10169_cov_17.854459	10169	0	0
cell-4122-0-22_S11__NODE_73_length_10169_cov_11.500692	10169	0	0
Biragzang__NODE_892_length_10167_cov_31.498220	10167	151	0
cell-4125-0-44_S16__NODE_93_length_10167_cov_5.869264	10167	0	0
MV-4128_S29__NODE_614_length_10166_cov_23.286915	10166	0	0
Biragzang__NODE_893_length_10164_cov_46.507172	10164	2	0
MV-4122_S12__NODE_1373_length_10163_cov_98.906015	10163	2	0
Biragzang__NODE_894_length_10162_cov_35.722371	10162	165	0
MV-4122_S12__NODE_1374_length_10161_cov_10.446863	10161	0	0
MV-4128_S29__NODE_615_length_10158_cov_11.548154	10158	2	0
Biragzang__NODE_895_length_10152_cov_6.801228	10152	0	0
Biragzang__NODE_896_length_10149_cov_28.846741	10149	158	0
MV-4125_S18__NODE_1092_length_10149_cov_8.138696	10149	0	0
MV-4128_S29__NODE_616_length_10148_cov_12.206876	10148	0	0
cell-4122-0-44_S10__NODE_204_length_10144_cov_53.442462	10144	0	0
MV-4122_S12__NODE_1376_length_10141_cov_46.045905	10141	0	0
MV-4122_S12__NODE_1377_length_10141_cov_27.499108	10141	0	0
cell-4125-0-44_S16__NODE_94_length_10140_cov_6.460387	10140	0	0
MV-4122_S12__NODE_1378_length_10138_cov_40.152732	10138	2	0
Biragzang__NODE_897_length_10133_cov_41.095753	10133	0	0
MV-4128_S29__NODE_617_length_10133_cov_14.771185	10133	0	0
MV-4122_S12__NODE_1379_length_10132_cov_106.179518	10132	0	0
Biragzang__NODE_898_length_10131_cov_12.019849	10131	3	0
MV-4128_S29__NODE_618_length_10131_cov_12.693430	10131	0	0
MV-4122_S12__NODE_1380_length_10130_cov_24.178660	10130	0	0
Biragzang__NODE_899_length_10127_cov_7.883539	10127	10	0
MV-4125_S18__NODE_1093_length_10124_cov_6.221571	10124	0	0
MV-4122_S12__NODE_1381_length_10122_cov_5.211880	10122	0	0
MV-4128_S29__NODE_619_length_10119_cov_28.658287	10119	0	0
MV-4122_S12__NODE_1382_length_10117_cov_12.135162	10117	0	0
MV-4122_S12__NODE_1383_length_10116_cov_12.513368	10116	0	0
Biragzang__NODE_900_length_10115_cov_12.918588	10115	815	0
MV-4125_S18__NODE_1094_length_10115_cov_21.555964	10115	0	0
MV-4128_S29__NODE_620_length_10114_cov_13.353017	10114	0	0
MV-4122_S12__NODE_1385_length_10111_cov_20.295943	10111	0	0
MV-4122_S12__NODE_1386_length_10111_cov_20.025259	10111	0	0
Biragzang__NODE_901_length_10109_cov_10.550229	10109	18	0
MV-4128_S29__NODE_621_length_10109_cov_19.202606	10109	0	0
MV-4128_S29__NODE_622_length_10109_cov_16.089517	10109	0	0
MV-4128_S29__NODE_623_length_10105_cov_28.352836	10105	0	0
MV-4122_S12__NODE_1387_length_10099_cov_23.730984	10099	0	0
MV-4125_S18__NODE_1095_length_10099_cov_5.955297	10099	0	0
Biragzang__NODE_902_length_10098_cov_48.465100	10098	289	0
MV-4128_S29__NODE_624_length_10095_cov_6.659263	10095	18	0
cell-4125-0-44_S16__NODE_95_length_10095_cov_6.980478	10095	0	0
Biragzang__NODE_903_length_10093_cov_7.274258	10093	0	0
Biragzang__NODE_904_length_10091_cov_7.638900	10091	52	0
Biragzang__NODE_905_length_10091_cov_6.245018	10091	0	0
MV-4125_S18__NODE_1096_length_10090_cov_22.322770	10090	0	0
Biragzang__NODE_906_length_10089_cov_66.612916	10089	0	0
Biragzang__NODE_907_length_10084_cov_48.763785	10084	372	0
MV-4125_S18__NODE_1097_length_10080_cov_17.030623	10080	0	0
MV-4128_S29__NODE_625_length_10079_cov_23.329908	10079	0	0
MV-4128_S29__NODE_626_length_10079_cov_7.672785	10079	2	0
MV-4125_S18__NODE_1098_length_10075_cov_28.315868	10075	0	0
MV-4122_S12__NODE_1388_length_10074_cov_36.443358	10074	0	0
MV-4125_S18__NODE_1099_length_10073_cov_59.421541	10073	0	0
MV-4125_S18__NODE_1100_length_10073_cov_14.902176	10073	0	0
MV-4128_S29__NODE_628_length_10073_cov_14.859553	10073	0	0
MV-4122_S12__NODE_1389_length_10072_cov_9.020964	10072	0	0
MV-4122_S12__NODE_1390_length_10069_cov_14.704614	10069	0	0
MV-4122_S12__NODE_1391_length_10065_cov_11.545854	10065	0	0
Biragzang__NODE_908_length_10062_cov_13.835515	10062	42	0
MV-4128_S29__NODE_629_length_10061_cov_22.767539	10061	3	0
cell-4125-0-44_S16__NODE_97_length_10061_cov_7.182990	10061	0	0
MV-4122_S12__NODE_1392_length_10055_cov_27.025400	10055	0	0
MV-4122_S12__NODE_1393_length_10054_cov_13.413041	10054	0	0
MV-4125_S18__NODE_1106_length_10053_cov_24.926985	10053	0	0
cell-4125-0-44_S16__NODE_98_length_10042_cov_6.913287	10042	0	0
MV-4128_S29__NODE_630_length_10040_cov_27.747822	10040	0	0
cell-4122-0-44_S10__NODE_205_length_10038_cov_11.420815	10038	0	0
MV-4122_S12__NODE_1394_length_10037_cov_89.723803	10037	0	0
MV-4122_S12__NODE_1395_length_10037_cov_77.960329	10037	0	0
Biragzang__NODE_909_length_10036_cov_39.861136	10036	0	0
MV-4122_S12__NODE_1396_length_10036_cov_14.491434	10036	0	0
cell-4122-0-44_S10__NODE_206_length_10032_cov_15.105242	10032	0	0
Biragzang__NODE_910_length_10029_cov_12.354923	10029	36	0
MV-4125_S18__NODE_1107_length_10029_cov_20.513335	10029	0	0
MV-4122_S12__NODE_1397_length_10024_cov_62.330224	10024	0	0
MV-4128_S29__NODE_631_length_10022_cov_20.634093	10022	0	0
MV-4125_S18__NODE_1109_length_10020_cov_7.377622	10020	0	0
MV-4125_S18__NODE_1110_length_10013_cov_54.010243	10013	0	0
Biragzang__NODE_911_length_10012_cov_7.421613	10012	26	0
MV-4122_S12__NODE_1398_length_10012_cov_38.706136	10012	0	0
Biragzang__NODE_912_length_10011_cov_14.189634	10011	836	0
MV-4122_S12__NODE_1399_length_10009_cov_28.799779	10009	0	0
MV-4125_S18__NODE_1113_length_10009_cov_12.996082	10009	4	0
cell-4125-0-44_S16__NODE_99_length_10008_cov_10.019090	10008	8	0
cell-4125-0-44_S16__NODE_100_length_10006_cov_6.524068	10006	0	0
Biragzang__NODE_913_length_10004_cov_5.827118	10004	0	0
MV-4122_S12__NODE_1400_length_10000_cov_28.974359	10000	0	0
MV-4125_S18__NODE_1115_length_9999_cov_6.483608	9999	0	0
Biragzang__NODE_914_length_9998_cov_40.139797	9998	0	0
Biragzang__NODE_915_length_9996_cov_6.949804	9996	0	0
Biragzang__NODE_916_length_9995_cov_11.110463	9995	615	0
Biragzang__NODE_917_length_9994_cov_10.925445	9994	4	0
MV-4125_S18__NODE_1116_length_9994_cov_16.884093	9994	0	0
Biragzang__NODE_918_length_9987_cov_8.988321	9987	64	0
MV-4122_S12__NODE_1401_length_9986_cov_12.177726	9986	0	0
MV-4122_S12__NODE_1402_length_9985_cov_7.694763	9985	0	0
MV-4122_S12__NODE_1403_length_9981_cov_22.464840	9981	0	0
MV-4122_S12__NODE_1404_length_9977_cov_25.941242	9977	0	0
Biragzang__NODE_919_length_9976_cov_43.541578	9976	0	0
Biragzang__NODE_920_length_9976_cov_14.571515	9976	43	0
Biragzang__NODE_921_length_9976_cov_14.024292	9976	13	0
MV-4125_S18__NODE_1118_length_9975_cov_5.360484	9975	0	0
Biragzang__NODE_922_length_9974_cov_8.502672	9974	45	0
Biragzang__NODE_923_length_9972_cov_11.419683	9972	0	0
MV-4122_S12__NODE_1405_length_9970_cov_12.259304	9970	0	0
MV-4122_S12__NODE_1406_length_9962_cov_8.635712	9962	0	0
MV-4128_S29__NODE_633_length_9961_cov_31.258328	9961	0	0
Biragzang__NODE_924_length_9960_cov_13.241494	9960	24	0
MV-4125_S18__NODE_1120_length_9958_cov_8.624760	9958	0	0
MV-4122_S12__NODE_1407_length_9955_cov_23.804747	9955	0	0
Biragzang__NODE_925_length_9954_cov_13.437317	9954	2	0
MV-4122_S12__NODE_1408_length_9954_cov_21.317507	9954	0	0
MV-4125_S18__NODE_1122_length_9952_cov_19.271698	9952	0	0
MV-4125_S18__NODE_1123_length_9952_cov_7.664141	9952	0	0
Biragzang__NODE_926_length_9951_cov_53.047898	9951	356	0
MV-4125_S18__NODE_1124_length_9948_cov_20.582331	9948	0	0
cell-4122-0-44_S10__NODE_207_length_9946_cov_12.593368	9946	2	0
MV-4125_S18__NODE_1125_length_9945_cov_13.275430	9945	0	0
cell-4125-0-44_S16__NODE_101_length_9944_cov_8.979270	9944	0	0
MV-4128_S29__NODE_634_length_9942_cov_24.556589	9942	2	0
MV-4125_S18__NODE_1126_length_9940_cov_6.936773	9940	0	0
MV-4122_S12__NODE_1409_length_9934_cov_11.267942	9934	0	0
Biragzang__NODE_927_length_9931_cov_17.571081	9931	0	0
cell-4125-0-44_S16__NODE_102_length_9930_cov_7.824506	9930	0	0
Biragzang__NODE_928_length_9929_cov_10.273243	9929	619	0
Biragzang__NODE_929_length_9929_cov_7.240024	9929	0	0
MV-4122_S12__NODE_1410_length_9929_cov_7.877557	9929	0	0
MV-4122_S12__NODE_1411_length_9928_cov_50.493872	9928	2	0
MV-4122_S12__NODE_1412_length_9926_cov_19.462668	9926	0	0
MV-4122_S12__NODE_1413_length_9924_cov_34.076604	9924	0	0
MV-4122_S12__NODE_1414_length_9915_cov_22.790568	9915	0	0
MV-4128_S29__NODE_635_length_9915_cov_16.967241	9915	0	0
Biragzang__NODE_930_length_9914_cov_48.591541	9914	339	0
MV-4122_S12__NODE_1415_length_9914_cov_17.661020	9914	0	0
cell-4122-0-44_S10__NODE_208_length_9913_cov_29.531447	9913	0	0
MV-4125_S18__NODE_1129_length_9911_cov_17.551035	9911	0	0
cell-4122-0-44_S10__NODE_209_length_9908_cov_52.564194	9908	0	0
MV-4122_S12__NODE_1416_length_9904_cov_12.893999	9904	0	0
MV-4128_S29__NODE_636_length_9901_cov_29.481109	9901	0	0
MV-4122_S12__NODE_1417_length_9900_cov_12.597664	9900	0	0
MV-4122_S12__NODE_1418_length_9899_cov_23.676656	9899	0	0
Biragzang__NODE_931_length_9897_cov_12.936700	9897	0	0
MV-4122_S12__NODE_1419_length_9897_cov_41.711644	9897	0	0
MV-4125_S18__NODE_1131_length_9896_cov_28.827863	9896	0	0
cell-4125-0-44_S16__NODE_104_length_9894_cov_7.913914	9894	0	0
MV-4122_S12__NODE_1420_length_9890_cov_23.722318	9890	0	0
MV-4122_S12__NODE_1421_length_9887_cov_21.376017	9887	0	0
cell-4125-0-44_S16__NODE_105_length_9885_cov_6.950763	9885	0	0
MV-4128_S29__NODE_638_length_9884_cov_23.899786	9884	0	0
MV-4128_S29__NODE_639_length_9882_cov_25.179505	9882	0	0
MV-4128_S29__NODE_640_length_9877_cov_15.058949	9877	0	0
MV-4122_S12__NODE_1422_length_9876_cov_8.581407	9876	0	0
MV-4122_S12__NODE_1423_length_9874_cov_43.812812	9874	0	0
MV-4122_S12__NODE_1424_length_9874_cov_5.606172	9874	0	0
MV-4122_S12__NODE_1425_length_9873_cov_32.955999	9873	0	0
MV-4128_S29__NODE_641_length_9873_cov_226.239866	9873	0	0
Biragzang__NODE_932_length_9864_cov_14.917219	9864	0	0
MV-4128_S29__NODE_642_length_9863_cov_28.726346	9863	0	0
MV-4122_S12__NODE_1426_length_9861_cov_7.542423	9861	0	0
Biragzang__NODE_933_length_9856_cov_15.851648	9856	4	0
MV-4125_S18__NODE_1134_length_9854_cov_23.804470	9854	0	0
MV-4128_S29__NODE_643_length_9853_cov_7.505001	9853	10	0
Biragzang__NODE_934_length_9851_cov_35.164149	9851	0	0
Biragzang__NODE_935_length_9850_cov_5.559775	9850	0	0
MV-4122_S12__NODE_1427_length_9848_cov_39.229041	9848	0	0
cell-4122-0-44_S10__NODE_210_length_9847_cov_44.878574	9847	0	0
Biragzang__NODE_936_length_9845_cov_40.083759	9845	14	0
Biragzang__NODE_937_length_9844_cov_15.286853	9844	567	0
cell-4122-0-44_S10__NODE_211_length_9844_cov_40.870875	9844	0	0
Biragzang__NODE_938_length_9843_cov_8.021046	9843	47	0
MV-4122_S12__NODE_1429_length_9843_cov_7.395484	9843	0	0
cell-4122-0-44_S10__NODE_212_length_9841_cov_61.445126	9841	0	0
cell-4125-0-44_S16__NODE_106_length_9841_cov_6.751788	9841	0	0
Biragzang__NODE_939_length_9836_cov_41.411001	9836	147	0
Biragzang__NODE_940_length_9836_cov_37.455270	9836	0	0
MV-4122_S12__NODE_1430_length_9832_cov_34.368211	9832	0	0
Biragzang__NODE_941_length_9824_cov_7.006551	9824	0	0
Biragzang__NODE_942_length_9822_cov_11.829835	9822	16	0
MV-4122_S12__NODE_1431_length_9820_cov_12.117768	9820	0	0
Biragzang__NODE_943_length_9819_cov_17.300184	9819	0	0
MV-4128_S29__NODE_644_length_9819_cov_23.884269	9819	0	0
Biragzang__NODE_944_length_9817_cov_13.682647	9817	786	0
MV-4128_S29__NODE_645_length_9814_cov_14.461215	9814	0	0
cell-4122-0-44_S10__NODE_213_length_9811_cov_46.382124	9811	0	0
MV-4125_S18__NODE_1135_length_9810_cov_8.209431	9810	0	0
MV-4122_S12__NODE_1432_length_9806_cov_8.285099	9806	0	0
Biragzang__NODE_945_length_9805_cov_11.260615	9805	14	0
cell-4122-0-44_S10__NODE_214_length_9801_cov_20.498461	9801	0	0
MV-4128_S29__NODE_646_length_9799_cov_12.814245	9799	0	0
cell-4125-0-44_S16__NODE_107_length_9798_cov_20.242123	9798	0	0
Biragzang__NODE_946_length_9796_cov_27.821374	9796	0	0
Biragzang__NODE_947_length_9793_cov_6.277983	9793	0	0
MV-4122_S12__NODE_1433_length_9793_cov_9.960053	9793	0	0
MV-4125_S18__NODE_1136_length_9791_cov_80.112264	9791	0	0
cell-4125-0-44_S16__NODE_108_length_9790_cov_5.757884	9790	0	0
Biragzang__NODE_948_length_9789_cov_14.739984	9789	688	0
MV-4122_S12__NODE_1434_length_9789_cov_10.066879	9789	0	0
Biragzang__NODE_949_length_9783_cov_14.926295	9783	0	0
MV-4122_S12__NODE_1435_length_9783_cov_22.799856	9783	0	0
Biragzang__NODE_950_length_9782_cov_27.434975	9782	129	0
MV-4122_S12__NODE_1436_length_9782_cov_13.317261	9782	0	0
MV-4125_S18__NODE_1139_length_9782_cov_19.981186	9782	0	0
MV-4128_S29__NODE_647_length_9779_cov_8.712258	9779	6	0
Biragzang__NODE_951_length_9776_cov_12.955766	9776	0	0
MV-4128_S29__NODE_648_length_9775_cov_6.329218	9775	0	0
Biragzang__NODE_952_length_9772_cov_27.380158	9772	0	0
MV-4125_S18__NODE_1141_length_9772_cov_6.547494	9772	0	0
MV-4125_S18__NODE_1142_length_9772_cov_5.782855	9772	0	0
Biragzang__NODE_953_length_9771_cov_14.441231	9771	0	0
Biragzang__NODE_954_length_9769_cov_19.362467	9769	0	0
MV-4125_S18__NODE_1143_length_9768_cov_9.985895	9768	0	0
MV-4125_S18__NODE_1144_length_9768_cov_6.903222	9768	0	0
Biragzang__NODE_955_length_9764_cov_10.120713	9764	563	0
MV-4125_S18__NODE_1145_length_9763_cov_7.076947	9763	0	0
MV-4122_S12__NODE_1438_length_9755_cov_20.530825	9755	0	0
MV-4122_S12__NODE_1439_length_9752_cov_25.165206	9752	0	0
MV-4122_S12__NODE_1440_length_9751_cov_22.548886	9751	0	0
MV-4128_S29__NODE_649_length_9749_cov_25.809676	9749	0	0
cell-4125-0-44_S16__NODE_109_length_9749_cov_11.402311	9749	1	0
Biragzang__NODE_956_length_9746_cov_9.463832	9746	0	0
MV-4128_S29__NODE_650_length_9743_cov_11.552642	9743	0	0
cell-4122-0-44_S10__NODE_215_length_9742_cov_15.072778	9742	0	0
Biragzang__NODE_957_length_9739_cov_6.414188	9739	0	0
MV-4128_S29__NODE_651_length_9736_cov_12.854354	9736	0	0
MV-4122_S12__NODE_1441_length_9735_cov_39.259607	9735	0	0
cell-4125-0-44_S16__NODE_110_length_9733_cov_9.519116	9733	2	0
cell-4125-0-44_S16__NODE_111_length_9730_cov_7.581189	9730	0	0
MV-4125_S18__NODE_1147_length_9729_cov_6.273620	9729	0	0
Biragzang__NODE_958_length_9725_cov_50.947880	9725	0	0
MV-4125_S18__NODE_1148_length_9725_cov_7.322958	9725	0	0
MV-4125_S18__NODE_1149_length_9724_cov_19.917468	9724	0	0
MV-4125_S18__NODE_1150_length_9723_cov_7.097849	9723	0	0
MV-4125_S18__NODE_1151_length_9721_cov_18.095076	9721	5	0
MV-4122_S12__NODE_1444_length_9714_cov_24.960762	9714	0	0
cell-4122-0-44_S10__NODE_216_length_9709_cov_15.827533	9709	0	0
MV-4122_S12__NODE_1445_length_9708_cov_24.451569	9708	0	0
MV-4125_S18__NODE_1153_length_9706_cov_7.400891	9706	0	0
Biragzang__NODE_959_length_9705_cov_37.659793	9705	4	0
cell-4125-0-44_S16__NODE_112_length_9702_cov_8.738572	9702	3	0
MV-4122_S12__NODE_1447_length_9697_cov_12.361543	9697	0	0
Biragzang__NODE_960_length_9695_cov_9.226349	9695	84	0
Biragzang__NODE_961_length_9694_cov_27.791161	9694	181	0
Biragzang__NODE_962_length_9692_cov_7.366504	9692	0	0
MV-4122_S12__NODE_1448_length_9690_cov_11.134925	9690	0	0
MV-4128_S29__NODE_652_length_9690_cov_14.631033	9690	0	0
MV-4125_S18__NODE_1155_length_9685_cov_18.416615	9685	4	0
MV-4122_S12__NODE_1449_length_9684_cov_12.125766	9684	0	0
cell-4125-0-44_S16__NODE_113_length_9684_cov_25.434001	9684	0	0
cell-4122-0-44_S10__NODE_217_length_9681_cov_13.589653	9681	0	0
Biragzang__NODE_963_length_9677_cov_7.041675	9677	0	0
MV-4128_S29__NODE_654_length_9665_cov_26.475650	9665	0	0
cell-4122-0-44_S10__NODE_218_length_9664_cov_45.119055	9664	2	0
MV-4122_S12__NODE_1450_length_9663_cov_12.658514	9663	0	0
Biragzang__NODE_964_length_9662_cov_9.949308	9662	0	0
Biragzang__NODE_965_length_9658_cov_6.654587	9658	0	0
Biragzang__NODE_966_length_9650_cov_43.142157	9650	0	0
Biragzang__NODE_967_length_9648_cov_26.195455	9648	4	0
MV-4122_S12__NODE_1452_length_9645_cov_8.698644	9645	0	0
cell-4125-0-44_S16__NODE_114_length_9645_cov_6.735871	9645	0	0
MV-4122_S12__NODE_1453_length_9642_cov_7.815166	9642	0	0
MV-4122_S12__NODE_1454_length_9641_cov_9.551742	9641	0	0
MV-4125_S18__NODE_1159_length_9638_cov_12.392257	9638	2	0
MV-4125_S18__NODE_1160_length_9638_cov_11.391214	9638	0	0
Biragzang__NODE_968_length_9637_cov_8.035901	9637	56	0
Biragzang__NODE_969_length_9636_cov_19.844380	9636	0	0
MV-4122_S12__NODE_1455_length_9636_cov_6.692725	9636	0	0
Biragzang__NODE_970_length_9634_cov_11.786512	9634	14	0
MV-4128_S29__NODE_655_length_9634_cov_31.074851	9634	0	0
cell-4122-0-22_S11__NODE_83_length_9634_cov_165.785051	9634	0	0
MV-4122_S12__NODE_1456_length_9629_cov_7.434406	9629	0	0
MV-4128_S29__NODE_656_length_9623_cov_25.188963	9623	0	0
MV-4122_S12__NODE_1457_length_9622_cov_13.420403	9622	0	0
Biragzang__NODE_971_length_9613_cov_7.642498	9613	46	0
MV-4125_S18__NODE_1165_length_9612_cov_9.163231	9612	0	0
MV-4128_S29__NODE_657_length_9611_cov_9.801172	9611	0	0
MV-4128_S29__NODE_658_length_9611_cov_9.243826	9611	0	0
MV-4128_S29__NODE_659_length_9607_cov_26.761621	9607	0	0
Biragzang__NODE_972_length_9606_cov_42.606219	9606	0	0
MV-4122_S12__NODE_1458_length_9606_cov_8.548948	9606	0	0
Biragzang__NODE_973_length_9605_cov_35.501361	9605	5	0
Biragzang__NODE_974_length_9604_cov_49.746675	9604	4	0
Biragzang__NODE_975_length_9603_cov_9.620758	9603	6	0
Biragzang__NODE_976_length_9602_cov_6.912014	9602	48	0
MV-4122_S12__NODE_1460_length_9600_cov_7.090938	9600	0	0
MV-4125_S18__NODE_1166_length_9600_cov_24.224935	9600	0	0
MV-4122_S12__NODE_1461_length_9593_cov_34.767456	9593	0	0
Biragzang__NODE_977_length_9591_cov_11.290373	9591	14	0
MV-4125_S18__NODE_1168_length_9591_cov_6.725357	9591	0	0
Biragzang__NODE_978_length_9588_cov_14.046470	9588	0	0
cell-4122-0-44_S10__NODE_220_length_9583_cov_44.038413	9583	0	0
MV-4122_S12__NODE_1462_length_9580_cov_48.371129	9580	0	0
Biragzang__NODE_979_length_9579_cov_11.351953	9579	615	0
cell-4122-0-44_S10__NODE_221_length_9579_cov_16.859513	9579	0	0
MV-4122_S12__NODE_1463_length_9577_cov_4.344991	9577	0	0
MV-4125_S18__NODE_1169_length_9577_cov_29.824722	9577	0	0
Biragzang__NODE_980_length_9576_cov_55.018170	9576	2	0
cell-4122-0-44_S10__NODE_222_length_9575_cov_14.680777	9575	0	0
cell-4122-0-44_S10__NODE_223_length_9575_cov_14.182458	9575	0	0
MV-4128_S29__NODE_660_length_9569_cov_14.703069	9569	0	0
MV-4122_S12__NODE_1464_length_9563_cov_12.085612	9563	0	0
MV-4128_S29__NODE_661_length_9563_cov_13.833193	9563	0	0
Biragzang__NODE_981_length_9560_cov_6.316465	9560	0	0
MV-4125_S18__NODE_1172_length_9560_cov_18.875539	9560	0	0
MV-4122_S12__NODE_1465_length_9555_cov_7.724737	9555	0	0
MV-4128_S29__NODE_662_length_9555_cov_24.676421	9555	0	0
MV-4128_S29__NODE_663_length_9555_cov_24.538421	9555	0	0
MV-4128_S29__NODE_664_length_9551_cov_15.256108	9551	0	0
MV-4125_S18__NODE_1173_length_9550_cov_7.563454	9550	0	0
Biragzang__NODE_982_length_9543_cov_15.783621	9543	808	0
MV-4122_S12__NODE_1467_length_9540_cov_11.726199	9540	0	0
MV-4122_S12__NODE_1468_length_9537_cov_9.565176	9537	0	0
MV-4128_S29__NODE_665_length_9537_cov_28.123814	9537	0	0
MV-4125_S18__NODE_1175_length_9535_cov_9.120570	9535	0	0
MV-4128_S29__NODE_666_length_9529_cov_16.455351	9529	2	0
Biragzang__NODE_983_length_9528_cov_13.359548	9528	24	0
MV-4122_S12__NODE_1470_length_9524_cov_11.951526	9524	0	0
MV-4122_S12__NODE_1471_length_9520_cov_8.908294	9520	0	0
MV-4122_S12__NODE_1472_length_9519_cov_6.746619	9519	0	0
MV-4125_S18__NODE_1178_length_9518_cov_17.187150	9518	0	0
cell-4122-0-44_S10__NODE_224_length_9518_cov_57.433583	9518	0	0
Biragzang__NODE_984_length_9511_cov_43.073393	9511	14	0
cell-4125-0-44_S16__NODE_117_length_9509_cov_8.332663	9509	8	0
MV-4122_S12__NODE_1473_length_9506_cov_27.882658	9506	0	0
cell-4122-0-44_S10__NODE_225_length_9506_cov_10.085599	9506	0	0
MV-4125_S18__NODE_1179_length_9503_cov_35.930779	9503	0	0
MV-4125_S18__NODE_1180_length_9502_cov_15.911824	9502	0	0
MV-4125_S18__NODE_1181_length_9500_cov_23.525357	9500	0	0
Biragzang__NODE_985_length_9499_cov_16.490576	9499	0	0
MV-4122_S12__NODE_1474_length_9499_cov_51.915078	9499	0	0
MV-4122_S12__NODE_1475_length_9498_cov_24.995023	9498	0	0
MV-4125_S18__NODE_1182_length_9498_cov_24.659324	9498	0	0
Biragzang__NODE_986_length_9497_cov_6.466109	9497	0	0
MV-4122_S12__NODE_1476_length_9494_cov_23.947876	9494	0	0
cell-4122-0-44_S10__NODE_226_length_9494_cov_13.186990	9494	0	0
MV-4122_S12__NODE_1477_length_9492_cov_144.151425	9492	0	0
MV-4125_S18__NODE_1183_length_9491_cov_7.694362	9491	0	0
MV-4122_S12__NODE_1478_length_9490_cov_8.941918	9490	0	0
MV-4128_S29__NODE_667_length_9490_cov_12.996820	9490	0	0
Biragzang__NODE_987_length_9488_cov_27.599809	9488	0	0
Biragzang__NODE_988_length_9486_cov_8.382462	9486	40	0
Biragzang__NODE_989_length_9485_cov_14.846766	9485	812	0
Biragzang__NODE_990_length_9483_cov_10.045397	9483	0	0
Biragzang__NODE_991_length_9479_cov_49.344228	9479	339	0
Biragzang__NODE_992_length_9476_cov_10.106358	9476	0	0
MV-4122_S12__NODE_1479_length_9475_cov_8.347346	9475	0	0
MV-4128_S29__NODE_668_length_9475_cov_14.755202	9475	0	0
cell-4125-0-44_S16__NODE_118_length_9471_cov_8.230140	9471	13	0
Biragzang__NODE_993_length_9469_cov_39.031443	9469	0	0
Biragzang__NODE_994_length_9468_cov_25.344205	9468	90	0
MV-4122_S12__NODE_1480_length_9465_cov_27.668438	9465	0	0
Biragzang__NODE_995_length_9463_cov_13.159864	9463	31	0
MV-4122_S12__NODE_1481_length_9463_cov_12.411565	9463	0	0
Biragzang__NODE_996_length_9459_cov_7.042110	9459	0	0
Biragzang__NODE_997_length_9457_cov_10.180068	9457	7	0
Biragzang__NODE_998_length_9457_cov_7.926505	9457	10	0
Biragzang__NODE_1000_length_9456_cov_12.641740	9456	0	0
Biragzang__NODE_999_length_9456_cov_13.198702	9456	12	0
MV-4125_S18__NODE_1187_length_9451_cov_7.133461	9451	0	0
Biragzang__NODE_1001_length_9447_cov_9.543548	9447	14	0
Biragzang__NODE_1002_length_9445_cov_7.602449	9445	0	0
Biragzang__NODE_1003_length_9442_cov_69.901779	9442	127	0
Biragzang__NODE_1004_length_9439_cov_23.535699	9439	136	0
Biragzang__NODE_1005_length_9439_cov_6.484655	9439	0	0
MV-4128_S29__NODE_669_length_9439_cov_14.363704	9439	0	0
Biragzang__NODE_1006_length_9437_cov_37.966851	9437	199	0
Biragzang__NODE_1007_length_9435_cov_34.435394	9435	31	0
cell-4122-0-44_S10__NODE_227_length_9435_cov_40.007569	9435	0	0
MV-4125_S18__NODE_1191_length_9434_cov_6.629172	9434	0	0
Biragzang__NODE_1008_length_9432_cov_11.998080	9432	0	0
cell-4122-0-44_S10__NODE_228_length_9429_cov_12.764135	9429	0	0
MV-4128_S29__NODE_670_length_9428_cov_22.552758	9428	0	0
Biragzang__NODE_1009_length_9419_cov_29.723622	9419	0	0
MV-4128_S29__NODE_671_length_9418_cov_15.238278	9418	0	0
MV-4125_S18__NODE_1193_length_9417_cov_16.828135	9417	0	0
MV-4122_S12__NODE_1484_length_9414_cov_39.252164	9414	0	0
Biragzang__NODE_1010_length_9412_cov_9.872288	9412	12	0
MV-4128_S29__NODE_672_length_9409_cov_11.700021	9409	0	0
MV-4125_S18__NODE_1196_length_9407_cov_22.351155	9407	0	0
Biragzang__NODE_1011_length_9405_cov_6.469198	9405	0	0
MV-4128_S29__NODE_673_length_9405_cov_25.453262	9405	0	0
Biragzang__NODE_1012_length_9401_cov_34.070939	9401	154	0
cell-4125-0-44_S16__NODE_119_length_9399_cov_18.974422	9399	0	0
Biragzang__NODE_1013_length_9394_cov_40.203983	9394	0	0
Biragzang__NODE_1014_length_9394_cov_19.658636	9394	0	0
Biragzang__NODE_1015_length_9390_cov_10.976647	9390	0	0
cell-4122-0-44_S10__NODE_229_length_9389_cov_24.575745	9389	0	0
Biragzang__NODE_1016_length_9387_cov_5.620982	9387	0	0
Biragzang__NODE_1017_length_9386_cov_18.073518	9386	2	0
cell-4122-0-44_S10__NODE_230_length_9386_cov_15.302647	9386	0	0
Biragzang__NODE_1018_length_9384_cov_14.838782	9384	28	0
MV-4128_S29__NODE_674_length_9384_cov_26.002144	9384	0	0
MV-4125_S18__NODE_1197_length_9383_cov_6.438036	9383	0	0
MV-4128_S29__NODE_675_length_9378_cov_4.630376	9378	0	0
Biragzang__NODE_1019_length_9377_cov_13.583888	9377	747	0
Biragzang__NODE_1020_length_9376_cov_9.846798	9376	510	0
Biragzang__NODE_1021_length_9373_cov_13.655613	9373	4	0
MV-4122_S12__NODE_1486_length_9373_cov_10.194570	9373	0	0
cell-4125-0-44_S16__NODE_120_length_9373_cov_10.025005	9373	4	0
cell-4125-0-44_S16__NODE_121_length_9372_cov_8.323709	9372	0	0
Biragzang__NODE_1022_length_9370_cov_10.760064	9370	0	0
MV-4128_S29__NODE_676_length_9370_cov_21.852818	9370	0	0
MV-4122_S12__NODE_1487_length_9363_cov_11.396755	9363	0	0
MV-4128_S29__NODE_677_length_9361_cov_11.914894	9361	0	0
Biragzang__NODE_1023_length_9360_cov_39.436110	9360	0	0
cell-4122-0-44_S10__NODE_231_length_9357_cov_10.986347	9357	0	0
MV-4122_S12__NODE_1488_length_9356_cov_12.535211	9356	0	0
MV-4125_S18__NODE_1199_length_9356_cov_26.511558	9356	0	0
Biragzang__NODE_1024_length_9354_cov_39.779654	9354	175	0
Biragzang__NODE_1025_length_9354_cov_7.450586	9354	0	0
MV-4122_S12__NODE_1489_length_9354_cov_61.616733	9354	0	0
cell-4125-0-44_S16__NODE_122_length_9354_cov_7.113883	9354	0	0
Biragzang__NODE_1026_length_9349_cov_32.382612	9349	165	0
MV-4122_S12__NODE_1490_length_9348_cov_12.458732	9348	0	0
MV-4125_S18__NODE_1200_length_9348_cov_6.731949	9348	0	0
MV-4125_S18__NODE_1201_length_9346_cov_12.511570	9346	0	0
MV-4125_S18__NODE_1203_length_9344_cov_8.150931	9344	0	0
MV-4122_S12__NODE_1491_length_9342_cov_20.590287	9342	0	0
MV-4122_S12__NODE_1492_length_9341_cov_11.464355	9341	0	0
MV-4122_S12__NODE_1493_length_9340_cov_37.984383	9340	0	0
MV-4122_S12__NODE_1494_length_9340_cov_7.599569	9340	0	0
MV-4122_S12__NODE_1495_length_9339_cov_11.323029	9339	2	0
Biragzang__NODE_1027_length_9333_cov_46.780987	9333	0	0
Biragzang__NODE_1028_length_9333_cov_13.503449	9333	0	0
Biragzang__NODE_1029_length_9333_cov_11.882733	9333	4	0
Biragzang__NODE_1030_length_9332_cov_53.846287	9332	360	0
Biragzang__NODE_1031_length_9332_cov_13.011642	9332	660	0
cell-4125-0-44_S16__NODE_124_length_9330_cov_9.045283	9330	0	0
MV-4122_S12__NODE_1496_length_9329_cov_23.859068	9329	0	0
MV-4128_S29__NODE_678_length_9328_cov_9.905856	9328	10	0
cell-4125-0-44_S16__NODE_125_length_9328_cov_6.975952	9328	0	0
Biragzang__NODE_1032_length_9327_cov_15.894737	9327	779	0
Biragzang__NODE_1033_length_9325_cov_60.346602	9325	0	0
MV-4122_S12__NODE_1497_length_9325_cov_22.170982	9325	0	0
MV-4122_S12__NODE_1498_length_9324_cov_13.419247	9324	0	0
MV-4128_S29__NODE_679_length_9324_cov_16.252023	9324	0	0
MV-4122_S12__NODE_1499_length_9319_cov_11.898100	9319	0	0
MV-4122_S12__NODE_1500_length_9317_cov_58.740985	9317	0	0
MV-4122_S12__NODE_1501_length_9317_cov_9.008637	9317	0	0
MV-4122_S12__NODE_1502_length_9312_cov_6.762558	9312	0	0
MV-4128_S29__NODE_680_length_9310_cov_25.873690	9310	0	0
MV-4122_S12__NODE_1503_length_9309_cov_13.417981	9309	0	0
MV-4122_S12__NODE_1504_length_9307_cov_49.336468	9307	0	0
MV-4125_S18__NODE_1206_length_9306_cov_6.774835	9306	0	0
MV-4125_S18__NODE_1208_length_9303_cov_27.188041	9303	0	0
cell-4122-0-44_S10__NODE_232_length_9303_cov_69.462370	9303	0	0
MV-4122_S12__NODE_1505_length_9301_cov_8.152607	9301	0	0
MV-4125_S18__NODE_1209_length_9300_cov_20.090211	9300	0	0
Biragzang__NODE_1034_length_9299_cov_12.227391	9299	0	0
MV-4128_S29__NODE_681_length_9299_cov_26.504760	9299	0	0
Biragzang__NODE_1035_length_9298_cov_8.562263	9298	0	0
MV-4128_S29__NODE_682_length_9298_cov_14.534350	9298	0	0
MV-4122_S12__NODE_1506_length_9297_cov_9.097814	9297	0	0
MV-4128_S29__NODE_683_length_9295_cov_7.840476	9295	6	0
MV-4125_S18__NODE_1212_length_9288_cov_7.814795	9288	0	0
MV-4125_S18__NODE_1213_length_9288_cov_7.505686	9288	0	0
MV-4128_S29__NODE_684_length_9288_cov_7.047005	9288	0	0
Biragzang__NODE_1036_length_9286_cov_16.323584	9286	0	0
MV-4122_S12__NODE_1507_length_9283_cov_15.672627	9283	0	0
Biragzang__NODE_1037_length_9281_cov_12.566226	9281	22	0
Biragzang__NODE_1038_length_9280_cov_9.835230	9280	50	0
Biragzang__NODE_1039_length_9278_cov_22.327225	9278	0	0
Biragzang__NODE_1040_length_9276_cov_30.157033	9276	106	0
MV-4122_S12__NODE_1508_length_9275_cov_8.453688	9275	0	0
MV-4128_S29__NODE_685_length_9274_cov_10.569910	9274	0	0
Biragzang__NODE_1041_length_9273_cov_43.164027	9273	6	0
MV-4122_S12__NODE_1509_length_9273_cov_11.721957	9273	0	0
MV-4125_S18__NODE_1215_length_9272_cov_6.391993	9272	0	0
Biragzang__NODE_1042_length_9269_cov_13.992294	9269	16	0
cell-4122-0-44_S10__NODE_233_length_9269_cov_12.030606	9269	0	0
MV-4122_S12__NODE_1510_length_9268_cov_28.739173	9268	0	0
MV-4122_S12__NODE_1511_length_9266_cov_82.683205	9266	0	0
Biragzang__NODE_1043_length_9265_cov_69.421824	9265	0	0
Biragzang__NODE_1044_length_9263_cov_45.462750	9263	2	0
Biragzang__NODE_1045_length_9263_cov_6.357298	9263	35	0
MV-4128_S29__NODE_686_length_9261_cov_14.381708	9261	0	0
cell-4122-0-44_S10__NODE_234_length_9260_cov_15.125910	9260	0	0
Biragzang__NODE_1046_length_9257_cov_7.870028	9257	46	0
MV-4122_S12__NODE_1512_length_9256_cov_24.420715	9256	0	0
cell-4125-0-44_S16__NODE_126_length_9256_cov_6.996522	9256	0	0
Biragzang__NODE_1047_length_9255_cov_8.778804	9255	34	0
MV-4128_S29__NODE_687_length_9255_cov_14.522391	9255	0	0
MV-4122_S12__NODE_1513_length_9253_cov_11.138400	9253	0	0
Biragzang__NODE_1048_length_9242_cov_38.825079	9242	0	0
MV-4122_S12__NODE_1514_length_9242_cov_32.956460	9242	0	0
MV-4122_S12__NODE_1515_length_9242_cov_15.927615	9242	0	0
MV-4122_S12__NODE_1516_length_9242_cov_12.103407	9242	0	0
Biragzang__NODE_1049_length_9241_cov_47.084041	9241	0	0
Biragzang__NODE_1050_length_9240_cov_55.257485	9240	2	0
MV-4125_S18__NODE_1219_length_9238_cov_20.152565	9238	0	0
Biragzang__NODE_1051_length_9237_cov_13.267480	9237	10	0
MV-4125_S18__NODE_1221_length_9237_cov_20.205946	9237	2	0
Biragzang__NODE_1052_length_9236_cov_6.951312	9236	0	0
MV-4122_S12__NODE_1517_length_9236_cov_90.025923	9236	0	0
Biragzang__NODE_1053_length_9233_cov_6.986272	9233	0	0
Biragzang__NODE_1054_length_9225_cov_14.119193	9225	19	0
MV-4122_S12__NODE_1518_length_9223_cov_6.616710	9223	0	0
MV-4125_S18__NODE_1223_length_9223_cov_27.221968	9223	0	0
MV-4122_S12__NODE_1519_length_9221_cov_29.795003	9221	0	0
Biragzang__NODE_1055_length_9219_cov_9.851157	9219	40	0
MV-4122_S12__NODE_1520_length_9217_cov_36.806265	9217	0	0
Biragzang__NODE_1056_length_9216_cov_10.447222	9216	6	0
MV-4122_S12__NODE_1521_length_9216_cov_31.580286	9216	0	0
MV-4122_S12__NODE_1522_length_9214_cov_11.900535	9214	0	0
Biragzang__NODE_1057_length_9212_cov_5.571039	9212	0	0
Biragzang__NODE_1058_length_9210_cov_11.435281	9210	8	0
MV-4122_S12__NODE_1523_length_9209_cov_36.744811	9209	0	0
cell-4125-0-44_S16__NODE_127_length_9207_cov_7.383960	9207	0	0
Biragzang__NODE_1059_length_9204_cov_54.098590	9204	0	0
Biragzang__NODE_1060_length_9202_cov_11.499289	9202	608	0
Biragzang__NODE_1061_length_9200_cov_9.783816	9200	0	0
MV-4125_S18__NODE_1225_length_9196_cov_20.230391	9196	0	0
Biragzang__NODE_1062_length_9194_cov_12.332421	9194	0	0
Biragzang__NODE_1063_length_9193_cov_10.631976	9193	3	0
MV-4122_S12__NODE_1524_length_9193_cov_24.191289	9193	0	0
MV-4122_S12__NODE_1525_length_9191_cov_12.260398	9191	0	0
Biragzang__NODE_1064_length_9189_cov_17.031093	9189	0	0
MV-4122_S12__NODE_1526_length_9189_cov_36.353952	9189	0	0
cell-4125-0-44_S16__NODE_128_length_9189_cov_6.589774	9189	0	0
MV-4125_S18__NODE_1226_length_9185_cov_28.134283	9185	0	0
Biragzang__NODE_1065_length_9184_cov_7.358637	9184	46	0
cell-4122-0-44_S10__NODE_235_length_9175_cov_33.355702	9175	0	0
cell-4122-0-44_S10__NODE_236_length_9174_cov_13.219542	9174	0	0
MV-4125_S18__NODE_1228_length_9172_cov_23.201492	9172	0	0
Biragzang__NODE_1066_length_9171_cov_11.815050	9171	414	0
MV-4122_S12__NODE_1527_length_9169_cov_21.135286	9169	0	0
MV-4125_S18__NODE_1230_length_9169_cov_18.865262	9169	0	0
cell-4122-0-44_S10__NODE_237_length_9169_cov_14.859118	9169	0	0
MV-4122_S12__NODE_1528_length_9168_cov_19.083397	9168	0	0
cell-4125-0-44_S16__NODE_129_length_9167_cov_6.071005	9167	0	0
Biragzang__NODE_1067_length_9165_cov_11.049506	9165	4	0
MV-4122_S12__NODE_1529_length_9165_cov_12.513063	9165	0	0
MV-4125_S18__NODE_1231_length_9165_cov_22.484303	9165	3	0
MV-4122_S12__NODE_1530_length_9163_cov_24.865064	9163	0	0
Biragzang__NODE_1068_length_9160_cov_8.959802	9160	21	0
MV-4122_S12__NODE_1531_length_9159_cov_22.962764	9159	0	0
MV-4122_S12__NODE_1532_length_9158_cov_5.325387	9158	0	0
MV-4128_S29__NODE_688_length_9158_cov_27.207734	9158	0	0
cell-4122-0-44_S10__NODE_238_length_9158_cov_15.705262	9158	0	0
Biragzang__NODE_1069_length_9156_cov_41.132733	9156	0	0
MV-4125_S18__NODE_1234_length_9153_cov_22.278962	9153	6	0
Biragzang__NODE_1070_length_9151_cov_10.158421	9151	50	0
MV-4122_S12__NODE_1533_length_9147_cov_11.795864	9147	0	0
cell-4125-0-44_S16__NODE_130_length_9146_cov_7.283357	9146	0	0
MV-4128_S29__NODE_689_length_9139_cov_24.337627	9139	0	0
Biragzang__NODE_1071_length_9136_cov_8.451382	9136	59	0
Biragzang__NODE_1072_length_9135_cov_14.036784	9135	14	0
MV-4122_S12__NODE_1534_length_9134_cov_23.775967	9134	0	0
cell-4122-0-44_S10__NODE_239_length_9133_cov_12.184071	9133	0	0
Biragzang__NODE_1073_length_9131_cov_39.706258	9131	195	0
cell-4125-0-44_S16__NODE_131_length_9130_cov_9.633719	9130	0	0
MV-4128_S29__NODE_690_length_9129_cov_9.682169	9129	0	0
Biragzang__NODE_1074_length_9128_cov_6.653808	9128	0	0
MV-4125_S18__NODE_1239_length_9125_cov_22.676626	9125	0	0
MV-4122_S12__NODE_1537_length_9124_cov_12.044327	9124	0	0
Biragzang__NODE_1075_length_9115_cov_58.300110	9115	0	0
MV-4122_S12__NODE_1539_length_9111_cov_29.734982	9111	0	0
Biragzang__NODE_1076_length_9107_cov_14.197746	9107	715	0
cell-4125-0-44_S16__NODE_132_length_9106_cov_7.671749	9106	0	0
MV-4122_S12__NODE_1540_length_9105_cov_11.289392	9105	0	0
MV-4128_S29__NODE_691_length_9103_cov_15.575155	9103	0	0
cell-4125-0-44_S16__NODE_133_length_9103_cov_9.300508	9103	0	0
MV-4128_S29__NODE_692_length_9102_cov_25.944512	9102	0	0
Biragzang__NODE_1077_length_9094_cov_57.648081	9094	0	0
MV-4122_S12__NODE_1541_length_9093_cov_28.051228	9093	0	0
MV-4128_S29__NODE_693_length_9093_cov_13.447002	9093	0	0
Biragzang__NODE_1078_length_9091_cov_42.531208	9091	0	0
cell-4125-0-44_S16__NODE_134_length_9090_cov_7.633094	9090	0	0
Biragzang__NODE_1079_length_9083_cov_50.400310	9083	273	0
cell-4122-0-44_S10__NODE_240_length_9082_cov_8.945608	9082	0	0
MV-4122_S12__NODE_1543_length_9079_cov_46.015182	9079	0	0
MV-4125_S18__NODE_1244_length_9079_cov_11.181516	9079	0	0
MV-4125_S18__NODE_1245_length_9079_cov_6.197252	9079	0	0
MV-4122_S12__NODE_1545_length_9076_cov_38.592506	9076	0	0
MV-4128_S29__NODE_694_length_9076_cov_13.792928	9076	0	0
Biragzang__NODE_1080_length_9074_cov_41.098902	9074	0	0
MV-4122_S12__NODE_1546_length_9073_cov_9.663562	9073	0	0
Biragzang__NODE_1081_length_9072_cov_52.291006	9072	0	0
Biragzang__NODE_1082_length_9071_cov_39.925909	9071	0	0
MV-4128_S29__NODE_695_length_9068_cov_30.266171	9068	0	0
Biragzang__NODE_1083_length_9066_cov_12.095550	9066	4	0
Biragzang__NODE_1084_length_9065_cov_33.390011	9065	1	0
MV-4125_S18__NODE_1246_length_9065_cov_6.770699	9065	0	0
Biragzang__NODE_1085_length_9062_cov_7.410014	9062	40	0
MV-4122_S12__NODE_1547_length_9060_cov_10.384231	9060	0	0
Biragzang__NODE_1086_length_9059_cov_9.427477	9059	4	0
Biragzang__NODE_1087_length_9059_cov_7.459240	9059	0	0
cell-4125-0-44_S16__NODE_135_length_9057_cov_8.402799	9057	10	0
MV-4125_S18__NODE_1247_length_9056_cov_6.988001	9056	0	0
Biragzang__NODE_1088_length_9052_cov_57.795487	9052	520	0
Biragzang__NODE_1089_length_9052_cov_16.017006	9052	0	0
Biragzang__NODE_1090_length_9051_cov_60.080925	9051	0	0
MV-4122_S12__NODE_1548_length_9047_cov_13.021464	9047	0	0
Biragzang__NODE_1091_length_9041_cov_10.819831	9041	12	0
MV-4122_S12__NODE_1549_length_9041_cov_10.059314	9041	0	0
Biragzang__NODE_1092_length_9039_cov_12.296638	9039	18	0
Biragzang__NODE_1093_length_9038_cov_43.991206	9038	0	0
MV-4125_S18__NODE_1250_length_9036_cov_19.450284	9036	0	0
MV-4128_S29__NODE_696_length_9032_cov_23.849727	9032	0	0
cell-4122-0-44_S10__NODE_241_length_9031_cov_13.903409	9031	0	0
Biragzang__NODE_1094_length_9029_cov_6.237687	9029	0	0
Biragzang__NODE_1095_length_9028_cov_29.245403	9028	0	0
cell-4125-0-44_S16__NODE_136_length_9028_cov_8.135629	9028	0	0
MV-4122_S12__NODE_1550_length_9027_cov_23.797815	9027	0	0
cell-4122-0-44_S10__NODE_242_length_9027_cov_38.795586	9027	0	0
Biragzang__NODE_1096_length_9026_cov_20.490135	9026	0	0
MV-4128_S29__NODE_697_length_9026_cov_32.002898	9026	0	0
Biragzang__NODE_1097_length_9025_cov_14.515942	9025	0	0
Biragzang__NODE_1098_length_9020_cov_9.953820	9020	0	0
Biragzang__NODE_1099_length_9017_cov_53.638585	9017	364	0
cell-4122-0-44_S10__NODE_243_length_9017_cov_15.573979	9017	0	0
cell-4122-0-44_S10__NODE_244_length_9017_cov_11.252845	9017	0	0
Biragzang__NODE_1100_length_9016_cov_8.454302	9016	54	0
MV-4122_S12__NODE_1551_length_9016_cov_11.297846	9016	0	0
Biragzang__NODE_1101_length_9015_cov_11.751228	9015	0	0
MV-4122_S12__NODE_1552_length_9014_cov_45.137739	9014	0	0
cell-4122-0-44_S10__NODE_245_length_9013_cov_25.964054	9013	0	0
Biragzang__NODE_1102_length_9011_cov_11.928986	9011	28	0
MV-4125_S18__NODE_1252_length_9011_cov_7.768870	9011	0	0
MV-4125_S18__NODE_1253_length_9010_cov_6.632831	9010	0	0
MV-4128_S29__NODE_698_length_9010_cov_37.020212	9010	0	0
MV-4122_S12__NODE_1554_length_9009_cov_11.339178	9009	0	0
MV-4125_S18__NODE_1254_length_9007_cov_9.732015	9007	0	0
cell-4125-0-44_S16__NODE_137_length_9005_cov_12.724804	9005	0	0
cell-4122-0-44_S10__NODE_246_length_9001_cov_61.395819	9001	0	0
MV-4125_S18__NODE_1256_length_9000_cov_34.589603	9000	0	0
MV-4125_S18__NODE_1257_length_9000_cov_7.108664	9000	0	0
MV-4128_S29__NODE_700_length_9000_cov_17.566238	9000	0	0
Biragzang__NODE_1103_length_8998_cov_13.365761	8998	700	0
Biragzang__NODE_1104_length_8998_cov_12.544113	8998	12	0
MV-4122_S12__NODE_1555_length_8997_cov_9.138224	8997	0	0
Biragzang__NODE_1105_length_8996_cov_50.853596	8996	4	0
cell-4125-0-44_S16__NODE_138_length_8995_cov_5.577629	8995	0	0
Biragzang__NODE_1106_length_8994_cov_9.666629	8994	21	0
cell-4125-0-44_S16__NODE_139_length_8994_cov_5.395122	8994	0	0
Biragzang__NODE_1107_length_8993_cov_38.976169	8993	0	0
Biragzang__NODE_1108_length_8991_cov_45.298791	8991	0	0
MV-4125_S18__NODE_1258_length_8991_cov_6.973254	8991	0	0
Biragzang__NODE_1109_length_8990_cov_7.008842	8990	0	0
MV-4122_S12__NODE_1556_length_8989_cov_6.265726	8989	0	0
MV-4128_S29__NODE_701_length_8989_cov_20.150884	8989	0	0
cell-4122-0-44_S10__NODE_247_length_8986_cov_14.194603	8986	0	0
Biragzang__NODE_1110_length_8984_cov_52.507560	8984	7	0
MV-4128_S29__NODE_702_length_8983_cov_24.531698	8983	0	0
cell-4125-0-44_S16__NODE_140_length_8983_cov_6.903786	8983	0	0
MV-4122_S12__NODE_1558_length_8980_cov_10.416022	8980	0	0
Biragzang__NODE_1111_length_8979_cov_23.221425	8979	2	0
MV-4122_S12__NODE_1559_length_8979_cov_12.592223	8979	0	0
MV-4125_S18__NODE_1261_length_8977_cov_7.250953	8977	0	0
Biragzang__NODE_1112_length_8975_cov_7.984641	8975	66	0
MV-4122_S12__NODE_1560_length_8975_cov_4.423767	8975	0	0
Biragzang__NODE_1113_length_8971_cov_30.012674	8971	0	0
Biragzang__NODE_1114_length_8971_cov_8.420704	8971	40	0
Biragzang__NODE_1115_length_8969_cov_9.115885	8969	10	0
MV-4125_S18__NODE_1263_length_8969_cov_6.990464	8969	0	0
Biragzang__NODE_1116_length_8968_cov_7.279816	8968	56	0
MV-4122_S12__NODE_1561_length_8968_cov_6.066981	8968	0	0
Biragzang__NODE_1117_length_8964_cov_10.896060	8964	0	0
MV-4128_S29__NODE_703_length_8964_cov_29.598047	8964	0	0
Biragzang__NODE_1118_length_8963_cov_40.405141	8963	0	0
Biragzang__NODE_1119_length_8962_cov_7.002919	8962	1	0
MV-4125_S18__NODE_1266_length_8960_cov_19.377541	8960	0	0
Biragzang__NODE_1120_length_8957_cov_8.003145	8957	31	0
MV-4122_S12__NODE_1562_length_8953_cov_23.148797	8953	0	0
MV-4128_S29__NODE_704_length_8952_cov_14.499157	8952	0	0
Biragzang__NODE_1121_length_8949_cov_24.200585	8949	757	0
Biragzang__NODE_1122_length_8948_cov_26.937704	8948	32	0
MV-4122_S12__NODE_1563_length_8948_cov_35.077926	8948	0	0
MV-4128_S29__NODE_705_length_8946_cov_17.167023	8946	0	0
cell-4122-0-44_S10__NODE_248_length_8944_cov_23.380133	8944	0	0
MV-4122_S12__NODE_1564_length_8943_cov_44.795905	8943	0	0
Biragzang__NODE_1123_length_8942_cov_7.957916	8942	0	0
Biragzang__NODE_1124_length_8941_cov_12.168355	8941	0	0
Biragzang__NODE_1125_length_8939_cov_18.957902	8939	0	0
MV-4122_S12__NODE_1565_length_8938_cov_9.123157	8938	0	0
Biragzang__NODE_1126_length_8935_cov_55.675225	8935	346	0
Biragzang__NODE_1127_length_8935_cov_6.517005	8935	0	0
MV-4122_S12__NODE_1566_length_8935_cov_21.861261	8935	0	0
cell-4122-0-44_S10__NODE_249_length_8933_cov_61.035030	8933	0	0
Biragzang__NODE_1128_length_8931_cov_52.478481	8931	0	0
MV-4122_S12__NODE_1568_length_8931_cov_23.156489	8931	0	0
Biragzang__NODE_1129_length_8926_cov_46.226919	8926	2	0
MV-4128_S29__NODE_706_length_8926_cov_628.193777	8926	0	0
MV-4122_S12__NODE_1569_length_8924_cov_18.808547	8924	0	0
cell-4122-0-44_S10__NODE_250_length_8924_cov_42.124479	8924	0	0
Biragzang__NODE_1130_length_8921_cov_9.834311	8921	512	0
Biragzang__NODE_1131_length_8920_cov_6.555894	8920	0	0
MV-4128_S29__NODE_707_length_8918_cov_20.517658	8918	0	0
MV-4122_S12__NODE_1570_length_8917_cov_41.678515	8917	0	0
Biragzang__NODE_1132_length_8914_cov_5.853821	8914	0	0
MV-4128_S29__NODE_708_length_8913_cov_14.136713	8913	0	0
MV-4128_S29__NODE_709_length_8911_cov_13.742435	8911	0	0
MV-4125_S18__NODE_1269_length_8910_cov_16.506606	8910	0	0
MV-4122_S12__NODE_1571_length_8906_cov_29.906790	8906	0	0
Biragzang__NODE_1133_length_8900_cov_15.892934	8900	0	0
Biragzang__NODE_1134_length_8898_cov_10.478910	8898	20	0
MV-4122_S12__NODE_1572_length_8897_cov_25.470934	8897	0	0
cell-4122-0-22_S11__NODE_96_length_8897_cov_25.647478	8897	0	0
MV-4122_S12__NODE_1573_length_8893_cov_19.681715	8893	0	0
cell-4122-0-44_S10__NODE_251_length_8891_cov_23.998642	8891	0	0
cell-4125-0-44_S16__NODE_141_length_8890_cov_10.083418	8890	1	0
MV-4128_S29__NODE_710_length_8889_cov_10.713041	8889	0	0
Biragzang__NODE_1135_length_8887_cov_23.966599	8887	0	0
MV-4128_S29__NODE_711_length_8887_cov_24.312953	8887	0	0
Biragzang__NODE_1136_length_8886_cov_9.335862	8886	14	0
Biragzang__NODE_1137_length_8886_cov_9.302457	8886	52	0
MV-4122_S12__NODE_1574_length_8885_cov_84.778822	8885	4	0
Biragzang__NODE_1138_length_8884_cov_28.560086	8884	0	0
MV-4122_S12__NODE_1575_length_8883_cov_43.038401	8883	0	0
cell-4122-0-44_S10__NODE_252_length_8880_cov_82.558414	8880	0	0
MV-4125_S18__NODE_1271_length_8879_cov_6.031845	8879	0	0
cell-4122-0-44_S10__NODE_253_length_8879_cov_7.793404	8879	0	0
Biragzang__NODE_1139_length_8877_cov_6.009068	8877	0	0
MV-4122_S12__NODE_1576_length_8877_cov_8.817162	8877	0	0
Biragzang__NODE_1140_length_8876_cov_15.951820	8876	434	0
MV-4122_S12__NODE_1577_length_8875_cov_7.088209	8875	0	0
MV-4125_S18__NODE_1272_length_8874_cov_182.885134	8874	0	0
MV-4125_S18__NODE_1273_length_8874_cov_7.371131	8874	0	0
MV-4128_S29__NODE_713_length_8874_cov_18.393015	8874	0	0
MV-4128_S29__NODE_714_length_8873_cov_14.250170	8873	0	0
MV-4122_S12__NODE_1578_length_8872_cov_11.162981	8872	0	0
MV-4128_S29__NODE_715_length_8871_cov_23.539020	8871	0	0
Biragzang__NODE_1141_length_8869_cov_12.380985	8869	0	0
Biragzang__NODE_1142_length_8869_cov_10.067166	8869	0	0
MV-4128_S29__NODE_716_length_8865_cov_15.419069	8865	0	0
Biragzang__NODE_1143_length_8864_cov_13.139743	8864	357	0
MV-4122_S12__NODE_1579_length_8864_cov_12.815189	8864	0	0
MV-4125_S18__NODE_1275_length_8864_cov_7.580656	8864	0	0
Biragzang__NODE_1144_length_8862_cov_6.359260	8862	0	0
MV-4125_S18__NODE_1276_length_8859_cov_24.067015	8859	0	0
cell-4122-0-44_S10__NODE_254_length_8859_cov_25.277828	8859	0	0
MV-4122_S12__NODE_1580_length_8858_cov_18.737249	8858	0	0
cell-4122-0-44_S10__NODE_255_length_8858_cov_71.168692	8858	0	0
Biragzang__NODE_1145_length_8857_cov_6.230970	8857	0	0
MV-4122_S12__NODE_1581_length_8855_cov_25.921023	8855	0	0
MV-4122_S12__NODE_1582_length_8855_cov_19.744432	8855	0	0
Biragzang__NODE_1146_length_8854_cov_55.187635	8854	266	0
cell-4125-0-44_S16__NODE_142_length_8853_cov_9.169357	8853	0	0
Biragzang__NODE_1147_length_8852_cov_35.294419	8852	0	0
Biragzang__NODE_1148_length_8850_cov_9.298920	8850	16	0
cell-4125-0-44_S16__NODE_143_length_8849_cov_6.438708	8849	0	0
MV-4128_S29__NODE_717_length_8847_cov_13.707006	8847	0	0
Biragzang__NODE_1149_length_8846_cov_10.916051	8846	8	0
Biragzang__NODE_1150_length_8843_cov_22.996928	8843	140	0
Biragzang__NODE_1151_length_8843_cov_9.348202	8843	4	0
Biragzang__NODE_1152_length_8842_cov_8.384545	8842	46	0
Biragzang__NODE_1153_length_8840_cov_8.705293	8840	0	0
Biragzang__NODE_1154_length_8836_cov_12.558706	8836	0	0
Biragzang__NODE_1155_length_8834_cov_62.537419	8834	0	0
Biragzang__NODE_1156_length_8834_cov_9.602802	8834	26	0
cell-4122-0-44_S10__NODE_256_length_8834_cov_59.299806	8834	0	0
MV-4125_S18__NODE_1281_length_8833_cov_17.830485	8833	0	0
MV-4125_S18__NODE_1283_length_8831_cov_7.212625	8831	0	0
Biragzang__NODE_1157_length_8830_cov_32.070541	8830	124	0
MV-4122_S12__NODE_1583_length_8830_cov_11.876695	8830	0	0
Biragzang__NODE_1158_length_8829_cov_53.732961	8829	2	0
Biragzang__NODE_1159_length_8827_cov_45.528842	8827	0	0
MV-4128_S29__NODE_718_length_8827_cov_12.505244	8827	0	0
MV-4122_S12__NODE_1584_length_8826_cov_7.494584	8826	0	0
MV-4128_S29__NODE_719_length_8826_cov_15.658078	8826	0	0
Biragzang__NODE_1160_length_8824_cov_101.163189	8824	0	0
Biragzang__NODE_1161_length_8823_cov_36.084626	8823	0	0
MV-4122_S12__NODE_1585_length_8821_cov_29.994068	8821	0	0
MV-4122_S12__NODE_1586_length_8814_cov_73.434867	8814	2	0
MV-4125_S18__NODE_1284_length_8813_cov_7.178237	8813	0	0
Biragzang__NODE_1162_length_8810_cov_36.856882	8810	0	0
MV-4125_S18__NODE_1285_length_8810_cov_7.919703	8810	0	0
Biragzang__NODE_1163_length_8809_cov_9.697738	8809	0	0
MV-4122_S12__NODE_1587_length_8809_cov_25.501828	8809	0	0
Biragzang__NODE_1164_length_8807_cov_6.676417	8807	32	0
MV-4122_S12__NODE_1588_length_8807_cov_11.275823	8807	0	0
MV-4125_S18__NODE_1286_length_8806_cov_23.775569	8806	0	0
Biragzang__NODE_1165_length_8805_cov_6.479771	8805	0	0
MV-4125_S18__NODE_1287_length_8805_cov_15.941371	8805	0	0
MV-4125_S18__NODE_1288_length_8805_cov_5.972914	8805	0	0
MV-4122_S12__NODE_1589_length_8804_cov_23.643159	8804	0	0
cell-4122-0-44_S10__NODE_257_length_8804_cov_42.114527	8804	0	0
MV-4122_S12__NODE_1591_length_8802_cov_51.796845	8802	0	0
Biragzang__NODE_1166_length_8801_cov_10.133089	8801	58	0
MV-4128_S29__NODE_720_length_8799_cov_20.615165	8799	0	0
cell-4122-0-44_S10__NODE_258_length_8798_cov_16.223036	8798	0	0
Biragzang__NODE_1167_length_8794_cov_10.570889	8794	0	0
MV-4122_S12__NODE_1592_length_8790_cov_20.032055	8790	0	0
cell-4125-0-44_S16__NODE_145_length_8790_cov_9.631368	8790	0	0
Biragzang__NODE_1168_length_8789_cov_15.640142	8789	0	0
Biragzang__NODE_1169_length_8788_cov_10.630368	8788	0	0
MV-4125_S18__NODE_1290_length_8787_cov_17.183807	8787	0	0
Biragzang__NODE_1170_length_8785_cov_16.583963	8785	0	0
Biragzang__NODE_1171_length_8783_cov_12.284258	8783	0	0
MV-4122_S12__NODE_1593_length_8783_cov_26.674610	8783	0	0
MV-4122_S12__NODE_1594_length_8781_cov_6.903736	8781	0	0
Biragzang__NODE_1172_length_8780_cov_9.481605	8780	16	0
MV-4122_S12__NODE_1595_length_8778_cov_43.696779	8778	0	0
MV-4125_S18__NODE_1291_length_8778_cov_8.398716	8778	0	0
cell-4122-0-44_S10__NODE_259_length_8775_cov_50.874427	8775	0	0
MV-4122_S12__NODE_1596_length_8773_cov_11.125373	8773	0	0
MV-4125_S18__NODE_1292_length_8772_cov_16.764598	8772	4	0
Biragzang__NODE_1173_length_8770_cov_68.352955	8770	0	0
Biragzang__NODE_1174_length_8769_cov_6.422194	8769	0	0
Biragzang__NODE_1175_length_8763_cov_30.494832	8763	157	0
MV-4128_S29__NODE_721_length_8763_cov_14.113803	8763	0	0
MV-4125_S18__NODE_1295_length_8762_cov_17.330539	8762	0	0
MV-4122_S12__NODE_1599_length_8761_cov_26.991615	8761	1	0
MV-4128_S29__NODE_722_length_8759_cov_13.593865	8759	0	0
Biragzang__NODE_1176_length_8758_cov_11.104906	8758	7	0
MV-4122_S12__NODE_1600_length_8758_cov_19.755716	8758	0	0
MV-4122_S12__NODE_1601_length_8757_cov_10.343714	8757	0	0
Biragzang__NODE_1177_length_8756_cov_37.646362	8756	0	0
MV-4125_S18__NODE_1296_length_8756_cov_8.011838	8756	0	0
MV-4125_S18__NODE_1297_length_8753_cov_19.108416	8753	0	0
MV-4128_S29__NODE_723_length_8753_cov_16.464130	8753	0	0
Biragzang__NODE_1178_length_8751_cov_19.655934	8751	82	0
MV-4122_S12__NODE_1602_length_8749_cov_10.847021	8749	0	0
Biragzang__NODE_1179_length_8748_cov_9.270908	8748	3	0
MV-4128_S29__NODE_724_length_8748_cov_24.317842	8748	0	0
MV-4125_S18__NODE_1300_length_8746_cov_7.166379	8746	0	0
MV-4122_S12__NODE_1603_length_8744_cov_11.750489	8744	0	0
MV-4122_S12__NODE_1604_length_8743_cov_26.084484	8743	0	0
MV-4125_S18__NODE_1303_length_8741_cov_7.421828	8741	0	0
Biragzang__NODE_1180_length_8738_cov_37.531038	8738	210	0
MV-4122_S12__NODE_1605_length_8736_cov_31.825711	8736	0	0
Biragzang__NODE_1181_length_8735_cov_10.527419	8735	48	0
MV-4125_S18__NODE_1305_length_8733_cov_18.181148	8733	0	0
Biragzang__NODE_1182_length_8732_cov_6.512965	8732	0	0
MV-4122_S12__NODE_1607_length_8730_cov_4.514006	8730	0	0
MV-4128_S29__NODE_725_length_8730_cov_18.003228	8730	0	0
cell-4122-0-44_S10__NODE_260_length_8730_cov_834.544323	8730	0	0
cell-4122-0-44_S10__NODE_261_length_8730_cov_11.228588	8730	0	0
MV-4125_S18__NODE_1306_length_8729_cov_7.331104	8729	0	0
Biragzang__NODE_1183_length_8727_cov_11.381804	8727	0	0
Biragzang__NODE_1184_length_8727_cov_6.091213	8727	0	0
Biragzang__NODE_1185_length_8726_cov_23.391650	8726	4	0
MV-4122_S12__NODE_1608_length_8725_cov_20.803230	8725	0	0
cell-4125-0-44_S16__NODE_146_length_8724_cov_10.831238	8724	0	0
Biragzang__NODE_1186_length_8723_cov_19.928011	8723	0	0
Biragzang__NODE_1187_length_8723_cov_6.976350	8723	0	0
cell-4125-0-44_S16__NODE_147_length_8723_cov_8.634864	8723	0	0
MV-4122_S12__NODE_1609_length_8721_cov_38.153358	8721	0	0
MV-4128_S29__NODE_726_length_8721_cov_21.411262	8721	0	0
MV-4128_S29__NODE_727_length_8721_cov_20.103393	8721	0	0
cell-4122-0-44_S10__NODE_262_length_8716_cov_23.381942	8716	0	0
Biragzang__NODE_1188_length_8715_cov_40.204503	8715	2	0
MV-4122_S12__NODE_1610_length_8714_cov_17.137314	8714	0	0
MV-4122_S12__NODE_1611_length_8712_cov_7.838050	8712	0	0
Biragzang__NODE_1189_length_8706_cov_6.034794	8706	0	0
cell-4122-0-44_S10__NODE_263_length_8706_cov_14.102300	8706	0	0
MV-4122_S12__NODE_1612_length_8703_cov_28.819843	8703	0	0
MV-4122_S12__NODE_1613_length_8701_cov_27.192690	8701	0	0
Biragzang__NODE_1190_length_8700_cov_46.603355	8700	0	0
MV-4122_S12__NODE_1614_length_8698_cov_30.970843	8698	0	0
Biragzang__NODE_1191_length_8697_cov_6.043856	8697	0	0
MV-4122_S12__NODE_1615_length_8697_cov_85.003240	8697	0	0
cell-4122-0-44_S10__NODE_264_length_8697_cov_23.871673	8697	0	0
Biragzang__NODE_1192_length_8695_cov_7.275579	8695	35	0
Biragzang__NODE_1193_length_8693_cov_11.364089	8693	6	0
Biragzang__NODE_1194_length_8690_cov_40.124609	8690	0	0
Biragzang__NODE_1195_length_8688_cov_10.096374	8688	28	0
Biragzang__NODE_1196_length_8687_cov_10.481696	8687	540	0
Biragzang__NODE_1197_length_8687_cov_6.479147	8687	0	0
MV-4122_S12__NODE_1616_length_8684_cov_34.534013	8684	0	0
MV-4125_S18__NODE_1312_length_8684_cov_16.712597	8684	2	0
MV-4122_S12__NODE_1617_length_8683_cov_8.484121	8683	0	0
MV-4122_S12__NODE_1618_length_8682_cov_8.578301	8682	0	0
Biragzang__NODE_1198_length_8681_cov_7.452817	8681	0	0
MV-4128_S29__NODE_729_length_8681_cov_23.345699	8681	0	0
MV-4128_S29__NODE_730_length_8679_cov_12.863173	8679	0	0
Biragzang__NODE_1199_length_8674_cov_6.183548	8674	0	0
cell-4125-0-44_S16__NODE_148_length_8674_cov_5.875740	8674	2	0
MV-4122_S12__NODE_1620_length_8668_cov_20.261349	8668	0	0
cell-4125-0-44_S16__NODE_149_length_8667_cov_7.580121	8667	0	0
Biragzang__NODE_1200_length_8664_cov_9.619236	8664	0	0
Biragzang__NODE_1201_length_8663_cov_8.965846	8663	440	0
MV-4122_S12__NODE_1621_length_8663_cov_42.788801	8663	0	0
MV-4125_S18__NODE_1314_length_8662_cov_16.497153	8662	0	0
MV-4122_S12__NODE_1622_length_8660_cov_7.513771	8660	0	0
cell-4122-0-44_S10__NODE_265_length_8660_cov_59.036026	8660	0	0
Biragzang__NODE_1202_length_8659_cov_14.583333	8659	423	0
MV-4122_S12__NODE_1623_length_8659_cov_8.488029	8659	0	0
cell-4125-0-44_S16__NODE_150_length_8657_cov_6.481400	8657	0	0
Biragzang__NODE_1203_length_8651_cov_12.139716	8651	577	0
Biragzang__NODE_1204_length_8650_cov_13.956254	8650	0	0
MV-4122_S12__NODE_1624_length_8649_cov_26.492320	8649	0	0
MV-4122_S12__NODE_1625_length_8648_cov_26.792273	8648	0	0
MV-4122_S12__NODE_1626_length_8648_cov_25.923892	8648	0	0
MV-4128_S29__NODE_733_length_8648_cov_13.635750	8648	0	0
MV-4125_S18__NODE_1316_length_8646_cov_20.798161	8646	0	0
Biragzang__NODE_1205_length_8645_cov_6.050990	8645	0	0
MV-4122_S12__NODE_1627_length_8644_cov_11.803353	8644	0	0
MV-4128_S29__NODE_734_length_8644_cov_26.029340	8644	0	0
Biragzang__NODE_1206_length_8643_cov_11.956567	8643	9	0
Biragzang__NODE_1207_length_8642_cov_13.947362	8642	704	0
Biragzang__NODE_1208_length_8642_cov_7.544195	8642	0	0
MV-4128_S29__NODE_735_length_8641_cov_16.611926	8641	0	0
MV-4125_S18__NODE_1319_length_8639_cov_17.635601	8639	0	0
Biragzang__NODE_1209_length_8637_cov_14.433349	8637	0	0
Biragzang__NODE_1210_length_8635_cov_14.376224	8635	12	0
cell-4125-0-44_S16__NODE_151_length_8635_cov_9.939860	8635	4	0
Biragzang__NODE_1211_length_8633_cov_6.003031	8633	0	0
Biragzang__NODE_1212_length_8631_cov_11.075793	8631	4	0
MV-4122_S12__NODE_1629_length_8631_cov_17.119170	8631	0	0
MV-4122_S12__NODE_1630_length_8631_cov_10.690065	8631	0	0
Biragzang__NODE_1213_length_8629_cov_12.344063	8629	38	0
MV-4122_S12__NODE_1631_length_8629_cov_8.000816	8629	0	0
cell-4122-0-44_S10__NODE_266_length_8625_cov_12.331505	8625	0	0
Biragzang__NODE_1214_length_8624_cov_46.664722	8624	0	0
Biragzang__NODE_1215_length_8623_cov_6.901611	8623	0	0
Biragzang__NODE_1216_length_8623_cov_4.903828	8623	0	0
MV-4125_S18__NODE_1320_length_8623_cov_6.784314	8623	0	0
MV-4128_S29__NODE_736_length_8622_cov_13.174157	8622	0	0
Biragzang__NODE_1217_length_8621_cov_9.201261	8621	0	0
Biragzang__NODE_1218_length_8619_cov_35.390939	8619	0	0
Biragzang__NODE_1219_length_8617_cov_13.642140	8617	21	0
MV-4122_S12__NODE_1632_length_8616_cov_29.575050	8616	2	0
MV-4125_S18__NODE_1321_length_8615_cov_18.811916	8615	0	0
MV-4128_S29__NODE_737_length_8615_cov_15.368925	8615	0	0
Biragzang__NODE_1220_length_8614_cov_11.858745	8614	0	0
Biragzang__NODE_1221_length_8611_cov_7.843502	8611	0	0
MV-4122_S12__NODE_1633_length_8608_cov_12.901438	8608	0	0
MV-4128_S29__NODE_738_length_8606_cov_11.542159	8606	0	0
Biragzang__NODE_1222_length_8603_cov_45.065863	8603	256	0
Biragzang__NODE_1223_length_8602_cov_15.203931	8602	0	0
MV-4122_S12__NODE_1634_length_8600_cov_12.337741	8600	0	0
cell-4122-0-44_S10__NODE_267_length_8599_cov_11.710557	8599	0	0
MV-4128_S29__NODE_739_length_8598_cov_26.542432	8598	0	0
MV-4122_S12__NODE_1635_length_8597_cov_11.666237	8597	0	0
MV-4128_S29__NODE_740_length_8597_cov_12.444392	8597	0	0
Biragzang__NODE_1224_length_8596_cov_36.309566	8596	1	0
Biragzang__NODE_1225_length_8596_cov_11.361550	8596	3	0
Biragzang__NODE_1226_length_8595_cov_10.702810	8595	14	0
Biragzang__NODE_1227_length_8592_cov_3.892351	8592	0	0
MV-4122_S12__NODE_1636_length_8591_cov_9.656162	8591	0	0
MV-4125_S18__NODE_1323_length_8591_cov_15.380740	8591	0	0
MV-4128_S29__NODE_741_length_8591_cov_23.878397	8591	0	0
Biragzang__NODE_1228_length_8589_cov_9.974455	8589	490	0
MV-4122_S12__NODE_1637_length_8588_cov_39.994609	8588	0	0
MV-4125_S18__NODE_1325_length_8588_cov_21.135240	8588	0	0
cell-4125-0-44_S16__NODE_153_length_8586_cov_4.725706	8586	0	0
Biragzang__NODE_1229_length_8583_cov_7.225492	8583	0	0
Biragzang__NODE_1230_length_8581_cov_11.888576	8581	0	0
MV-4125_S18__NODE_1327_length_8577_cov_13.457756	8577	0	0
MV-4122_S12__NODE_1639_length_8575_cov_19.979108	8575	0	0
Biragzang__NODE_1231_length_8574_cov_12.445357	8574	48	0
Biragzang__NODE_1232_length_8572_cov_58.212399	8572	403	0
Biragzang__NODE_1233_length_8572_cov_46.122813	8572	0	0
MV-4122_S12__NODE_1640_length_8572_cov_22.017847	8572	0	0
MV-4122_S12__NODE_1641_length_8571_cov_12.647605	8571	0	0
Biragzang__NODE_1234_length_8570_cov_5.141867	8570	0	0
Biragzang__NODE_1235_length_8570_cov_4.828068	8570	0	0
MV-4122_S12__NODE_1642_length_8569_cov_9.435166	8569	0	0
MV-4122_S12__NODE_1643_length_8566_cov_26.670074	8566	0	0
MV-4125_S18__NODE_1330_length_8562_cov_5.996003	8562	0	0
Biragzang__NODE_1236_length_8561_cov_54.298613	8561	293	0
MV-4125_S18__NODE_1331_length_8561_cov_24.442276	8561	0	0
Biragzang__NODE_1237_length_8557_cov_20.168313	8557	0	0
Biragzang__NODE_1238_length_8554_cov_9.457819	8554	6	0
Biragzang__NODE_1239_length_8553_cov_8.235703	8553	3	0
MV-4122_S12__NODE_1644_length_8553_cov_6.314309	8553	0	0
MV-4122_S12__NODE_1645_length_8552_cov_19.841238	8552	0	0
cell-4125-0-44_S16__NODE_154_length_8552_cov_9.895846	8552	0	0
Biragzang__NODE_1240_length_8550_cov_10.307710	8550	4	0
Biragzang__NODE_1241_length_8549_cov_49.764657	8549	4	0
MV-4122_S12__NODE_1646_length_8545_cov_32.752650	8545	0	0
MV-4128_S29__NODE_743_length_8544_cov_30.803628	8544	0	0
MV-4128_S29__NODE_744_length_8544_cov_28.214042	8544	0	0
cell-4125-0-44_S16__NODE_155_length_8544_cov_6.193309	8544	0	0
MV-4122_S12__NODE_1647_length_8539_cov_5.120344	8539	0	0
MV-4125_S18__NODE_1335_length_8538_cov_14.280325	8538	0	0
MV-4128_S29__NODE_745_length_8538_cov_11.564069	8538	0	0
MV-4122_S12__NODE_1648_length_8535_cov_13.038443	8535	0	0
MV-4128_S29__NODE_746_length_8531_cov_14.990444	8531	0	0
MV-4122_S12__NODE_1649_length_8527_cov_7.283522	8527	0	0
MV-4122_S12__NODE_1650_length_8527_cov_4.047096	8527	0	0
cell-4122-0-44_S10__NODE_268_length_8526_cov_9.504309	8526	0	0
Biragzang__NODE_1242_length_8524_cov_9.866926	8524	4	0
cell-4122-0-44_S10__NODE_269_length_8522_cov_22.880359	8522	0	0
MV-4122_S12__NODE_1651_length_8520_cov_8.529947	8520	0	0
cell-4125-0-44_S16__NODE_156_length_8520_cov_10.906202	8520	4	0
MV-4122_S12__NODE_1653_length_8519_cov_10.826914	8519	0	0
MV-4122_S12__NODE_1654_length_8518_cov_20.465556	8518	0	0
MV-4122_S12__NODE_1655_length_8517_cov_12.787403	8517	0	0
MV-4125_S18__NODE_1336_length_8517_cov_7.214488	8517	0	0
MV-4122_S12__NODE_1656_length_8516_cov_13.201513	8516	0	0
MV-4125_S18__NODE_1337_length_8514_cov_7.048824	8514	0	0
Biragzang__NODE_1243_length_8513_cov_8.838614	8513	38	0
MV-4122_S12__NODE_1657_length_8512_cov_13.607544	8512	0	0
MV-4128_S29__NODE_747_length_8512_cov_25.223602	8512	0	0
Biragzang__NODE_1244_length_8511_cov_13.358444	8511	7	0
Biragzang__NODE_1245_length_8509_cov_27.258339	8509	140	0
Biragzang__NODE_1246_length_8503_cov_5.985322	8503	0	0
MV-4125_S18__NODE_1339_length_8502_cov_8.043447	8502	0	0
MV-4128_S29__NODE_748_length_8501_cov_13.508288	8501	0	0
cell-4125-0-44_S16__NODE_157_length_8500_cov_8.357963	8500	0	0
MV-4128_S29__NODE_749_length_8499_cov_15.342136	8499	0	0
Biragzang__NODE_1247_length_8497_cov_43.656716	8497	0	0
MV-4125_S18__NODE_1342_length_8497_cov_13.784530	8497	0	0
Biragzang__NODE_1248_length_8496_cov_10.150101	8496	0	0
Biragzang__NODE_1249_length_8496_cov_9.289539	8496	2	0
cell-4122-0-44_S10__NODE_270_length_8496_cov_64.334202	8496	0	0
Biragzang__NODE_1250_length_8495_cov_42.389336	8495	0	0
Biragzang__NODE_1251_length_8494_cov_35.811115	8494	0	0
MV-4122_S12__NODE_1658_length_8490_cov_22.156372	8490	0	0
MV-4122_S12__NODE_1659_length_8489_cov_11.262390	8489	0	0
MV-4125_S18__NODE_1344_length_8488_cov_7.350883	8488	0	0
MV-4128_S29__NODE_750_length_8488_cov_6.548559	8488	0	0
cell-4122-0-44_S10__NODE_271_length_8487_cov_23.735531	8487	0	0
MV-4125_S18__NODE_1345_length_8486_cov_29.186692	8486	0	0
MV-4128_S29__NODE_751_length_8486_cov_11.406239	8486	0	0
Biragzang__NODE_1252_length_8482_cov_9.956568	8482	489	0
Biragzang__NODE_1253_length_8481_cov_10.737954	8481	3	0
Biragzang__NODE_1254_length_8479_cov_13.042854	8479	14	0
Biragzang__NODE_1255_length_8479_cov_10.786562	8479	0	0
Biragzang__NODE_1256_length_8471_cov_9.391635	8471	5	0
MV-4128_S29__NODE_752_length_8471_cov_20.283864	8471	0	0
MV-4128_S29__NODE_753_length_8470_cov_29.097802	8470	0	0
Biragzang__NODE_1257_length_8468_cov_6.869131	8468	0	0
Biragzang__NODE_1258_length_8466_cov_8.292117	8466	14	0
MV-4122_S12__NODE_1661_length_8461_cov_22.624911	8461	0	0
MV-4122_S12__NODE_1662_length_8461_cov_5.217940	8461	0	0
MV-4125_S18__NODE_1349_length_8461_cov_21.435046	8461	0	0
Biragzang__NODE_1259_length_8460_cov_7.131588	8460	0	0
MV-4128_S29__NODE_754_length_8459_cov_16.883508	8459	0	0
cell-4125-0-44_S16__NODE_159_length_8459_cov_6.232746	8459	0	0
Biragzang__NODE_1260_length_8457_cov_17.951797	8457	186	0
Biragzang__NODE_1261_length_8454_cov_48.221693	8454	157	0
MV-4122_S12__NODE_1663_length_8453_cov_7.082520	8453	0	0
MV-4128_S29__NODE_755_length_8452_cov_15.650589	8452	0	0
Biragzang__NODE_1262_length_8451_cov_6.291687	8451	0	0
Biragzang__NODE_1263_length_8449_cov_59.486300	8449	0	0
MV-4125_S18__NODE_1354_length_8449_cov_20.000119	8449	0	0
MV-4125_S18__NODE_1355_length_8449_cov_8.175482	8449	0	0
Biragzang__NODE_1264_length_8447_cov_9.827812	8447	0	0
Biragzang__NODE_1265_length_8447_cov_9.331387	8447	73	0
MV-4122_S12__NODE_1664_length_8446_cov_7.962102	8446	0	0
cell-4125-0-44_S16__NODE_160_length_8446_cov_9.211298	8446	0	0
Biragzang__NODE_1266_length_8445_cov_7.299523	8445	49	0
MV-4128_S29__NODE_756_length_8444_cov_10.735368	8444	0	0
cell-4122-0-44_S10__NODE_272_length_8443_cov_17.693133	8443	0	0
cell-4125-0-44_S16__NODE_161_length_8442_cov_10.418863	8442	0	0
Biragzang__NODE_1267_length_8441_cov_27.622705	8441	74	0
Biragzang__NODE_1268_length_8440_cov_8.489088	8440	0	0
MV-4128_S29__NODE_757_length_8439_cov_24.118440	8439	0	0
Biragzang__NODE_1269_length_8437_cov_6.311978	8437	0	0
Biragzang__NODE_1270_length_8436_cov_10.946904	8436	0	0
Biragzang__NODE_1271_length_8435_cov_7.345107	8435	0	0
MV-4122_S12__NODE_1665_length_8435_cov_8.664320	8435	0	0
MV-4122_S12__NODE_1666_length_8434_cov_5.120778	8434	0	0
MV-4122_S12__NODE_1667_length_8429_cov_31.272510	8429	0	0
MV-4128_S29__NODE_758_length_8428_cov_6.429834	8428	4	0
Biragzang__NODE_1272_length_8426_cov_11.821527	8426	4	0
cell-4122-0-44_S10__NODE_273_length_8422_cov_26.625075	8422	0	0
cell-4125-0-44_S16__NODE_163_length_8422_cov_9.675511	8422	0	0
cell-4125-0-44_S16__NODE_164_length_8422_cov_9.242859	8422	0	0
Biragzang__NODE_1273_length_8421_cov_8.099689	8421	50	0
Biragzang__NODE_1274_length_8418_cov_35.842401	8418	0	0
MV-4128_S29__NODE_759_length_8418_cov_17.892622	8418	0	0
Biragzang__NODE_1275_length_8417_cov_37.392849	8417	0	0
Biragzang__NODE_1276_length_8416_cov_9.922139	8416	44	0
MV-4125_S18__NODE_1360_length_8415_cov_24.978349	8415	0	0
MV-4125_S18__NODE_1361_length_8414_cov_12.373729	8414	0	0
cell-4125-0-44_S16__NODE_165_length_8413_cov_13.494975	8413	0	0
cell-4125-0-44_S16__NODE_166_length_8413_cov_11.152668	8413	6	0
Biragzang__NODE_1277_length_8412_cov_9.339476	8412	0	0
cell-4125-0-44_S16__NODE_167_length_8412_cov_8.044633	8412	0	0
Biragzang__NODE_1278_length_8411_cov_11.613092	8411	10	0
MV-4128_S29__NODE_760_length_8411_cov_12.910723	8411	0	0
Biragzang__NODE_1279_length_8407_cov_14.701269	8407	743	0
Biragzang__NODE_1280_length_8406_cov_7.368100	8406	52	0
MV-4122_S12__NODE_1670_length_8406_cov_12.669022	8406	0	0
Biragzang__NODE_1281_length_8403_cov_10.573551	8403	36	0
MV-4128_S29__NODE_761_length_8402_cov_14.076195	8402	0	0
MV-4128_S29__NODE_762_length_8401_cov_11.991373	8401	0	0
Biragzang__NODE_1282_length_8398_cov_13.089896	8398	645	0
Biragzang__NODE_1283_length_8398_cov_10.312837	8398	0	0
MV-4122_S12__NODE_1672_length_8397_cov_23.161712	8397	0	0
MV-4128_S29__NODE_763_length_8396_cov_23.569116	8396	0	0
MV-4125_S18__NODE_1366_length_8391_cov_24.290307	8391	0	0
Biragzang__NODE_1284_length_8390_cov_6.225915	8390	0	0
Biragzang__NODE_1285_length_8388_cov_7.814113	8388	74	0
MV-4125_S18__NODE_1367_length_8388_cov_17.232809	8388	0	0
MV-4128_S29__NODE_764_length_8386_cov_5.961229	8386	12	0
Biragzang__NODE_1286_length_8385_cov_38.920408	8385	168	0
MV-4122_S12__NODE_1673_length_8383_cov_24.898655	8383	0	0
MV-4128_S29__NODE_765_length_8383_cov_25.903818	8383	0	0
MV-4122_S12__NODE_1674_length_8380_cov_10.997598	8380	0	0
MV-4128_S29__NODE_766_length_8380_cov_11.695736	8380	0	0
MV-4122_S12__NODE_1675_length_8379_cov_32.637914	8379	0	0
cell-4125-0-44_S16__NODE_168_length_8379_cov_6.688731	8379	0	0
Biragzang__NODE_1287_length_8377_cov_30.259913	8377	4	0
cell-4125-0-44_S16__NODE_169_length_8377_cov_8.328286	8377	0	0
cell-4122-0-44_S10__NODE_274_length_8375_cov_17.692909	8375	0	0
cell-4125-0-44_S16__NODE_170_length_8375_cov_10.464063	8375	0	0
MV-4125_S18__NODE_1371_length_8374_cov_18.050968	8374	0	0
MV-4125_S18__NODE_1372_length_8373_cov_15.805723	8373	0	0
Biragzang__NODE_1288_length_8371_cov_6.042929	8371	0	0
Biragzang__NODE_1289_length_8369_cov_6.325114	8369	0	0
Biragzang__NODE_1290_length_8364_cov_9.598628	8364	18	0
MV-4125_S18__NODE_1374_length_8364_cov_5.772295	8364	0	0
cell-4125-0-44_S16__NODE_171_length_8364_cov_4.867252	8364	0	0
MV-4125_S18__NODE_1375_length_8362_cov_20.467437	8362	0	0
Biragzang__NODE_1291_length_8358_cov_20.862218	8358	0	0
MV-4122_S12__NODE_1677_length_8358_cov_19.831507	8358	0	0
MV-4128_S29__NODE_767_length_8357_cov_13.847145	8357	0	0
Biragzang__NODE_1292_length_8350_cov_29.196022	8350	5	0
cell-4122-0-44_S10__NODE_275_length_8347_cov_14.683550	8347	0	0
Biragzang__NODE_1293_length_8346_cov_5.897841	8346	0	0
cell-4125-0-44_S16__NODE_172_length_8345_cov_5.457419	8345	0	0
Biragzang__NODE_1294_length_8344_cov_12.233683	8344	616	0
Biragzang__NODE_1295_length_8339_cov_11.334862	8339	16	0
Biragzang__NODE_1296_length_8339_cov_7.097537	8339	0	0
MV-4122_S12__NODE_1678_length_8337_cov_113.177976	8337	8	0
MV-4125_S18__NODE_1379_length_8336_cov_16.840357	8336	0	0
Biragzang__NODE_1297_length_8329_cov_6.446701	8329	0	0
Biragzang__NODE_1298_length_8326_cov_29.731592	8326	0	0
cell-4122-0-44_S10__NODE_276_length_8326_cov_15.834240	8326	0	0
Biragzang__NODE_1299_length_8323_cov_10.606555	8323	45	0
Biragzang__NODE_1300_length_8323_cov_9.117078	8323	0	0
Biragzang__NODE_1301_length_8321_cov_14.370070	8321	18	0
Biragzang__NODE_1302_length_8320_cov_17.486146	8320	0	0
cell-4125-0-44_S16__NODE_173_length_8319_cov_8.376331	8319	0	0
MV-4125_S18__NODE_1381_length_8317_cov_22.980150	8317	0	0
MV-4122_S12__NODE_1679_length_8316_cov_23.058589	8316	0	0
cell-4122-0-44_S10__NODE_277_length_8316_cov_12.895049	8316	0	0
Biragzang__NODE_1303_length_8315_cov_12.446973	8315	0	0
MV-4122_S12__NODE_1680_length_8315_cov_12.102058	8315	0	0
MV-4122_S12__NODE_1681_length_8314_cov_27.100254	8314	0	0
MV-4122_S12__NODE_1682_length_8312_cov_12.097009	8312	0	0
MV-4128_S29__NODE_770_length_8312_cov_17.935328	8312	0	0
MV-4122_S12__NODE_1684_length_8311_cov_7.396560	8311	0	0
Biragzang__NODE_1304_length_8309_cov_30.330749	8309	0	0
Biragzang__NODE_1305_length_8308_cov_6.976736	8308	0	0
Biragzang__NODE_1306_length_8305_cov_15.116000	8305	0	0
Biragzang__NODE_1307_length_8304_cov_6.905322	8304	0	0
Biragzang__NODE_1308_length_8304_cov_6.351315	8304	0	0
MV-4125_S18__NODE_1383_length_8304_cov_17.032368	8304	0	0
MV-4122_S12__NODE_1685_length_8301_cov_25.372302	8301	0	0
MV-4128_S29__NODE_771_length_8299_cov_15.618025	8299	0	0
MV-4122_S12__NODE_1686_length_8297_cov_20.079714	8297	0	0
Biragzang__NODE_1309_length_8294_cov_25.028523	8294	101	0
MV-4125_S18__NODE_1385_length_8290_cov_18.912568	8290	0	0
Biragzang__NODE_1310_length_8288_cov_6.774930	8288	0	0
MV-4122_S12__NODE_1687_length_8288_cov_9.964290	8288	0	0
MV-4125_S18__NODE_1386_length_8286_cov_6.811202	8286	0	0
Biragzang__NODE_1311_length_8283_cov_7.061133	8283	0	0
MV-4128_S29__NODE_772_length_8282_cov_15.318950	8282	0	0
MV-4122_S12__NODE_1688_length_8281_cov_12.230853	8281	0	0
Biragzang__NODE_1312_length_8280_cov_12.479027	8280	2	0
Biragzang__NODE_1313_length_8279_cov_56.600559	8279	0	0
MV-4125_S18__NODE_1388_length_8275_cov_19.759611	8275	0	0
cell-4125-0-44_S16__NODE_174_length_8275_cov_10.772384	8275	0	0
MV-4122_S12__NODE_1689_length_8273_cov_9.318082	8273	0	0
Biragzang__NODE_1314_length_8272_cov_16.368139	8272	737	0
Biragzang__NODE_1315_length_8269_cov_9.065620	8269	0	0
Biragzang__NODE_1316_length_8268_cov_6.270060	8268	0	0
Biragzang__NODE_1317_length_8267_cov_9.747077	8267	34	0
MV-4122_S12__NODE_1690_length_8267_cov_31.136264	8267	0	0
Biragzang__NODE_1318_length_8266_cov_19.377421	8266	0	0
cell-4122-0-44_S10__NODE_278_length_8265_cov_13.045676	8265	0	0
MV-4128_S29__NODE_773_length_8262_cov_6.026685	8262	0	0
MV-4122_S12__NODE_1692_length_8261_cov_9.152815	8261	0	0
MV-4125_S18__NODE_1390_length_8261_cov_16.527175	8261	0	0
MV-4122_S12__NODE_1693_length_8260_cov_26.075320	8260	0	0
MV-4125_S18__NODE_1393_length_8257_cov_18.417337	8257	0	0
MV-4125_S18__NODE_1395_length_8254_cov_7.716307	8254	0	0
Biragzang__NODE_1319_length_8253_cov_12.149427	8253	16	0
Biragzang__NODE_1320_length_8252_cov_57.300232	8252	2	0
Biragzang__NODE_1321_length_8252_cov_48.723801	8252	339	0
Biragzang__NODE_1322_length_8251_cov_8.934846	8251	4	0
Biragzang__NODE_1323_length_8249_cov_42.719429	8249	0	0
MV-4128_S29__NODE_774_length_8248_cov_17.233736	8248	0	0
Biragzang__NODE_1324_length_8247_cov_12.613525	8247	0	0
MV-4122_S12__NODE_1694_length_8246_cov_10.777683	8246	0	0
MV-4125_S18__NODE_1397_length_8246_cov_26.675131	8246	0	0
cell-4125-0-44_S16__NODE_175_length_8245_cov_5.781929	8245	0	0
Biragzang__NODE_1325_length_8244_cov_35.819148	8244	0	0
MV-4122_S12__NODE_1695_length_8242_cov_43.899353	8242	0	0
Biragzang__NODE_1326_length_8241_cov_49.967139	8241	0	0
Biragzang__NODE_1327_length_8240_cov_12.664020	8240	0	0
MV-4128_S29__NODE_775_length_8240_cov_26.996701	8240	4	0
cell-4122-0-44_S10__NODE_279_length_8239_cov_13.382576	8239	0	0
Biragzang__NODE_1328_length_8237_cov_17.486923	8237	0	0
MV-4125_S18__NODE_1399_length_8236_cov_15.581469	8236	0	0
cell-4122-0-44_S10__NODE_280_length_8236_cov_18.644664	8236	0	0
MV-4125_S18__NODE_1400_length_8235_cov_20.565648	8235	0	0
Biragzang__NODE_1329_length_8231_cov_68.035837	8231	0	0
cell-4122-0-44_S10__NODE_281_length_8229_cov_23.412283	8229	0	0
Biragzang__NODE_1330_length_8228_cov_10.870549	8228	0	0
Biragzang__NODE_1331_length_8228_cov_6.705371	8228	0	0
Biragzang__NODE_1332_length_8227_cov_54.577827	8227	2	0
MV-4122_S12__NODE_1697_length_8224_cov_11.358306	8224	0	0
MV-4128_S29__NODE_776_length_8224_cov_17.021912	8224	0	0
MV-4125_S18__NODE_1402_length_8223_cov_47.965597	8223	0	0
MV-4128_S29__NODE_777_length_8223_cov_13.782076	8223	0	0
MV-4128_S29__NODE_778_length_8217_cov_28.099485	8217	0	0
MV-4122_S12__NODE_1698_length_8213_cov_21.014955	8213	0	0
MV-4128_S29__NODE_779_length_8213_cov_13.471929	8213	0	0
MV-4128_S29__NODE_780_length_8212_cov_26.541866	8212	0	0
MV-4128_S29__NODE_781_length_8212_cov_9.316170	8212	0	0
MV-4122_S12__NODE_1699_length_8210_cov_8.265113	8210	0	0
Biragzang__NODE_1333_length_8209_cov_15.199289	8209	0	0
MV-4128_S29__NODE_782_length_8205_cov_15.867117	8205	0	0
MV-4125_S18__NODE_1409_length_8200_cov_7.118109	8200	0	0
MV-4122_S12__NODE_1700_length_8196_cov_21.913033	8196	0	0
Biragzang__NODE_1334_length_8193_cov_4.992873	8193	0	0
Biragzang__NODE_1335_length_8191_cov_14.127950	8191	686	0
MV-4125_S18__NODE_1410_length_8190_cov_24.335956	8190	0	0
MV-4125_S18__NODE_1411_length_8190_cov_22.488998	8190	0	0
MV-4125_S18__NODE_1412_length_8189_cov_15.001598	8189	0	0
MV-4128_S29__NODE_783_length_8189_cov_20.584091	8189	0	0
cell-4125-0-44_S16__NODE_177_length_8189_cov_9.556553	8189	0	0
cell-4122-0-44_S10__NODE_282_length_8188_cov_19.683389	8188	0	0
Biragzang__NODE_1336_length_8185_cov_28.580812	8185	0	0
MV-4125_S18__NODE_1415_length_8184_cov_14.405831	8184	0	0
Biragzang__NODE_1337_length_8183_cov_9.207800	8183	0	0
MV-4128_S29__NODE_784_length_8183_cov_13.187623	8183	0	0
Biragzang__NODE_1338_length_8182_cov_5.410114	8182	0	0
Biragzang__NODE_1339_length_8181_cov_11.399089	8181	14	0
cell-4122-0-44_S10__NODE_283_length_8181_cov_12.814669	8181	0	0
cell-4122-0-44_S10__NODE_284_length_8179_cov_40.650295	8179	0	0
cell-4125-0-44_S16__NODE_178_length_8178_cov_7.618737	8178	0	0
MV-4125_S18__NODE_1416_length_8177_cov_7.029549	8177	0	0
cell-4125-0-44_S16__NODE_179_length_8177_cov_11.949520	8177	0	0
Biragzang__NODE_1340_length_8176_cov_7.086935	8176	0	0
MV-4122_S12__NODE_1701_length_8176_cov_38.770595	8176	0	0
Biragzang__NODE_1341_length_8173_cov_17.759177	8173	0	0
MV-4122_S12__NODE_1702_length_8173_cov_10.163587	8173	0	0
MV-4122_S12__NODE_1703_length_8172_cov_29.387828	8172	0	0
MV-4122_S12__NODE_1704_length_8172_cov_8.946655	8172	0	0
Biragzang__NODE_1342_length_8171_cov_10.229423	8171	6	0
cell-4122-0-44_S10__NODE_285_length_8169_cov_14.339044	8169	0	0
cell-4122-0-44_S10__NODE_286_length_8166_cov_16.676735	8166	0	0
MV-4128_S29__NODE_785_length_8164_cov_15.387717	8164	0	0
MV-4128_S29__NODE_786_length_8164_cov_12.069799	8164	0	0
Biragzang__NODE_1343_length_8163_cov_13.006167	8163	644	0
Biragzang__NODE_1344_length_8161_cov_11.017148	8161	8	0
MV-4122_S12__NODE_1705_length_8161_cov_20.986306	8161	0	0
MV-4122_S12__NODE_1706_length_8160_cov_31.662554	8160	4	0
Biragzang__NODE_1345_length_8155_cov_9.673457	8155	18	0
MV-4122_S12__NODE_1707_length_8154_cov_23.956167	8154	0	0
MV-4125_S18__NODE_1419_length_8154_cov_21.666749	8154	0	0
MV-4125_S18__NODE_1420_length_8154_cov_21.353871	8154	0	0
MV-4128_S29__NODE_787_length_8154_cov_14.714780	8154	0	0
Biragzang__NODE_1346_length_8149_cov_11.240796	8149	16	0
MV-4125_S18__NODE_1422_length_8149_cov_16.469978	8149	0	0
cell-4125-0-44_S16__NODE_180_length_8149_cov_5.351371	8149	0	0
Biragzang__NODE_1347_length_8145_cov_12.005068	8145	0	0
Biragzang__NODE_1348_length_8144_cov_50.662505	8144	0	0
MV-4125_S18__NODE_1423_length_8142_cov_21.599110	8142	0	0
MV-4125_S18__NODE_1424_length_8140_cov_17.218924	8140	0	0
MV-4128_S29__NODE_789_length_8139_cov_13.183944	8139	0	0
Biragzang__NODE_1349_length_8137_cov_9.843108	8137	10	0
Biragzang__NODE_1350_length_8132_cov_7.644422	8132	28	0
MV-4122_S12__NODE_1709_length_8131_cov_13.964586	8131	0	0
MV-4122_S12__NODE_1710_length_8125_cov_4.741636	8125	0	0
cell-4125-0-44_S16__NODE_181_length_8125_cov_10.699133	8125	0	0
cell-4125-0-44_S16__NODE_182_length_8125_cov_6.969641	8125	0	0
MV-4128_S29__NODE_790_length_8124_cov_12.059239	8124	0	0
MV-4122_S12__NODE_1711_length_8123_cov_21.303297	8123	0	0
cell-4122-0-44_S10__NODE_287_length_8123_cov_10.910759	8123	0	0
cell-4122-0-44_S10__NODE_288_length_8123_cov_8.065568	8123	0	0
cell-4125-0-44_S16__NODE_183_length_8123_cov_8.312469	8123	0	0
Biragzang__NODE_1351_length_8122_cov_5.989587	8122	4	0
MV-4122_S12__NODE_1712_length_8122_cov_6.779844	8122	0	0
MV-4125_S18__NODE_1429_length_8121_cov_28.323456	8121	0	0
Biragzang__NODE_1352_length_8120_cov_7.630998	8120	0	0
MV-4122_S12__NODE_1713_length_8118_cov_13.784696	8118	0	0
Biragzang__NODE_1353_length_8117_cov_10.978789	8117	2	0
MV-4122_S12__NODE_1714_length_8116_cov_27.634785	8116	0	0
MV-4122_S12__NODE_1715_length_8115_cov_7.526551	8115	0	0
MV-4125_S18__NODE_1430_length_8114_cov_5.388137	8114	0	0
Biragzang__NODE_1354_length_8113_cov_36.718292	8113	182	0
Biragzang__NODE_1355_length_8113_cov_14.341400	8113	12	0
Biragzang__NODE_1356_length_8113_cov_9.396997	8113	11	0
MV-4125_S18__NODE_1431_length_8112_cov_20.906913	8112	4	0
MV-4125_S18__NODE_1432_length_8112_cov_7.903686	8112	0	0
MV-4128_S29__NODE_791_length_8110_cov_16.003973	8110	0	0
Biragzang__NODE_1357_length_8107_cov_11.669399	8107	8	0
MV-4122_S12__NODE_1717_length_8106_cov_43.039995	8106	0	0
cell-4125-0-44_S16__NODE_184_length_8106_cov_9.414234	8106	8	0
cell-4122-0-44_S10__NODE_289_length_8105_cov_12.443851	8105	0	0
Biragzang__NODE_1358_length_8103_cov_9.324428	8103	0	0
cell-4122-0-44_S10__NODE_290_length_8103_cov_12.063370	8103	0	0
Biragzang__NODE_1359_length_8101_cov_47.161322	8101	8	0
MV-4128_S29__NODE_792_length_8100_cov_11.374767	8100	0	0
Biragzang__NODE_1360_length_8097_cov_47.104452	8097	0	0
MV-4122_S12__NODE_1720_length_8097_cov_27.339965	8097	0	0
MV-4122_S12__NODE_1721_length_8095_cov_10.905473	8095	0	0
Biragzang__NODE_1361_length_8094_cov_6.551561	8094	0	0
cell-4125-0-44_S16__NODE_185_length_8092_cov_5.960682	8092	0	0
MV-4122_S12__NODE_1722_length_8090_cov_12.591039	8090	0	0
Biragzang__NODE_1362_length_8088_cov_23.297025	8088	0	0
MV-4122_S12__NODE_1723_length_8087_cov_11.335035	8087	0	0
Biragzang__NODE_1363_length_8086_cov_37.582493	8086	2	0
MV-4122_S12__NODE_1724_length_8085_cov_14.179577	8085	0	0
MV-4125_S18__NODE_1438_length_8084_cov_26.330552	8084	0	0
Biragzang__NODE_1364_length_8083_cov_7.278899	8083	0	0
MV-4125_S18__NODE_1439_length_8083_cov_18.285127	8083	0	0
Biragzang__NODE_1365_length_8082_cov_11.327893	8082	4	0
Biragzang__NODE_1366_length_8081_cov_10.290057	8081	1	0
MV-4122_S12__NODE_1725_length_8081_cov_23.347122	8081	0	0
Biragzang__NODE_1367_length_8076_cov_12.516145	8076	0	0
Biragzang__NODE_1368_length_8076_cov_10.849021	8076	12	0
cell-4125-0-44_S16__NODE_186_length_8075_cov_6.244638	8075	6	0
MV-4122_S12__NODE_1726_length_8074_cov_26.863699	8074	0	0
MV-4125_S18__NODE_1444_length_8071_cov_7.953842	8071	0	0
MV-4125_S18__NODE_1445_length_8069_cov_7.586973	8069	0	0
Biragzang__NODE_1369_length_8068_cov_36.571072	8068	6	0
MV-4122_S12__NODE_1727_length_8067_cov_24.514853	8067	0	0
MV-4125_S18__NODE_1447_length_8067_cov_32.265851	8067	0	0
MV-4128_S29__NODE_793_length_8067_cov_7.989641	8067	9	0
Biragzang__NODE_1370_length_8066_cov_14.979903	8066	0	0
Biragzang__NODE_1371_length_8066_cov_11.053427	8066	0	0
Biragzang__NODE_1372_length_8065_cov_6.029338	8065	0	0
MV-4122_S12__NODE_1728_length_8065_cov_8.932709	8065	0	0
MV-4122_S12__NODE_1729_length_8063_cov_45.195055	8063	0	0
MV-4125_S18__NODE_1448_length_8063_cov_5.442932	8063	0	0
MV-4128_S29__NODE_794_length_8063_cov_13.049825	8063	0	0
MV-4122_S12__NODE_1730_length_8061_cov_32.021359	8061	0	0
Biragzang__NODE_1373_length_8059_cov_12.594703	8059	0	0
Biragzang__NODE_1374_length_8058_cov_29.313008	8058	0	0
MV-4125_S18__NODE_1449_length_8057_cov_6.173957	8057	0	0
Biragzang__NODE_1375_length_8056_cov_10.028746	8056	2	0
MV-4122_S12__NODE_1731_length_8056_cov_13.388451	8056	4	0
Biragzang__NODE_1376_length_8055_cov_6.947250	8055	0	0
MV-4125_S18__NODE_1450_length_8051_cov_8.039645	8051	0	0
cell-4125-0-44_S16__NODE_187_length_8051_cov_9.952851	8051	0	0
Biragzang__NODE_1377_length_8048_cov_12.424496	8048	310	0
Biragzang__NODE_1378_length_8046_cov_6.047053	8046	0	0
cell-4122-0-44_S10__NODE_291_length_8046_cov_32.726067	8046	0	0
cell-4125-0-44_S16__NODE_188_length_8046_cov_7.042298	8046	0	0
Biragzang__NODE_1379_length_8043_cov_35.952429	8043	0	0
MV-4128_S29__NODE_795_length_8043_cov_14.342514	8043	0	0
cell-4125-0-44_S16__NODE_189_length_8043_cov_7.685528	8043	0	0
Biragzang__NODE_1380_length_8042_cov_44.184926	8042	0	0
MV-4122_S12__NODE_1732_length_8042_cov_10.798422	8042	0	0
MV-4128_S29__NODE_796_length_8042_cov_15.133467	8042	0	0
MV-4125_S18__NODE_1452_length_8041_cov_20.190584	8041	0	0
MV-4128_S29__NODE_797_length_8041_cov_16.323942	8041	0	0
Biragzang__NODE_1381_length_8040_cov_11.742142	8040	2	0
MV-4125_S18__NODE_1453_length_8040_cov_16.714214	8040	0	0
MV-4125_S18__NODE_1454_length_8038_cov_7.017287	8038	0	0
MV-4128_S29__NODE_798_length_8036_cov_6.839494	8036	0	0
Biragzang__NODE_1382_length_8035_cov_10.174311	8035	68	0
cell-4125-0-44_S16__NODE_190_length_8034_cov_9.318962	8034	0	0
cell-4125-0-44_S16__NODE_191_length_8024_cov_33.434433	8024	0	0
Biragzang__NODE_1383_length_8023_cov_63.626506	8023	8	0
MV-4128_S29__NODE_799_length_8023_cov_816.873117	8023	0	0
Biragzang__NODE_1384_length_8021_cov_6.256214	8021	0	0
Biragzang__NODE_1385_length_8020_cov_7.509605	8020	0	0
MV-4125_S18__NODE_1455_length_8020_cov_13.587194	8020	0	0
Biragzang__NODE_1386_length_8016_cov_32.523175	8016	0	0
MV-4125_S18__NODE_1459_length_8015_cov_6.426005	8015	0	0
MV-4125_S18__NODE_1460_length_8013_cov_36.428500	8013	0	0
MV-4125_S18__NODE_1461_length_8013_cov_28.681453	8013	1	0
Biragzang__NODE_1387_length_8011_cov_7.631850	8011	51	0
MV-4122_S12__NODE_1733_length_8011_cov_47.705128	8011	0	0
Biragzang__NODE_1388_length_8009_cov_18.514584	8009	0	0
Biragzang__NODE_1389_length_8008_cov_32.338111	8008	0	0
Biragzang__NODE_1390_length_8008_cov_8.475041	8008	394	0
Biragzang__NODE_1391_length_8004_cov_57.697446	8004	453	0
MV-4122_S12__NODE_1735_length_8003_cov_10.504026	8003	0	0
MV-4122_S12__NODE_1736_length_8002_cov_22.209136	8002	0	0
MV-4128_S29__NODE_800_length_8002_cov_15.121178	8002	2	0
Biragzang__NODE_1392_length_8001_cov_7.297634	8001	0	0
Biragzang__NODE_1393_length_8000_cov_6.091126	8000	0	0
cell-4125-0-44_S16__NODE_194_length_8000_cov_8.208055	8000	0	0
Biragzang__NODE_1394_length_7996_cov_8.028586	7996	20	0
Biragzang__NODE_1395_length_7993_cov_10.104560	7993	10	0
Biragzang__NODE_1396_length_7993_cov_7.785336	7993	0	0
Biragzang__NODE_1397_length_7990_cov_12.884184	7990	0	0
cell-4122-0-44_S10__NODE_292_length_7989_cov_9.679859	7989	0	0
Biragzang__NODE_1398_length_7988_cov_10.888693	7988	444	0
Biragzang__NODE_1399_length_7978_cov_9.305061	7978	0	0
cell-4122-0-44_S10__NODE_293_length_7978_cov_40.923009	7978	0	0
cell-4125-0-44_S16__NODE_195_length_7978_cov_10.971223	7978	2	0
MV-4125_S18__NODE_1464_length_7977_cov_26.270134	7977	0	0
Biragzang__NODE_1400_length_7976_cov_6.217018	7976	0	0
MV-4122_S12__NODE_1739_length_7975_cov_38.020455	7975	0	0
cell-4125-0-44_S16__NODE_196_length_7975_cov_10.247222	7975	0	0
MV-4128_S29__NODE_801_length_7974_cov_21.639727	7974	0	0
MV-4125_S18__NODE_1466_length_7972_cov_7.620437	7972	0	0
Biragzang__NODE_1401_length_7970_cov_24.231586	7970	1	0
Biragzang__NODE_1402_length_7970_cov_10.408718	7970	6	0
MV-4125_S18__NODE_1467_length_7969_cov_20.304145	7969	4	0
Biragzang__NODE_1403_length_7967_cov_7.939459	7967	46	0
Biragzang__NODE_1404_length_7967_cov_6.904323	7967	0	0
Biragzang__NODE_1405_length_7967_cov_5.420627	7967	0	0
Biragzang__NODE_1406_length_7963_cov_7.912241	7963	46	0
MV-4125_S18__NODE_1470_length_7960_cov_19.010879	7960	0	0
cell-4122-0-44_S10__NODE_294_length_7958_cov_12.488802	7958	0	0
MV-4122_S12__NODE_1743_length_7955_cov_7.735190	7955	0	0
Biragzang__NODE_1407_length_7952_cov_36.863366	7952	0	0
MV-4125_S18__NODE_1475_length_7950_cov_21.053452	7950	0	0
Biragzang__NODE_1408_length_7948_cov_10.610288	7948	30	0
MV-4122_S12__NODE_1744_length_7948_cov_11.976688	7948	0	0
MV-4122_S12__NODE_1745_length_7948_cov_10.718992	7948	0	0
Biragzang__NODE_1409_length_7947_cov_5.590345	7947	0	0
MV-4125_S18__NODE_1478_length_7945_cov_6.710646	7945	0	0
Biragzang__NODE_1410_length_7943_cov_12.763058	7943	569	0
MV-4125_S18__NODE_1479_length_7942_cov_6.686319	7942	0	0
Biragzang__NODE_1411_length_7941_cov_11.548187	7941	0	0
Biragzang__NODE_1412_length_7935_cov_12.288325	7935	6	0
MV-4125_S18__NODE_1482_length_7934_cov_33.148496	7934	0	0
MV-4122_S12__NODE_1746_length_7930_cov_9.549587	7930	0	0
cell-4125-0-44_S16__NODE_197_length_7929_cov_7.255525	7929	0	0
Biragzang__NODE_1413_length_7925_cov_15.700889	7925	0	0
Biragzang__NODE_1414_length_7922_cov_6.977247	7922	0	0
MV-4125_S18__NODE_1484_length_7922_cov_12.327571	7922	0	0
cell-4125-0-44_S16__NODE_198_length_7922_cov_16.228295	7922	0	0
Biragzang__NODE_1415_length_7921_cov_15.613272	7921	20	0
Biragzang__NODE_1416_length_7921_cov_6.229596	7921	0	0
MV-4128_S29__NODE_803_length_7921_cov_16.865116	7921	0	0
Biragzang__NODE_1417_length_7920_cov_15.144819	7920	363	0
Biragzang__NODE_1418_length_7916_cov_11.201628	7916	0	0
Biragzang__NODE_1419_length_7915_cov_24.633079	7915	65	0
MV-4122_S12__NODE_1747_length_7915_cov_21.451654	7915	0	0
cell-4122-0-44_S10__NODE_295_length_7915_cov_23.231552	7915	0	0
MV-4122_S12__NODE_1749_length_7914_cov_8.202698	7914	0	0
MV-4128_S29__NODE_804_length_7913_cov_15.287223	7913	0	0
Biragzang__NODE_1420_length_7912_cov_23.690594	7912	1	0
MV-4122_S12__NODE_1750_length_7912_cov_11.229986	7912	0	0
MV-4128_S29__NODE_805_length_7911_cov_24.109343	7911	0	0
MV-4122_S12__NODE_1751_length_7909_cov_26.933537	7909	0	0
MV-4122_S12__NODE_1752_length_7908_cov_35.786706	7908	0	0
cell-4125-0-44_S16__NODE_199_length_7907_cov_10.834947	7907	2	0
Biragzang__NODE_1421_length_7906_cov_24.393326	7906	0	0
Biragzang__NODE_1422_length_7906_cov_16.416507	7906	576	0
MV-4122_S12__NODE_1754_length_7904_cov_21.938463	7904	0	0
Biragzang__NODE_1423_length_7901_cov_5.945322	7901	0	0
Biragzang__NODE_1424_length_7900_cov_7.469089	7900	34	0
MV-4128_S29__NODE_806_length_7900_cov_7.317655	7900	0	0
MV-4128_S29__NODE_807_length_7899_cov_14.817823	7899	4	0
MV-4125_S18__NODE_1489_length_7894_cov_19.856742	7894	0	0
MV-4128_S29__NODE_808_length_7891_cov_16.468606	7891	0	0
MV-4125_S18__NODE_1490_length_7890_cov_6.252585	7890	0	0
Biragzang__NODE_1425_length_7889_cov_13.328568	7889	628	0
MV-4122_S12__NODE_1756_length_7888_cov_26.494191	7888	0	0
MV-4125_S18__NODE_1494_length_7884_cov_7.069230	7884	0	0
Biragzang__NODE_1426_length_7882_cov_15.110004	7882	0	0
MV-4128_S29__NODE_809_length_7882_cov_23.187811	7882	0	0
Biragzang__NODE_1427_length_7879_cov_13.637270	7879	0	0
Biragzang__NODE_1428_length_7879_cov_6.086273	7879	0	0
MV-4128_S29__NODE_810_length_7879_cov_14.016488	7879	0	0
cell-4122-0-44_S10__NODE_296_length_7879_cov_17.368482	7879	0	0
MV-4125_S18__NODE_1495_length_7878_cov_7.250671	7878	0	0
MV-4122_S12__NODE_1757_length_7877_cov_4.635260	7877	0	0
Biragzang__NODE_1429_length_7876_cov_8.761284	7876	35	0
MV-4125_S18__NODE_1496_length_7876_cov_23.906406	7876	0	0
Biragzang__NODE_1430_length_7873_cov_19.403044	7873	58	0
Biragzang__NODE_1431_length_7868_cov_49.976194	7868	305	0
MV-4128_S29__NODE_811_length_7865_cov_10.420359	7865	0	0
MV-4122_S12__NODE_1758_length_7860_cov_9.275849	7860	0	0
Biragzang__NODE_1432_length_7859_cov_8.437340	7859	68	0
MV-4125_S18__NODE_1499_length_7859_cov_7.651845	7859	0	0
Biragzang__NODE_1433_length_7858_cov_4.426631	7858	0	0
MV-4122_S12__NODE_1759_length_7857_cov_11.221353	7857	0	0
MV-4125_S18__NODE_1500_length_7857_cov_20.383107	7857	0	0
Biragzang__NODE_1434_length_7851_cov_5.020523	7851	0	0
MV-4128_S29__NODE_812_length_7851_cov_15.445998	7851	0	0
Biragzang__NODE_1435_length_7843_cov_7.862481	7843	46	0
cell-4122-0-44_S10__NODE_297_length_7842_cov_516.592783	7842	0	0
cell-4122-0-44_S10__NODE_298_length_7842_cov_14.284834	7842	0	0
cell-4125-0-44_S16__NODE_200_length_7839_cov_5.898253	7839	0	0
MV-4125_S18__NODE_1503_length_7838_cov_7.160735	7838	0	0
cell-4122-0-44_S10__NODE_299_length_7838_cov_16.061287	7838	0	0
MV-4122_S12__NODE_1760_length_7837_cov_44.469160	7837	0	0
MV-4122_S12__NODE_1761_length_7836_cov_13.035343	7836	0	0
Biragzang__NODE_1436_length_7835_cov_40.211311	7835	0	0
MV-4122_S12__NODE_1762_length_7834_cov_10.007456	7834	0	0
MV-4128_S29__NODE_813_length_7832_cov_14.683425	7832	0	0
cell-4125-0-44_S16__NODE_201_length_7832_cov_8.210492	7832	6	0
MV-4128_S29__NODE_814_length_7827_cov_4.750772	7827	0	0
Biragzang__NODE_1437_length_7825_cov_9.695367	7825	35	0
MV-4125_S18__NODE_1505_length_7824_cov_9.664049	7824	0	0
MV-4128_S29__NODE_815_length_7824_cov_13.481915	7824	0	0
cell-4122-0-44_S10__NODE_300_length_7824_cov_22.367615	7824	0	0
cell-4122-0-44_S10__NODE_301_length_7821_cov_10.270796	7821	0	0
MV-4125_S18__NODE_1506_length_7820_cov_11.871346	7820	0	0
MV-4125_S18__NODE_1507_length_7819_cov_21.834493	7819	0	0
Biragzang__NODE_1438_length_7817_cov_36.826720	7817	143	0
MV-4125_S18__NODE_1510_length_7817_cov_8.228421	7817	0	0
MV-4128_S29__NODE_816_length_7816_cov_17.862518	7816	0	0
Biragzang__NODE_1439_length_7813_cov_33.116396	7813	130	0
Biragzang__NODE_1440_length_7813_cov_6.878061	7813	0	0
MV-4122_S12__NODE_1764_length_7813_cov_31.790281	7813	0	0
MV-4125_S18__NODE_1513_length_7813_cov_22.992782	7813	0	0
MV-4125_S18__NODE_1514_length_7812_cov_7.124275	7812	0	0
Biragzang__NODE_1441_length_7808_cov_48.566877	7808	180	0
Biragzang__NODE_1442_length_7808_cov_6.661937	7808	0	0
MV-4128_S29__NODE_817_length_7808_cov_17.913066	7808	0	0
Biragzang__NODE_1443_length_7807_cov_6.344943	7807	0	0
Biragzang__NODE_1444_length_7806_cov_5.310928	7806	0	0
MV-4122_S12__NODE_1765_length_7804_cov_9.566912	7804	0	0
MV-4122_S12__NODE_1766_length_7804_cov_7.122467	7804	0	0
Biragzang__NODE_1445_length_7803_cov_8.640552	7803	376	0
Biragzang__NODE_1446_length_7801_cov_35.846501	7801	0	0
MV-4122_S12__NODE_1767_length_7800_cov_8.887540	7800	0	0
Biragzang__NODE_1447_length_7799_cov_10.931043	7799	20	0
Biragzang__NODE_1448_length_7799_cov_4.631586	7799	0	0
Biragzang__NODE_1449_length_7797_cov_45.230044	7797	0	0
MV-4128_S29__NODE_818_length_7796_cov_16.529001	7796	0	0
MV-4125_S18__NODE_1516_length_7795_cov_20.067183	7795	0	0
cell-4122-0-44_S10__NODE_302_length_7795_cov_32.253488	7795	0	0
MV-4128_S29__NODE_819_length_7792_cov_5.445651	7792	6	0
MV-4122_S12__NODE_1768_length_7791_cov_9.503490	7791	0	0
MV-4125_S18__NODE_1517_length_7791_cov_6.748837	7791	0	0
MV-4128_S29__NODE_820_length_7791_cov_13.760471	7791	0	0
Biragzang__NODE_1450_length_7790_cov_15.487783	7790	644	0
cell-4125-0-44_S16__NODE_202_length_7789_cov_7.002715	7789	0	0
Biragzang__NODE_1451_length_7788_cov_30.459847	7788	128	0
Biragzang__NODE_1452_length_7787_cov_9.687144	7787	2	0
cell-4122-0-44_S10__NODE_303_length_7786_cov_11.469280	7786	0	0
MV-4122_S12__NODE_1769_length_7785_cov_41.358603	7785	0	0
cell-4125-0-44_S16__NODE_203_length_7783_cov_6.833333	7783	0	0
Biragzang__NODE_1453_length_7779_cov_9.493786	7779	42	0
Biragzang__NODE_1454_length_7776_cov_31.573889	7776	14	0
cell-4125-0-44_S16__NODE_204_length_7775_cov_7.720855	7775	0	0
MV-4122_S12__NODE_1770_length_7774_cov_13.307164	7774	0	0
cell-4122-0-44_S10__NODE_304_length_7774_cov_12.577147	7774	0	0
MV-4125_S18__NODE_1520_length_7772_cov_6.608915	7772	0	0
MV-4122_S12__NODE_1771_length_7769_cov_20.299585	7769	0	0
MV-4122_S12__NODE_1773_length_7766_cov_4.601089	7766	0	0
MV-4125_S18__NODE_1521_length_7761_cov_26.753439	7761	0	0
Biragzang__NODE_1455_length_7759_cov_12.766485	7759	16	0
MV-4122_S12__NODE_1774_length_7758_cov_11.621706	7758	0	0
MV-4125_S18__NODE_1522_length_7757_cov_19.370813	7757	0	0
Biragzang__NODE_1456_length_7756_cov_9.580574	7756	394	0
MV-4128_S29__NODE_821_length_7754_cov_27.623068	7754	4	0
Biragzang__NODE_1457_length_7752_cov_22.725867	7752	0	0
MV-4128_S29__NODE_822_length_7752_cov_15.148240	7752	0	0
Biragzang__NODE_1458_length_7751_cov_9.369413	7751	0	0
MV-4128_S29__NODE_823_length_7750_cov_23.398051	7750	0	0
MV-4122_S12__NODE_1775_length_7749_cov_39.456200	7749	0	0
cell-4122-0-44_S10__NODE_305_length_7749_cov_10.877047	7749	0	0
Biragzang__NODE_1459_length_7748_cov_9.642142	7748	3	0
MV-4125_S18__NODE_1523_length_7748_cov_25.569349	7748	0	0
cell-4122-0-44_S10__NODE_306_length_7748_cov_24.056675	7748	0	0
Biragzang__NODE_1460_length_7747_cov_6.265081	7747	0	0
MV-4122_S12__NODE_1776_length_7746_cov_8.192043	7746	0	0
Biragzang__NODE_1461_length_7743_cov_53.227497	7743	378	0
Biragzang__NODE_1462_length_7742_cov_10.136334	7742	4	0
cell-4125-0-44_S16__NODE_205_length_7742_cov_7.233121	7742	0	0
Biragzang__NODE_1463_length_7741_cov_10.600312	7741	462	0
Biragzang__NODE_1464_length_7741_cov_6.325137	7741	0	0
MV-4122_S12__NODE_1777_length_7741_cov_27.710513	7741	0	0
MV-4122_S12__NODE_1778_length_7737_cov_9.026946	7737	0	0
MV-4122_S12__NODE_1779_length_7736_cov_40.386278	7736	0	0
MV-4122_S12__NODE_1780_length_7736_cov_7.619581	7736	0	0
cell-4122-0-44_S10__NODE_307_length_7736_cov_9.923057	7736	0	0
MV-4128_S29__NODE_824_length_7735_cov_16.089583	7735	0	0
MV-4125_S18__NODE_1527_length_7733_cov_31.925371	7733	0	0
Biragzang__NODE_1465_length_7729_cov_9.499088	7729	14	0
Biragzang__NODE_1466_length_7729_cov_9.140865	7729	8	0
MV-4122_S12__NODE_1781_length_7727_cov_19.344760	7727	0	0
MV-4128_S29__NODE_825_length_7727_cov_23.059828	7727	0	0
cell-4125-0-44_S16__NODE_206_length_7726_cov_7.616478	7726	0	0
Biragzang__NODE_1467_length_7723_cov_6.904408	7723	0	0
Biragzang__NODE_1468_length_7720_cov_63.367123	7720	0	0
MV-4122_S12__NODE_1782_length_7719_cov_23.282881	7719	0	0
cell-4122-0-44_S10__NODE_308_length_7719_cov_12.855297	7719	0	0
MV-4122_S12__NODE_1783_length_7718_cov_8.007960	7718	0	0
Biragzang__NODE_1469_length_7717_cov_11.628426	7717	0	0
MV-4128_S29__NODE_826_length_7717_cov_9.622944	7717	0	0
Biragzang__NODE_1470_length_7716_cov_9.456859	7716	2	0
MV-4125_S18__NODE_1528_length_7713_cov_24.028075	7713	0	0
MV-4122_S12__NODE_1784_length_7712_cov_10.919028	7712	0	0
Biragzang__NODE_1471_length_7710_cov_9.748922	7710	4	0
cell-4122-0-44_S10__NODE_309_length_7709_cov_15.641756	7709	0	0
Biragzang__NODE_1472_length_7704_cov_12.070336	7704	530	0
MV-4122_S12__NODE_1786_length_7697_cov_28.095001	7697	0	0
cell-4122-0-22_S11__NODE_135_length_7697_cov_12.974876	7697	0	0
MV-4122_S12__NODE_1787_length_7695_cov_18.602618	7695	0	0
Biragzang__NODE_1473_length_7694_cov_6.483833	7694	0	0
MV-4128_S29__NODE_828_length_7694_cov_19.350831	7694	0	0
Biragzang__NODE_1474_length_7691_cov_13.825563	7691	20	0
Biragzang__NODE_1475_length_7690_cov_12.694434	7690	540	0
cell-4125-0-44_S16__NODE_207_length_7689_cov_11.680639	7689	0	0
Biragzang__NODE_1476_length_7687_cov_59.672825	7687	285	0
Biragzang__NODE_1477_length_7687_cov_56.904350	7687	0	0
MV-4128_S29__NODE_829_length_7687_cov_10.246855	7687	0	0
MV-4125_S18__NODE_1532_length_7686_cov_8.179400	7686	0	0
MV-4125_S18__NODE_1533_length_7684_cov_9.147595	7684	0	0
MV-4128_S29__NODE_831_length_7683_cov_24.548374	7683	2	0
MV-4122_S12__NODE_1788_length_7682_cov_83.800970	7682	0	0
Biragzang__NODE_1478_length_7681_cov_11.114215	7681	462	0
Biragzang__NODE_1479_length_7679_cov_9.793284	7679	0	0
MV-4128_S29__NODE_832_length_7679_cov_8.467865	7679	26	0
Biragzang__NODE_1480_length_7675_cov_68.579265	7675	0	0
MV-4122_S12__NODE_1789_length_7675_cov_5.946325	7675	0	0
Biragzang__NODE_1481_length_7673_cov_34.124836	7673	43	0
Biragzang__NODE_1482_length_7673_cov_10.386847	7673	0	0
Biragzang__NODE_1483_length_7672_cov_6.236051	7672	0	0
MV-4128_S29__NODE_833_length_7672_cov_15.990679	7672	0	0
MV-4125_S18__NODE_1540_length_7670_cov_17.421536	7670	0	0
MV-4125_S18__NODE_1541_length_7669_cov_7.388889	7669	0	0
cell-4125-0-44_S16__NODE_208_length_7661_cov_14.361820	7661	0	0
MV-4122_S12__NODE_1790_length_7659_cov_22.020121	7659	0	0
MV-4128_S29__NODE_834_length_7655_cov_15.062500	7655	0	0
Biragzang__NODE_1484_length_7653_cov_12.793367	7653	14	0
MV-4122_S12__NODE_1792_length_7651_cov_6.518826	7651	0	0
MV-4125_S18__NODE_1543_length_7651_cov_30.723934	7651	0	0
MV-4128_S29__NODE_835_length_7651_cov_11.748289	7651	0	0
cell-4125-0-44_S16__NODE_209_length_7650_cov_10.305596	7650	0	0
MV-4125_S18__NODE_1546_length_7645_cov_6.688011	7645	0	0
cell-4125-0-44_S16__NODE_210_length_7644_cov_5.973251	7644	0	0
MV-4128_S29__NODE_836_length_7642_cov_12.632661	7642	0	0
MV-4128_S29__NODE_837_length_7641_cov_15.250066	7641	0	0
MV-4122_S12__NODE_1793_length_7639_cov_29.452795	7639	0	0
MV-4122_S12__NODE_1794_length_7639_cov_10.822917	7639	0	0
Biragzang__NODE_1485_length_7638_cov_5.940789	7638	35	0
cell-4122-0-44_S10__NODE_310_length_7638_cov_1517.774891	7638	1	0
MV-4122_S12__NODE_1795_length_7637_cov_55.666711	7637	0	0
Biragzang__NODE_1486_length_7636_cov_11.991030	7636	2	0
MV-4122_S12__NODE_1796_length_7635_cov_8.431926	7635	0	0
cell-4122-0-44_S10__NODE_311_length_7635_cov_14.456464	7635	0	0
Biragzang__NODE_1487_length_7633_cov_10.863552	7633	14	0
Biragzang__NODE_1488_length_7629_cov_13.624637	7629	20	0
Biragzang__NODE_1489_length_7628_cov_10.107883	7628	4	0
MV-4128_S29__NODE_838_length_7628_cov_12.643470	7628	0	0
cell-4125-0-44_S16__NODE_211_length_7626_cov_10.008982	7626	0	0
MV-4128_S29__NODE_839_length_7625_cov_24.601717	7625	0	0
Biragzang__NODE_1490_length_7624_cov_12.252874	7624	26	0
MV-4125_S18__NODE_1550_length_7624_cov_8.483816	7624	0	0
MV-4125_S18__NODE_1551_length_7623_cov_43.253568	7623	0	0
Biragzang__NODE_1491_length_7622_cov_6.351262	7622	0	0
MV-4125_S18__NODE_1552_length_7622_cov_18.880402	7622	0	0
MV-4125_S18__NODE_1553_length_7622_cov_15.455663	7622	0	0
Biragzang__NODE_1492_length_7619_cov_6.364754	7619	0	0
cell-4125-0-44_S16__NODE_212_length_7619_cov_5.987969	7619	0	0
cell-4122-0-44_S10__NODE_312_length_7618_cov_21.668782	7618	0	0
Biragzang__NODE_1493_length_7617_cov_12.721634	7617	30	0
Biragzang__NODE_1494_length_7617_cov_5.956890	7617	0	0
MV-4125_S18__NODE_1556_length_7616_cov_14.759556	7616	0	0
MV-4128_S29__NODE_840_length_7615_cov_23.305026	7615	1	0
MV-4122_S12__NODE_1797_length_7612_cov_24.980019	7612	0	0
Biragzang__NODE_1495_length_7610_cov_36.040900	7610	0	0
MV-4122_S12__NODE_1798_length_7609_cov_8.095976	7609	0	0
MV-4128_S29__NODE_841_length_7609_cov_24.901509	7609	1	0
Biragzang__NODE_1496_length_7608_cov_13.150669	7608	27	0
Biragzang__NODE_1497_length_7605_cov_6.653642	7605	0	0
MV-4122_S12__NODE_1799_length_7605_cov_21.942119	7605	0	0
MV-4122_S12__NODE_1800_length_7604_cov_11.918797	7604	0	0
MV-4128_S29__NODE_842_length_7604_cov_20.723937	7604	0	0
Biragzang__NODE_1498_length_7603_cov_9.953498	7603	2	0
MV-4122_S12__NODE_1801_length_7603_cov_28.812401	7603	0	0
MV-4128_S29__NODE_843_length_7601_cov_4.817122	7601	0	0
Biragzang__NODE_1499_length_7600_cov_8.703645	7600	32	0
MV-4125_S18__NODE_1561_length_7597_cov_6.622116	7597	0	0
cell-4122-0-44_S10__NODE_313_length_7597_cov_19.853752	7597	0	0
MV-4122_S12__NODE_1803_length_7593_cov_14.537808	7593	0	0
MV-4122_S12__NODE_1804_length_7593_cov_7.871451	7593	0	0
Biragzang__NODE_1500_length_7591_cov_14.346736	7591	597	0
Biragzang__NODE_1501_length_7591_cov_11.840366	7591	556	0
cell-4122-0-44_S10__NODE_314_length_7591_cov_14.583599	7591	0	0
MV-4122_S12__NODE_1805_length_7590_cov_21.557930	7590	0	0
MV-4125_S18__NODE_1564_length_7590_cov_6.782216	7590	0	0
Biragzang__NODE_1502_length_7589_cov_30.863950	7589	0	0
MV-4122_S12__NODE_1806_length_7589_cov_12.545394	7589	0	0
MV-4122_S12__NODE_1807_length_7587_cov_29.650956	7587	0	0
MV-4125_S18__NODE_1565_length_7586_cov_15.496216	7586	0	0
cell-4125-0-44_S16__NODE_214_length_7586_cov_8.323330	7586	0	0
MV-4122_S12__NODE_1808_length_7584_cov_8.697171	7584	0	0
Biragzang__NODE_1503_length_7583_cov_34.180393	7583	126	0
MV-4122_S12__NODE_1809_length_7581_cov_29.116396	7581	0	0
Biragzang__NODE_1504_length_7580_cov_11.064585	7580	508	0
Biragzang__NODE_1505_length_7580_cov_8.346047	7580	36	0
MV-4128_S29__NODE_845_length_7580_cov_33.956811	7580	0	0
cell-4125-0-44_S16__NODE_215_length_7580_cov_4.853289	7580	0	0
MV-4122_S12__NODE_1810_length_7579_cov_10.788145	7579	0	0
MV-4122_S12__NODE_1811_length_7578_cov_24.566263	7578	0	0
MV-4125_S18__NODE_1567_length_7578_cov_7.518277	7578	0	0
Biragzang__NODE_1506_length_7575_cov_6.245745	7575	0	0
Biragzang__NODE_1507_length_7574_cov_53.048411	7574	209	0
MV-4122_S12__NODE_1812_length_7574_cov_7.751297	7574	0	0
MV-4125_S18__NODE_1570_length_7574_cov_6.224764	7574	0	0
Biragzang__NODE_1508_length_7573_cov_7.087390	7573	48	0
MV-4125_S18__NODE_1571_length_7573_cov_10.957702	7573	0	0
Biragzang__NODE_1509_length_7572_cov_47.997339	7572	229	0
Biragzang__NODE_1510_length_7572_cov_47.691366	7572	0	0
Biragzang__NODE_1511_length_7571_cov_37.986296	7571	0	0
Biragzang__NODE_1512_length_7570_cov_6.145975	7570	0	0
cell-4122-0-44_S10__NODE_315_length_7569_cov_43.451291	7569	0	0
MV-4128_S29__NODE_846_length_7568_cov_20.456276	7568	0	0
cell-4125-0-44_S16__NODE_216_length_7567_cov_10.147098	7567	0	0
cell-4125-0-44_S16__NODE_217_length_7566_cov_9.200373	7566	0	0
Biragzang__NODE_1513_length_7565_cov_9.541278	7565	8	0
cell-4122-0-44_S10__NODE_316_length_7565_cov_11.689481	7565	0	0
Biragzang__NODE_1514_length_7564_cov_11.243841	7564	0	0
Biragzang__NODE_1515_length_7563_cov_45.813799	7563	0	0
MV-4122_S12__NODE_1814_length_7563_cov_20.234283	7563	2	0
Biragzang__NODE_1516_length_7562_cov_7.771946	7562	0	0
MV-4128_S29__NODE_847_length_7559_cov_24.517457	7559	0	0
cell-4125-0-44_S16__NODE_218_length_7557_cov_6.858838	7557	0	0
MV-4125_S18__NODE_1577_length_7553_cov_16.094158	7553	0	0
MV-4122_S12__NODE_1815_length_7551_cov_25.936499	7551	0	0
Biragzang__NODE_1517_length_7550_cov_11.675517	7550	496	0
MV-4128_S29__NODE_848_length_7550_cov_17.450033	7550	0	0
MV-4122_S12__NODE_1816_length_7548_cov_5.800347	7548	0	0
MV-4128_S29__NODE_849_length_7548_cov_17.541305	7548	0	0
cell-4125-0-44_S16__NODE_219_length_7547_cov_15.717432	7547	0	0
MV-4128_S29__NODE_850_length_7545_cov_22.356609	7545	0	0
MV-4128_S29__NODE_851_length_7545_cov_21.591589	7545	0	0
MV-4122_S12__NODE_1818_length_7544_cov_12.196154	7544	0	0
MV-4128_S29__NODE_852_length_7544_cov_25.382561	7544	0	0
MV-4128_S29__NODE_853_length_7543_cov_10.232105	7543	0	0
MV-4128_S29__NODE_854_length_7543_cov_7.131277	7543	0	0
MV-4122_S12__NODE_1819_length_7542_cov_7.294243	7542	0	0
cell-4125-0-44_S16__NODE_220_length_7541_cov_11.383382	7541	2	0
Biragzang__NODE_1518_length_7537_cov_11.611868	7537	8	0
cell-4125-0-44_S16__NODE_221_length_7535_cov_9.358021	7535	2	0
MV-4128_S29__NODE_855_length_7533_cov_26.780824	7533	2	0
MV-4122_S12__NODE_1820_length_7532_cov_25.809817	7532	0	0
MV-4125_S18__NODE_1580_length_7529_cov_17.597672	7529	0	0
Biragzang__NODE_1519_length_7527_cov_10.123260	7527	12	0
MV-4125_S18__NODE_1582_length_7527_cov_7.193389	7527	0	0
cell-4122-0-44_S10__NODE_317_length_7527_cov_15.518870	7527	0	0
MV-4125_S18__NODE_1584_length_7524_cov_23.450395	7524	0	0
cell-4125-0-44_S16__NODE_222_length_7522_cov_9.931030	7522	2	0
MV-4125_S18__NODE_1586_length_7520_cov_7.868319	7520	0	0
Biragzang__NODE_1520_length_7519_cov_13.707931	7519	6	0
MV-4122_S12__NODE_1822_length_7519_cov_6.853430	7519	0	0
cell-4125-0-44_S16__NODE_223_length_7518_cov_7.428112	7518	0	0
cell-4122-0-44_S10__NODE_318_length_7515_cov_12.640349	7515	0	0
MV-4128_S29__NODE_856_length_7514_cov_15.627832	7514	0	0
Biragzang__NODE_1521_length_7513_cov_27.802628	7513	274	0
MV-4125_S18__NODE_1589_length_7512_cov_16.893791	7512	0	0
Biragzang__NODE_1522_length_7511_cov_14.486856	7511	285	0
Biragzang__NODE_1523_length_7510_cov_17.854594	7510	0	0
cell-4122-0-44_S10__NODE_319_length_7510_cov_10.023608	7510	0	0
cell-4122-0-44_S10__NODE_320_length_7507_cov_37.740338	7507	0	0
Biragzang__NODE_1524_length_7505_cov_11.717718	7505	493	0
Biragzang__NODE_1525_length_7503_cov_13.001208	7503	0	0
MV-4128_S29__NODE_857_length_7503_cov_17.034774	7503	0	0
MV-4122_S12__NODE_1823_length_7497_cov_9.644854	7497	0	0
Biragzang__NODE_1526_length_7496_cov_11.963849	7496	505	0
MV-4128_S29__NODE_858_length_7496_cov_15.352238	7496	0	0
MV-4128_S29__NODE_859_length_7496_cov_14.346593	7496	0	0
MV-4128_S29__NODE_860_length_7496_cov_5.042199	7496	8	0
cell-4122-0-44_S10__NODE_321_length_7495_cov_77.797849	7495	0	0
Biragzang__NODE_1527_length_7494_cov_14.046243	7494	0	0
Biragzang__NODE_1528_length_7493_cov_15.831406	7493	0	0
MV-4125_S18__NODE_1591_length_7490_cov_22.886886	7490	0	0
MV-4128_S29__NODE_861_length_7488_cov_14.013723	7488	0	0
cell-4122-0-44_S10__NODE_322_length_7488_cov_14.430916	7488	0	0
cell-4125-0-44_S16__NODE_224_length_7488_cov_17.236782	7488	0	0
Biragzang__NODE_1529_length_7486_cov_9.945499	7486	0	0
Biragzang__NODE_1530_length_7484_cov_4.781397	7484	0	0
cell-4125-0-44_S16__NODE_225_length_7484_cov_5.771436	7484	0	0
MV-4122_S12__NODE_1824_length_7482_cov_7.037700	7482	0	0
MV-4125_S18__NODE_1593_length_7482_cov_17.314393	7482	0	0
cell-4125-0-44_S16__NODE_226_length_7482_cov_8.246398	7482	0	0
Biragzang__NODE_1531_length_7481_cov_12.542957	7481	20	0
MV-4128_S29__NODE_863_length_7479_cov_14.967403	7479	0	0
Biragzang__NODE_1532_length_7478_cov_23.746464	7478	818	0
MV-4122_S12__NODE_1825_length_7478_cov_30.609457	7478	0	0
Biragzang__NODE_1533_length_7475_cov_12.496765	7475	0	0
MV-4122_S12__NODE_1826_length_7473_cov_23.105554	7473	0	0
Biragzang__NODE_1534_length_7472_cov_16.933531	7472	0	0
MV-4122_S12__NODE_1827_length_7472_cov_9.457328	7472	0	0
MV-4128_S29__NODE_864_length_7470_cov_7.717869	7470	4	0
cell-4122-0-44_S10__NODE_323_length_7469_cov_13.925142	7469	0	0
Biragzang__NODE_1535_length_7468_cov_9.380278	7468	0	0
MV-4122_S12__NODE_1828_length_7468_cov_6.959261	7468	0	0
MV-4128_S29__NODE_865_length_7468_cov_14.707811	7468	0	0
MV-4128_S29__NODE_866_length_7468_cov_14.287333	7468	0	0
MV-4128_S29__NODE_867_length_7466_cov_18.510322	7466	0	0
MV-4128_S29__NODE_868_length_7464_cov_13.735322	7464	0	0
MV-4122_S12__NODE_1829_length_7461_cov_41.523900	7461	0	0
MV-4125_S18__NODE_1596_length_7460_cov_7.597029	7460	0	0
MV-4128_S29__NODE_869_length_7459_cov_11.434630	7459	0	0
MV-4122_S12__NODE_1830_length_7457_cov_19.703864	7457	0	0
Biragzang__NODE_1536_length_7456_cov_14.866910	7456	674	0
MV-4128_S29__NODE_870_length_7456_cov_7.175652	7456	18	0
Biragzang__NODE_1537_length_7453_cov_31.728035	7453	0	0
MV-4122_S12__NODE_1831_length_7452_cov_13.717859	7452	0	0
MV-4125_S18__NODE_1598_length_7452_cov_7.554279	7452	0	0
cell-4122-0-44_S10__NODE_324_length_7452_cov_10.364472	7452	0	0
MV-4125_S18__NODE_1599_length_7451_cov_37.805435	7451	0	0
cell-4125-0-44_S16__NODE_227_length_7449_cov_6.719097	7449	0	0
Biragzang__NODE_1538_length_7447_cov_31.298837	7447	95	0
Biragzang__NODE_1539_length_7446_cov_9.051143	7446	34	0
Biragzang__NODE_1540_length_7445_cov_17.153857	7445	12	0
Biragzang__NODE_1541_length_7443_cov_36.579589	7443	0	0
Biragzang__NODE_1542_length_7442_cov_45.322594	7442	4	0
Biragzang__NODE_1543_length_7441_cov_14.177904	7441	0	0
MV-4122_S12__NODE_1832_length_7437_cov_26.947440	7437	0	0
Biragzang__NODE_1544_length_7436_cov_45.704512	7436	0	0
MV-4122_S12__NODE_1833_length_7436_cov_4.782821	7436	0	0
MV-4128_S29__NODE_871_length_7436_cov_15.038613	7436	0	0
MV-4122_S12__NODE_1834_length_7435_cov_12.121003	7435	0	0
Biragzang__NODE_1545_length_7432_cov_54.587773	7432	0	0
cell-4122-0-44_S10__NODE_325_length_7432_cov_702.137590	7432	0	0
cell-4125-0-44_S16__NODE_228_length_7432_cov_16.053951	7432	0	0
cell-4125-0-44_S16__NODE_229_length_7430_cov_5.064136	7430	2	0
MV-4128_S29__NODE_872_length_7429_cov_12.385408	7429	0	0
Biragzang__NODE_1546_length_7426_cov_11.341745	7426	0	0
Biragzang__NODE_1547_length_7425_cov_41.505427	7425	2	0
MV-4122_S12__NODE_1835_length_7423_cov_7.793702	7423	0	0
Biragzang__NODE_1548_length_7422_cov_35.647482	7422	0	0
Biragzang__NODE_1549_length_7422_cov_5.706801	7422	0	0
MV-4128_S29__NODE_873_length_7422_cov_4.551514	7422	19	0
Biragzang__NODE_1550_length_7421_cov_7.183275	7421	0	0
MV-4125_S18__NODE_1604_length_7419_cov_17.801059	7419	0	0
MV-4122_S12__NODE_1836_length_7418_cov_9.279641	7418	0	0
MV-4125_S18__NODE_1605_length_7414_cov_11.311863	7414	0	0
Biragzang__NODE_1551_length_7413_cov_51.721799	7413	305	0
MV-4125_S18__NODE_1606_length_7413_cov_15.523512	7413	0	0
MV-4128_S29__NODE_874_length_7413_cov_7.981924	7413	6	0
MV-4122_S12__NODE_1837_length_7412_cov_31.003126	7412	0	0
cell-4125-0-44_S16__NODE_230_length_7412_cov_6.091613	7412	0	0
Biragzang__NODE_1552_length_7411_cov_29.199157	7411	90	0
cell-4122-0-22_S11__NODE_143_length_7411_cov_12.430669	7411	2	0
MV-4128_S29__NODE_875_length_7408_cov_10.674147	7408	0	0
MV-4125_S18__NODE_1609_length_7407_cov_20.016730	7407	0	0
Biragzang__NODE_1553_length_7404_cov_7.781331	7404	20	0
Biragzang__NODE_1554_length_7402_cov_14.657003	7402	0	0
MV-4122_S12__NODE_1838_length_7402_cov_25.499932	7402	0	0
MV-4125_S18__NODE_1611_length_7402_cov_7.557506	7402	0	0
MV-4125_S18__NODE_1612_length_7399_cov_8.794390	7399	0	0
Biragzang__NODE_1555_length_7396_cov_12.596104	7396	0	0
MV-4122_S12__NODE_1840_length_7396_cov_15.012805	7396	0	0
Biragzang__NODE_1556_length_7395_cov_5.710763	7395	0	0
Biragzang__NODE_1557_length_7392_cov_31.249012	7392	0	0
MV-4125_S18__NODE_1616_length_7392_cov_6.590841	7392	0	0
MV-4125_S18__NODE_1617_length_7391_cov_27.661532	7391	0	0
Biragzang__NODE_1558_length_7387_cov_9.920486	7387	40	0
Biragzang__NODE_1559_length_7387_cov_6.710720	7387	0	0
cell-4122-0-44_S10__NODE_326_length_7386_cov_15.306097	7386	0	0
cell-4122-0-44_S10__NODE_327_length_7386_cov_8.422180	7386	0	0
MV-4122_S12__NODE_1841_length_7385_cov_9.849250	7385	0	0
Biragzang__NODE_1560_length_7384_cov_12.831764	7384	18	0
MV-4122_S12__NODE_1842_length_7384_cov_23.221722	7384	0	0
Biragzang__NODE_1561_length_7382_cov_36.022383	7382	0	0
MV-4128_S29__NODE_876_length_7382_cov_16.143169	7382	0	0
MV-4125_S18__NODE_1620_length_7380_cov_9.750990	7380	0	0
cell-4125-0-44_S16__NODE_231_length_7380_cov_10.141160	7380	2	0
MV-4128_S29__NODE_877_length_7378_cov_12.424416	7378	0	0
Biragzang__NODE_1562_length_7376_cov_37.089878	7376	0	0
MV-4128_S29__NODE_878_length_7376_cov_7.627237	7376	0	0
MV-4128_S29__NODE_879_length_7374_cov_18.365077	7374	0	0
MV-4128_S29__NODE_880_length_7373_cov_16.262367	7373	0	0
Biragzang__NODE_1563_length_7372_cov_5.209239	7372	0	0
MV-4122_S12__NODE_1843_length_7372_cov_85.838595	7372	2	0
MV-4122_S12__NODE_1844_length_7371_cov_81.908967	7371	0	0
Biragzang__NODE_1564_length_7368_cov_7.210994	7368	0	0
Biragzang__NODE_1565_length_7367_cov_14.301696	7367	0	0
Biragzang__NODE_1566_length_7364_cov_28.636339	7364	0	0
Biragzang__NODE_1567_length_7364_cov_6.401149	7364	0	0
cell-4125-0-44_S16__NODE_232_length_7363_cov_7.049261	7363	0	0
Biragzang__NODE_1568_length_7357_cov_53.830868	7357	264	0
Biragzang__NODE_1569_length_7357_cov_15.978499	7357	0	0
Biragzang__NODE_1570_length_7356_cov_11.794001	7356	0	0
MV-4125_S18__NODE_1627_length_7356_cov_7.362279	7356	0	0
Biragzang__NODE_1571_length_7355_cov_17.564658	7355	0	0
Biragzang__NODE_1572_length_7354_cov_11.376079	7354	2	0
MV-4128_S29__NODE_881_length_7354_cov_11.221537	7354	0	0
Biragzang__NODE_1573_length_7352_cov_6.819378	7352	0	0
Biragzang__NODE_1574_length_7352_cov_6.487735	7352	26	0
MV-4125_S18__NODE_1628_length_7352_cov_10.227491	7352	0	0
Biragzang__NODE_1575_length_7350_cov_7.908019	7350	30	0
MV-4122_S12__NODE_1845_length_7348_cov_54.836281	7348	0	0
MV-4125_S18__NODE_1632_length_7348_cov_27.720143	7348	0	0
MV-4122_S12__NODE_1846_length_7347_cov_10.014948	7347	0	0
cell-4122-0-44_S10__NODE_328_length_7347_cov_10.511794	7347	0	0
Biragzang__NODE_1576_length_7346_cov_11.933068	7346	10	0
Biragzang__NODE_1577_length_7343_cov_10.111004	7343	0	0
cell-4125-0-44_S16__NODE_233_length_7343_cov_9.539929	7343	0	0
Biragzang__NODE_1578_length_7342_cov_6.868670	7342	0	0
MV-4128_S29__NODE_882_length_7342_cov_13.047070	7342	0	0
cell-4125-0-44_S16__NODE_234_length_7342_cov_11.860436	7342	0	0
MV-4128_S29__NODE_883_length_7340_cov_13.622787	7340	0	0
MV-4122_S12__NODE_1847_length_7339_cov_19.762356	7339	0	0
Biragzang__NODE_1579_length_7338_cov_41.739393	7338	188	0
Biragzang__NODE_1580_length_7338_cov_28.592201	7338	0	0
MV-4128_S29__NODE_884_length_7337_cov_23.054243	7337	0	0
Biragzang__NODE_1581_length_7335_cov_10.471566	7335	4	0
Biragzang__NODE_1582_length_7334_cov_12.397033	7334	0	0
MV-4125_S18__NODE_1636_length_7334_cov_6.913862	7334	0	0
Biragzang__NODE_1583_length_7333_cov_36.793487	7333	0	0
cell-4125-0-44_S16__NODE_235_length_7333_cov_6.967161	7333	0	0
cell-4125-0-44_S16__NODE_236_length_7333_cov_6.919896	7333	0	0
Biragzang__NODE_1584_length_7331_cov_16.772677	7331	0	0
MV-4122_S12__NODE_1848_length_7331_cov_11.121495	7331	0	0
MV-4125_S18__NODE_1637_length_7328_cov_19.892617	7328	0	0
Biragzang__NODE_1585_length_7326_cov_47.536515	7326	183	0
MV-4125_S18__NODE_1639_length_7326_cov_7.114015	7326	0	0
MV-4128_S29__NODE_885_length_7326_cov_8.209050	7326	4	0
Biragzang__NODE_1586_length_7325_cov_39.240853	7325	0	0
cell-4125-0-44_S16__NODE_237_length_7324_cov_7.082267	7324	0	0
Biragzang__NODE_1587_length_7322_cov_34.844503	7322	0	0
MV-4125_S18__NODE_1641_length_7322_cov_16.578918	7322	0	0
MV-4128_S29__NODE_886_length_7322_cov_14.649236	7322	0	0
Biragzang__NODE_1588_length_7319_cov_7.310022	7319	42	0
MV-4122_S12__NODE_1849_length_7318_cov_12.359631	7318	0	0
cell-4125-0-44_S16__NODE_238_length_7318_cov_6.151315	7318	0	0
MV-4122_S12__NODE_1850_length_7317_cov_7.332140	7317	0	0
MV-4125_S18__NODE_1642_length_7316_cov_12.593031	7316	4	0
MV-4125_S18__NODE_1643_length_7315_cov_6.733747	7315	0	0
MV-4122_S12__NODE_1852_length_7313_cov_42.585836	7313	0	0
MV-4122_S12__NODE_1853_length_7313_cov_8.690548	7313	0	0
cell-4125-0-44_S16__NODE_239_length_7313_cov_11.027556	7313	0	0
Biragzang__NODE_1589_length_7310_cov_52.056099	7310	2	0
cell-4122-0-44_S10__NODE_329_length_7309_cov_18.985250	7309	0	0
cell-4125-0-44_S16__NODE_240_length_7309_cov_5.411635	7309	0	0
Biragzang__NODE_1590_length_7308_cov_10.778850	7308	12	0
Biragzang__NODE_1591_length_7308_cov_10.489728	7308	0	0
MV-4122_S12__NODE_1854_length_7307_cov_20.317843	7307	0	0
MV-4122_S12__NODE_1855_length_7307_cov_18.078599	7307	0	0
Biragzang__NODE_1592_length_7306_cov_8.174735	7306	348	0
MV-4128_S29__NODE_887_length_7306_cov_44.444077	7306	0	0
Biragzang__NODE_1593_length_7305_cov_13.335586	7305	0	0
MV-4125_S18__NODE_1646_length_7305_cov_22.297655	7305	0	0
MV-4122_S12__NODE_1856_length_7304_cov_19.613602	7304	0	0
MV-4128_S29__NODE_888_length_7304_cov_14.093392	7304	0	0
cell-4125-0-22_S17__NODE_2_length_7303_cov_16.391280	7303	0	0
MV-4122_S12__NODE_1857_length_7302_cov_25.142680	7302	0	0
Biragzang__NODE_1594_length_7299_cov_120.919658	7299	0	0
MV-4125_S18__NODE_1649_length_7298_cov_16.385614	7298	0	0
MV-4128_S29__NODE_890_length_7298_cov_16.745824	7298	0	0
cell-4125-0-44_S16__NODE_241_length_7298_cov_11.037001	7298	1	0
cell-4125-0-44_S16__NODE_242_length_7297_cov_10.568075	7297	0	0
MV-4122_S12__NODE_1858_length_7296_cov_5.532109	7296	0	0
MV-4125_S18__NODE_1650_length_7296_cov_8.387377	7296	0	0
MV-4125_S18__NODE_1651_length_7295_cov_7.799586	7295	0	0
MV-4128_S29__NODE_892_length_7295_cov_14.459254	7295	0	0
cell-4125-0-44_S16__NODE_243_length_7293_cov_7.218431	7293	0	0
Biragzang__NODE_1595_length_7292_cov_18.339920	7292	0	0
Biragzang__NODE_1596_length_7292_cov_9.006771	7292	18	0
MV-4125_S18__NODE_1655_length_7291_cov_7.191128	7291	0	0
MV-4122_S12__NODE_1859_length_7290_cov_4.776503	7290	0	0
Biragzang__NODE_1597_length_7288_cov_34.504217	7288	10	0
MV-4122_S12__NODE_1860_length_7288_cov_74.154293	7288	2	0
Biragzang__NODE_1598_length_7286_cov_6.419859	7286	0	0
MV-4122_S12__NODE_1861_length_7284_cov_10.164615	7284	0	0
MV-4125_S18__NODE_1659_length_7284_cov_21.004703	7284	0	0
Biragzang__NODE_1599_length_7282_cov_3.727826	7282	0	0
Biragzang__NODE_1600_length_7279_cov_46.431340	7279	0	0
MV-4128_S29__NODE_893_length_7279_cov_15.332780	7279	0	0
MV-4122_S12__NODE_1863_length_7277_cov_29.473415	7277	0	0
MV-4125_S18__NODE_1661_length_7277_cov_25.275547	7277	0	0
MV-4122_S12__NODE_1864_length_7276_cov_8.134746	7276	0	0
MV-4128_S29__NODE_894_length_7272_cov_18.595677	7272	0	0
Biragzang__NODE_1601_length_7270_cov_29.472072	7270	2	0
MV-4122_S12__NODE_1865_length_7270_cov_10.206930	7270	0	0
Biragzang__NODE_1602_length_7269_cov_11.934156	7269	0	0
Biragzang__NODE_1603_length_7266_cov_14.620164	7266	0	0
MV-4128_S29__NODE_895_length_7265_cov_9.772677	7265	0	0
Biragzang__NODE_1604_length_7264_cov_6.592038	7264	0	0
MV-4125_S18__NODE_1667_length_7262_cov_15.670043	7262	0	0
MV-4125_S18__NODE_1668_length_7261_cov_6.119206	7261	0	0
MV-4122_S12__NODE_1866_length_7259_cov_11.938506	7259	0	0
MV-4125_S18__NODE_1670_length_7256_cov_8.246077	7256	0	0
MV-4122_S12__NODE_1867_length_7255_cov_23.589722	7255	0	0
Biragzang__NODE_1605_length_7253_cov_15.779800	7253	0	0
MV-4122_S12__NODE_1868_length_7253_cov_32.264379	7253	0	0
Biragzang__NODE_1606_length_7250_cov_7.876859	7250	0	0
cell-4125-0-44_S16__NODE_246_length_7250_cov_8.256845	7250	0	0
Biragzang__NODE_1607_length_7249_cov_41.895885	7249	241	0
MV-4128_S29__NODE_896_length_7249_cov_25.497359	7249	0	0
Biragzang__NODE_1608_length_7248_cov_30.019307	7248	135	0
MV-4122_S12__NODE_1869_length_7247_cov_10.075918	7247	0	0
Biragzang__NODE_1609_length_7246_cov_51.655542	7246	229	0
Biragzang__NODE_1610_length_7246_cov_9.407732	7246	4	0
MV-4125_S18__NODE_1672_length_7246_cov_8.038659	7246	0	0
MV-4128_S29__NODE_897_length_7245_cov_13.992350	7245	0	0
Biragzang__NODE_1611_length_7243_cov_18.292849	7243	0	0
Biragzang__NODE_1612_length_7241_cov_12.273309	7241	571	0
Biragzang__NODE_1613_length_7239_cov_5.919961	7239	0	0
cell-4125-0-44_S16__NODE_247_length_7239_cov_5.446409	7239	0	0
Biragzang__NODE_1614_length_7238_cov_42.053738	7238	0	0
MV-4128_S29__NODE_898_length_7238_cov_8.061673	7238	4	0
Biragzang__NODE_1615_length_7236_cov_44.903356	7236	182	0
MV-4122_S12__NODE_1870_length_7236_cov_5.700181	7236	0	0
MV-4122_S12__NODE_1871_length_7232_cov_34.288700	7232	0	0
Biragzang__NODE_1616_length_7231_cov_29.062291	7231	0	0
Biragzang__NODE_1617_length_7231_cov_6.410953	7231	0	0
Biragzang__NODE_1618_length_7230_cov_5.800976	7230	0	0
MV-4122_S12__NODE_1872_length_7230_cov_20.037631	7230	0	0
MV-4125_S18__NODE_1676_length_7229_cov_21.596878	7229	0	0
MV-4122_S12__NODE_1873_length_7227_cov_24.577663	7227	0	0
Biragzang__NODE_1619_length_7225_cov_22.373361	7225	32	0
MV-4128_S29__NODE_899_length_7224_cov_25.907100	7224	0	0
cell-4122-0-44_S10__NODE_330_length_7224_cov_17.066397	7224	0	0
MV-4128_S29__NODE_900_length_7222_cov_20.487652	7222	0	0
cell-4125-0-44_S16__NODE_248_length_7222_cov_5.171620	7222	0	0
MV-4122_S12__NODE_1874_length_7221_cov_31.239464	7221	0	0
Biragzang__NODE_1620_length_7220_cov_28.371389	7220	0	0
Biragzang__NODE_1621_length_7219_cov_11.365299	7219	22	0
MV-4122_S12__NODE_1875_length_7217_cov_10.251606	7217	0	0
MV-4125_S18__NODE_1678_length_7217_cov_6.856046	7217	0	0
cell-4125-0-44_S16__NODE_249_length_7217_cov_6.935772	7217	0	0
Biragzang__NODE_1622_length_7215_cov_42.177793	7215	143	0
Biragzang__NODE_1623_length_7215_cov_16.005168	7215	2	0
MV-4128_S29__NODE_901_length_7215_cov_14.260475	7215	0	0
MV-4122_S12__NODE_1876_length_7213_cov_16.060492	7213	0	0
MV-4122_S12__NODE_1877_length_7212_cov_10.623026	7212	0	0
Biragzang__NODE_1624_length_7211_cov_31.345584	7211	91	0
MV-4125_S18__NODE_1679_length_7209_cov_24.615600	7209	0	0
Biragzang__NODE_1625_length_7206_cov_10.866732	7206	16	0
MV-4122_S12__NODE_1878_length_7206_cov_11.736540	7206	0	0
MV-4125_S18__NODE_1680_length_7205_cov_13.773427	7205	0	0
cell-4125-0-44_S16__NODE_251_length_7201_cov_9.513434	7201	0	0
Biragzang__NODE_1626_length_7199_cov_17.980683	7199	175	0
MV-4122_S12__NODE_1879_length_7196_cov_20.678196	7196	0	0
MV-4122_S12__NODE_1880_length_7196_cov_11.968772	7196	0	0
MV-4125_S18__NODE_1683_length_7196_cov_25.360454	7196	0	0
cell-4122-0-44_S10__NODE_331_length_7196_cov_63.410727	7196	0	0
Biragzang__NODE_1627_length_7195_cov_25.529972	7195	104	0
Biragzang__NODE_1628_length_7195_cov_6.178011	7195	0	0
MV-4128_S29__NODE_902_length_7195_cov_5.294818	7195	10	0
Biragzang__NODE_1629_length_7194_cov_12.351030	7194	480	0
MV-4122_S12__NODE_1881_length_7194_cov_12.910071	7194	0	0
Biragzang__NODE_1630_length_7193_cov_6.759036	7193	0	0
Biragzang__NODE_1631_length_7192_cov_36.673392	7192	0	0
Biragzang__NODE_1632_length_7192_cov_6.958386	7192	0	0
MV-4125_S18__NODE_1684_length_7192_cov_5.865490	7192	0	0
MV-4128_S29__NODE_903_length_7191_cov_13.850476	7191	0	0
Biragzang__NODE_1633_length_7190_cov_52.567344	7190	0	0
cell-4125-0-22_S17__NODE_3_length_7190_cov_13.714646	7190	0	0
Biragzang__NODE_1634_length_7187_cov_9.392316	7187	8	0
MV-4128_S29__NODE_904_length_7187_cov_25.781828	7187	0	0
MV-4128_S29__NODE_905_length_7187_cov_23.525238	7187	0	0
Biragzang__NODE_1635_length_7185_cov_8.582328	7185	36	0
MV-4122_S12__NODE_1882_length_7184_cov_4.990321	7184	0	0
MV-4122_S12__NODE_1883_length_7182_cov_12.034797	7182	0	0
MV-4125_S18__NODE_1686_length_7182_cov_23.511997	7182	4	0
MV-4125_S18__NODE_1687_length_7182_cov_7.351761	7182	0	0
Biragzang__NODE_1636_length_7181_cov_11.115633	7181	8	0
MV-4128_S29__NODE_906_length_7180_cov_6.679579	7180	2	0
MV-4122_S12__NODE_1884_length_7175_cov_25.484831	7175	0	0
MV-4122_S12__NODE_1885_length_7175_cov_12.998455	7175	0	0
cell-4122-0-44_S10__NODE_332_length_7175_cov_15.229213	7175	0	0
Biragzang__NODE_1637_length_7174_cov_11.304678	7174	2	0
MV-4122_S12__NODE_1886_length_7173_cov_11.116746	7173	0	0
MV-4122_S12__NODE_1887_length_7173_cov_7.273391	7173	0	0
MV-4125_S18__NODE_1688_length_7173_cov_6.699354	7173	0	0
Biragzang__NODE_1638_length_7172_cov_9.500070	7172	52	0
MV-4128_S29__NODE_907_length_7172_cov_27.627933	7172	0	0
MV-4122_S12__NODE_1888_length_7171_cov_5.661467	7171	0	0
MV-4122_S12__NODE_1889_length_7166_cov_9.291801	7166	0	0
MV-4128_S29__NODE_908_length_7166_cov_14.483617	7166	2	0
MV-4122_S12__NODE_1890_length_7161_cov_17.406980	7161	0	0
cell-4125-0-44_S16__NODE_252_length_7161_cov_10.082888	7161	0	0
MV-4122_S12__NODE_1891_length_7160_cov_19.655172	7160	0	0
Biragzang__NODE_1639_length_7154_cov_20.343429	7154	117	0
MV-4125_S18__NODE_1692_length_7154_cov_18.939005	7154	0	0
MV-4125_S18__NODE_1693_length_7154_cov_15.693478	7154	0	0
Biragzang__NODE_1640_length_7152_cov_31.618994	7152	119	0
MV-4128_S29__NODE_910_length_7151_cov_10.850197	7151	0	0
cell-4122-0-22_S11__NODE_150_length_7151_cov_7.841319	7151	0	0
cell-4125-0-44_S16__NODE_253_length_7151_cov_7.670378	7151	0	0
MV-4122_S12__NODE_1892_length_7150_cov_12.001550	7150	0	0
Biragzang__NODE_1641_length_7147_cov_38.842499	7147	0	0
Biragzang__NODE_1642_length_7147_cov_10.989989	7147	0	0
Biragzang__NODE_1643_length_7146_cov_18.353829	7146	0	0
MV-4128_S29__NODE_911_length_7146_cov_7.175434	7146	2	0
MV-4122_S12__NODE_1893_length_7145_cov_5.040621	7145	0	0
MV-4122_S12__NODE_1894_length_7144_cov_8.200592	7144	0	0
Biragzang__NODE_1644_length_7143_cov_31.906744	7143	0	0
cell-4125-0-44_S16__NODE_254_length_7143_cov_7.233916	7143	0	0
MV-4125_S18__NODE_1698_length_7142_cov_9.876676	7142	0	0
MV-4122_S12__NODE_1895_length_7141_cov_39.527378	7141	0	0
Biragzang__NODE_1645_length_7140_cov_45.551729	7140	2	0
MV-4128_S29__NODE_912_length_7140_cov_7.914185	7140	0	0
MV-4122_S12__NODE_1896_length_7139_cov_16.117448	7139	0	0
MV-4125_S18__NODE_1700_length_7136_cov_34.063692	7136	0	0
Biragzang__NODE_1646_length_7135_cov_4.833192	7135	0	0
Biragzang__NODE_1647_length_7134_cov_44.957904	7134	236	0
MV-4122_S12__NODE_1897_length_7134_cov_19.245515	7134	0	0
MV-4128_S29__NODE_913_length_7131_cov_25.030808	7131	0	0
MV-4128_S29__NODE_914_length_7130_cov_14.764664	7130	0	0
Biragzang__NODE_1648_length_7129_cov_14.622279	7129	18	0
cell-4125-0-44_S16__NODE_255_length_7129_cov_5.144614	7129	0	0
MV-4125_S18__NODE_1702_length_7128_cov_22.279372	7128	0	0
cell-4125-0-44_S16__NODE_256_length_7128_cov_5.784533	7128	0	0
Biragzang__NODE_1649_length_7125_cov_10.733098	7125	0	0
MV-4128_S29__NODE_915_length_7125_cov_13.273975	7125	0	0
MV-4125_S18__NODE_1703_length_7123_cov_8.415393	7123	0	0
Biragzang__NODE_1650_length_7121_cov_11.879989	7121	452	0
MV-4125_S18__NODE_1704_length_7121_cov_22.194311	7121	0	0
MV-4125_S18__NODE_1705_length_7120_cov_20.216277	7120	0	0
Biragzang__NODE_1651_length_7119_cov_7.004813	7119	0	0
MV-4122_S12__NODE_1900_length_7119_cov_19.068800	7119	0	0
MV-4125_S18__NODE_1707_length_7119_cov_26.251557	7119	0	0
Biragzang__NODE_1652_length_7118_cov_9.395158	7118	58	0
Biragzang__NODE_1653_length_7117_cov_20.510903	7117	215	0
MV-4125_S18__NODE_1708_length_7117_cov_22.461342	7117	0	0
Biragzang__NODE_1654_length_7114_cov_12.774047	7114	0	0
Biragzang__NODE_1655_length_7113_cov_20.211108	7113	10	0
Biragzang__NODE_1656_length_7113_cov_6.144659	7113	0	0
cell-4122-0-44_S10__NODE_333_length_7113_cov_21.363134	7113	0	0
MV-4122_S12__NODE_1903_length_7111_cov_6.530471	7111	0	0
Biragzang__NODE_1657_length_7109_cov_37.144457	7109	0	0
MV-4125_S18__NODE_1710_length_7109_cov_18.729799	7109	0	0
MV-4125_S18__NODE_1711_length_7109_cov_17.644741	7109	0	0
cell-4125-0-44_S16__NODE_258_length_7109_cov_10.418769	7109	2	0
Biragzang__NODE_1658_length_7108_cov_5.467461	7108	0	0
cell-4122-0-44_S10__NODE_334_length_7108_cov_11.514958	7108	0	0
cell-4125-0-44_S16__NODE_259_length_7108_cov_7.889125	7108	0	0
cell-4125-0-44_S16__NODE_260_length_7108_cov_7.734723	7108	0	0
MV-4122_S12__NODE_1904_length_7106_cov_36.911076	7106	0	0
MV-4125_S18__NODE_1713_length_7105_cov_7.297589	7105	0	0
Biragzang__NODE_1659_length_7104_cov_8.003972	7104	0	0
Biragzang__NODE_1660_length_7104_cov_7.093630	7104	0	0
MV-4122_S12__NODE_1905_length_7103_cov_9.151816	7103	0	0
Biragzang__NODE_1661_length_7102_cov_45.045977	7102	2	0
MV-4125_S18__NODE_1714_length_7102_cov_6.639137	7102	0	0
Biragzang__NODE_1662_length_7101_cov_27.079336	7101	0	0
Biragzang__NODE_1663_length_7101_cov_11.312092	7101	4	0
MV-4122_S12__NODE_1906_length_7101_cov_7.087709	7101	0	0
cell-4125-0-44_S16__NODE_261_length_7101_cov_6.205365	7101	0	0
Biragzang__NODE_1664_length_7100_cov_22.983818	7100	0	0
Biragzang__NODE_1665_length_7099_cov_10.752839	7099	2	0
MV-4122_S12__NODE_1907_length_7099_cov_9.723453	7099	0	0
Biragzang__NODE_1666_length_7097_cov_16.031241	7097	0	0
Biragzang__NODE_1667_length_7097_cov_7.974013	7097	35	0
MV-4125_S18__NODE_1715_length_7097_cov_19.677080	7097	0	0
cell-4122-0-44_S10__NODE_335_length_7097_cov_12.033371	7097	0	0
MV-4125_S18__NODE_1716_length_7096_cov_50.197699	7096	0	0
cell-4122-0-44_S10__NODE_336_length_7096_cov_15.569947	7096	0	0
Biragzang__NODE_1668_length_7095_cov_6.805398	7095	0	0
cell-4125-0-44_S16__NODE_262_length_7094_cov_9.693991	7094	0	0
MV-4125_S18__NODE_1717_length_7093_cov_20.922563	7093	0	0
cell-4122-0-44_S10__NODE_337_length_7091_cov_10.999005	7091	0	0
Biragzang__NODE_1669_length_7089_cov_11.979102	7089	22	0
MV-4125_S18__NODE_1718_length_7089_cov_5.662923	7089	0	0
MV-4122_S12__NODE_1909_length_7088_cov_7.590644	7088	0	0
MV-4122_S12__NODE_1910_length_7088_cov_7.450590	7088	0	0
MV-4128_S29__NODE_916_length_7087_cov_6.447810	7087	6	0
Biragzang__NODE_1670_length_7086_cov_10.400796	7086	14	0
MV-4122_S12__NODE_1911_length_7086_cov_10.267956	7086	0	0
MV-4122_S12__NODE_1912_length_7085_cov_44.032859	7085	0	0
cell-4125-0-44_S16__NODE_263_length_7085_cov_5.609815	7085	6	0
cell-4125-0-44_S16__NODE_264_length_7085_cov_4.914225	7085	0	0
Biragzang__NODE_1671_length_7083_cov_21.767501	7083	0	0
cell-4122-0-44_S10__NODE_338_length_7081_cov_35.533590	7081	0	0
cell-4125-0-44_S16__NODE_265_length_7080_cov_11.655089	7080	0	0
MV-4128_S29__NODE_917_length_7077_cov_16.685275	7077	0	0
MV-4125_S18__NODE_1719_length_7074_cov_7.072945	7074	0	0
MV-4128_S29__NODE_918_length_7074_cov_17.439094	7074	0	0
cell-4125-0-44_S16__NODE_267_length_7072_cov_8.417272	7072	0	0
MV-4122_S12__NODE_1914_length_7071_cov_9.941420	7071	0	0
Biragzang__NODE_1672_length_7070_cov_30.039202	7070	111	0
MV-4125_S18__NODE_1722_length_7068_cov_6.966776	7068	0	0
MV-4128_S29__NODE_919_length_7068_cov_18.558106	7068	0	0
cell-4125-0-44_S16__NODE_268_length_7068_cov_10.148866	7068	0	0
Biragzang__NODE_1673_length_7067_cov_8.444381	7067	39	0
Biragzang__NODE_1674_length_7067_cov_5.113662	7067	0	0
MV-4125_S18__NODE_1723_length_7067_cov_24.310610	7067	0	0
cell-4125-0-22_S17__NODE_4_length_7067_cov_13.359669	7067	0	0
cell-4125-0-44_S16__NODE_269_length_7066_cov_9.821566	7066	0	0
MV-4122_S12__NODE_1915_length_7065_cov_21.751783	7065	0	0
MV-4128_S29__NODE_920_length_7065_cov_7.738944	7065	0	0
Biragzang__NODE_1675_length_7063_cov_48.864013	7063	178	0
Biragzang__NODE_1676_length_7063_cov_7.615868	7063	36	0
MV-4122_S12__NODE_1916_length_7063_cov_7.950771	7063	0	0
cell-4125-0-44_S16__NODE_270_length_7062_cov_5.345654	7062	0	0
MV-4122_S12__NODE_1917_length_7061_cov_31.658436	7061	0	0
MV-4122_S12__NODE_1918_length_7060_cov_5.412562	7060	0	0
MV-4122_S12__NODE_1919_length_7059_cov_27.902484	7059	0	0
MV-4122_S12__NODE_1920_length_7058_cov_13.284164	7058	0	0
Biragzang__NODE_1677_length_7055_cov_24.572000	7055	0	0
MV-4128_S29__NODE_921_length_7052_cov_29.212805	7052	0	0
MV-4128_S29__NODE_922_length_7052_cov_8.871088	7052	0	0
cell-4125-0-44_S16__NODE_271_length_7052_cov_6.267400	7052	0	0
Biragzang__NODE_1678_length_7051_cov_23.893654	7051	88	0
cell-4122-0-44_S10__NODE_339_length_7051_cov_10.545740	7051	0	0
Biragzang__NODE_1679_length_7049_cov_5.519016	7049	0	0
cell-4122-0-44_S10__NODE_340_length_7049_cov_16.181870	7049	0	0
MV-4128_S29__NODE_923_length_7047_cov_25.899886	7047	0	0
Biragzang__NODE_1680_length_7046_cov_29.321842	7046	0	0
Biragzang__NODE_1681_length_7046_cov_8.967101	7046	4	0
Biragzang__NODE_1682_length_7045_cov_6.138484	7045	0	0
MV-4125_S18__NODE_1729_length_7045_cov_7.131330	7045	0	0
Biragzang__NODE_1683_length_7044_cov_9.679210	7044	6	0
cell-4125-0-44_S16__NODE_272_length_7043_cov_5.598311	7043	0	0
cell-4125-0-44_S16__NODE_273_length_7042_cov_6.039788	7042	0	0
Biragzang__NODE_1684_length_7041_cov_14.253221	7041	0	0
cell-4122-0-44_S10__NODE_341_length_7040_cov_11.561489	7040	0	0
MV-4122_S12__NODE_1921_length_7039_cov_15.041380	7039	0	0
MV-4125_S18__NODE_1730_length_7039_cov_19.081472	7039	0	0
MV-4125_S18__NODE_1731_length_7038_cov_7.880710	7038	0	0
cell-4122-0-44_S10__NODE_342_length_7038_cov_9.689102	7038	0	0
Biragzang__NODE_1685_length_7036_cov_7.265721	7036	0	0
MV-4125_S18__NODE_1732_length_7036_cov_7.155995	7036	0	0
Biragzang__NODE_1686_length_7035_cov_4.659885	7035	0	0
Biragzang__NODE_1687_length_7034_cov_44.873334	7034	0	0
Biragzang__NODE_1688_length_7034_cov_39.425849	7034	0	0
Biragzang__NODE_1689_length_7033_cov_51.480224	7033	2	0
MV-4128_S29__NODE_924_length_7033_cov_13.913586	7033	0	0
MV-4128_S29__NODE_925_length_7032_cov_10.316898	7032	0	0
Biragzang__NODE_1690_length_7031_cov_39.178612	7031	37	0
Biragzang__NODE_1691_length_7030_cov_16.186523	7030	0	0
Biragzang__NODE_1692_length_7029_cov_6.512618	7029	0	0
Biragzang__NODE_1693_length_7028_cov_45.890721	7028	132	0
Biragzang__NODE_1694_length_7028_cov_16.619676	7028	0	0
MV-4122_S12__NODE_1923_length_7028_cov_10.795784	7028	0	0
Biragzang__NODE_1695_length_7025_cov_11.035725	7025	0	0
Biragzang__NODE_1696_length_7025_cov_11.020803	7025	13	0
Biragzang__NODE_1697_length_7023_cov_32.911596	7023	0	0
Biragzang__NODE_1698_length_7023_cov_9.818599	7023	50	0
Biragzang__NODE_1699_length_7023_cov_8.071183	7023	58	0
Biragzang__NODE_1700_length_7023_cov_5.650976	7023	0	0
MV-4125_S18__NODE_1734_length_7022_cov_19.783838	7022	0	0
MV-4125_S18__NODE_1735_length_7022_cov_7.120568	7022	0	0
MV-4122_S12__NODE_1924_length_7020_cov_6.845513	7020	0	0
MV-4122_S12__NODE_1925_length_7017_cov_11.146653	7017	0	0
cell-4122-0-44_S10__NODE_343_length_7017_cov_13.040218	7017	0	0
cell-4122-0-44_S10__NODE_344_length_7016_cov_20.003160	7016	0	0
Biragzang__NODE_1701_length_7015_cov_49.144397	7015	0	0
MV-4122_S12__NODE_1926_length_7015_cov_8.242385	7015	0	0
MV-4125_S18__NODE_1739_length_7014_cov_42.007903	7014	0	0
cell-4125-0-44_S16__NODE_274_length_7014_cov_9.037649	7014	0	0
Biragzang__NODE_1702_length_7013_cov_8.090543	7013	302	0
Biragzang__NODE_1703_length_7013_cov_6.706812	7013	0	0
MV-4122_S12__NODE_1927_length_7013_cov_9.042828	7013	0	0
Biragzang__NODE_1704_length_7009_cov_32.809318	7009	0	0
Biragzang__NODE_1705_length_7006_cov_36.639476	7006	0	0
Biragzang__NODE_1706_length_7006_cov_6.719177	7006	0	0
cell-4122-0-44_S10__NODE_345_length_7006_cov_18.861890	7006	0	0
Biragzang__NODE_1707_length_7005_cov_14.344029	7005	0	0
MV-4125_S18__NODE_1743_length_7003_cov_18.305843	7003	0	0
Biragzang__NODE_1708_length_7002_cov_50.787390	7002	0	0
MV-4125_S18__NODE_1744_length_7002_cov_8.171153	7002	0	0
MV-4122_S12__NODE_1928_length_7001_cov_18.047941	7001	0	0
MV-4125_S18__NODE_1745_length_7000_cov_20.813679	7000	0	0
MV-4125_S18__NODE_1746_length_6999_cov_7.925115	6999	0	0
MV-4122_S12__NODE_1929_length_6996_cov_11.915574	6996	0	0
MV-4122_S12__NODE_1930_length_6996_cov_8.416367	6996	0	0
Biragzang__NODE_1709_length_6995_cov_8.499712	6995	38	0
cell-4125-0-44_S16__NODE_275_length_6995_cov_5.487896	6995	0	0
MV-4128_S29__NODE_926_length_6993_cov_15.889161	6993	0	0
Biragzang__NODE_1710_length_6990_cov_6.940447	6990	0	0
MV-4128_S29__NODE_927_length_6990_cov_15.091420	6990	0	0
MV-4122_S12__NODE_1931_length_6988_cov_11.901053	6988	0	0
MV-4125_S18__NODE_1749_length_6988_cov_21.176691	6988	0	0
Biragzang__NODE_1711_length_6987_cov_9.373053	6987	2	0
Biragzang__NODE_1712_length_6985_cov_5.264358	6985	0	0
MV-4122_S12__NODE_1932_length_6985_cov_7.323665	6985	0	0
Biragzang__NODE_1713_length_6982_cov_12.972138	6982	0	0
MV-4128_S29__NODE_928_length_6982_cov_21.102931	6982	0	0
Biragzang__NODE_1714_length_6979_cov_12.624206	6979	9	0
MV-4125_S18__NODE_1751_length_6979_cov_6.497978	6979	0	0
MV-4122_S12__NODE_1933_length_6976_cov_26.188268	6976	0	0
MV-4125_S18__NODE_1753_length_6976_cov_23.460338	6976	0	0
cell-4125-0-44_S16__NODE_276_length_6976_cov_8.926456	6976	0	0
cell-4125-0-44_S16__NODE_277_length_6976_cov_5.394307	6976	0	0
Biragzang__NODE_1715_length_6975_cov_11.378468	6975	0	0
MV-4122_S12__NODE_1934_length_6974_cov_8.844775	6974	0	0
MV-4125_S18__NODE_1754_length_6974_cov_6.066773	6974	0	0
Biragzang__NODE_1716_length_6973_cov_5.336224	6973	0	0
MV-4128_S29__NODE_929_length_6973_cov_12.924256	6973	0	0
Biragzang__NODE_1717_length_6972_cov_8.872777	6972	0	0
MV-4128_S29__NODE_930_length_6972_cov_31.509325	6972	0	0
MV-4128_S29__NODE_931_length_6972_cov_24.854561	6972	0	0
Biragzang__NODE_1718_length_6970_cov_5.764859	6970	0	0
Biragzang__NODE_1719_length_6969_cov_23.244432	6969	0	0
Biragzang__NODE_1720_length_6969_cov_11.303153	6969	0	0
MV-4122_S12__NODE_1935_length_6969_cov_34.704513	6969	0	0
MV-4122_S12__NODE_1936_length_6969_cov_23.431154	6969	0	0
cell-4125-0-44_S16__NODE_278_length_6969_cov_8.287677	6969	6	0
Biragzang__NODE_1721_length_6967_cov_15.523872	6967	0	0
cell-4125-0-44_S16__NODE_279_length_6966_cov_6.595862	6966	0	0
Biragzang__NODE_1722_length_6965_cov_3.771346	6965	0	0
Biragzang__NODE_1723_length_6964_cov_12.886670	6964	0	0
MV-4122_S12__NODE_1937_length_6964_cov_7.107830	6964	0	0
MV-4125_S18__NODE_1757_length_6960_cov_7.715424	6960	0	0
Biragzang__NODE_1724_length_6959_cov_13.634125	6959	22	0
Biragzang__NODE_1725_length_6959_cov_11.718424	6959	40	0
MV-4125_S18__NODE_1758_length_6958_cov_21.454875	6958	0	0
MV-4128_S29__NODE_932_length_6957_cov_28.655752	6957	0	0
MV-4122_S12__NODE_1939_length_6956_cov_7.633531	6956	0	0
MV-4122_S12__NODE_1940_length_6956_cov_7.220838	6956	0	0
MV-4128_S29__NODE_933_length_6955_cov_12.773913	6955	0	0
cell-4122-0-44_S10__NODE_346_length_6951_cov_14.409803	6951	0	0
MV-4128_S29__NODE_934_length_6950_cov_20.153590	6950	0	0
Biragzang__NODE_1726_length_6949_cov_19.092544	6949	18	0
Biragzang__NODE_1727_length_6949_cov_13.334204	6949	0	0
MV-4122_S12__NODE_1941_length_6949_cov_29.384392	6949	0	0
Biragzang__NODE_1728_length_6948_cov_5.705934	6948	0	0
Biragzang__NODE_1729_length_6946_cov_10.510086	6946	0	0
Biragzang__NODE_1730_length_6945_cov_11.153266	6945	0	0
Biragzang__NODE_1731_length_6941_cov_10.315858	6941	36	0
MV-4122_S12__NODE_1942_length_6941_cov_10.533256	6941	0	0
MV-4122_S12__NODE_1943_length_6940_cov_20.961946	6940	0	0
MV-4125_S18__NODE_1763_length_6940_cov_7.561946	6940	0	0
Biragzang__NODE_1732_length_6938_cov_9.707976	6938	32	0
Biragzang__NODE_1733_length_6938_cov_5.427866	6938	0	0
MV-4122_S12__NODE_1944_length_6938_cov_8.668604	6938	0	0
MV-4125_S18__NODE_1764_length_6938_cov_6.931571	6938	0	0
cell-4122-0-44_S10__NODE_347_length_6938_cov_22.791661	6938	0	0
MV-4122_S12__NODE_1945_length_6937_cov_4.541994	6937	0	0
MV-4125_S18__NODE_1765_length_6937_cov_18.185847	6937	0	0
cell-4125-0-44_S16__NODE_280_length_6937_cov_7.671752	6937	0	0
MV-4125_S18__NODE_1766_length_6936_cov_6.875599	6936	0	0
MV-4128_S29__NODE_935_length_6936_cov_13.970208	6936	0	0
MV-4125_S18__NODE_1767_length_6933_cov_7.331201	6933	0	0
cell-4125-0-44_S16__NODE_281_length_6933_cov_5.265630	6933	0	0
Biragzang__NODE_1734_length_6932_cov_12.427076	6932	476	0
MV-4128_S29__NODE_936_length_6932_cov_15.778973	6932	0	0
MV-4125_S18__NODE_1768_length_6930_cov_6.317964	6930	0	0
Biragzang__NODE_1735_length_6928_cov_11.751782	6928	430	0
Biragzang__NODE_1736_length_6928_cov_11.012367	6928	3	0
Biragzang__NODE_1737_length_6927_cov_11.476572	6927	429	0
Biragzang__NODE_1738_length_6927_cov_10.873836	6927	0	0
MV-4122_S12__NODE_1946_length_6927_cov_5.747235	6927	0	0
Biragzang__NODE_1739_length_6926_cov_24.943094	6926	100	0
Biragzang__NODE_1740_length_6926_cov_6.584922	6926	0	0
MV-4128_S29__NODE_937_length_6926_cov_10.591471	6926	0	0
cell-4125-0-44_S16__NODE_283_length_6925_cov_8.940175	6925	0	0
Biragzang__NODE_1741_length_6922_cov_14.323577	6922	0	0
MV-4122_S12__NODE_1947_length_6922_cov_61.371196	6922	0	0
MV-4122_S12__NODE_1948_length_6920_cov_9.424763	6920	0	0
MV-4128_S29__NODE_938_length_6920_cov_23.980626	6920	0	0
Biragzang__NODE_1742_length_6918_cov_11.343436	6918	0	0
MV-4128_S29__NODE_939_length_6918_cov_11.511292	6918	0	0
MV-4122_S12__NODE_1949_length_6917_cov_7.029146	6917	0	0
Biragzang__NODE_1743_length_6916_cov_7.459700	6916	38	0
MV-4122_S12__NODE_1950_length_6914_cov_16.355008	6914	0	0
MV-4122_S12__NODE_1951_length_6914_cov_8.261117	6914	0	0
MV-4125_S18__NODE_1772_length_6914_cov_22.151480	6914	0	0
cell-4122-0-44_S10__NODE_348_length_6914_cov_13.632162	6914	0	0
cell-4122-0-44_S10__NODE_349_length_6912_cov_25.244276	6912	0	0
Biragzang__NODE_1744_length_6911_cov_9.534568	6911	0	0
MV-4125_S18__NODE_1776_length_6910_cov_22.498906	6910	0	0
MV-4125_S18__NODE_1777_length_6909_cov_20.388095	6909	0	0
cell-4125-0-44_S16__NODE_284_length_6907_cov_7.705779	6907	0	0
Biragzang__NODE_1745_length_6902_cov_6.253396	6902	0	0
MV-4125_S18__NODE_1779_length_6902_cov_29.989777	6902	0	0
cell-4122-0-44_S10__NODE_350_length_6902_cov_12.689499	6902	0	0
MV-4125_S18__NODE_1780_length_6901_cov_14.950920	6901	0	0
cell-4125-0-44_S16__NODE_286_length_6901_cov_5.848817	6901	0	0
Biragzang__NODE_1746_length_6898_cov_6.310682	6898	0	0
MV-4125_S18__NODE_1782_length_6898_cov_7.387111	6898	0	0
Biragzang__NODE_1747_length_6896_cov_9.217220	6896	26	0
MV-4122_S12__NODE_1952_length_6896_cov_27.862886	6896	0	0
MV-4122_S12__NODE_1953_length_6896_cov_9.626809	6896	0	0
Biragzang__NODE_1748_length_6895_cov_10.190936	6895	0	0
Biragzang__NODE_1749_length_6894_cov_9.766486	6894	414	0
MV-4122_S12__NODE_1956_length_6891_cov_10.633996	6891	0	0
Biragzang__NODE_1750_length_6890_cov_8.339576	6890	0	0
Biragzang__NODE_1751_length_6889_cov_8.089113	6889	0	0
Biragzang__NODE_1752_length_6888_cov_36.469633	6888	0	0
MV-4125_S18__NODE_1785_length_6888_cov_7.252890	6888	0	0
cell-4122-0-44_S10__NODE_351_length_6888_cov_10.788526	6888	0	0
cell-4125-0-44_S16__NODE_287_length_6888_cov_11.105664	6888	0	0
Biragzang__NODE_1753_length_6887_cov_7.748683	6887	58	0
MV-4122_S12__NODE_1957_length_6887_cov_10.953308	6887	0	0
MV-4125_S18__NODE_1786_length_6887_cov_87.760831	6887	0	0
Biragzang__NODE_1754_length_6885_cov_49.292679	6885	208	0
Biragzang__NODE_1755_length_6885_cov_30.933089	6885	2	0
Biragzang__NODE_1756_length_6885_cov_14.878477	6885	0	0
Biragzang__NODE_1757_length_6885_cov_5.006296	6885	0	0
cell-4125-0-44_S16__NODE_288_length_6885_cov_9.737775	6885	5	0
cell-4122-0-44_S10__NODE_352_length_6884_cov_15.927369	6884	0	0
Biragzang__NODE_1758_length_6883_cov_11.898946	6883	0	0
Biragzang__NODE_1759_length_6882_cov_16.418632	6882	0	0
Biragzang__NODE_1760_length_6881_cov_41.625256	6881	181	0
Biragzang__NODE_1761_length_6879_cov_45.143904	6879	0	0
Biragzang__NODE_1762_length_6878_cov_11.134985	6878	4	0
Biragzang__NODE_1763_length_6878_cov_6.885241	6878	0	0
MV-4125_S18__NODE_1788_length_6877_cov_22.126942	6877	0	0
Biragzang__NODE_1764_length_6874_cov_9.026250	6874	8	0
cell-4122-0-44_S10__NODE_353_length_6873_cov_49.440158	6873	0	0
MV-4128_S29__NODE_940_length_6872_cov_7.904063	6872	6	0
Biragzang__NODE_1765_length_6870_cov_7.466324	6870	2	0
Biragzang__NODE_1766_length_6869_cov_44.538891	6869	0	0
MV-4122_S12__NODE_1959_length_6869_cov_27.569563	6869	0	0
MV-4122_S12__NODE_1960_length_6869_cov_8.722190	6869	0	0
Biragzang__NODE_1767_length_6867_cov_6.466823	6867	16	0
MV-4122_S12__NODE_1961_length_6866_cov_77.496697	6866	2	0
Biragzang__NODE_1768_length_6864_cov_10.747246	6864	0	0
MV-4122_S12__NODE_1962_length_6864_cov_25.987223	6864	0	0
Biragzang__NODE_1769_length_6863_cov_7.050382	6863	0	0
MV-4122_S12__NODE_1963_length_6863_cov_20.573737	6863	0	0
MV-4125_S18__NODE_1791_length_6863_cov_7.686692	6863	0	0
Biragzang__NODE_1770_length_6862_cov_6.015572	6862	0	0
MV-4128_S29__NODE_941_length_6860_cov_12.064952	6860	0	0
cell-4122-0-44_S10__NODE_354_length_6860_cov_13.736958	6860	0	0
MV-4122_S12__NODE_1964_length_6859_cov_4.717225	6859	0	0
Biragzang__NODE_1771_length_6858_cov_8.920035	6858	37	0
MV-4122_S12__NODE_1965_length_6858_cov_26.612818	6858	0	0
Biragzang__NODE_1772_length_6857_cov_15.261688	6857	0	0
MV-4122_S12__NODE_1966_length_6856_cov_9.059109	6856	0	0
MV-4128_S29__NODE_942_length_6856_cov_7.571681	6856	0	0
MV-4122_S12__NODE_1967_length_6855_cov_103.129118	6855	6	0
MV-4122_S12__NODE_1968_length_6855_cov_4.902353	6855	0	0
Biragzang__NODE_1773_length_6854_cov_11.608325	6854	0	0
MV-4122_S12__NODE_1969_length_6851_cov_35.080194	6851	0	0
MV-4128_S29__NODE_943_length_6851_cov_9.902443	6851	0	0
Biragzang__NODE_1774_length_6850_cov_46.698160	6850	222	0
Biragzang__NODE_1775_length_6850_cov_15.008094	6850	593	0
Biragzang__NODE_1776_length_6847_cov_13.379417	6847	2	0
Biragzang__NODE_1777_length_6846_cov_10.061552	6846	416	0
MV-4125_S18__NODE_1793_length_6846_cov_25.622000	6846	0	0
MV-4128_S29__NODE_944_length_6846_cov_6.034605	6846	8	0
cell-4122-0-44_S10__NODE_355_length_6846_cov_21.074805	6846	0	0
MV-4125_S18__NODE_1794_length_6845_cov_17.026951	6845	0	0
Biragzang__NODE_1778_length_6844_cov_7.541464	6844	0	0
Biragzang__NODE_1779_length_6842_cov_9.356859	6842	0	0
MV-4128_S29__NODE_945_length_6842_cov_27.017681	6842	0	0
MV-4128_S29__NODE_946_length_6842_cov_15.105938	6842	0	0
Biragzang__NODE_1780_length_6841_cov_8.364721	6841	7	0
Biragzang__NODE_1781_length_6840_cov_8.458511	6840	34	0
MV-4122_S12__NODE_1970_length_6840_cov_12.042889	6840	0	0
MV-4122_S12__NODE_1971_length_6839_cov_13.212559	6839	0	0
MV-4125_S18__NODE_1796_length_6839_cov_24.338296	6839	0	0
MV-4128_S29__NODE_947_length_6839_cov_11.549971	6839	0	0
MV-4122_S12__NODE_1972_length_6836_cov_23.141425	6836	0	0
cell-4125-0-44_S16__NODE_289_length_6836_cov_6.084353	6836	0	0
MV-4128_S29__NODE_948_length_6835_cov_14.833776	6835	0	0
Biragzang__NODE_1782_length_6834_cov_6.619413	6834	0	0
Biragzang__NODE_1783_length_6833_cov_7.464149	6833	0	0
Biragzang__NODE_1784_length_6831_cov_13.616440	6831	0	0
MV-4128_S29__NODE_949_length_6830_cov_17.436162	6830	0	0
cell-4122-0-44_S10__NODE_356_length_6830_cov_12.009594	6830	0	0
Biragzang__NODE_1785_length_6829_cov_30.447298	6829	0	0
Biragzang__NODE_1786_length_6828_cov_11.038831	6828	4	0
MV-4122_S12__NODE_1973_length_6828_cov_84.020818	6828	4	0
Biragzang__NODE_1787_length_6827_cov_7.407265	6827	40	0
Biragzang__NODE_1788_length_6827_cov_6.884672	6827	16	0
cell-4125-0-44_S16__NODE_290_length_6827_cov_10.336090	6827	0	0
cell-4122-0-44_S10__NODE_357_length_6826_cov_40.793384	6826	0	0
Biragzang__NODE_1789_length_6824_cov_5.296499	6824	0	0
MV-4122_S12__NODE_1974_length_6824_cov_6.035603	6824	0	0
Biragzang__NODE_1790_length_6822_cov_41.989951	6822	0	0
Biragzang__NODE_1791_length_6821_cov_7.255838	6821	0	0
Biragzang__NODE_1792_length_6821_cov_6.912208	6821	0	0
MV-4125_S18__NODE_1799_length_6821_cov_6.868608	6821	0	0
MV-4122_S12__NODE_1975_length_6820_cov_5.126090	6820	0	0
MV-4122_S12__NODE_1976_length_6819_cov_37.005618	6819	0	0
Biragzang__NODE_1793_length_6816_cov_5.841739	6816	0	0
MV-4128_S29__NODE_951_length_6816_cov_12.727555	6816	0	0
MV-4122_S12__NODE_1978_length_6815_cov_10.893343	6815	0	0
MV-4128_S29__NODE_952_length_6814_cov_25.387631	6814	0	0
Biragzang__NODE_1794_length_6813_cov_11.903670	6813	12	0
Biragzang__NODE_1795_length_6813_cov_5.721071	6813	0	0
cell-4122-0-44_S10__NODE_358_length_6812_cov_15.225396	6812	0	0
Biragzang__NODE_1796_length_6810_cov_10.775870	6810	2	0
MV-4128_S29__NODE_953_length_6809_cov_11.212171	6809	0	0
Biragzang__NODE_1797_length_6808_cov_12.909670	6808	448	0
MV-4128_S29__NODE_954_length_6804_cov_26.113646	6804	0	0
cell-4122-0-44_S10__NODE_359_length_6803_cov_37.976289	6803	0	0
MV-4122_S12__NODE_1979_length_6802_cov_15.601749	6802	0	0
cell-4125-0-44_S16__NODE_291_length_6800_cov_9.640474	6800	0	0
Biragzang__NODE_1798_length_6799_cov_6.127966	6799	0	0
Biragzang__NODE_1799_length_6798_cov_16.414652	6798	632	0
MV-4125_S18__NODE_1803_length_6798_cov_6.771912	6798	0	0
Biragzang__NODE_1800_length_6797_cov_7.807920	6797	0	0
MV-4122_S12__NODE_1980_length_6795_cov_81.177596	6795	0	0
MV-4122_S12__NODE_1981_length_6794_cov_18.620567	6794	0	0
Biragzang__NODE_1801_length_6793_cov_15.313595	6793	10	0
Biragzang__NODE_1802_length_6793_cov_5.604185	6793	0	0
MV-4122_S12__NODE_1982_length_6793_cov_21.352478	6793	0	0
Biragzang__NODE_1803_length_6792_cov_5.224878	6792	0	0
Biragzang__NODE_1804_length_6792_cov_4.537034	6792	0	0
Biragzang__NODE_1805_length_6791_cov_13.702197	6791	0	0
Biragzang__NODE_1806_length_6791_cov_11.699525	6791	28	0
MV-4128_S29__NODE_956_length_6790_cov_14.864291	6790	0	0
Biragzang__NODE_1807_length_6789_cov_37.098604	6789	0	0
MV-4122_S12__NODE_1984_length_6789_cov_13.387140	6789	0	0
MV-4128_S29__NODE_957_length_6788_cov_7.318729	6788	8	0
MV-4125_S18__NODE_1805_length_6786_cov_6.371119	6786	0	0
Biragzang__NODE_1808_length_6785_cov_54.174146	6785	196	0
Biragzang__NODE_1809_length_6784_cov_46.686283	6784	136	0
MV-4128_S29__NODE_958_length_6783_cov_24.823127	6783	0	0
MV-4128_S29__NODE_959_length_6783_cov_5.875446	6783	12	0
Biragzang__NODE_1810_length_6782_cov_17.278430	6782	0	0
MV-4125_S18__NODE_1807_length_6781_cov_11.562296	6781	0	0
MV-4125_S18__NODE_1808_length_6781_cov_6.733274	6781	0	0
cell-4125-0-44_S16__NODE_292_length_6781_cov_15.220190	6781	0	0
MV-4122_S12__NODE_1985_length_6779_cov_8.063058	6779	0	0
cell-4122-0-44_S10__NODE_360_length_6779_cov_11.956722	6779	0	0
Biragzang__NODE_1811_length_6778_cov_13.832069	6778	537	0
MV-4122_S12__NODE_1986_length_6778_cov_24.957906	6778	0	0
Biragzang__NODE_1812_length_6777_cov_36.751116	6777	0	0
Biragzang__NODE_1813_length_6776_cov_10.027972	6776	2	0
Biragzang__NODE_1814_length_6774_cov_12.916654	6774	0	0
Biragzang__NODE_1815_length_6773_cov_5.735933	6773	0	0
Biragzang__NODE_1816_length_6769_cov_7.246500	6769	32	0
MV-4122_S12__NODE_1988_length_6769_cov_3.958892	6769	0	0
cell-4122-0-44_S10__NODE_361_length_6769_cov_18.008490	6769	0	0
Biragzang__NODE_1817_length_6766_cov_52.092237	6766	279	0
cell-4125-0-44_S16__NODE_293_length_6766_cov_8.901058	6766	0	0
Biragzang__NODE_1818_length_6765_cov_14.253651	6765	14	0
MV-4125_S18__NODE_1812_length_6765_cov_20.847690	6765	0	0
MV-4125_S18__NODE_1813_length_6764_cov_22.411388	6764	0	0
Biragzang__NODE_1819_length_6763_cov_51.898927	6763	0	0
Biragzang__NODE_1820_length_6763_cov_9.349434	6763	22	0
Biragzang__NODE_1821_length_6763_cov_7.510137	6763	26	0
Biragzang__NODE_1822_length_6763_cov_7.348390	6763	0	0
MV-4125_S18__NODE_1814_length_6763_cov_6.485838	6763	0	0
Biragzang__NODE_1823_length_6762_cov_7.970330	6762	0	0
Biragzang__NODE_1824_length_6762_cov_7.774564	6762	30	0
Biragzang__NODE_1825_length_6761_cov_7.040561	6761	0	0
MV-4122_S12__NODE_1989_length_6761_cov_24.593349	6761	0	0
MV-4122_S12__NODE_1990_length_6761_cov_6.492544	6761	0	0
MV-4122_S12__NODE_1991_length_6759_cov_75.085770	6759	0	0
MV-4128_S29__NODE_961_length_6759_cov_22.634397	6759	0	0
cell-4122-0-44_S10__NODE_362_length_6759_cov_14.333831	6759	0	0
Biragzang__NODE_1826_length_6758_cov_21.680143	6758	16	0
Biragzang__NODE_1827_length_6757_cov_14.388988	6757	0	0
MV-4125_S18__NODE_1816_length_6757_cov_18.983438	6757	0	0
MV-4128_S29__NODE_962_length_6756_cov_18.639457	6756	0	0
cell-4125-0-44_S16__NODE_294_length_6755_cov_6.421642	6755	2	0
Biragzang__NODE_1828_length_6754_cov_10.510972	6754	4	0
MV-4125_S18__NODE_1817_length_6753_cov_7.938489	6753	0	0
cell-4125-0-44_S16__NODE_295_length_6753_cov_13.857719	6753	0	0
Biragzang__NODE_1829_length_6751_cov_5.558841	6751	0	0
MV-4128_S29__NODE_963_length_6750_cov_26.284839	6750	0	0
MV-4122_S12__NODE_1993_length_6749_cov_7.292501	6749	0	0
MV-4122_S12__NODE_1994_length_6748_cov_8.679367	6748	0	0
Biragzang__NODE_1830_length_6746_cov_7.222388	6746	0	0
Biragzang__NODE_1831_length_6745_cov_5.204484	6745	0	0
Biragzang__NODE_1832_length_6744_cov_10.358350	6744	6	0
cell-4125-0-44_S16__NODE_297_length_6743_cov_5.422847	6743	0	0
Biragzang__NODE_1833_length_6742_cov_11.341110	6742	413	0
MV-4128_S29__NODE_964_length_6742_cov_24.328398	6742	0	0
Biragzang__NODE_1834_length_6741_cov_19.564613	6741	2	0
Biragzang__NODE_1835_length_6740_cov_10.436051	6740	12	0
Biragzang__NODE_1836_length_6738_cov_21.374233	6738	0	0
MV-4122_S12__NODE_1996_length_6737_cov_8.236456	6737	0	0
Biragzang__NODE_1837_length_6735_cov_7.724401	6735	0	0
cell-4122-0-44_S10__NODE_363_length_6734_cov_12.704746	6734	0	0
Biragzang__NODE_1838_length_6733_cov_13.374513	6733	0	0
MV-4128_S29__NODE_965_length_6733_cov_7.473795	6733	2	0
cell-4122-0-44_S10__NODE_364_length_6733_cov_20.330788	6733	0	0
MV-4122_S12__NODE_1997_length_6727_cov_5.914718	6727	0	0
MV-4122_S12__NODE_1998_length_6726_cov_29.611453	6726	0	0
MV-4128_S29__NODE_966_length_6726_cov_11.971818	6726	0	0
MV-4122_S12__NODE_1999_length_6724_cov_8.592143	6724	0	0
Biragzang__NODE_1839_length_6723_cov_10.220756	6723	18	0
MV-4128_S29__NODE_967_length_6723_cov_21.784793	6723	0	0
cell-4122-0-44_S10__NODE_365_length_6721_cov_38.060456	6721	0	0
MV-4122_S12__NODE_2000_length_6720_cov_21.562041	6720	0	0
MV-4122_S12__NODE_2001_length_6718_cov_8.178298	6718	0	0
Biragzang__NODE_1840_length_6717_cov_7.128790	6717	0	0
Biragzang__NODE_1841_length_6715_cov_8.646847	6715	4	0
Biragzang__NODE_1842_length_6714_cov_53.920859	6714	97	0
MV-4122_S12__NODE_2002_length_6714_cov_10.021475	6714	0	0
Biragzang__NODE_1843_length_6713_cov_6.285822	6713	0	0
MV-4125_S18__NODE_1825_length_6712_cov_8.639327	6712	0	0
Biragzang__NODE_1844_length_6711_cov_6.407001	6711	0	0
Biragzang__NODE_1845_length_6709_cov_8.864893	6709	8	0
Biragzang__NODE_1846_length_6707_cov_14.524504	6707	385	0
Biragzang__NODE_1847_length_6705_cov_10.502707	6705	0	0
Biragzang__NODE_1848_length_6704_cov_6.872011	6704	0	0
cell-4125-0-22_S17__NODE_5_length_6701_cov_8.006470	6701	0	0
Biragzang__NODE_1849_length_6699_cov_31.285671	6699	3	0
MV-4122_S12__NODE_2004_length_6699_cov_9.107766	6699	0	0
MV-4128_S29__NODE_968_length_6699_cov_11.843317	6699	0	0
Biragzang__NODE_1850_length_6698_cov_29.709168	6698	101	0
Biragzang__NODE_1851_length_6697_cov_51.167871	6697	0	0
MV-4122_S12__NODE_2005_length_6696_cov_22.434874	6696	0	0
cell-4125-0-44_S16__NODE_298_length_6696_cov_7.363801	6696	0	0
MV-4122_S12__NODE_2006_length_6693_cov_21.707442	6693	0	0
Biragzang__NODE_1852_length_6692_cov_5.641103	6692	0	0
MV-4122_S12__NODE_2007_length_6686_cov_21.800030	6686	0	0
cell-4122-0-44_S10__NODE_366_length_6684_cov_11.797104	6684	0	0
Biragzang__NODE_1853_length_6683_cov_16.039378	6683	0	0
MV-4125_S18__NODE_1830_length_6683_cov_7.657061	6683	0	0
cell-4122-0-44_S10__NODE_367_length_6682_cov_7.919270	6682	0	0
cell-4125-0-44_S16__NODE_299_length_6682_cov_12.413913	6682	0	0
Biragzang__NODE_1854_length_6681_cov_4.090251	6681	0	0
MV-4122_S12__NODE_2008_length_6680_cov_5.602566	6680	0	0
Biragzang__NODE_1855_length_6679_cov_11.409118	6679	0	0
cell-4125-0-44_S16__NODE_300_length_6679_cov_8.703653	6679	2	0
Biragzang__NODE_1856_length_6678_cov_6.750113	6678	14	0
cell-4122-0-44_S10__NODE_368_length_6677_cov_31.949109	6677	0	0
cell-4125-0-44_S16__NODE_302_length_6676_cov_5.576046	6676	0	0
MV-4125_S18__NODE_1833_length_6675_cov_7.605589	6675	0	0
cell-4122-0-44_S10__NODE_369_length_6675_cov_21.737613	6675	0	0
MV-4122_S12__NODE_2009_length_6673_cov_28.763826	6673	0	0
MV-4128_S29__NODE_970_length_6672_cov_23.179840	6672	0	0
MV-4125_S18__NODE_1835_length_6671_cov_58.598700	6671	0	0
MV-4125_S18__NODE_1836_length_6671_cov_13.135127	6671	0	0
MV-4122_S12__NODE_2010_length_6670_cov_92.540287	6670	2	0
MV-4128_S29__NODE_971_length_6670_cov_13.336206	6670	0	0
cell-4125-0-44_S16__NODE_303_length_6670_cov_5.798186	6670	4	0
Biragzang__NODE_1857_length_6669_cov_7.156033	6669	0	0
MV-4128_S29__NODE_972_length_6669_cov_44.985637	6669	0	0
Biragzang__NODE_1858_length_6665_cov_12.209682	6665	0	0
Biragzang__NODE_1859_length_6664_cov_11.894689	6664	0	0
Biragzang__NODE_1860_length_6663_cov_42.215648	6663	152	0
cell-4125-0-44_S16__NODE_304_length_6663_cov_12.523305	6663	0	0
Biragzang__NODE_1861_length_6662_cov_8.026033	6662	0	0
Biragzang__NODE_1862_length_6661_cov_10.557978	6661	2	0
Biragzang__NODE_1863_length_6661_cov_5.078262	6661	0	0
MV-4122_S12__NODE_2011_length_6660_cov_79.638759	6660	2	0
cell-4125-0-44_S16__NODE_305_length_6660_cov_7.479939	6660	0	0
MV-4122_S12__NODE_2012_length_6659_cov_5.545730	6659	0	0
cell-4125-0-44_S16__NODE_306_length_6658_cov_4.272300	6658	0	0
Biragzang__NODE_1864_length_6657_cov_34.194184	6657	0	0
MV-4125_S18__NODE_1839_length_6657_cov_7.540139	6657	0	0
MV-4128_S29__NODE_973_length_6652_cov_7.752463	6652	0	0
MV-4122_S12__NODE_2013_length_6650_cov_9.067627	6650	0	0
Biragzang__NODE_1865_length_6649_cov_35.432969	6649	0	0
Biragzang__NODE_1866_length_6648_cov_11.402093	6648	14	0
Biragzang__NODE_1867_length_6648_cov_5.893523	6648	0	0
MV-4128_S29__NODE_974_length_6648_cov_25.224784	6648	0	0
Biragzang__NODE_1868_length_6645_cov_10.776935	6645	0	0
MV-4122_S12__NODE_2014_length_6645_cov_74.355539	6645	0	0
MV-4125_S18__NODE_1844_length_6645_cov_4.296813	6645	0	0
Biragzang__NODE_1869_length_6643_cov_19.909988	6643	0	0
MV-4122_S12__NODE_2015_length_6643_cov_6.290528	6643	0	0
MV-4125_S18__NODE_1845_length_6642_cov_8.248975	6642	0	0
Biragzang__NODE_1870_length_6640_cov_12.660289	6640	16	0
MV-4122_S12__NODE_2017_length_6640_cov_58.586333	6640	8	0
MV-4122_S12__NODE_2018_length_6640_cov_11.158238	6640	0	0
MV-4125_S18__NODE_1846_length_6640_cov_20.014123	6640	0	0
Biragzang__NODE_1871_length_6637_cov_48.706776	6637	0	0
Biragzang__NODE_1872_length_6637_cov_38.498633	6637	0	0
MV-4122_S12__NODE_2019_length_6637_cov_27.315710	6637	0	0
MV-4125_S18__NODE_1848_length_6637_cov_11.917046	6637	0	0
MV-4125_S18__NODE_1849_length_6637_cov_8.451990	6637	0	0
MV-4125_S18__NODE_1850_length_6636_cov_7.515575	6636	0	0
MV-4122_S12__NODE_2021_length_6634_cov_15.820641	6634	0	0
Biragzang__NODE_1873_length_6633_cov_6.339465	6633	0	0
Biragzang__NODE_1874_length_6631_cov_7.774027	6631	0	0
MV-4122_S12__NODE_2022_length_6631_cov_34.496655	6631	0	0
Biragzang__NODE_1875_length_6630_cov_11.246084	6630	442	0
cell-4125-0-44_S16__NODE_307_length_6629_cov_8.347581	6629	0	0
MV-4128_S29__NODE_975_length_6628_cov_8.211471	6628	0	0
cell-4125-0-44_S16__NODE_308_length_6628_cov_7.467519	6628	0	0
MV-4128_S29__NODE_976_length_6627_cov_12.698265	6627	0	0
MV-4122_S12__NODE_2023_length_6626_cov_34.950845	6626	0	0
MV-4122_S12__NODE_2024_length_6626_cov_22.544057	6626	0	0
cell-4125-0-44_S16__NODE_309_length_6626_cov_6.252473	6626	0	0
MV-4128_S29__NODE_977_length_6625_cov_3.804414	6625	0	0
cell-4122-0-44_S10__NODE_370_length_6625_cov_18.319482	6625	0	0
Biragzang__NODE_1876_length_6623_cov_14.586632	6623	517	0
Biragzang__NODE_1877_length_6623_cov_10.322168	6623	8	0
MV-4125_S18__NODE_1855_length_6622_cov_5.893406	6622	0	0
MV-4122_S12__NODE_2025_length_6621_cov_8.164484	6621	0	0
MV-4128_S29__NODE_978_length_6621_cov_19.468169	6621	0	0
Biragzang__NODE_1878_length_6620_cov_10.666870	6620	407	0
MV-4128_S29__NODE_979_length_6620_cov_12.729779	6620	0	0
Biragzang__NODE_1879_length_6619_cov_5.996648	6619	0	0
cell-4125-0-44_S16__NODE_310_length_6618_cov_9.755752	6618	6	0
Biragzang__NODE_1880_length_6617_cov_11.050442	6617	0	0
Biragzang__NODE_1881_length_6617_cov_5.872752	6617	0	0
MV-4125_S18__NODE_1859_length_6617_cov_8.495885	6617	0	0
cell-4125-0-44_S16__NODE_311_length_6617_cov_9.959311	6617	0	0
Biragzang__NODE_1882_length_6616_cov_48.599909	6616	272	0
MV-4128_S29__NODE_980_length_6616_cov_21.912056	6616	0	0
MV-4128_S29__NODE_981_length_6615_cov_22.539482	6615	0	0
Biragzang__NODE_1883_length_6613_cov_5.731930	6613	0	0
Biragzang__NODE_1884_length_6612_cov_6.538661	6612	0	0
cell-4125-0-44_S16__NODE_312_length_6612_cov_8.070154	6612	0	0
Biragzang__NODE_1885_length_6610_cov_10.605034	6610	10	0
Biragzang__NODE_1886_length_6609_cov_7.356881	6609	0	0
MV-4128_S29__NODE_982_length_6608_cov_22.574241	6608	0	0
Biragzang__NODE_1887_length_6607_cov_6.467796	6607	0	0
Biragzang__NODE_1888_length_6606_cov_35.564189	6606	0	0
cell-4125-0-44_S16__NODE_313_length_6606_cov_9.028545	6606	0	0
Biragzang__NODE_1889_length_6603_cov_7.363928	6603	0	0
Biragzang__NODE_1890_length_6602_cov_10.088590	6602	368	0
MV-4122_S12__NODE_2026_length_6601_cov_8.157959	6601	0	0
Biragzang__NODE_1891_length_6598_cov_7.366957	6598	30	0
Biragzang__NODE_1892_length_6595_cov_6.594037	6595	18	0
Biragzang__NODE_1893_length_6594_cov_11.149717	6594	4	0
cell-4125-0-44_S16__NODE_314_length_6594_cov_9.309986	6594	0	0
cell-4122-0-44_S10__NODE_371_length_6593_cov_9.924748	6593	0	0
Biragzang__NODE_1894_length_6588_cov_18.411756	6588	256	0
MV-4122_S12__NODE_2028_length_6588_cov_4.570947	6588	0	0
Biragzang__NODE_1895_length_6587_cov_37.103337	6587	2	0
MV-4125_S18__NODE_1869_length_6587_cov_9.765922	6587	0	0
Biragzang__NODE_1896_length_6585_cov_5.901991	6585	0	0
Biragzang__NODE_1897_length_6584_cov_13.438811	6584	0	0
Biragzang__NODE_1898_length_6584_cov_5.969827	6584	0	0
MV-4128_S29__NODE_983_length_6584_cov_6.524123	6584	0	0
cell-4125-0-44_S16__NODE_315_length_6584_cov_4.731199	6584	0	0
Biragzang__NODE_1899_length_6582_cov_40.062663	6582	0	0
cell-4122-0-44_S10__NODE_372_length_6581_cov_15.239350	6581	0	0
Biragzang__NODE_1900_length_6580_cov_10.257471	6580	14	0
MV-4125_S18__NODE_1872_length_6579_cov_6.898069	6579	0	0
MV-4125_S18__NODE_1873_length_6579_cov_6.657879	6579	0	0
MV-4122_S12__NODE_2031_length_6578_cov_9.828760	6578	0	0
cell-4122-0-44_S10__NODE_373_length_6577_cov_80.370898	6577	0	0
Biragzang__NODE_1901_length_6576_cov_11.767674	6576	463	0
MV-4122_S12__NODE_2032_length_6574_cov_10.707317	6574	0	0
cell-4125-0-44_S16__NODE_316_length_6574_cov_6.796748	6574	0	0
MV-4128_S29__NODE_984_length_6572_cov_15.361209	6572	0	0
cell-4122-0-44_S10__NODE_374_length_6572_cov_18.429952	6572	0	0
Biragzang__NODE_1902_length_6571_cov_9.369245	6571	13	0
MV-4128_S29__NODE_985_length_6571_cov_11.175414	6571	0	0
Biragzang__NODE_1903_length_6570_cov_18.043745	6570	0	0
Biragzang__NODE_1904_length_6570_cov_11.887183	6570	0	0
Biragzang__NODE_1905_length_6569_cov_15.599478	6569	70	0
Biragzang__NODE_1906_length_6569_cov_9.785692	6569	36	0
Biragzang__NODE_1907_length_6568_cov_4.455858	6568	0	0
MV-4128_S29__NODE_986_length_6567_cov_5.125000	6567	4	0
MV-4122_S12__NODE_2033_length_6565_cov_13.840553	6565	2	0
cell-4122-0-44_S10__NODE_375_length_6561_cov_468.765294	6561	0	0
Biragzang__NODE_1908_length_6558_cov_50.067200	6558	0	0
MV-4125_S18__NODE_1879_length_6558_cov_7.151469	6558	0	0
cell-4125-0-44_S16__NODE_317_length_6558_cov_11.194526	6558	0	0
Biragzang__NODE_1909_length_6557_cov_7.489388	6557	0	0
MV-4122_S12__NODE_2034_length_6557_cov_8.551676	6557	0	0
MV-4128_S29__NODE_987_length_6557_cov_14.558751	6557	0	0
MV-4122_S12__NODE_2035_length_6556_cov_28.910014	6556	0	0
cell-4122-0-44_S10__NODE_376_length_6556_cov_16.140286	6556	0	0
MV-4128_S29__NODE_988_length_6554_cov_5.168795	6554	6	0
Biragzang__NODE_1910_length_6553_cov_4.751462	6553	0	0
MV-4125_S18__NODE_1880_length_6553_cov_8.306402	6553	0	0
MV-4125_S18__NODE_1881_length_6552_cov_8.002001	6552	0	0
cell-4122-0-44_S10__NODE_377_length_6552_cov_20.717254	6552	0	0
Biragzang__NODE_1911_length_6549_cov_4.199877	6549	0	0
MV-4125_S18__NODE_1882_length_6549_cov_23.864644	6549	0	0
MV-4125_S18__NODE_1883_length_6548_cov_18.031572	6548	0	0
MV-4128_S29__NODE_989_length_6548_cov_23.478823	6548	0	0
cell-4125-0-44_S16__NODE_318_length_6548_cov_8.018481	6548	0	0
MV-4122_S12__NODE_2036_length_6546_cov_100.121707	6546	2	0
MV-4128_S29__NODE_990_length_6546_cov_23.902480	6546	0	0
Biragzang__NODE_1912_length_6545_cov_7.053313	6545	0	0
cell-4125-0-44_S16__NODE_319_length_6543_cov_8.119297	6543	0	0
Biragzang__NODE_1913_length_6542_cov_3.925235	6542	0	0
cell-4125-0-44_S16__NODE_320_length_6541_cov_10.986432	6541	0	0
MV-4125_S18__NODE_1885_length_6540_cov_6.641172	6540	0	0
Biragzang__NODE_1914_length_6539_cov_11.337138	6539	2	0
MV-4125_S18__NODE_1886_length_6538_cov_6.464600	6538	0	0
cell-4122-0-44_S10__NODE_378_length_6538_cov_13.738084	6538	0	0
MV-4122_S12__NODE_2037_length_6537_cov_8.080994	6537	0	0
MV-4128_S29__NODE_991_length_6537_cov_5.349892	6537	0	0
Biragzang__NODE_1915_length_6535_cov_7.189969	6535	0	0
MV-4128_S29__NODE_992_length_6535_cov_18.301235	6535	0	0
MV-4128_S29__NODE_993_length_6534_cov_5.191851	6534	14	0
MV-4128_S29__NODE_994_length_6533_cov_27.384224	6533	0	0
MV-4128_S29__NODE_995_length_6532_cov_38.376718	6532	0	0
cell-4122-0-44_S10__NODE_379_length_6532_cov_80.519222	6532	0	0
Biragzang__NODE_1916_length_6531_cov_10.318715	6531	0	0
Biragzang__NODE_1917_length_6531_cov_4.159666	6531	0	0
cell-4125-0-44_S16__NODE_321_length_6531_cov_13.925263	6531	0	0
cell-4125-0-44_S16__NODE_322_length_6531_cov_5.873533	6531	0	0
Biragzang__NODE_1918_length_6530_cov_26.993359	6530	0	0
MV-4125_S18__NODE_1888_length_6530_cov_23.547027	6530	0	0
MV-4125_S18__NODE_1889_length_6530_cov_7.739305	6530	0	0
cell-4125-0-44_S16__NODE_323_length_6527_cov_6.290173	6527	0	0
Biragzang__NODE_1919_length_6526_cov_13.451708	6526	0	0
Biragzang__NODE_1920_length_6525_cov_6.482535	6525	0	0
cell-4122-0-44_S10__NODE_380_length_6525_cov_16.042349	6525	0	0
Biragzang__NODE_1921_length_6524_cov_5.642139	6524	0	0
MV-4125_S18__NODE_1890_length_6524_cov_6.572113	6524	0	0
cell-4125-0-44_S16__NODE_324_length_6524_cov_7.300819	6524	0	0
cell-4125-0-44_S16__NODE_325_length_6523_cov_5.929499	6523	0	0
MV-4122_S12__NODE_2039_length_6522_cov_10.624092	6522	0	0
cell-4122-0-44_S10__NODE_381_length_6520_cov_33.176798	6520	0	0
MV-4125_S18__NODE_1892_length_6519_cov_6.609220	6519	0	0
Biragzang__NODE_1922_length_6518_cov_11.802104	6518	415	0
MV-4128_S29__NODE_996_length_6518_cov_14.671670	6518	0	0
cell-4125-0-44_S16__NODE_326_length_6517_cov_7.392912	6517	0	0
cell-4125-0-44_S16__NODE_327_length_6517_cov_7.196998	6517	0	0
Biragzang__NODE_1923_length_6516_cov_20.593716	6516	282	0
Biragzang__NODE_1924_length_6514_cov_10.372813	6514	0	0
cell-4122-0-44_S10__NODE_382_length_6514_cov_70.427620	6514	0	0
Biragzang__NODE_1925_length_6512_cov_10.788756	6512	0	0
Biragzang__NODE_1926_length_6512_cov_8.922720	6512	0	0
MV-4122_S12__NODE_2040_length_6512_cov_25.693666	6512	0	0
MV-4125_S18__NODE_1895_length_6508_cov_6.405548	6508	0	0
Biragzang__NODE_1927_length_6507_cov_83.989771	6507	0	0
Biragzang__NODE_1928_length_6507_cov_12.964197	6507	479	0
MV-4125_S18__NODE_1896_length_6506_cov_7.927298	6506	0	0
Biragzang__NODE_1929_length_6505_cov_13.019845	6505	2	0
MV-4128_S29__NODE_997_length_6505_cov_22.268217	6505	0	0
Biragzang__NODE_1930_length_6504_cov_9.162506	6504	2	0
Biragzang__NODE_1931_length_6503_cov_5.681141	6503	0	0
Biragzang__NODE_1932_length_6502_cov_10.539010	6502	0	0
MV-4125_S18__NODE_1897_length_6502_cov_18.143788	6502	0	0
Biragzang__NODE_1933_length_6501_cov_19.324077	6501	0	0
MV-4125_S18__NODE_1899_length_6500_cov_4.786346	6500	0	0
MV-4125_S18__NODE_1900_length_6499_cov_7.174426	6499	0	0
MV-4122_S12__NODE_2043_length_6498_cov_8.026385	6498	0	0
MV-4122_S12__NODE_2044_length_6496_cov_20.074523	6496	0	0
Biragzang__NODE_1934_length_6495_cov_58.549224	6495	0	0
cell-4125-0-44_S16__NODE_329_length_6495_cov_4.136801	6495	0	0
MV-4122_S12__NODE_2045_length_6494_cov_26.776518	6494	0	0
cell-4125-0-44_S16__NODE_330_length_6494_cov_4.896102	6494	0	0
Biragzang__NODE_1935_length_6493_cov_52.254116	6493	4	0
Biragzang__NODE_1936_length_6492_cov_5.358397	6492	0	0
Biragzang__NODE_1937_length_6491_cov_6.239124	6491	0	0
MV-4125_S18__NODE_1902_length_6491_cov_24.423710	6491	0	0
Biragzang__NODE_1938_length_6489_cov_15.292042	6489	0	0
Biragzang__NODE_1939_length_6489_cov_6.238732	6489	0	0
cell-4125-0-44_S16__NODE_331_length_6489_cov_9.031085	6489	0	0
MV-4125_S18__NODE_1903_length_6488_cov_14.958651	6488	0	0
MV-4122_S12__NODE_2046_length_6487_cov_7.803483	6487	0	0
Biragzang__NODE_1940_length_6483_cov_11.179371	6483	0	0
MV-4122_S12__NODE_2048_length_6482_cov_9.824646	6482	0	0
cell-4125-0-44_S16__NODE_332_length_6481_cov_6.502490	6481	2	0
MV-4122_S12__NODE_2049_length_6480_cov_84.995642	6480	0	0
MV-4122_S12__NODE_2050_length_6480_cov_7.899922	6480	0	0
MV-4128_S29__NODE_998_length_6478_cov_15.416783	6478	0	0
cell-4125-0-44_S16__NODE_333_length_6478_cov_6.341585	6478	0	0
Biragzang__NODE_1941_length_6476_cov_10.801589	6476	25	0
MV-4125_S18__NODE_1909_length_6474_cov_6.236018	6474	0	0
MV-4125_S18__NODE_1910_length_6473_cov_7.302431	6473	0	0
MV-4125_S18__NODE_1911_length_6473_cov_6.676067	6473	0	0
MV-4125_S18__NODE_1913_length_6472_cov_20.988156	6472	0	0
MV-4128_S29__NODE_999_length_6472_cov_13.363877	6472	0	0
MV-4122_S12__NODE_2051_length_6471_cov_11.636534	6471	0	0
cell-4125-0-44_S16__NODE_335_length_6467_cov_9.912820	6467	0	0
Biragzang__NODE_1942_length_6465_cov_13.410764	6465	14	0
MV-4125_S18__NODE_1916_length_6465_cov_8.096256	6465	0	0
MV-4128_S29__NODE_1000_length_6465_cov_13.109516	6465	0	0
Biragzang__NODE_1943_length_6463_cov_5.812734	6463	0	0
MV-4125_S18__NODE_1917_length_6463_cov_21.871879	6463	0	0
Biragzang__NODE_1944_length_6462_cov_45.407523	6462	0	0
Biragzang__NODE_1945_length_6461_cov_10.136591	6461	0	0
cell-4122-0-44_S10__NODE_383_length_6461_cov_15.732907	6461	0	0
cell-4122-0-44_S10__NODE_384_length_6461_cov_12.877771	6461	0	0
Biragzang__NODE_1946_length_6460_cov_6.626854	6460	0	0
MV-4122_S12__NODE_2052_length_6459_cov_20.390381	6459	0	0
Biragzang__NODE_1947_length_6457_cov_22.086223	6457	0	0
Biragzang__NODE_1948_length_6456_cov_5.026246	6456	18	0
cell-4125-0-44_S16__NODE_336_length_6456_cov_9.571161	6456	0	0
Biragzang__NODE_1949_length_6455_cov_32.788125	6455	0	0
MV-4122_S12__NODE_2053_length_6454_cov_10.346148	6454	0	0
Biragzang__NODE_1950_length_6453_cov_12.261332	6453	8	0
MV-4125_S18__NODE_1920_length_6453_cov_7.623476	6453	0	0
Biragzang__NODE_1951_length_6452_cov_5.362045	6452	0	0
cell-4122-0-44_S10__NODE_385_length_6452_cov_9.223542	6452	0	0
cell-4125-0-44_S16__NODE_338_length_6451_cov_5.972483	6451	0	0
MV-4122_S12__NODE_2054_length_6450_cov_8.898984	6450	0	0
Biragzang__NODE_1952_length_6449_cov_9.831717	6449	2	0
MV-4125_S18__NODE_1921_length_6449_cov_19.948233	6449	0	0
MV-4125_S18__NODE_1922_length_6448_cov_20.256843	6448	0	0
MV-4122_S12__NODE_2055_length_6447_cov_90.038486	6447	2	0
Biragzang__NODE_1953_length_6446_cov_9.981693	6446	392	0
MV-4122_S12__NODE_2056_length_6446_cov_7.659834	6446	0	0
Biragzang__NODE_1954_length_6445_cov_7.131142	6445	0	0
MV-4122_S12__NODE_2057_length_6445_cov_26.125196	6445	0	0
Biragzang__NODE_1955_length_6444_cov_13.333229	6444	0	0
Biragzang__NODE_1956_length_6443_cov_6.799624	6443	0	0
MV-4125_S18__NODE_1925_length_6443_cov_21.097527	6443	0	0
MV-4128_S29__NODE_1001_length_6443_cov_17.623043	6443	0	0
cell-4122-0-44_S10__NODE_386_length_6443_cov_10.764559	6443	0	0
Biragzang__NODE_1957_length_6442_cov_8.359167	6442	0	0
Biragzang__NODE_1958_length_6442_cov_6.165023	6442	0	0
MV-4128_S29__NODE_1002_length_6441_cov_19.927028	6441	0	0
cell-4122-0-44_S10__NODE_387_length_6441_cov_630.987003	6441	0	0
Biragzang__NODE_1959_length_6440_cov_6.148943	6440	0	0
cell-4122-0-44_S10__NODE_388_length_6440_cov_67.118559	6440	0	0
MV-4122_S12__NODE_2059_length_6439_cov_8.475251	6439	0	0
MV-4125_S18__NODE_1926_length_6439_cov_20.969298	6439	0	0
MV-4128_S29__NODE_1003_length_6439_cov_13.453008	6439	0	0
cell-4122-0-44_S10__NODE_389_length_6438_cov_281.282939	6438	0	0
Biragzang__NODE_1960_length_6437_cov_10.063303	6437	3	0
Biragzang__NODE_1961_length_6436_cov_26.949224	6436	7	0
MV-4128_S29__NODE_1004_length_6436_cov_17.499922	6436	0	0
MV-4128_S29__NODE_1005_length_6434_cov_25.578304	6434	0	0
cell-4125-0-44_S16__NODE_339_length_6434_cov_8.702618	6434	0	0
Biragzang__NODE_1962_length_6433_cov_6.397460	6433	0	0
MV-4125_S18__NODE_1930_length_6433_cov_23.131546	6433	0	0
Biragzang__NODE_1963_length_6432_cov_10.897444	6432	403	0
MV-4122_S12__NODE_2061_length_6432_cov_12.194919	6432	0	0
cell-4122-0-44_S10__NODE_390_length_6432_cov_21.215148	6432	0	0
MV-4125_S18__NODE_1932_length_6430_cov_6.989804	6430	0	0
Biragzang__NODE_1964_length_6429_cov_10.270003	6429	0	0
cell-4125-0-44_S16__NODE_340_length_6428_cov_5.705319	6428	0	0
Biragzang__NODE_1965_length_6427_cov_40.086158	6427	0	0
MV-4122_S12__NODE_2062_length_6427_cov_60.759102	6427	0	0
MV-4128_S29__NODE_1006_length_6427_cov_6.655210	6427	2	0
Biragzang__NODE_1966_length_6426_cov_11.995762	6426	3	0
Biragzang__NODE_1967_length_6426_cov_6.043164	6426	0	0
MV-4125_S18__NODE_1934_length_6426_cov_6.487051	6426	0	0
MV-4122_S12__NODE_2063_length_6425_cov_8.823548	6425	0	0
cell-4125-0-44_S16__NODE_341_length_6425_cov_11.633595	6425	0	0
Biragzang__NODE_1968_length_6423_cov_57.891332	6423	0	0
MV-4122_S12__NODE_2064_length_6423_cov_34.564227	6423	2	0
Biragzang__NODE_1969_length_6422_cov_28.961206	6422	94	0
Biragzang__NODE_1970_length_6422_cov_11.771792	6422	2	0
Biragzang__NODE_1971_length_6421_cov_7.536915	6421	28	0
Biragzang__NODE_1972_length_6420_cov_10.983032	6420	0	0
Biragzang__NODE_1973_length_6419_cov_30.661691	6419	127	0
MV-4122_S12__NODE_2065_length_6419_cov_9.662634	6419	0	0
Biragzang__NODE_1974_length_6418_cov_56.132956	6418	26	0
cell-4122-0-44_S10__NODE_391_length_6418_cov_40.075750	6418	0	0
cell-4125-0-22_S17__NODE_6_length_6417_cov_16.966520	6417	0	0
cell-4122-0-44_S10__NODE_392_length_6416_cov_48.041817	6416	0	0
Biragzang__NODE_1975_length_6414_cov_15.003617	6414	546	0
MV-4128_S29__NODE_1007_length_6414_cov_23.393615	6414	0	0
MV-4122_S12__NODE_2066_length_6413_cov_10.637150	6413	0	0
Biragzang__NODE_1976_length_6412_cov_6.481674	6412	2	0
cell-4122-0-44_S10__NODE_393_length_6412_cov_26.656442	6412	0	0
MV-4125_S18__NODE_1935_length_6411_cov_6.717904	6411	0	0
cell-4125-0-44_S16__NODE_343_length_6411_cov_7.954059	6411	0	0
MV-4125_S18__NODE_1936_length_6410_cov_39.889064	6410	0	0
cell-4125-0-44_S16__NODE_344_length_6410_cov_10.637136	6410	0	0
Biragzang__NODE_1977_length_6408_cov_10.307729	6408	0	0
MV-4122_S12__NODE_2067_length_6407_cov_84.689074	6407	2	0
MV-4122_S12__NODE_2068_length_6406_cov_5.925366	6406	0	0
MV-4128_S29__NODE_1008_length_6406_cov_11.184695	6406	0	0
MV-4128_S29__NODE_1009_length_6405_cov_9.196850	6405	0	0
MV-4122_S12__NODE_2069_length_6403_cov_7.805766	6403	0	0
MV-4122_S12__NODE_2070_length_6403_cov_7.693132	6403	0	0
MV-4122_S12__NODE_2071_length_6403_cov_5.405640	6403	0	0
MV-4122_S12__NODE_2072_length_6402_cov_9.958563	6402	0	0
MV-4125_S18__NODE_1938_length_6401_cov_6.875827	6401	0	0
cell-4122-0-44_S10__NODE_394_length_6399_cov_8.220681	6399	0	0
Biragzang__NODE_1978_length_6397_cov_12.660990	6397	8	0
MV-4125_S18__NODE_1939_length_6397_cov_24.439609	6397	0	0
Biragzang__NODE_1979_length_6395_cov_25.141325	6395	0	0
MV-4122_S12__NODE_2074_length_6394_cov_5.374823	6394	0	0
Biragzang__NODE_1980_length_6393_cov_11.788419	6393	0	0
Biragzang__NODE_1981_length_6393_cov_6.678132	6393	0	0
MV-4122_S12__NODE_2075_length_6393_cov_48.959766	6393	0	0
MV-4125_S18__NODE_1942_length_6393_cov_6.732565	6393	0	0
Biragzang__NODE_1982_length_6391_cov_11.941288	6391	450	0
Biragzang__NODE_1983_length_6391_cov_11.425505	6391	0	0
Biragzang__NODE_1984_length_6391_cov_9.867740	6391	3	0
MV-4125_S18__NODE_1944_length_6391_cov_8.286301	6391	0	0
Biragzang__NODE_1985_length_6389_cov_5.613988	6389	0	0
MV-4128_S29__NODE_1010_length_6389_cov_15.418219	6389	0	0
Biragzang__NODE_1986_length_6386_cov_57.661823	6386	0	0
Biragzang__NODE_1987_length_6386_cov_7.374980	6386	0	0
MV-4125_S18__NODE_1945_length_6385_cov_7.765877	6385	0	0
cell-4125-0-44_S16__NODE_345_length_6385_cov_7.200316	6385	0	0
Biragzang__NODE_1988_length_6383_cov_39.572061	6383	0	0
MV-4128_S29__NODE_1011_length_6383_cov_13.347977	6383	0	0
Biragzang__NODE_1989_length_6382_cov_14.714715	6382	0	0
Biragzang__NODE_1990_length_6381_cov_35.450206	6381	129	0
MV-4125_S18__NODE_1946_length_6380_cov_23.545455	6380	0	0
MV-4128_S29__NODE_1012_length_6380_cov_16.173439	6380	0	0
MV-4128_S29__NODE_1013_length_6380_cov_7.644269	6380	8	0
Biragzang__NODE_1991_length_6379_cov_6.391366	6379	0	0
MV-4122_S12__NODE_2076_length_6379_cov_11.288583	6379	0	0
MV-4125_S18__NODE_1947_length_6379_cov_18.339342	6379	0	0
MV-4122_S12__NODE_2077_length_6377_cov_17.880576	6377	0	0
MV-4122_S12__NODE_2078_length_6376_cov_40.614460	6376	0	0
Biragzang__NODE_1992_length_6375_cov_11.695095	6375	0	0
MV-4122_S12__NODE_2079_length_6374_cov_39.948251	6374	0	0
MV-4122_S12__NODE_2080_length_6374_cov_38.109353	6374	0	0
Biragzang__NODE_1993_length_6372_cov_7.622289	6372	0	0
Biragzang__NODE_1994_length_6372_cov_6.733576	6372	0	0
MV-4128_S29__NODE_1014_length_6372_cov_22.363939	6372	0	0
Biragzang__NODE_1995_length_6371_cov_11.576472	6371	0	0
MV-4125_S18__NODE_1949_length_6370_cov_10.709580	6370	0	0
Biragzang__NODE_1996_length_6369_cov_46.646817	6369	246	0
Biragzang__NODE_1997_length_6368_cov_14.505782	6368	0	0
MV-4128_S29__NODE_1015_length_6368_cov_18.924125	6368	0	0
cell-4125-0-44_S16__NODE_346_length_6368_cov_9.655473	6368	0	0
Biragzang__NODE_1998_length_6367_cov_10.233840	6367	34	0
MV-4122_S12__NODE_2083_length_6366_cov_12.596419	6366	0	0
MV-4128_S29__NODE_1017_length_6366_cov_16.836001	6366	0	0
Biragzang__NODE_1999_length_6364_cov_9.544143	6364	0	0
MV-4128_S29__NODE_1018_length_6362_cov_7.517045	6362	2	0
cell-4125-0-44_S16__NODE_347_length_6361_cov_33.644941	6361	0	0
MV-4122_S12__NODE_2084_length_6360_cov_14.750198	6360	0	0
MV-4125_S18__NODE_1952_length_6358_cov_7.951610	6358	0	0
MV-4125_S18__NODE_1954_length_6356_cov_24.444374	6356	0	0
MV-4125_S18__NODE_1955_length_6356_cov_8.947945	6356	0	0
MV-4125_S18__NODE_1956_length_6355_cov_14.038889	6355	0	0
Biragzang__NODE_2000_length_6354_cov_13.631688	6354	6	0
MV-4125_S18__NODE_1957_length_6354_cov_9.263375	6354	0	0
Biragzang__NODE_2001_length_6353_cov_7.403303	6353	0	0
MV-4128_S29__NODE_1019_length_6353_cov_11.560019	6353	0	0
cell-4125-0-44_S16__NODE_348_length_6353_cov_11.196729	6353	0	0
MV-4122_S12__NODE_2085_length_6352_cov_15.145625	6352	0	0
Biragzang__NODE_2002_length_6351_cov_13.135801	6351	4	0
Biragzang__NODE_2003_length_6350_cov_18.377760	6350	0	0
Biragzang__NODE_2004_length_6349_cov_10.899905	6349	4	0
cell-4125-0-44_S16__NODE_349_length_6349_cov_5.862409	6349	0	0
MV-4122_S12__NODE_2087_length_6348_cov_26.218338	6348	0	0
cell-4122-0-44_S10__NODE_395_length_6348_cov_12.430796	6348	0	0
cell-4125-0-44_S16__NODE_350_length_6348_cov_17.152392	6348	0	0
Biragzang__NODE_2005_length_6347_cov_8.161157	6347	0	0
Biragzang__NODE_2006_length_6347_cov_6.288144	6347	0	0
Biragzang__NODE_2007_length_6344_cov_15.715058	6344	211	0
Biragzang__NODE_2008_length_6344_cov_9.211480	6344	0	0
cell-4125-0-44_S16__NODE_351_length_6340_cov_8.043437	6340	0	0
Biragzang__NODE_2009_length_6339_cov_9.583864	6339	0	0
MV-4122_S12__NODE_2088_length_6338_cov_26.516314	6338	0	0
cell-4125-0-44_S16__NODE_352_length_6337_cov_7.709647	6337	0	0
Biragzang__NODE_2010_length_6336_cov_10.400414	6336	0	0
MV-4128_S29__NODE_1020_length_6336_cov_12.326859	6336	0	0
Biragzang__NODE_2011_length_6335_cov_6.922611	6335	32	0
Biragzang__NODE_2012_length_6334_cov_21.590062	6334	0	0
Biragzang__NODE_2013_length_6334_cov_9.067049	6334	10	0
cell-4122-0-44_S10__NODE_396_length_6333_cov_19.473558	6333	0	0
cell-4125-0-44_S16__NODE_353_length_6332_cov_204.931655	6332	6	0
MV-4128_S29__NODE_1021_length_6331_cov_7.136233	6331	8	0
MV-4122_S12__NODE_2090_length_6329_cov_9.356551	6329	0	0
cell-4122-0-44_S10__NODE_397_length_6328_cov_15.154790	6328	0	0
Biragzang__NODE_2014_length_6324_cov_39.440262	6324	0	0
Biragzang__NODE_2015_length_6324_cov_6.816877	6324	0	0
Biragzang__NODE_2016_length_6323_cov_6.097160	6323	0	0
MV-4122_S12__NODE_2091_length_6323_cov_8.729898	6323	0	0
Biragzang__NODE_2017_length_6321_cov_6.105490	6321	0	0
MV-4122_S12__NODE_2092_length_6321_cov_55.839930	6321	0	0
MV-4122_S12__NODE_2093_length_6321_cov_10.587616	6321	0	0
Biragzang__NODE_2018_length_6320_cov_55.017877	6320	269	0
MV-4122_S12__NODE_2094_length_6320_cov_7.909178	6320	0	0
cell-4122-0-44_S10__NODE_398_length_6319_cov_13.377395	6319	0	0
cell-4125-0-44_S16__NODE_355_length_6319_cov_4.797254	6319	0	0
MV-4128_S29__NODE_1022_length_6318_cov_27.366278	6318	0	0
Biragzang__NODE_2019_length_6316_cov_18.705159	6316	0	0
cell-4125-0-44_S16__NODE_357_length_6314_cov_8.118709	6314	0	0
MV-4122_S12__NODE_2096_length_6313_cov_7.323426	6313	0	0
MV-4122_S12__NODE_2097_length_6312_cov_15.582707	6312	0	0
Biragzang__NODE_2020_length_6310_cov_14.737330	6310	0	0
MV-4122_S12__NODE_2098_length_6310_cov_10.106635	6310	0	0
cell-4125-0-44_S16__NODE_358_length_6308_cov_9.181993	6308	0	0
Biragzang__NODE_2021_length_6307_cov_16.112284	6307	0	0
MV-4122_S12__NODE_2100_length_6307_cov_37.972169	6307	0	0
MV-4122_S12__NODE_2101_length_6307_cov_25.432662	6307	0	0
Biragzang__NODE_2022_length_6306_cov_22.591905	6306	0	0
Biragzang__NODE_2023_length_6306_cov_10.693809	6306	0	0
Biragzang__NODE_2024_length_6305_cov_8.487200	6305	12	0
Biragzang__NODE_2025_length_6302_cov_12.375220	6302	425	0
MV-4122_S12__NODE_2102_length_6302_cov_41.398431	6302	0	0
MV-4122_S12__NODE_2103_length_6301_cov_9.763529	6301	0	0
cell-4125-0-44_S16__NODE_359_length_6301_cov_9.417867	6301	0	0
MV-4125_S18__NODE_1971_length_6300_cov_17.717374	6300	0	0
Biragzang__NODE_2026_length_6299_cov_10.576714	6299	0	0
MV-4122_S12__NODE_2105_length_6299_cov_37.997277	6299	0	0
MV-4122_S12__NODE_2106_length_6299_cov_27.058136	6299	0	0
MV-4125_S18__NODE_1973_length_6299_cov_6.823511	6299	0	0
cell-4122-0-44_S10__NODE_399_length_6299_cov_19.825112	6299	0	0
MV-4125_S18__NODE_1974_length_6298_cov_9.074804	6298	0	0
MV-4125_S18__NODE_1975_length_6297_cov_7.041173	6297	0	0
Biragzang__NODE_2027_length_6294_cov_8.957205	6294	24	0
MV-4122_S12__NODE_2107_length_6294_cov_12.965379	6294	0	0
MV-4125_S18__NODE_1978_length_6294_cov_18.874339	6294	0	0
MV-4128_S29__NODE_1023_length_6294_cov_27.565636	6294	0	0
MV-4128_S29__NODE_1024_length_6293_cov_7.207599	6293	6	0
Biragzang__NODE_2028_length_6292_cov_26.695366	6292	103	0
Biragzang__NODE_2029_length_6290_cov_6.457257	6290	0	0
Biragzang__NODE_2030_length_6289_cov_31.984119	6289	134	0
Biragzang__NODE_2031_length_6289_cov_12.912576	6289	456	0
Biragzang__NODE_2032_length_6289_cov_9.437600	6289	38	0
Biragzang__NODE_2033_length_6289_cov_8.130735	6289	34	0
Biragzang__NODE_2034_length_6288_cov_9.018129	6288	8	0
Biragzang__NODE_2035_length_6287_cov_9.761553	6287	31	0
Biragzang__NODE_2036_length_6285_cov_9.671429	6285	8	0
MV-4125_S18__NODE_1980_length_6285_cov_6.437400	6285	0	0
cell-4122-0-22_S11__NODE_185_length_6285_cov_13.444623	6285	0	0
MV-4122_S12__NODE_2108_length_6282_cov_5.026658	6282	0	0
MV-4128_S29__NODE_1025_length_6282_cov_17.923559	6282	0	0
Biragzang__NODE_2037_length_6278_cov_8.127752	6278	0	0
cell-4125-0-44_S16__NODE_362_length_6274_cov_8.934877	6274	1	0
MV-4122_S12__NODE_2109_length_6272_cov_11.504263	6272	0	0
MV-4125_S18__NODE_1985_length_6271_cov_6.393822	6271	0	0
MV-4122_S12__NODE_2110_length_6270_cov_7.613194	6270	0	0
Biragzang__NODE_2038_length_6269_cov_15.874316	6269	0	0
cell-4122-0-44_S10__NODE_401_length_6269_cov_16.398133	6269	0	0
Biragzang__NODE_2039_length_6268_cov_8.735072	6268	36	0
Biragzang__NODE_2040_length_6268_cov_5.796234	6268	0	0
cell-4125-0-44_S16__NODE_363_length_6268_cov_14.916948	6268	0	0
cell-4125-0-44_S16__NODE_364_length_6268_cov_5.963303	6268	0	0
Biragzang__NODE_2041_length_6267_cov_7.369124	6267	0	0
Biragzang__NODE_2042_length_6267_cov_5.849485	6267	0	0
MV-4122_S12__NODE_2111_length_6266_cov_7.715988	6266	0	0
cell-4125-0-44_S16__NODE_365_length_6266_cov_4.979230	6266	0	0
Biragzang__NODE_2043_length_6265_cov_7.547504	6265	0	0
Biragzang__NODE_2044_length_6265_cov_6.072625	6265	0	0
cell-4125-0-44_S16__NODE_366_length_6265_cov_7.026409	6265	0	0
cell-4125-0-44_S16__NODE_367_length_6264_cov_7.688678	6264	0	0
Biragzang__NODE_2045_length_6263_cov_9.478576	6263	37	0
Biragzang__NODE_2046_length_6263_cov_7.224227	6263	0	0
MV-4122_S12__NODE_2112_length_6263_cov_14.123389	6263	0	0
MV-4125_S18__NODE_1990_length_6261_cov_19.607154	6261	0	0
cell-4125-0-44_S16__NODE_368_length_6257_cov_11.767333	6257	2	0
Biragzang__NODE_2047_length_6256_cov_11.116272	6256	14	0
MV-4128_S29__NODE_1026_length_6256_cov_26.892275	6256	0	0
cell-4125-0-44_S16__NODE_369_length_6256_cov_7.340106	6256	0	0
MV-4122_S12__NODE_2113_length_6254_cov_46.183901	6254	0	0
MV-4128_S29__NODE_1027_length_6254_cov_28.010163	6254	6	0
Biragzang__NODE_2048_length_6253_cov_52.446273	6253	270	0
cell-4125-0-44_S16__NODE_370_length_6253_cov_7.426428	6253	0	0
MV-4128_S29__NODE_1028_length_6252_cov_14.920445	6252	0	0
cell-4125-0-44_S16__NODE_371_length_6252_cov_8.822817	6252	0	0
cell-4125-0-44_S16__NODE_372_length_6250_cov_5.978692	6250	0	0
cell-4122-0-44_S10__NODE_402_length_6248_cov_13.197158	6248	0	0
Biragzang__NODE_2049_length_6247_cov_7.774709	6247	18	0
cell-4125-0-44_S16__NODE_373_length_6247_cov_6.749354	6247	0	0
MV-4122_S12__NODE_2114_length_6246_cov_8.643999	6246	0	0
MV-4128_S29__NODE_1030_length_6245_cov_11.518417	6245	0	0
Biragzang__NODE_2050_length_6244_cov_6.862983	6244	0	0
Biragzang__NODE_2051_length_6243_cov_8.148190	6243	4	0
Biragzang__NODE_2052_length_6243_cov_5.609890	6243	0	0
Biragzang__NODE_2053_length_6238_cov_9.158176	6238	38	0
cell-4122-0-44_S10__NODE_403_length_6238_cov_78.769529	6238	0	0
Biragzang__NODE_2054_length_6237_cov_44.373504	6237	2	0
Biragzang__NODE_2055_length_6236_cov_5.170037	6236	0	0
cell-4125-0-44_S16__NODE_375_length_6233_cov_6.761250	6233	0	0
Biragzang__NODE_2056_length_6232_cov_4.773838	6232	0	0
Biragzang__NODE_2057_length_6231_cov_17.465997	6231	0	0
cell-4125-0-44_S16__NODE_376_length_6231_cov_7.524288	6231	0	0
Biragzang__NODE_2058_length_6229_cov_54.233236	6229	0	0
Biragzang__NODE_2059_length_6229_cov_14.461775	6229	0	0
Biragzang__NODE_2060_length_6229_cov_6.617266	6229	0	0
MV-4125_S18__NODE_1997_length_6228_cov_18.409201	6228	0	0
Biragzang__NODE_2061_length_6226_cov_7.084751	6226	0	0
MV-4122_S12__NODE_2116_length_6226_cov_9.079404	6226	0	0
Biragzang__NODE_2062_length_6225_cov_10.378768	6225	0	0
MV-4128_S29__NODE_1031_length_6224_cov_11.971794	6224	0	0
MV-4122_S12__NODE_2117_length_6223_cov_6.923152	6223	0	0
Biragzang__NODE_2063_length_6222_cov_5.580023	6222	0	0
cell-4122-0-44_S10__NODE_404_length_6222_cov_53.799741	6222	0	0
MV-4122_S12__NODE_2118_length_6219_cov_17.499513	6219	0	0
Biragzang__NODE_2064_length_6218_cov_58.770566	6218	0	0
MV-4122_S12__NODE_2119_length_6218_cov_20.546325	6218	0	0
Biragzang__NODE_2065_length_6217_cov_34.489614	6217	0	0
Biragzang__NODE_2066_length_6217_cov_10.938494	6217	4	0
MV-4122_S12__NODE_2120_length_6217_cov_23.439468	6217	0	0
MV-4125_S18__NODE_2001_length_6217_cov_7.894028	6217	0	0
MV-4128_S29__NODE_1032_length_6214_cov_14.416139	6214	0	0
Biragzang__NODE_2067_length_6212_cov_12.552217	6212	0	0
Biragzang__NODE_2068_length_6211_cov_5.840156	6211	0	0
MV-4122_S12__NODE_2121_length_6211_cov_10.535575	6211	0	0
MV-4125_S18__NODE_2005_length_6211_cov_13.545647	6211	0	0
Biragzang__NODE_2069_length_6210_cov_13.825183	6210	0	0
MV-4122_S12__NODE_2122_length_6210_cov_52.264825	6210	0	0
MV-4122_S12__NODE_2123_length_6210_cov_10.647279	6210	0	0
MV-4128_S29__NODE_1033_length_6209_cov_404.209945	6209	0	0
Biragzang__NODE_2070_length_6208_cov_31.705997	6208	0	0
MV-4122_S12__NODE_2124_length_6207_cov_4.596717	6207	0	0
Biragzang__NODE_2071_length_6206_cov_40.541375	6206	0	0
Biragzang__NODE_2072_length_6206_cov_7.809787	6206	0	0
MV-4128_S29__NODE_1034_length_6206_cov_25.934482	6206	0	0
MV-4128_S29__NODE_1035_length_6206_cov_10.741018	6206	0	0
Biragzang__NODE_2073_length_6204_cov_17.633762	6204	0	0
MV-4128_S29__NODE_1036_length_6204_cov_5.000976	6204	0	0
Biragzang__NODE_2074_length_6203_cov_11.971861	6203	0	0
Biragzang__NODE_2075_length_6202_cov_11.150155	6202	0	0
cell-4125-0-44_S16__NODE_378_length_6202_cov_5.032048	6202	0	0
Biragzang__NODE_2076_length_6200_cov_7.982262	6200	0	0
Biragzang__NODE_2077_length_6200_cov_6.810252	6200	0	0
MV-4128_S29__NODE_1037_length_6200_cov_13.457282	6200	0	0
Biragzang__NODE_2078_length_6198_cov_5.534592	6198	0	0
Biragzang__NODE_2079_length_6196_cov_16.678391	6196	19	0
MV-4122_S12__NODE_2126_length_6196_cov_21.869891	6196	0	0
MV-4122_S12__NODE_2127_length_6195_cov_9.611726	6195	0	0
Biragzang__NODE_2080_length_6194_cov_9.714286	6194	361	0
cell-4125-0-44_S16__NODE_379_length_6194_cov_8.315035	6194	0	0
Biragzang__NODE_2081_length_6193_cov_20.773868	6193	0	0
MV-4122_S12__NODE_2128_length_6193_cov_11.995764	6193	0	0
MV-4125_S18__NODE_2013_length_6192_cov_6.061920	6192	0	0
MV-4128_S29__NODE_1038_length_6192_cov_14.154147	6192	0	0
MV-4128_S29__NODE_1039_length_6191_cov_13.016134	6191	0	0
MV-4122_S12__NODE_2129_length_6190_cov_9.086064	6190	0	0
MV-4125_S18__NODE_2015_length_6190_cov_8.223961	6190	0	0
MV-4125_S18__NODE_2016_length_6190_cov_6.531540	6190	0	0
Biragzang__NODE_2082_length_6189_cov_14.870558	6189	2	0
Biragzang__NODE_2083_length_6189_cov_9.930062	6189	0	0
MV-4122_S12__NODE_2130_length_6189_cov_6.294425	6189	0	0
Biragzang__NODE_2084_length_6188_cov_12.836785	6188	10	0
MV-4122_S12__NODE_2131_length_6188_cov_24.654981	6188	0	0
cell-4125-0-44_S16__NODE_380_length_6188_cov_4.843796	6188	6	0
MV-4125_S18__NODE_2017_length_6187_cov_18.426941	6187	0	0
MV-4128_S29__NODE_1040_length_6187_cov_16.459230	6187	0	0
Biragzang__NODE_2085_length_6186_cov_14.017289	6186	0	0
Biragzang__NODE_2086_length_6186_cov_8.887947	6186	6	0
cell-4125-0-44_S16__NODE_381_length_6185_cov_5.620881	6185	3	0
Biragzang__NODE_2087_length_6184_cov_30.735846	6184	14	0
MV-4128_S29__NODE_1041_length_6184_cov_12.769783	6184	0	0
cell-4122-0-44_S10__NODE_405_length_6184_cov_15.303475	6184	0	0
Biragzang__NODE_2088_length_6183_cov_14.057768	6183	14	0
MV-4122_S12__NODE_2132_length_6183_cov_4.819191	6183	0	0
MV-4125_S18__NODE_2019_length_6183_cov_20.661227	6183	0	0
MV-4125_S18__NODE_2021_length_6183_cov_7.077513	6183	0	0
MV-4128_S29__NODE_1042_length_6183_cov_14.897356	6183	0	0
cell-4125-0-44_S16__NODE_382_length_6183_cov_7.185542	6183	0	0
Biragzang__NODE_2089_length_6182_cov_6.658397	6182	0	0
MV-4122_S12__NODE_2133_length_6182_cov_87.444263	6182	0	0
cell-4125-0-44_S16__NODE_383_length_6182_cov_6.913498	6182	0	0
Biragzang__NODE_2090_length_6181_cov_13.240451	6181	0	0
MV-4125_S18__NODE_2022_length_6181_cov_8.166503	6181	0	0
cell-4122-0-44_S10__NODE_406_length_6180_cov_68.227265	6180	0	0
Biragzang__NODE_2091_length_6179_cov_12.247061	6179	434	0
Biragzang__NODE_2092_length_6179_cov_8.691052	6179	8	0
Biragzang__NODE_2093_length_6178_cov_6.742447	6178	0	0
Biragzang__NODE_2094_length_6177_cov_57.488402	6177	237	0
Biragzang__NODE_2095_length_6177_cov_12.948710	6177	0	0
Biragzang__NODE_2096_length_6177_cov_7.724273	6177	0	0
MV-4122_S12__NODE_2134_length_6176_cov_7.816860	6176	0	0
cell-4122-0-44_S10__NODE_407_length_6176_cov_19.248816	6176	0	0
MV-4125_S18__NODE_2025_length_6174_cov_7.777415	6174	0	0
Biragzang__NODE_2097_length_6173_cov_5.483328	6173	0	0
Biragzang__NODE_2098_length_6173_cov_5.320039	6173	0	0
MV-4122_S12__NODE_2136_length_6173_cov_6.795358	6173	0	0
Biragzang__NODE_2099_length_6172_cov_11.416054	6172	0	0
cell-4125-0-44_S16__NODE_385_length_6172_cov_10.540461	6172	0	0
Biragzang__NODE_2100_length_6171_cov_34.531066	6171	0	0
MV-4125_S18__NODE_2026_length_6171_cov_17.855952	6171	0	0
Biragzang__NODE_2101_length_6170_cov_21.085037	6170	489	0
Biragzang__NODE_2102_length_6170_cov_12.041864	6170	0	0
MV-4128_S29__NODE_1043_length_6170_cov_22.921995	6170	0	0
MV-4128_S29__NODE_1044_length_6170_cov_3.338675	6170	0	0
Biragzang__NODE_2103_length_6169_cov_7.589303	6169	14	0
MV-4125_S18__NODE_2028_length_6168_cov_7.606740	6168	0	0
MV-4128_S29__NODE_1045_length_6168_cov_4.709308	6168	0	0
cell-4125-0-22_S17__NODE_7_length_6167_cov_11.783868	6167	0	0
MV-4128_S29__NODE_1046_length_6166_cov_27.338243	6166	0	0
MV-4128_S29__NODE_1047_length_6166_cov_9.011455	6166	0	0
MV-4125_S18__NODE_2029_length_6165_cov_9.625368	6165	0	0
Biragzang__NODE_2104_length_6164_cov_11.369782	6164	0	0
cell-4125-0-44_S16__NODE_386_length_6164_cov_6.142577	6164	8	0
Biragzang__NODE_2105_length_6162_cov_8.903717	6162	38	0
MV-4125_S18__NODE_2032_length_6162_cov_4.940560	6162	0	0
MV-4122_S12__NODE_2139_length_6161_cov_43.490174	6161	0	0
cell-4125-0-44_S16__NODE_387_length_6161_cov_6.812643	6161	0	0
MV-4122_S12__NODE_2140_length_6160_cov_21.403931	6160	0	0
MV-4125_S18__NODE_2033_length_6160_cov_7.443898	6160	0	0
MV-4128_S29__NODE_1048_length_6157_cov_15.624713	6157	0	0
Biragzang__NODE_2106_length_6156_cov_19.890674	6156	0	0
Biragzang__NODE_2107_length_6156_cov_6.238158	6156	0	0
MV-4122_S12__NODE_2141_length_6156_cov_38.744796	6156	0	0
MV-4128_S29__NODE_1049_length_6156_cov_15.251434	6156	0	0
Biragzang__NODE_2108_length_6155_cov_5.466393	6155	0	0
MV-4125_S18__NODE_2034_length_6152_cov_19.122683	6152	0	0
Biragzang__NODE_2109_length_6150_cov_15.846760	6150	2	0
Biragzang__NODE_2110_length_6148_cov_11.813557	6148	10	0
MV-4125_S18__NODE_2036_length_6148_cov_7.795011	6148	0	0
Biragzang__NODE_2111_length_6147_cov_48.660703	6147	189	0
Biragzang__NODE_2112_length_6147_cov_19.981123	6147	0	0
MV-4122_S12__NODE_2143_length_6147_cov_12.581582	6147	0	0
MV-4125_S18__NODE_2037_length_6146_cov_14.205057	6146	0	0
MV-4128_S29__NODE_1050_length_6146_cov_5.123625	6146	10	0
MV-4122_S12__NODE_2144_length_6145_cov_12.503612	6145	0	0
MV-4125_S18__NODE_2038_length_6145_cov_24.472085	6145	0	0
cell-4122-0-44_S10__NODE_409_length_6144_cov_11.095254	6144	0	0
MV-4122_S12__NODE_2145_length_6143_cov_18.014126	6143	0	0
MV-4128_S29__NODE_1051_length_6141_cov_6.633257	6141	0	0
Biragzang__NODE_2113_length_6139_cov_10.761506	6139	0	0
MV-4122_S12__NODE_2146_length_6139_cov_6.899080	6139	0	0
MV-4125_S18__NODE_2041_length_6138_cov_14.490383	6138	0	0
cell-4122-0-44_S10__NODE_410_length_6138_cov_22.701627	6138	0	0
MV-4125_S18__NODE_2042_length_6137_cov_7.468431	6137	0	0
MV-4122_S12__NODE_2147_length_6136_cov_12.099655	6136	0	0
cell-4122-0-44_S10__NODE_411_length_6136_cov_21.472455	6136	0	0
cell-4122-0-44_S10__NODE_412_length_6136_cov_14.536754	6136	0	0
cell-4125-0-44_S16__NODE_389_length_6136_cov_8.805295	6136	0	0
Biragzang__NODE_2114_length_6135_cov_13.043914	6135	0	0
MV-4128_S29__NODE_1052_length_6135_cov_17.487336	6135	0	0
MV-4122_S12__NODE_2148_length_6134_cov_19.621155	6134	0	0
MV-4122_S12__NODE_2149_length_6134_cov_4.756210	6134	0	0
cell-4122-0-44_S10__NODE_413_length_6134_cov_16.839447	6134	0	0
MV-4125_S18__NODE_2045_length_6133_cov_6.663376	6133	0	0
Biragzang__NODE_2115_length_6131_cov_12.674951	6131	6	0
MV-4128_S29__NODE_1053_length_6131_cov_30.727946	6131	0	0
MV-4128_S29__NODE_1054_length_6131_cov_16.146972	6131	0	0
cell-4125-0-44_S16__NODE_391_length_6131_cov_8.893845	6131	0	0
MV-4122_S12__NODE_2151_length_6130_cov_81.257119	6130	2	0
MV-4122_S12__NODE_2152_length_6129_cov_70.265229	6129	2	0
Biragzang__NODE_2116_length_6127_cov_10.808136	6127	409	0
Biragzang__NODE_2117_length_6125_cov_26.731301	6125	0	0
MV-4122_S12__NODE_2153_length_6125_cov_42.635255	6125	0	0
MV-4122_S12__NODE_2154_length_6125_cov_37.991433	6125	0	0
MV-4128_S29__NODE_1055_length_6125_cov_14.766392	6125	0	0
MV-4122_S12__NODE_2155_length_6124_cov_9.934256	6124	0	0
MV-4122_S12__NODE_2156_length_6122_cov_8.138289	6122	0	0
Biragzang__NODE_2118_length_6119_cov_35.913588	6119	4	0
Biragzang__NODE_2119_length_6119_cov_10.283641	6119	3	0
MV-4122_S12__NODE_2158_length_6119_cov_86.375165	6119	0	0
MV-4122_S12__NODE_2159_length_6119_cov_12.378463	6119	0	0
Biragzang__NODE_2120_length_6118_cov_9.116609	6118	24	0
Biragzang__NODE_2121_length_6117_cov_13.142857	6117	0	0
Biragzang__NODE_2122_length_6117_cov_6.368360	6117	0	0
Biragzang__NODE_2123_length_6116_cov_5.524006	6116	0	0
MV-4125_S18__NODE_2048_length_6115_cov_6.490759	6115	0	0
cell-4125-0-44_S16__NODE_392_length_6115_cov_11.180198	6115	2	0
MV-4128_S29__NODE_1056_length_6114_cov_13.366562	6114	0	0
Biragzang__NODE_2124_length_6113_cov_11.053153	6113	8	0
Biragzang__NODE_2125_length_6113_cov_5.930670	6113	0	0
Biragzang__NODE_2126_length_6112_cov_48.705465	6112	0	0
Biragzang__NODE_2127_length_6112_cov_13.615651	6112	132	0
MV-4122_S12__NODE_2160_length_6112_cov_8.684993	6112	2	0
Biragzang__NODE_2128_length_6111_cov_43.663639	6111	0	0
Biragzang__NODE_2129_length_6111_cov_18.436592	6111	0	0
MV-4128_S29__NODE_1057_length_6111_cov_7.843461	6111	4	0
cell-4122-0-44_S10__NODE_414_length_6110_cov_13.489348	6110	0	0
Biragzang__NODE_2130_length_6109_cov_15.380079	6109	0	0
MV-4122_S12__NODE_2162_length_6107_cov_12.991408	6107	0	0
cell-4125-0-44_S16__NODE_393_length_6107_cov_9.131692	6107	0	0
Biragzang__NODE_2131_length_6104_cov_12.029592	6104	2	0
Biragzang__NODE_2132_length_6103_cov_12.645833	6103	432	0
Biragzang__NODE_2133_length_6102_cov_10.974864	6102	24	0
MV-4128_S29__NODE_1059_length_6101_cov_22.644228	6101	0	0
MV-4128_S29__NODE_1060_length_6101_cov_7.661925	6101	0	0
cell-4122-0-44_S10__NODE_415_length_6101_cov_46.445915	6101	0	0
Biragzang__NODE_2134_length_6100_cov_8.312159	6100	51	0
MV-4122_S12__NODE_2163_length_6100_cov_9.710174	6100	0	0
MV-4122_S12__NODE_2164_length_6100_cov_3.956989	6100	0	0
MV-4122_S12__NODE_2165_length_6100_cov_3.740447	6100	0	0
MV-4125_S18__NODE_2053_length_6099_cov_13.454997	6099	0	0
Biragzang__NODE_2135_length_6098_cov_12.331458	6098	6	0
MV-4125_S18__NODE_2054_length_6098_cov_6.918914	6098	0	0
cell-4125-0-44_S16__NODE_394_length_6098_cov_9.859507	6098	0	0
Biragzang__NODE_2136_length_6097_cov_11.742966	6097	0	0
Biragzang__NODE_2137_length_6096_cov_7.782321	6096	0	0
Biragzang__NODE_2138_length_6095_cov_35.691722	6095	112	0
Biragzang__NODE_2139_length_6095_cov_12.791887	6095	0	0
cell-4125-0-44_S16__NODE_395_length_6095_cov_5.858775	6095	0	0
Biragzang__NODE_2140_length_6094_cov_10.668157	6094	20	0
MV-4122_S12__NODE_2166_length_6093_cov_13.754223	6093	0	0
cell-4122-0-44_S10__NODE_416_length_6092_cov_11.234554	6092	0	0
Biragzang__NODE_2141_length_6090_cov_13.406297	6090	0	0
Biragzang__NODE_2142_length_6087_cov_5.719662	6087	0	0
MV-4125_S18__NODE_2059_length_6087_cov_19.187003	6087	2	0
Biragzang__NODE_2143_length_6086_cov_24.886918	6086	13	0
cell-4125-0-44_S16__NODE_396_length_6086_cov_5.698723	6086	2	0
Biragzang__NODE_2144_length_6085_cov_31.810116	6085	102	0
Biragzang__NODE_2145_length_6085_cov_4.372471	6085	0	0
Biragzang__NODE_2146_length_6082_cov_10.985731	6082	8	0
MV-4128_S29__NODE_1061_length_6081_cov_30.274809	6081	0	0
MV-4128_S29__NODE_1062_length_6080_cov_13.077510	6080	0	0
MV-4122_S12__NODE_2169_length_6079_cov_7.885292	6079	0	0
cell-4125-0-44_S16__NODE_398_length_6079_cov_6.975432	6079	0	0
cell-4122-0-44_S10__NODE_417_length_6078_cov_20.659472	6078	0	0
Biragzang__NODE_2147_length_6077_cov_7.028230	6077	0	0
MV-4125_S18__NODE_2065_length_6077_cov_22.646131	6077	0	0
MV-4125_S18__NODE_2066_length_6075_cov_16.448173	6075	0	0
Biragzang__NODE_2148_length_6074_cov_7.885529	6074	31	0
MV-4122_S12__NODE_2170_length_6074_cov_6.878219	6074	0	0
MV-4125_S18__NODE_2068_length_6074_cov_7.548430	6074	0	0
cell-4125-0-44_S16__NODE_399_length_6073_cov_10.217182	6073	0	0
Biragzang__NODE_2149_length_6072_cov_12.808044	6072	458	0
MV-4122_S12__NODE_2171_length_6071_cov_26.251164	6071	0	0
MV-4125_S18__NODE_2069_length_6071_cov_8.829953	6071	0	0
MV-4128_S29__NODE_1063_length_6070_cov_12.180881	6070	0	0
MV-4128_S29__NODE_1064_length_6069_cov_10.325906	6069	0	0
MV-4122_S12__NODE_2172_length_6067_cov_5.625915	6067	0	0
Biragzang__NODE_2150_length_6066_cov_19.984362	6066	0	0
Biragzang__NODE_2151_length_6065_cov_9.005324	6065	0	0
MV-4125_S18__NODE_2071_length_6065_cov_19.150915	6065	0	0
MV-4128_S29__NODE_1065_length_6065_cov_13.663727	6065	0	0
MV-4128_S29__NODE_1066_length_6065_cov_8.071048	6065	12	0
Biragzang__NODE_2152_length_6064_cov_9.621734	6064	0	0
cell-4122-0-44_S10__NODE_418_length_6064_cov_15.670494	6064	0	0
Biragzang__NODE_2153_length_6063_cov_10.660453	6063	0	0
MV-4125_S18__NODE_2072_length_6063_cov_7.816079	6063	0	0
Biragzang__NODE_2154_length_6062_cov_13.352922	6062	0	0
Biragzang__NODE_2155_length_6061_cov_6.675824	6061	0	0
Biragzang__NODE_2156_length_6061_cov_6.214119	6061	0	0
Biragzang__NODE_2157_length_6058_cov_6.181576	6058	0	0
Biragzang__NODE_2158_length_6056_cov_11.297617	6056	160	0
cell-4125-0-44_S16__NODE_400_length_6056_cov_4.927012	6056	0	0
Biragzang__NODE_2159_length_6055_cov_7.123667	6055	0	0
Biragzang__NODE_2160_length_6054_cov_11.688948	6054	415	0
MV-4122_S12__NODE_2174_length_6053_cov_31.111370	6053	0	0
MV-4122_S12__NODE_2175_length_6053_cov_5.626209	6053	0	0
Biragzang__NODE_2161_length_6052_cov_10.101718	6052	44	0
MV-4128_S29__NODE_1067_length_6052_cov_12.328164	6052	0	0
Biragzang__NODE_2162_length_6051_cov_15.764009	6051	0	0
Biragzang__NODE_2163_length_6051_cov_12.950133	6051	14	0
MV-4122_S12__NODE_2176_length_6051_cov_8.595230	6051	0	0
MV-4125_S18__NODE_2074_length_6051_cov_20.026184	6051	0	0
cell-4125-0-44_S16__NODE_401_length_6051_cov_5.804703	6051	0	0
cell-4122-0-44_S10__NODE_419_length_6050_cov_15.152627	6050	0	0
Biragzang__NODE_2164_length_6049_cov_39.152819	6049	0	0
MV-4122_S12__NODE_2177_length_6049_cov_22.389223	6049	0	0
MV-4122_S12__NODE_2178_length_6047_cov_31.342623	6047	0	0
Biragzang__NODE_2165_length_6046_cov_18.803038	6046	1	0
Biragzang__NODE_2166_length_6044_cov_15.725330	6044	19	0
MV-4128_S29__NODE_1068_length_6044_cov_14.598597	6044	0	0
MV-4122_S12__NODE_2179_length_6043_cov_38.898130	6043	0	0
cell-4125-0-44_S16__NODE_402_length_6043_cov_9.135438	6043	0	0
Biragzang__NODE_2167_length_6042_cov_12.761984	6042	0	0
MV-4128_S29__NODE_1069_length_6042_cov_18.872891	6042	0	0
MV-4128_S29__NODE_1070_length_6041_cov_15.892583	6041	0	0
MV-4128_S29__NODE_1071_length_6040_cov_15.734503	6040	0	0
Biragzang__NODE_2168_length_6039_cov_21.500668	6039	0	0
Biragzang__NODE_2169_length_6039_cov_6.153910	6039	0	0
cell-4122-0-44_S10__NODE_420_length_6039_cov_9.161765	6039	0	0
cell-4125-0-44_S16__NODE_403_length_6039_cov_7.482787	6039	0	0
MV-4122_S12__NODE_2180_length_6038_cov_9.272104	6038	0	0
Biragzang__NODE_2170_length_6037_cov_13.040789	6037	1	0
Biragzang__NODE_2171_length_6037_cov_5.865931	6037	0	0
MV-4128_S29__NODE_1072_length_6037_cov_5.525911	6037	6	0
MV-4125_S18__NODE_2081_length_6035_cov_7.313545	6035	0	0
cell-4122-0-44_S10__NODE_421_length_6035_cov_11.660033	6035	0	0
Biragzang__NODE_2172_length_6033_cov_8.138341	6033	22	0
MV-4128_S29__NODE_1073_length_6033_cov_11.731516	6033	0	0
Biragzang__NODE_2173_length_6032_cov_6.541074	6032	0	0
MV-4122_S12__NODE_2181_length_6032_cov_8.770119	6032	0	0
cell-4125-0-44_S16__NODE_404_length_6031_cov_5.767905	6031	0	0
Biragzang__NODE_2174_length_6030_cov_43.832301	6030	0	0
MV-4122_S12__NODE_2182_length_6030_cov_11.482343	6030	0	0
MV-4125_S18__NODE_2084_length_6030_cov_7.622092	6030	0	0
MV-4122_S12__NODE_2183_length_6029_cov_10.683964	6029	0	0
cell-4122-0-44_S10__NODE_422_length_6029_cov_156.669233	6029	0	0
cell-4122-0-44_S10__NODE_423_length_6029_cov_34.451958	6029	0	0
cell-4125-0-44_S16__NODE_405_length_6029_cov_14.047205	6029	2	0
Biragzang__NODE_2175_length_6027_cov_10.549565	6027	355	0
MV-4122_S12__NODE_2184_length_6025_cov_27.928811	6025	0	0
cell-4125-0-44_S16__NODE_406_length_6025_cov_8.961809	6025	0	0
cell-4125-0-44_S16__NODE_407_length_6025_cov_5.908710	6025	0	0
Biragzang__NODE_2176_length_6024_cov_11.791087	6024	0	0
Biragzang__NODE_2177_length_6024_cov_3.402412	6024	0	0
cell-4122-0-44_S10__NODE_424_length_6024_cov_13.932149	6024	0	0
cell-4125-0-44_S16__NODE_408_length_6024_cov_10.248115	6024	0	0
Biragzang__NODE_2178_length_6023_cov_9.306300	6023	3	0
cell-4125-0-44_S16__NODE_409_length_6022_cov_6.554718	6022	0	0
Biragzang__NODE_2179_length_6021_cov_5.535032	6021	0	0
Biragzang__NODE_2180_length_6020_cov_5.864543	6020	0	0
cell-4122-0-44_S10__NODE_425_length_6018_cov_890.627369	6018	0	0
Biragzang__NODE_2181_length_6017_cov_16.865817	6017	0	0
Biragzang__NODE_2182_length_6017_cov_10.674438	6017	2	0
Biragzang__NODE_2183_length_6017_cov_7.379067	6017	22	0
MV-4122_S12__NODE_2185_length_6017_cov_26.010567	6017	0	0
MV-4125_S18__NODE_2086_length_6016_cov_13.590840	6016	0	0
MV-4122_S12__NODE_2186_length_6015_cov_7.238926	6015	0	0
Biragzang__NODE_2184_length_6014_cov_13.369189	6014	0	0
MV-4125_S18__NODE_2087_length_6014_cov_8.476422	6014	0	0
MV-4122_S12__NODE_2187_length_6013_cov_12.067137	6013	0	0
Biragzang__NODE_2185_length_6012_cov_10.293101	6012	14	0
Biragzang__NODE_2186_length_6011_cov_14.105776	6011	0	0
cell-4122-0-44_S10__NODE_426_length_6011_cov_12.956179	6011	0	0
Biragzang__NODE_2187_length_6008_cov_6.929783	6008	0	0
MV-4122_S12__NODE_2189_length_6008_cov_8.336973	6008	0	0
MV-4122_S12__NODE_2190_length_6008_cov_7.832185	6008	0	0
cell-4122-0-44_S10__NODE_427_length_6008_cov_13.301193	6008	0	0
Biragzang__NODE_2188_length_6007_cov_41.808132	6007	0	0
Biragzang__NODE_2189_length_6007_cov_40.912298	6007	0	0
Biragzang__NODE_2190_length_6006_cov_11.031591	6006	6	0
Biragzang__NODE_2191_length_6006_cov_6.004873	6006	0	0
MV-4122_S12__NODE_2191_length_6006_cov_11.502269	6006	0	0
Biragzang__NODE_2192_length_6004_cov_44.438561	6004	0	0
cell-4125-0-44_S16__NODE_410_length_6002_cov_5.880948	6002	0	0
Biragzang__NODE_2193_length_6001_cov_37.696435	6001	0	0
Biragzang__NODE_2194_length_6001_cov_20.736798	6001	0	0
MV-4122_S12__NODE_2192_length_6001_cov_8.073663	6001	0	0
MV-4125_S18__NODE_2092_length_5999_cov_16.560061	5999	0	0
MV-4125_S18__NODE_2093_length_5999_cov_6.972914	5999	0	0
cell-4122-0-44_S10__NODE_428_length_5999_cov_9.494448	5999	0	0
Biragzang__NODE_2195_length_5998_cov_12.758876	5998	0	0
MV-4122_S12__NODE_2193_length_5998_cov_10.039206	5998	0	0
cell-4122-0-44_S10__NODE_429_length_5998_cov_43.236244	5998	0	0
cell-4125-0-44_S16__NODE_411_length_5998_cov_5.852095	5998	7	0
Biragzang__NODE_2196_length_5997_cov_9.844160	5997	0	0
cell-4122-0-44_S10__NODE_430_length_5996_cov_618.122538	5996	0	0
cell-4122-0-44_S10__NODE_431_length_5996_cov_19.389328	5996	0	0
MV-4125_S18__NODE_2095_length_5995_cov_19.798485	5995	0	0
Biragzang__NODE_2197_length_5994_cov_4.869675	5994	0	0
Biragzang__NODE_2198_length_5993_cov_6.673291	5993	0	0
MV-4128_S29__NODE_1075_length_5993_cov_24.909229	5993	0	0
cell-4125-0-44_S16__NODE_412_length_5993_cov_9.487538	5993	4	0
cell-4125-0-44_S16__NODE_413_length_5993_cov_5.292018	5993	0	0
Biragzang__NODE_2199_length_5992_cov_15.499747	5992	0	0
cell-4125-0-44_S16__NODE_414_length_5992_cov_5.961260	5992	0	0
Biragzang__NODE_2200_length_5990_cov_9.484414	5990	37	0
Biragzang__NODE_2201_length_5990_cov_7.189553	5990	0	0
MV-4125_S18__NODE_2096_length_5990_cov_20.379612	5990	0	0
MV-4128_S29__NODE_1076_length_5990_cov_7.787026	5990	0	0
cell-4125-0-44_S16__NODE_415_length_5990_cov_8.686773	5990	0	0
MV-4128_S29__NODE_1077_length_5986_cov_6.178722	5986	0	0
MV-4125_S18__NODE_2098_length_5985_cov_6.961046	5985	0	0
Biragzang__NODE_2202_length_5984_cov_57.974026	5984	290	0
MV-4122_S12__NODE_2194_length_5984_cov_81.068477	5984	0	0
Biragzang__NODE_2203_length_5983_cov_16.792510	5983	0	0
Biragzang__NODE_2204_length_5982_cov_9.947191	5982	2	0
Biragzang__NODE_2205_length_5982_cov_6.409988	5982	0	0
MV-4125_S18__NODE_2101_length_5982_cov_7.006749	5982	0	0
Biragzang__NODE_2206_length_5981_cov_10.245697	5981	22	0
Biragzang__NODE_2207_length_5981_cov_9.950726	5981	0	0
MV-4125_S18__NODE_2102_length_5980_cov_6.806751	5980	0	0
cell-4122-0-44_S10__NODE_432_length_5978_cov_44.644268	5978	0	0
cell-4125-0-44_S16__NODE_416_length_5978_cov_10.427824	5978	0	0
cell-4125-0-44_S16__NODE_417_length_5978_cov_6.417356	5978	0	0
MV-4125_S18__NODE_2103_length_5977_cov_15.816616	5977	0	0
cell-4122-0-44_S10__NODE_433_length_5977_cov_18.899865	5977	0	0
cell-4125-0-44_S16__NODE_418_length_5977_cov_11.933975	5977	0	0
Biragzang__NODE_2208_length_5976_cov_13.507178	5976	445	0
Biragzang__NODE_2209_length_5976_cov_8.440128	5976	2	0
MV-4122_S12__NODE_2196_length_5976_cov_7.843270	5976	0	0
MV-4122_S12__NODE_2197_length_5975_cov_12.283953	5975	0	0
Biragzang__NODE_2210_length_5974_cov_10.594357	5974	386	0
cell-4125-0-44_S16__NODE_420_length_5973_cov_6.812268	5973	0	0
MV-4125_S18__NODE_2105_length_5971_cov_7.153313	5971	0	0
MV-4125_S18__NODE_2106_length_5971_cov_6.480223	5971	0	0
MV-4122_S12__NODE_2198_length_5970_cov_9.755368	5970	0	0
MV-4122_S12__NODE_2199_length_5970_cov_4.344548	5970	0	0
MV-4125_S18__NODE_2107_length_5969_cov_6.812479	5969	0	0
MV-4128_S29__NODE_1078_length_5969_cov_4.838688	5969	14	0
cell-4125-0-44_S16__NODE_421_length_5969_cov_5.515894	5969	0	0
MV-4122_S12__NODE_2201_length_5968_cov_8.846609	5968	0	0
Biragzang__NODE_2211_length_5967_cov_10.821888	5967	0	0
MV-4122_S12__NODE_2202_length_5967_cov_10.133627	5967	0	0
Biragzang__NODE_2212_length_5966_cov_7.856031	5966	0	0
Biragzang__NODE_2213_length_5966_cov_6.366605	5966	0	0
MV-4128_S29__NODE_1079_length_5966_cov_18.606835	5966	0	0
MV-4128_S29__NODE_1080_length_5966_cov_10.834715	5966	0	0
Biragzang__NODE_2214_length_5965_cov_10.031303	5965	13	0
Biragzang__NODE_2215_length_5965_cov_9.869543	5965	14	0
MV-4122_S12__NODE_2203_length_5965_cov_59.214213	5965	0	0
MV-4122_S12__NODE_2204_length_5964_cov_26.431376	5964	0	0
MV-4128_S29__NODE_1081_length_5963_cov_4.947190	5963	4	0
Biragzang__NODE_2216_length_5962_cov_10.007449	5962	14	0
Biragzang__NODE_2217_length_5961_cov_12.638165	5961	0	0
Biragzang__NODE_2218_length_5961_cov_12.440061	5961	0	0
MV-4122_S12__NODE_2205_length_5961_cov_9.683034	5961	0	0
Biragzang__NODE_2219_length_5960_cov_7.439627	5960	0	0
Biragzang__NODE_2220_length_5958_cov_7.331188	5958	0	0
MV-4122_S12__NODE_2207_length_5958_cov_14.683043	5958	0	0
MV-4122_S12__NODE_2208_length_5958_cov_5.676436	5958	0	0
MV-4125_S18__NODE_2109_length_5958_cov_6.721836	5958	0	0
cell-4125-0-44_S16__NODE_422_length_5958_cov_5.714891	5958	0	0
Biragzang__NODE_2221_length_5956_cov_8.642433	5956	0	0
cell-4125-0-44_S16__NODE_423_length_5956_cov_6.851551	5956	0	0
cell-4122-0-44_S10__NODE_434_length_5955_cov_14.810508	5955	0	0
MV-4122_S12__NODE_2209_length_5954_cov_24.219529	5954	0	0
MV-4128_S29__NODE_1082_length_5954_cov_29.414986	5954	0	0
cell-4122-0-44_S10__NODE_435_length_5953_cov_13.315531	5953	0	0
Biragzang__NODE_2222_length_5952_cov_6.778701	5952	0	0
MV-4122_S12__NODE_2210_length_5952_cov_9.334746	5952	0	0
MV-4125_S18__NODE_2111_length_5952_cov_5.661353	5952	0	0
MV-4122_S12__NODE_2211_length_5951_cov_24.335482	5951	0	0
MV-4122_S12__NODE_2212_length_5951_cov_17.364824	5951	0	0
Biragzang__NODE_2223_length_5949_cov_10.235833	5949	31	0
MV-4122_S12__NODE_2213_length_5949_cov_8.816763	5949	0	0
MV-4125_S18__NODE_2114_length_5949_cov_4.670682	5949	0	0
cell-4122-0-44_S10__NODE_436_length_5949_cov_20.518493	5949	0	0
Biragzang__NODE_2224_length_5948_cov_14.461565	5948	0	0
Biragzang__NODE_2225_length_5948_cov_11.163584	5948	0	0
Biragzang__NODE_2226_length_5948_cov_10.509927	5948	14	0
MV-4125_S18__NODE_2115_length_5947_cov_9.998303	5947	0	0
MV-4128_S29__NODE_1084_length_5947_cov_10.676171	5947	0	0
cell-4122-0-44_S10__NODE_437_length_5947_cov_9.944671	5947	0	0
Biragzang__NODE_2227_length_5946_cov_7.630114	5946	0	0
Biragzang__NODE_2228_length_5941_cov_38.544682	5941	0	0
cell-4122-0-44_S10__NODE_438_length_5941_cov_9.341998	5941	0	0
Biragzang__NODE_2229_length_5940_cov_13.517077	5940	0	0
MV-4122_S12__NODE_2215_length_5939_cov_6.666723	5939	0	0
MV-4128_S29__NODE_1086_length_5935_cov_16.396599	5935	0	0
MV-4128_S29__NODE_1087_length_5933_cov_9.086254	5933	6	0
Biragzang__NODE_2230_length_5931_cov_4.538291	5931	0	0
cell-4125-0-44_S16__NODE_424_length_5930_cov_8.629617	5930	0	0
Biragzang__NODE_2231_length_5929_cov_6.257235	5929	0	0
Biragzang__NODE_2232_length_5928_cov_50.890346	5928	0	0
Biragzang__NODE_2233_length_5927_cov_17.788999	5927	0	0
Biragzang__NODE_2234_length_5927_cov_11.937841	5927	11	0
Biragzang__NODE_2235_length_5926_cov_12.321581	5926	50	0
Biragzang__NODE_2236_length_5926_cov_6.659002	5926	0	0
MV-4122_S12__NODE_2216_length_5926_cov_10.634134	5926	0	0
MV-4128_S29__NODE_1088_length_5926_cov_10.560722	5926	0	0
Biragzang__NODE_2237_length_5925_cov_13.242760	5925	0	0
Biragzang__NODE_2238_length_5925_cov_12.802896	5925	4	0
cell-4125-0-22_S17__NODE_8_length_5925_cov_12.072061	5925	0	0
MV-4125_S18__NODE_2120_length_5923_cov_18.609237	5923	0	0
cell-4122-0-44_S10__NODE_439_length_5923_cov_13.905249	5923	0	0
cell-4125-0-44_S16__NODE_425_length_5923_cov_6.036980	5923	0	0
Biragzang__NODE_2239_length_5922_cov_6.251236	5922	0	0
MV-4128_S29__NODE_1089_length_5922_cov_23.707517	5922	0	0
cell-4122-0-44_S10__NODE_440_length_5922_cov_9.601670	5922	0	0
cell-4122-0-44_S10__NODE_441_length_5921_cov_22.733890	5921	0	0
cell-4122-0-44_S10__NODE_442_length_5921_cov_11.142346	5921	0	0
Biragzang__NODE_2240_length_5920_cov_29.758227	5920	1	0
Biragzang__NODE_2241_length_5920_cov_8.401705	5920	3	0
cell-4122-0-44_S10__NODE_443_length_5920_cov_41.641091	5920	0	0
Biragzang__NODE_2242_length_5919_cov_8.420532	5919	295	0
MV-4125_S18__NODE_2121_length_5919_cov_10.693042	5919	0	0
Biragzang__NODE_2243_length_5917_cov_13.096213	5917	0	0
MV-4128_S29__NODE_1091_length_5917_cov_18.273286	5917	0	0
MV-4128_S29__NODE_1092_length_5915_cov_12.582594	5915	0	0
MV-4122_S12__NODE_2217_length_5914_cov_5.840075	5914	0	0
MV-4122_S12__NODE_2218_length_5913_cov_94.720212	5913	1	0
MV-4125_S18__NODE_2125_length_5913_cov_5.914476	5913	0	0
cell-4122-0-44_S10__NODE_444_length_5913_cov_7.721407	5913	0	0
Biragzang__NODE_2244_length_5912_cov_18.326276	5912	653	0
Biragzang__NODE_2245_length_5912_cov_17.408742	5912	0	0
MV-4128_S29__NODE_1093_length_5912_cov_6.238006	5912	4	0
MV-4128_S29__NODE_1094_length_5911_cov_4.726264	5911	0	0
cell-4125-0-44_S16__NODE_426_length_5911_cov_6.661885	5911	0	0
Biragzang__NODE_2246_length_5910_cov_8.606319	5910	0	0
MV-4128_S29__NODE_1095_length_5908_cov_7.276781	5908	0	0
Biragzang__NODE_2247_length_5907_cov_43.122522	5907	90	0
MV-4122_S12__NODE_2219_length_5907_cov_20.471805	5907	0	0
Biragzang__NODE_2248_length_5906_cov_11.990429	5906	0	0
cell-4125-0-44_S16__NODE_427_length_5906_cov_9.507606	5906	0	0
Biragzang__NODE_2249_length_5905_cov_5.020684	5905	0	0
cell-4125-0-22_S17__NODE_9_length_5905_cov_12.392650	5905	0	0
MV-4125_S18__NODE_2129_length_5903_cov_8.671683	5903	0	0
MV-4125_S18__NODE_2130_length_5903_cov_7.836012	5903	0	0
cell-4122-0-44_S10__NODE_445_length_5903_cov_14.690663	5903	0	0
MV-4128_S29__NODE_1096_length_5902_cov_6.610741	5902	0	0
MV-4125_S18__NODE_2131_length_5901_cov_9.463052	5901	0	0
MV-4128_S29__NODE_1097_length_5901_cov_17.133767	5901	0	0
cell-4125-0-44_S16__NODE_430_length_5901_cov_6.615635	5901	0	0
cell-4125-0-44_S16__NODE_431_length_5900_cov_8.729170	5900	0	0
MV-4125_S18__NODE_2132_length_5899_cov_23.937372	5899	0	0
Biragzang__NODE_2250_length_5898_cov_16.453534	5898	0	0
Biragzang__NODE_2251_length_5898_cov_5.341776	5898	0	0
cell-4125-0-44_S16__NODE_432_length_5897_cov_5.770284	5897	0	0
cell-4125-0-44_S16__NODE_433_length_5896_cov_5.910803	5896	4	0
MV-4125_S18__NODE_2136_length_5895_cov_23.348801	5895	0	0
MV-4128_S29__NODE_1098_length_5895_cov_13.268836	5895	0	0
Biragzang__NODE_2252_length_5894_cov_5.575955	5894	0	0
MV-4122_S12__NODE_2221_length_5894_cov_9.232403	5894	0	0
Biragzang__NODE_2253_length_5893_cov_5.217883	5893	0	0
MV-4125_S18__NODE_2138_length_5893_cov_14.536999	5893	0	0
cell-4125-0-44_S16__NODE_434_length_5893_cov_6.116478	5893	6	0
cell-4125-0-44_S16__NODE_435_length_5893_cov_5.747688	5893	0	0
MV-4122_S12__NODE_2222_length_5892_cov_7.925818	5892	0	0
MV-4125_S18__NODE_2139_length_5892_cov_8.089943	5892	0	0
MV-4125_S18__NODE_2140_length_5892_cov_4.457941	5892	0	0
MV-4125_S18__NODE_2141_length_5891_cov_63.463160	5891	0	0
cell-4125-0-44_S16__NODE_436_length_5891_cov_6.046436	5891	0	0
Biragzang__NODE_2254_length_5890_cov_6.565553	5890	0	0
MV-4125_S18__NODE_2143_length_5890_cov_8.051585	5890	0	0
MV-4128_S29__NODE_1099_length_5890_cov_14.187661	5890	0	0
cell-4125-0-44_S16__NODE_437_length_5890_cov_9.111054	5890	0	0
MV-4122_S12__NODE_2223_length_5888_cov_12.062575	5888	0	0
Biragzang__NODE_2255_length_5887_cov_10.294582	5887	317	0
MV-4128_S29__NODE_1100_length_5887_cov_26.733539	5887	0	0
Biragzang__NODE_2256_length_5886_cov_50.229120	5886	0	0
Biragzang__NODE_2257_length_5886_cov_33.641056	5886	104	0
MV-4122_S12__NODE_2224_length_5886_cov_21.770880	5886	0	0
Biragzang__NODE_2258_length_5885_cov_6.096741	5885	0	0
MV-4122_S12__NODE_2225_length_5885_cov_8.203087	5885	0	0
cell-4122-0-44_S10__NODE_446_length_5883_cov_14.960021	5883	0	0
Biragzang__NODE_2259_length_5882_cov_27.713746	5882	79	0
Biragzang__NODE_2260_length_5880_cov_31.866266	5880	0	0
MV-4122_S12__NODE_2227_length_5880_cov_4.118970	5880	0	0
cell-4122-0-44_S10__NODE_447_length_5880_cov_9.699571	5880	0	0
cell-4125-0-44_S16__NODE_438_length_5880_cov_8.852876	5880	0	0
MV-4122_S12__NODE_2228_length_5879_cov_22.944883	5879	0	0
cell-4125-0-44_S16__NODE_439_length_5879_cov_6.814560	5879	10	0
Biragzang__NODE_2261_length_5878_cov_8.240598	5878	48	0
MV-4125_S18__NODE_2147_length_5878_cov_11.041216	5878	0	0
MV-4125_S18__NODE_2150_length_5877_cov_7.604431	5877	0	0
cell-4125-0-44_S16__NODE_440_length_5877_cov_10.211439	5877	0	0
MV-4122_S12__NODE_2229_length_5876_cov_11.401477	5876	0	0
MV-4125_S18__NODE_2151_length_5876_cov_10.677203	5876	0	0
MV-4125_S18__NODE_2152_length_5875_cov_19.982818	5875	0	0
MV-4125_S18__NODE_2153_length_5875_cov_12.491753	5875	0	0
Biragzang__NODE_2262_length_5874_cov_34.086269	5874	127	0
Biragzang__NODE_2263_length_5874_cov_7.735350	5874	25	0
MV-4122_S12__NODE_2230_length_5874_cov_9.092456	5874	0	0
MV-4122_S12__NODE_2231_length_5874_cov_7.245403	5874	0	0
MV-4125_S18__NODE_2154_length_5874_cov_7.296615	5874	0	0
MV-4122_S12__NODE_2232_length_5873_cov_32.427982	5873	0	0
MV-4122_S12__NODE_2233_length_5873_cov_11.148505	5873	0	0
MV-4128_S29__NODE_1101_length_5873_cov_23.037986	5873	0	0
MV-4128_S29__NODE_1102_length_5873_cov_14.779821	5873	0	0
cell-4125-0-44_S16__NODE_441_length_5873_cov_6.494500	5873	0	0
Biragzang__NODE_2264_length_5872_cov_52.058106	5872	1	0
MV-4125_S18__NODE_2155_length_5872_cov_23.397112	5872	0	0
MV-4128_S29__NODE_1103_length_5872_cov_23.591886	5872	0	0
Biragzang__NODE_2265_length_5871_cov_11.814649	5871	0	0
Biragzang__NODE_2266_length_5869_cov_57.410733	5869	188	0
cell-4125-0-44_S16__NODE_442_length_5869_cov_10.754214	5869	4	0
Biragzang__NODE_2267_length_5868_cov_9.115947	5868	24	0
Biragzang__NODE_2268_length_5866_cov_7.205989	5866	2	0
Biragzang__NODE_2269_length_5866_cov_6.022199	5866	0	0
MV-4122_S12__NODE_2234_length_5865_cov_12.243201	5865	0	0
cell-4125-0-44_S16__NODE_443_length_5865_cov_11.213253	5865	0	0
Biragzang__NODE_2270_length_5864_cov_5.962128	5864	0	0
MV-4128_S29__NODE_1104_length_5864_cov_20.736788	5864	0	0
Biragzang__NODE_2271_length_5863_cov_12.408747	5863	409	0
cell-4122-0-44_S10__NODE_448_length_5862_cov_35.900809	5862	0	0
Biragzang__NODE_2272_length_5861_cov_6.498622	5861	0	0
MV-4128_S29__NODE_1105_length_5861_cov_6.694282	5861	0	0
MV-4122_S12__NODE_2236_length_5860_cov_3.669595	5860	0	0
cell-4122-0-44_S10__NODE_449_length_5860_cov_13.964169	5860	0	0
Biragzang__NODE_2273_length_5858_cov_8.387558	5858	28	0
MV-4122_S12__NODE_2237_length_5858_cov_7.198346	5858	0	0
MV-4128_S29__NODE_1106_length_5858_cov_4.714803	5858	0	0
cell-4122-0-44_S10__NODE_450_length_5858_cov_14.805962	5858	0	0
Biragzang__NODE_2274_length_5857_cov_26.548604	5857	0	0
MV-4128_S29__NODE_1107_length_5857_cov_16.419855	5857	0	0
Biragzang__NODE_2275_length_5856_cov_10.319772	5856	3	0
Biragzang__NODE_2276_length_5856_cov_5.056887	5856	0	0
Biragzang__NODE_2277_length_5856_cov_4.061541	5856	0	0
MV-4128_S29__NODE_1108_length_5856_cov_22.874849	5856	0	0
cell-4125-0-44_S16__NODE_444_length_5856_cov_6.299086	5856	0	0
MV-4122_S12__NODE_2238_length_5855_cov_9.909828	5855	0	0
cell-4125-0-44_S16__NODE_445_length_5854_cov_11.509226	5854	0	0
Biragzang__NODE_2278_length_5853_cov_40.872025	5853	0	0
Biragzang__NODE_2279_length_5853_cov_8.206278	5853	0	0
MV-4122_S12__NODE_2239_length_5853_cov_12.090721	5853	0	0
MV-4122_S12__NODE_2240_length_5852_cov_10.262550	5852	0	0
MV-4125_S18__NODE_2159_length_5852_cov_6.344834	5852	0	0
cell-4125-0-44_S16__NODE_446_length_5852_cov_14.149215	5852	0	0
MV-4122_S12__NODE_2241_length_5849_cov_4.186918	5849	0	0
MV-4128_S29__NODE_1109_length_5849_cov_12.068347	5849	0	0
Biragzang__NODE_2280_length_5848_cov_9.931469	5848	0	0
Biragzang__NODE_2281_length_5847_cov_11.507079	5847	0	0
Biragzang__NODE_2282_length_5846_cov_16.033500	5846	0	0
cell-4125-0-44_S16__NODE_448_length_5846_cov_9.089795	5846	0	0
MV-4128_S29__NODE_1110_length_5845_cov_34.492746	5845	0	0
cell-4125-0-44_S16__NODE_449_length_5845_cov_5.614508	5845	4	0
MV-4128_S29__NODE_1111_length_5844_cov_14.595612	5844	0	0
Biragzang__NODE_2283_length_5843_cov_8.011921	5843	4	0
MV-4122_S12__NODE_2242_length_5843_cov_5.220111	5843	0	0
Biragzang__NODE_2284_length_5842_cov_9.063072	5842	0	0
cell-4125-0-44_S16__NODE_450_length_5842_cov_11.885606	5842	0	0
cell-4122-0-44_S10__NODE_451_length_5841_cov_7.397684	5841	0	0
cell-4125-0-44_S16__NODE_451_length_5841_cov_6.424646	5841	0	0
cell-4125-0-44_S16__NODE_452_length_5840_cov_4.760415	5840	0	0
Biragzang__NODE_2285_length_5839_cov_43.396957	5839	0	0
Biragzang__NODE_2286_length_5838_cov_9.592253	5838	248	0
Biragzang__NODE_2287_length_5836_cov_13.850199	5836	451	0
MV-4122_S12__NODE_2243_length_5836_cov_8.769590	5836	0	0
cell-4122-0-44_S10__NODE_452_length_5835_cov_7.049654	5835	0	0
MV-4122_S12__NODE_2244_length_5834_cov_18.374632	5834	0	0
Biragzang__NODE_2288_length_5833_cov_13.507269	5833	0	0
Biragzang__NODE_2289_length_5833_cov_6.108861	5833	0	0
Biragzang__NODE_2290_length_5832_cov_17.564134	5832	0	0
Biragzang__NODE_2291_length_5832_cov_9.126363	5832	4	0
Biragzang__NODE_2292_length_5831_cov_23.992209	5831	86	0
MV-4122_S12__NODE_2245_length_5830_cov_4.876017	5830	0	0
cell-4125-0-44_S16__NODE_453_length_5828_cov_9.401005	5828	0	0
Biragzang__NODE_2293_length_5827_cov_38.386521	5827	0	0
Biragzang__NODE_2294_length_5825_cov_6.448007	5825	0	0
MV-4122_S12__NODE_2246_length_5825_cov_4.250087	5825	0	0
MV-4128_S29__NODE_1112_length_5825_cov_10.877990	5825	0	0
Biragzang__NODE_2295_length_5824_cov_13.822673	5824	0	0
Biragzang__NODE_2296_length_5824_cov_6.081470	5824	0	0
Biragzang__NODE_2297_length_5823_cov_31.847434	5823	0	0
Biragzang__NODE_2298_length_5822_cov_58.611063	5822	135	0
Biragzang__NODE_2299_length_5822_cov_7.135426	5822	32	0
cell-4122-0-44_S10__NODE_453_length_5822_cov_4.118953	5822	0	0
MV-4122_S12__NODE_2247_length_5821_cov_9.969476	5821	0	0
Biragzang__NODE_2300_length_5820_cov_16.134258	5820	0	0
MV-4122_S12__NODE_2248_length_5820_cov_7.484302	5820	0	0
MV-4128_S29__NODE_1113_length_5820_cov_5.866435	5820	0	0
Biragzang__NODE_2301_length_5817_cov_6.822284	5817	0	0
MV-4122_S12__NODE_2249_length_5816_cov_8.141121	5816	0	0
Biragzang__NODE_2302_length_5815_cov_7.802604	5815	1	0
Biragzang__NODE_2303_length_5814_cov_13.570238	5814	26	0
Biragzang__NODE_2304_length_5814_cov_5.171558	5814	14	0
MV-4122_S12__NODE_2250_length_5814_cov_6.119465	5814	0	0
Biragzang__NODE_2305_length_5813_cov_19.243314	5813	0	0
Biragzang__NODE_2306_length_5813_cov_6.984891	5813	0	0
MV-4125_S18__NODE_2171_length_5813_cov_76.989927	5813	0	0
MV-4125_S18__NODE_2172_length_5813_cov_6.675755	5813	0	0
cell-4125-0-44_S16__NODE_454_length_5812_cov_10.475074	5812	0	0
Biragzang__NODE_2307_length_5811_cov_7.118833	5811	0	0
MV-4125_S18__NODE_2174_length_5811_cov_6.972203	5811	0	0
MV-4122_S12__NODE_2251_length_5810_cov_210.177411	5810	0	0
Biragzang__NODE_2308_length_5809_cov_5.299270	5809	0	0
MV-4122_S12__NODE_2252_length_5808_cov_21.621763	5808	0	0
MV-4125_S18__NODE_2175_length_5808_cov_10.440292	5808	0	0
MV-4128_S29__NODE_1115_length_5806_cov_12.513302	5806	0	0
MV-4122_S12__NODE_2253_length_5805_cov_13.948522	5805	0	0
cell-4125-0-44_S16__NODE_456_length_5805_cov_8.682087	5805	0	0
Biragzang__NODE_2309_length_5804_cov_15.354322	5804	0	0
Biragzang__NODE_2310_length_5804_cov_9.218821	5804	0	0
Biragzang__NODE_2311_length_5804_cov_6.883458	5804	0	0
Biragzang__NODE_2312_length_5803_cov_14.258525	5803	516	0
Biragzang__NODE_2313_length_5802_cov_11.357926	5802	12	0
MV-4122_S12__NODE_2254_length_5802_cov_8.194362	5802	0	0
MV-4122_S12__NODE_2255_length_5802_cov_5.396033	5802	0	0
cell-4122-0-44_S10__NODE_454_length_5802_cov_30.111884	5802	0	0
cell-4125-0-44_S16__NODE_458_length_5802_cov_6.905168	5802	2	0
Biragzang__NODE_2314_length_5801_cov_7.493735	5801	18	0
cell-4122-0-44_S10__NODE_455_length_5801_cov_34.639575	5801	0	0
MV-4122_S12__NODE_2256_length_5800_cov_7.992341	5800	0	0
cell-4122-0-44_S10__NODE_456_length_5800_cov_1156.660400	5800	0	0
Biragzang__NODE_2315_length_5798_cov_6.639561	5798	0	0
MV-4125_S18__NODE_2177_length_5798_cov_13.933136	5798	0	0
cell-4122-0-44_S10__NODE_457_length_5798_cov_14.315863	5798	0	0
Biragzang__NODE_2316_length_5797_cov_5.397771	5797	0	0
MV-4122_S12__NODE_2257_length_5797_cov_52.872518	5797	0	0
MV-4128_S29__NODE_1117_length_5797_cov_15.841519	5797	0	0
MV-4128_S29__NODE_1118_length_5797_cov_13.306339	5797	0	0
MV-4125_S18__NODE_2178_length_5796_cov_7.006967	5796	0	0
MV-4122_S12__NODE_2258_length_5795_cov_24.306620	5795	0	0
MV-4122_S12__NODE_2259_length_5795_cov_7.925784	5795	0	0
Biragzang__NODE_2317_length_5794_cov_8.102631	5794	0	0
Biragzang__NODE_2318_length_5793_cov_8.793656	5793	42	0
Biragzang__NODE_2319_length_5793_cov_7.709481	5793	28	0
MV-4125_S18__NODE_2179_length_5792_cov_7.810005	5792	0	0
MV-4128_S29__NODE_1119_length_5792_cov_15.334495	5792	0	0
Biragzang__NODE_2320_length_5790_cov_7.405057	5790	0	0
MV-4122_S12__NODE_2260_length_5790_cov_25.721186	5790	0	0
Biragzang__NODE_2321_length_5788_cov_31.241584	5788	0	0
cell-4122-0-44_S10__NODE_458_length_5788_cov_9.878423	5788	0	0
cell-4125-0-44_S16__NODE_459_length_5788_cov_14.214373	5788	0	0
Biragzang__NODE_2322_length_5787_cov_45.585834	5787	0	0
MV-4122_S12__NODE_2261_length_5785_cov_30.386562	5785	0	0
MV-4122_S12__NODE_2262_length_5785_cov_10.649215	5785	0	0
Biragzang__NODE_2323_length_5784_cov_6.283819	5784	0	0
cell-4125-0-44_S16__NODE_460_length_5784_cov_5.885669	5784	0	0
Biragzang__NODE_2324_length_5783_cov_36.890363	5783	0	0
MV-4122_S12__NODE_2263_length_5783_cov_4.361208	5783	0	0
cell-4125-0-44_S16__NODE_461_length_5783_cov_21.039106	5783	0	0
MV-4122_S12__NODE_2264_length_5782_cov_39.247075	5782	0	0
MV-4122_S12__NODE_2265_length_5782_cov_9.957395	5782	0	0
MV-4128_S29__NODE_1121_length_5782_cov_26.810896	5782	0	0
Biragzang__NODE_2325_length_5781_cov_34.933811	5781	2	0
Biragzang__NODE_2326_length_5781_cov_6.365700	5781	0	0
cell-4125-0-44_S16__NODE_462_length_5780_cov_9.553013	5780	0	0
Biragzang__NODE_2327_length_5779_cov_6.546296	5779	0	0
Biragzang__NODE_2328_length_5779_cov_5.794724	5779	0	0
cell-4125-0-44_S16__NODE_463_length_5778_cov_6.803774	5778	0	0
MV-4125_S18__NODE_2183_length_5776_cov_6.675581	5776	0	0
MV-4125_S18__NODE_2184_length_5775_cov_8.454371	5775	0	0
MV-4128_S29__NODE_1122_length_5775_cov_8.884441	5775	0	0
Biragzang__NODE_2329_length_5774_cov_14.174681	5774	0	0
MV-4122_S12__NODE_2267_length_5774_cov_12.965204	5774	0	0
Biragzang__NODE_2330_length_5772_cov_6.398286	5772	0	0
MV-4122_S12__NODE_2268_length_5772_cov_15.340388	5772	0	0
Biragzang__NODE_2331_length_5771_cov_20.107768	5771	85	0
Biragzang__NODE_2332_length_5771_cov_15.447166	5771	0	0
MV-4122_S12__NODE_2269_length_5769_cov_14.584179	5769	0	0
Biragzang__NODE_2333_length_5768_cov_5.780676	5768	0	0
Biragzang__NODE_2334_length_5768_cov_5.706809	5768	0	0
Biragzang__NODE_2335_length_5767_cov_8.013480	5767	29	0
MV-4122_S12__NODE_2270_length_5767_cov_9.444678	5767	0	0
Biragzang__NODE_2336_length_5766_cov_6.833304	5766	0	0
Biragzang__NODE_2337_length_5766_cov_5.391175	5766	0	0
MV-4122_S12__NODE_2271_length_5765_cov_14.367601	5765	0	0
Biragzang__NODE_2338_length_5764_cov_10.898932	5764	385	0
Biragzang__NODE_2339_length_5763_cov_31.918711	5763	112	0
Biragzang__NODE_2340_length_5763_cov_7.148388	5763	0	0
cell-4125-0-44_S16__NODE_465_length_5763_cov_7.845305	5763	0	0
MV-4128_S29__NODE_1125_length_5762_cov_6.087962	5762	10	0
cell-4125-0-44_S16__NODE_466_length_5762_cov_9.132469	5762	0	0
Biragzang__NODE_2341_length_5761_cov_42.934805	5761	0	0
cell-4125-0-44_S16__NODE_467_length_5761_cov_7.282510	5761	0	0
MV-4122_S12__NODE_2273_length_5760_cov_9.433304	5760	0	0
Biragzang__NODE_2342_length_5759_cov_6.271739	5759	0	0
MV-4122_S12__NODE_2274_length_5759_cov_4.716690	5759	0	0
cell-4122-0-44_S10__NODE_459_length_5759_cov_9.809081	5759	0	0
MV-4122_S12__NODE_2275_length_5758_cov_8.281255	5758	0	0
cell-4122-0-44_S10__NODE_460_length_5758_cov_11.159565	5758	0	0
Biragzang__NODE_2343_length_5757_cov_12.435637	5757	441	0
Biragzang__NODE_2344_length_5757_cov_5.868292	5757	0	0
cell-4122-0-44_S10__NODE_461_length_5757_cov_10.925289	5757	0	0
Biragzang__NODE_2345_length_5756_cov_28.363620	5756	0	0
Biragzang__NODE_2346_length_5756_cov_6.205227	5756	0	0
Biragzang__NODE_2347_length_5756_cov_6.106999	5756	0	0
cell-4122-0-44_S10__NODE_462_length_5756_cov_35.074198	5756	0	0
MV-4122_S12__NODE_2276_length_5754_cov_8.702755	5754	0	0
Biragzang__NODE_2348_length_5753_cov_12.151281	5753	6	0
Biragzang__NODE_2349_length_5752_cov_45.969984	5752	0	0
Biragzang__NODE_2350_length_5752_cov_31.097069	5752	0	0
MV-4122_S12__NODE_2277_length_5752_cov_7.692996	5752	0	0
MV-4125_S18__NODE_2192_length_5752_cov_8.043356	5752	0	0
cell-4122-0-44_S10__NODE_463_length_5752_cov_15.439354	5752	0	0
Biragzang__NODE_2351_length_5751_cov_18.580056	5751	0	0
MV-4122_S12__NODE_2278_length_5751_cov_8.752107	5751	0	0
MV-4125_S18__NODE_2193_length_5751_cov_7.701545	5751	0	0
cell-4125-0-44_S16__NODE_468_length_5751_cov_4.547928	5751	0	0
Biragzang__NODE_2352_length_5750_cov_6.687094	5750	0	0
MV-4122_S12__NODE_2279_length_5750_cov_88.295874	5750	0	0
MV-4122_S12__NODE_2280_length_5750_cov_12.064794	5750	0	0
MV-4122_S12__NODE_2281_length_5749_cov_11.743941	5749	0	0
cell-4122-0-44_S10__NODE_464_length_5749_cov_17.509132	5749	0	0
cell-4125-0-44_S16__NODE_470_length_5749_cov_6.319810	5749	0	0
Biragzang__NODE_2353_length_5747_cov_8.862614	5747	22	0
MV-4125_S18__NODE_2196_length_5747_cov_20.647224	5747	2	0
Biragzang__NODE_2354_length_5745_cov_9.008963	5745	25	0
MV-4125_S18__NODE_2198_length_5742_cov_9.642342	5742	0	0
Biragzang__NODE_2355_length_5741_cov_44.855259	5741	0	0
MV-4122_S12__NODE_2283_length_5740_cov_8.710994	5740	0	0
Biragzang__NODE_2356_length_5739_cov_7.080929	5739	0	0
MV-4122_S12__NODE_2284_length_5738_cov_26.133908	5738	0	0
Biragzang__NODE_2357_length_5737_cov_24.021471	5737	0	0
cell-4122-0-44_S10__NODE_465_length_5736_cov_24.121105	5736	0	0
Biragzang__NODE_2358_length_5732_cov_47.326052	5732	0	0
Biragzang__NODE_2359_length_5732_cov_25.418707	5732	0	0
Biragzang__NODE_2360_length_5732_cov_15.094945	5732	0	0
MV-4128_S29__NODE_1128_length_5732_cov_13.925841	5732	0	0
cell-4125-0-44_S16__NODE_471_length_5732_cov_10.168223	5732	0	0
cell-4122-0-44_S10__NODE_466_length_5731_cov_13.020613	5731	0	0
cell-4125-0-44_S16__NODE_472_length_5731_cov_4.451903	5731	0	0
Biragzang__NODE_2361_length_5730_cov_9.256035	5730	4	0
Biragzang__NODE_2362_length_5729_cov_9.176595	5729	8	0
MV-4125_S18__NODE_2201_length_5729_cov_18.078780	5729	0	0
MV-4128_S29__NODE_1129_length_5729_cov_21.657913	5729	2	0
MV-4125_S18__NODE_2202_length_5728_cov_7.761854	5728	0	0
MV-4125_S18__NODE_2203_length_5726_cov_28.391289	5726	0	0
cell-4125-0-44_S16__NODE_473_length_5726_cov_8.926292	5726	0	0
cell-4122-0-44_S10__NODE_467_length_5725_cov_66.723810	5725	0	0
Biragzang__NODE_2363_length_5724_cov_35.962427	5724	0	0
MV-4122_S12__NODE_2286_length_5724_cov_19.791674	5724	0	0
MV-4125_S18__NODE_2206_length_5724_cov_7.853590	5724	0	0
MV-4125_S18__NODE_2207_length_5724_cov_6.629212	5724	0	0
MV-4128_S29__NODE_1130_length_5724_cov_22.414182	5724	0	0
Biragzang__NODE_2364_length_5723_cov_7.517114	5723	0	0
Biragzang__NODE_2365_length_5722_cov_6.774484	5722	0	0
MV-4122_S12__NODE_2288_length_5722_cov_6.282336	5722	0	0
MV-4125_S18__NODE_2208_length_5722_cov_6.725428	5722	0	0
cell-4122-0-44_S10__NODE_468_length_5722_cov_41.257279	5722	0	0
MV-4125_S18__NODE_2209_length_5721_cov_5.740911	5721	0	0
MV-4125_S18__NODE_2210_length_5720_cov_31.617652	5720	0	0
cell-4122-0-44_S10__NODE_469_length_5719_cov_15.673199	5719	0	0
Biragzang__NODE_2366_length_5718_cov_12.628112	5718	0	0
Biragzang__NODE_2367_length_5718_cov_9.743069	5718	1	0
Biragzang__NODE_2368_length_5716_cov_9.299064	5716	2	0
cell-4125-0-44_S16__NODE_474_length_5715_cov_10.650530	5715	0	0
MV-4122_S12__NODE_2289_length_5714_cov_12.007775	5714	0	0
MV-4128_S29__NODE_1131_length_5711_cov_12.556931	5711	0	0
Biragzang__NODE_2369_length_5710_cov_5.685765	5710	0	0
Biragzang__NODE_2370_length_5710_cov_3.882051	5710	0	0
MV-4122_S12__NODE_2290_length_5709_cov_11.379377	5709	0	0
Biragzang__NODE_2371_length_5708_cov_4.587476	5708	0	0
MV-4128_S29__NODE_1132_length_5708_cov_22.060853	5708	0	0
MV-4128_S29__NODE_1133_length_5708_cov_9.203255	5708	0	0
Biragzang__NODE_2372_length_5707_cov_6.685952	5707	0	0
Biragzang__NODE_2373_length_5707_cov_6.672151	5707	0	0
MV-4125_S18__NODE_2213_length_5707_cov_33.342003	5707	0	0
Biragzang__NODE_2374_length_5706_cov_14.192532	5706	0	0
Biragzang__NODE_2375_length_5706_cov_4.952044	5706	0	0
MV-4122_S12__NODE_2292_length_5706_cov_24.767121	5706	0	0
Biragzang__NODE_2376_length_5705_cov_7.121593	5705	0	0
cell-4122-0-44_S10__NODE_470_length_5705_cov_13.530796	5705	0	0
Biragzang__NODE_2377_length_5704_cov_46.590901	5704	0	0
Biragzang__NODE_2378_length_5704_cov_6.762082	5704	37	0
MV-4122_S12__NODE_2293_length_5704_cov_13.570012	5704	0	0
Biragzang__NODE_2379_length_5702_cov_12.234992	5702	4	0
Biragzang__NODE_2380_length_5702_cov_6.863290	5702	0	0
MV-4122_S12__NODE_2294_length_5702_cov_10.309014	5702	0	0
Biragzang__NODE_2381_length_5701_cov_27.445094	5701	0	0
cell-4125-0-44_S16__NODE_475_length_5701_cov_6.824478	5701	0	0
Biragzang__NODE_2382_length_5700_cov_47.067493	5700	0	0
Biragzang__NODE_2383_length_5699_cov_5.336641	5699	0	0
MV-4122_S12__NODE_2295_length_5699_cov_10.794295	5699	0	0
MV-4125_S18__NODE_2215_length_5699_cov_8.614989	5699	0	0
Biragzang__NODE_2384_length_5698_cov_10.343789	5698	0	0
Biragzang__NODE_2385_length_5698_cov_7.306929	5698	32	0
MV-4122_S12__NODE_2296_length_5698_cov_7.871522	5698	0	0
cell-4125-0-44_S16__NODE_476_length_5698_cov_9.225058	5698	0	0
Biragzang__NODE_2386_length_5697_cov_9.678483	5697	0	0
MV-4125_S18__NODE_2216_length_5697_cov_27.245126	5697	0	0
cell-4125-0-44_S16__NODE_477_length_5697_cov_6.062389	5697	0	0
Biragzang__NODE_2387_length_5696_cov_15.905513	5696	0	0
MV-4122_S12__NODE_2297_length_5696_cov_7.107428	5696	0	0
cell-4125-0-44_S16__NODE_478_length_5696_cov_6.844354	5696	9	0
cell-4125-0-44_S16__NODE_479_length_5696_cov_5.705903	5696	0	0
Biragzang__NODE_2388_length_5694_cov_6.742508	5694	0	0
MV-4128_S29__NODE_1134_length_5694_cov_13.151623	5694	0	0
Biragzang__NODE_2389_length_5692_cov_10.092425	5692	0	0
MV-4125_S18__NODE_2218_length_5692_cov_5.617882	5692	0	0
cell-4125-0-44_S16__NODE_480_length_5691_cov_5.651526	5691	0	0
Biragzang__NODE_2390_length_5689_cov_6.299432	5689	0	0
MV-4125_S18__NODE_2220_length_5689_cov_5.843095	5689	0	0
MV-4122_S12__NODE_2298_length_5688_cov_11.355228	5688	0	0
MV-4128_S29__NODE_1135_length_5688_cov_10.238772	5688	0	0
cell-4122-0-44_S10__NODE_471_length_5687_cov_10.122869	5687	0	0
cell-4125-0-44_S16__NODE_481_length_5687_cov_5.255504	5687	0	0
cell-4125-0-44_S16__NODE_482_length_5686_cov_5.010833	5686	0	0
Biragzang__NODE_2391_length_5685_cov_8.396625	5685	30	0
MV-4122_S12__NODE_2300_length_5685_cov_182.504085	5685	0	0
Biragzang__NODE_2392_length_5684_cov_14.245159	5684	0	0
Biragzang__NODE_2393_length_5684_cov_12.158465	5684	35	0
Biragzang__NODE_2394_length_5684_cov_9.133239	5684	0	0
Biragzang__NODE_2395_length_5684_cov_6.096998	5684	0	0
Biragzang__NODE_2396_length_5684_cov_5.915793	5684	0	0
Biragzang__NODE_2397_length_5683_cov_13.777186	5683	2	0
MV-4122_S12__NODE_2301_length_5683_cov_489.706645	5683	0	0
MV-4122_S12__NODE_2302_length_5683_cov_4.693497	5683	0	0
MV-4128_S29__NODE_1136_length_5683_cov_21.576048	5683	0	0
Biragzang__NODE_2398_length_5681_cov_18.043903	5681	0	0
cell-4125-0-44_S16__NODE_483_length_5681_cov_5.170281	5681	0	0
MV-4125_S18__NODE_2227_length_5679_cov_7.475996	5679	0	0
Biragzang__NODE_2399_length_5677_cov_5.336179	5677	0	0
MV-4122_S12__NODE_2303_length_5677_cov_4.743863	5677	0	0
cell-4125-0-44_S16__NODE_484_length_5677_cov_10.065101	5677	0	0
Biragzang__NODE_2400_length_5676_cov_13.775129	5676	0	0
MV-4125_S18__NODE_2228_length_5676_cov_19.355453	5676	0	0
Biragzang__NODE_2401_length_5675_cov_16.825267	5675	0	0
MV-4122_S12__NODE_2304_length_5675_cov_11.651423	5675	0	0
MV-4128_S29__NODE_1137_length_5675_cov_4.901601	5675	2	0
MV-4122_S12__NODE_2305_length_5674_cov_6.629116	5674	0	0
Biragzang__NODE_2402_length_5673_cov_9.498576	5673	6	0
MV-4125_S18__NODE_2229_length_5673_cov_7.915806	5673	0	0
MV-4128_S29__NODE_1138_length_5673_cov_177.479886	5673	2	0
MV-4128_S29__NODE_1139_length_5673_cov_4.408508	5673	0	0
MV-4122_S12__NODE_2306_length_5671_cov_6.685541	5671	0	0
Biragzang__NODE_2403_length_5670_cov_12.556189	5670	0	0
Biragzang__NODE_2404_length_5669_cov_34.218561	5669	2	0
MV-4122_S12__NODE_2307_length_5669_cov_9.211970	5669	0	0
MV-4122_S12__NODE_2308_length_5669_cov_7.828108	5669	0	0
Biragzang__NODE_2405_length_5668_cov_14.547835	5668	2	0
Biragzang__NODE_2406_length_5668_cov_6.914841	5668	2	0
Biragzang__NODE_2407_length_5667_cov_13.147897	5667	10	0
Biragzang__NODE_2408_length_5667_cov_11.949751	5667	0	0
MV-4125_S18__NODE_2232_length_5666_cov_8.868651	5666	0	0
MV-4128_S29__NODE_1140_length_5666_cov_7.212796	5666	12	0
Biragzang__NODE_2409_length_5664_cov_11.009271	5664	8	0
cell-4125-0-44_S16__NODE_485_length_5664_cov_10.034944	5664	0	0
Biragzang__NODE_2410_length_5663_cov_14.211305	5663	0	0
MV-4122_S12__NODE_2309_length_5663_cov_62.230742	5663	0	0
Biragzang__NODE_2411_length_5662_cov_36.204744	5662	0	0
cell-4125-0-44_S16__NODE_486_length_5662_cov_5.815231	5662	0	0
Biragzang__NODE_2412_length_5661_cov_12.077239	5661	0	0
MV-4122_S12__NODE_2310_length_5661_cov_8.110596	5661	0	0
MV-4128_S29__NODE_1141_length_5661_cov_16.411702	5661	0	0
MV-4128_S29__NODE_1142_length_5661_cov_5.774706	5661	6	0
Biragzang__NODE_2413_length_5660_cov_50.558787	5660	4	0
MV-4125_S18__NODE_2237_length_5660_cov_14.559857	5660	0	0
MV-4125_S18__NODE_2238_length_5660_cov_7.445317	5660	0	0
cell-4125-0-44_S16__NODE_487_length_5660_cov_9.466905	5660	0	0
Biragzang__NODE_2414_length_5659_cov_6.405068	5659	0	0
MV-4122_S12__NODE_2311_length_5659_cov_8.882762	5659	0	0
MV-4128_S29__NODE_1143_length_5659_cov_8.482691	5659	0	0
Biragzang__NODE_2415_length_5658_cov_4.209709	5658	2	0
MV-4125_S18__NODE_2239_length_5658_cov_13.842227	5658	0	0
MV-4122_S12__NODE_2312_length_5657_cov_4.493038	5657	0	0
MV-4125_S18__NODE_2240_length_5656_cov_7.334940	5656	0	0
Biragzang__NODE_2416_length_5655_cov_6.346250	5655	0	0
MV-4122_S12__NODE_2313_length_5655_cov_7.937679	5655	0	0
MV-4122_S12__NODE_2314_length_5655_cov_4.527143	5655	0	0
MV-4122_S12__NODE_2315_length_5654_cov_8.254867	5654	0	0
Biragzang__NODE_2417_length_5653_cov_4.573062	5653	0	0
MV-4122_S12__NODE_2316_length_5652_cov_11.948008	5652	0	0
MV-4122_S12__NODE_2317_length_5652_cov_7.599250	5652	0	0
MV-4125_S18__NODE_2244_length_5650_cov_14.359249	5650	0	0
MV-4125_S18__NODE_2245_length_5650_cov_11.399464	5650	0	0
cell-4125-0-44_S16__NODE_488_length_5650_cov_9.350492	5650	0	0
Biragzang__NODE_2418_length_5649_cov_59.442975	5649	212	0
Biragzang__NODE_2419_length_5647_cov_8.698498	5647	29	0
MV-4122_S12__NODE_2318_length_5647_cov_27.674356	5647	0	0
MV-4125_S18__NODE_2246_length_5647_cov_7.353004	5647	0	0
MV-4128_S29__NODE_1145_length_5647_cov_6.680794	5647	8	0
cell-4125-0-44_S16__NODE_489_length_5646_cov_16.257915	5646	0	0
MV-4125_S18__NODE_2250_length_5645_cov_15.072272	5645	0	0
Biragzang__NODE_2420_length_5644_cov_5.437824	5644	0	0
MV-4122_S12__NODE_2319_length_5644_cov_57.032385	5644	0	0
cell-4122-0-44_S10__NODE_472_length_5642_cov_2003.902452	5642	0	0
Biragzang__NODE_2421_length_5641_cov_66.292517	5641	636	0
MV-4128_S29__NODE_1146_length_5641_cov_13.781060	5641	0	0
Biragzang__NODE_2422_length_5639_cov_7.264864	5639	0	0
MV-4128_S29__NODE_1148_length_5638_cov_5.349454	5638	0	0
Biragzang__NODE_2423_length_5636_cov_13.183480	5636	410	0
cell-4125-0-44_S16__NODE_490_length_5636_cov_6.294392	5636	2	0
MV-4125_S18__NODE_2254_length_5635_cov_7.089785	5635	0	0
Biragzang__NODE_2424_length_5633_cov_48.845823	5633	185	0
MV-4125_S18__NODE_2256_length_5633_cov_10.889028	5633	0	0
MV-4125_S18__NODE_2257_length_5633_cov_7.122983	5633	0	0
Biragzang__NODE_2425_length_5632_cov_6.692846	5632	0	0
MV-4128_S29__NODE_1149_length_5632_cov_7.167474	5632	0	0
MV-4122_S12__NODE_2320_length_5630_cov_71.694709	5630	0	0
cell-4122-0-44_S10__NODE_473_length_5630_cov_13.069417	5630	0	0
Biragzang__NODE_2426_length_5627_cov_55.333632	5627	209	0
Biragzang__NODE_2427_length_5627_cov_41.849964	5627	0	0
Biragzang__NODE_2428_length_5627_cov_18.189878	5627	0	0
Biragzang__NODE_2429_length_5627_cov_17.329505	5627	0	0
MV-4125_S18__NODE_2258_length_5627_cov_16.828787	5627	0	0
MV-4125_S18__NODE_2259_length_5627_cov_14.365398	5627	0	0
MV-4122_S12__NODE_2321_length_5626_cov_12.107880	5626	0	0
MV-4125_S18__NODE_2261_length_5626_cov_5.916173	5626	0	0
MV-4128_S29__NODE_1150_length_5626_cov_23.915814	5626	0	0
Biragzang__NODE_2430_length_5624_cov_43.583229	5624	0	0
MV-4125_S18__NODE_2262_length_5624_cov_20.756150	5624	0	0
MV-4125_S18__NODE_2263_length_5624_cov_19.732627	5624	0	0
MV-4125_S18__NODE_2265_length_5624_cov_8.330939	5624	0	0
Biragzang__NODE_2431_length_5621_cov_6.531261	5621	0	0
Biragzang__NODE_2432_length_5621_cov_6.461013	5621	0	0
Biragzang__NODE_2433_length_5621_cov_6.287819	5621	0	0
MV-4122_S12__NODE_2322_length_5621_cov_12.395257	5621	0	0
cell-4122-0-44_S10__NODE_474_length_5621_cov_8.249551	5621	0	0
MV-4128_S29__NODE_1151_length_5620_cov_23.462354	5620	2	0
Biragzang__NODE_2434_length_5619_cov_51.542955	5619	217	0
cell-4125-0-44_S16__NODE_492_length_5619_cov_5.832315	5619	0	0
MV-4128_S29__NODE_1152_length_5618_cov_23.511774	5618	0	0
Biragzang__NODE_2435_length_5617_cov_8.293420	5617	34	0
MV-4122_S12__NODE_2323_length_5617_cov_23.546206	5617	0	0
MV-4125_S18__NODE_2271_length_5617_cov_21.772384	5617	0	0
Biragzang__NODE_2436_length_5614_cov_5.020148	5614	0	0
MV-4122_S12__NODE_2324_length_5614_cov_6.143191	5614	0	0
cell-4125-0-44_S16__NODE_493_length_5614_cov_5.159741	5614	2	0
Biragzang__NODE_2437_length_5612_cov_8.592586	5612	36	0
MV-4122_S12__NODE_2325_length_5612_cov_14.402555	5612	0	0
MV-4122_S12__NODE_2326_length_5612_cov_11.298362	5612	0	0
cell-4125-0-44_S16__NODE_494_length_5612_cov_3.737988	5612	0	0
Biragzang__NODE_2438_length_5611_cov_13.161627	5611	240	0
MV-4122_S12__NODE_2327_length_5611_cov_8.119330	5611	0	0
MV-4125_S18__NODE_2272_length_5611_cov_17.154788	5611	0	0
Biragzang__NODE_2439_length_5610_cov_11.295050	5610	2	0
MV-4122_S12__NODE_2328_length_5610_cov_10.672547	5610	0	0
MV-4122_S12__NODE_2329_length_5610_cov_6.641584	5610	0	0
cell-4125-0-44_S16__NODE_495_length_5610_cov_11.907831	5610	0	0
Biragzang__NODE_2440_length_5609_cov_9.467951	5609	0	0
Biragzang__NODE_2441_length_5607_cov_26.168588	5607	71	0
MV-4122_S12__NODE_2330_length_5607_cov_23.564841	5607	0	0
MV-4128_S29__NODE_1153_length_5607_cov_8.558898	5607	0	0
Biragzang__NODE_2442_length_5606_cov_6.743470	5606	26	0
MV-4128_S29__NODE_1154_length_5606_cov_6.332553	5606	6	0
cell-4122-0-44_S10__NODE_475_length_5606_cov_17.119438	5606	0	0
cell-4125-0-44_S16__NODE_496_length_5606_cov_71.590344	5606	0	0
Biragzang__NODE_2443_length_5605_cov_12.945405	5605	8	0
Biragzang__NODE_2444_length_5605_cov_5.863784	5605	0	0
MV-4122_S12__NODE_2331_length_5605_cov_27.128288	5605	0	0
MV-4125_S18__NODE_2274_length_5605_cov_19.412793	5605	0	0
Biragzang__NODE_2445_length_5603_cov_47.315609	5603	0	0
Biragzang__NODE_2446_length_5603_cov_31.925739	5603	0	0
MV-4125_S18__NODE_2275_length_5603_cov_11.744773	5603	0	0
Biragzang__NODE_2447_length_5602_cov_13.651523	5602	0	0
MV-4122_S12__NODE_2332_length_5601_cov_7.662279	5601	0	0
Biragzang__NODE_2448_length_5600_cov_6.257529	5600	29	0
Biragzang__NODE_2449_length_5600_cov_5.630298	5600	0	0
Biragzang__NODE_2450_length_5599_cov_10.164683	5599	354	0
MV-4125_S18__NODE_2277_length_5599_cov_12.419372	5599	0	0
cell-4122-0-44_S10__NODE_476_length_5599_cov_12.327201	5599	0	0
Biragzang__NODE_2451_length_5597_cov_10.205521	5597	12	0
MV-4128_S29__NODE_1155_length_5596_cov_5.360224	5596	0	0
Biragzang__NODE_2452_length_5595_cov_7.393863	5595	0	0
MV-4122_S12__NODE_2333_length_5595_cov_23.123646	5595	0	0
Biragzang__NODE_2453_length_5594_cov_20.461275	5594	0	0
Biragzang__NODE_2454_length_5593_cov_23.333153	5593	1	0
Biragzang__NODE_2455_length_5593_cov_9.440592	5593	0	0
cell-4122-0-44_S10__NODE_477_length_5593_cov_13.819610	5593	0	0
MV-4122_S12__NODE_2334_length_5591_cov_12.296785	5591	0	0
MV-4125_S18__NODE_2280_length_5591_cov_7.320809	5591	0	0
Biragzang__NODE_2456_length_5590_cov_5.814995	5590	0	0
MV-4122_S12__NODE_2335_length_5590_cov_6.453659	5590	0	0
MV-4128_S29__NODE_1156_length_5590_cov_12.965131	5590	0	0
Biragzang__NODE_2457_length_5589_cov_12.021323	5589	0	0
Biragzang__NODE_2458_length_5589_cov_10.486990	5589	0	0
MV-4122_S12__NODE_2336_length_5589_cov_26.399530	5589	0	0
cell-4122-0-44_S10__NODE_478_length_5589_cov_18.730575	5589	0	0
cell-4125-0-44_S16__NODE_497_length_5589_cov_12.541019	5589	0	0
MV-4128_S29__NODE_1157_length_5588_cov_14.967649	5588	0	0
cell-4125-0-44_S16__NODE_498_length_5588_cov_10.340502	5588	0	0
MV-4128_S29__NODE_1158_length_5587_cov_5.095083	5587	6	0
Biragzang__NODE_2459_length_5586_cov_9.654674	5586	2	0
MV-4125_S18__NODE_2283_length_5585_cov_18.821338	5585	3	0
cell-4125-0-44_S16__NODE_499_length_5584_cov_5.592150	5584	0	0
Biragzang__NODE_2460_length_5583_cov_4.999276	5583	0	0
MV-4128_S29__NODE_1159_length_5583_cov_4.105825	5583	12	0
MV-4125_S18__NODE_2285_length_5582_cov_16.885290	5582	0	0
cell-4125-0-44_S16__NODE_500_length_5582_cov_7.535915	5582	0	0
MV-4125_S18__NODE_2286_length_5581_cov_27.060984	5581	0	0
MV-4125_S18__NODE_2287_length_5580_cov_8.937376	5580	0	0
MV-4128_S29__NODE_1160_length_5580_cov_11.637647	5580	0	0
Biragzang__NODE_2461_length_5579_cov_22.348479	5579	4	0
MV-4122_S12__NODE_2338_length_5579_cov_36.306662	5579	0	0
Biragzang__NODE_2462_length_5577_cov_7.056320	5577	0	0
MV-4128_S29__NODE_1161_length_5575_cov_7.930435	5575	2	0
Biragzang__NODE_2463_length_5574_cov_8.663707	5574	18	0
MV-4125_S18__NODE_2289_length_5574_cov_7.838014	5574	0	0
MV-4125_S18__NODE_2290_length_5574_cov_6.647943	5574	0	0
Biragzang__NODE_2464_length_5573_cov_10.801377	5573	360	0
Biragzang__NODE_2465_length_5573_cov_7.084270	5573	0	0
MV-4125_S18__NODE_2293_length_5572_cov_7.305782	5572	0	0
Biragzang__NODE_2466_length_5571_cov_49.135062	5571	0	0
MV-4125_S18__NODE_2294_length_5570_cov_28.239529	5570	0	0
MV-4122_S12__NODE_2340_length_5569_cov_8.079616	5569	0	0
MV-4122_S12__NODE_2341_length_5569_cov_7.824810	5569	0	0
cell-4122-0-44_S10__NODE_479_length_5568_cov_18.053873	5568	0	0
Biragzang__NODE_2467_length_5567_cov_11.586357	5567	2	0
Biragzang__NODE_2468_length_5566_cov_8.320269	5566	0	0
MV-4122_S12__NODE_2342_length_5565_cov_9.142650	5565	0	0
MV-4125_S18__NODE_2295_length_5565_cov_4.923775	5565	0	0
MV-4128_S29__NODE_1162_length_5565_cov_13.605626	5565	0	0
cell-4122-0-44_S10__NODE_480_length_5565_cov_22.892196	5565	0	0
Biragzang__NODE_2469_length_5564_cov_10.779996	5564	10	0
MV-4122_S12__NODE_2343_length_5564_cov_4.656017	5564	0	0
MV-4128_S29__NODE_1163_length_5564_cov_27.948993	5564	0	0
MV-4128_S29__NODE_1164_length_5564_cov_16.206027	5564	0	0
Biragzang__NODE_2470_length_5563_cov_45.139252	5563	0	0
Biragzang__NODE_2471_length_5563_cov_6.898330	5563	0	0
MV-4122_S12__NODE_2344_length_5562_cov_4.345197	5562	0	0
MV-4128_S29__NODE_1165_length_5560_cov_5.142053	5560	0	0
MV-4128_S29__NODE_1166_length_5559_cov_22.712391	5559	0	0
MV-4125_S18__NODE_2299_length_5558_cov_5.546611	5558	0	0
MV-4128_S29__NODE_1167_length_5558_cov_6.852262	5558	0	0
Biragzang__NODE_2472_length_5557_cov_6.269720	5557	0	0
Biragzang__NODE_2473_length_5556_cov_29.375932	5556	92	0
Biragzang__NODE_2474_length_5555_cov_22.238000	5555	81	0
Biragzang__NODE_2475_length_5555_cov_6.194182	5555	0	0
Biragzang__NODE_2476_length_5553_cov_5.261004	5553	0	0
cell-4122-0-44_S10__NODE_481_length_5552_cov_87.913953	5552	0	0
MV-4122_S12__NODE_2345_length_5550_cov_19.339945	5550	0	0
MV-4122_S12__NODE_2346_length_5550_cov_4.447134	5550	0	0
Biragzang__NODE_2477_length_5548_cov_60.216639	5548	0	0
MV-4122_S12__NODE_2347_length_5548_cov_10.652649	5548	0	0
MV-4122_S12__NODE_2348_length_5548_cov_10.234844	5548	0	0
MV-4122_S12__NODE_2349_length_5548_cov_6.970872	5548	0	0
cell-4125-0-44_S16__NODE_501_length_5546_cov_4.836278	5546	6	0
Biragzang__NODE_2478_length_5542_cov_11.223255	5542	3	0
cell-4122-0-44_S10__NODE_482_length_5542_cov_15.108438	5542	0	0
MV-4125_S18__NODE_2304_length_5541_cov_7.296209	5541	0	0
cell-4125-0-44_S16__NODE_502_length_5541_cov_5.864200	5541	0	0
Biragzang__NODE_2479_length_5538_cov_7.938902	5538	4	0
Biragzang__NODE_2480_length_5538_cov_6.896042	5538	0	0
cell-4122-0-44_S10__NODE_483_length_5538_cov_22.530731	5538	0	0
cell-4125-0-44_S16__NODE_503_length_5538_cov_7.972643	5538	0	0
Biragzang__NODE_2481_length_5536_cov_8.378945	5536	46	0
Biragzang__NODE_2482_length_5534_cov_46.527651	5534	0	0
MV-4125_S18__NODE_2309_length_5533_cov_7.625411	5533	0	0
MV-4128_S29__NODE_1168_length_5532_cov_14.200292	5532	0	0
MV-4128_S29__NODE_1169_length_5532_cov_6.015702	5532	0	0
MV-4125_S18__NODE_2311_length_5531_cov_8.483565	5531	0	0
Biragzang__NODE_2483_length_5530_cov_37.497534	5530	139	0
Biragzang__NODE_2484_length_5529_cov_11.088053	5529	370	0
Biragzang__NODE_2485_length_5529_cov_8.209536	5529	36	0
Biragzang__NODE_2486_length_5529_cov_7.251370	5529	0	0
MV-4122_S12__NODE_2353_length_5528_cov_6.467385	5528	0	0
cell-4122-0-44_S10__NODE_484_length_5528_cov_16.841586	5528	0	0
cell-4122-0-44_S10__NODE_485_length_5528_cov_13.941166	5528	0	0
cell-4125-0-22_S17__NODE_10_length_5528_cov_11.198611	5528	0	0
Biragzang__NODE_2487_length_5527_cov_21.979349	5527	0	0
Biragzang__NODE_2488_length_5527_cov_12.529240	5527	372	0
MV-4125_S18__NODE_2314_length_5527_cov_4.567251	5527	0	0
MV-4128_S29__NODE_1170_length_5527_cov_12.897295	5527	0	0
Biragzang__NODE_2489_length_5526_cov_6.030159	5526	0	0
MV-4122_S12__NODE_2354_length_5526_cov_13.932736	5526	0	0
MV-4125_S18__NODE_2315_length_5525_cov_13.328154	5525	0	0
cell-4122-0-44_S10__NODE_486_length_5525_cov_15.331444	5525	0	0
MV-4122_S12__NODE_2355_length_5524_cov_9.015359	5524	0	0
cell-4125-0-44_S16__NODE_504_length_5524_cov_6.715122	5524	0	0
Biragzang__NODE_2490_length_5523_cov_8.655816	5523	0	0
MV-4128_S29__NODE_1171_length_5523_cov_22.385150	5523	0	0
cell-4125-0-44_S16__NODE_505_length_5523_cov_6.383504	5523	0	0
Biragzang__NODE_2491_length_5521_cov_12.357300	5521	0	0
MV-4125_S18__NODE_2318_length_5521_cov_6.417307	5521	0	0
Biragzang__NODE_2492_length_5519_cov_9.800146	5519	2	0
Biragzang__NODE_2493_length_5518_cov_12.254073	5518	8	0
Biragzang__NODE_2494_length_5517_cov_12.448920	5517	0	0
MV-4122_S12__NODE_2356_length_5517_cov_14.507323	5517	0	0
MV-4122_S12__NODE_2357_length_5517_cov_7.176492	5517	0	0
MV-4125_S18__NODE_2320_length_5516_cov_24.420070	5516	0	0
Biragzang__NODE_2495_length_5515_cov_5.827289	5515	0	0
Biragzang__NODE_2496_length_5514_cov_8.882946	5514	286	0
Biragzang__NODE_2497_length_5513_cov_31.191279	5513	0	0
Biragzang__NODE_2498_length_5513_cov_14.976915	5513	0	0
Biragzang__NODE_2499_length_5513_cov_8.780506	5513	24	0
cell-4125-0-22_S17__NODE_11_length_5513_cov_18.680469	5513	0	0
cell-4125-0-44_S16__NODE_506_length_5513_cov_10.147673	5513	2	0
Biragzang__NODE_2500_length_5511_cov_56.252749	5511	228	0
Biragzang__NODE_2501_length_5511_cov_5.344391	5511	0	0
cell-4122-0-44_S10__NODE_487_length_5511_cov_61.318548	5511	0	0
cell-4122-0-44_S10__NODE_488_length_5509_cov_14.390356	5509	0	0
MV-4125_S18__NODE_2322_length_5508_cov_19.428021	5508	0	0
MV-4125_S18__NODE_2324_length_5506_cov_7.847367	5506	0	0
Biragzang__NODE_2502_length_5505_cov_4.516881	5505	0	0
MV-4122_S12__NODE_2358_length_5505_cov_11.015046	5505	0	0
MV-4125_S18__NODE_2326_length_5505_cov_5.494495	5505	0	0
Biragzang__NODE_2503_length_5504_cov_80.458066	5504	0	0
cell-4122-0-44_S10__NODE_489_length_5504_cov_20.577537	5504	0	0
Biragzang__NODE_2504_length_5503_cov_16.364354	5503	0	0
MV-4122_S12__NODE_2359_length_5503_cov_9.997430	5503	0	0
Biragzang__NODE_2505_length_5502_cov_3.843584	5502	0	0
MV-4128_S29__NODE_1173_length_5502_cov_27.704792	5502	0	0
MV-4122_S12__NODE_2361_length_5501_cov_54.053434	5501	0	0
MV-4125_S18__NODE_2327_length_5501_cov_9.644326	5501	0	0
Biragzang__NODE_2506_length_5500_cov_17.704132	5500	2	0
Biragzang__NODE_2507_length_5500_cov_8.730028	5500	38	0
MV-4122_S12__NODE_2362_length_5499_cov_7.289309	5499	0	0
MV-4128_S29__NODE_1174_length_5499_cov_18.126010	5499	0	0
MV-4128_S29__NODE_1175_length_5498_cov_12.812236	5498	0	0
Biragzang__NODE_2508_length_5497_cov_7.281882	5497	0	0
cell-4125-0-44_S16__NODE_508_length_5497_cov_6.080853	5497	0	0
Biragzang__NODE_2509_length_5496_cov_9.771182	5496	281	0
MV-4122_S12__NODE_2363_length_5496_cov_4.817313	5496	0	0
Biragzang__NODE_2510_length_5495_cov_46.225919	5495	0	0
MV-4122_S12__NODE_2364_length_5495_cov_4.371140	5495	0	0
MV-4122_S12__NODE_2366_length_5494_cov_5.432616	5494	0	0
cell-4125-0-44_S16__NODE_509_length_5494_cov_7.201140	5494	0	0
MV-4125_S18__NODE_2331_length_5493_cov_5.428466	5493	0	0
cell-4125-0-44_S16__NODE_510_length_5493_cov_8.351968	5493	0	0
MV-4125_S18__NODE_2332_length_5492_cov_25.187603	5492	0	0
MV-4125_S18__NODE_2333_length_5492_cov_18.876219	5492	0	0
cell-4125-0-44_S16__NODE_511_length_5492_cov_5.852676	5492	0	0
Biragzang__NODE_2511_length_5491_cov_9.230500	5491	0	0
MV-4128_S29__NODE_1176_length_5491_cov_15.110927	5491	0	0
MV-4122_S12__NODE_2368_length_5490_cov_6.564121	5490	0	0
MV-4125_S18__NODE_2335_length_5490_cov_6.411040	5490	0	0
cell-4122-0-44_S10__NODE_490_length_5489_cov_254.518403	5489	0	0
MV-4128_S29__NODE_1177_length_5488_cov_4.630223	5488	0	0
cell-4125-0-44_S16__NODE_512_length_5488_cov_9.092766	5488	0	0
Biragzang__NODE_2512_length_5487_cov_13.158689	5487	0	0
Biragzang__NODE_2513_length_5485_cov_11.691897	5485	8	0
MV-4122_S12__NODE_2369_length_5485_cov_4.483241	5485	0	0
MV-4125_S18__NODE_2336_length_5485_cov_22.686556	5485	2	0
MV-4128_S29__NODE_1178_length_5483_cov_10.894620	5483	0	0
cell-4122-0-44_S10__NODE_491_length_5481_cov_9.872466	5481	0	0
MV-4122_S12__NODE_2370_length_5480_cov_30.838157	5480	0	0
Biragzang__NODE_2514_length_5479_cov_12.013643	5479	344	0
Biragzang__NODE_2515_length_5479_cov_6.241150	5479	0	0
cell-4125-0-44_S16__NODE_514_length_5479_cov_5.240229	5479	0	0
Biragzang__NODE_2516_length_5477_cov_10.741608	5477	1	0
Biragzang__NODE_2517_length_5477_cov_4.447252	5477	0	0
MV-4128_S29__NODE_1179_length_5477_cov_27.285872	5477	0	0
cell-4125-0-44_S16__NODE_515_length_5477_cov_5.270749	5477	0	0
MV-4125_S18__NODE_2340_length_5476_cov_6.180778	5476	0	0
Biragzang__NODE_2518_length_5475_cov_16.865314	5475	0	0
Biragzang__NODE_2519_length_5475_cov_11.999446	5475	0	0
cell-4125-0-44_S16__NODE_516_length_5475_cov_9.425461	5475	0	0
MV-4122_S12__NODE_2371_length_5474_cov_10.725780	5474	0	0
cell-4122-0-44_S10__NODE_492_length_5474_cov_10.888909	5474	0	0
MV-4122_S12__NODE_2372_length_5472_cov_27.616208	5472	0	0
cell-4125-0-44_S16__NODE_518_length_5472_cov_7.017168	5472	0	0
Biragzang__NODE_2520_length_5471_cov_15.390694	5471	0	0
MV-4125_S18__NODE_2343_length_5471_cov_17.025111	5471	0	0
MV-4125_S18__NODE_2344_length_5471_cov_15.350443	5471	2	0
MV-4125_S18__NODE_2345_length_5471_cov_6.835487	5471	0	0
MV-4125_S18__NODE_2346_length_5471_cov_6.204394	5471	0	0
Biragzang__NODE_2521_length_5469_cov_45.659956	5469	202	0
Biragzang__NODE_2522_length_5468_cov_55.612045	5468	85	0
Biragzang__NODE_2523_length_5467_cov_32.392461	5467	227	0
cell-4122-0-44_S10__NODE_493_length_5467_cov_17.747413	5467	0	0
MV-4122_S12__NODE_2373_length_5466_cov_20.984106	5466	0	0
MV-4128_S29__NODE_1180_length_5466_cov_13.302347	5466	0	0
cell-4122-0-44_S10__NODE_494_length_5466_cov_23.674552	5466	0	0
Biragzang__NODE_2524_length_5465_cov_46.982070	5465	0	0
Biragzang__NODE_2525_length_5465_cov_28.810351	5465	0	0
Biragzang__NODE_2526_length_5464_cov_6.330930	5464	0	0
cell-4125-0-44_S16__NODE_520_length_5464_cov_6.779072	5464	0	0
cell-4125-0-44_S16__NODE_521_length_5463_cov_8.955436	5463	0	0
cell-4122-0-44_S10__NODE_495_length_5462_cov_20.275754	5462	0	0
MV-4128_S29__NODE_1181_length_5461_cov_23.774140	5461	0	0
cell-4122-0-44_S10__NODE_496_length_5461_cov_24.626711	5461	0	0
cell-4122-0-44_S10__NODE_497_length_5461_cov_12.360155	5461	0	0
cell-4125-0-44_S16__NODE_522_length_5461_cov_6.487051	5461	0	0
Biragzang__NODE_2527_length_5460_cov_10.856429	5460	8	0
cell-4122-0-44_S10__NODE_498_length_5460_cov_10.748566	5460	0	0
cell-4125-0-44_S16__NODE_523_length_5460_cov_6.649399	5460	0	0
MV-4128_S29__NODE_1182_length_5459_cov_29.084382	5459	0	0
MV-4122_S12__NODE_2375_length_5458_cov_27.327966	5458	0	0
MV-4125_S18__NODE_2349_length_5458_cov_6.741995	5458	0	0
Biragzang__NODE_2528_length_5457_cov_12.092373	5457	0	0
MV-4125_S18__NODE_2351_length_5457_cov_6.617549	5457	0	0
MV-4128_S29__NODE_1183_length_5457_cov_7.690115	5457	4	0
MV-4125_S18__NODE_2352_length_5456_cov_7.909646	5456	0	0
cell-4125-0-44_S16__NODE_524_length_5456_cov_5.410294	5456	0	0
Biragzang__NODE_2529_length_5455_cov_5.960185	5455	2	0
cell-4125-0-44_S16__NODE_525_length_5455_cov_6.566481	5455	0	0
cell-4125-0-44_S16__NODE_526_length_5455_cov_4.810556	5455	0	0
Biragzang__NODE_2530_length_5453_cov_48.249907	5453	2	0
Biragzang__NODE_2531_length_5452_cov_21.108394	5452	8	0
MV-4122_S12__NODE_2376_length_5452_cov_11.372985	5452	0	0
MV-4122_S12__NODE_2377_length_5452_cov_11.082083	5452	0	0
MV-4125_S18__NODE_2355_length_5452_cov_6.755234	5452	0	0
MV-4128_S29__NODE_1184_length_5451_cov_6.174203	5451	8	0
Biragzang__NODE_2532_length_5450_cov_5.636886	5450	0	0
MV-4122_S12__NODE_2378_length_5450_cov_5.756441	5450	0	0
cell-4125-0-44_S16__NODE_527_length_5450_cov_8.045042	5450	0	0
Biragzang__NODE_2533_length_5448_cov_12.321157	5448	0	0
Biragzang__NODE_2534_length_5448_cov_6.437604	5448	0	0
cell-4122-0-44_S10__NODE_499_length_5448_cov_16.716299	5448	0	0
Biragzang__NODE_2535_length_5447_cov_16.163390	5447	0	0
Biragzang__NODE_2536_length_5447_cov_11.375556	5447	0	0
Biragzang__NODE_2537_length_5447_cov_9.436016	5447	0	0
MV-4128_S29__NODE_1185_length_5447_cov_6.358123	5447	0	0
Biragzang__NODE_2538_length_5446_cov_37.127991	5446	0	0
cell-4122-0-44_S10__NODE_500_length_5446_cov_12.217028	5446	0	0
cell-4125-0-44_S16__NODE_528_length_5446_cov_7.112410	5446	0	0
MV-4122_S12__NODE_2379_length_5445_cov_9.030241	5445	0	0
MV-4125_S18__NODE_2356_length_5445_cov_21.460297	5445	0	0
cell-4125-0-44_S16__NODE_529_length_5445_cov_6.813173	5445	0	0
MV-4125_S18__NODE_2357_length_5444_cov_6.728335	5444	0	0
cell-4122-0-44_S10__NODE_501_length_5444_cov_40.899610	5444	0	0
Biragzang__NODE_2539_length_5443_cov_8.962324	5443	0	0
MV-4122_S12__NODE_2380_length_5443_cov_88.375093	5443	2	0
cell-4122-0-44_S10__NODE_502_length_5443_cov_13.439310	5443	0	0
Biragzang__NODE_2540_length_5442_cov_43.986634	5442	164	0
MV-4122_S12__NODE_2381_length_5442_cov_42.051049	5442	0	0
Biragzang__NODE_2541_length_5440_cov_11.798143	5440	27	0
Biragzang__NODE_2542_length_5440_cov_10.783101	5440	2	0
MV-4122_S12__NODE_2382_length_5440_cov_54.058496	5440	0	0
MV-4122_S12__NODE_2383_length_5440_cov_34.143361	5440	0	0
Biragzang__NODE_2543_length_5439_cov_129.738670	5439	0	0
Biragzang__NODE_2544_length_5439_cov_21.056649	5439	0	0
MV-4128_S29__NODE_1186_length_5439_cov_14.230126	5439	0	0
Biragzang__NODE_2545_length_5438_cov_11.968976	5438	0	0
MV-4122_S12__NODE_2384_length_5438_cov_11.052016	5438	0	0
MV-4122_S12__NODE_2385_length_5438_cov_4.731377	5438	0	0
MV-4128_S29__NODE_1187_length_5438_cov_16.099944	5438	0	0
cell-4125-0-44_S16__NODE_530_length_5437_cov_19.884430	5437	0	0
Biragzang__NODE_2546_length_5436_cov_13.610481	5436	170	0
Biragzang__NODE_2547_length_5435_cov_5.328439	5435	0	0
MV-4122_S12__NODE_2386_length_5435_cov_9.119703	5435	0	0
MV-4125_S18__NODE_2359_length_5435_cov_15.606877	5435	0	0
cell-4125-0-44_S16__NODE_531_length_5434_cov_6.436141	5434	0	0
Biragzang__NODE_2548_length_5433_cov_15.093343	5433	0	0
cell-4122-0-44_S10__NODE_503_length_5433_cov_8.042395	5433	0	0
Biragzang__NODE_2549_length_5432_cov_53.883206	5432	215	0
Biragzang__NODE_2550_length_5432_cov_10.468291	5432	332	0
MV-4125_S18__NODE_2360_length_5432_cov_23.049098	5432	0	0
MV-4125_S18__NODE_2361_length_5432_cov_7.937512	5432	0	0
Biragzang__NODE_2551_length_5429_cov_15.729810	5429	571	0
Biragzang__NODE_2552_length_5428_cov_9.147590	5428	4	0
cell-4125-0-44_S16__NODE_532_length_5428_cov_7.647683	5428	0	0
cell-4125-0-44_S16__NODE_533_length_5427_cov_7.057520	5427	0	0
Biragzang__NODE_2553_length_5426_cov_10.748092	5426	328	0
MV-4128_S29__NODE_1188_length_5425_cov_26.838547	5425	0	0
Biragzang__NODE_2554_length_5424_cov_50.465264	5424	0	0
Biragzang__NODE_2555_length_5424_cov_3.492270	5424	0	0
MV-4122_S12__NODE_2388_length_5424_cov_43.660086	5424	0	0
MV-4122_S12__NODE_2389_length_5424_cov_30.438257	5424	0	0
Biragzang__NODE_2556_length_5423_cov_10.891021	5423	289	0
Biragzang__NODE_2557_length_5423_cov_8.435171	5423	0	0
MV-4128_S29__NODE_1189_length_5423_cov_25.136736	5423	0	0
MV-4128_S29__NODE_1190_length_5423_cov_13.974478	5423	0	0
MV-4128_S29__NODE_1191_length_5423_cov_12.019747	5423	0	0
cell-4125-0-44_S16__NODE_534_length_5420_cov_8.453495	5420	0	0
Biragzang__NODE_2558_length_5419_cov_7.186614	5419	14	0
cell-4125-0-44_S16__NODE_535_length_5419_cov_8.070097	5419	0	0
Biragzang__NODE_2559_length_5417_cov_5.008019	5417	0	0
MV-4122_S12__NODE_2391_length_5417_cov_23.200485	5417	0	0
MV-4128_S29__NODE_1192_length_5417_cov_16.219321	5417	0	0
cell-4125-0-44_S16__NODE_536_length_5417_cov_9.354718	5417	0	0
Biragzang__NODE_2560_length_5416_cov_64.316918	5416	0	0
Biragzang__NODE_2561_length_5416_cov_33.136728	5416	84	0
cell-4125-0-44_S16__NODE_537_length_5416_cov_7.954113	5416	0	0
MV-4122_S12__NODE_2392_length_5415_cov_20.102799	5415	0	0
MV-4128_S29__NODE_1193_length_5415_cov_10.741045	5415	0	0
cell-4122-0-44_S10__NODE_504_length_5415_cov_12.626306	5415	0	0
Biragzang__NODE_2562_length_5412_cov_14.339556	5412	0	0
MV-4125_S18__NODE_2369_length_5412_cov_5.942132	5412	0	0
MV-4128_S29__NODE_1194_length_5411_cov_13.929238	5411	0	0
MV-4128_S29__NODE_1195_length_5411_cov_5.957431	5411	0	0
Biragzang__NODE_2563_length_5410_cov_14.368814	5410	2	0
Biragzang__NODE_2564_length_5409_cov_58.420994	5409	0	0
Biragzang__NODE_2565_length_5409_cov_12.580314	5409	2	0
MV-4122_S12__NODE_2393_length_5409_cov_8.264662	5409	0	0
MV-4125_S18__NODE_2371_length_5409_cov_14.816773	5409	0	0
cell-4125-0-44_S16__NODE_539_length_5409_cov_10.648674	5409	0	0
cell-4122-0-44_S10__NODE_505_length_5408_cov_60.098076	5408	0	0
cell-4125-0-44_S16__NODE_540_length_5408_cov_13.540631	5408	0	0
Biragzang__NODE_2566_length_5407_cov_45.875374	5407	160	0
Biragzang__NODE_2567_length_5407_cov_8.700859	5407	10	0
Biragzang__NODE_2568_length_5406_cov_23.727714	5406	1	0
Biragzang__NODE_2569_length_5406_cov_5.268174	5406	0	0
MV-4128_S29__NODE_1196_length_5406_cov_28.997571	5406	0	0
Biragzang__NODE_2570_length_5405_cov_6.684112	5405	0	0
Biragzang__NODE_2571_length_5403_cov_11.196148	5403	10	0
MV-4122_S12__NODE_2395_length_5403_cov_23.224196	5403	0	0
MV-4122_S12__NODE_2396_length_5403_cov_5.230180	5403	0	0
Biragzang__NODE_2572_length_5402_cov_22.949317	5402	0	0
Biragzang__NODE_2573_length_5402_cov_12.314943	5402	0	0
Biragzang__NODE_2574_length_5402_cov_6.699645	5402	0	0
Biragzang__NODE_2575_length_5402_cov_5.780251	5402	0	0
MV-4122_S12__NODE_2397_length_5402_cov_8.438377	5402	0	0
cell-4125-0-44_S16__NODE_541_length_5402_cov_11.924631	5402	0	0
cell-4125-0-44_S16__NODE_542_length_5402_cov_7.079671	5402	0	0
Biragzang__NODE_2576_length_5401_cov_15.199027	5401	6	0
Biragzang__NODE_2577_length_5401_cov_6.974186	5401	40	0
MV-4122_S12__NODE_2398_length_5401_cov_9.931351	5401	0	0
MV-4122_S12__NODE_2399_length_5401_cov_9.636925	5401	0	0
MV-4128_S29__NODE_1197_length_5401_cov_6.732884	5401	4	0
MV-4125_S18__NODE_2374_length_5400_cov_6.449205	5400	0	0
Biragzang__NODE_2578_length_5399_cov_14.679079	5399	0	0
MV-4128_S29__NODE_1198_length_5399_cov_10.255614	5399	0	0
MV-4122_S12__NODE_2400_length_5398_cov_4.814337	5398	0	0
Biragzang__NODE_2579_length_5397_cov_17.607638	5397	0	0
Biragzang__NODE_2580_length_5397_cov_7.624860	5397	0	0
cell-4122-0-44_S10__NODE_506_length_5397_cov_13.296331	5397	0	0
MV-4122_S12__NODE_2401_length_5395_cov_9.783521	5395	0	0
MV-4125_S18__NODE_2377_length_5395_cov_6.213109	5395	0	0
MV-4128_S29__NODE_1199_length_5394_cov_5.271961	5394	0	0
Biragzang__NODE_2581_length_5393_cov_38.512926	5393	16	0
Biragzang__NODE_2582_length_5393_cov_5.316598	5393	0	0
MV-4122_S12__NODE_2402_length_5393_cov_16.950918	5393	0	0
MV-4128_S29__NODE_1200_length_5393_cov_14.762645	5393	0	0
MV-4128_S29__NODE_1201_length_5393_cov_5.485388	5393	8	0
MV-4128_S29__NODE_1202_length_5392_cov_25.978265	5392	0	0
cell-4125-0-44_S16__NODE_543_length_5392_cov_4.992693	5392	0	0
Biragzang__NODE_2583_length_5391_cov_7.960270	5391	0	0
Biragzang__NODE_2584_length_5391_cov_7.406297	5391	4	0
MV-4122_S12__NODE_2403_length_5391_cov_5.785420	5391	0	0
MV-4122_S12__NODE_2404_length_5390_cov_28.412559	5390	0	0
Biragzang__NODE_2585_length_5389_cov_10.251219	5389	4	0
Biragzang__NODE_2586_length_5389_cov_6.968316	5389	26	0
Biragzang__NODE_2587_length_5389_cov_4.620172	5389	0	0
MV-4122_S12__NODE_2405_length_5389_cov_9.976378	5389	0	0
MV-4122_S12__NODE_2406_length_5389_cov_7.044432	5389	0	0
MV-4125_S18__NODE_2378_length_5389_cov_5.979378	5389	0	0
cell-4122-0-44_S10__NODE_507_length_5388_cov_9.724358	5388	0	0
Biragzang__NODE_2588_length_5387_cov_38.417479	5387	0	0
Biragzang__NODE_2589_length_5387_cov_5.211553	5387	0	0
MV-4125_S18__NODE_2379_length_5387_cov_31.107464	5387	0	0
MV-4125_S18__NODE_2380_length_5387_cov_24.085521	5387	0	0
Biragzang__NODE_2590_length_5386_cov_27.439130	5386	0	0
Biragzang__NODE_2591_length_5386_cov_5.356781	5386	0	0
MV-4125_S18__NODE_2381_length_5386_cov_21.266742	5386	0	0
MV-4125_S18__NODE_2382_length_5386_cov_8.352279	5386	0	0
MV-4122_S12__NODE_2407_length_5385_cov_16.107317	5385	0	0
Biragzang__NODE_2592_length_5383_cov_3.942380	5383	0	0
cell-4125-0-22_S17__NODE_12_length_5383_cov_10.818318	5383	0	0
MV-4128_S29__NODE_1203_length_5381_cov_9.021592	5381	0	0
cell-4122-0-44_S10__NODE_508_length_5380_cov_23.820469	5380	0	0
cell-4125-0-44_S16__NODE_545_length_5380_cov_4.761690	5380	0	0
MV-4128_S29__NODE_1204_length_5378_cov_19.253429	5378	0	0
MV-4122_S12__NODE_2409_length_5377_cov_7.173243	5377	0	0
cell-4122-0-44_S10__NODE_509_length_5377_cov_12.819053	5377	0	0
cell-4125-0-44_S16__NODE_546_length_5377_cov_8.274521	5377	0	0
MV-4122_S12__NODE_2410_length_5376_cov_4.130615	5376	0	0
Biragzang__NODE_2593_length_5375_cov_14.336842	5375	0	0
MV-4122_S12__NODE_2411_length_5375_cov_7.195489	5375	0	0
MV-4122_S12__NODE_2412_length_5375_cov_7.132519	5375	0	0
MV-4125_S18__NODE_2389_length_5374_cov_8.090807	5374	0	0
cell-4122-0-44_S10__NODE_510_length_5374_cov_49.406655	5374	0	0
cell-4125-0-44_S16__NODE_547_length_5374_cov_4.211694	5374	0	0
MV-4128_S29__NODE_1205_length_5373_cov_15.699323	5373	0	0
Biragzang__NODE_2594_length_5370_cov_6.416745	5370	0	0
Biragzang__NODE_2595_length_5369_cov_6.259315	5369	0	0
MV-4128_S29__NODE_1206_length_5369_cov_5.685548	5369	0	0
MV-4122_S12__NODE_2413_length_5368_cov_7.506117	5368	0	0
cell-4125-0-44_S16__NODE_549_length_5368_cov_6.571805	5368	0	0
cell-4125-0-44_S16__NODE_550_length_5368_cov_5.974967	5368	0	0
Biragzang__NODE_2596_length_5367_cov_12.576431	5367	0	0
Biragzang__NODE_2597_length_5367_cov_9.258471	5367	2	0
Biragzang__NODE_2598_length_5366_cov_8.406703	5366	48	0
cell-4125-0-44_S16__NODE_551_length_5366_cov_5.214272	5366	0	0
Biragzang__NODE_2599_length_5365_cov_16.863653	5365	0	0
Biragzang__NODE_2600_length_5364_cov_8.191750	5364	40	0
MV-4122_S12__NODE_2414_length_5364_cov_13.596911	5364	0	0
MV-4122_S12__NODE_2415_length_5364_cov_11.106800	5364	0	0
MV-4122_S12__NODE_2416_length_5361_cov_6.730871	5361	0	0
MV-4122_S12__NODE_2417_length_5360_cov_8.546277	5360	0	0
cell-4125-0-44_S16__NODE_552_length_5360_cov_6.888030	5360	0	0
MV-4122_S12__NODE_2418_length_5359_cov_6.123680	5359	0	0
MV-4125_S18__NODE_2398_length_5359_cov_51.342760	5359	0	0
Biragzang__NODE_2601_length_5357_cov_7.910977	5357	0	0
Biragzang__NODE_2602_length_5356_cov_54.565365	5356	262	0
MV-4125_S18__NODE_2399_length_5356_cov_8.133748	5356	0	0
MV-4122_S12__NODE_2420_length_5354_cov_12.844122	5354	0	0
Biragzang__NODE_2603_length_5352_cov_51.761941	5352	261	0
MV-4128_S29__NODE_1207_length_5351_cov_5.799282	5351	0	0
Biragzang__NODE_2604_length_5350_cov_13.083097	5350	28	0
Biragzang__NODE_2605_length_5350_cov_11.061568	5350	0	0
MV-4122_S12__NODE_2421_length_5350_cov_6.052314	5350	0	0
MV-4122_S12__NODE_2422_length_5349_cov_23.966944	5349	0	0
MV-4122_S12__NODE_2423_length_5349_cov_8.627314	5349	0	0
MV-4125_S18__NODE_2400_length_5349_cov_7.500756	5349	0	0
MV-4125_S18__NODE_2402_length_5347_cov_12.975246	5347	0	0
MV-4125_S18__NODE_2403_length_5347_cov_7.879630	5347	0	0
cell-4122-0-44_S10__NODE_511_length_5347_cov_17.858088	5347	0	0
Biragzang__NODE_2606_length_5346_cov_32.110187	5346	0	0
cell-4125-0-44_S16__NODE_553_length_5346_cov_6.987148	5346	0	0
Biragzang__NODE_2607_length_5344_cov_5.804689	5344	0	0
MV-4122_S12__NODE_2424_length_5344_cov_7.961618	5344	0	0
Biragzang__NODE_2608_length_5342_cov_6.598260	5342	15	0
Biragzang__NODE_2609_length_5342_cov_6.036694	5342	2	0
cell-4125-0-44_S16__NODE_554_length_5342_cov_5.763004	5342	0	0
MV-4122_S12__NODE_2425_length_5341_cov_15.282633	5341	0	0
MV-4122_S12__NODE_2426_length_5341_cov_4.953462	5341	0	0
Biragzang__NODE_2610_length_5340_cov_38.453359	5340	0	0
Biragzang__NODE_2611_length_5340_cov_10.355345	5340	301	0
MV-4122_S12__NODE_2427_length_5340_cov_30.190161	5340	0	0
cell-4125-0-44_S16__NODE_555_length_5340_cov_8.844465	5340	0	0
Biragzang__NODE_2612_length_5339_cov_57.642127	5339	171	0
Biragzang__NODE_2613_length_5339_cov_22.375284	5339	0	0
Biragzang__NODE_2614_length_5339_cov_14.672218	5339	0	0
Biragzang__NODE_2615_length_5338_cov_39.952678	5338	0	0
Biragzang__NODE_2616_length_5338_cov_6.124172	5338	0	0
MV-4122_S12__NODE_2428_length_5338_cov_191.763960	5338	0	0
MV-4122_S12__NODE_2429_length_5338_cov_15.902707	5338	0	0
MV-4125_S18__NODE_2407_length_5338_cov_25.092372	5338	0	0
cell-4122-0-44_S10__NODE_512_length_5338_cov_8.074011	5338	0	0
cell-4125-0-44_S16__NODE_556_length_5338_cov_5.131175	5338	4	0
Biragzang__NODE_2617_length_5337_cov_33.023097	5337	0	0
Biragzang__NODE_2618_length_5337_cov_12.190647	5337	22	0
Biragzang__NODE_2619_length_5337_cov_11.909504	5337	4	0
MV-4128_S29__NODE_1209_length_5337_cov_769.388868	5337	0	0
MV-4122_S12__NODE_2430_length_5335_cov_7.498485	5335	0	0
Biragzang__NODE_2620_length_5334_cov_5.965524	5334	0	0
MV-4122_S12__NODE_2431_length_5334_cov_6.959841	5334	0	0
MV-4125_S18__NODE_2409_length_5334_cov_8.018375	5334	0	0
MV-4128_S29__NODE_1210_length_5334_cov_10.650881	5334	0	0
MV-4128_S29__NODE_1211_length_5334_cov_8.127297	5334	2	0
Biragzang__NODE_2621_length_5333_cov_21.245169	5333	0	0
MV-4122_S12__NODE_2433_length_5333_cov_8.958696	5333	0	0
cell-4125-0-44_S16__NODE_557_length_5333_cov_7.069913	5333	0	0
Biragzang__NODE_2622_length_5332_cov_9.029941	5332	2	0
Biragzang__NODE_2623_length_5332_cov_6.999052	5332	2	0
MV-4122_S12__NODE_2435_length_5331_cov_96.480857	5331	0	0
Biragzang__NODE_2624_length_5330_cov_34.671090	5330	2	0
Biragzang__NODE_2625_length_5330_cov_13.294976	5330	0	0
Biragzang__NODE_2626_length_5330_cov_6.201327	5330	0	0
MV-4125_S18__NODE_2411_length_5330_cov_7.262180	5330	0	0
Biragzang__NODE_2627_length_5329_cov_36.113007	5329	1	0
Biragzang__NODE_2628_length_5329_cov_11.305650	5329	3	0
Biragzang__NODE_2629_length_5329_cov_11.127228	5329	10	0
Biragzang__NODE_2630_length_5329_cov_10.919606	5329	6	0
MV-4122_S12__NODE_2436_length_5329_cov_21.268297	5329	0	0
MV-4128_S29__NODE_1212_length_5329_cov_26.323474	5329	0	0
Biragzang__NODE_2631_length_5328_cov_4.036602	5328	0	0
MV-4128_S29__NODE_1213_length_5328_cov_19.449839	5328	0	0
Biragzang__NODE_2632_length_5327_cov_5.040781	5327	0	0
MV-4122_S12__NODE_2437_length_5326_cov_20.369000	5326	0	0
MV-4128_S29__NODE_1214_length_5326_cov_13.029406	5326	0	0
Biragzang__NODE_2633_length_5325_cov_11.314991	5325	0	0
Biragzang__NODE_2634_length_5325_cov_7.449336	5325	0	0
MV-4122_S12__NODE_2438_length_5325_cov_4.525237	5325	0	0
cell-4125-0-44_S16__NODE_559_length_5325_cov_5.505882	5325	0	0
Biragzang__NODE_2635_length_5324_cov_4.352249	5324	0	0
Biragzang__NODE_2636_length_5323_cov_7.435649	5323	0	0
MV-4125_S18__NODE_2412_length_5323_cov_136.497722	5323	0	0
MV-4128_S29__NODE_1215_length_5323_cov_3.524867	5323	0	0
cell-4125-0-44_S16__NODE_561_length_5323_cov_5.108580	5323	0	0
Biragzang__NODE_2637_length_5322_cov_15.641921	5322	494	0
Biragzang__NODE_2638_length_5322_cov_7.515474	5322	0	0
Biragzang__NODE_2639_length_5320_cov_5.524786	5320	0	0
MV-4125_S18__NODE_2413_length_5320_cov_7.779867	5320	0	0
MV-4122_S12__NODE_2439_length_5319_cov_9.215426	5319	0	0
MV-4122_S12__NODE_2440_length_5319_cov_6.101254	5319	0	0
cell-4125-0-44_S16__NODE_562_length_5319_cov_10.484233	5319	0	0
Biragzang__NODE_2640_length_5318_cov_39.116854	5318	0	0
cell-4125-0-44_S16__NODE_563_length_5318_cov_7.272848	5318	7	0
Biragzang__NODE_2641_length_5317_cov_14.312239	5317	0	0
cell-4125-0-44_S16__NODE_564_length_5317_cov_5.980236	5317	0	0
cell-4125-0-44_S16__NODE_565_length_5317_cov_5.271950	5317	0	0
Biragzang__NODE_2642_length_5316_cov_8.294431	5316	44	0
cell-4122-0-44_S10__NODE_513_length_5315_cov_44.643726	5315	0	0
cell-4125-0-44_S16__NODE_566_length_5314_cov_5.949990	5314	0	0
Biragzang__NODE_2643_length_5313_cov_44.164701	5313	186	0
Biragzang__NODE_2644_length_5313_cov_15.260555	5313	0	0
Biragzang__NODE_2645_length_5313_cov_4.685051	5313	0	0
cell-4122-0-44_S10__NODE_514_length_5312_cov_27.252996	5312	0	0
Biragzang__NODE_2646_length_5311_cov_50.812215	5311	191	0
Biragzang__NODE_2647_length_5310_cov_12.289629	5310	8	0
MV-4122_S12__NODE_2442_length_5310_cov_25.963463	5310	0	0
MV-4128_S29__NODE_1216_length_5310_cov_22.478021	5310	0	0
Biragzang__NODE_2648_length_5309_cov_9.394937	5309	25	0
Biragzang__NODE_2649_length_5309_cov_5.873049	5309	0	0
Biragzang__NODE_2650_length_5309_cov_5.703083	5309	0	0
MV-4125_S18__NODE_2418_length_5309_cov_7.241150	5309	0	0
cell-4122-0-44_S10__NODE_515_length_5309_cov_29.940997	5309	0	0
cell-4125-0-44_S16__NODE_568_length_5309_cov_6.066235	5309	0	0
Biragzang__NODE_2651_length_5307_cov_8.307883	5307	24	0
Biragzang__NODE_2652_length_5307_cov_6.103199	5307	0	0
MV-4122_S12__NODE_2443_length_5307_cov_21.508187	5307	0	0
cell-4122-0-44_S10__NODE_516_length_5307_cov_13.113671	5307	0	0
Biragzang__NODE_2653_length_5306_cov_6.488669	5306	0	0
Biragzang__NODE_2654_length_5305_cov_5.951810	5305	0	0
MV-4125_S18__NODE_2421_length_5305_cov_6.144000	5305	0	0
cell-4122-0-44_S10__NODE_517_length_5305_cov_29.414476	5305	0	0
Biragzang__NODE_2655_length_5304_cov_7.147647	5304	0	0
Biragzang__NODE_2656_length_5304_cov_6.183654	5304	0	0
MV-4122_S12__NODE_2444_length_5304_cov_11.857116	5304	0	0
cell-4125-0-44_S16__NODE_569_length_5304_cov_10.958278	5304	0	0
MV-4128_S29__NODE_1217_length_5303_cov_7.548018	5303	6	0
cell-4125-0-44_S16__NODE_570_length_5303_cov_7.654535	5303	0	0
Biragzang__NODE_2657_length_5302_cov_5.984563	5302	0	0
MV-4122_S12__NODE_2445_length_5302_cov_21.755479	5302	0	0
MV-4125_S18__NODE_2425_length_5302_cov_6.269106	5302	0	0
cell-4125-0-44_S16__NODE_571_length_5302_cov_5.655613	5302	0	0
MV-4122_S12__NODE_2446_length_5301_cov_8.924895	5301	0	0
MV-4125_S18__NODE_2427_length_5301_cov_7.899352	5301	0	0
MV-4128_S29__NODE_1218_length_5301_cov_13.170416	5301	0	0
cell-4125-0-44_S16__NODE_572_length_5301_cov_7.406786	5301	0	0
Biragzang__NODE_2658_length_5300_cov_7.604004	5300	19	0
MV-4128_S29__NODE_1219_length_5300_cov_18.243470	5300	0	0
cell-4125-0-44_S16__NODE_573_length_5300_cov_6.588561	5300	0	0
Biragzang__NODE_2659_length_5299_cov_6.032990	5299	0	0
MV-4122_S12__NODE_2447_length_5298_cov_6.134656	5298	0	0
MV-4128_S29__NODE_1220_length_5298_cov_8.794965	5298	0	0
cell-4125-0-44_S16__NODE_574_length_5298_cov_8.453557	5298	0	0
MV-4122_S12__NODE_2448_length_5297_cov_21.810568	5297	0	0
Biragzang__NODE_2660_length_5295_cov_12.669656	5295	0	0
Biragzang__NODE_2661_length_5295_cov_4.166603	5295	0	0
Biragzang__NODE_2662_length_5294_cov_4.344341	5294	0	0
MV-4122_S12__NODE_2449_length_5294_cov_6.263218	5294	0	0
cell-4125-0-44_S16__NODE_575_length_5294_cov_11.275816	5294	0	0
Biragzang__NODE_2663_length_5293_cov_11.399198	5293	0	0
Biragzang__NODE_2664_length_5293_cov_7.597556	5293	14	0
MV-4122_S12__NODE_2450_length_5293_cov_76.025773	5293	2	0
Biragzang__NODE_2665_length_5292_cov_8.084590	5292	4	0
MV-4125_S18__NODE_2433_length_5292_cov_22.806378	5292	0	0
MV-4125_S18__NODE_2434_length_5292_cov_20.922666	5292	0	0
cell-4125-0-44_S16__NODE_576_length_5292_cov_7.115142	5292	0	0
Biragzang__NODE_2666_length_5291_cov_6.267571	5291	0	0
Biragzang__NODE_2667_length_5291_cov_3.995034	5291	0	0
MV-4125_S18__NODE_2435_length_5291_cov_7.110390	5291	0	0
MV-4128_S29__NODE_1222_length_5291_cov_22.982047	5291	0	0
cell-4122-0-44_S10__NODE_518_length_5291_cov_30.714286	5291	0	0
MV-4125_S18__NODE_2437_length_5290_cov_7.590449	5290	0	0
cell-4122-0-44_S10__NODE_519_length_5289_cov_67.124570	5289	0	0
Biragzang__NODE_2668_length_5288_cov_50.855150	5288	0	0
Biragzang__NODE_2669_length_5286_cov_5.576563	5286	0	0
cell-4125-0-44_S16__NODE_577_length_5286_cov_10.076658	5286	0	0
Biragzang__NODE_2670_length_5283_cov_46.631217	5283	0	0
cell-4125-0-44_S16__NODE_578_length_5283_cov_6.011668	5283	2	0
MV-4125_S18__NODE_2439_length_5282_cov_23.240099	5282	0	0
Biragzang__NODE_2671_length_5281_cov_9.429200	5281	48	0
Biragzang__NODE_2672_length_5280_cov_14.695885	5280	0	0
Biragzang__NODE_2673_length_5280_cov_11.405933	5280	0	0
Biragzang__NODE_2674_length_5280_cov_8.615885	5280	41	0
MV-4122_S12__NODE_2451_length_5280_cov_10.581818	5280	0	0
MV-4128_S29__NODE_1223_length_5279_cov_26.269525	5279	0	0
Biragzang__NODE_2675_length_5278_cov_5.065288	5278	0	0
MV-4122_S12__NODE_2452_length_5278_cov_11.769673	5278	0	0
MV-4125_S18__NODE_2441_length_5278_cov_5.827302	5278	0	0
Biragzang__NODE_2676_length_5277_cov_40.563386	5277	119	0
MV-4128_S29__NODE_1224_length_5277_cov_28.736308	5277	1	0
MV-4128_S29__NODE_1225_length_5277_cov_8.018767	5277	10	0
MV-4125_S18__NODE_2442_length_5275_cov_15.727203	5275	0	0
MV-4128_S29__NODE_1226_length_5275_cov_4.972797	5275	0	0
Biragzang__NODE_2677_length_5274_cov_8.300057	5274	26	0
MV-4128_S29__NODE_1227_length_5274_cov_7.132592	5274	0	0
Biragzang__NODE_2678_length_5273_cov_23.692794	5273	350	0
Biragzang__NODE_2679_length_5273_cov_7.228248	5273	21	0
MV-4122_S12__NODE_2453_length_5273_cov_5.354925	5273	0	0
MV-4128_S29__NODE_1228_length_5273_cov_6.912227	5273	2	0
cell-4125-0-44_S16__NODE_579_length_5273_cov_7.700268	5273	0	0
Biragzang__NODE_2680_length_5272_cov_40.070730	5272	0	0
MV-4122_S12__NODE_2454_length_5271_cov_30.179831	5271	0	0
MV-4122_S12__NODE_2455_length_5271_cov_4.992715	5271	0	0
Biragzang__NODE_2681_length_5270_cov_7.884947	5270	231	0
cell-4122-0-44_S10__NODE_520_length_5270_cov_17.358006	5270	0	0
Biragzang__NODE_2682_length_5269_cov_19.478519	5269	0	0
cell-4125-0-44_S16__NODE_581_length_5269_cov_7.937284	5269	0	0
Biragzang__NODE_2683_length_5268_cov_5.910224	5268	0	0
Biragzang__NODE_2684_length_5268_cov_4.308076	5268	0	0
cell-4122-0-44_S10__NODE_521_length_5267_cov_12.856869	5267	0	0
Biragzang__NODE_2685_length_5266_cov_45.240261	5266	3	0
Biragzang__NODE_2686_length_5266_cov_10.364230	5266	2	0
MV-4122_S12__NODE_2456_length_5266_cov_4.700825	5266	0	0
MV-4128_S29__NODE_1229_length_5266_cov_30.382460	5266	0	0
MV-4128_S29__NODE_1230_length_5266_cov_4.156784	5266	0	0
Biragzang__NODE_2687_length_5265_cov_11.746641	5265	13	0
MV-4122_S12__NODE_2457_length_5264_cov_25.924746	5264	0	0
MV-4122_S12__NODE_2458_length_5264_cov_6.055865	5264	0	0
Biragzang__NODE_2688_length_5263_cov_6.534370	5263	0	0
MV-4125_S18__NODE_2449_length_5263_cov_6.515745	5263	0	0
MV-4125_S18__NODE_2450_length_5263_cov_4.943740	5263	0	0
cell-4125-0-44_S16__NODE_582_length_5262_cov_8.980795	5262	0	0
Biragzang__NODE_2689_length_5261_cov_13.394929	5261	0	0
MV-4122_S12__NODE_2459_length_5261_cov_21.724549	5261	0	0
Biragzang__NODE_2690_length_5260_cov_9.758694	5260	7	0
MV-4122_S12__NODE_2460_length_5260_cov_73.185207	5260	0	0
cell-4125-0-44_S16__NODE_583_length_5260_cov_6.712584	5260	0	0
Biragzang__NODE_2691_length_5259_cov_13.011145	5259	0	0
MV-4125_S18__NODE_2452_length_5259_cov_6.777479	5259	0	0
Biragzang__NODE_2692_length_5258_cov_10.281184	5258	20	0
MV-4122_S12__NODE_2461_length_5258_cov_13.119162	5258	0	0
MV-4125_S18__NODE_2454_length_5258_cov_13.891217	5258	2	0
MV-4122_S12__NODE_2462_length_5257_cov_5.047674	5257	0	0
Biragzang__NODE_2693_length_5256_cov_17.211690	5256	163	0
Biragzang__NODE_2694_length_5256_cov_11.042300	5256	0	0
MV-4122_S12__NODE_2463_length_5255_cov_4.867115	5255	0	0
MV-4125_S18__NODE_2455_length_5255_cov_15.800769	5255	0	0
cell-4125-0-22_S17__NODE_13_length_5255_cov_5.680577	5255	0	0
Biragzang__NODE_2695_length_5254_cov_6.678784	5254	0	0
MV-4128_S29__NODE_1231_length_5253_cov_28.852636	5253	0	0
MV-4122_S12__NODE_2465_length_5252_cov_37.358091	5252	0	0
MV-4122_S12__NODE_2466_length_5252_cov_21.730614	5252	0	0
cell-4125-0-44_S16__NODE_585_length_5251_cov_6.921671	5251	0	0
MV-4125_S18__NODE_2458_length_5250_cov_19.616362	5250	0	0
Biragzang__NODE_2696_length_5249_cov_8.617251	5249	2	0
MV-4128_S29__NODE_1232_length_5249_cov_14.315556	5249	0	0
cell-4125-0-44_S16__NODE_586_length_5249_cov_5.356758	5249	0	0
Biragzang__NODE_2697_length_5248_cov_37.657231	5248	110	0
Biragzang__NODE_2698_length_5248_cov_10.390141	5248	0	0
Biragzang__NODE_2699_length_5248_cov_4.975159	5248	0	0
Biragzang__NODE_2700_length_5247_cov_63.368451	5247	0	0
MV-4122_S12__NODE_2468_length_5247_cov_24.632126	5247	0	0
cell-4125-0-44_S16__NODE_587_length_5246_cov_7.935851	5246	0	0
Biragzang__NODE_2701_length_5244_cov_6.663134	5244	0	0
MV-4125_S18__NODE_2462_length_5244_cov_7.315282	5244	0	0
cell-4125-0-44_S16__NODE_588_length_5244_cov_4.535941	5244	0	0
MV-4122_S12__NODE_2470_length_5243_cov_10.582305	5243	0	0
MV-4125_S18__NODE_2463_length_5243_cov_22.488628	5243	0	0
MV-4125_S18__NODE_2464_length_5243_cov_17.699884	5243	0	0
MV-4125_S18__NODE_2465_length_5243_cov_9.836739	5243	0	0
MV-4122_S12__NODE_2471_length_5242_cov_10.423944	5242	0	0
cell-4125-0-44_S16__NODE_589_length_5242_cov_6.112204	5242	0	0
Biragzang__NODE_2702_length_5241_cov_32.300039	5241	0	0
Biragzang__NODE_2703_length_5240_cov_47.298168	5240	0	0
MV-4128_S29__NODE_1233_length_5240_cov_6.659402	5240	2	0
Biragzang__NODE_2704_length_5239_cov_19.298611	5239	3	0
MV-4128_S29__NODE_1234_length_5239_cov_5.394290	5239	0	0
cell-4125-0-44_S16__NODE_590_length_5239_cov_5.707755	5239	0	0
MV-4122_S12__NODE_2472_length_5238_cov_21.002894	5238	0	0
MV-4128_S29__NODE_1235_length_5238_cov_25.125796	5238	0	0
Biragzang__NODE_2705_length_5237_cov_40.158626	5237	0	0
Biragzang__NODE_2706_length_5237_cov_7.530297	5237	0	0
Biragzang__NODE_2707_length_5237_cov_6.289078	5237	0	0
MV-4122_S12__NODE_2473_length_5237_cov_6.392127	5237	0	0
MV-4125_S18__NODE_2467_length_5237_cov_22.871671	5237	0	0
Biragzang__NODE_2708_length_5236_cov_10.018529	5236	17	0
MV-4128_S29__NODE_1236_length_5236_cov_5.942289	5236	0	0
MV-4122_S12__NODE_2474_length_5235_cov_11.819305	5235	0	0
MV-4122_S12__NODE_2475_length_5235_cov_10.207529	5235	0	0
MV-4122_S12__NODE_2476_length_5235_cov_5.253668	5235	0	0
MV-4122_S12__NODE_2477_length_5235_cov_4.674517	5235	0	0
cell-4122-0-44_S10__NODE_522_length_5235_cov_19.894981	5235	0	0
cell-4122-0-44_S10__NODE_523_length_5235_cov_17.398069	5235	0	0
Biragzang__NODE_2709_length_5233_cov_48.877173	5233	0	0
MV-4128_S29__NODE_1237_length_5233_cov_14.345886	5233	0	0
Biragzang__NODE_2710_length_5231_cov_11.062983	5231	337	0
Biragzang__NODE_2711_length_5231_cov_7.707110	5231	22	0
Biragzang__NODE_2712_length_5231_cov_7.403787	5231	0	0
Biragzang__NODE_2713_length_5230_cov_15.359420	5230	471	0
Biragzang__NODE_2714_length_5229_cov_6.184383	5229	0	0
cell-4122-0-44_S10__NODE_524_length_5229_cov_12.774256	5229	0	0
Biragzang__NODE_2715_length_5228_cov_46.793157	5228	122	0
Biragzang__NODE_2716_length_5228_cov_7.830659	5228	6	0
Biragzang__NODE_2717_length_5228_cov_5.583994	5228	0	0
Biragzang__NODE_2718_length_5228_cov_3.551324	5228	0	0
MV-4122_S12__NODE_2478_length_5228_cov_5.358979	5228	0	0
Biragzang__NODE_2719_length_5227_cov_16.089520	5227	0	0
MV-4122_S12__NODE_2479_length_5227_cov_11.264695	5227	0	0
cell-4122-0-44_S10__NODE_525_length_5225_cov_16.128820	5225	0	0
MV-4128_S29__NODE_1238_length_5224_cov_8.398723	5224	4	0
Biragzang__NODE_2720_length_5223_cov_6.635255	5223	0	0
MV-4128_S29__NODE_1239_length_5223_cov_28.550310	5223	0	0
Biragzang__NODE_2721_length_5222_cov_4.125992	5222	0	0
MV-4122_S12__NODE_2481_length_5222_cov_8.099284	5222	0	0
Biragzang__NODE_2722_length_5220_cov_17.536108	5220	2	0
Biragzang__NODE_2723_length_5220_cov_13.666602	5220	0	0
Biragzang__NODE_2724_length_5220_cov_4.508035	5220	10	0
Biragzang__NODE_2725_length_5219_cov_48.894655	5219	0	0
Biragzang__NODE_2726_length_5219_cov_25.473277	5219	0	0
MV-4125_S18__NODE_2474_length_5219_cov_10.194810	5219	0	0
MV-4125_S18__NODE_2475_length_5218_cov_15.915553	5218	0	0
Biragzang__NODE_2727_length_5217_cov_29.364587	5217	0	0
cell-4125-0-44_S16__NODE_591_length_5217_cov_4.992251	5217	0	0
Biragzang__NODE_2728_length_5215_cov_58.247481	5215	0	0
Biragzang__NODE_2729_length_5215_cov_10.821124	5215	12	0
MV-4128_S29__NODE_1240_length_5215_cov_5.511047	5215	0	0
Biragzang__NODE_2730_length_5214_cov_14.618143	5214	0	0
MV-4125_S18__NODE_2479_length_5214_cov_7.076178	5214	0	0
cell-4125-0-44_S16__NODE_592_length_5214_cov_4.941268	5214	0	0
Biragzang__NODE_2731_length_5213_cov_48.162854	5213	0	0
Biragzang__NODE_2732_length_5213_cov_5.305739	5213	0	0
MV-4125_S18__NODE_2480_length_5213_cov_22.887941	5213	0	0
MV-4125_S18__NODE_2481_length_5213_cov_8.981388	5213	0	0
MV-4128_S29__NODE_1241_length_5213_cov_7.663823	5213	8	0
cell-4125-0-44_S16__NODE_593_length_5213_cov_24.524622	5213	0	0
MV-4128_S29__NODE_1242_length_5212_cov_13.186736	5212	0	0
cell-4125-0-44_S16__NODE_594_length_5212_cov_4.698856	5212	0	0
Biragzang__NODE_2733_length_5211_cov_33.770171	5211	0	0
Biragzang__NODE_2734_length_5211_cov_21.816524	5211	0	0
Biragzang__NODE_2735_length_5211_cov_9.665244	5211	10	0
cell-4125-0-44_S16__NODE_595_length_5210_cov_8.117168	5210	4	0
Biragzang__NODE_2736_length_5209_cov_12.523671	5209	2	0
Biragzang__NODE_2737_length_5209_cov_11.102057	5209	11	0
cell-4125-0-44_S16__NODE_596_length_5209_cov_5.458091	5209	0	0
MV-4122_S12__NODE_2482_length_5208_cov_11.526295	5208	0	0
MV-4128_S29__NODE_1243_length_5208_cov_12.962158	5208	0	0
Biragzang__NODE_2738_length_5207_cov_27.953610	5207	71	0
Biragzang__NODE_2739_length_5206_cov_16.787420	5206	0	0
Biragzang__NODE_2740_length_5205_cov_47.160777	5205	0	0
MV-4122_S12__NODE_2483_length_5205_cov_73.046019	5205	0	0
cell-4122-0-44_S10__NODE_526_length_5205_cov_18.396117	5205	0	0
Biragzang__NODE_2741_length_5204_cov_6.763838	5204	0	0
MV-4122_S12__NODE_2484_length_5204_cov_30.650612	5204	0	0
MV-4122_S12__NODE_2485_length_5204_cov_11.535444	5204	0	0
Biragzang__NODE_2742_length_5203_cov_7.700466	5203	16	0
MV-4122_S12__NODE_2486_length_5203_cov_5.046814	5203	0	0
Biragzang__NODE_2743_length_5202_cov_9.848650	5202	8	0
MV-4122_S12__NODE_2487_length_5202_cov_7.365261	5202	0	0
MV-4128_S29__NODE_1244_length_5201_cov_19.898368	5201	0	0
MV-4125_S18__NODE_2488_length_5200_cov_8.547328	5200	0	0
MV-4128_S29__NODE_1245_length_5199_cov_5.248250	5199	7	0
cell-4122-0-44_S10__NODE_527_length_5199_cov_19.667963	5199	0	0
MV-4122_S12__NODE_2489_length_5197_cov_7.442240	5197	0	0
cell-4122-0-44_S10__NODE_528_length_5197_cov_13.509529	5197	0	0
Biragzang__NODE_2744_length_5196_cov_14.542696	5196	448	0
MV-4128_S29__NODE_1246_length_5196_cov_9.580626	5196	0	0
cell-4122-0-44_S10__NODE_529_length_5196_cov_10.424431	5196	0	0
MV-4122_S12__NODE_2490_length_5195_cov_12.450195	5195	0	0
MV-4125_S18__NODE_2495_length_5195_cov_7.610895	5195	0	0
MV-4122_S12__NODE_2491_length_5194_cov_4.531232	5194	0	0
MV-4128_S29__NODE_1247_length_5194_cov_11.592917	5194	0	0
cell-4125-0-44_S16__NODE_598_length_5194_cov_7.828955	5194	0	0
Biragzang__NODE_2745_length_5193_cov_10.800117	5193	0	0
MV-4122_S12__NODE_2492_length_5192_cov_23.685030	5192	0	0
MV-4122_S12__NODE_2493_length_5191_cov_6.748952	5191	0	0
Biragzang__NODE_2746_length_5190_cov_7.571762	5190	25	0
MV-4122_S12__NODE_2494_length_5189_cov_13.610440	5189	0	0
MV-4125_S18__NODE_2496_length_5189_cov_7.394819	5189	0	0
Biragzang__NODE_2747_length_5188_cov_46.604909	5188	0	0
Biragzang__NODE_2748_length_5186_cov_11.019100	5186	2	0
Biragzang__NODE_2749_length_5186_cov_5.506529	5186	0	0
MV-4122_S12__NODE_2496_length_5186_cov_8.611382	5186	0	0
cell-4122-0-44_S10__NODE_530_length_5186_cov_11.744299	5186	0	0
Biragzang__NODE_2750_length_5185_cov_12.876998	5185	0	0
Biragzang__NODE_2751_length_5185_cov_9.392982	5185	157	0
Biragzang__NODE_2752_length_5185_cov_6.325926	5185	4	0
Biragzang__NODE_2753_length_5185_cov_3.956530	5185	0	0
cell-4125-0-44_S16__NODE_599_length_5185_cov_9.168421	5185	0	0
Biragzang__NODE_2754_length_5183_cov_12.551677	5183	0	0
cell-4122-0-44_S10__NODE_531_length_5183_cov_12.506240	5183	0	0
MV-4125_S18__NODE_2498_length_5182_cov_7.761459	5182	0	0
Biragzang__NODE_2755_length_5181_cov_5.466446	5181	2	0
cell-4122-0-44_S10__NODE_532_length_5180_cov_45.820488	5180	0	0
Biragzang__NODE_2756_length_5179_cov_21.257221	5179	0	0
Biragzang__NODE_2757_length_5179_cov_7.272053	5179	28	0
MV-4125_S18__NODE_2499_length_5178_cov_14.974624	5178	0	0
MV-4125_S18__NODE_2500_length_5178_cov_10.925044	5178	0	0
cell-4125-0-44_S16__NODE_600_length_5178_cov_5.902401	5178	0	0
MV-4128_S29__NODE_1250_length_5177_cov_21.926201	5177	0	0
cell-4125-0-44_S16__NODE_601_length_5177_cov_7.055838	5177	0	0
Biragzang__NODE_2758_length_5176_cov_4.916813	5176	0	0
Biragzang__NODE_2759_length_5175_cov_23.230078	5175	0	0
cell-4122-0-44_S10__NODE_533_length_5175_cov_15.049609	5175	0	0
cell-4125-0-44_S16__NODE_602_length_5175_cov_4.362305	5175	0	0
Biragzang__NODE_2760_length_5174_cov_6.016214	5174	0	0
MV-4125_S18__NODE_2504_length_5174_cov_7.304747	5174	0	0
Biragzang__NODE_2761_length_5173_cov_13.195975	5173	399	0
MV-4125_S18__NODE_2505_length_5173_cov_10.183665	5173	0	0
Biragzang__NODE_2762_length_5171_cov_86.895231	5171	0	0
Biragzang__NODE_2763_length_5171_cov_6.149335	5171	0	0
MV-4128_S29__NODE_1251_length_5170_cov_14.848876	5170	0	0
Biragzang__NODE_2764_length_5169_cov_5.752053	5169	0	0
MV-4122_S12__NODE_2497_length_5169_cov_13.262026	5169	0	0
MV-4125_S18__NODE_2506_length_5169_cov_19.732499	5169	0	0
MV-4125_S18__NODE_2508_length_5169_cov_7.255182	5169	0	0
MV-4128_S29__NODE_1252_length_5169_cov_23.621822	5169	0	0
MV-4128_S29__NODE_1253_length_5169_cov_10.143723	5169	0	0
Biragzang__NODE_2765_length_5168_cov_6.892235	5168	0	0
MV-4122_S12__NODE_2498_length_5168_cov_12.807941	5168	0	0
Biragzang__NODE_2766_length_5167_cov_12.436620	5167	0	0
MV-4125_S18__NODE_2509_length_5167_cov_7.309272	5167	0	0
Biragzang__NODE_2767_length_5166_cov_12.979065	5166	0	0
Biragzang__NODE_2768_length_5166_cov_10.576404	5166	0	0
MV-4122_S12__NODE_2499_length_5166_cov_21.927607	5166	0	0
Biragzang__NODE_2769_length_5165_cov_5.579061	5165	0	0
MV-4128_S29__NODE_1254_length_5165_cov_26.970254	5165	0	0
MV-4122_S12__NODE_2500_length_5163_cov_9.297181	5163	0	0
MV-4125_S18__NODE_2511_length_5163_cov_10.819499	5163	0	0
MV-4125_S18__NODE_2512_length_5163_cov_7.806186	5163	0	0
cell-4122-0-44_S10__NODE_534_length_5162_cov_22.372626	5162	0	0
cell-4125-0-44_S16__NODE_603_length_5162_cov_5.965146	5162	0	0
Biragzang__NODE_2770_length_5161_cov_5.128672	5161	0	0
cell-4125-0-44_S16__NODE_604_length_5161_cov_10.055033	5161	0	0
Biragzang__NODE_2771_length_5160_cov_14.717140	5160	407	0
Biragzang__NODE_2772_length_5160_cov_9.455044	5160	0	0
Biragzang__NODE_2773_length_5160_cov_6.555730	5160	0	0
cell-4125-0-44_S16__NODE_605_length_5160_cov_7.893634	5160	0	0
Biragzang__NODE_2774_length_5159_cov_19.235502	5159	0	0
MV-4122_S12__NODE_2501_length_5159_cov_7.056622	5159	0	0
cell-4122-0-44_S10__NODE_535_length_5159_cov_10.712970	5159	0	0
Biragzang__NODE_2775_length_5158_cov_10.507349	5158	0	0
Biragzang__NODE_2776_length_5156_cov_46.265634	5156	0	0
MV-4122_S12__NODE_2502_length_5156_cov_12.408939	5156	0	0
MV-4122_S12__NODE_2503_length_5156_cov_5.143109	5156	0	0
MV-4122_S12__NODE_2504_length_5156_cov_4.826701	5156	0	0
MV-4128_S29__NODE_1255_length_5156_cov_6.667124	5156	0	0
MV-4122_S12__NODE_2505_length_5155_cov_4.549412	5155	0	0
Biragzang__NODE_2777_length_5153_cov_17.804629	5153	56	0
MV-4122_S12__NODE_2506_length_5153_cov_19.461161	5153	0	0
Biragzang__NODE_2778_length_5152_cov_14.752992	5152	421	0
Biragzang__NODE_2779_length_5152_cov_9.811262	5152	292	0
Biragzang__NODE_2780_length_5151_cov_4.960950	5151	0	0
cell-4125-0-44_S16__NODE_608_length_5151_cov_5.017465	5151	0	0
Biragzang__NODE_2781_length_5149_cov_5.844130	5149	0	0
MV-4128_S29__NODE_1256_length_5148_cov_29.651679	5148	0	0
cell-4125-0-44_S16__NODE_609_length_5148_cov_9.417828	5148	0	0
cell-4125-0-44_S16__NODE_610_length_5148_cov_4.052425	5148	0	0
Biragzang__NODE_2782_length_5144_cov_4.197288	5144	0	0
cell-4122-0-22_S11__NODE_236_length_5144_cov_14.583022	5144	0	0
MV-4122_S12__NODE_2508_length_5142_cov_4.835660	5142	0	0
Biragzang__NODE_2783_length_5141_cov_13.673417	5141	0	0
MV-4122_S12__NODE_2509_length_5141_cov_39.042863	5141	0	0
Biragzang__NODE_2784_length_5140_cov_31.302262	5140	0	0
MV-4122_S12__NODE_2510_length_5140_cov_8.635988	5140	0	0
MV-4125_S18__NODE_2525_length_5139_cov_6.535208	5139	0	0
MV-4122_S12__NODE_2511_length_5138_cov_6.197324	5138	0	0
cell-4122-0-44_S10__NODE_536_length_5138_cov_58.319890	5138	0	0
Biragzang__NODE_2785_length_5137_cov_10.402991	5137	1	0
cell-4125-0-22_S17__NODE_14_length_5137_cov_11.219599	5137	0	0
Biragzang__NODE_2786_length_5136_cov_5.451092	5136	0	0
MV-4122_S12__NODE_2512_length_5136_cov_76.074592	5136	0	0
Biragzang__NODE_2787_length_5135_cov_14.458661	5135	0	0
Biragzang__NODE_2788_length_5135_cov_10.065354	5135	13	0
Biragzang__NODE_2789_length_5135_cov_8.654528	5135	6	0
MV-4128_S29__NODE_1257_length_5135_cov_19.258661	5135	0	0
MV-4128_S29__NODE_1258_length_5135_cov_12.576181	5135	0	0
cell-4125-0-44_S16__NODE_611_length_5135_cov_6.012205	5135	0	0
Biragzang__NODE_2790_length_5134_cov_7.053160	5134	0	0
Biragzang__NODE_2791_length_5133_cov_4.020677	5133	0	0
MV-4128_S29__NODE_1259_length_5133_cov_30.604372	5133	0	0
Biragzang__NODE_2792_length_5132_cov_4.651172	5132	0	0
MV-4128_S29__NODE_1260_length_5132_cov_16.400433	5132	0	0
Biragzang__NODE_2793_length_5131_cov_9.318952	5131	2	0
cell-4122-0-44_S10__NODE_537_length_5131_cov_30.060678	5131	0	0
Biragzang__NODE_2794_length_5130_cov_24.272118	5130	86	0
MV-4122_S12__NODE_2513_length_5130_cov_5.557044	5130	0	0
cell-4125-0-44_S16__NODE_612_length_5130_cov_7.909951	5130	0	0
MV-4125_S18__NODE_2527_length_5129_cov_7.389633	5129	0	0
MV-4125_S18__NODE_2529_length_5128_cov_23.365070	5128	0	0
MV-4128_S29__NODE_1261_length_5128_cov_7.839148	5128	0	0
Biragzang__NODE_2795_length_5127_cov_8.592271	5127	24	0
Biragzang__NODE_2796_length_5127_cov_6.214905	5127	0	0
Biragzang__NODE_2797_length_5127_cov_5.606664	5127	0	0
MV-4125_S18__NODE_2531_length_5127_cov_12.919164	5127	0	0
cell-4125-0-44_S16__NODE_613_length_5127_cov_8.053628	5127	8	0
cell-4125-0-44_S16__NODE_614_length_5127_cov_5.189274	5127	0	0
Biragzang__NODE_2798_length_5126_cov_39.563400	5126	137	0
Biragzang__NODE_2799_length_5126_cov_24.230724	5126	108	0
MV-4125_S18__NODE_2532_length_5126_cov_6.395583	5126	0	0
cell-4122-0-44_S10__NODE_538_length_5126_cov_20.184382	5126	0	0
MV-4122_S12__NODE_2514_length_5125_cov_7.635700	5125	0	0
cell-4125-0-44_S16__NODE_615_length_5125_cov_10.881065	5125	2	0
cell-4125-0-44_S16__NODE_616_length_5125_cov_7.821696	5125	0	0
Biragzang__NODE_2800_length_5124_cov_26.601302	5124	0	0
MV-4122_S12__NODE_2515_length_5124_cov_24.427106	5124	0	0
MV-4128_S29__NODE_1262_length_5124_cov_15.931545	5124	1	0
Biragzang__NODE_2801_length_5123_cov_29.153512	5123	0	0
MV-4122_S12__NODE_2516_length_5123_cov_22.358919	5123	0	0
MV-4128_S29__NODE_1263_length_5123_cov_13.043212	5123	0	0
cell-4122-0-44_S10__NODE_539_length_5123_cov_21.920876	5123	0	0
Biragzang__NODE_2802_length_5122_cov_9.299980	5122	31	0
MV-4122_S12__NODE_2517_length_5122_cov_9.613775	5122	0	0
Biragzang__NODE_2803_length_5121_cov_14.702132	5121	0	0
Biragzang__NODE_2804_length_5121_cov_8.280497	5121	11	0
Biragzang__NODE_2805_length_5121_cov_7.798855	5121	39	0
Biragzang__NODE_2806_length_5121_cov_7.544809	5121	0	0
MV-4122_S12__NODE_2518_length_5121_cov_21.375049	5121	5	0
MV-4122_S12__NODE_2519_length_5121_cov_7.512633	5121	0	0
MV-4125_S18__NODE_2536_length_5119_cov_18.631912	5119	0	0
MV-4125_S18__NODE_2537_length_5119_cov_10.259874	5119	0	0
MV-4125_S18__NODE_2539_length_5119_cov_5.921209	5119	0	0
MV-4125_S18__NODE_2540_length_5119_cov_5.151659	5119	0	0
Biragzang__NODE_2807_length_5118_cov_9.410429	5118	0	0
MV-4122_S12__NODE_2520_length_5118_cov_6.216077	5118	0	0
cell-4122-0-44_S10__NODE_540_length_5118_cov_14.436895	5118	0	0
cell-4125-0-44_S16__NODE_617_length_5118_cov_5.035355	5118	0	0
cell-4125-0-44_S16__NODE_618_length_5118_cov_4.969386	5118	0	0
MV-4122_S12__NODE_2521_length_5117_cov_82.546424	5117	0	0
MV-4128_S29__NODE_1264_length_5117_cov_8.511655	5117	0	0
cell-4125-0-44_S16__NODE_619_length_5117_cov_5.582181	5117	0	0
Biragzang__NODE_2808_length_5116_cov_35.763683	5116	124	0
Biragzang__NODE_2809_length_5116_cov_28.532306	5116	0	0
MV-4122_S12__NODE_2522_length_5116_cov_9.482909	5116	0	0
Biragzang__NODE_2810_length_5115_cov_9.823715	5115	293	0
Biragzang__NODE_2811_length_5115_cov_8.397826	5115	22	0
MV-4125_S18__NODE_2543_length_5115_cov_5.325099	5115	0	0
Biragzang__NODE_2812_length_5114_cov_10.528761	5114	16	0
Biragzang__NODE_2813_length_5114_cov_7.243922	5114	30	0
MV-4128_S29__NODE_1265_length_5114_cov_22.780391	5114	0	0
cell-4122-0-44_S10__NODE_541_length_5114_cov_16.467484	5114	0	0
cell-4122-0-44_S10__NODE_542_length_5114_cov_13.049022	5114	0	0
Biragzang__NODE_2814_length_5113_cov_39.207197	5113	0	0
Biragzang__NODE_2815_length_5112_cov_4.821040	5112	0	0
Biragzang__NODE_2816_length_5110_cov_32.282690	5110	99	0
Biragzang__NODE_2817_length_5110_cov_5.010880	5110	0	0
cell-4125-0-44_S16__NODE_620_length_5110_cov_7.404748	5110	0	0
MV-4122_S12__NODE_2523_length_5109_cov_10.897309	5109	0	0
Biragzang__NODE_2818_length_5108_cov_9.947754	5108	0	0
Biragzang__NODE_2819_length_5108_cov_4.671680	5108	0	0
Biragzang__NODE_2820_length_5107_cov_41.676564	5107	98	0
Biragzang__NODE_2821_length_5107_cov_8.296120	5107	26	0
MV-4122_S12__NODE_2526_length_5106_cov_7.525045	5106	0	0
cell-4122-0-44_S10__NODE_543_length_5105_cov_16.185545	5105	0	0
cell-4125-0-44_S16__NODE_621_length_5105_cov_5.614257	5105	4	0
Biragzang__NODE_2822_length_5104_cov_4.878986	5104	0	0
cell-4125-0-44_S16__NODE_622_length_5104_cov_8.807487	5104	0	0
cell-4125-0-44_S16__NODE_623_length_5104_cov_6.500891	5104	0	0
Biragzang__NODE_2823_length_5103_cov_7.103803	5103	0	0
MV-4128_S29__NODE_1266_length_5103_cov_10.159667	5103	0	0
cell-4125-0-44_S16__NODE_624_length_5103_cov_7.362322	5103	0	0
Biragzang__NODE_2824_length_5102_cov_6.760055	5102	0	0
Biragzang__NODE_2825_length_5101_cov_24.860087	5101	0	0
cell-4122-0-44_S10__NODE_544_length_5101_cov_27.302616	5101	0	0
Biragzang__NODE_2826_length_5100_cov_39.004955	5100	0	0
Biragzang__NODE_2827_length_5100_cov_5.681467	5100	0	0
MV-4122_S12__NODE_2527_length_5100_cov_6.290585	5100	0	0
Biragzang__NODE_2828_length_5099_cov_15.982950	5099	0	0
Biragzang__NODE_2829_length_5099_cov_6.729381	5099	0	0
MV-4122_S12__NODE_2528_length_5099_cov_46.773592	5099	0	0
MV-4128_S29__NODE_1267_length_5099_cov_12.954996	5099	0	0
MV-4125_S18__NODE_2546_length_5098_cov_10.569106	5098	0	0
Biragzang__NODE_2830_length_5097_cov_3.712416	5097	0	0
MV-4122_S12__NODE_2529_length_5097_cov_34.698929	5097	0	0
Biragzang__NODE_2831_length_5096_cov_24.116048	5096	0	0
Biragzang__NODE_2832_length_5096_cov_13.897441	5096	4	0
Biragzang__NODE_2833_length_5096_cov_5.393573	5096	0	0
MV-4125_S18__NODE_2547_length_5096_cov_27.655426	5096	0	0
MV-4128_S29__NODE_1268_length_5096_cov_18.398929	5096	0	0
Biragzang__NODE_2834_length_5095_cov_8.117857	5095	2	0
Biragzang__NODE_2835_length_5095_cov_6.695635	5095	0	0
Biragzang__NODE_2836_length_5094_cov_50.310181	5094	0	0
cell-4125-0-44_S16__NODE_625_length_5094_cov_15.208375	5094	0	0
MV-4122_S12__NODE_2530_length_5093_cov_7.689559	5093	0	0
MV-4125_S18__NODE_2550_length_5093_cov_6.187574	5093	0	0
cell-4122-0-44_S10__NODE_545_length_5093_cov_10.768162	5093	0	0
Biragzang__NODE_2837_length_5092_cov_22.030375	5092	0	0
Biragzang__NODE_2838_length_5092_cov_11.268414	5092	0	0
MV-4128_S29__NODE_1269_length_5092_cov_18.690292	5092	0	0
Biragzang__NODE_2839_length_5091_cov_7.810961	5091	24	0
cell-4125-0-44_S16__NODE_626_length_5091_cov_5.291898	5091	0	0
MV-4122_S12__NODE_2531_length_5090_cov_4.272095	5090	0	0
Biragzang__NODE_2840_length_5089_cov_12.887763	5089	6	0
Biragzang__NODE_2841_length_5089_cov_10.313468	5089	38	0
MV-4125_S18__NODE_2552_length_5089_cov_8.238180	5089	0	0
cell-4125-0-44_S16__NODE_627_length_5088_cov_11.736141	5088	0	0
MV-4122_S12__NODE_2532_length_5087_cov_8.063990	5087	0	0
MV-4128_S29__NODE_1270_length_5087_cov_7.067568	5087	0	0
Biragzang__NODE_2842_length_5086_cov_182.400914	5086	0	0
Biragzang__NODE_2843_length_5086_cov_51.479825	5086	0	0
Biragzang__NODE_2844_length_5086_cov_5.096402	5086	0	0
cell-4125-0-44_S16__NODE_628_length_5086_cov_17.622341	5086	0	0
MV-4122_S12__NODE_2533_length_5085_cov_50.857256	5085	2	0
Biragzang__NODE_2845_length_5084_cov_41.200040	5084	148	0
Biragzang__NODE_2846_length_5084_cov_6.639491	5084	0	0
Biragzang__NODE_2847_length_5083_cov_26.660899	5083	63	0
MV-4125_S18__NODE_2554_length_5083_cov_14.643198	5083	0	0
MV-4125_S18__NODE_2555_length_5083_cov_7.036794	5083	0	0
cell-4122-0-44_S10__NODE_546_length_5083_cov_17.354813	5083	0	0
cell-4125-0-44_S16__NODE_629_length_5083_cov_9.543954	5083	0	0
cell-4125-0-44_S16__NODE_630_length_5083_cov_6.807478	5083	0	0
Biragzang__NODE_2848_length_5082_cov_5.604536	5082	0	0
MV-4122_S12__NODE_2534_length_5082_cov_6.747364	5082	0	0
MV-4128_S29__NODE_1271_length_5082_cov_6.659638	5082	2	0
MV-4125_S18__NODE_2556_length_5081_cov_6.378233	5081	0	0
Biragzang__NODE_2849_length_5080_cov_32.743881	5080	4	0
Biragzang__NODE_2850_length_5080_cov_13.923582	5080	426	0
cell-4125-0-44_S16__NODE_631_length_5080_cov_5.528159	5080	0	0
MV-4122_S12__NODE_2536_length_5079_cov_6.578623	5079	0	0
MV-4128_S29__NODE_1272_length_5078_cov_25.125423	5078	0	0
MV-4128_S29__NODE_1273_length_5077_cov_14.578455	5077	0	0
Biragzang__NODE_2851_length_5076_cov_47.165107	5076	204	0
MV-4122_S12__NODE_2537_length_5076_cov_32.684525	5076	0	0
Biragzang__NODE_2852_length_5075_cov_52.338645	5075	2	0
cell-4122-0-44_S10__NODE_547_length_5075_cov_16.916335	5075	0	0
MV-4125_S18__NODE_2558_length_5074_cov_7.828651	5074	0	0
MV-4122_S12__NODE_2538_length_5073_cov_58.061778	5073	0	0
cell-4125-0-44_S16__NODE_632_length_5073_cov_6.117178	5073	0	0
MV-4122_S12__NODE_2540_length_5071_cov_24.876196	5071	0	0
MV-4122_S12__NODE_2541_length_5071_cov_6.142544	5071	0	0
MV-4122_S12__NODE_2542_length_5071_cov_5.195175	5071	0	0
MV-4128_S29__NODE_1274_length_5071_cov_8.800439	5071	0	0
cell-4122-0-44_S10__NODE_548_length_5071_cov_20.960726	5071	0	0
Biragzang__NODE_2853_length_5070_cov_9.819940	5070	20	0
MV-4125_S18__NODE_2560_length_5069_cov_6.421221	5069	0	0
cell-4122-0-44_S10__NODE_549_length_5068_cov_23.987233	5068	0	0
Biragzang__NODE_2854_length_5067_cov_8.361133	5067	20	0
Biragzang__NODE_2855_length_5065_cov_7.561078	5065	0	0
MV-4125_S18__NODE_2563_length_5065_cov_7.706786	5065	0	0
MV-4128_S29__NODE_1275_length_5065_cov_17.197006	5065	0	0
cell-4125-0-44_S16__NODE_633_length_5065_cov_7.514770	5065	0	0
MV-4122_S12__NODE_2543_length_5064_cov_160.103813	5064	0	0
MV-4122_S12__NODE_2544_length_5064_cov_42.508085	5064	2	0
MV-4122_S12__NODE_2545_length_5064_cov_21.904572	5064	0	0
MV-4122_S12__NODE_2546_length_5063_cov_16.023163	5063	0	0
MV-4122_S12__NODE_2547_length_5063_cov_5.260783	5063	0	0
cell-4125-0-44_S16__NODE_634_length_5063_cov_5.461861	5063	0	0
Biragzang__NODE_2856_length_5062_cov_17.690833	5062	0	0
Biragzang__NODE_2857_length_5062_cov_10.658678	5062	8	0
Biragzang__NODE_2858_length_5062_cov_8.951268	5062	16	0
MV-4128_S29__NODE_1276_length_5061_cov_30.856173	5061	0	0
cell-4122-0-44_S10__NODE_550_length_5061_cov_14.104475	5061	0	0
Biragzang__NODE_2859_length_5060_cov_8.446154	5060	0	0
Biragzang__NODE_2860_length_5060_cov_5.797003	5060	0	0
MV-4122_S12__NODE_2548_length_5060_cov_35.927073	5060	0	0
Biragzang__NODE_2861_length_5059_cov_11.093725	5059	8	0
Biragzang__NODE_2862_length_5059_cov_5.714229	5059	0	0
MV-4125_S18__NODE_2565_length_5059_cov_6.687450	5059	0	0
MV-4125_S18__NODE_2566_length_5059_cov_5.925060	5059	0	0
cell-4125-0-44_S16__NODE_635_length_5059_cov_7.187650	5059	0	0
MV-4122_S12__NODE_2549_length_5058_cov_22.306816	5058	0	0
MV-4128_S29__NODE_1277_length_5058_cov_6.164701	5058	0	0
cell-4125-0-44_S16__NODE_636_length_5058_cov_14.010594	5058	0	0
Biragzang__NODE_2863_length_5057_cov_12.918433	5057	0	0
Biragzang__NODE_2864_length_5057_cov_9.778289	5057	0	0
MV-4122_S12__NODE_2550_length_5056_cov_21.400120	5056	0	0
MV-4122_S12__NODE_2551_length_5055_cov_5.245400	5055	0	0
Biragzang__NODE_2865_length_5054_cov_11.989198	5054	2	0
Biragzang__NODE_2866_length_5054_cov_10.043809	5054	0	0
cell-4122-0-44_S10__NODE_551_length_5054_cov_15.786357	5054	0	0
cell-4125-0-44_S16__NODE_638_length_5054_cov_7.968994	5054	0	0
Biragzang__NODE_2867_length_5052_cov_10.979988	5052	10	0
MV-4122_S12__NODE_2552_length_5052_cov_9.520512	5052	0	0
cell-4125-0-44_S16__NODE_639_length_5052_cov_7.897939	5052	0	0
MV-4125_S18__NODE_2569_length_5051_cov_7.251801	5051	0	0
MV-4122_S12__NODE_2553_length_5050_cov_12.916116	5050	0	0
cell-4125-0-44_S16__NODE_640_length_5050_cov_9.955956	5050	0	0
MV-4122_S12__NODE_2554_length_5049_cov_12.350821	5049	0	0
cell-4122-0-44_S10__NODE_552_length_5049_cov_55.324189	5049	0	0
Biragzang__NODE_2868_length_5048_cov_38.091328	5048	0	0
Biragzang__NODE_2869_length_5048_cov_9.979571	5048	0	0
MV-4125_S18__NODE_2570_length_5048_cov_19.440016	5048	0	0
Biragzang__NODE_2870_length_5047_cov_35.333934	5047	0	0
Biragzang__NODE_2871_length_5047_cov_18.545072	5047	8	0
Biragzang__NODE_2872_length_5047_cov_10.638822	5047	299	0
cell-4125-0-44_S16__NODE_641_length_5047_cov_8.520433	5047	0	0
cell-4125-0-44_S16__NODE_642_length_5047_cov_7.571715	5047	0	0
cell-4125-0-44_S16__NODE_643_length_5047_cov_5.329527	5047	0	0
cell-4122-0-44_S10__NODE_553_length_5046_cov_22.535764	5046	0	0
MV-4122_S12__NODE_2555_length_5044_cov_9.825215	5044	0	0
MV-4125_S18__NODE_2572_length_5044_cov_24.602325	5044	0	0
MV-4128_S29__NODE_1278_length_5044_cov_18.911004	5044	0	0
MV-4128_S29__NODE_1279_length_5043_cov_759.824379	5043	0	0
cell-4122-0-44_S10__NODE_554_length_5043_cov_41.325782	5043	0	0
cell-4125-0-44_S16__NODE_644_length_5043_cov_4.230152	5043	0	0
Biragzang__NODE_2873_length_5042_cov_18.863645	5042	0	0
Biragzang__NODE_2874_length_5041_cov_10.138187	5041	0	0
MV-4122_S12__NODE_2556_length_5041_cov_4.366627	5041	0	0
MV-4125_S18__NODE_2573_length_5041_cov_6.597272	5041	0	0
MV-4128_S29__NODE_1280_length_5041_cov_13.307060	5041	0	0
MV-4128_S29__NODE_1281_length_5041_cov_7.817690	5041	8	0
cell-4122-0-44_S10__NODE_555_length_5040_cov_60.534604	5040	0	0
cell-4125-0-44_S16__NODE_646_length_5040_cov_5.349047	5040	0	0
Biragzang__NODE_2875_length_5039_cov_49.838684	5039	0	0
Biragzang__NODE_2876_length_5039_cov_6.205859	5039	0	0
MV-4128_S29__NODE_1282_length_5039_cov_4.393258	5039	6	0
cell-4122-0-44_S10__NODE_556_length_5039_cov_36.051164	5039	0	0
cell-4122-0-44_S10__NODE_557_length_5039_cov_9.672552	5039	0	0
MV-4125_S18__NODE_2576_length_5038_cov_6.100542	5038	0	0
cell-4125-0-44_S16__NODE_647_length_5038_cov_8.933373	5038	0	0
MV-4128_S29__NODE_1283_length_5037_cov_27.211361	5037	0	0
Biragzang__NODE_2877_length_5036_cov_9.587633	5036	26	0
Biragzang__NODE_2878_length_5036_cov_6.431239	5036	0	0
MV-4122_S12__NODE_2557_length_5036_cov_15.586027	5036	0	0
MV-4128_S29__NODE_1284_length_5036_cov_19.273640	5036	0	0
Biragzang__NODE_2879_length_5035_cov_8.082129	5035	16	0
Biragzang__NODE_2880_length_5035_cov_7.186546	5035	0	0
Biragzang__NODE_2881_length_5035_cov_5.874498	5035	0	0
MV-4122_S12__NODE_2558_length_5035_cov_8.476506	5035	0	0
MV-4122_S12__NODE_2559_length_5034_cov_24.124724	5034	0	0
MV-4128_S29__NODE_1285_length_5034_cov_4.858606	5034	6	0
Biragzang__NODE_2882_length_5033_cov_9.589795	5033	264	0
Biragzang__NODE_2883_length_5033_cov_5.768180	5033	0	0
MV-4122_S12__NODE_2560_length_5033_cov_10.439534	5033	0	0
MV-4128_S29__NODE_1286_length_5033_cov_12.421454	5033	0	0
Biragzang__NODE_2884_length_5031_cov_48.415595	5031	171	0
MV-4122_S12__NODE_2561_length_5031_cov_8.371383	5031	0	0
MV-4125_S18__NODE_2579_length_5031_cov_4.558481	5031	0	0
Biragzang__NODE_2885_length_5030_cov_57.276382	5030	196	0
Biragzang__NODE_2886_length_5030_cov_13.986131	5030	0	0
MV-4122_S12__NODE_2562_length_5030_cov_27.556181	5030	0	0
MV-4128_S29__NODE_1287_length_5030_cov_4.210854	5030	4	0
MV-4122_S12__NODE_2564_length_5029_cov_9.686570	5029	0	0
cell-4125-0-44_S16__NODE_648_length_5029_cov_8.253719	5029	0	0
cell-4125-0-44_S16__NODE_649_length_5029_cov_5.334741	5029	0	0
MV-4122_S12__NODE_2565_length_5028_cov_12.958777	5028	0	0
MV-4122_S12__NODE_2566_length_5028_cov_7.603258	5028	0	0
cell-4125-0-44_S16__NODE_650_length_5028_cov_5.855620	5028	0	0
MV-4122_S12__NODE_2568_length_5027_cov_35.305109	5027	0	0
MV-4122_S12__NODE_2569_length_5027_cov_6.535197	5027	0	0
MV-4128_S29__NODE_1288_length_5027_cov_5.292438	5027	6	0
MV-4122_S12__NODE_2570_length_5026_cov_40.022933	5026	0	0
MV-4125_S18__NODE_2581_length_5026_cov_13.815932	5026	0	0
MV-4122_S12__NODE_2571_length_5025_cov_46.680885	5025	0	0
Biragzang__NODE_2887_length_5024_cov_4.805997	5024	0	0
MV-4125_S18__NODE_2583_length_5024_cov_6.317166	5024	0	0
Biragzang__NODE_2888_length_5023_cov_33.066828	5023	0	0
MV-4122_S12__NODE_2573_length_5023_cov_6.142110	5023	0	0
MV-4125_S18__NODE_2584_length_5022_cov_25.119187	5022	0	0
Biragzang__NODE_2889_length_5021_cov_10.100886	5021	12	0
MV-4122_S12__NODE_2574_length_5021_cov_5.140153	5021	0	0
MV-4128_S29__NODE_1289_length_5021_cov_7.492348	5021	6	0
Biragzang__NODE_2890_length_5020_cov_10.822759	5020	0	0
MV-4128_S29__NODE_1290_length_5020_cov_16.735549	5020	0	0
cell-4125-0-44_S16__NODE_652_length_5020_cov_6.025378	5020	0	0
Biragzang__NODE_2891_length_5019_cov_52.158139	5019	2	0
cell-4122-0-44_S10__NODE_558_length_5019_cov_42.990330	5019	0	0
cell-4125-0-44_S16__NODE_653_length_5019_cov_8.019541	5019	0	0
Biragzang__NODE_2892_length_5018_cov_27.375176	5018	0	0
MV-4125_S18__NODE_2585_length_5018_cov_36.237558	5018	0	0
Biragzang__NODE_2893_length_5017_cov_34.549778	5017	0	0
Biragzang__NODE_2894_length_5015_cov_11.954839	5015	2	0
MV-4122_S12__NODE_2576_length_5015_cov_54.613710	5015	0	0
MV-4125_S18__NODE_2589_length_5015_cov_18.033871	5015	0	0
MV-4125_S18__NODE_2590_length_5014_cov_21.790280	5014	0	0
cell-4125-0-44_S16__NODE_654_length_5014_cov_5.695301	5014	0	0
MV-4125_S18__NODE_2592_length_5013_cov_23.017749	5013	0	0
MV-4128_S29__NODE_1291_length_5013_cov_5.607503	5013	0	0
MV-4128_S29__NODE_1292_length_5012_cov_10.806738	5012	0	0
cell-4122-0-44_S10__NODE_559_length_5012_cov_18.422433	5012	0	0
Biragzang__NODE_2895_length_5011_cov_17.599475	5011	54	0
Biragzang__NODE_2896_length_5011_cov_7.951574	5011	0	0
Biragzang__NODE_2897_length_5011_cov_5.326271	5011	0	0
Biragzang__NODE_2898_length_5011_cov_5.175141	5011	0	0
Biragzang__NODE_2899_length_5011_cov_4.494552	5011	0	0
Biragzang__NODE_2900_length_5010_cov_51.458527	5010	114	0
Biragzang__NODE_2901_length_5010_cov_12.218769	5010	0	0
Biragzang__NODE_2902_length_5009_cov_8.484861	5009	0	0
MV-4122_S12__NODE_2577_length_5008_cov_6.991520	5008	0	0
Biragzang__NODE_2903_length_5006_cov_9.396486	5006	4	0
cell-4125-0-44_S16__NODE_655_length_5006_cov_5.287619	5006	0	0
MV-4125_S18__NODE_2596_length_5005_cov_9.043838	5005	0	0
cell-4125-0-44_S16__NODE_656_length_5005_cov_6.341616	5005	0	0
Biragzang__NODE_2904_length_5004_cov_12.257022	5004	2	0
Biragzang__NODE_2905_length_5004_cov_4.750859	5004	0	0
MV-4122_S12__NODE_2579_length_5004_cov_33.241665	5004	0	0
Biragzang__NODE_2906_length_5003_cov_7.204729	5003	1	0
cell-4122-0-44_S10__NODE_560_length_5003_cov_15.321948	5003	0	0
MV-4128_S29__NODE_1293_length_5002_cov_6.416818	5002	5	0
cell-4125-0-44_S16__NODE_657_length_5002_cov_7.671922	5002	0	0
Biragzang__NODE_2907_length_5001_cov_8.068136	5001	14	0
MV-4128_S29__NODE_1294_length_5001_cov_10.687829	5001	0	0
cell-4125-0-22_S17__NODE_15_length_5001_cov_11.137889	5001	0	0
cell-4125-0-44_S16__NODE_658_length_5001_cov_9.583906	5001	0	0
cell-4125-0-44_S16__NODE_659_length_5001_cov_5.439749	5001	0	0
cell-4122-0-44_S10__NODE_561_length_5000_cov_69.308999	5000	0	0
cell-4125-0-44_S16__NODE_660_length_5000_cov_9.734075	5000	0	0
cell-4125-0-44_S16__NODE_661_length_5000_cov_4.553084	5000	0	0
*	0	0	0
