#rname	startpos	endpos	numreads	covbases	coverage	meandepth	meanbaseq	meanmapq
MV-4128_S29__NODE_1_length_685560_cov_728.732645	1	685560	1826546	685518	99.9939	390.63	35.5	41.1
cell-4122-0-44_S10__NODE_1_length_365826_cov_606.839892	1	365826	6	685	0.187247	0.00242192	36.1	42
MV-4128_S29__NODE_2_length_348281_cov_652.746880	1	348281	851424	348281	100	358.334	35.5	41.7
MV-4122_S12__NODE_1_length_347332_cov_162.618440	1	347332	75652	346952	99.8906	32.2399	35.5	41.6
MV-4122_S12__NODE_2_length_335597_cov_164.528679	1	335597	66037	335295	99.91	29.129	35.5	37
MV-4122_S12__NODE_3_length_306985_cov_99.412087	1	306985	33827	302091	98.4058	15.9834	35.4	41.5
MV-4128_S29__NODE_3_length_302913_cov_843.471888	1	302913	946050	302913	100	458.54	35.5	41.6
MV-4128_S29__NODE_4_length_283295_cov_705.596582	1	283295	737309	283294	99.9996	381.586	35.5	41.7
MV-4128_S29__NODE_5_length_269456_cov_691.517337	1	269456	687916	269452	99.9985	374.296	35.5	41.8
cell-4122-0-44_S10__NODE_2_length_258152_cov_535.101380	1	258152	4	430	0.166569	0.002208	35.1	42
MV-4122_S12__NODE_4_length_257810_cov_208.067040	1	257810	177266	257746	99.9752	101.15	35.5	40.7
cell-4122-0-44_S10__NODE_3_length_257420_cov_587.591090	1	257420	2	302	0.117318	0.00117318	35.1	42
MV-4128_S29__NODE_6_length_257161_cov_776.419383	1	257161	730452	257155	99.9977	416.974	35.5	41.5
MV-4122_S12__NODE_5_length_250913_cov_121.761750	1	250913	31956	247702	98.7203	18.564	35.4	40.4
MV-4128_S29__NODE_7_length_244923_cov_822.768377	1	244923	742207	244919	99.9984	444.745	35.5	41.4
MV-4122_S12__NODE_6_length_243044_cov_111.627605	1	243044	29800	240142	98.806	17.8155	35.4	41.8
MV-4122_S12__NODE_7_length_233469_cov_108.959728	1	233469	28297	231573	99.1879	17.6105	35.5	41.1
cell-4122-0-44_S10__NODE_4_length_229683_cov_605.599269	1	229683	12	1169	0.508962	0.00771498	35.5	42
MV-4122_S12__NODE_8_length_224095_cov_162.072951	1	224095	48549	223835	99.884	32.0668	35.5	41.7
MV-4125_S18__NODE_2_length_220901_cov_44.422915	1	220901	107133	220901	100	70.7817	35.5	41.7
MV-4125_S18__NODE_3_length_217179_cov_52.521974	1	217179	106252	217098	99.9627	71.6937	35.5	35.2
MV-4128_S29__NODE_8_length_215474_cov_787.018587	1	215474	616614	215474	100	419.809	35.5	41.7
MV-4122_S12__NODE_9_length_214484_cov_118.635600	1	214484	28213	211925	98.8069	19.166	35.4	41.2
MV-4128_S29__NODE_9_length_206707_cov_901.894712	1	206707	637754	206705	99.999	453.895	35.5	40
MV-4122_S12__NODE_10_length_189740_cov_39.995181	1	189740	3	453	0.238748	0.00238748	33.3	41.3
MV-4122_S12__NODE_11_length_185540_cov_53.431593	1	185540	94	8053	4.3403	0.0728684	35.5	41.8
MV-4122_S12__NODE_12_length_180362_cov_113.627724	1	180362	22700	178629	99.0392	18.2979	35.4	41.8
MV-4122_S12__NODE_13_length_180342_cov_55.843233	1	180342	45816	180209	99.9263	37.391	35.5	41.8
MV-4122_S12__NODE_14_length_180275_cov_111.295666	1	180275	22397	177280	98.3386	18.0782	35.4	41.7
cell-4122-0-44_S10__NODE_5_length_177758_cov_542.156812	1	177758	6	728	0.409546	0.00509682	35.2	42
MV-4122_S12__NODE_15_length_172952_cov_50.503334	1	172952	95	8794	5.08465	0.0791376	35.6	40.5
MV-4125_S18__NODE_5_length_172383_cov_49.785990	1	172383	89080	172382	99.9994	75.538	35.4	39.5
MV-4122_S12__NODE_16_length_171874_cov_36.851105	1	171874	4	475	0.276365	0.0035142	36.2	42
MV-4128_S29__NODE_10_length_168267_cov_702.126067	1	168267	395309	168265	99.9988	344.411	35.5	37
MV-4125_S18__NODE_7_length_167495_cov_35.511383	1	167495	65411	167494	99.9994	56.6882	35.4	41.9
MV-4122_S12__NODE_17_length_167377_cov_32.409671	1	167377	2	97	0.057953	0.00115906	34.3	42
MV-4128_S29__NODE_11_length_163381_cov_739.494569	1	163381	385943	163380	99.9994	346.55	35.5	35.3
MV-4122_S12__NODE_20_length_154090_cov_67.592638	1	154090	115	12015	7.79739	0.111331	35.6	41.5
MV-4122_S12__NODE_21_length_153678_cov_64.903725	1	153678	78	6700	4.35977	0.0740249	35.6	41.6
MV-4122_S12__NODE_22_length_151970_cov_116.921423	1	151970	19232	149921	98.6517	18.4305	35.4	40.3
MV-4122_S12__NODE_23_length_151726_cov_36.932657	1	151726	4	363	0.239247	0.00398086	36.4	42
MV-4122_S12__NODE_26_length_151132_cov_95.491233	1	151132	16076	148819	98.4695	15.4217	35.4	41.6
MV-4122_S12__NODE_27_length_150370_cov_39.765765	1	150370	6	528	0.351134	0.00599854	35.1	42
MV-4122_S12__NODE_29_length_144523_cov_40.350285	1	144523	6	331	0.229029	0.0062689	35.5	1
MV-4128_S29__NODE_12_length_141680_cov_673.733402	1	141680	329156	141680	100	340.784	35.4	38.8
MV-4125_S18__NODE_8_length_141676_cov_39.207759	1	141676	56471	141626	99.9647	58.0262	35.5	38.6
MV-4122_S12__NODE_30_length_141235_cov_62.330224	1	141235	71	7499	5.30959	0.0746132	35.1	41.7
cell-4122-0-44_S10__NODE_7_length_135821_cov_546.300237	1	135821	2	170	0.125165	0.00222351	36.8	42
MV-4122_S12__NODE_33_length_134546_cov_54.650125	1	134546	55	5610	4.16958	0.0608937	35.7	41.4
MV-4122_S12__NODE_34_length_134358_cov_98.493474	1	134358	14736	131347	97.759	15.8971	35.4	41.6
MV-4128_S29__NODE_13_length_134274_cov_42.610487	1	134274	13920	133432	99.3729	15.33	35.5	1.09
MV-4122_S12__NODE_35_length_132632_cov_121.390633	1	132632	17782	131384	99.0591	19.49	35.5	41.9
cell-4122-0-44_S10__NODE_8_length_132317_cov_640.299580	1	132317	2	109	0.0823779	0.00164756	36.6	42
MV-4122_S12__NODE_36_length_131504_cov_56.187594	1	131504	23686	131141	99.724	26.5564	35.5	25.7
MV-4122_S12__NODE_37_length_131343_cov_196.227919	1	131343	90197	131286	99.9566	100.852	35.5	41
MV-4122_S12__NODE_38_length_129112_cov_82.919539	1	129112	13607	125214	96.9809	15.2517	35.4	41.9
MV-4122_S12__NODE_39_length_128307_cov_161.397054	1	128307	27923	128219	99.9314	32.2257	35.5	41.9
MV-4122_S12__NODE_40_length_125699_cov_44.693061	1	125699	54	5172	4.11459	0.0616393	35.7	42
MV-4122_S12__NODE_41_length_124982_cov_32.981325	1	124982	2	203	0.162423	0.00241635	36.1	42
MV-4122_S12__NODE_42_length_124290_cov_21.496969	1	124290	9412	122312	98.4086	11.1295	35.5	41.9
MV-4125_S18__NODE_12_length_122663_cov_49.410308	1	122663	65909	122663	100	78.5118	35.5	41.8
MV-4122_S12__NODE_43_length_119401_cov_55.379904	1	119401	58	6034	5.05356	0.0719424	35.8	41.9
MV-4122_S12__NODE_45_length_116108_cov_123.351184	1	116108	15612	114949	99.0018	19.5917	35.5	41.7
MV-4122_S12__NODE_46_length_114732_cov_117.872642	1	114732	14003	112956	98.452	17.7352	35.4	39.1
MV-4125_S18__NODE_14_length_111737_cov_49.167986	1	111737	42974	111712	99.9776	56.1944	35.5	25.4
MV-4122_S12__NODE_47_length_111449_cov_52.350656	1	111449	69	7026	6.30423	0.0912974	35.4	42
MV-4122_S12__NODE_48_length_111214_cov_228.940374	1	111214	66276	111193	99.9811	87.802	35.5	29.5
MV-4128_S29__NODE_16_length_111033_cov_669.917767	1	111033	277292	111033	100	366.056	35.5	41.8
MV-4125_S18__NODE_15_length_110432_cov_50.203231	1	110432	55172	110406	99.9765	73.0234	35.5	38.1
MV-4122_S12__NODE_49_length_109065_cov_230.757903	1	109065	81142	108985	99.9266	109.587	35.5	39.5
MV-4122_S12__NODE_50_length_108001_cov_162.941767	1	108001	21285	107836	99.8472	29.1425	35.4	36.8
MV-4122_S12__NODE_51_length_107554_cov_56.077284	1	107554	26345	107319	99.7815	36.0861	35.5	40.1
MV-4122_S12__NODE_52_length_106980_cov_46.891213	1	106980	2	288	0.269209	0.00282296	36.6	42
MV-4122_S12__NODE_53_length_106966_cov_57.397059	1	106966	27029	106817	99.8607	37.2494	35.5	40.6
MV-4125_S18__NODE_16_length_106771_cov_47.339687	1	106771	50207	106746	99.9766	68.7596	35.4	38
MV-4122_S12__NODE_54_length_105659_cov_60.788711	1	105659	70	7664	7.25352	0.0991302	35.4	42
MV-4122_S12__NODE_55_length_105417_cov_39.554963	1	105417	4	448	0.424979	0.00572963	36.4	42
MV-4122_S12__NODE_56_length_105157_cov_155.709311	1	105157	22552	104977	99.8288	31.7061	35.5	41.9
MV-4122_S12__NODE_57_length_104456_cov_152.385590	1	104456	18627	104086	99.6458	26.3684	35.5	35.8
MV-4128_S29__NODE_18_length_104252_cov_25.096250	1	104252	6562	102116	97.9511	9.2509	35.5	26.5
MV-4122_S12__NODE_58_length_103056_cov_34.292541	1	103056	2	228	0.221239	0.00293045	36.1	42
MV-4125_S18__NODE_17_length_102930_cov_69.991183	1	102930	69559	102930	100	99.4116	35.5	36.9
MV-4122_S12__NODE_60_length_102158_cov_208.338922	1	102158	61733	102122	99.9648	88.8996	35.5	34.5
MV-4122_S12__NODE_61_length_102126_cov_162.235601	1	102126	21042	101952	99.8296	30.4805	35.5	40.1
MV-4122_S12__NODE_62_length_101008_cov_46.421057	1	101008	2	202	0.199984	0.00298986	36.5	42
MV-4125_S18__NODE_18_length_100537_cov_22.801845	1	100537	24704	100528	99.991	36.1216	35.5	41.5
MV-4122_S12__NODE_63_length_100493_cov_113.329925	1	100493	12233	98907	98.4218	17.7154	35.5	40.5
MV-4128_S29__NODE_19_length_100162_cov_39.841510	1	100162	13032	98898	98.738	19.2695	35.5	16.6
MV-4122_S12__NODE_64_length_99596_cov_50.699812	1	99596	46	3735	3.75015	0.0665489	35.5	40.3
cell-4122-0-44_S10__NODE_10_length_98740_cov_670.203293	1	98740	4	416	0.421308	0.00603605	36.5	42
MV-4122_S12__NODE_65_length_98066_cov_96.755629	1	98066	10207	97079	98.9935	15.1114	35.4	41.6
MV-4122_S12__NODE_66_length_97981_cov_38.187621	1	97981	6	525	0.535818	0.00924669	36.2	42
MV-4125_S18__NODE_20_length_97580_cov_25.242051	1	97580	25820	97505	99.9231	39.0778	35.5	41
MV-4125_S18__NODE_21_length_97393_cov_54.301208	1	97393	50938	97382	99.9887	76.5634	35.5	36.8
MV-4122_S12__NODE_67_length_96749_cov_166.768652	1	96749	21732	96246	99.4801	33.2731	35.5	41.9
MV-4122_S12__NODE_68_length_96236_cov_106.810888	1	96236	11124	95607	99.3464	16.7348	35.4	41.9
cell-4122-0-44_S10__NODE_11_length_96191_cov_596.114473	1	96191	2	136	0.141385	0.00282771	36.5	42
MV-4122_S12__NODE_69_length_95769_cov_168.806590	1	95769	18568	95560	99.7818	28.7144	35.5	36.2
MV-4122_S12__NODE_70_length_95475_cov_54.486250	1	95475	13997	94549	99.0301	21.6052	35.5	12.7
MV-4122_S12__NODE_71_length_94732_cov_47.951805	1	94732	46	3890	4.10632	0.0692269	35.8	42
MV-4128_S29__NODE_20_length_94254_cov_745.260831	1	94254	258481	94254	100	402.44	35.5	41.6
MV-4122_S12__NODE_73_length_94031_cov_224.488199	1	94031	71131	94031	100	111.452	35.5	41
MV-4125_S18__NODE_23_length_93706_cov_35.045456	1	93706	35741	93703	99.9968	55.43	35.4	41.6
MV-4122_S12__NODE_74_length_92715_cov_81.746903	1	92715	8446	88840	95.8205	13.1419	35.5	41.6
MV-4122_S12__NODE_75_length_92332_cov_57.313090	1	92332	24313	92269	99.9318	38.8692	35.5	41.8
MV-4122_S12__NODE_76_length_92182_cov_39.789703	1	92182	2	267	0.289644	0.00327613	35.1	42
MV-4125_S18__NODE_24_length_91998_cov_69.661519	1	91998	60757	91990	99.9913	97.2438	35.5	35.9
MV-4122_S12__NODE_77_length_91906_cov_109.339583	1	91906	11094	90957	98.9674	17.7124	35.5	41.8
MV-4125_S18__NODE_25_length_90515_cov_50.353836	1	90515	43605	90420	99.895	70.4054	35.5	36.2
MV-4125_S18__NODE_26_length_90387_cov_47.965981	1	90387	44711	90387	100	72.2796	35.5	39.5
MV-4128_S29__NODE_21_length_90382_cov_38.042346	1	90382	17624	90034	99.615	28.8452	35.5	41.6
MV-4122_S12__NODE_79_length_88798_cov_36.475621	1	88798	8	995	1.12052	0.0136039	35.6	42
cell-4122-0-44_S10__NODE_13_length_88735_cov_624.612066	1	88735	2	273	0.307658	0.00340339	36.6	42
MV-4122_S12__NODE_80_length_88109_cov_152.891453	1	88109	18018	87889	99.7503	30.2389	35.5	41.8
MV-4125_S18__NODE_29_length_87999_cov_48.915389	1	87999	46610	87998	99.9989	77.364	35.5	41.7
cell-4122-0-44_S10__NODE_14_length_87399_cov_613.114295	1	87399	4	345	0.394741	0.00569801	34.2	42
MV-4125_S18__NODE_30_length_87147_cov_51.027086	1	87147	43265	87049	99.8875	72.5798	35.5	36.9
MV-4128_S29__NODE_22_length_85747_cov_45.786281	1	85747	9621	85470	99.677	16.6105	35.5	1.09
MV-4128_S29__NODE_23_length_85549_cov_46.556378	1	85549	14833	85206	99.5991	25.6906	35.5	30.5
MV-4122_S12__NODE_81_length_85308_cov_115.623955	1	85308	10690	83917	98.3694	18.1894	35.4	40.6
MV-4125_S18__NODE_32_length_84494_cov_66.146934	1	84494	38644	84452	99.9503	67.2891	35.5	19.8
MV-4122_S12__NODE_83_length_83218_cov_50.619374	1	83218	19303	82962	99.6924	34.218	35.5	41.6
MV-4125_S18__NODE_33_length_83050_cov_24.850003	1	83050	22296	83050	100	39.4116	35.5	41.9
MV-4122_S12__NODE_84_length_82943_cov_156.026349	1	82943	17333	82713	99.7227	30.9292	35.5	41.9
MV-4128_S29__NODE_24_length_82224_cov_28.425513	1	82224	5095	80826	98.2998	9.15739	35.5	42
MV-4125_S18__NODE_34_length_82035_cov_63.297743	1	82035	45374	82006	99.9646	81.4698	35.5	32.6
MV-4122_S12__NODE_85_length_81436_cov_163.239233	1	81436	10924	81301	99.8342	19.826	35.5	17.4
MV-4125_S18__NODE_35_length_81422_cov_34.332776	1	81422	28910	81368	99.9337	51.5392	35.4	39.5
MV-4122_S12__NODE_86_length_81287_cov_25.578762	1	81287	27674	81261	99.968	49.7515	35.5	16.9
MV-4125_S18__NODE_36_length_80972_cov_30.855815	1	80972	16372	80927	99.9444	29.7386	35.5	15.5
MV-4122_S12__NODE_90_length_80965_cov_50.669052	1	80965	19827	80887	99.9037	36.0388	35.5	41.9
MV-4128_S29__NODE_25_length_80807_cov_42.802903	1	80807	7871	80500	99.6201	14.4161	35.5	1.01
MV-4122_S12__NODE_91_length_80489_cov_157.126824	1	80489	15098	80400	99.8894	27.7475	35.5	36.6
MV-4125_S18__NODE_37_length_80423_cov_49.581948	1	80423	31152	80301	99.8483	56.6432	35.5	25.6
MV-4122_S12__NODE_92_length_80307_cov_50.070578	1	80307	18035	80180	99.8419	33.0735	35.5	41.8
MV-4122_S12__NODE_93_length_79850_cov_53.321085	1	79850	22	1936	2.42455	0.0397495	35.1	38.3
MV-4122_S12__NODE_94_length_79669_cov_216.077323	1	79669	57453	79579	99.887	106.156	35.5	41.3
MV-4122_S12__NODE_95_length_79524_cov_103.980609	1	79524	9029	77657	97.6523	16.4823	35.4	40.6
MV-4122_S12__NODE_96_length_79171_cov_209.501352	1	79171	53297	79138	99.9583	99.1757	35.5	38.8
MV-4125_S18__NODE_38_length_78963_cov_44.338027	1	78963	38115	78963	100	70.5435	35.5	41.1
MV-4122_S12__NODE_97_length_78888_cov_162.107861	1	78888	12738	78732	99.8023	23.9085	35.5	28.6
MV-4122_S12__NODE_98_length_78796_cov_40.477159	1	78796	2	176	0.223362	0.00383268	35.9	42
MV-4122_S12__NODE_99_length_77766_cov_166.000824	1	77766	10259	77422	99.5576	19.5091	35.5	13.2
MV-4122_S12__NODE_100_length_77687_cov_44.800675	1	77687	16095	77552	99.8262	30.4919	35.5	41.7
MV-4125_S18__NODE_39_length_77090_cov_24.332745	1	77090	10709	77035	99.9287	20.463	35.5	5.9
MV-4122_S12__NODE_101_length_76569_cov_33.514572	1	76569	2	285	0.372213	0.00394415	36.3	1
MV-4122_S12__NODE_103_length_76332_cov_53.019298	1	76332	36	3182	4.16863	0.0672588	35.1	42
MV-4122_S12__NODE_104_length_76014_cov_151.248121	1	76014	28455	75874	99.8158	54.7543	35.4	27.1
MV-4122_S12__NODE_105_length_75655_cov_116.525476	1	75655	9920	74997	99.1303	19.0997	35.5	41.3
MV-4128_S29__NODE_26_length_75050_cov_26.829695	1	75050	4621	74144	98.7928	9.07789	35.5	41.9
MV-4122_S12__NODE_108_length_74521_cov_33.392246	1	74521	2	169	0.226782	0.00405255	35.7	42
MV-4122_S12__NODE_109_length_74308_cov_43.919532	1	74308	15405	73948	99.5155	30.4726	35.5	41.8
MV-4122_S12__NODE_111_length_73825_cov_113.626772	1	73825	8482	72610	98.3542	16.6591	35.4	38.4
MV-4122_S12__NODE_112_length_73799_cov_204.588007	1	73799	44699	73753	99.9377	89.1179	35.5	35.8
MV-4125_S18__NODE_40_length_73702_cov_27.415957	1	73702	21367	73701	99.9986	42.6745	35.5	41.5
MV-4125_S18__NODE_41_length_73219_cov_46.353863	1	73219	36982	73198	99.9713	73.7465	35.5	41.7
MV-4122_S12__NODE_113_length_73188_cov_97.274076	1	73188	8022	71547	97.7578	15.913	35.4	41.8
MV-4122_S12__NODE_114_length_72713_cov_44.697487	1	72713	4	604	0.830663	0.00830663	34.9	42
MV-4125_S18__NODE_43_length_72277_cov_46.609994	1	72277	34792	72248	99.9599	70.4034	35.4	39.7
MV-4122_S12__NODE_115_length_72132_cov_25.640745	1	72132	18273	72030	99.8586	37.0256	35.5	1.2
MV-4122_S12__NODE_117_length_71383_cov_44.672933	1	71383	3	103	0.144292	0.00432876	34.9	18.7
MV-4125_S18__NODE_45_length_71332_cov_47.928631	1	71332	30921	71313	99.9734	63.3093	35.5	33.4
MV-4122_S12__NODE_118_length_71085_cov_30.424736	1	71085	2	171	0.240557	0.00424843	36.3	42
MV-4122_S12__NODE_119_length_70925_cov_63.383787	1	70925	46	3750	5.28728	0.0948044	35.8	42
MV-4122_S12__NODE_120_length_70466_cov_34.904958	1	70466	2	121	0.171714	0.00343428	35.7	42
MV-4122_S12__NODE_121_length_70270_cov_46.655444	1	70270	34	3164	4.50263	0.0707841	35.7	42
MV-4125_S18__NODE_46_length_70194_cov_46.697372	1	70194	30235	70187	99.99	62.8831	35.5	33.6
MV-4122_S12__NODE_122_length_69849_cov_53.698799	1	69849	13745	69720	99.8153	28.9501	35.5	13.1
MV-4125_S18__NODE_47_length_69606_cov_47.851174	1	69606	20910	69594	99.9828	43.9865	35.4	11.6
MV-4122_S12__NODE_123_length_69510_cov_148.830739	1	69510	6441	67062	96.4782	13.718	35.5	1.53
MV-4128_S29__NODE_29_length_69162_cov_83.801887	1	69162	32435	69075	99.8742	68.5664	35.4	36.3
MV-4125_S18__NODE_48_length_69041_cov_23.325936	1	69041	16025	69041	100	34.1459	35.5	39.7
MV-4122_S12__NODE_124_length_68751_cov_59.893444	1	68751	8983	67838	98.672	19.2075	35.4	33.6
MV-4122_S12__NODE_126_length_68562_cov_25.326098	1	68562	5899	67085	97.8457	12.6392	35.5	40.4
MV-4122_S12__NODE_127_length_68441_cov_56.859167	1	68441	15667	68383	99.9153	33.7246	35.5	36.4
MV-4122_S12__NODE_128_length_67963_cov_166.301290	1	67963	9465	67707	99.6233	20.5814	35.5	17.3
MV-4125_S18__NODE_49_length_67588_cov_246.638547	1	67588	88535	67586	99.997	191.912	35.4	1.01
MV-4122_S12__NODE_129_length_67559_cov_32.055656	1	67559	2	105	0.15542	0.00310839	36.8	42
MV-4122_S12__NODE_131_length_67391_cov_26.473758	1	67391	18321	67317	99.8902	39.8011	35.5	1.23
MV-4125_S18__NODE_50_length_67374_cov_71.944934	1	67374	51404	67374	100	112.382	35.5	41.1
MV-4122_S12__NODE_132_length_67353_cov_38.849921	1	67353	2	231	0.342969	0.00448384	31.8	42
MV-4122_S12__NODE_133_length_66932_cov_55.936495	1	66932	13577	66609	99.5174	29.9102	35.5	31.8
MV-4122_S12__NODE_134_length_66564_cov_39.857478	1	66564	5	543	0.815756	0.0113425	34.6	31
MV-4122_S12__NODE_135_length_66190_cov_24.339457	1	66190	27425	66166	99.9637	60.4764	35.4	31
MV-4125_S18__NODE_53_length_66115_cov_51.315728	1	66115	35139	66037	99.882	77.745	35.5	39.6
MV-4128_S29__NODE_32_length_66083_cov_26.765478	1	66083	4107	65112	98.5306	9.20977	35.5	41.9
MV-4125_S18__NODE_54_length_66051_cov_20.239605	1	66051	14825	66051	100	32.3343	35.4	41.9
MV-4125_S18__NODE_55_length_65776_cov_25.816451	1	65776	17984	65775	99.9985	40.2105	35.5	41.2
MV-4125_S18__NODE_56_length_65738_cov_47.233531	1	65738	30642	65603	99.7946	67.9733	35.5	37.6
MV-4125_S18__NODE_57_length_65719_cov_46.563581	1	65719	29989	65703	99.9757	66.7094	35.4	37.2
MV-4125_S18__NODE_59_length_65484_cov_31.311819	1	65484	20887	65484	100	46.3263	35.4	39.1
cell-4122-0-44_S10__NODE_18_length_65290_cov_593.383230	1	65290	2	147	0.225149	0.00450299	35.7	42
MV-4125_S18__NODE_61_length_64592_cov_78.585168	1	64592	36204	64589	99.9954	82.5787	35.5	21
MV-4125_S18__NODE_62_length_64527_cov_26.276756	1	64527	17834	64518	99.9861	40.6367	35.5	40.8
MV-4125_S18__NODE_63_length_64410_cov_55.905757	1	64410	36143	64337	99.8867	82.2744	35.4	38.8
MV-4125_S18__NODE_64_length_64308_cov_37.255630	1	64308	26222	64308	100	59.338	35.5	42
MV-4122_S12__NODE_140_length_64274_cov_38.186238	1	64274	2	177	0.275384	0.00469863	36.6	42
MV-4122_S12__NODE_141_length_63889_cov_56.350174	1	63889	24	2211	3.46069	0.0567234	35.1	42
MV-4125_S18__NODE_65_length_63588_cov_23.237766	1	63588	16299	63588	100	37.1057	35.4	41.9
MV-4128_S29__NODE_34_length_63524_cov_41.918968	1	63524	13248	63486	99.9402	30.8355	35.5	41.9
MV-4122_S12__NODE_143_length_63401_cov_54.430430	1	63401	14182	63129	99.571	32.9642	35.5	36.8
MV-4125_S18__NODE_66_length_63394_cov_25.892325	1	63394	17563	63381	99.9795	40.7541	35.5	41.5
MV-4128_S29__NODE_35_length_63063_cov_28.230050	1	63063	3840	61861	98.094	9.00244	35.5	41.9
MV-4122_S12__NODE_144_length_62725_cov_50.780565	1	62725	14742	62361	99.4197	34.6612	35.5	41.5
MV-4125_S18__NODE_69_length_61899_cov_23.693843	1	61899	15819	61899	100	37.5608	35.5	41.9
MV-4122_S12__NODE_147_length_61142_cov_24.373189	1	61142	25604	61136	99.9902	61.1894	35.5	34.1
MV-4122_S12__NODE_148_length_61090_cov_118.963201	1	61090	7900	60589	99.1799	18.8412	35.4	41.3
MV-4122_S12__NODE_150_length_60956_cov_139.780135	1	60956	11625	60648	99.4947	28.1799	35.5	41.9
MV-4122_S12__NODE_151_length_60893_cov_123.368027	1	60893	8455	60708	99.6962	20.2674	35.5	41.3
MV-4122_S12__NODE_152_length_60845_cov_156.050156	1	60845	10542	60729	99.8094	25.6166	35.5	33.9
MV-4122_S12__NODE_155_length_60627_cov_225.390890	1	60627	45841	60624	99.9951	111.333	35.5	41
MV-4125_S18__NODE_70_length_59836_cov_22.671284	1	59836	14966	59836	100	36.088	35.4	41.8
MV-4128_S29__NODE_37_length_59684_cov_27.153197	1	59684	3488	58250	97.5973	8.58607	35.5	41.9
MV-4122_S12__NODE_158_length_59478_cov_38.562947	1	59478	2	109	0.183261	0.00366522	35.5	42
MV-4122_S12__NODE_159_length_59408_cov_19.351339	1	59408	4193	58416	98.3302	10.3613	35.5	41.9
MV-4122_S12__NODE_160_length_59297_cov_166.125722	1	59297	12707	59287	99.9831	31.7507	35.5	41.9
MV-4122_S12__NODE_162_length_59243_cov_26.442235	1	59243	4663	58526	98.7897	11.5499	35.5	35.7
MV-4122_S12__NODE_163_length_58838_cov_56.886600	1	58838	34	3945	6.70485	0.0866107	34.9	41.6
MV-4122_S12__NODE_164_length_58789_cov_45.573978	1	58789	4	346	0.588545	0.00768851	36.3	33
MV-4128_S29__NODE_39_length_58549_cov_23.014788	1	58549	3266	57029	97.4039	8.24678	35.5	41.9
MV-4122_S12__NODE_165_length_58538_cov_32.739822	1	58538	2	169	0.288701	0.00515904	36.6	42
MV-4122_S12__NODE_166_length_58455_cov_210.725925	1	58455	40966	58455	100	103.225	35.5	41.4
MV-4122_S12__NODE_168_length_58206_cov_36.856941	1	58206	2	302	0.518847	0.00518847	36.1	42
MV-4122_S12__NODE_169_length_57877_cov_66.584034	1	57877	50	4903	8.47141	0.12689	35.8	40.1
MV-4125_S18__NODE_77_length_57823_cov_24.291424	1	57823	15512	57783	99.9308	38.7605	35.4	41.9
MV-4125_S18__NODE_79_length_57756_cov_22.444342	1	57756	13951	57756	100	35.5102	35.5	41.7
MV-4122_S12__NODE_170_length_57751_cov_232.404586	1	57751	41538	57572	99.69	105.902	35.5	38.9
MV-4122_S12__NODE_171_length_57237_cov_115.966598	1	57237	6953	56390	98.5202	17.6785	35.4	39.1
MV-4122_S12__NODE_173_length_56983_cov_50.834036	1	56983	26	2626	4.60839	0.0687573	35.3	42
MV-4128_S29__NODE_41_length_56738_cov_25.048145	1	56738	3314	55112	97.1342	8.65119	35.4	42
MV-4122_S12__NODE_175_length_56417_cov_241.938398	1	56417	28974	56417	100	75.6539	35.5	16.7
MV-4122_S12__NODE_176_length_56394_cov_23.138519	1	56394	4498	55160	97.8118	11.6902	35.5	41.1
MV-4125_S18__NODE_83_length_56255_cov_70.761406	1	56255	35638	56244	99.9804	93.2741	35.5	33.5
MV-4122_S12__NODE_177_length_56244_cov_205.445247	1	56244	39294	56181	99.888	102.758	35.4	41.9
MV-4122_S12__NODE_178_length_55859_cov_219.959250	1	55859	28356	55723	99.7565	74.7304	35.5	23.9
MV-4125_S18__NODE_84_length_55742_cov_50.365399	1	55742	30592	55742	100	80.1647	35.5	41.9
MV-4125_S18__NODE_85_length_55362_cov_257.342760	1	55362	106010	55362	100	280.824	35.4	25
MV-4122_S12__NODE_179_length_55326_cov_36.167466	1	55326	2	302	0.545855	0.00545855	35.8	42
MV-4125_S18__NODE_86_length_54787_cov_46.973580	1	54787	19127	54759	99.9489	50.858	35.4	22.8
MV-4122_S12__NODE_181_length_54767_cov_49.309000	1	54767	4	480	0.87644	0.0110285	35.1	42
MV-4125_S18__NODE_87_length_54697_cov_23.991325	1	54697	14135	54658	99.9287	37.9371	35.5	41.8
MV-4122_S12__NODE_183_length_54288_cov_46.023510	1	54288	11233	54069	99.5966	30.3929	35.5	41.9
MV-4128_S29__NODE_43_length_54008_cov_23.028006	1	54008	2965	52069	96.4098	8.09154	35.5	41.7
MV-4122_S12__NODE_184_length_54002_cov_23.863885	1	54002	4707	53712	99.463	12.829	35.5	41.7
MV-4122_S12__NODE_185_length_53652_cov_161.991716	1	53652	4786	53443	99.6105	13.2401	35.5	0.999
MV-4125_S18__NODE_91_length_53137_cov_47.671904	1	53137	21861	53128	99.9831	60.0911	35.4	30.8
MV-4125_S18__NODE_92_length_53126_cov_48.468354	1	53126	25074	53120	99.9887	68.8861	35.5	37.1
MV-4128_S29__NODE_46_length_52884_cov_25.857086	1	52884	3254	51547	97.4718	9.08897	35.5	41.5
MV-4122_S12__NODE_187_length_52838_cov_218.462990	1	52838	28534	52785	99.8997	79.6445	35.5	26.2
MV-4122_S12__NODE_188_length_52675_cov_51.611174	1	52675	34	3229	6.13004	0.0944661	35.4	37.2
MV-4125_S18__NODE_93_length_52630_cov_43.458982	1	52630	24985	52630	100	69.1799	35.4	41.7
MV-4125_S18__NODE_94_length_52530_cov_33.069652	1	52530	9339	52414	99.7792	26.2072	35.5	1.02
MV-4122_S12__NODE_189_length_52506_cov_55.390822	1	52506	24	2275	4.33284	0.0690207	34.7	42
MV-4125_S18__NODE_95_length_52445_cov_22.902863	1	52445	10171	52317	99.7559	28.4152	35.5	30
MV-4122_S12__NODE_190_length_52392_cov_50.726274	1	52392	10037	52217	99.666	28.1696	35.5	34
MV-4122_S12__NODE_191_length_52209_cov_69.783948	1	52209	34	3258	6.2403	0.0925511	35.2	42
MV-4125_S18__NODE_96_length_51970_cov_19.617394	1	51970	5549	51771	99.6171	15.7437	35.5	2.63
MV-4122_S12__NODE_192_length_51731_cov_204.353472	1	51731	34899	51703	99.9459	99.25	35.5	41
MV-4122_S12__NODE_193_length_51708_cov_38.888041	1	51708	4	506	0.978572	0.011681	34.5	42
MV-4125_S18__NODE_98_length_51633_cov_46.375431	1	51633	23506	51633	100	66.4503	35.4	37.4
MV-4125_S18__NODE_99_length_51627_cov_80.732316	1	51627	42901	51623	99.9923	122.386	35.5	39.9
MV-4125_S18__NODE_102_length_51140_cov_23.660781	1	51140	7454	51062	99.8475	21.5159	35.5	11.6
MV-4122_S12__NODE_198_length_50583_cov_166.949315	1	50583	10522	50499	99.8339	30.7866	35.5	39.6
MV-4125_S18__NODE_104_length_50576_cov_42.188041	1	50576	22441	50282	99.4187	64.7904	35.5	40.3
MV-4122_S12__NODE_200_length_50457_cov_107.841217	1	50457	6470	50283	99.6552	18.6174	35.5	41.5
MV-4122_S12__NODE_201_length_50431_cov_22.213614	1	50431	20812	50362	99.8632	60.1215	35.5	38.4
MV-4122_S12__NODE_202_length_50192_cov_48.236193	1	50192	11020	49993	99.6035	32.2959	35.5	41.9
MV-4125_S18__NODE_106_length_50090_cov_23.888418	1	50090	8977	50073	99.9661	26.4004	35.5	25.1
MV-4125_S18__NODE_107_length_49889_cov_42.130473	1	49889	14966	49821	99.8637	43.8162	35.4	20.4
MV-4122_S12__NODE_204_length_49743_cov_51.117694	1	49743	22	2550	5.12635	0.0657781	34.9	42
MV-4122_S12__NODE_205_length_49726_cov_216.977834	1	49726	32040	49725	99.998	94.8906	35.5	35.7
MV-4125_S18__NODE_108_length_49434_cov_23.677636	1	49434	10295	49353	99.8361	30.7024	35.5	32.4
MV-4122_S12__NODE_207_length_49281_cov_93.122151	1	49281	5283	47990	97.3803	15.4371	35.4	40.3
MV-4122_S12__NODE_208_length_49257_cov_23.356347	1	49257	4130	48925	99.326	12.3303	35.5	41.6
MV-4122_S12__NODE_211_length_48765_cov_30.863580	1	48765	2	147	0.301446	0.00602891	36.5	42
MV-4125_S18__NODE_109_length_48743_cov_23.494352	1	48743	11924	48743	100	35.2003	35.4	38.9
MV-4128_S29__NODE_47_length_48646_cov_40.516721	1	48646	7674	48460	99.6176	23.3127	35.5	30.6
MV-4122_S12__NODE_213_length_48612_cov_52.596742	1	48612	7166	48312	99.3829	21.7268	35.5	16.9
MV-4125_S18__NODE_111_length_48501_cov_44.211989	1	48501	15453	48380	99.7505	46.5129	35.4	19.5
MV-4128_S29__NODE_48_length_48407_cov_25.779140	1	48407	2860	46691	96.4551	8.72384	35.4	41.9
MV-4125_S18__NODE_112_length_48395_cov_43.693980	1	48395	13304	48366	99.9401	40.0649	35.4	11.9
MV-4122_S12__NODE_215_length_48246_cov_65.795563	1	48246	3079	44888	93.0398	9.19898	35.4	35.6
MV-4122_S12__NODE_217_length_48037_cov_122.591597	1	48037	5255	47505	98.8925	16.1097	35.5	19.2
MV-4125_S18__NODE_116_length_47855_cov_21.735126	1	47855	11207	47855	100	34.3847	35.5	41.8
MV-4122_S12__NODE_219_length_47802_cov_211.939179	1	47802	26598	47768	99.9289	81.9115	35.5	29.3
MV-4125_S18__NODE_117_length_47776_cov_27.955303	1	47776	13346	47776	100	41.0239	35.5	39.9
MV-4128_S29__NODE_49_length_47776_cov_25.885166	1	47776	2804	46830	98.0199	8.69445	35.5	38.5
MV-4125_S18__NODE_118_length_47660_cov_22.691986	1	47660	11958	47660	100	36.2751	35.4	41.9
MV-4128_S29__NODE_50_length_47454_cov_27.427224	1	47454	2939	46510	98.0107	9.17189	35.4	39.2
MV-4122_S12__NODE_221_length_47440_cov_39.200865	1	47440	9374	47268	99.6374	28.9991	35.5	42
MV-4122_S12__NODE_222_length_47410_cov_25.471946	1	47410	19989	47365	99.9051	61.5403	35.5	38.1
MV-4125_S18__NODE_119_length_47207_cov_26.306010	1	47207	13312	47171	99.9237	41.5487	35.5	41.6
MV-4128_S29__NODE_51_length_47066_cov_24.662271	1	47066	2704	45873	97.4653	8.47127	35.5	41.9
MV-4128_S29__NODE_52_length_46985_cov_25.628553	1	46985	2875	45930	97.7546	9.05855	35.5	41.8
MV-4122_S12__NODE_225_length_46927_cov_49.627112	1	46927	10881	46661	99.4332	34.1294	35.5	41.9
MV-4128_S29__NODE_53_length_46916_cov_601.737543	1	46916	113041	46916	100	351.573	35.4	41.9
MV-4125_S18__NODE_122_length_46791_cov_48.701536	1	46791	24718	46791	100	77.1648	35.5	41.3
MV-4122_S12__NODE_227_length_46624_cov_160.581782	1	46624	9951	46477	99.6847	31.5867	35.5	41.8
MV-4122_S12__NODE_228_length_46562_cov_51.209130	1	46562	23	2327	4.99764	0.0722263	35	40.5
MV-4122_S12__NODE_229_length_46482_cov_31.926573	1	46482	2	100	0.215137	0.00430274	36.8	42
MV-4122_S12__NODE_231_length_45995_cov_54.298259	1	45995	7780	45487	98.8955	24.952	35.5	25.1
MV-4125_S18__NODE_124_length_45739_cov_36.727804	1	45739	18368	45739	100	58.3496	35.5	41.8
MV-4122_S12__NODE_234_length_45634_cov_55.255227	1	45634	6439	45285	99.2352	20.7595	35.5	12
MV-4122_S12__NODE_235_length_45611_cov_104.373562	1	45611	4982	44976	98.6078	15.8736	35.4	38.5
MV-4122_S12__NODE_238_length_45536_cov_51.089862	1	45536	16	1217	2.67261	0.0506852	36.2	42
MV-4128_S29__NODE_56_length_45532_cov_24.749698	1	45532	2600	44498	97.7291	8.44643	35.5	41.9
MV-4125_S18__NODE_126_length_45340_cov_23.180038	1	45340	9935	45340	100	32.133	35.5	38.2
MV-4128_S29__NODE_57_length_45041_cov_492.694016	1	45041	81684	45034	99.9845	264.838	35.5	41.5
MV-4125_S18__NODE_127_length_45033_cov_248.494331	1	45033	120489	45033	100	393.431	35.5	41.8
MV-4128_S29__NODE_59_length_44990_cov_24.836831	1	44990	2636	43527	96.7482	8.65828	35.5	42
MV-4122_S12__NODE_241_length_44843_cov_204.484103	1	44843	31429	44751	99.7948	103.159	35.4	41.3
MV-4122_S12__NODE_243_length_44641_cov_49.028843	1	44641	9447	44517	99.7222	31.0988	35.5	40.3
MV-4125_S18__NODE_129_length_44587_cov_66.754918	1	44587	22798	44587	100	75.274	35.5	24.2
MV-4128_S29__NODE_60_length_44580_cov_28.770915	1	44580	2835	44084	98.8874	9.3825	35.5	41.9
MV-4125_S18__NODE_130_length_44569_cov_18.449274	1	44569	9143	44569	100	29.5648	35.4	41.9
MV-4125_S18__NODE_131_length_44517_cov_23.402996	1	44517	7652	44437	99.8203	25.3699	35.5	23.3
MV-4122_S12__NODE_245_length_44313_cov_26.584346	1	44313	12270	44306	99.9842	40.4527	35.5	1.2
MV-4125_S18__NODE_132_length_44298_cov_68.425988	1	44298	21554	44193	99.763	71.5584	35.5	21
MV-4125_S18__NODE_133_length_44126_cov_17.871140	1	44126	8482	44119	99.9841	28.2098	35.4	41.6
MV-4128_S29__NODE_63_length_44108_cov_682.297097	1	44108	111711	44108	100	371.848	35.4	41.4
MV-4122_S12__NODE_246_length_44024_cov_41.529896	1	44024	7	612	1.39015	0.0210113	36.4	26.1
cell-4122-0-44_S10__NODE_22_length_43789_cov_467.380436	1	43789	66	901	2.05759	0.212725	35.9	9.67
MV-4128_S29__NODE_64_length_43717_cov_22.029316	1	43717	2322	42294	96.745	7.82647	35.5	27.1
MV-4122_S12__NODE_248_length_43658_cov_230.638190	1	43658	31285	43610	99.8901	105.562	35.5	37.2
MV-4122_S12__NODE_249_length_43649_cov_201.986305	1	43649	29737	43539	99.748	100.167	35.5	41.1
MV-4125_S18__NODE_135_length_43567_cov_26.387089	1	43567	10747	43561	99.9862	36.2614	35.5	39.7
MV-4125_S18__NODE_137_length_43372_cov_19.799155	1	43372	8141	43255	99.7302	27.6416	35.5	37
MV-4125_S18__NODE_138_length_43350_cov_27.381129	1	43350	12751	43350	100	42.4464	35.4	41.3
MV-4122_S12__NODE_251_length_43303_cov_74.459304	1	43303	8714	43127	99.5936	29.6261	35.5	41.5
MV-4122_S12__NODE_252_length_43284_cov_48.529344	1	43284	2	302	0.697717	0.00697717	34.7	42
MV-4122_S12__NODE_253_length_43254_cov_22.078081	1	43254	3344	42212	97.591	11.3426	35.5	41.1
MV-4122_S12__NODE_254_length_43231_cov_94.581434	1	43231	4467	41712	96.4863	15.0699	35.5	40.7
MV-4128_S29__NODE_66_length_42981_cov_21.034827	1	42981	2185	41788	97.2244	7.48335	35.5	28.4
MV-4122_S12__NODE_256_length_42914_cov_79.302574	1	42914	4518	41217	96.0456	15.1833	35.5	41.9
MV-4122_S12__NODE_257_length_42909_cov_47.315373	1	42909	2	280	0.652544	0.00703815	36.1	42
MV-4122_S12__NODE_258_length_42904_cov_52.696702	1	42904	5358	42426	98.8859	18.3883	35.5	5.81
MV-4122_S12__NODE_259_length_42883_cov_33.073106	1	42883	3088	42217	98.4469	10.6628	35.5	41.9
MV-4125_S18__NODE_140_length_42878_cov_22.279826	1	42878	10310	42869	99.979	35.2901	35.5	41.4
MV-4125_S18__NODE_141_length_42806_cov_50.226872	1	42806	22562	42776	99.9299	76.909	35.4	40.1
MV-4125_S18__NODE_142_length_42644_cov_250.049144	1	42644	115126	42644	100	396.576	35.5	41.8
MV-4122_S12__NODE_261_length_42639_cov_40.081439	1	42639	14	959	2.24911	0.0494852	35.6	29.9
MV-4125_S18__NODE_143_length_42550_cov_23.677421	1	42550	11075	42550	100	37.7131	35.4	41.9
MV-4125_S18__NODE_144_length_42496_cov_41.170331	1	42496	11116	42478	99.9576	38.1027	35.5	12.7
MV-4122_S12__NODE_262_length_42302_cov_22.530120	1	42302	3554	41955	99.1797	12.3414	35.5	41.4
MV-4128_S29__NODE_68_length_42298_cov_22.499657	1	42298	2333	40683	96.1819	8.09695	35.5	27.9
MV-4122_S12__NODE_264_length_42130_cov_34.003636	1	42130	3409	41508	98.5236	11.8511	35.5	41.9
MV-4125_S18__NODE_147_length_42120_cov_50.606728	1	42120	21390	42088	99.924	74.2908	35.5	37.8
MV-4125_S18__NODE_148_length_41968_cov_50.273996	1	41968	13776	41906	99.8523	47.7988	35.5	15.1
MV-4125_S18__NODE_149_length_41957_cov_22.233688	1	41957	9602	41911	99.8904	33.6937	35.5	40
MV-4125_S18__NODE_150_length_41949_cov_63.961474	1	41949	25205	41949	100	88.3052	35.5	36.4
MV-4122_S12__NODE_266_length_41794_cov_167.899758	1	41794	5458	41622	99.5885	19.2852	35.5	12.1
MV-4125_S18__NODE_152_length_41731_cov_21.861431	1	41731	9897	41687	99.8946	34.7385	35.5	41.7
MV-4122_S12__NODE_268_length_41708_cov_53.086884	1	41708	5655	41488	99.4725	19.9893	35.5	11.4
MV-4122_S12__NODE_269_length_41641_cov_32.065142	1	41641	16686	41291	99.1595	58.7384	35.4	21.8
MV-4122_S12__NODE_270_length_41569_cov_22.749073	1	41569	9535	41483	99.7931	33.4262	35.5	1.08
MV-4122_S12__NODE_271_length_41564_cov_9.960804	1	41564	623	31443	75.6496	2.21574	35.5	42
MV-4128_S29__NODE_70_length_41445_cov_49.683160	1	41445	8020	41222	99.4619	28.6397	35.5	31.2
MV-4122_S12__NODE_272_length_41443_cov_41.493549	1	41443	8680	40970	98.8587	30.7874	35.4	41.5
MV-4122_S12__NODE_273_length_41431_cov_21.879181	1	41431	3390	40693	98.2187	12.0283	35.5	41.5
MV-4122_S12__NODE_274_length_41367_cov_24.976714	1	41367	13104	41334	99.9202	46.2696	35.5	14.5
MV-4128_S29__NODE_72_length_41237_cov_19.240469	1	41237	1789	39533	95.8678	6.36761	35.5	42
MV-4122_S12__NODE_277_length_40752_cov_24.280438	1	40752	2546	39118	95.9904	9.2179	35.5	40.4
MV-4125_S18__NODE_156_length_40727_cov_21.667290	1	40727	7463	40703	99.9411	27.0925	35.5	31.2
MV-4122_S12__NODE_278_length_40721_cov_110.929720	1	40721	5103	39599	97.2447	18.266	35.4	41.7
MV-4122_S12__NODE_279_length_40697_cov_39.324418	1	40697	7	493	1.21139	0.0259724	34.2	30.9
MV-4125_S18__NODE_158_length_40416_cov_66.785560	1	40416	25303	40409	99.9827	92.1657	35.5	35.8
MV-4125_S18__NODE_159_length_40401_cov_23.754970	1	40401	5915	40401	100	21.5857	35.4	9.74
MV-4122_S12__NODE_280_length_40366_cov_38.140557	1	40366	4	185	0.458306	0.0149631	36.5	42
MV-4122_S12__NODE_282_length_40318_cov_108.142737	1	40318	4625	39742	98.5714	16.6658	35.4	40
MV-4125_S18__NODE_161_length_40145_cov_22.112946	1	40145	9616	40145	100	35.0848	35.4	41.6
MV-4122_S12__NODE_283_length_40129_cov_209.901432	1	40129	21420	40120	99.9776	78.4969	35.4	27.7
MV-4125_S18__NODE_163_length_40007_cov_23.234531	1	40007	10309	40007	100	37.2095	35.4	42
MV-4122_S12__NODE_286_length_39975_cov_168.672821	1	39975	9044	39919	99.8599	33.4929	35.5	41.9
MV-4122_S12__NODE_287_length_39930_cov_24.727925	1	39930	3451	39688	99.3939	12.6923	35.5	41.5
MV-4122_S12__NODE_288_length_39915_cov_27.722278	1	39915	20123	39816	99.752	73.6253	35.4	36.6
MV-4122_S12__NODE_289_length_39784_cov_46.772484	1	39784	30	952	2.39292	0.113563	36.2	35.2
MV-4122_S12__NODE_291_length_39703_cov_117.484236	1	39703	5074	39140	98.582	18.578	35.5	41.8
MV-4122_S12__NODE_292_length_39699_cov_17.679825	1	39699	2572	38968	98.1586	9.47296	35.4	41.9
MV-4125_S18__NODE_166_length_39690_cov_19.241403	1	39690	7468	39638	99.869	27.6361	35.5	36
MV-4125_S18__NODE_168_length_39571_cov_20.718494	1	39571	3880	39488	99.7903	14.5588	35.4	1.67
MV-4128_S29__NODE_74_length_39536_cov_24.730731	1	39536	2281	39094	98.882	8.48138	35.5	41.9
MV-4122_S12__NODE_293_length_39485_cov_26.377682	1	39485	10723	39306	99.5467	39.7207	35.5	1.01
MV-4128_S29__NODE_75_length_39459_cov_23.986778	1	39459	2280	38575	97.7597	8.50855	35.5	23.8
MV-4128_S29__NODE_76_length_39397_cov_25.416705	1	39397	2214	39012	99.0228	8.23979	35.5	26.1
MV-4128_S29__NODE_77_length_39259_cov_504.042343	1	39259	70167	39259	100	261.292	35.5	41.9
MV-4128_S29__NODE_78_length_39163_cov_27.500818	1	39163	2391	38483	98.2637	9.02221	35.4	41.9
MV-4128_S29__NODE_79_length_39002_cov_509.440778	1	39002	80711	39002	100	301.055	35.5	41.7
MV-4122_S12__NODE_296_length_38969_cov_49.364702	1	38969	8849	38849	99.6921	33.4799	35.5	41.9
MV-4122_S12__NODE_298_length_38902_cov_41.232553	1	38902	8	461	1.18503	0.0287389	35.2	40.5
MV-4125_S18__NODE_170_length_38823_cov_23.752167	1	38823	10146	38823	100	37.8814	35.4	41.9
MV-4122_S12__NODE_299_length_38815_cov_215.964241	1	38815	24533	38743	99.8145	93.0038	35.5	36.7
MV-4128_S29__NODE_80_length_38768_cov_24.905639	1	38768	2157	37868	97.6785	8.22289	35.4	41.8
MV-4122_S12__NODE_300_length_38742_cov_21.943392	1	38742	3024	38198	98.5958	11.4741	35.5	41.6
MV-4122_S12__NODE_301_length_38726_cov_50.659538	1	38726	8779	38723	99.9923	33.437	35.5	40.6
MV-4122_S12__NODE_303_length_38634_cov_26.855025	1	38634	2220	37708	97.6031	8.45525	35.4	41.8
MV-4125_S18__NODE_171_length_38630_cov_22.644770	1	38630	5858	38442	99.5133	22.3327	35.5	16.6
MV-4128_S29__NODE_82_length_38305_cov_20.935608	1	38305	1915	36577	95.4888	7.35606	35.5	34.4
MV-4122_S12__NODE_304_length_38188_cov_21.934886	1	38188	3104	37534	98.2874	11.954	35.5	41.5
MV-4122_S12__NODE_305_length_38149_cov_45.168215	1	38149	10	1167	3.05906	0.0378516	35.5	42
cell-4122-0-44_S10__NODE_28_length_38013_cov_1387.913457	1	38013	6	540	1.42057	0.0233604	35.2	42
MV-4122_S12__NODE_306_length_38012_cov_46.808863	1	38012	2	117	0.307798	0.00615595	35.5	42
MV-4125_S18__NODE_173_length_37949_cov_71.608460	1	37949	29116	37949	100	112.989	35.5	41.3
MV-4125_S18__NODE_174_length_37945_cov_21.303721	1	37945	8688	37945	100	33.7171	35.5	41.8
MV-4128_S29__NODE_84_length_37922_cov_27.654501	1	37922	2602	37186	98.0592	10.1448	35.5	41.9
MV-4122_S12__NODE_308_length_37910_cov_79.129573	1	37910	2783	36398	96.0116	10.5622	35.4	34
MV-4122_S12__NODE_310_length_37846_cov_72.377656	1	37846	30	3137	8.28885	0.114094	35.9	37.7
MV-4125_S18__NODE_175_length_37839_cov_23.477318	1	37839	9534	37839	100	37.1024	35.5	41.8
MV-4125_S18__NODE_176_length_37797_cov_23.644295	1	37797	9640	37797	100	37.5143	35.5	41
MV-4122_S12__NODE_313_length_37526_cov_24.214913	1	37526	13052	37467	99.8428	50.834	35.5	24.2
MV-4125_S18__NODE_181_length_37357_cov_23.988794	1	37357	5442	37212	99.6119	21.4693	35.5	9.97
MV-4125_S18__NODE_182_length_37015_cov_36.646023	1	37015	14423	36995	99.946	56.7423	35.4	40.3
MV-4128_S29__NODE_85_length_36977_cov_29.620362	1	36977	2578	36298	98.1637	10.3473	35.4	41.9
MV-4125_S18__NODE_183_length_36972_cov_23.889969	1	36972	9781	36972	100	38.2337	35.4	42
MV-4122_S12__NODE_318_length_36946_cov_42.761053	1	36946	6922	36847	99.732	27.587	35.5	37.7
MV-4122_S12__NODE_319_length_36920_cov_42.346372	1	36920	2	93	0.251896	0.00503792	36.5	42
MV-4122_S12__NODE_320_length_36894_cov_235.854529	1	36894	29136	36893	99.9973	116.411	35.5	41.1
MV-4125_S18__NODE_184_length_36807_cov_70.213158	1	36807	26295	36750	99.8451	105.033	35.5	38.6
MV-4128_S29__NODE_86_length_36626_cov_26.516584	1	36626	2172	35545	97.0485	8.73789	35.5	29.6
MV-4125_S18__NODE_187_length_36536_cov_25.430334	1	36536	10180	36536	100	40.4733	35.4	41.9
MV-4125_S18__NODE_189_length_36496_cov_21.162454	1	36496	2930	36475	99.9425	11.9289	35.4	1.09
MV-4122_S12__NODE_325_length_36439_cov_63.938462	1	36439	21	2430	6.66868	0.0870221	35.3	41.9
cell-4122-0-44_S10__NODE_30_length_36395_cov_531.337149	1	36395	2	302	0.829784	0.00829784	33.3	42
MV-4125_S18__NODE_190_length_36325_cov_21.747422	1	36325	8529	36316	99.9752	34.4743	35.5	41.6
MV-4128_S29__NODE_88_length_36280_cov_25.196743	1	36280	2170	35896	98.9416	8.82944	35.5	41.9
MV-4125_S18__NODE_191_length_36259_cov_22.445559	1	36259	4867	36259	100	19.7404	35.4	8.57
MV-4125_S18__NODE_192_length_36032_cov_194.343914	1	36032	51694	36032	100	209.963	35.4	22.6
MV-4125_S18__NODE_193_length_35988_cov_19.063646	1	35988	7414	35983	99.9861	30.2058	35.5	41.8
MV-4128_S29__NODE_89_length_35948_cov_25.486474	1	35948	2278	35146	97.769	9.34678	35.5	28
MV-4128_S29__NODE_90_length_35942_cov_27.467774	1	35942	1832	33334	92.7439	7.42015	35.5	42
MV-4122_S12__NODE_328_length_35889_cov_56.814980	1	35889	7088	35723	99.5375	29.1501	35.5	27.4
MV-4122_S12__NODE_329_length_35848_cov_23.971782	1	35848	8733	35708	99.6095	35.5299	35.5	1.18
MV-4122_S12__NODE_331_length_35779_cov_44.878261	1	35779	6	647	1.80832	0.0253221	35.7	42
MV-4122_S12__NODE_332_length_35764_cov_20.692655	1	35764	2664	35016	97.9085	10.9585	35.5	41.5
MV-4122_S12__NODE_333_length_35743_cov_56.954831	1	35743	6129	35609	99.6251	25.2511	35.5	23.2
MV-4122_S12__NODE_334_length_35654_cov_24.253181	1	35654	3209	35255	98.8809	13.1641	35.5	41.3
MV-4128_S29__NODE_91_length_35644_cov_27.407092	1	35644	2042	35010	98.2213	8.45034	35.5	41.9
MV-4122_S12__NODE_338_length_35483_cov_58.806848	1	35483	6	895	2.52233	0.0255334	33.9	42
MV-4122_S12__NODE_339_length_35376_cov_16.580901	1	35376	1967	33004	93.2949	8.07921	35.5	41.4
MV-4125_S18__NODE_199_length_35359_cov_22.727311	1	35359	8487	35326	99.9067	35.3845	35.5	40.9
MV-4122_S12__NODE_340_length_35343_cov_56.074671	1	35343	21	2077	5.87669	0.0884758	35.6	39.9
MV-4122_S12__NODE_343_length_35160_cov_194.400057	1	35160	23129	35146	99.9602	96.747	35.5	40.7
MV-4122_S12__NODE_344_length_35081_cov_57.230572	1	35081	21	2170	6.18568	0.0903908	35.6	41.1
MV-4128_S29__NODE_97_length_35014_cov_24.320261	1	35014	2267	34416	98.2921	9.55761	35.5	20.4
MV-4128_S29__NODE_98_length_35001_cov_27.838665	1	35001	2966	34375	98.2115	12.4754	35.6	27.1
MV-4125_S18__NODE_201_length_34968_cov_55.479707	1	34968	20761	34960	99.9771	87.0106	35.5	41.3
MV-4125_S18__NODE_202_length_34955_cov_47.813295	1	34955	17834	34943	99.9657	74.5719	35.5	41
MV-4122_S12__NODE_345_length_34869_cov_24.430344	1	34869	8384	34843	99.9254	35.1112	35.5	1.01
MV-4122_S12__NODE_346_length_34866_cov_68.202005	1	34866	12	1367	3.92073	0.0519704	35.6	42
MV-4125_S18__NODE_204_length_34837_cov_53.846731	1	34837	20386	34836	99.9971	85.5423	35.5	41.6
MV-4122_S12__NODE_347_length_34819_cov_26.670147	1	34819	9580	34707	99.6783	40.1477	35.5	1.06
MV-4122_S12__NODE_350_length_34647_cov_41.505637	1	34647	5202	34249	98.8513	22.0822	35.4	25.6
MV-4128_S29__NODE_102_length_34548_cov_31.412229	1	34548	1910	33525	97.0389	8.17193	35.5	42
MV-4122_S12__NODE_351_length_34531_cov_61.050992	1	34531	9279	34521	99.971	39.6472	35.5	40.7
MV-4128_S29__NODE_103_length_34470_cov_35.511172	1	34470	1968	32960	95.6194	8.39791	35.4	40.7
MV-4122_S12__NODE_352_length_34392_cov_55.143839	1	34392	7766	34169	99.3516	33.2461	35.5	36.7
MV-4122_S12__NODE_353_length_34353_cov_223.765117	1	34353	25313	34320	99.9039	108.452	35.4	41.6
MV-4125_S18__NODE_207_length_34334_cov_44.650369	1	34334	8202	34330	99.9883	34.9031	35.5	1.03
MV-4128_S29__NODE_104_length_34318_cov_28.353034	1	34318	2011	33885	98.7383	8.65677	35.5	41.9
MV-4125_S18__NODE_209_length_34242_cov_29.273788	1	34242	6408	34060	99.4685	27.4741	35.5	14.9
MV-4122_S12__NODE_355_length_34116_cov_27.990752	1	34116	19847	34075	99.8798	85.1714	35.4	41.8
MV-4122_S12__NODE_356_length_34101_cov_163.445720	1	34101	7544	34077	99.9296	32.7341	35.5	41.6
MV-4128_S29__NODE_106_length_34056_cov_24.193553	1	34056	1854	33422	98.1384	8.034	35.5	41.9
MV-4125_S18__NODE_212_length_34018_cov_41.181757	1	34018	11730	33940	99.7707	50.2505	35.5	28.5
MV-4122_S12__NODE_359_length_34014_cov_112.324656	1	34014	3937	33635	98.8858	17.091	35.5	42
MV-4122_S12__NODE_360_length_34014_cov_38.465031	1	34014	3	233	0.685012	0.00926089	35.9	11.3
MV-4128_S29__NODE_107_length_33962_cov_17.262807	1	33962	1833	31633	93.1423	7.84839	35.5	29.3
MV-4125_S18__NODE_213_length_33958_cov_25.342684	1	33958	9412	33864	99.7232	40.2793	35.4	41.9
MV-4122_S12__NODE_361_length_33848_cov_61.821738	1	33848	20	2505	7.40073	0.0892224	35.6	41.7
MV-4122_S12__NODE_362_length_33782_cov_22.537937	1	33782	10656	33730	99.8461	46.0378	35.5	22.1
MV-4122_S12__NODE_363_length_33700_cov_111.813494	1	33700	4275	33330	98.9021	18.4401	35.5	41.5
MV-4125_S18__NODE_215_length_33611_cov_42.495858	1	33611	14230	33589	99.9345	61.7398	35.4	38.4
MV-4125_S18__NODE_216_length_33589_cov_26.057882	1	33589	9583	33589	100	41.4463	35.4	41.9
MV-4128_S29__NODE_108_length_33381_cov_28.674758	1	33381	1994	32148	96.3063	8.82781	35.4	41.9
MV-4122_S12__NODE_365_length_33364_cov_43.834459	1	33364	14	878	2.63158	0.0555689	35.9	33.1
MV-4122_S12__NODE_366_length_33327_cov_12.617697	1	33327	877	29787	89.378	3.86506	35.5	41.4
MV-4125_S18__NODE_220_length_33181_cov_22.334933	1	33181	7843	33174	99.9789	34.742	35.5	41.5
MV-4125_S18__NODE_221_length_33152_cov_23.198507	1	33152	7044	33126	99.9216	31.3594	35.5	34.7
MV-4128_S29__NODE_109_length_33152_cov_26.201861	1	33152	2164	32739	98.7542	9.64823	35.5	42
MV-4125_S18__NODE_222_length_33151_cov_25.723743	1	33151	8297	33151	100	36.8537	35.5	37.5
MV-4125_S18__NODE_223_length_33116_cov_22.258613	1	33116	8169	33116	100	35.6279	35.4	41.9
MV-4122_S12__NODE_370_length_32950_cov_209.761453	1	32950	14142	32935	99.9545	63.1213	35.5	14
MV-4128_S29__NODE_110_length_32908_cov_26.005875	1	32908	1782	31756	96.4993	8.00173	35.5	37.8
MV-4125_S18__NODE_226_length_32893_cov_20.683872	1	32893	6311	32881	99.9635	28.1673	35.5	34.7
MV-4125_S18__NODE_228_length_32829_cov_75.378257	1	32829	26361	32829	100	118.435	35.5	41.7
MV-4128_S29__NODE_112_length_32713_cov_23.279013	1	32713	2391	31135	95.1762	10.7559	35.5	31.9
MV-4122_S12__NODE_373_length_32635_cov_26.174770	1	32635	1675	30980	94.9288	7.52382	35.5	41.9
MV-4122_S12__NODE_374_length_32633_cov_109.911627	1	32633	4167	32303	98.9888	18.5668	35.4	41.2
MV-4128_S29__NODE_113_length_32621_cov_22.785942	1	32621	1807	31769	97.3882	8.16318	35.5	34.4
MV-4125_S18__NODE_229_length_32608_cov_21.259700	1	32608	7641	32608	100	33.8905	35.4	41.9
MV-4125_S18__NODE_230_length_32451_cov_41.877114	1	32451	14689	32451	100	65.8694	35.5	41.3
MV-4128_S29__NODE_114_length_32406_cov_26.880869	1	32406	2067	31528	97.2906	9.43631	35.6	41.9
MV-4125_S18__NODE_232_length_32277_cov_165.078270	1	32277	59107	32277	100	263.976	35.4	41.9
MV-4125_S18__NODE_233_length_32206_cov_23.107182	1	32206	8032	32206	100	36.6398	35.5	41.9
MV-4125_S18__NODE_235_length_32145_cov_23.734746	1	32145	4812	32072	99.7729	22.0972	35.5	12.9
MV-4122_S12__NODE_380_length_32140_cov_51.752470	1	32140	6	369	1.1481	0.0268202	36.3	42
MV-4122_S12__NODE_381_length_32104_cov_155.241692	1	32104	6575	32053	99.8411	30.304	35.5	41.8
MV-4122_S12__NODE_383_length_32010_cov_39.092349	1	32010	4	492	1.53702	0.0188691	34.7	42
MV-4125_S18__NODE_237_length_31872_cov_20.634284	1	31872	7093	31808	99.7992	32.6763	35.5	41.9
MV-4122_S12__NODE_386_length_31784_cov_26.716537	1	31784	2825	31722	99.8049	13.1236	35.4	41.7
MV-4125_S18__NODE_239_length_31777_cov_47.931972	1	31777	14478	31777	100	66.5593	35.4	38.3
MV-4128_S29__NODE_117_length_31765_cov_20.093283	1	31765	1911	31067	97.8026	8.84546	35.5	42
MV-4128_S29__NODE_118_length_31710_cov_26.533691	1	31710	1867	30930	97.5402	8.69451	35.5	41.9
MV-4122_S12__NODE_387_length_31704_cov_44.634396	1	31704	4523	30690	96.8017	20.9932	35.5	1.03
MV-4125_S18__NODE_243_length_31520_cov_71.566248	1	31520	18641	31466	99.8287	87.1503	35.5	29.3
MV-4128_S29__NODE_119_length_31509_cov_13.528073	1	31509	1427	29716	94.3096	6.63391	35.4	41.9
MV-4122_S12__NODE_390_length_31486_cov_162.250772	1	31486	6857	31403	99.7364	32.262	35.5	41.9
MV-4125_S18__NODE_244_length_31414_cov_21.111866	1	31414	7349	31391	99.9268	33.7171	35.4	41.9
MV-4125_S18__NODE_245_length_31389_cov_276.851950	1	31389	93665	31389	100	438.625	35.5	41.9
MV-4122_S12__NODE_391_length_31365_cov_27.944874	1	31365	2008	30937	98.6354	9.4081	35.5	41.9
MV-4122_S12__NODE_392_length_31327_cov_204.024910	1	31327	22057	31284	99.8627	103.38	35.4	41.7
MV-4128_S29__NODE_123_length_31242_cov_24.929041	1	31242	1904	30547	97.7754	8.93899	35.5	31.3
MV-4122_S12__NODE_394_length_31241_cov_49.857212	1	31241	5761	31151	99.7119	27.1612	35.5	10.8
MV-4122_S12__NODE_395_length_31175_cov_23.142802	1	31175	2430	30744	98.6175	11.4444	35.5	41.4
MV-4128_S29__NODE_124_length_31151_cov_27.101846	1	31151	2049	30496	97.8973	9.72367	35.5	41.9
MV-4122_S12__NODE_396_length_31145_cov_29.977742	1	31145	2	176	0.565099	0.00969658	36.3	42
MV-4122_S12__NODE_397_length_31100_cov_50.772943	1	31100	12	1200	3.85852	0.0562701	36.2	42
MV-4122_S12__NODE_398_length_31080_cov_43.464013	1	31080	2	212	0.682111	0.00971686	34.4	42
cell-4122-0-44_S10__NODE_35_length_30946_cov_78.815286	1	30946	2	123	0.397467	0.00794933	36.3	23
MV-4125_S18__NODE_250_length_30911_cov_25.509755	1	30911	8543	30880	99.8997	40.4881	35.5	41.7
MV-4122_S12__NODE_400_length_30910_cov_29.638243	1	30910	2033	30536	98.79	9.69508	35.5	42
MV-4122_S12__NODE_401_length_30900_cov_26.312498	1	30900	1796	30073	97.3236	8.58249	35.5	41.9
MV-4125_S18__NODE_251_length_30877_cov_39.052171	1	30877	8116	30822	99.8219	38.2745	35.4	16.5
MV-4125_S18__NODE_252_length_30789_cov_66.461541	1	30789	21835	30766	99.9253	104.171	35.5	40.4
MV-4128_S29__NODE_128_length_30772_cov_26.988573	1	30772	1830	30185	98.0924	8.81802	35.5	41.9
MV-4128_S29__NODE_129_length_30726_cov_28.529653	1	30726	1917	29811	97.0221	9.21649	35.5	41.9
MV-4128_S29__NODE_130_length_30715_cov_26.079387	1	30715	1706	29877	97.2717	8.19534	35.4	42
MV-4122_S12__NODE_403_length_30628_cov_38.084944	1	30628	2	269	0.878281	0.00986026	36.3	42
MV-4128_S29__NODE_131_length_30612_cov_24.709461	1	30612	1721	30233	98.7619	8.31448	35.5	42
MV-4128_S29__NODE_132_length_30605_cov_16.917709	1	30605	1542	29187	95.3668	7.38497	35.4	42
MV-4125_S18__NODE_253_length_30602_cov_226.365797	1	30602	75181	30595	99.9771	359.38	35.4	41.8
MV-4128_S29__NODE_134_length_30543_cov_26.448340	1	30543	1873	30123	98.6249	9.05183	35.6	42
MV-4128_S29__NODE_135_length_30487_cov_21.632328	1	30487	1525	29124	95.5292	7.3365	35.4	26.6
MV-4122_S12__NODE_405_length_30481_cov_34.425360	1	30481	2	184	0.603655	0.00990781	30.6	1
MV-4128_S29__NODE_136_length_30442_cov_18.492184	1	30442	1324	29195	95.9037	6.38046	35.5	36.3
MV-4128_S29__NODE_137_length_30371_cov_27.568809	1	30371	1939	29684	97.738	9.46281	35.6	41.9
MV-4125_S18__NODE_254_length_30357_cov_20.256287	1	30357	6582	30357	100	31.9524	35.4	41.8
MV-4122_S12__NODE_406_length_30346_cov_20.989502	1	30346	2259	29911	98.5665	10.9212	35.5	41.6
MV-4125_S18__NODE_255_length_30319_cov_28.724656	1	30319	9574	30319	100	45.8402	35.4	41.9
MV-4128_S29__NODE_138_length_30259_cov_24.704344	1	30259	1905	29744	98.298	9.32182	35.5	41.9
MV-4122_S12__NODE_408_length_30245_cov_59.110401	1	30245	5541	30173	99.7619	27.0822	35.5	1.01
MV-4122_S12__NODE_410_length_30181_cov_23.789053	1	30181	2305	29784	98.6846	11.1939	35.5	41.5
MV-4125_S18__NODE_256_length_30112_cov_20.986692	1	30112	7016	30112	100	33.5804	35.4	41.9
MV-4122_S12__NODE_411_length_30100_cov_232.673323	1	30100	23411	30099	99.9967	114.747	35.5	40.8
MV-4128_S29__NODE_139_length_30100_cov_27.940456	1	30100	1847	29926	99.4219	9.01319	35.5	41.9
MV-4125_S18__NODE_258_length_30086_cov_30.539243	1	30086	9821	30049	99.877	48.1266	35.4	41.9
MV-4122_S12__NODE_412_length_30076_cov_24.412211	1	30076	7571	29973	99.6575	36.8629	35.4	0.999
MV-4122_S12__NODE_415_length_30026_cov_39.676988	1	30026	2	152	0.506228	0.0100579	35.7	23
MV-4125_S18__NODE_260_length_30005_cov_24.768180	1	30005	7956	30001	99.9867	38.9948	35.4	41.7
MV-4125_S18__NODE_261_length_29911_cov_22.276460	1	29911	7150	29837	99.7526	35.1713	35.5	41.4
MV-4122_S12__NODE_416_length_29900_cov_61.292746	1	29900	26	2179	7.28763	0.128629	35.7	39.5
MV-4122_S12__NODE_417_length_29809_cov_218.444142	1	29809	20788	29643	99.4431	102.77	35.5	40.1
MV-4128_S29__NODE_140_length_29777_cov_16.194603	1	29777	1385	28154	94.5495	6.81412	35.4	41.9
MV-4122_S12__NODE_420_length_29540_cov_26.760997	1	29540	2629	29193	98.8253	13.1007	35.5	38.4
MV-4122_S12__NODE_421_length_29534_cov_53.203670	1	29534	16	1960	6.63642	0.0816686	35.6	42
MV-4128_S29__NODE_141_length_29420_cov_22.651762	1	29420	1625	28948	98.3956	8.06108	35.5	30
MV-4122_S12__NODE_422_length_29415_cov_212.029837	1	29415	20770	29383	99.8912	103.757	35.5	41.1
MV-4122_S12__NODE_423_length_29401_cov_38.936482	1	29401	3	211	0.717663	0.0154076	32.1	36
MV-4128_S29__NODE_142_length_29377_cov_24.912455	1	29377	1795	28663	97.5695	8.98986	35.5	41.8
MV-4125_S18__NODE_265_length_29355_cov_25.647099	1	29355	3993	29264	99.69	20.0836	35.5	1.27
MV-4125_S18__NODE_266_length_29333_cov_40.319455	1	29333	12768	29296	99.8739	63.5131	35.4	41.4
MV-4125_S18__NODE_267_length_29325_cov_23.581619	1	29325	7417	29293	99.8909	37.1984	35.5	41.8
MV-4122_S12__NODE_425_length_29308_cov_14.137729	1	29308	798	26383	90.0198	4.03351	35.5	41
MV-4125_S18__NODE_268_length_29274_cov_25.189500	1	29274	7860	29274	100	39.6917	35.5	41.8
cell-4122-0-44_S10__NODE_39_length_29241_cov_550.532550	1	29241	4	329	1.12513	0.0206559	35.5	26
MV-4128_S29__NODE_143_length_29205_cov_23.035094	1	29205	1620	27902	95.5384	8.15532	35.5	27.4
MV-4128_S29__NODE_144_length_29128_cov_15.231108	1	29128	1305	27708	95.125	6.55596	35.4	41.9
MV-4125_S18__NODE_269_length_29113_cov_21.623615	1	29113	6802	29113	100	34.3174	35.5	41.7
MV-4125_S18__NODE_270_length_29111_cov_24.286860	1	29111	7627	29070	99.8592	38.4643	35.5	42
MV-4128_S29__NODE_145_length_29107_cov_25.840872	1	29107	1665	27864	95.7295	8.42574	35.5	42
MV-4128_S29__NODE_146_length_29105_cov_17.298485	1	29105	1454	27809	95.5472	7.34795	35.5	41.9
MV-4125_S18__NODE_271_length_29022_cov_72.192012	1	29022	11371	28970	99.8208	57.6417	35.5	1.61
MV-4125_S18__NODE_272_length_28971_cov_17.311869	1	28971	5438	28971	100	27.5001	35.5	42
MV-4122_S12__NODE_427_length_28942_cov_25.678748	1	28942	1698	28062	96.9594	8.66975	35.5	41.9
MV-4125_S18__NODE_274_length_28928_cov_22.397430	1	28928	6994	28928	100	35.4596	35.5	41.5
MV-4122_S12__NODE_429_length_28765_cov_12.106513	1	28765	186	12958	45.0478	0.939684	35.3	41.9
MV-4125_S18__NODE_275_length_28653_cov_19.151269	1	28653	4947	28653	100	25.3521	35.5	27.4
MV-4122_S12__NODE_430_length_28651_cov_53.474052	1	28651	5165	28522	99.5498	26.5931	35.5	27.4
MV-4122_S12__NODE_432_length_28650_cov_24.811401	1	28650	2503	28519	99.5428	12.8577	35.5	41.6
MV-4122_S12__NODE_433_length_28648_cov_29.913895	1	28648	1827	28216	98.492	9.37503	35.5	41.9
MV-4122_S12__NODE_435_length_28581_cov_27.648847	1	28581	3554	28085	98.2646	18.2596	35.5	37.2
MV-4122_S12__NODE_437_length_28524_cov_50.785240	1	28524	13	1220	4.2771	0.0681181	34.9	41.8
MV-4122_S12__NODE_438_length_28521_cov_25.275768	1	28521	2638	27832	97.5842	13.5883	35.5	41.7
MV-4122_S12__NODE_439_length_28507_cov_22.028434	1	28507	1795	27954	98.0601	9.21532	35.4	34.2
MV-4122_S12__NODE_440_length_28505_cov_24.388612	1	28505	2035	28151	98.7581	10.4578	35.5	37.1
MV-4128_S29__NODE_147_length_28440_cov_26.469191	1	28440	1912	27953	98.2876	9.9456	35.6	41.9
MV-4122_S12__NODE_442_length_28332_cov_27.636171	1	28332	15979	28271	99.7847	82.3879	35.5	41.2
MV-4125_S18__NODE_278_length_28304_cov_21.110588	1	28304	6446	28304	100	33.4362	35.5	41.5
MV-4122_S12__NODE_443_length_28273_cov_21.947197	1	28273	1868	27803	98.3376	9.73063	35.5	31.4
MV-4128_S29__NODE_148_length_28251_cov_23.884558	1	28251	1657	27830	98.5098	8.64161	35.5	41.8
MV-4122_S12__NODE_444_length_28245_cov_231.340830	1	28245	21802	28234	99.9611	113.636	35.5	41.7
MV-4122_S12__NODE_445_length_28225_cov_25.967448	1	28225	1606	26035	92.2409	8.39841	35.4	41.5
MV-4122_S12__NODE_447_length_28201_cov_28.092447	1	28201	1824	27777	98.4965	9.52558	35.4	41.9
MV-4122_S12__NODE_448_length_28121_cov_25.912100	1	28121	1547	26847	95.4696	8.12083	35.6	42
MV-4122_S12__NODE_452_length_28012_cov_30.990414	1	28012	2036	27704	98.9005	10.7062	35.5	41.9
MV-4125_S18__NODE_281_length_27956_cov_20.031648	1	27956	6173	27935	99.9249	31.8922	35.4	41.9
MV-4122_S12__NODE_453_length_27859_cov_54.166415	1	27859	8	829	2.9757	0.0430741	34.2	42
MV-4128_S29__NODE_149_length_27731_cov_17.329961	1	27731	1440	26774	96.549	7.62042	35.4	41.9
MV-4128_S29__NODE_150_length_27711_cov_22.929202	1	27711	1471	26988	97.3909	7.76038	35.5	25.7
MV-4128_S29__NODE_151_length_27711_cov_15.596435	1	27711	1359	26947	97.243	7.1551	35.3	41.9
MV-4125_S18__NODE_284_length_27692_cov_280.640880	1	27692	74697	27690	99.9928	393.179	35.5	35
MV-4122_S12__NODE_456_length_27628_cov_193.550647	1	27628	16957	27592	99.8697	90.0648	35.5	39.1
MV-4125_S18__NODE_285_length_27595_cov_26.277160	1	27595	7760	27588	99.9746	41.3751	35.5	41.8
MV-4125_S18__NODE_286_length_27526_cov_27.859015	1	27526	7690	27526	100	41.1368	35.4	41
MV-4125_S18__NODE_287_length_27511_cov_20.862799	1	27511	6190	27503	99.9709	33.0122	35.5	41.9
MV-4122_S12__NODE_458_length_27469_cov_43.339498	1	27469	4	437	1.59088	0.0216244	34.6	33
MV-4122_S12__NODE_461_length_27358_cov_59.736110	1	27358	12	1449	5.29644	0.0662329	35	42
MV-4125_S18__NODE_289_length_27358_cov_32.112259	1	27358	6744	27243	99.5796	36.2855	35.5	25.1
MV-4125_S18__NODE_290_length_27356_cov_24.174609	1	27356	7316	27356	100	38.6793	35.5	42
MV-4122_S12__NODE_463_length_27324_cov_23.114159	1	27324	867	25068	91.7435	4.69111	35.5	32.5
MV-4122_S12__NODE_464_length_27289_cov_27.196482	1	27289	1438	26291	96.3428	7.7392	35.5	40.7
MV-4128_S29__NODE_153_length_27276_cov_19.127255	1	27276	1206	26228	96.1578	6.49699	35.5	42
MV-4122_S12__NODE_466_length_27254_cov_39.086805	1	27254	5236	27191	99.7688	28.2382	35.5	40.8
MV-4125_S18__NODE_291_length_27231_cov_25.004121	1	27231	6407	27175	99.7944	34.7522	35.4	35.7
MV-4125_S18__NODE_292_length_27223_cov_17.866056	1	27223	4799	26933	98.9347	25.7953	35.5	38.8
MV-4128_S29__NODE_154_length_27219_cov_23.184546	1	27219	1507	26652	97.9169	8.19916	35.5	41.9
MV-4122_S12__NODE_467_length_27200_cov_22.006705	1	27200	296	17847	65.614	1.62467	35.7	41.3
MV-4125_S18__NODE_293_length_27173_cov_29.487942	1	27173	8755	27173	100	46.898	35.4	41.9
MV-4128_S29__NODE_155_length_27168_cov_26.507616	1	27168	1644	26266	96.6799	8.93662	35.5	41.9
MV-4125_S18__NODE_294_length_27140_cov_21.988924	1	27140	6429	27140	100	34.7798	35.5	41.6
MV-4122_S12__NODE_469_length_27099_cov_54.472378	1	27099	5465	27004	99.6494	29.7135	35.5	34.5
MV-4122_S12__NODE_470_length_27067_cov_172.835221	1	27067	5995	27035	99.8818	32.7625	35.5	41.9
MV-4125_S18__NODE_296_length_27041_cov_43.172904	1	27041	10207	27040	99.9963	55.0827	35.5	31.1
MV-4125_S18__NODE_297_length_27016_cov_23.725010	1	27016	6877	27016	100	37.3603	35.5	41.2
MV-4125_S18__NODE_298_length_26999_cov_25.288933	1	26999	7516	26999	100	40.3255	35.4	41.9
MV-4122_S12__NODE_472_length_26972_cov_225.371475	1	26972	18482	26949	99.9147	100.767	35.5	37.1
MV-4125_S18__NODE_299_length_26959_cov_22.504460	1	26959	4031	26903	99.7923	21.9497	35.4	17.5
MV-4128_S29__NODE_156_length_26943_cov_26.982632	1	26943	1640	26477	98.2704	8.99161	35.4	26.3
MV-4122_S12__NODE_474_length_26912_cov_24.542838	1	26912	2094	26004	96.626	11.4032	35.5	40.2
MV-4128_S29__NODE_157_length_26905_cov_26.739069	1	26905	1484	25534	94.9043	8.16231	35.5	41.9
MV-4122_S12__NODE_475_length_26878_cov_24.363457	1	26878	1419	25624	95.3345	7.82447	35.6	41.9
MV-4125_S18__NODE_302_length_26870_cov_25.514675	1	26870	7386	26870	100	39.6879	35.4	41.5
MV-4125_S18__NODE_303_length_26868_cov_22.529333	1	26868	3316	26704	99.3896	18.2087	35.5	1.33
MV-4125_S18__NODE_304_length_26866_cov_23.684085	1	26866	6810	26866	100	37.1599	35.4	41.9
MV-4122_S12__NODE_477_length_26832_cov_24.900362	1	26832	9005	26766	99.754	49.1128	35.4	21
MV-4122_S12__NODE_478_length_26814_cov_25.935237	1	26814	1628	26342	98.2397	8.94074	35.5	42
MV-4125_S18__NODE_305_length_26813_cov_20.469093	1	26813	4853	26812	99.9963	26.6229	35.5	31.9
MV-4125_S18__NODE_307_length_26740_cov_27.137980	1	26740	6728	26736	99.985	37.0282	35.5	38.9
MV-4128_S29__NODE_158_length_26726_cov_26.638671	1	26726	1593	26051	97.4744	8.79664	35.4	41.9
MV-4125_S18__NODE_308_length_26704_cov_24.113100	1	26704	6904	26700	99.985	38.0255	35.5	41.6
MV-4122_S12__NODE_479_length_26692_cov_74.554342	1	26692	3945	26507	99.3069	21.7507	35.6	27.1
MV-4128_S29__NODE_159_length_26659_cov_23.736468	1	26659	1365	25844	96.9429	7.58239	35.4	35.5
MV-4128_S29__NODE_160_length_26580_cov_17.520113	1	26580	1404	25611	96.3544	7.71336	35.5	42
MV-4122_S12__NODE_483_length_26567_cov_28.514673	1	26567	2	227	0.854443	0.0113675	36.1	42
MV-4125_S18__NODE_310_length_26558_cov_23.597932	1	26558	6616	26537	99.9209	36.5915	35.5	41.2
MV-4122_S12__NODE_484_length_26552_cov_61.630071	1	26552	10	1152	4.33866	0.0567942	35.6	42
MV-4128_S29__NODE_161_length_26535_cov_27.457742	1	26535	1818	26322	99.1973	10.1251	35.6	41.9
MV-4122_S12__NODE_485_length_26470_cov_23.579292	1	26470	8456	26266	99.2293	46.6153	35.5	19
MV-4122_S12__NODE_486_length_26432_cov_57.524700	1	26432	12	1298	4.91071	0.0685533	35.1	42
MV-4122_S12__NODE_487_length_26405_cov_28.719583	1	26405	10720	26224	99.3145	59.4692	35.5	22.4
MV-4128_S29__NODE_162_length_26393_cov_26.844407	1	26393	1708	26020	98.5867	9.58902	35.5	41.9
MV-4122_S12__NODE_488_length_26385_cov_27.256893	1	26385	2167	26064	98.7834	12.0308	35.4	40
MV-4122_S12__NODE_489_length_26330_cov_54.274672	1	26330	2894	25880	98.2909	16.1396	35.4	32.6
MV-4122_S12__NODE_490_length_26320_cov_21.335351	1	26320	2013	25904	98.4195	11.1994	35.4	41.6
cell-4125-0-44_S16__NODE_2_length_26278_cov_11.092285	1	26278	5066	26256	99.9163	28.338	35.5	26.8
MV-4128_S29__NODE_163_length_26272_cov_24.671244	1	26272	1357	25309	96.3345	7.63429	35.6	26.4
MV-4122_S12__NODE_491_length_26263_cov_57.629693	1	26263	10	1060	4.0361	0.0574953	35.9	42
MV-4128_S29__NODE_164_length_26257_cov_26.099305	1	26257	1483	25729	97.9891	8.30857	35.5	42
MV-4122_S12__NODE_493_length_26205_cov_98.254914	1	26205	4745	26173	99.8779	26.6519	35.6	20.9
MV-4122_S12__NODE_494_length_26201_cov_23.264017	1	26201	2148	25760	98.3169	12.055	35.4	41.7
MV-4128_S29__NODE_165_length_26181_cov_23.811758	1	26181	1438	25359	96.8603	8.11279	35.5	41.8
MV-4128_S29__NODE_166_length_26102_cov_21.271356	1	26102	2768	25689	98.4177	15.494	35.5	28.9
MV-4125_S18__NODE_318_length_26094_cov_18.527363	1	26094	5377	26094	100	29.6513	35.4	41.9
MV-4125_S18__NODE_319_length_26078_cov_42.948815	1	26078	7408	26043	99.8658	41.4182	35.4	14.9
MV-4125_S18__NODE_320_length_26064_cov_24.608905	1	26064	6834	26063	99.9962	38.4979	35.5	41.6
MV-4125_S18__NODE_321_length_26033_cov_19.365425	1	26033	5344	26023	99.9616	30.3296	35.4	41.9
MV-4122_S12__NODE_498_length_26020_cov_53.429193	1	26020	2965	25788	99.1084	16.799	35.5	0.999
MV-4122_S12__NODE_499_length_25961_cov_192.215240	1	25961	17034	25907	99.792	96.4035	35.5	41.7
MV-4122_S12__NODE_500_length_25921_cov_24.009743	1	25921	2263	25709	99.1821	12.8212	35.5	41.7
MV-4122_S12__NODE_501_length_25900_cov_29.616986	1	25900	1731	25258	97.5212	9.78421	35.5	41.9
MV-4122_S12__NODE_502_length_25865_cov_216.450484	1	25865	12034	25648	99.161	68.6006	35.4	20
MV-4122_S12__NODE_503_length_25850_cov_12.606203	1	25850	647	23019	89.0484	3.66692	35.5	41.7
MV-4128_S29__NODE_168_length_25826_cov_27.249311	1	25826	1528	25218	97.6458	8.71254	35.6	41.9
MV-4122_S12__NODE_505_length_25776_cov_85.827767	1	25776	4176	25721	99.7866	23.8487	35.5	21.4
MV-4122_S12__NODE_507_length_25745_cov_41.512962	1	25745	9	340	1.32064	0.0496019	36	25.7
MV-4128_S29__NODE_169_length_25733_cov_27.498014	1	25733	1575	25478	99.0091	9.07193	35.5	41.7
MV-4125_S18__NODE_324_length_25677_cov_30.284287	1	25677	8522	25677	100	48.2952	35.4	42
MV-4128_S29__NODE_170_length_25672_cov_28.910606	1	25672	1394	25255	98.3757	8.03658	35.5	38.1
MV-4122_S12__NODE_509_length_25552_cov_25.529827	1	25552	1449	24040	94.0827	8.35985	35.5	41.9
MV-4122_S12__NODE_510_length_25546_cov_20.707348	1	25546	81	5001	19.5765	0.435489	35.5	31.4
MV-4122_S12__NODE_511_length_25519_cov_29.469211	1	25519	1760	24683	96.724	10.162	35.4	41.9
MV-4122_S12__NODE_512_length_25502_cov_29.545369	1	25502	2173	25010	98.0707	12.5347	35.5	39
MV-4125_S18__NODE_326_length_25483_cov_23.558715	1	25483	6578	25483	100	37.4498	35.4	41.9
MV-4122_S12__NODE_513_length_25460_cov_27.327180	1	25460	11238	25337	99.5169	64.5011	35.5	32
MV-4125_S18__NODE_329_length_25393_cov_24.726458	1	25393	6793	25374	99.9252	39.2422	35.5	41.3
MV-4125_S18__NODE_330_length_25387_cov_19.859229	1	25387	5329	25387	100	30.8214	35.5	40.6
MV-4125_S18__NODE_331_length_25367_cov_23.663006	1	25367	6424	25364	99.9882	37.3001	35.5	41.7
MV-4128_S29__NODE_171_length_25355_cov_26.892451	1	25355	1497	24548	96.8172	8.72838	35.5	42
MV-4122_S12__NODE_514_length_25343_cov_11.200649	1	25343	106	9161	36.148	0.616107	35.4	42
MV-4122_S12__NODE_515_length_25314_cov_50.546894	1	25314	2869	24010	94.8487	16.6817	35.5	1.29
MV-4125_S18__NODE_333_length_25285_cov_24.839080	1	25285	6881	25285	100	39.4216	35.4	41.9
MV-4122_S12__NODE_517_length_25277_cov_17.470859	1	25277	1536	24345	96.3129	8.94331	35.4	41.8
MV-4122_S12__NODE_519_length_25228_cov_21.541215	1	25228	1949	24683	97.8397	11.3662	35.5	40.1
MV-4122_S12__NODE_521_length_25189_cov_26.576589	1	25189	1376	24532	97.3917	8.01838	35.6	37.7
MV-4128_S29__NODE_172_length_25185_cov_19.084560	1	25185	1384	23914	94.9533	8.08199	35.5	42
MV-4128_S29__NODE_173_length_25178_cov_17.683079	1	25178	989	23182	92.0724	5.76936	35.5	23
MV-4122_S12__NODE_522_length_25167_cov_75.598359	1	25167	2402	24065	95.6213	13.7889	35.5	41.8
MV-4128_S29__NODE_174_length_25166_cov_20.311218	1	25166	1258	23686	94.119	7.32274	35.5	42
MV-4122_S12__NODE_523_length_25163_cov_24.163852	1	25163	9609	25136	99.8927	55.5914	35.5	28.8
MV-4122_S12__NODE_524_length_25157_cov_23.898773	1	25157	2116	25083	99.7058	12.3839	35.5	41.8
MV-4128_S29__NODE_175_length_25157_cov_27.467891	1	25157	1368	24290	96.5536	8.05819	35.6	38.3
MV-4122_S12__NODE_525_length_25147_cov_14.024709	1	25147	791	22674	90.1658	4.65972	35.5	41.5
MV-4125_S18__NODE_337_length_25139_cov_18.340018	1	25139	5088	25139	100	29.237	35.4	41.9
MV-4122_S12__NODE_526_length_25125_cov_21.914440	1	25125	2058	24539	97.6677	12.0351	35.5	41.7
MV-4125_S18__NODE_339_length_25123_cov_21.975347	1	25123	5944	25123	100	34.808	35.5	41.9
MV-4122_S12__NODE_527_length_25103_cov_198.605477	1	25103	16593	25083	99.9203	97.252	35.5	41.6
MV-4122_S12__NODE_528_length_25102_cov_62.424562	1	25102	26	2618	10.4294	0.151382	35.4	42
MV-4122_S12__NODE_530_length_25070_cov_41.152788	1	25070	3686	24848	99.1145	21.5856	35.5	29.8
MV-4122_S12__NODE_531_length_25052_cov_36.890227	1	25052	6	231	0.922082	0.0361648	34.1	42
MV-4122_S12__NODE_532_length_25040_cov_46.488493	1	25040	4	477	1.90495	0.0241214	36.2	42
MV-4122_S12__NODE_533_length_25029_cov_12.702290	1	25029	658	23111	92.3369	3.88993	35.4	41.7
MV-4122_S12__NODE_534_length_25027_cov_47.849071	1	25027	8	955	3.81588	0.0482679	35.1	41
MV-4125_S18__NODE_340_length_24959_cov_18.197840	1	24959	4905	24938	99.9159	28.7846	35.5	41.9
MV-4122_S12__NODE_535_length_24919_cov_55.566401	1	24919	4708	24841	99.687	27.7958	35.4	30
MV-4128_S29__NODE_176_length_24919_cov_25.064551	1	24919	1432	23819	95.5857	8.45435	35.5	42
MV-4128_S29__NODE_177_length_24912_cov_22.995816	1	24912	1334	23729	95.2513	7.86609	35.4	42
MV-4122_S12__NODE_536_length_24895_cov_58.266143	1	24895	3482	24554	98.6302	20.6223	35.4	6.12
MV-4128_S29__NODE_178_length_24894_cov_26.095455	1	24894	1336	24354	97.8308	7.86728	35.4	26.9
MV-4128_S29__NODE_179_length_24861_cov_23.497259	1	24861	1874	24408	98.1779	11.0705	35.6	29.2
MV-4122_S12__NODE_537_length_24838_cov_11.962192	1	24838	162	11498	46.292	0.968194	35.2	41.9
MV-4128_S29__NODE_180_length_24809_cov_18.016765	1	24809	2908	24655	99.3793	17.0863	35.4	1.03
MV-4125_S18__NODE_344_length_24763_cov_6.967662	1	24763	1850	24763	100	11.0345	35.5	41.9
MV-4128_S29__NODE_181_length_24696_cov_22.952315	1	24696	1450	24040	97.3437	8.63269	35.5	41.9
MV-4122_S12__NODE_538_length_24687_cov_59.260880	1	24687	5080	24360	98.6754	30.2859	35.5	30.2
MV-4122_S12__NODE_539_length_24672_cov_43.264045	1	24672	4	577	2.33868	0.0244812	36.1	42
MV-4122_S12__NODE_540_length_24648_cov_60.429106	1	24648	3050	24623	99.8986	18.1681	35.4	32.4
MV-4125_S18__NODE_347_length_24601_cov_16.319645	1	24601	4360	24601	100	25.9474	35.5	41.9
MV-4128_S29__NODE_182_length_24587_cov_26.176504	1	24587	1672	24211	98.4707	10.0251	35.5	41.9
MV-4122_S12__NODE_541_length_24567_cov_23.603500	1	24567	1990	24408	99.3528	11.9621	35.6	41.8
MV-4125_S18__NODE_348_length_24562_cov_34.625291	1	24562	5437	24561	99.9959	32.1904	35.4	12.6
MV-4122_S12__NODE_542_length_24543_cov_9.888517	1	24543	145	10829	44.1226	0.865787	35.4	42
MV-4125_S18__NODE_351_length_24521_cov_24.830132	1	24521	6527	24521	100	39.239	35.5	41.8
cell-4125-0-44_S16__NODE_3_length_24469_cov_10.203326	1	24469	3940	24220	98.9824	23.7375	35.4	20.5
MV-4128_S29__NODE_183_length_24438_cov_20.585244	1	24438	1548	23891	97.7617	9.29876	35.4	41.9
MV-4125_S18__NODE_353_length_24436_cov_30.465937	1	24436	6657	24400	99.8527	39.3403	35.4	32
MV-4125_S18__NODE_354_length_24402_cov_21.477143	1	24402	5778	24402	100	34.2889	35.4	41.9
MV-4128_S29__NODE_184_length_24371_cov_16.942013	1	24371	1032	21535	88.3632	6.2027	35.5	41.8
MV-4122_S12__NODE_544_length_24303_cov_27.333347	1	24303	1564	23708	97.5517	9.48842	35.5	41.8
MV-4125_S18__NODE_356_length_24291_cov_57.139132	1	24291	10744	24291	100	64.84	35.5	24.5
MV-4128_S29__NODE_185_length_24270_cov_26.311253	1	24270	1617	23762	97.9069	9.79514	35.5	42
MV-4122_S12__NODE_545_length_24269_cov_25.076939	1	24269	1415	23914	98.5372	8.57518	35.5	41.9
MV-4125_S18__NODE_357_length_24256_cov_21.321681	1	24256	3436	24090	99.3156	20.7432	35.4	16.4
MV-4125_S18__NODE_358_length_24213_cov_51.089246	1	24213	12103	24107	99.5622	73.1646	35.5	37
MV-4125_S18__NODE_359_length_24192_cov_46.645938	1	24192	12210	24163	99.8801	73.8093	35.5	41.9
MV-4125_S18__NODE_364_length_24055_cov_28.911167	1	24055	7491	24055	100	45.7848	35.4	41.9
MV-4125_S18__NODE_365_length_24050_cov_28.490519	1	24050	7504	24037	99.9459	45.3219	35.4	41.9
MV-4122_S12__NODE_549_length_24037_cov_45.734509	1	24037	1	151	0.628198	0.00628198	36.7	8
MV-4128_S29__NODE_187_length_23983_cov_29.059846	1	23983	1626	23304	97.1688	9.99796	35.6	41.9
MV-4128_S29__NODE_188_length_23957_cov_18.879634	1	23957	710	21056	87.8908	4.3179	35.5	41.9
MV-4122_S12__NODE_553_length_23940_cov_63.318317	1	23940	1494	22198	92.7235	8.94181	35.4	39.1
MV-4125_S18__NODE_369_length_23924_cov_32.355482	1	23924	8403	23873	99.7868	51.2988	35.5	42
MV-4122_S12__NODE_555_length_23921_cov_23.040727	1	23921	1223	22438	93.8004	7.48848	35.5	42
MV-4128_S29__NODE_190_length_23894_cov_19.405973	1	23894	1013	22470	94.0403	6.2273	35.6	38.1
MV-4128_S29__NODE_191_length_23873_cov_27.698043	1	23873	1510	23259	97.4281	9.35341	35.5	42
MV-4122_S12__NODE_558_length_23839_cov_62.324420	1	23839	22	2573	10.7932	0.139268	35.2	42
MV-4122_S12__NODE_559_length_23817_cov_88.208358	1	23817	2763	23366	98.1064	17.1485	35.5	16.6
MV-4125_S18__NODE_372_length_23817_cov_20.591869	1	23817	5397	23817	100	32.8363	35.4	41.9
MV-4122_S12__NODE_560_length_23815_cov_222.669992	1	23815	17432	23729	99.6389	107.619	35.5	40.1
MV-4128_S29__NODE_192_length_23813_cov_25.339338	1	23813	1504	23050	96.7959	9.31634	35.5	41.8
MV-4125_S18__NODE_373_length_23807_cov_19.808395	1	23807	2690	23310	97.9124	16.6026	35.5	18.1
MV-4125_S18__NODE_374_length_23780_cov_23.602107	1	23780	5949	23767	99.9453	36.7259	35.5	41.6
MV-4122_S12__NODE_563_length_23759_cov_13.481522	1	23759	673	21749	91.54	4.17951	35.3	41.7
MV-4125_S18__NODE_375_length_23712_cov_27.512914	1	23712	7109	23712	100	43.6931	35.4	41.9
MV-4128_S29__NODE_193_length_23693_cov_22.751460	1	23693	1228	23189	97.8728	7.65007	35.4	42
MV-4128_S29__NODE_194_length_23679_cov_27.815188	1	23679	1355	23355	98.6317	8.42037	35.6	24.6
MV-4125_S18__NODE_376_length_23670_cov_20.913064	1	23670	5285	23670	100	32.8929	35.5	41.8
MV-4128_S29__NODE_195_length_23666_cov_23.522595	1	23666	1370	23106	97.6337	8.51855	35.5	41.7
MV-4122_S12__NODE_564_length_23653_cov_30.361217	1	23653	1583	22966	97.0955	9.87016	35.6	41.9
MV-4122_S12__NODE_566_length_23642_cov_22.923178	1	23642	1796	23291	98.5154	11.1157	35.4	41.2
MV-4125_S18__NODE_377_length_23618_cov_21.588677	1	23618	5652	23618	100	34.5622	35.5	42
MV-4125_S18__NODE_378_length_23580_cov_22.248247	1	23580	5686	23536	99.8134	35.2232	35.5	42
MV-4125_S18__NODE_379_length_23571_cov_25.629571	1	23571	6246	23571	100	39.0373	35.5	40.1
MV-4122_S12__NODE_568_length_23552_cov_29.190705	1	23552	1679	23109	98.1191	10.4557	35.4	31.9
MV-4122_S12__NODE_569_length_23539_cov_42.811914	1	23539	2	281	1.19376	0.0128298	36.1	42
MV-4128_S29__NODE_196_length_23538_cov_18.131883	1	23538	1255	22899	97.2852	7.83257	35.5	41.8
MV-4122_S12__NODE_570_length_23502_cov_11.286646	1	23502	653	20476	87.1245	4.04931	35.4	41.7
MV-4128_S29__NODE_197_length_23486_cov_26.081601	1	23486	1371	22402	95.3845	8.6133	35.6	41.9
MV-4122_S12__NODE_571_length_23481_cov_78.414881	1	23481	2532	22323	95.0684	15.8161	35.4	16.3
MV-4122_S12__NODE_572_length_23469_cov_39.903477	1	23469	5	262	1.11637	0.0269291	36	29.8
MV-4122_S12__NODE_573_length_23436_cov_23.411360	1	23436	1971	23265	99.2704	12.2832	35.5	41.6
MV-4125_S18__NODE_381_length_23434_cov_27.408743	1	23434	7041	23434	100	43.5997	35.4	41.9
MV-4122_S12__NODE_574_length_23413_cov_25.115378	1	23413	2029	22983	98.1634	12.7307	35.5	41.8
MV-4128_S29__NODE_198_length_23406_cov_26.291893	1	23406	1383	22844	97.5989	8.69157	35.5	41.9
cell-4125-0-44_S16__NODE_4_length_23405_cov_10.669593	1	23405	2847	23121	98.7866	17.9499	35.4	20.4
MV-4122_S12__NODE_575_length_23384_cov_21.675468	1	23384	1880	22957	98.174	11.8189	35.6	41.7
MV-4128_S29__NODE_199_length_23364_cov_26.980136	1	23364	1307	22655	96.9654	8.21773	35.5	29.2
MV-4128_S29__NODE_200_length_23360_cov_23.323364	1	23360	1156	22789	97.5557	7.30852	35.5	22.3
MV-4122_S12__NODE_577_length_23346_cov_27.424542	1	23346	1346	22525	96.4833	8.51778	35.5	41.9
MV-4125_S18__NODE_384_length_23261_cov_29.275834	1	23261	5917	23260	99.9957	37.347	35.5	38.5
MV-4125_S18__NODE_385_length_23200_cov_24.037589	1	23200	6084	23200	100	38.2072	35.4	41.9
MV-4125_S18__NODE_388_length_23149_cov_23.806660	1	23149	5968	23149	100	37.725	35.4	42
MV-4125_S18__NODE_389_length_23142_cov_31.162126	1	23142	7907	23142	100	49.6254	35.4	41.9
MV-4122_S12__NODE_580_length_23136_cov_25.366882	1	23136	2	170	0.734786	0.0130533	34.4	13.5
MV-4122_S12__NODE_582_length_23108_cov_23.851603	1	23108	2019	22683	98.1608	12.8519	35.5	42
MV-4122_S12__NODE_584_length_23087_cov_87.468739	1	23087	4036	22936	99.346	25.7659	35.5	21.4
MV-4128_S29__NODE_204_length_23066_cov_27.634696	1	23066	1407	22757	98.6604	9.02098	35.5	41.9
MV-4122_S12__NODE_585_length_23022_cov_23.182436	1	23022	1614	22502	97.7413	10.2678	35.5	40.9
MV-4128_S29__NODE_205_length_23001_cov_33.394971	1	23001	5152	22820	99.2131	32.6788	35.4	16.7
MV-4125_S18__NODE_391_length_22999_cov_15.986358	1	22999	4088	22999	100	25.5709	35.4	42
MV-4128_S29__NODE_206_length_22973_cov_19.495331	1	22973	1385	22298	97.0618	8.83581	35.3	41.7
MV-4128_S29__NODE_207_length_22969_cov_17.598368	1	22969	1255	22054	96.0164	8.03923	35.5	42
MV-4122_S12__NODE_586_length_22964_cov_42.753066	1	22964	2	159	0.692388	0.013151	34.3	19.5
MV-4125_S18__NODE_393_length_22906_cov_28.591747	1	22906	7164	22904	99.9913	45.5228	35.4	41.9
MV-4128_S29__NODE_208_length_22894_cov_22.031569	1	22894	3192	22753	99.3841	20.3537	35.5	5.67
MV-4122_S12__NODE_588_length_22890_cov_12.921086	1	22890	175	12206	53.3246	1.12971	35.5	41.9
cell-4122-0-44_S10__NODE_54_length_22856_cov_14.291391	1	22856	2	171	0.748162	0.0132132	36.2	42
MV-4125_S18__NODE_394_length_22792_cov_46.962748	1	22792	10011	22783	99.9605	64.0823	35.5	35.2
MV-4122_S12__NODE_589_length_22786_cov_24.395495	1	22786	1786	22429	98.4332	11.5079	35.4	38.3
MV-4122_S12__NODE_590_length_22775_cov_194.141989	1	22775	14629	22752	99.899	94.5373	35.5	41.6
MV-4128_S29__NODE_209_length_22758_cov_20.083822	1	22758	1120	22447	98.6334	7.21746	35.6	42
MV-4122_S12__NODE_591_length_22757_cov_48.586953	1	22757	5037	22720	99.8374	32.5523	35.5	41.9
MV-4122_S12__NODE_593_length_22746_cov_49.772817	1	22746	5155	22664	99.6395	33.4429	35.5	41.9
MV-4128_S29__NODE_210_length_22742_cov_11.809318	1	22742	810	20977	92.239	5.1995	35.5	41.9
MV-4122_S12__NODE_595_length_22695_cov_10.764929	1	22695	160	11623	51.2139	1.03358	35.4	42
MV-4122_S12__NODE_596_length_22682_cov_23.965307	1	22682	1359	22150	97.6545	8.8188	35.5	42
MV-4122_S12__NODE_598_length_22669_cov_160.898116	1	22669	4682	22468	99.1133	30.6256	35.5	41.7
MV-4125_S18__NODE_395_length_22669_cov_26.488724	1	22669	6477	22669	100	41.9487	35.5	41.7
MV-4122_S12__NODE_599_length_22665_cov_19.983591	1	22665	962	20160	88.9477	6.11202	35.5	42
MV-4122_S12__NODE_600_length_22656_cov_24.647316	1	22656	1936	21904	96.6808	12.5842	35.6	40.9
MV-4122_S12__NODE_601_length_22641_cov_23.675994	1	22641	1183	21041	92.9332	7.66574	35.4	41.9
MV-4125_S18__NODE_396_length_22600_cov_24.678110	1	22600	6137	22557	99.8097	39.2851	35.4	41.9
MV-4122_S12__NODE_602_length_22598_cov_19.226855	1	22598	1687	21825	96.5793	11.0171	35.4	41.7
MV-4122_S12__NODE_603_length_22492_cov_45.962072	1	22492	2185	22183	98.6262	14.2614	35.5	29.7
MV-4125_S18__NODE_399_length_22470_cov_19.561901	1	22470	2679	22437	99.8531	17.4237	35.5	10.4
MV-4122_S12__NODE_604_length_22448_cov_25.446032	1	22448	1342	21802	97.1222	8.80911	35.4	41.9
MV-4125_S18__NODE_400_length_22437_cov_17.511036	1	22437	2091	22331	99.5276	13.7807	35.5	1.53
MV-4128_S29__NODE_213_length_22430_cov_25.558257	1	22430	1348	22180	98.8854	8.85988	35.5	41.9
MV-4125_S18__NODE_401_length_22405_cov_18.445369	1	22405	4494	22405	100	29.3122	35.5	41.7
MV-4125_S18__NODE_402_length_22388_cov_45.668428	1	22388	6959	22296	99.5891	45.3626	35.5	16.8
MV-4125_S18__NODE_403_length_22358_cov_20.855849	1	22358	5022	22358	100	32.9643	35.5	41.9
MV-4122_S12__NODE_605_length_22336_cov_51.987029	1	22336	7661	22163	99.2255	50.6873	35.5	41.2
MV-4128_S29__NODE_214_length_22297_cov_17.202185	1	22297	1125	20852	93.5193	7.38472	35.5	41.9
MV-4128_S29__NODE_215_length_22286_cov_25.956277	1	22286	1371	22074	99.0487	9.0857	35.5	42
MV-4128_S29__NODE_216_length_22265_cov_21.029986	1	22265	1365	21935	98.5179	9.05605	35.4	41.1
MV-4125_S18__NODE_404_length_22264_cov_44.262776	1	22264	8867	22259	99.9775	58.0977	35.5	32.5
MV-4122_S12__NODE_607_length_22244_cov_149.512983	1	22244	11331	22244	100	74.634	35.4	42
MV-4128_S29__NODE_217_length_22213_cov_27.029876	1	22213	1230	21605	97.2629	8.17314	35.5	42
MV-4125_S18__NODE_407_length_22176_cov_21.614303	1	22176	5255	22176	100	34.4129	35.4	41.9
MV-4125_S18__NODE_408_length_22175_cov_7.572107	1	22175	1791	22175	100	11.9827	35.5	42
MV-4125_S18__NODE_409_length_22174_cov_20.787197	1	22174	4981	22174	100	32.9538	35.5	41.8
MV-4125_S18__NODE_412_length_22157_cov_7.190480	1	22157	1708	22157	100	11.3873	35.6	42
MV-4122_S12__NODE_608_length_22141_cov_76.288916	1	22141	2908	21900	98.9115	19.1876	35.4	18.7
MV-4128_S29__NODE_219_length_22136_cov_837.337666	1	22136	66719	22136	100	441.491	35.4	41.7
MV-4128_S29__NODE_220_length_22134_cov_28.143711	1	22134	1288	21809	98.5317	8.57694	35.5	25.7
MV-4122_S12__NODE_609_length_22124_cov_23.085278	1	22124	5976	22051	99.67	39.4871	35.4	16
MV-4122_S12__NODE_610_length_22115_cov_15.073980	1	22115	149	10499	47.4746	1.00072	35.4	42
MV-4122_S12__NODE_611_length_22114_cov_51.646584	1	22114	3527	21915	99.1001	23.4447	35.5	1.63
MV-4122_S12__NODE_612_length_22112_cov_23.737181	1	22112	1113	21097	95.4097	7.42104	35.6	42
MV-4122_S12__NODE_613_length_22094_cov_17.931077	1	22094	1337	21643	97.9587	8.87825	35.5	41.9
MV-4128_S29__NODE_221_length_22094_cov_27.022097	1	22094	1477	21875	99.0088	9.87825	35.5	41.8
MV-4125_S18__NODE_415_length_22069_cov_6.701281	1	22069	1588	22069	100	10.592	35.4	41.8
MV-4122_S12__NODE_614_length_22057_cov_21.469321	1	22057	1276	21254	96.3594	8.46257	35.4	33.9
MV-4125_S18__NODE_416_length_22056_cov_25.431753	1	22056	6150	22049	99.9683	40.4786	35.4	41.9
cell-4125-0-44_S16__NODE_5_length_22021_cov_10.474779	1	22021	3406	21942	99.6413	22.8135	35.5	20.5
MV-4125_S18__NODE_419_length_22006_cov_18.109653	1	22006	2041	21292	96.7554	13.7532	35.4	2
MV-4125_S18__NODE_420_length_21984_cov_68.773405	1	21984	8154	21981	99.9864	54.5374	35.5	1.45
MV-4125_S18__NODE_421_length_21956_cov_25.198849	1	21956	6077	21943	99.9408	40.1263	35.5	41.9
MV-4122_S12__NODE_616_length_21930_cov_86.065234	1	21930	3791	21832	99.5531	25.4945	35.5	30.5
MV-4125_S18__NODE_423_length_21908_cov_55.652862	1	21908	10358	21903	99.9772	69.5329	35.5	31.4
MV-4122_S12__NODE_617_length_21907_cov_12.218836	1	21907	151	10346	47.2269	1.01506	35.5	41.6
MV-4122_S12__NODE_618_length_21901_cov_11.856679	1	21901	179	11777	53.7738	1.202	35.7	42
MV-4122_S12__NODE_619_length_21895_cov_74.430495	1	21895	1987	20891	95.4145	13.1942	35.3	41.4
MV-4122_S12__NODE_620_length_21892_cov_30.732381	1	21892	1932	21785	99.5112	12.9242	35.5	38.6
MV-4128_S29__NODE_222_length_21851_cov_27.340062	1	21851	1432	21514	98.4577	9.69672	35.5	42
MV-4122_S12__NODE_621_length_21846_cov_23.085586	1	21846	1708	21329	97.6334	11.5088	35.5	42
MV-4122_S12__NODE_622_length_21807_cov_31.639527	1	21807	1878	21513	98.6518	12.606	35.5	39.7
MV-4122_S12__NODE_625_length_21790_cov_22.297769	1	21790	5240	21720	99.6788	34.9569	35.5	6.76
MV-4122_S12__NODE_626_length_21755_cov_48.543456	1	21755	4849	21713	99.8069	32.8674	35.5	41.9
MV-4125_S18__NODE_427_length_21710_cov_21.756869	1	21710	5081	21619	99.5808	34.3275	35.5	41.5
MV-4122_S12__NODE_627_length_21705_cov_40.256120	1	21705	8	677	3.1191	0.0484681	35.3	21.6
MV-4122_S12__NODE_629_length_21696_cov_27.875791	1	21696	1192	21087	97.193	8.06946	35.4	35.8
MV-4122_S12__NODE_630_length_21669_cov_126.986028	1	21669	3043	21590	99.6354	20.5054	35.4	41.7
MV-4122_S12__NODE_631_length_21662_cov_199.915444	1	21662	14872	21629	99.8477	101.02	35.5	41.9
MV-4128_S29__NODE_223_length_21659_cov_13.057443	1	21659	888	19876	91.7679	5.94589	35.5	42
MV-4125_S18__NODE_430_length_21651_cov_20.211937	1	21651	4708	21651	100	31.9539	35.5	41.9
cell-4122-0-44_S10__NODE_55_length_21619_cov_397.839687	1	21619	2	254	1.17489	0.0139692	34.7	42
MV-4122_S12__NODE_633_length_21593_cov_62.942520	1	21593	5322	21585	99.963	36.4663	35.5	37.3
MV-4125_S18__NODE_433_length_21578_cov_25.822841	1	21578	5926	21578	100	40.5636	35.5	41.9
MV-4122_S12__NODE_635_length_21569_cov_29.938505	1	21569	1384	20982	97.2785	9.37902	35.5	38.5
MV-4128_S29__NODE_224_length_21564_cov_19.073318	1	21564	1174	20431	94.7459	8.03098	35.4	41.9
MV-4122_S12__NODE_636_length_21563_cov_30.727543	1	21563	2	188	0.871864	0.0135417	36	42
MV-4122_S12__NODE_637_length_21535_cov_65.914898	1	21535	2743	21287	98.8484	18.6225	35.5	27.4
MV-4122_S12__NODE_639_length_21525_cov_12.801863	1	21525	569	19729	91.6562	3.88348	35.4	41.4
MV-4125_S18__NODE_435_length_21515_cov_23.462022	1	21515	4676	21515	100	32.0838	35.4	35.5
MV-4128_S29__NODE_225_length_21493_cov_23.696240	1	21493	1329	20789	96.7245	9.11474	35.5	41.5
MV-4125_S18__NODE_436_length_21489_cov_25.906270	1	21489	6127	21489	100	41.3079	35.4	42
MV-4125_S18__NODE_437_length_21479_cov_15.369165	1	21479	3567	21479	100	23.7975	35.3	40.3
MV-4122_S12__NODE_641_length_21473_cov_28.940190	1	21473	1376	21122	98.3654	9.49746	35.5	41.7
MV-4122_S12__NODE_642_length_21456_cov_43.786599	1	21456	16	1763	8.21682	0.112183	34.7	42
MV-4122_S12__NODE_643_length_21414_cov_12.833653	1	21414	142	10454	48.8185	0.986831	35.5	41.9
MV-4125_S18__NODE_439_length_21410_cov_23.240974	1	21410	4346	21410	100	29.9628	35.5	33
MV-4122_S12__NODE_644_length_21408_cov_25.051609	1	21408	1114	20516	95.8333	7.63173	35.4	41.9
MV-4128_S29__NODE_227_length_21376_cov_44.601285	1	21376	6669	21301	99.6491	45.657	35.5	23.3
MV-4122_S12__NODE_645_length_21323_cov_65.307410	1	21323	3484	21207	99.456	24.1067	35.6	7.79
MV-4122_S12__NODE_647_length_21305_cov_212.790353	1	21305	13319	21300	99.9765	92.0882	35.5	36.3
MV-4122_S12__NODE_648_length_21302_cov_52.765849	1	21302	2	196	0.920101	0.0141771	36.1	42
MV-4125_S18__NODE_440_length_21282_cov_24.805766	1	21282	5657	21280	99.9906	39.0773	35.5	41.3
MV-4125_S18__NODE_441_length_21232_cov_36.215139	1	21232	4812	21223	99.9576	33.0795	35.5	12
MV-4125_S18__NODE_443_length_21198_cov_22.291444	1	21198	5082	21187	99.9481	35.2411	35.5	41.4
MV-4128_S29__NODE_229_length_21195_cov_12.176254	1	21195	764	19319	91.1489	5.29219	35.4	42
MV-4125_S18__NODE_444_length_21190_cov_25.940667	1	21190	4765	21180	99.9528	33.0304	35.5	32.9
MV-4122_S12__NODE_649_length_21189_cov_8.708053	1	21189	196	12616	59.5403	1.35127	35.6	40.5
MV-4125_S18__NODE_445_length_21174_cov_23.650741	1	21174	5336	21174	100	37.0944	35.5	41.5
MV-4125_S18__NODE_446_length_21169_cov_43.054656	1	21169	9904	21168	99.9953	68.311	35.5	41.9
MV-4122_S12__NODE_650_length_21157_cov_23.003507	1	21157	1659	20864	98.6151	11.5183	35.5	41.5
MV-4122_S12__NODE_651_length_21145_cov_34.288336	1	21145	1539	20812	98.4252	10.713	35.5	41.9
MV-4125_S18__NODE_447_length_21110_cov_62.042270	1	21110	7981	21100	99.9526	55.4683	35.5	10.5
MV-4128_S29__NODE_230_length_21109_cov_14.443194	1	21109	856	19498	92.3682	5.92875	35.6	42
cell-4125-0-44_S16__NODE_6_length_21106_cov_10.244501	1	21106	3487	20587	97.541	24.3201	35.5	27
MV-4125_S18__NODE_448_length_21100_cov_21.943359	1	21100	3411	20986	99.4597	23.7309	35.4	22.7
MV-4128_S29__NODE_231_length_21099_cov_15.198346	1	21099	913	19765	93.6774	6.2857	35.5	41.9
MV-4125_S18__NODE_449_length_21089_cov_20.438671	1	21089	4645	21089	100	32.3251	35.5	41.9
MV-4125_S18__NODE_450_length_21087_cov_22.708016	1	21087	5327	21087	100	36.354	35.4	41.9
MV-4122_S12__NODE_652_length_21063_cov_18.421125	1	21063	1490	20642	98.0012	10.3552	35.4	41.9
MV-4125_S18__NODE_452_length_21038_cov_298.703713	1	21038	33800	21037	99.9952	235.887	35.5	2.58
MV-4125_S18__NODE_453_length_21029_cov_25.265376	1	21029	3601	21002	99.8716	25.2985	35.5	18.6
MV-4125_S18__NODE_454_length_21017_cov_7.402156	1	21017	1669	21017	100	11.7157	35.5	41.9
MV-4125_S18__NODE_455_length_20997_cov_25.364292	1	20997	5870	20983	99.9333	40.3584	35.4	41.9
cell-4125-0-44_S16__NODE_7_length_20973_cov_10.467779	1	20973	3520	20892	99.6138	24.6939	35.5	21.1
MV-4128_S29__NODE_232_length_20966_cov_21.685046	1	20966	1036	20339	97.0094	7.23829	35.4	24.8
MV-4122_S12__NODE_657_length_20959_cov_15.269853	1	20959	2	191	0.911303	0.0144091	33.5	42
MV-4122_S12__NODE_658_length_20917_cov_13.042470	1	20917	1014	19735	94.3491	6.99857	35.5	42
MV-4122_S12__NODE_659_length_20896_cov_24.443789	1	20896	1264	20612	98.6409	8.94185	35.4	41.8
MV-4125_S18__NODE_459_length_20854_cov_66.168854	1	20854	7965	20848	99.9712	56.0889	35.4	11
MV-4128_S29__NODE_233_length_20821_cov_21.995907	1	20821	984	19944	95.7879	6.92282	35.4	25.6
MV-4122_S12__NODE_660_length_20820_cov_207.693089	1	20820	7156	20813	99.9664	50.3894	35.4	1.24
MV-4122_S12__NODE_662_length_20794_cov_24.797724	1	20794	1893	20466	98.4226	13.3962	35.5	41.8
MV-4128_S29__NODE_234_length_20792_cov_23.959155	1	20792	1196	19994	96.162	8.46653	35.5	41.8
MV-4128_S29__NODE_235_length_20787_cov_27.900251	1	20787	1310	20318	97.7438	9.2668	35.5	42
MV-4128_S29__NODE_236_length_20780_cov_25.514355	1	20780	1050	20619	99.2252	7.42517	35.4	34.8
MV-4125_S18__NODE_461_length_20767_cov_20.948725	1	20767	4635	20767	100	32.8418	35.5	41.3
MV-4122_S12__NODE_663_length_20761_cov_13.337776	1	20761	161	11116	53.5427	1.1367	35.5	41.9
MV-4125_S18__NODE_462_length_20755_cov_21.313092	1	20755	2467	20544	98.9834	17.5236	35.5	7.25
MV-4128_S29__NODE_237_length_20754_cov_12.484081	1	20754	777	19434	93.6398	5.44213	35.5	41.9
MV-4122_S12__NODE_664_length_20732_cov_29.016685	1	20732	1324	20084	96.8744	9.39466	35.5	41.8
MV-4125_S18__NODE_463_length_20729_cov_14.998694	1	20729	3128	20574	99.2523	22.1269	35.5	38.4
MV-4128_S29__NODE_238_length_20686_cov_25.068925	1	20686	1178	19675	95.1126	8.34468	35.6	42
MV-4122_S12__NODE_665_length_20680_cov_27.575467	1	20680	1359	19790	95.6963	9.72181	35.4	41.9
MV-4125_S18__NODE_464_length_20654_cov_24.556144	1	20654	5638	20647	99.9661	39.2572	35.4	41.9
cell-4125-0-44_S16__NODE_8_length_20609_cov_9.431643	1	20609	1875	20158	97.8116	13.4041	35.5	8.34
MV-4128_S29__NODE_239_length_20604_cov_13.694438	1	20604	888	19563	94.9476	6.29776	35.4	41.9
MV-4122_S12__NODE_668_length_20589_cov_18.656423	1	20589	1417	19870	96.5078	10.0271	35.4	41.8
MV-4125_S18__NODE_465_length_20584_cov_18.957085	1	20584	4206	20584	100	30.0308	35.5	41.6
cell-4125-0-44_S16__NODE_9_length_20565_cov_11.052365	1	20565	3231	20256	98.4974	23.1468	35.5	19.5
MV-4128_S29__NODE_240_length_20506_cov_25.659381	1	20506	1115	19563	95.4013	8.03063	35.4	41.9
MV-4128_S29__NODE_241_length_20500_cov_13.368892	1	20500	844	18879	92.0927	6.01844	35.4	41.9
MV-4122_S12__NODE_671_length_20481_cov_34.576569	1	20481	3442	20322	99.2237	24.5469	35.5	42
MV-4125_S18__NODE_468_length_20472_cov_15.832199	1	20472	3618	20472	100	25.4009	35.4	42
MV-4125_S18__NODE_469_length_20468_cov_43.426738	1	20468	9624	20468	100	68.7979	35.4	41.9
MV-4122_S12__NODE_672_length_20456_cov_13.038724	1	20456	202	12103	59.166	1.45273	35.4	42
MV-4128_S29__NODE_243_length_20441_cov_26.063279	1	20441	1195	20043	98.0529	8.61181	35.6	28.4
MV-4125_S18__NODE_470_length_20428_cov_48.850685	1	20428	10831	20419	99.9559	77.3951	35.5	41.7
MV-4125_S18__NODE_471_length_20413_cov_25.371598	1	20413	5561	20413	100	40.2178	35.5	41.7
MV-4125_S18__NODE_472_length_20409_cov_25.459811	1	20409	4799	20333	99.6276	34.5725	35.5	35.6
MV-4122_S12__NODE_675_length_20406_cov_28.290109	1	20406	1192	19449	95.3102	8.54881	35.5	41.9
MV-4128_S29__NODE_244_length_20352_cov_11.035621	1	20352	2955	20107	98.7962	21.1197	35.5	41.1
MV-4122_S12__NODE_678_length_20336_cov_26.626794	1	20336	1142	19303	94.9203	8.2681	35.4	41.9
MV-4122_S12__NODE_679_length_20316_cov_26.936479	1	20316	1187	19406	95.5208	8.62896	35.5	41.9
MV-4128_S29__NODE_246_length_20310_cov_22.013034	1	20310	932	17930	88.2816	6.72605	35.6	28.3
MV-4125_S18__NODE_473_length_20261_cov_7.026329	1	20261	1527	20254	99.9655	11.1152	35.4	42
MV-4128_S29__NODE_247_length_20242_cov_19.854956	1	20242	1056	19735	97.4953	7.67528	35.5	17.2
MV-4122_S12__NODE_682_length_20230_cov_74.180421	1	20230	3244	20121	99.4612	23.5534	35.5	32.2
MV-4128_S29__NODE_248_length_20212_cov_28.658034	1	20212	1287	20178	99.8318	9.43138	35.4	41.9
MV-4125_S18__NODE_475_length_20194_cov_21.642087	1	20194	4806	20194	100	34.4255	35.4	41.9
MV-4125_S18__NODE_476_length_20193_cov_6.386235	1	20193	1383	20193	100	10.0924	35.4	41.8
MV-4125_S18__NODE_477_length_20192_cov_22.831008	1	20192	5014	20192	100	36.1043	35.4	41.9
MV-4125_S18__NODE_478_length_20191_cov_18.797030	1	20191	2272	20088	99.4899	16.5585	35.5	9.28
MV-4128_S29__NODE_250_length_20136_cov_28.121956	1	20136	1221	19711	97.8894	8.98575	35.6	42
MV-4125_S18__NODE_479_length_20134_cov_7.875741	1	20134	1702	20134	100	12.4784	35.5	42
MV-4128_S29__NODE_251_length_20106_cov_14.903596	1	20106	855	18802	93.5144	6.23431	35.4	41.9
MV-4122_S12__NODE_683_length_20077_cov_12.461842	1	20077	135	9517	47.4025	1.00603	35.5	41.8
MV-4122_S12__NODE_684_length_20058_cov_83.983802	1	20058	1455	19825	98.8384	10.7269	35.5	1.22
cell-4125-0-44_S16__NODE_10_length_20055_cov_10.214000	1	20055	2428	19946	99.4565	17.8574	35.5	11.2
MV-4128_S29__NODE_252_length_20054_cov_14.576579	1	20054	884	19549	97.4818	6.39404	35.5	42
MV-4122_S12__NODE_685_length_20016_cov_23.693102	1	20016	1716	19791	98.8759	12.6364	35.5	41.2
MV-4125_S18__NODE_483_length_19985_cov_23.092775	1	19985	4928	19963	99.8899	36.2345	35.4	41.2
MV-4128_S29__NODE_254_length_19973_cov_14.081584	1	19973	868	19061	95.4338	6.34436	35.5	41.9
MV-4122_S12__NODE_686_length_19957_cov_29.917044	1	19957	1318	19351	96.9635	9.73298	35.4	41.9
MV-4128_S29__NODE_256_length_19953_cov_27.238014	1	19953	1146	19640	98.4313	8.44219	35.5	41.9
MV-4122_S12__NODE_687_length_19940_cov_52.867438	1	19940	3	191	0.957874	0.0225176	35.8	34.3
MV-4122_S12__NODE_689_length_19885_cov_76.946899	1	19885	1723	19267	96.8921	12.4721	35.4	41.5
MV-4125_S18__NODE_486_length_19867_cov_32.012013	1	19867	5148	19817	99.7483	38.154	35.5	28.8
MV-4128_S29__NODE_257_length_19857_cov_14.526916	1	19857	801	18022	90.7589	5.8888	35.5	42
MV-4125_S18__NODE_487_length_19844_cov_19.499065	1	19844	4165	19844	100	30.7811	35.4	41.8
MV-4122_S12__NODE_691_length_19802_cov_26.363245	1	19802	1091	18859	95.2379	8.07636	35.4	41.9
MV-4125_S18__NODE_489_length_19772_cov_47.525739	1	19772	9555	19761	99.9444	70.5745	35.4	39.1
MV-4122_S12__NODE_694_length_19730_cov_27.038882	1	19730	1841	19505	98.8596	13.785	35.5	41.8
MV-4128_S29__NODE_258_length_19668_cov_25.770968	1	19668	1117	19416	98.7187	8.40116	35.5	41.9
MV-4122_S12__NODE_696_length_19658_cov_12.963730	1	19658	4010	19603	99.7202	29.3139	35.4	24.9
MV-4128_S29__NODE_259_length_19652_cov_12.936113	1	19652	839	18251	92.871	6.24394	35.4	41.9
MV-4122_S12__NODE_698_length_19644_cov_15.965593	1	19644	3372	19590	99.7251	24.8898	35.4	1.02
MV-4128_S29__NODE_260_length_19616_cov_25.712745	1	19616	1136	19024	96.9821	8.56617	35.3	41.3
MV-4125_S18__NODE_491_length_19611_cov_22.099458	1	19611	4819	19604	99.9643	35.2894	35.5	41.9
MV-4128_S29__NODE_261_length_19611_cov_17.218552	1	19611	1086	18549	94.5847	8.09311	35.5	41.9
cell-4125-0-44_S16__NODE_12_length_19611_cov_10.395071	1	19611	3337	19458	99.2198	25.1051	35.5	23.2
MV-4128_S29__NODE_262_length_19600_cov_20.668816	1	19600	1375	19306	98.5	10.1906	35.6	28.3
MV-4125_S18__NODE_492_length_19577_cov_195.513677	1	19577	40176	19577	100	298.735	35.4	41.8
MV-4122_S12__NODE_700_length_19576_cov_18.325444	1	19576	497	17353	88.6443	3.70418	35.4	39
MV-4122_S12__NODE_701_length_19570_cov_31.315911	1	19570	1190	19333	98.789	8.93327	35.6	38.1
MV-4122_S12__NODE_702_length_19564_cov_46.008816	1	19564	4363	19379	99.0544	32.8269	35.5	41.9
MV-4125_S18__NODE_493_length_19524_cov_11.586522	1	19524	2502	19524	100	18.5396	35.4	41.9
MV-4122_S12__NODE_703_length_19511_cov_23.018400	1	19511	1653	19244	98.6315	12.4319	35.5	41.7
MV-4128_S29__NODE_263_length_19499_cov_27.923678	1	19499	1175	19157	98.2461	8.92492	35.6	42
MV-4125_S18__NODE_494_length_19498_cov_25.343105	1	19498	5292	19498	100	39.9793	35.5	41.8
MV-4125_S18__NODE_495_length_19491_cov_30.466454	1	19491	6150	19478	99.9333	45.7272	35.4	39.6
MV-4122_S12__NODE_705_length_19479_cov_25.519049	1	19479	5210	19456	99.8819	38.9959	35.5	1.35
MV-4128_S29__NODE_264_length_19477_cov_23.086345	1	19477	990	19226	98.7113	7.53987	35.4	41.7
cell-4125-0-44_S16__NODE_13_length_19476_cov_11.304928	1	19476	4053	19405	99.6354	30.462	35.4	30.7
MV-4128_S29__NODE_265_length_19466_cov_15.232755	1	19466	902	18492	94.9964	6.7527	35.5	41.9
MV-4125_S18__NODE_496_length_19461_cov_56.386994	1	19461	11845	19459	99.9897	88.9756	35.4	41.9
MV-4122_S12__NODE_707_length_19458_cov_25.869144	1	19458	1192	18608	95.6316	8.99625	35.4	41.7
MV-4128_S29__NODE_266_length_19455_cov_17.751186	1	19455	974	18946	97.3837	7.36212	35.5	41.9
MV-4122_S12__NODE_708_length_19446_cov_12.498479	1	19446	119	8718	44.8318	0.903322	35.6	41.8
MV-4125_S18__NODE_497_length_19430_cov_20.774400	1	19430	4386	19372	99.7015	32.9884	35.5	41.5
MV-4125_S18__NODE_498_length_19421_cov_22.598110	1	19421	4704	19421	100	35.6909	35.5	41.8
MV-4125_S18__NODE_499_length_19406_cov_12.776652	1	19406	2790	19406	100	20.5466	35.4	41.9
MV-4122_S12__NODE_710_length_19360_cov_30.302202	1	19360	1299	18530	95.7128	9.86069	35.4	41.8
MV-4122_S12__NODE_711_length_19347_cov_215.702364	1	19347	14189	19336	99.9431	107.812	35.5	41.7
MV-4122_S12__NODE_712_length_19345_cov_34.785122	1	19345	1	151	0.780563	0.00780563	36.5	23
MV-4128_S29__NODE_267_length_19332_cov_26.658972	1	19332	1134	18682	96.6377	8.67236	35.5	42
MV-4125_S18__NODE_502_length_19329_cov_24.760247	1	19329	5096	19328	99.9948	38.8801	35.5	41.6
MV-4128_S29__NODE_268_length_19321_cov_15.459981	1	19321	797	18101	93.6856	6.07412	35.6	42
MV-4122_S12__NODE_713_length_19301_cov_11.597683	1	19301	115	8509	44.0858	0.866639	35.5	42
MV-4128_S29__NODE_269_length_19285_cov_14.159750	1	19285	785	17647	91.5064	5.93658	35.5	42
MV-4122_S12__NODE_717_length_19264_cov_47.663179	1	19264	2	127	0.659261	0.0131852	36.4	24
MV-4122_S12__NODE_718_length_19253_cov_78.281436	1	19253	2480	19101	99.2105	18.9227	35.5	23.3
MV-4125_S18__NODE_503_length_19253_cov_27.609907	1	19253	5835	19253	100	43.9297	35.4	42
MV-4125_S18__NODE_505_length_19234_cov_20.900725	1	19234	2901	19075	99.1733	22.0895	35.5	21.3
MV-4128_S29__NODE_270_length_19219_cov_25.068775	1	19219	1087	18613	96.8469	8.29221	35.5	32.4
MV-4122_S12__NODE_719_length_19211_cov_93.903372	1	19211	3353	19190	99.8907	25.6942	35.5	22.5
MV-4128_S29__NODE_271_length_19202_cov_24.092129	1	19202	1387	18781	97.8075	10.6557	35.5	29.3
MV-4122_S12__NODE_721_length_19177_cov_22.577084	1	19177	1544	18703	97.5283	11.8563	35.5	41.8
MV-4122_S12__NODE_722_length_19159_cov_33.898084	1	19159	2	190	0.991701	0.0157628	35.4	40
MV-4128_S29__NODE_272_length_19153_cov_28.398262	1	19153	1068	18605	97.1388	8.2089	35.4	41.9
MV-4122_S12__NODE_723_length_19136_cov_25.906766	1	19136	1562	18361	95.95	12.0507	35.4	41.2
MV-4128_S29__NODE_273_length_19120_cov_446.092316	1	19120	35171	19120	100	266.63	35.4	41.9
MV-4122_S12__NODE_724_length_19116_cov_27.849064	1	19116	1251	18858	98.6503	9.65563	35.5	41.9
MV-4128_S29__NODE_274_length_19102_cov_26.488791	1	19102	1142	18781	98.3195	8.83405	35.6	42
MV-4122_S12__NODE_725_length_19092_cov_99.725534	1	19092	4093	18972	99.3715	31.6027	35.4	26.1
MV-4122_S12__NODE_726_length_19069_cov_11.755812	1	19069	527	16767	87.9281	4.07436	35.6	41.7
MV-4125_S18__NODE_509_length_19056_cov_16.120046	1	19056	3115	18882	99.0869	23.9379	35.5	38.5
MV-4122_S12__NODE_727_length_19048_cov_53.204286	1	19048	4521	18965	99.5643	35.0367	35.4	41.9
MV-4122_S12__NODE_728_length_19048_cov_27.702943	1	19048	1195	18424	96.7241	9.25562	35.5	41.9
MV-4128_S29__NODE_275_length_19037_cov_28.588505	1	19037	1126	18885	99.2016	8.78143	35.4	34.8
MV-4125_S18__NODE_515_length_18956_cov_18.418814	1	18956	3778	18956	100	29.2126	35.5	41.9
MV-4122_S12__NODE_729_length_18952_cov_41.591575	1	18952	1862	18570	97.9844	14.4487	35.5	33.4
MV-4122_S12__NODE_730_length_18945_cov_31.948968	1	18945	5	491	2.59171	0.0386909	35.7	24
MV-4128_S29__NODE_276_length_18903_cov_12.885293	1	18903	684	16405	86.7852	5.28482	35.5	42
MV-4125_S18__NODE_517_length_18886_cov_26.721204	1	18886	2650	18848	99.7988	20.6714	35.4	2.05
MV-4122_S12__NODE_732_length_18868_cov_27.210333	1	18868	1080	17733	93.9845	8.44896	35.5	42
MV-4128_S29__NODE_277_length_18851_cov_19.433390	1	18851	908	17822	94.5414	7.04302	35.4	28.5
MV-4128_S29__NODE_278_length_18849_cov_24.721826	1	18849	1097	18397	97.602	8.51483	35.5	42
MV-4125_S18__NODE_518_length_18841_cov_20.463483	1	18841	1667	18673	99.1083	12.9791	35.5	0.995
MV-4128_S29__NODE_279_length_18840_cov_13.361991	1	18840	804	17438	92.5584	6.27834	35.4	41.9
MV-4125_S18__NODE_519_length_18831_cov_21.529666	1	18831	2715	18801	99.8407	21.1849	35.5	19.7
MV-4125_S18__NODE_520_length_18828_cov_38.453577	1	18828	7913	18814	99.9256	61.1582	35.5	41.9
MV-4122_S12__NODE_734_length_18821_cov_12.718320	1	18821	108	8399	44.6257	0.845864	35.6	42
MV-4125_S18__NODE_521_length_18815_cov_22.596802	1	18815	4651	18815	100	35.9097	35.4	41.9
MV-4128_S29__NODE_280_length_18806_cov_23.872967	1	18806	816	17756	94.4167	6.40567	35.5	29.5
MV-4125_S18__NODE_523_length_18801_cov_19.978342	1	18801	4065	18764	99.8032	31.5228	35.4	41.5
MV-4122_S12__NODE_735_length_18792_cov_8.973902	1	18792	79	6443	34.2859	0.620743	35.7	41.5
MV-4128_S29__NODE_281_length_18786_cov_26.961881	1	18786	1125	18690	99.489	8.83349	35.5	27.9
MV-4122_S12__NODE_736_length_18762_cov_31.916502	1	18762	1286	18081	96.3703	10.0474	35.5	41.9
MV-4122_S12__NODE_737_length_18750_cov_24.797325	1	18750	6965	18745	99.9733	54.2356	35.5	27.8
MV-4128_S29__NODE_282_length_18743_cov_25.481057	1	18743	1027	18473	98.5595	8.01505	35.6	22.6
MV-4128_S29__NODE_283_length_18740_cov_16.329195	1	18740	979	18024	96.1793	7.6691	35.6	41.9
MV-4128_S29__NODE_284_length_18705_cov_23.972922	1	18705	1014	18016	96.3165	7.94435	35.5	42
MV-4125_S18__NODE_525_length_18692_cov_23.038740	1	18692	2926	18692	100	23.0847	35.5	19
MV-4128_S29__NODE_285_length_18689_cov_16.116507	1	18689	912	17274	92.4287	7.161	35.4	42
MV-4128_S29__NODE_286_length_18684_cov_12.457190	1	18684	2362	18544	99.2507	18.3462	35.4	31.5
MV-4122_S12__NODE_739_length_18673_cov_77.393651	1	18673	2570	18490	99.02	20.1947	35.5	22.7
MV-4122_S12__NODE_740_length_18606_cov_37.056493	1	18606	2	293	1.57476	0.0162313	36.2	1
MV-4122_S12__NODE_741_length_18600_cov_25.287894	1	18600	1037	17394	93.5161	8.24839	35.5	41.5
MV-4125_S18__NODE_528_length_18566_cov_74.212954	1	18566	14751	18566	100	116.988	35.5	40.9
MV-4125_S18__NODE_529_length_18564_cov_24.621535	1	18564	2823	18539	99.8653	22.411	35.5	10.8
MV-4122_S12__NODE_743_length_18529_cov_23.624175	1	18529	899	17177	92.7033	7.10848	35.5	42
MV-4128_S29__NODE_287_length_18528_cov_27.118984	1	18528	1186	17772	95.9197	9.44004	35.5	41.9
MV-4125_S18__NODE_530_length_18526_cov_22.160630	1	18526	4410	18524	99.9892	35.0386	35.5	41.5
MV-4122_S12__NODE_745_length_18513_cov_23.395113	1	18513	1587	18320	98.9575	12.6197	35.5	41.4
MV-4122_S12__NODE_746_length_18472_cov_12.082641	1	18472	122	9012	48.7874	0.970604	35.6	42
MV-4122_S12__NODE_747_length_18467_cov_30.511949	1	18467	1350	17530	94.9261	10.7182	35.4	32.9
MV-4128_S29__NODE_289_length_18465_cov_15.586095	1	18465	747	17896	96.9185	5.97937	35.5	36.6
MV-4122_S12__NODE_748_length_18459_cov_11.129754	1	18459	117	8270	44.802	0.929899	35.4	42
MV-4128_S29__NODE_290_length_18451_cov_14.353338	1	18451	835	17575	95.2523	6.58658	35.6	41.9
MV-4122_S12__NODE_749_length_18446_cov_26.353107	1	18446	1597	18303	99.2248	12.6788	35.5	41.6
MV-4128_S29__NODE_291_length_18426_cov_11.737576	1	18426	589	15986	86.7578	4.63372	35.5	42
MV-4122_S12__NODE_751_length_18423_cov_49.913491	1	18423	2267	18371	99.7177	18.0775	35.5	8.13
MV-4122_S12__NODE_752_length_18388_cov_21.025910	1	18388	1369	18114	98.5099	10.959	35.5	41.8
MV-4122_S12__NODE_753_length_18367_cov_43.724498	1	18367	2	239	1.30125	0.0162248	29.9	42
MV-4125_S18__NODE_536_length_18311_cov_71.360320	1	18311	13979	18311	100	112.434	35.5	40.8
MV-4125_S18__NODE_537_length_18311_cov_22.183775	1	18311	2482	18285	99.858	20.026	35.5	10.8
MV-4122_S12__NODE_756_length_18293_cov_12.390558	1	18293	146	9638	52.6868	1.17083	35.7	42
MV-4122_S12__NODE_757_length_18290_cov_22.681053	1	18290	1517	18196	99.4861	12.2198	35.4	41.3
MV-4122_S12__NODE_758_length_18263_cov_21.641916	1	18263	782	16466	90.1604	6.32552	35.4	42
MV-4122_S12__NODE_759_length_18261_cov_12.769581	1	18261	528	16328	89.4146	4.21768	35.6	40.8
MV-4122_S12__NODE_760_length_18233_cov_43.147046	1	18233	2	299	1.63988	0.0165634	35.6	42
MV-4128_S29__NODE_293_length_18214_cov_15.261799	1	18214	861	17753	97.469	6.91139	35.5	42
MV-4125_S18__NODE_538_length_18211_cov_21.157799	1	18211	3286	18181	99.8353	26.5254	35.5	26.5
MV-4125_S18__NODE_539_length_18173_cov_22.106414	1	18173	4322	18173	100	34.9913	35.5	41.8
MV-4122_S12__NODE_761_length_18154_cov_24.159512	1	18154	1123	17821	98.1657	9.10213	35.5	41.9
MV-4122_S12__NODE_762_length_18137_cov_26.342219	1	18137	1702	17978	99.1233	13.8499	35.5	41.6
MV-4128_S29__NODE_295_length_18137_cov_25.605906	1	18137	956	17918	98.7925	7.78265	35.5	41.9
MV-4125_S18__NODE_542_length_18109_cov_20.001108	1	18109	1739	17707	97.7801	14.1415	35.4	2.51
MV-4128_S29__NODE_296_length_18091_cov_29.457529	1	18091	1205	17726	97.9824	9.80029	35.4	41
MV-4122_S12__NODE_765_length_18087_cov_74.808174	1	18087	2469	17968	99.3421	20.0597	35.5	22.7
MV-4128_S29__NODE_297_length_18035_cov_25.085150	1	18035	968	17511	97.0945	7.88495	35.6	41.9
MV-4128_S29__NODE_298_length_18035_cov_19.279811	1	18035	889	17831	98.8689	7.29781	35.5	42
MV-4122_S12__NODE_766_length_18032_cov_50.109084	1	18032	2727	17743	98.3973	22.2618	35.5	19
MV-4122_S12__NODE_767_length_18031_cov_12.216455	1	18031	434	15387	85.3364	3.54955	35.5	41.3
MV-4125_S18__NODE_545_length_18017_cov_22.036911	1	18017	4348	18013	99.9778	34.9409	35.4	41.9
MV-4128_S29__NODE_299_length_18016_cov_29.699126	1	18016	1082	17614	97.7687	8.84636	35.5	41.9
MV-4122_S12__NODE_769_length_18001_cov_27.625209	1	18001	1117	17742	98.5612	9.14177	35.6	42
MV-4128_S29__NODE_300_length_17976_cov_26.204230	1	17976	991	17764	98.8206	8.17117	35.5	42
MV-4122_S12__NODE_770_length_17974_cov_6.495954	1	17974	409	16014	89.0954	3.34244	35.3	41.9
MV-4125_S18__NODE_546_length_17974_cov_20.267147	1	17974	3949	17953	99.8832	32.1546	35.5	41.2
MV-4128_S29__NODE_301_length_17945_cov_26.314477	1	17945	1112	17576	97.9437	9.18702	35.6	41.9
MV-4122_S12__NODE_772_length_17928_cov_28.762323	1	17928	1040	17107	95.4206	8.5492	35.5	41.9
MV-4125_S18__NODE_547_length_17923_cov_24.172375	1	17923	4737	17923	100	38.3109	35.4	41.9
cell-4125-0-44_S16__NODE_15_length_17922_cov_10.843063	1	17922	3168	17892	99.8326	26.031	35.5	20.2
MV-4128_S29__NODE_302_length_17911_cov_16.449485	1	17911	830	17116	95.5614	6.76819	35.4	41.9
MV-4128_S29__NODE_303_length_17906_cov_23.572125	1	17906	857	17753	99.1455	7.02133	35.5	25.5
MV-4128_S29__NODE_304_length_17903_cov_25.966383	1	17903	1172	17787	99.3521	9.64028	35.5	41.9
MV-4125_S18__NODE_548_length_17888_cov_23.422139	1	17888	4623	17882	99.9665	37.3733	35.4	41.9
MV-4125_S18__NODE_549_length_17838_cov_20.396896	1	17838	3943	17838	100	32.3817	35.5	42
cell-4125-0-44_S16__NODE_16_length_17834_cov_10.423927	1	17834	3286	17779	99.6916	27.1244	35.4	30
MV-4125_S18__NODE_550_length_17823_cov_24.397006	1	17823	4759	17823	100	38.8523	35.4	41.9
MV-4122_S12__NODE_777_length_17815_cov_11.432770	1	17815	123	8392	47.1064	1.0279	35	42
MV-4125_S18__NODE_552_length_17793_cov_22.841414	1	17793	3034	17757	99.7977	25.1587	35.5	23.8
MV-4125_S18__NODE_553_length_17760_cov_27.402316	1	17760	5275	17745	99.9155	43.1176	35.4	41.6
MV-4122_S12__NODE_778_length_17757_cov_46.005141	1	17757	14	1002	5.64285	0.110942	36.1	32
MV-4128_S29__NODE_305_length_17756_cov_25.984464	1	17756	1038	17431	98.1696	8.58448	35.5	26.5
MV-4125_S18__NODE_554_length_17755_cov_26.249209	1	17755	5043	17714	99.7691	41.6111	35.5	41.9
MV-4128_S29__NODE_306_length_17753_cov_22.204486	1	17753	761	16656	93.8208	6.28846	35.5	41.7
MV-4128_S29__NODE_307_length_17749_cov_17.050243	1	17749	804	17257	97.228	6.66392	35.6	41.9
MV-4128_S29__NODE_308_length_17745_cov_15.452968	1	17745	755	15995	90.1381	6.20468	35.4	41.9
MV-4128_S29__NODE_309_length_17738_cov_23.929933	1	17738	1014	17026	95.986	8.39661	35.7	41.1
MV-4128_S29__NODE_310_length_17722_cov_24.957661	1	17722	952	16660	94.0074	7.99103	35.4	41.9
MV-4125_S18__NODE_557_length_17717_cov_15.314347	1	17717	3059	17717	100	24.6997	35.4	41.9
MV-4125_S18__NODE_560_length_17688_cov_16.352464	1	17688	3126	17688	100	25.9299	35.4	41.9
MV-4128_S29__NODE_311_length_17672_cov_15.257195	1	17672	863	17320	98.0081	7.21871	35.5	41.9
MV-4128_S29__NODE_312_length_17664_cov_15.446931	1	17664	861	16832	95.2899	7.04455	35.5	41.9
MV-4128_S29__NODE_313_length_17651_cov_27.353433	1	17651	1166	17290	97.9548	9.77389	35.5	42
MV-4128_S29__NODE_314_length_17636_cov_14.566748	1	17636	812	17368	98.4804	6.74484	35.4	42
MV-4122_S12__NODE_781_length_17630_cov_23.380313	1	17630	1020	16509	93.6415	8.51237	35.5	41.9
MV-4128_S29__NODE_315_length_17622_cov_26.766892	1	17622	964	17137	97.2478	8.1018	35.4	26.4
MV-4122_S12__NODE_782_length_17618_cov_21.663725	1	17618	1319	17358	98.5242	11.0073	35.5	41.7
MV-4128_S29__NODE_316_length_17598_cov_12.798552	1	17598	662	16221	92.1752	5.46971	35.4	42
MV-4122_S12__NODE_784_length_17582_cov_26.191932	1	17582	1026	16903	96.1381	8.58509	35.5	41.9
MV-4128_S29__NODE_317_length_17577_cov_16.273314	1	17577	880	16954	96.4556	7.32167	35.6	41.9
MV-4128_S29__NODE_318_length_17563_cov_11.607779	1	17563	591	15669	89.216	4.93065	35.5	42
MV-4128_S29__NODE_319_length_17533_cov_27.765076	1	17533	1024	17263	98.46	8.61815	35.6	26.7
MV-4122_S12__NODE_787_length_17519_cov_36.132730	1	17519	1303	17232	98.3618	10.9051	35.5	39.8
MV-4122_S12__NODE_788_length_17516_cov_12.523166	1	17516	118	8308	47.4309	0.98567	35.6	42
MV-4122_S12__NODE_789_length_17503_cov_40.681339	1	17503	2385	17418	99.5144	19.9854	35.5	22.5
MV-4125_S18__NODE_565_length_17495_cov_18.413933	1	17495	3553	17495	100	29.2807	35.4	41.9
MV-4122_S12__NODE_790_length_17457_cov_9.180669	1	17457	132	8956	51.3032	1.10443	35.4	42
MV-4125_S18__NODE_567_length_17457_cov_22.239053	1	17457	3941	17441	99.9083	33.2739	35.5	40.3
MV-4122_S12__NODE_793_length_17379_cov_23.482625	1	17379	1507	17280	99.4303	12.7599	35.5	41.6
MV-4122_S12__NODE_794_length_17376_cov_26.975579	1	17376	1003	16607	95.5744	8.51496	35.5	42
MV-4125_S18__NODE_568_length_17367_cov_21.334161	1	17367	2063	17367	100	17.4921	35.5	3.63
MV-4128_S29__NODE_320_length_17349_cov_26.225165	1	17349	1127	17035	98.1901	9.5756	35.5	34.3
MV-4122_S12__NODE_795_length_17346_cov_9.796657	1	17346	101	7847	45.2381	0.846016	35.5	41.8
MV-4128_S29__NODE_321_length_17313_cov_24.737977	1	17313	888	16879	97.4932	7.58655	35.6	42
MV-4122_S12__NODE_797_length_17299_cov_29.366968	1	17299	1337	17064	98.6415	11.3641	35.4	38.1
MV-4125_S18__NODE_572_length_17270_cov_63.372001	1	17270	5837	17167	99.4036	49.773	35.5	1.76
MV-4122_S12__NODE_798_length_17267_cov_93.685859	1	17267	3021	17061	98.807	25.7537	35.5	21.3
MV-4122_S12__NODE_799_length_17254_cov_42.001395	1	17254	2	247	1.43155	0.0172134	32.3	42
MV-4122_S12__NODE_801_length_17223_cov_25.720643	1	17223	8860	17200	99.8665	75.2764	35.5	41.2
MV-4125_S18__NODE_574_length_17220_cov_7.093155	1	17220	1302	17220	100	11.1858	35.5	41.9
MV-4128_S29__NODE_323_length_17207_cov_23.336287	1	17207	1088	16720	97.1698	9.35271	35.5	41.6
cell-4125-0-44_S16__NODE_17_length_17201_cov_11.089059	1	17201	3675	17120	99.5291	31.5444	35.4	27.8
MV-4128_S29__NODE_324_length_17200_cov_18.896063	1	17200	837	16398	95.3372	7.12099	35.4	41.1
MV-4122_S12__NODE_802_length_17193_cov_30.430680	1	17193	3	173	1.00622	0.0215785	36.1	24
MV-4122_S12__NODE_803_length_17169_cov_81.373788	1	17169	2975	16875	98.2876	25.4511	35.4	26.7
MV-4128_S29__NODE_325_length_17107_cov_21.088318	1	17107	7483	17085	99.8714	64.325	35.4	18.8
MV-4122_S12__NODE_805_length_17091_cov_21.998885	1	17091	831	16325	95.5181	7.14557	35.5	41.7
MV-4122_S12__NODE_806_length_17080_cov_11.019442	1	17080	468	15129	88.5773	4.0373	35.5	41.4
MV-4128_S29__NODE_326_length_17069_cov_13.326320	1	17069	583	16121	94.4461	4.98735	35.5	41.9
MV-4128_S29__NODE_327_length_17066_cov_15.761096	1	17066	804	15732	92.1833	6.94879	35.5	40.1
MV-4128_S29__NODE_328_length_17058_cov_28.586720	1	17058	1186	16877	98.9389	10.2495	35.5	41.9
MV-4122_S12__NODE_807_length_17044_cov_11.088999	1	17044	362	14432	84.675	3.16064	35.4	42
MV-4122_S12__NODE_809_length_17030_cov_10.091370	1	17030	96	7635	44.8326	0.832883	35.8	42
MV-4122_S12__NODE_810_length_17028_cov_28.535380	1	17028	1176	16597	97.4689	10.1944	35.5	41.9
MV-4128_S29__NODE_329_length_17027_cov_25.729319	1	17027	971	16466	96.7052	8.47061	35.4	42
MV-4122_S12__NODE_811_length_17002_cov_30.695167	1	17002	1232	16398	96.4475	10.6816	35.5	42
MV-4125_S18__NODE_575_length_16993_cov_254.223993	1	16993	46525	16993	100	401.99	35.4	41.9
MV-4125_S18__NODE_576_length_16992_cov_23.231446	1	16992	3309	16897	99.4409	28.6371	35.4	25.3
MV-4122_S12__NODE_812_length_16953_cov_43.923482	1	16953	2	163	0.961482	0.017814	36.5	42
MV-4125_S18__NODE_579_length_16952_cov_18.654140	1	16952	3477	16952	100	29.7016	35.5	42
MV-4125_S18__NODE_580_length_16940_cov_18.315132	1	16940	3389	16940	100	28.972	35.4	41.8
MV-4125_S18__NODE_582_length_16931_cov_24.908272	1	16931	4450	16931	100	38.6395	35.4	41.1
MV-4125_S18__NODE_583_length_16931_cov_24.370467	1	16931	4414	16917	99.9173	38.3665	35.5	41.7
MV-4125_S18__NODE_584_length_16918_cov_18.593311	1	16918	3476	16918	100	29.6273	35.4	41.9
MV-4125_S18__NODE_585_length_16907_cov_20.342867	1	16907	3796	16907	100	32.4066	35.4	41.9
MV-4128_S29__NODE_332_length_16865_cov_15.092623	1	16865	676	16125	95.6122	5.81921	35.5	42
MV-4125_S18__NODE_589_length_16858_cov_25.049455	1	16858	3003	16806	99.6915	26.3066	35.5	21.4
MV-4122_S12__NODE_813_length_16857_cov_18.491727	1	16857	513	15333	90.9592	4.47001	35.5	39.6
MV-4122_S12__NODE_814_length_16852_cov_39.125082	1	16852	2	250	1.4835	0.0179207	36.2	42
MV-4125_S18__NODE_591_length_16852_cov_22.669346	1	16852	4240	16852	100	36.24	35.4	42
MV-4122_S12__NODE_815_length_16813_cov_27.688507	1	16813	976	16388	97.4722	8.60989	35.5	41.7
MV-4122_S12__NODE_816_length_16771_cov_22.629696	1	16771	1408	16738	99.8032	12.2945	35.6	41.6
MV-4125_S18__NODE_593_length_16762_cov_34.307117	1	16762	6276	16762	100	54.5675	35.5	42
MV-4122_S12__NODE_818_length_16720_cov_51.072667	1	16720	939	15568	93.11	8.07949	35.4	41.2
MV-4122_S12__NODE_819_length_16715_cov_10.777191	1	16715	108	7672	45.8989	0.950763	35	42
MV-4122_S12__NODE_820_length_16710_cov_44.688082	1	16710	1873	16313	97.6242	16.3956	35.6	6.3
MV-4122_S12__NODE_822_length_16696_cov_24.379124	1	16696	1488	16629	99.5987	13.1575	35.5	40.6
MV-4128_S29__NODE_333_length_16634_cov_13.510163	1	16634	727	15313	92.0584	6.37045	35.4	41.9
MV-4122_S12__NODE_824_length_16631_cov_10.014720	1	16631	131	8310	49.9669	1.14924	35.5	41.9
MV-4122_S12__NODE_825_length_16614_cov_242.385047	1	16614	13863	16600	99.9157	123.124	35.5	41.3
MV-4122_S12__NODE_827_length_16581_cov_8.773327	1	16581	184	11153	67.2637	1.63488	35.4	42
MV-4128_S29__NODE_334_length_16560_cov_13.457074	1	16560	711	15819	95.5254	6.32512	35.5	42
MV-4122_S12__NODE_828_length_16543_cov_32.653445	1	16543	1369	16055	97.0501	12.1045	35.5	37.8
MV-4125_S18__NODE_595_length_16511_cov_23.057547	1	16511	3969	16388	99.255	35.3702	35.5	40.1
MV-4128_S29__NODE_335_length_16485_cov_23.189714	1	16485	918	16093	97.6221	8.23779	35.5	42
MV-4122_S12__NODE_830_length_16466_cov_44.671379	1	16466	2984	16309	99.0465	26.6024	35.4	35.9
MV-4122_S12__NODE_831_length_16460_cov_12.623103	1	16460	446	15336	93.1713	4.00085	35.6	41.2
MV-4125_S18__NODE_596_length_16459_cov_27.484333	1	16459	4934	16342	99.2891	43.5743	35.4	41.9
MV-4125_S18__NODE_597_length_16452_cov_8.030676	1	16452	1422	16452	100	12.7428	35.5	42
MV-4128_S29__NODE_336_length_16445_cov_25.636059	1	16445	4898	14942	90.8604	43.8485	35.5	34.2
MV-4122_S12__NODE_832_length_16437_cov_29.122207	1	16437	995	15340	93.326	8.91726	35.5	41.9
MV-4128_S29__NODE_337_length_16405_cov_17.407523	1	16405	3570	16288	99.2868	31.8966	35.5	41.9
MV-4128_S29__NODE_338_length_16386_cov_13.078746	1	16386	675	15455	94.3183	5.97028	35.4	42
MV-4128_S29__NODE_340_length_16369_cov_12.278166	1	16369	616	15187	92.779	5.4668	35.5	41.4
MV-4122_S12__NODE_834_length_16359_cov_26.972277	1	16359	911	15391	94.0828	8.12971	35.5	41.9
MV-4122_S12__NODE_835_length_16355_cov_48.027853	1	16355	6	708	4.32895	0.0553959	35.9	42
MV-4128_S29__NODE_341_length_16352_cov_13.042523	1	16352	667	15393	94.1353	5.926	35.6	41.9
MV-4125_S18__NODE_601_length_16314_cov_17.125653	1	16314	3105	16314	100	27.4118	35.4	41.9
MV-4128_S29__NODE_342_length_16314_cov_21.788671	1	16314	757	15658	95.9789	6.8242	35.5	42
MV-4122_S12__NODE_836_length_16313_cov_23.584389	1	16313	851	15978	97.9464	7.65059	35.4	41.9
MV-4122_S12__NODE_838_length_16304_cov_84.694258	1	16304	2533	16231	99.5523	22.8429	35.5	23.2
MV-4125_S18__NODE_602_length_16280_cov_7.018367	1	16280	1235	16256	99.8526	11.1967	35.5	41.9
MV-4122_S12__NODE_839_length_16272_cov_43.158661	1	16272	4158	16138	99.1765	37.275	35.4	0.999
MV-4128_S29__NODE_343_length_16249_cov_21.687847	1	16249	776	15951	98.166	6.95286	35.4	28.4
MV-4128_S29__NODE_344_length_16241_cov_24.210429	1	16241	986	15945	98.1775	8.93233	35.5	41.9
MV-4122_S12__NODE_840_length_16236_cov_29.576911	1	16236	945	15105	93.034	8.58925	35.5	41.8
MV-4122_S12__NODE_841_length_16236_cov_21.167233	1	16236	1146	15900	97.9305	10.3552	35.5	36.5
MV-4125_S18__NODE_604_length_16225_cov_20.861596	1	16225	1819	16186	99.7596	16.5312	35.5	11.2
MV-4128_S29__NODE_345_length_16224_cov_26.548952	1	16224	1068	16130	99.4206	9.69502	35.5	23.5
MV-4125_S18__NODE_605_length_16216_cov_25.649712	1	16216	4468	16216	100	40.5183	35.5	41.9
MV-4128_S29__NODE_346_length_16211_cov_12.545370	1	16211	638	14463	89.2172	5.67343	35.5	41.9
MV-4122_S12__NODE_842_length_16205_cov_51.663220	1	16205	953	15035	92.78	8.5038	35.3	42
MV-4122_S12__NODE_843_length_16189_cov_11.843002	1	16189	95	7053	43.5666	0.878436	35.6	42
MV-4125_S18__NODE_606_length_16186_cov_17.402207	1	16186	3135	16186	100	27.8827	35.4	41.9
MV-4125_S18__NODE_607_length_16173_cov_24.840861	1	16173	3567	16147	99.8392	32.5235	35.5	33.5
MV-4122_S12__NODE_845_length_16168_cov_8.638491	1	16168	99	7618	47.1178	0.90141	35.1	42
cell-4122-0-44_S10__NODE_84_length_16168_cov_966.618817	1	16168	2	216	1.33597	0.0186789	35.7	42
MV-4128_S29__NODE_347_length_16163_cov_12.252483	1	16163	462	13979	86.4877	4.18808	35.5	41.9
MV-4125_S18__NODE_609_length_16153_cov_20.017766	1	16153	1742	16101	99.6781	15.789	35.5	1.65
MV-4122_S12__NODE_847_length_16142_cov_14.845154	1	16142	835	15379	95.2732	7.5433	35.5	42
MV-4128_S29__NODE_348_length_16134_cov_16.424218	1	16134	794	15583	96.5849	7.19722	35.5	42
MV-4122_S12__NODE_848_length_16131_cov_12.307539	1	16131	115	8036	49.8171	1.06162	35.4	42
MV-4122_S12__NODE_849_length_16128_cov_10.882411	1	16128	115	8590	53.2614	1.02282	35.4	42
MV-4125_S18__NODE_610_length_16126_cov_22.549810	1	16126	2862	16112	99.9132	26.2095	35.4	27.9
MV-4122_S12__NODE_850_length_16122_cov_83.449866	1	16122	1774	15787	97.9221	16.1515	35.5	9.25
MV-4122_S12__NODE_852_length_16102_cov_24.874120	1	16102	1539	15938	98.9815	14.1418	35.5	41.7
MV-4122_S12__NODE_853_length_16100_cov_10.308694	1	16100	87	6598	40.9814	0.787888	35.6	42
MV-4122_S12__NODE_854_length_16097_cov_13.038025	1	16097	547	14595	90.6691	4.97764	35.7	41.6
MV-4122_S12__NODE_855_length_16077_cov_86.177506	1	16077	1519	15667	97.4498	13.8594	35.5	6.94
MV-4125_S18__NODE_612_length_16070_cov_49.825414	1	16070	8648	16035	99.7822	78.866	35.5	41.4
MV-4128_S29__NODE_349_length_16065_cov_14.256715	1	16065	712	14099	87.7622	6.34329	35.5	41.8
MV-4122_S12__NODE_856_length_16053_cov_10.632954	1	16053	81	6679	41.6059	0.741232	35.4	41.8
MV-4125_S18__NODE_614_length_16038_cov_17.304761	1	16038	3092	16038	100	27.7228	35.4	42
MV-4122_S12__NODE_858_length_16008_cov_12.017614	1	16008	354	12887	80.5035	3.2272	35.7	41.5
MV-4128_S29__NODE_350_length_16007_cov_28.855316	1	16007	962	15574	97.2949	8.87112	35.5	42
MV-4122_S12__NODE_859_length_16001_cov_21.795685	1	16001	1210	15563	97.2627	11.0335	35.5	41.9
MV-4122_S12__NODE_860_length_15987_cov_9.805423	1	15987	265	12662	79.2019	2.42428	35.6	42
MV-4125_S18__NODE_616_length_15981_cov_21.475323	1	15981	3777	15967	99.9124	34.2126	35.4	41.9
MV-4122_S12__NODE_861_length_15973_cov_43.222641	1	15973	3132	15678	98.1531	28.7642	35.5	40.2
MV-4128_S29__NODE_351_length_15971_cov_29.502765	1	15971	1000	15581	97.5581	9.25703	35.5	40.5
MV-4128_S29__NODE_352_length_15967_cov_13.947210	1	15967	672	15186	95.1087	6.13691	35.5	41.9
MV-4128_S29__NODE_353_length_15959_cov_14.353999	1	15959	642	13698	85.8324	5.86071	35.6	41.9
MV-4122_S12__NODE_862_length_15948_cov_31.419430	1	15948	1189	15818	99.1849	11.0156	35.5	41.9
MV-4122_S12__NODE_863_length_15931_cov_55.630008	1	15931	3003	15737	98.7822	27.8382	35.5	28.1
MV-4122_S12__NODE_864_length_15921_cov_13.422350	1	15921	480	15222	95.6096	4.45123	35.4	41.8
MV-4125_S18__NODE_620_length_15906_cov_23.471579	1	15906	3041	15898	99.9497	28.0564	35.5	28.7
MV-4125_S18__NODE_621_length_15906_cov_14.010599	1	15906	2493	15906	100	22.4265	35.4	41.9
MV-4128_S29__NODE_355_length_15904_cov_15.082592	1	15904	792	15095	94.9132	7.24547	35.5	42
MV-4122_S12__NODE_867_length_15885_cov_11.806759	1	15885	98	6479	40.7869	0.885238	35.1	41
MV-4125_S18__NODE_623_length_15879_cov_6.505056	1	15879	1106	15879	100	10.2718	35.5	41.9
MV-4125_S18__NODE_624_length_15871_cov_23.983498	1	15871	4101	15869	99.9874	37.8177	35.5	41.5
MV-4128_S29__NODE_356_length_15871_cov_11.026429	1	15871	2000	15669	98.7272	18.4269	35.5	34
MV-4122_S12__NODE_868_length_15865_cov_245.625237	1	15865	13342	15854	99.9307	124.241	35.5	41.8
cell-4122-0-44_S10__NODE_85_length_15855_cov_57.819747	1	15855	2	244	1.53895	0.0190476	36	42
MV-4122_S12__NODE_870_length_15850_cov_21.346692	1	15850	1046	15419	97.2808	9.68517	35.6	38.9
MV-4128_S29__NODE_357_length_15822_cov_22.339380	1	15822	1913	15592	98.5463	17.8328	35.5	26.1
MV-4122_S12__NODE_872_length_15801_cov_25.882891	1	15801	939	15358	97.1964	8.73236	35.5	41.8
MV-4125_S18__NODE_627_length_15795_cov_22.020267	1	15795	2513	15781	99.9114	23.4959	35.4	23.3
MV-4122_S12__NODE_873_length_15794_cov_24.670500	1	15794	1296	15294	96.8342	12.1299	35.4	41.9
MV-4128_S29__NODE_358_length_15794_cov_15.998412	1	15794	718	15075	95.4476	6.63056	35.4	41.9
MV-4128_S29__NODE_359_length_15790_cov_13.053321	1	15790	630	14054	89.0057	5.77967	35.5	42
MV-4122_S12__NODE_874_length_15784_cov_236.558141	1	15784	12699	15771	99.9176	118.291	35.5	40.4
MV-4128_S29__NODE_360_length_15780_cov_24.428744	1	15780	821	15051	95.3802	7.66439	35.4	41.5
MV-4128_S29__NODE_361_length_15780_cov_9.437011	1	15780	26	1749	11.0837	0.246261	35.3	42
MV-4125_S18__NODE_628_length_15775_cov_26.970611	1	15775	4551	15775	100	42.5393	35.5	41.9
MV-4128_S29__NODE_362_length_15775_cov_13.741476	1	15775	679	14390	91.2203	6.2748	35.6	42
MV-4122_S12__NODE_876_length_15762_cov_25.486853	1	15762	965	15545	98.6233	9.01542	35.4	42
MV-4128_S29__NODE_363_length_15733_cov_14.203215	1	15733	714	14457	91.8897	6.61476	35.6	41.9
MV-4128_S29__NODE_364_length_15728_cov_14.230715	1	15728	626	14861	94.4875	5.78065	35.5	41.7
MV-4128_S29__NODE_365_length_15723_cov_14.002298	1	15723	591	14693	93.4491	5.53622	35.4	41.9
MV-4128_S29__NODE_366_length_15715_cov_25.282184	1	15715	1064	15462	98.3901	10.0141	35.5	42
MV-4128_S29__NODE_367_length_15706_cov_24.826145	1	15706	1019	15506	98.7266	9.56794	35.5	41.9
MV-4125_S18__NODE_632_length_15701_cov_7.106289	1	15701	1191	15701	100	11.2294	35.5	41.9
MV-4122_S12__NODE_877_length_15697_cov_29.174210	1	15697	984	15222	96.9739	9.12442	35.6	41.7
MV-4125_S18__NODE_633_length_15696_cov_22.559747	1	15696	3894	15696	100	35.9137	35.4	41.9
MV-4128_S29__NODE_368_length_15669_cov_31.398232	1	15669	756	14108	90.0377	7.13064	35.6	40.9
MV-4128_S29__NODE_369_length_15662_cov_27.585635	1	15662	1067	15441	98.5889	10.1017	35.4	42
MV-4122_S12__NODE_878_length_15643_cov_27.334745	1	15643	1998	15297	97.7881	18.6509	35.4	41.9
MV-4122_S12__NODE_879_length_15641_cov_10.043116	1	15641	118	8111	51.8573	1.11438	35.3	42
cell-4125-0-44_S16__NODE_21_length_15637_cov_11.047170	1	15637	1855	15030	96.1182	17.5033	35.4	9.58
MV-4128_S29__NODE_370_length_15632_cov_12.017076	1	15632	595	14478	92.6177	5.52693	35.4	42
MV-4125_S18__NODE_634_length_15628_cov_21.200989	1	15628	3677	15576	99.6673	33.9444	35.4	42
MV-4128_S29__NODE_371_length_15622_cov_14.755573	1	15622	664	14816	94.8406	6.27717	35.5	42
MV-4128_S29__NODE_372_length_15616_cov_36.663325	1	15616	3023	15480	99.1291	28.3216	35.5	32.5
MV-4128_S29__NODE_373_length_15600_cov_28.301254	1	15600	860	15318	98.1923	8.12859	35.5	25.1
MV-4122_S12__NODE_881_length_15596_cov_83.171160	1	15596	2832	15111	96.8902	26.7448	35.5	35
MV-4128_S29__NODE_374_length_15581_cov_31.871184	1	15581	1157	15339	98.4468	10.9811	35.6	42
MV-4125_S18__NODE_636_length_15578_cov_10.995942	1	15578	1849	15567	99.9294	17.4247	35.6	42
MV-4128_S29__NODE_375_length_15570_cov_16.956043	1	15570	764	14718	94.5279	7.24123	35.3	42
MV-4122_S12__NODE_882_length_15568_cov_24.986721	1	15568	7310	15564	99.9743	68.5676	35.5	37.8
MV-4122_S12__NODE_883_length_15564_cov_21.804243	1	15564	890	15362	98.7021	8.39232	35.5	42
MV-4125_S18__NODE_637_length_15561_cov_31.257191	1	15561	5224	15561	100	49.4463	35.5	41.9
MV-4125_S18__NODE_638_length_15554_cov_7.448610	1	15554	1242	15554	100	11.8137	35.5	42
MV-4125_S18__NODE_639_length_15552_cov_8.676583	1	15552	1438	15552	100	13.717	35.4	42
MV-4122_S12__NODE_884_length_15548_cov_24.970955	1	15548	1227	15026	96.6427	11.588	35.6	41.4
MV-4122_S12__NODE_886_length_15523_cov_24.845681	1	15523	882	15099	97.2686	8.44431	35.4	41.9
MV-4125_S18__NODE_640_length_15523_cov_7.874709	1	15523	1307	15523	100	12.4485	35.4	42
MV-4125_S18__NODE_641_length_15519_cov_23.974845	1	15519	2262	15312	98.6662	21.5138	35.5	12
MV-4128_S29__NODE_376_length_15500_cov_23.452120	1	15500	769	14906	96.1677	7.31942	35.6	42
MV-4125_S18__NODE_642_length_15490_cov_23.907613	1	15490	2022	15438	99.6643	18.9371	35.5	0.999
MV-4125_S18__NODE_643_length_15484_cov_20.856634	1	15484	3573	15484	100	33.3301	35.4	42
MV-4122_S12__NODE_887_length_15483_cov_77.281436	1	15483	1344	14531	93.8513	12.4202	35.5	42
MV-4122_S12__NODE_889_length_15468_cov_11.602478	1	15468	89	6788	43.8841	0.843871	35.5	42
MV-4125_S18__NODE_644_length_15466_cov_22.277529	1	15466	3694	15459	99.9547	35.1414	35.5	41.9
MV-4122_S12__NODE_890_length_15464_cov_48.709975	1	15464	2007	15139	97.8983	18.9073	35.4	41.9
MV-4125_S18__NODE_645_length_15459_cov_7.274344	1	15459	1202	15459	100	11.5114	35.5	42
MV-4128_S29__NODE_377_length_15458_cov_13.528533	1	15458	658	14824	95.8986	6.27662	35.5	41.9
MV-4122_S12__NODE_892_length_15417_cov_35.982750	1	15417	4	389	2.52319	0.0391775	35.9	42
MV-4122_S12__NODE_893_length_15416_cov_12.769091	1	15416	403	13954	90.5163	3.86903	35.6	41.8
MV-4128_S29__NODE_378_length_15416_cov_23.430831	1	15416	1173	15002	97.3145	11.1618	35.6	30.4
MV-4122_S12__NODE_894_length_15406_cov_39.129438	1	15406	1280	15069	97.8125	12.2311	35.4	37.4
MV-4128_S29__NODE_379_length_15396_cov_15.515155	1	15396	706	14588	94.7519	6.67966	35.4	42
MV-4122_S12__NODE_897_length_15393_cov_12.058156	1	15393	107	6756	43.8901	1.02618	35.5	41.8
MV-4128_S29__NODE_380_length_15386_cov_25.005675	1	15386	754	14196	92.2657	7.25699	35.6	41.8
MV-4122_S12__NODE_898_length_15376_cov_30.653352	1	15376	4974	15333	99.7203	47.4328	35.5	1.75
MV-4128_S29__NODE_381_length_15372_cov_32.757394	1	15372	836	14107	91.7708	8.04196	35.4	41.9
MV-4128_S29__NODE_382_length_15367_cov_26.057471	1	15367	949	15105	98.295	9.12058	35.5	42
MV-4122_S12__NODE_900_length_15353_cov_29.463002	1	15353	1012	14914	97.1406	9.68391	35.6	42
MV-4128_S29__NODE_383_length_15352_cov_24.733216	1	15352	883	15111	98.4302	8.46691	35.5	41.9
MV-4122_S12__NODE_901_length_15312_cov_28.312643	1	15312	936	14854	97.0089	9.02443	35.3	41.9
MV-4128_S29__NODE_384_length_15305_cov_15.418754	1	15305	2812	15271	99.7779	26.7681	35.5	41.5
MV-4125_S18__NODE_652_length_15298_cov_17.003018	1	15298	2884	15298	100	27.1477	35.5	41.9
MV-4128_S29__NODE_385_length_15291_cov_15.441061	1	15291	713	14202	92.8782	6.84782	35.5	41.9
MV-4125_S18__NODE_653_length_15290_cov_21.546702	1	15290	3638	15290	100	34.3397	35.5	41.9
MV-4125_S18__NODE_654_length_15288_cov_17.839034	1	15288	1206	14827	96.9846	11.5305	35.4	2.53
MV-4125_S18__NODE_656_length_15264_cov_18.531527	1	15264	3137	15164	99.3449	29.5572	35.4	42
MV-4125_S18__NODE_657_length_15260_cov_17.749688	1	15260	1710	14806	97.0249	16.5066	35.5	15.4
MV-4125_S18__NODE_658_length_15249_cov_21.996643	1	15249	3607	15232	99.8885	34.7888	35.5	41.2
MV-4125_S18__NODE_660_length_15235_cov_20.920685	1	15235	3503	15235	100	33.3214	35.4	42
MV-4122_S12__NODE_903_length_15232_cov_14.376293	1	15232	392	13659	89.6731	3.80922	35.4	41.6
MV-4125_S18__NODE_662_length_15214_cov_19.977769	1	15214	3374	15214	100	31.9649	35.4	42
MV-4122_S12__NODE_905_length_15209_cov_10.799987	1	15209	106	7605	50.0033	1.00441	35.3	42
MV-4122_S12__NODE_910_length_15147_cov_25.446197	1	15147	1044	15003	99.0493	10.1373	35.5	30.4
MV-4122_S12__NODE_911_length_15138_cov_26.204734	1	15138	791	14694	97.067	7.66964	35.4	42
MV-4125_S18__NODE_666_length_15123_cov_24.953079	1	15123	4159	15123	100	39.732	35.4	42
MV-4122_S12__NODE_914_length_15099_cov_218.845320	1	15099	11349	15096	99.9801	110.482	35.5	41
MV-4125_S18__NODE_670_length_15058_cov_22.081050	1	15058	3713	15058	100	35.3783	35.5	41.9
MV-4128_S29__NODE_386_length_15050_cov_14.261887	1	15050	570	13661	90.7708	5.51555	35.6	42
MV-4122_S12__NODE_916_length_15043_cov_12.835869	1	15043	135	8972	59.6424	1.30247	35.5	42
MV-4122_S12__NODE_917_length_15034_cov_14.488417	1	15034	493	13965	92.8895	4.84562	35.5	40.8
MV-4122_S12__NODE_918_length_15015_cov_46.009960	1	15015	3100	14959	99.627	30.312	35.5	41.9
MV-4125_S18__NODE_673_length_15014_cov_24.718497	1	15014	3965	15014	100	38.7922	35.5	41.7
MV-4125_S18__NODE_674_length_15009_cov_7.415407	1	15009	1201	14991	99.8801	11.7858	35.4	41.9
MV-4125_S18__NODE_675_length_15007_cov_19.376873	1	15007	3134	15007	100	30.5977	35.5	41.9
MV-4125_S18__NODE_677_length_14999_cov_8.609074	1	14999	1385	14990	99.94	13.6299	35.5	41.9
cell-4122-0-44_S10__NODE_98_length_14982_cov_692.056542	1	14982	2	180	1.20144	0.0201575	36.5	42
MV-4125_S18__NODE_678_length_14966_cov_7.166186	1	14966	1149	14966	100	11.3441	35.5	41.7
cell-4122-0-44_S10__NODE_100_length_14938_cov_39.756232	1	14938	2	109	0.729683	0.0145937	34.5	42
MV-4125_S18__NODE_679_length_14935_cov_11.622984	1	14935	937	14586	97.6632	9.12146	35.4	1.01
MV-4128_S29__NODE_387_length_14928_cov_25.892490	1	14928	1164	14482	97.0123	11.4552	35.6	28.6
MV-4122_S12__NODE_920_length_14926_cov_50.324457	1	14926	2	99	0.663272	0.0132654	36.4	42
MV-4125_S18__NODE_680_length_14926_cov_20.036917	1	14926	3298	14926	100	31.9125	35.4	41.9
MV-4122_S12__NODE_921_length_14912_cov_59.187925	1	14912	1961	14387	96.4793	19.2612	35.5	39.9
MV-4122_S12__NODE_922_length_14912_cov_25.348994	1	14912	854	14639	98.1693	8.42422	35.4	42
MV-4122_S12__NODE_923_length_14908_cov_64.098162	1	14908	4	140	0.939093	0.0375637	34.9	27
MV-4122_S12__NODE_924_length_14907_cov_42.439402	1	14907	2940	14904	99.9799	29.0189	35.4	41.9
MV-4122_S12__NODE_925_length_14906_cov_13.435594	1	14906	96	7049	47.2897	0.945794	35.4	41.6
MV-4122_S12__NODE_926_length_14881_cov_11.897477	1	14881	353	13126	88.2064	3.49856	35.4	41.4
MV-4128_S29__NODE_388_length_14876_cov_25.959247	1	14876	909	14557	97.8556	9.07939	35.3	42
MV-4122_S12__NODE_927_length_14840_cov_11.273656	1	14840	389	13375	90.128	3.88902	35.5	41.9
MV-4122_S12__NODE_929_length_14836_cov_13.773493	1	14836	119	7444	50.1752	1.16723	35.6	41.7
MV-4128_S29__NODE_389_length_14832_cov_15.730324	1	14832	687	14666	98.8808	6.72323	35.4	41.9
MV-4125_S18__NODE_682_length_14824_cov_21.140429	1	14824	2172	14805	99.8718	21.6362	35.5	21.5
MV-4128_S29__NODE_390_length_14802_cov_16.700278	1	14802	713	14359	97.0072	6.9621	35.4	42
MV-4128_S29__NODE_391_length_14790_cov_15.657550	1	14790	2879	14657	99.1007	28.5275	35.5	40.4
MV-4122_S12__NODE_930_length_14779_cov_28.636648	1	14779	1535	14687	99.3775	15.2941	35.5	41
MV-4122_S12__NODE_931_length_14772_cov_10.944962	1	14772	96	7968	53.9399	0.932981	35.3	42
MV-4125_S18__NODE_684_length_14771_cov_6.927630	1	14771	1096	14771	100	10.9806	35.6	42
MV-4128_S29__NODE_392_length_14766_cov_26.677996	1	14766	930	14447	97.8396	9.25599	35.5	41.7
MV-4128_S29__NODE_393_length_14761_cov_16.217462	1	14761	717	14003	94.8648	7.14064	35.4	41.9
MV-4125_S18__NODE_685_length_14759_cov_9.548150	1	14759	768	14379	97.4253	7.69713	35.4	1.75
MV-4122_S12__NODE_934_length_14750_cov_20.579177	1	14750	1072	14545	98.6102	10.6615	35.5	41.9
MV-4122_S12__NODE_935_length_14743_cov_24.251566	1	14743	1158	14665	99.4709	11.5692	35.5	40.8
MV-4128_S29__NODE_394_length_14739_cov_23.519273	1	14739	771	14136	95.9088	7.71884	35.5	42
MV-4122_S12__NODE_936_length_14734_cov_94.392261	1	14734	3049	14644	99.3892	30.4984	35.5	32.5
MV-4122_S12__NODE_937_length_14732_cov_38.119711	1	14732	1845	14571	98.9071	18.3575	35.5	15.4
MV-4122_S12__NODE_938_length_14729_cov_10.440848	1	14729	705	14143	96.0215	7.05846	35.5	41.9
MV-4128_S29__NODE_395_length_14727_cov_24.921347	1	14727	800	14253	96.7814	7.96422	35.5	41.9
MV-4125_S18__NODE_687_length_14723_cov_29.244001	1	14723	4729	14723	100	46.5476	35.4	42
MV-4128_S29__NODE_396_length_14720_cov_24.275486	1	14720	1150	14149	96.1209	11.4927	35.4	28.5
MV-4128_S29__NODE_397_length_14720_cov_21.857347	1	14720	751	14143	96.0802	7.48444	35.6	26.6
MV-4125_S18__NODE_688_length_14702_cov_24.870895	1	14702	3920	14693	99.9388	39.2772	35.4	41.7
MV-4125_S18__NODE_689_length_14692_cov_18.388878	1	14692	2096	14655	99.7482	20.9517	35.5	25.9
MV-4128_S29__NODE_398_length_14688_cov_13.568236	1	14688	671	14127	96.1806	6.69703	35.4	41.9
MV-4125_S18__NODE_690_length_14687_cov_22.542236	1	14687	3622	14687	100	35.7567	35.4	41.9
MV-4122_S12__NODE_939_length_14668_cov_10.746527	1	14668	82	5748	39.1873	0.815789	35.6	42
MV-4125_S18__NODE_693_length_14642_cov_26.619730	1	14642	2818	14638	99.9727	28.3454	35.5	15.2
MV-4122_S12__NODE_941_length_14636_cov_11.009464	1	14636	86	6230	42.5663	0.847841	35.6	42
MV-4122_S12__NODE_942_length_14616_cov_43.055422	1	14616	725	13151	89.9767	7.08326	35.5	41.5
MV-4122_S12__NODE_943_length_14612_cov_56.221955	1	14612	1979	14471	99.035	19.8733	35.4	39.7
MV-4125_S18__NODE_694_length_14611_cov_7.370363	1	14611	1162	14611	100	11.7024	35.4	41.9
MV-4125_S18__NODE_695_length_14610_cov_22.379801	1	14610	3540	14610	100	35.4762	35.4	41.9
MV-4128_S29__NODE_399_length_14606_cov_25.889561	1	14606	910	14384	98.4801	9.19239	35.4	42
MV-4122_S12__NODE_944_length_14602_cov_27.526225	1	14602	1489	14492	99.2467	15.0535	35.5	41.6
MV-4122_S12__NODE_945_length_14602_cov_23.188424	1	14602	1244	14265	97.6921	12.5378	35.5	41.5
MV-4125_S18__NODE_696_length_14597_cov_29.210631	1	14597	4464	14596	99.9931	44.2067	35.5	39.6
MV-4122_S12__NODE_946_length_14596_cov_224.251289	1	14596	10907	14592	99.9726	109.94	35.5	41.6
MV-4122_S12__NODE_949_length_14545_cov_17.426570	1	14545	491	13522	92.9667	4.90533	35.6	35.7
cell-4125-0-44_S16__NODE_25_length_14537_cov_14.780141	1	14537	1	151	1.03873	0.0103873	30.3	40
cell-4125-0-44_S16__NODE_26_length_14536_cov_9.796975	1	14536	1902	14306	98.4177	19.3277	35.4	17.6
MV-4122_S12__NODE_950_length_14523_cov_54.903304	1	14523	2740	14247	98.0996	27.736	35.4	30.6
MV-4128_S29__NODE_402_length_14521_cov_27.690377	1	14521	1020	14434	99.4009	10.3442	35.5	42
MV-4125_S18__NODE_699_length_14504_cov_25.586061	1	14504	1579	14361	99.0141	16.0713	35.4	1.99
MV-4128_S29__NODE_403_length_14503_cov_21.960064	1	14503	788	13987	96.4421	8.02117	35.5	29.7
MV-4122_S12__NODE_952_length_14475_cov_49.687101	1	14475	1644	14433	99.7098	16.7132	35.5	1.02
cell-4125-0-44_S16__NODE_27_length_14471_cov_10.552511	1	14471	2349	14471	100	23.8637	35.5	25.1
MV-4128_S29__NODE_404_length_14466_cov_26.642426	1	14466	835	14102	97.4838	8.47311	35.5	29.1
MV-4122_S12__NODE_953_length_14459_cov_11.942933	1	14459	445	13089	90.5249	4.48302	35.7	40.7
MV-4128_S29__NODE_405_length_14459_cov_20.019994	1	14459	739	14110	97.5863	7.49284	35.5	30
MV-4122_S12__NODE_954_length_14458_cov_30.502812	1	14458	908	13991	96.77	9.30129	35.6	41.8
MV-4122_S12__NODE_955_length_14429_cov_12.971615	1	14429	415	12713	88.1073	4.25019	35.6	41.7
MV-4122_S12__NODE_956_length_14424_cov_10.083513	1	14424	112	8157	56.5516	1.1406	35.7	42
MV-4128_S29__NODE_406_length_14419_cov_35.144598	1	14419	1361	13402	92.9468	13.7243	35.5	40.5
MV-4122_S12__NODE_957_length_14417_cov_22.466927	1	14417	845	14035	97.3504	8.61643	35.5	41.8
cell-4125-0-44_S16__NODE_28_length_14396_cov_9.277317	1	14396	2177	14009	97.3118	22.2245	35.5	24.6
MV-4125_S18__NODE_703_length_14382_cov_27.038040	1	14382	3315	14334	99.6662	34.1139	35.5	24.7
MV-4128_S29__NODE_407_length_14378_cov_24.126161	1	14378	686	13930	96.8841	7.0628	35.6	24.6
MV-4125_S18__NODE_704_length_14377_cov_71.901829	1	14377	6104	14340	99.7426	62.4922	35.5	15.7
MV-4125_S18__NODE_705_length_14365_cov_31.079175	1	14365	4866	14365	100	49.2692	35.4	42
MV-4122_S12__NODE_959_length_14358_cov_14.241628	1	14358	94	6507	45.3197	0.966291	35.6	42
MV-4128_S29__NODE_408_length_14353_cov_24.218282	1	14353	763	13903	96.8648	7.80868	35.5	41.9
MV-4122_S12__NODE_960_length_14350_cov_48.197412	1	14350	1967	14315	99.7561	20.1731	35.5	18.3
MV-4122_S12__NODE_961_length_14345_cov_26.415955	1	14345	724	13663	95.2457	7.41582	35.4	41.6
cell-4125-0-44_S16__NODE_29_length_14344_cov_8.461404	1	14344	1623	14104	98.3268	16.7197	35.4	17.7
MV-4122_S12__NODE_963_length_14338_cov_82.043338	1	14338	1295	13711	95.627	13.1904	35.4	1.73
MV-4128_S29__NODE_410_length_14332_cov_19.004273	1	14332	852	13971	97.4812	8.7978	35.5	39.8
MV-4122_S12__NODE_964_length_14311_cov_12.796857	1	14311	384	12444	86.9541	3.9506	35.7	41.7
MV-4128_S29__NODE_411_length_14309_cov_16.962537	1	14309	724	13475	94.1715	7.43993	35.6	41.9
MV-4125_S18__NODE_709_length_14308_cov_7.950326	1	14308	1217	14308	100	12.5442	35.5	41.1
cell-4125-0-44_S16__NODE_30_length_14304_cov_10.366201	1	14304	2156	14136	98.8255	22.2348	35.5	21.7
MV-4122_S12__NODE_965_length_14303_cov_12.641072	1	14303	393	13170	92.0786	4.07998	35.5	41.8
MV-4122_S12__NODE_966_length_14302_cov_72.704710	1	14302	1235	14169	99.0701	12.6566	35.6	3.76
MV-4122_S12__NODE_967_length_14299_cov_53.229430	1	14299	8	1015	7.0984	0.0844814	35.2	42
MV-4128_S29__NODE_413_length_14291_cov_27.331413	1	14291	894	14142	98.9574	9.18956	35.5	41.9
MV-4125_S18__NODE_713_length_14286_cov_15.422950	1	14286	2407	14286	100	24.5528	35.4	42
MV-4128_S29__NODE_414_length_14281_cov_18.583017	1	14281	1891	14181	99.2998	19.3527	35.5	10.5
cell-4125-0-44_S16__NODE_31_length_14279_cov_8.300197	1	14279	1632	14135	98.9915	16.5958	35.5	25.4
MV-4125_S18__NODE_714_length_14274_cov_32.326324	1	14274	5017	14274	100	51.3066	35.5	42
MV-4122_S12__NODE_969_length_14264_cov_37.553382	1	14264	1252	13902	97.4621	12.9731	35.5	24.2
MV-4125_S18__NODE_716_length_14264_cov_27.713632	1	14264	3872	14255	99.9369	39.8966	35.5	40.7
MV-4128_S29__NODE_415_length_14263_cov_12.488668	1	14263	501	13215	92.6523	5.07979	35.5	41.9
MV-4122_S12__NODE_970_length_14261_cov_24.980783	1	14261	854	13605	95.4	8.84216	35.5	42
MV-4128_S29__NODE_416_length_14261_cov_27.649374	1	14261	890	14054	98.5485	9.26513	35.5	42
MV-4125_S18__NODE_717_length_14259_cov_34.057941	1	14259	5289	14251	99.9439	54.0853	35.4	42
cell-4125-0-44_S16__NODE_32_length_14247_cov_10.468926	1	14247	2975	14195	99.635	30.705	35.5	26.5
MV-4125_S18__NODE_719_length_14232_cov_6.667419	1	14232	1016	14232	100	10.5493	35.6	41.9
MV-4122_S12__NODE_972_length_14227_cov_24.091871	1	14227	715	13699	96.2887	7.39566	35.5	30.2
MV-4128_S29__NODE_417_length_14223_cov_14.035503	1	14223	497	12671	89.0881	5.10806	35.4	41.8
MV-4122_S12__NODE_973_length_14218_cov_28.107039	1	14218	4205	14100	99.1701	43.3536	35.4	1
MV-4122_S12__NODE_975_length_14213_cov_11.003743	1	14213	188	10337	72.7292	1.94484	35.5	41.8
MV-4122_S12__NODE_976_length_14201_cov_47.420048	1	14201	8	821	5.78128	0.0828111	35.8	42
MV-4128_S29__NODE_418_length_14198_cov_13.998657	1	14198	599	13528	95.281	6.21292	35.4	42
MV-4122_S12__NODE_977_length_14189_cov_58.169450	1	14189	1993	14029	98.8724	20.617	35.4	13.6
MV-4122_S12__NODE_978_length_14189_cov_10.078959	1	14189	84	5733	40.4045	0.86708	35.2	42
MV-4122_S12__NODE_980_length_14175_cov_27.854178	1	14175	1062	13840	97.6367	11.044	35.5	30.4
MV-4122_S12__NODE_981_length_14170_cov_25.369961	1	14170	871	13589	95.8998	9.1199	35.4	42
MV-4122_S12__NODE_982_length_14169_cov_65.398115	1	14169	1641	13997	98.7861	16.986	35.5	23.5
MV-4122_S12__NODE_983_length_14164_cov_8.258913	1	14164	87	5760	40.6665	0.898546	35.6	41.8
MV-4122_S12__NODE_985_length_14149_cov_73.931886	1	14149	2244	14115	99.7597	23.2661	35.5	23.8
MV-4125_S18__NODE_723_length_14135_cov_23.989844	1	14135	2478	14113	99.8444	25.812	35.5	21.1
MV-4122_S12__NODE_986_length_14134_cov_12.305419	1	14134	87	6877	48.6557	0.91616	35.3	41.5
MV-4122_S12__NODE_987_length_14117_cov_23.724577	1	14117	6465	14073	99.6883	66.9483	35.4	39.1
MV-4125_S18__NODE_724_length_14115_cov_6.988620	1	14115	1046	14078	99.7379	10.9452	35.5	41.9
cell-4125-0-44_S16__NODE_33_length_14104_cov_10.062994	1	14104	1385	13922	98.7096	14.5384	35.6	4.91
MV-4122_S12__NODE_988_length_14100_cov_64.840085	1	14100	1093	13827	98.0638	11.3674	35.5	9.03
MV-4122_S12__NODE_989_length_14095_cov_10.716524	1	14095	305	12168	86.3285	3.18517	35.5	40.7
MV-4125_S18__NODE_725_length_14076_cov_250.955923	1	14076	38065	14076	100	396.84	35.5	41.9
MV-4122_S12__NODE_990_length_14059_cov_11.302057	1	14059	94	7121	50.6508	0.978804	35.8	42
MV-4122_S12__NODE_991_length_14048_cov_25.922747	1	14048	809	13703	97.5441	8.37977	35.6	42
MV-4122_S12__NODE_992_length_14044_cov_50.138823	1	14044	3026	13991	99.6226	31.3304	35.5	42
MV-4128_S29__NODE_420_length_14037_cov_14.699971	1	14037	630	13447	95.7968	6.56971	35.5	41.9
MV-4128_S29__NODE_421_length_14030_cov_24.098891	1	14030	806	13095	93.3357	8.47384	35.4	22.5
MV-4122_S12__NODE_994_length_14023_cov_26.652348	1	14023	781	13282	94.7158	8.19126	35.4	41.5
MV-4122_S12__NODE_995_length_14021_cov_12.453888	1	14021	67	5205	37.1229	0.694173	35.2	41.7
MV-4128_S29__NODE_422_length_14021_cov_8.233710	1	14021	16	1832	13.0661	0.172313	35.5	42
MV-4125_S18__NODE_729_length_14002_cov_29.195383	1	14002	4457	14002	100	46.3616	35.5	42
cell-4125-0-44_S16__NODE_34_length_13996_cov_10.299763	1	13996	2483	13968	99.7999	26.1495	35.4	24.1
MV-4122_S12__NODE_996_length_13986_cov_70.693776	1	13986	1257	13433	96.046	13.2206	35.5	9.68
cell-4125-0-44_S16__NODE_35_length_13972_cov_9.611626	1	13972	2186	13747	98.3896	23.1117	35.5	29.2
MV-4122_S12__NODE_998_length_13971_cov_12.110808	1	13971	91	6170	44.1629	0.957054	35.4	39.9
MV-4125_S18__NODE_730_length_13955_cov_49.059281	1	13955	6033	13954	99.9928	63.2051	35.4	31.6
MV-4125_S18__NODE_731_length_13955_cov_17.149568	1	13955	2656	13955	100	27.3609	35.4	41.9
MV-4125_S18__NODE_732_length_13952_cov_22.756062	1	13952	1740	13777	98.7457	18.3587	35.5	7.92
MV-4125_S18__NODE_733_length_13949_cov_6.779545	1	13949	1017	13949	100	10.7091	35.5	42
MV-4125_S18__NODE_734_length_13947_cov_17.848834	1	13947	2437	13944	99.9785	25.6725	35.5	33.6
MV-4125_S18__NODE_736_length_13926_cov_25.203951	1	13926	3875	13926	100	40.1738	35.4	41.9
MV-4128_S29__NODE_423_length_13925_cov_14.008219	1	13925	631	13448	96.5745	6.63583	35.3	41.9
MV-4122_S12__NODE_1001_length_13912_cov_71.115682	1	13912	1673	13855	99.5903	17.6007	35.5	27.8
MV-4125_S18__NODE_738_length_13912_cov_5.902865	1	13912	882	13912	100	9.35969	35.4	41.9
MV-4122_S12__NODE_1005_length_13901_cov_24.856998	1	13901	768	13301	95.6838	8.20416	35.5	41.7
MV-4128_S29__NODE_424_length_13886_cov_16.456945	1	13886	642	13135	94.5917	6.8003	35.3	34.3
MV-4122_S12__NODE_1006_length_13881_cov_23.992912	1	13881	782	13589	97.8964	8.33189	35.6	41.9
MV-4125_S18__NODE_740_length_13876_cov_18.903553	1	13876	2901	13876	100	30.2421	35.4	42
MV-4122_S12__NODE_1007_length_13868_cov_8.435170	1	13868	147	8684	62.619	1.57896	35.7	42
MV-4128_S29__NODE_425_length_13861_cov_20.384108	1	13861	900	13583	97.9944	9.51778	35.5	41.3
MV-4125_S18__NODE_742_length_13854_cov_20.201826	1	13854	3090	13854	100	32.2274	35.4	41.9
MV-4125_S18__NODE_743_length_13852_cov_20.831558	1	13852	3176	13852	100	33.182	35.5	41.9
MV-4122_S12__NODE_1009_length_13847_cov_13.822506	1	13847	119	8554	61.7751	1.26504	35.6	42
MV-4122_S12__NODE_1011_length_13832_cov_12.890905	1	13832	100	6398	46.2551	1.05263	35.5	42
MV-4125_S18__NODE_744_length_13818_cov_20.833103	1	13818	3196	13818	100	33.2879	35.4	42
MV-4122_S12__NODE_1013_length_13811_cov_235.286566	1	13811	10714	13789	99.8407	114.169	35.5	41.5
MV-4122_S12__NODE_1014_length_13807_cov_9.782359	1	13807	79	5539	40.1173	0.823713	35.6	42
MV-4122_S12__NODE_1015_length_13802_cov_12.568342	1	13802	368	12617	91.4143	3.92784	35.6	41.4
MV-4122_S12__NODE_1016_length_13796_cov_19.406666	1	13796	919	12932	93.7373	9.76254	35.5	41.8
MV-4128_S29__NODE_427_length_13785_cov_23.777349	1	13785	680	13127	95.2267	7.214	35.6	28.1
MV-4128_S29__NODE_428_length_13783_cov_12.705638	1	13783	556	12995	94.2828	5.88841	35.4	42
MV-4122_S12__NODE_1017_length_13782_cov_7.883733	1	13782	82	5699	41.351	0.898418	35.5	41.5
MV-4122_S12__NODE_1018_length_13770_cov_149.572731	1	13770	2638	13626	98.9542	28.324	35.5	41.9
MV-4128_S29__NODE_429_length_13766_cov_24.397199	1	13766	779	13146	95.4961	8.31803	35.4	42
MV-4125_S18__NODE_748_length_13752_cov_8.727459	1	13752	1290	13752	100	13.8597	35.5	41.3
MV-4122_S12__NODE_1019_length_13747_cov_8.391469	1	13747	326	11583	84.2584	3.48265	35.3	6.53
MV-4125_S18__NODE_749_length_13730_cov_27.501060	1	13730	4136	13730	100	43.7085	35.4	41.9
MV-4125_S18__NODE_750_length_13719_cov_22.185817	1	13719	3364	13718	99.9927	35.3618	35.5	41.9
MV-4125_S18__NODE_752_length_13719_cov_7.172717	1	13719	1050	13719	100	11.3337	35.3	41.9
MV-4122_S12__NODE_1020_length_13716_cov_28.248957	1	13716	795	13182	96.1067	8.51101	35.5	41.9
MV-4122_S12__NODE_1021_length_13714_cov_21.167509	1	13714	821	13037	95.0634	8.74945	35.5	32.7
MV-4125_S18__NODE_753_length_13711_cov_7.581429	1	13711	1116	13711	100	12.014	35.6	42
MV-4125_S18__NODE_754_length_13698_cov_20.319578	1	13698	1529	13376	97.6493	16.395	35.5	1.78
MV-4128_S29__NODE_430_length_13697_cov_13.122123	1	13697	509	12020	87.7564	5.37337	35.4	42
MV-4128_S29__NODE_431_length_13692_cov_28.453252	1	13692	937	13326	97.3269	10.0496	35.5	41.9
MV-4125_S18__NODE_755_length_13690_cov_6.027356	1	13690	457	13418	98.0131	4.95332	35.4	1.48
MV-4122_S12__NODE_1024_length_13682_cov_11.978352	1	13682	90	5845	42.7204	0.958924	35.5	42
MV-4122_S12__NODE_1026_length_13670_cov_72.964745	1	13670	1047	13518	98.8881	11.2385	35.6	7.52
MV-4122_S12__NODE_1027_length_13669_cov_31.145071	1	13669	859	13164	96.3055	9.27946	35.6	42
MV-4122_S12__NODE_1028_length_13663_cov_24.009553	1	13663	783	13369	97.8482	8.44705	35.5	41.9
MV-4125_S18__NODE_758_length_13651_cov_21.059797	1	13651	3092	13638	99.9048	33.175	35.5	41.7
MV-4125_S18__NODE_760_length_13646_cov_29.258038	1	13646	4375	13646	100	46.6595	35.5	42
MV-4125_S18__NODE_762_length_13634_cov_23.465130	1	13634	2128	13615	99.8606	23.0589	35.4	21.1
MV-4125_S18__NODE_763_length_13631_cov_22.590012	1	13631	3371	13588	99.6845	35.9367	35.5	41.9
MV-4125_S18__NODE_764_length_13631_cov_17.162345	1	13631	2520	13631	100	27.1061	35.5	42
MV-4128_S29__NODE_432_length_13631_cov_29.178845	1	13631	3933	13461	98.7528	41.8371	35.4	40.9
MV-4125_S18__NODE_765_length_13625_cov_25.559764	1	13625	3694	13625	100	39.8572	35.4	41.4
MV-4122_S12__NODE_1030_length_13620_cov_11.842978	1	13620	74	4749	34.8678	0.757122	35.6	42
MV-4128_S29__NODE_433_length_13605_cov_26.973727	1	13605	795	13255	97.4274	8.66872	35.5	42
MV-4122_S12__NODE_1034_length_13598_cov_10.504910	1	13598	60	4714	34.6669	0.653331	35.6	42
MV-4122_S12__NODE_1035_length_13593_cov_20.630300	1	13593	606	12598	92.6801	6.56993	35.5	41.9
MV-4122_S12__NODE_1036_length_13588_cov_12.182443	1	13588	394	12623	92.8981	4.29313	35.5	41
MV-4122_S12__NODE_1038_length_13577_cov_65.513829	1	13577	2250	13413	98.7921	24.3047	35.4	42
MV-4125_S18__NODE_766_length_13575_cov_22.272115	1	13575	3328	13575	100	35.5027	35.4	42
MV-4128_S29__NODE_434_length_13573_cov_30.315949	1	13573	941	13181	97.1119	10.1569	35.5	42
MV-4125_S18__NODE_767_length_13570_cov_21.910766	1	13570	3240	13570	100	34.8338	35.5	42
MV-4125_S18__NODE_768_length_13563_cov_28.027465	1	13563	4038	13553	99.9263	44.0407	35.5	41.8
cell-4125-0-44_S16__NODE_36_length_13559_cov_12.248963	1	13559	2998	13501	99.5722	32.6307	35.5	23.6
MV-4122_S12__NODE_1039_length_13557_cov_95.165605	1	13557	1622	13250	97.7355	17.2945	35.4	42
MV-4125_S18__NODE_769_length_13557_cov_19.355577	1	13557	2884	13557	100	30.8506	35.5	42
MV-4128_S29__NODE_435_length_13531_cov_16.288736	1	13531	627	12956	95.7505	6.7641	35.4	42
MV-4122_S12__NODE_1040_length_13529_cov_59.973653	1	13529	2680	13254	97.9673	28.8325	35.4	0.999
MV-4128_S29__NODE_436_length_13520_cov_23.608838	1	13520	581	12640	93.4911	6.25481	35.4	42
cell-4122-0-44_S10__NODE_122_length_13520_cov_40.768288	1	13520	2	302	2.23373	0.0223373	34	42
MV-4125_S18__NODE_773_length_13516_cov_8.063443	1	13516	1153	13516	100	12.6778	35.4	41.9
MV-4125_S18__NODE_777_length_13478_cov_7.462639	1	13478	1075	13478	100	11.807	35.4	42
MV-4125_S18__NODE_778_length_13472_cov_23.844749	1	13472	1266	13227	98.1814	13.8837	35.5	1.39
MV-4125_S18__NODE_779_length_13465_cov_20.960030	1	13465	3093	13459	99.9554	33.3615	35.3	42
MV-4128_S29__NODE_437_length_13460_cov_12.488922	1	13460	483	12743	94.6731	5.20082	35.5	41.5
MV-4122_S12__NODE_1042_length_13446_cov_5.198790	1	13446	18	1787	13.2902	0.197233	35.4	42
MV-4125_S18__NODE_780_length_13446_cov_22.127548	1	13446	3293	13446	100	35.2789	35.4	41.9
MV-4125_S18__NODE_781_length_13417_cov_19.430400	1	13417	2397	13417	100	26.1825	35.5	35
MV-4122_S12__NODE_1044_length_13416_cov_59.785345	1	13416	3238	13380	99.7317	35.543	35.5	35
MV-4122_S12__NODE_1045_length_13415_cov_32.103743	1	13415	998	12400	92.4338	11.0116	35.6	41.9
MV-4122_S12__NODE_1046_length_13408_cov_80.089119	1	13408	993	12906	96.256	10.8869	35.5	0.996
MV-4128_S29__NODE_438_length_13406_cov_16.790802	1	13406	2758	13326	99.4033	29.9667	35.4	41.8
MV-4122_S12__NODE_1047_length_13382_cov_11.962407	1	13382	360	11946	89.2692	3.97056	35.4	39.8
MV-4122_S12__NODE_1048_length_13380_cov_22.552345	1	13380	659	12701	94.9253	7.26181	35.5	41.9
cell-4122-0-44_S10__NODE_125_length_13376_cov_612.034757	1	13376	3	364	2.72129	0.0338666	34.5	28.7
MV-4122_S12__NODE_1049_length_13375_cov_8.685210	1	13375	61	5141	38.4374	0.659664	35.3	41.4
MV-4128_S29__NODE_440_length_13370_cov_14.716110	1	13370	2510	13341	99.7831	27.368	35.5	42
MV-4122_S12__NODE_1051_length_13360_cov_59.537918	1	13360	3342	13286	99.4461	36.8368	35.5	41.6
MV-4128_S29__NODE_441_length_13358_cov_20.706157	1	13358	559	12782	95.688	6.16507	35.3	21
MV-4122_S12__NODE_1052_length_13355_cov_81.601805	1	13355	1103	12361	92.5571	12.0884	35.6	5.46
MV-4122_S12__NODE_1053_length_13352_cov_21.476348	1	13352	787	13002	97.3787	8.66559	35.5	33.3
MV-4128_S29__NODE_442_length_13350_cov_25.635051	1	13350	1039	12989	97.2959	11.4186	35.5	27.6
MV-4122_S12__NODE_1055_length_13344_cov_52.694710	1	13344	1331	13188	98.8309	14.5927	35.4	27.2
MV-4122_S12__NODE_1056_length_13331_cov_9.739831	1	13331	76	5315	39.8695	0.831145	35.6	42
MV-4128_S29__NODE_443_length_13329_cov_24.689543	1	13329	739	13132	98.522	8.23865	35.4	41.9
MV-4122_S12__NODE_1057_length_13322_cov_33.722394	1	13322	2	249	1.86909	0.0226693	36.1	42
MV-4122_S12__NODE_1059_length_13317_cov_11.812095	1	13317	310	11706	87.9027	3.45686	35.3	41.1
MV-4122_S12__NODE_1060_length_13313_cov_24.874717	1	13313	6099	13296	99.8723	66.8193	35.4	35.4
MV-4122_S12__NODE_1061_length_13271_cov_7.887182	1	13271	60	4737	35.6944	0.66943	35.7	42
MV-4122_S12__NODE_1062_length_13265_cov_23.742014	1	13265	737	12771	96.2759	8.25571	35.4	41.9
MV-4125_S18__NODE_790_length_13261_cov_6.936165	1	13261	980	13261	100	10.9306	35.5	42
MV-4125_S18__NODE_791_length_13231_cov_21.941560	1	13231	3116	13231	100	34.6357	35.5	41.9
MV-4122_S12__NODE_1063_length_13229_cov_71.761272	1	13229	1175	12904	97.5433	13.0333	35.4	11.5
MV-4128_S29__NODE_444_length_13216_cov_15.623661	1	13216	545	12532	94.8245	6.01786	35.5	42
MV-4122_S12__NODE_1064_length_13214_cov_12.328444	1	13214	111	6714	50.8097	1.21122	35.4	42
MV-4122_S12__NODE_1065_length_13211_cov_11.595242	1	13211	336	12069	91.3557	3.74234	35.6	41.9
MV-4128_S29__NODE_445_length_13211_cov_17.078747	1	13211	737	12912	97.7367	8.20839	35.5	42
MV-4125_S18__NODE_793_length_13205_cov_21.530646	1	13205	1475	13070	98.9777	16.3827	35.5	13.1
MV-4125_S18__NODE_794_length_13204_cov_7.339417	1	13204	1033	13204	100	11.5382	35.4	41.9
MV-4122_S12__NODE_1066_length_13195_cov_9.719863	1	13195	66	5169	39.1739	0.731641	35.3	42
cell-4125-0-44_S16__NODE_39_length_13195_cov_10.382192	1	13195	2125	12941	98.075	23.6365	35.5	21.5
MV-4122_S12__NODE_1067_length_13189_cov_10.451348	1	13189	62	5134	38.9264	0.687543	35.7	42
MV-4122_S12__NODE_1068_length_13175_cov_12.650152	1	13175	94	6323	47.9924	1.03157	35.6	42
MV-4122_S12__NODE_1069_length_13171_cov_36.742986	1	13171	2612	13051	99.0889	29.1457	35.5	42
MV-4125_S18__NODE_796_length_13160_cov_7.244105	1	13160	1026	13160	100	11.497	35.4	41.9
MV-4125_S18__NODE_797_length_13154_cov_29.691121	1	13154	4260	13154	100	47.184	35.4	41.9
MV-4125_S18__NODE_798_length_13149_cov_26.651978	1	13149	3787	13149	100	42.0929	35.5	42
MV-4122_S12__NODE_1072_length_13141_cov_26.541571	1	13141	780	12720	96.7963	8.68526	35.3	41.9
MV-4125_S18__NODE_800_length_13135_cov_28.321865	1	13135	4002	13135	100	44.7249	35.5	41.5
MV-4128_S29__NODE_446_length_13127_cov_16.190254	1	13127	626	12508	95.2845	7.01463	35.5	41.8
MV-4125_S18__NODE_801_length_13126_cov_22.861602	1	13126	2928	13126	100	32.6124	35.5	40.2
MV-4122_S12__NODE_1074_length_13113_cov_26.652627	1	13113	6	578	4.40784	0.0675665	36.1	42
MV-4128_S29__NODE_447_length_13112_cov_12.965076	1	13112	506	11963	91.237	5.62569	35.6	42
MV-4128_S29__NODE_448_length_13107_cov_14.095694	1	13107	506	11948	91.1574	5.63066	35.5	42
MV-4125_S18__NODE_803_length_13105_cov_27.961762	1	13105	3997	13105	100	44.3076	35.5	42
MV-4125_S18__NODE_805_length_13099_cov_23.643898	1	13099	3233	13097	99.9847	36.1989	35.5	38.4
MV-4128_S29__NODE_449_length_13094_cov_28.003605	1	13094	703	12493	95.4101	7.8581	35.5	27
MV-4122_S12__NODE_1076_length_13090_cov_10.651937	1	13090	101	6225	47.5554	1.144	35.4	42
MV-4128_S29__NODE_450_length_13079_cov_12.067030	1	13079	524	12283	93.9139	5.86689	35.4	41.9
MV-4128_S29__NODE_451_length_13071_cov_27.968423	1	13071	775	12543	95.9605	8.73391	35.5	42
MV-4128_S29__NODE_452_length_13068_cov_24.773380	1	13068	675	12570	96.1892	7.58211	35.5	23.4
MV-4128_S29__NODE_453_length_13066_cov_20.865422	1	13066	750	12716	97.3213	8.39377	35.4	39.5
MV-4122_S12__NODE_1078_length_13061_cov_10.627941	1	13061	101	7344	56.2285	1.12748	35.4	40.5
MV-4125_S18__NODE_808_length_13061_cov_23.918345	1	13061	3421	13061	100	37.9121	35.4	41.8
MV-4125_S18__NODE_809_length_13058_cov_6.951550	1	13058	972	13058	100	10.9722	35.5	41.9
MV-4128_S29__NODE_454_length_13057_cov_14.546147	1	13057	613	12364	94.6925	6.87654	35.4	42
MV-4122_S12__NODE_1079_length_13037_cov_30.563704	1	13037	4	233	1.78722	0.0357444	36.1	40
MV-4128_S29__NODE_455_length_13030_cov_23.573410	1	13030	708	12387	95.0652	8.03753	35.4	42
MV-4122_S12__NODE_1081_length_13029_cov_68.679667	1	13029	2194	12869	98.772	24.7354	35.5	41.6
MV-4122_S12__NODE_1082_length_13017_cov_189.893921	1	13017	8225	13000	99.8694	92.9225	35.5	41.2
MV-4125_S18__NODE_810_length_13017_cov_23.951628	1	13017	3347	12992	99.8079	37.7555	35.5	41.8
MV-4125_S18__NODE_811_length_12985_cov_25.036195	1	12985	3556	12962	99.8229	39.6236	35.4	42
MV-4125_S18__NODE_814_length_12964_cov_8.637927	1	12964	587	12314	94.9861	6.66106	35.4	2.36
MV-4128_S29__NODE_456_length_12964_cov_12.526687	1	12964	520	11850	91.407	5.83686	35.4	42
MV-4128_S29__NODE_457_length_12956_cov_25.914968	1	12956	806	12462	96.1871	9.20408	35.5	42
cell-4125-0-44_S16__NODE_40_length_12954_cov_10.670129	1	12954	2317	12825	99.0042	26.3302	35.5	21.7
MV-4125_S18__NODE_815_length_12933_cov_52.590309	1	12933	5308	12891	99.6752	59.9599	35.4	26.4
cell-4125-0-44_S16__NODE_41_length_12930_cov_7.914563	1	12930	2	176	1.36118	0.0233565	34.9	42
MV-4125_S18__NODE_817_length_12916_cov_18.925822	1	12916	1162	12856	99.5355	13.1157	35.5	8.31
MV-4122_S12__NODE_1084_length_12915_cov_13.032193	1	12915	336	11443	88.6024	3.87387	35.5	41.8
MV-4122_S12__NODE_1085_length_12908_cov_45.355014	1	12908	2524	12769	98.9231	28.6703	35.6	39.3
MV-4122_S12__NODE_1086_length_12884_cov_47.864915	1	12884	2042	12822	99.5188	23.2041	35.5	0.999
cell-4122-0-44_S10__NODE_133_length_12879_cov_772.161650	1	12879	2	302	2.3449	0.023449	35.8	42
MV-4122_S12__NODE_1087_length_12875_cov_7.929563	1	12875	66	5267	40.9087	0.747495	35.2	42
MV-4125_S18__NODE_821_length_12869_cov_20.621664	1	12869	1913	12854	99.8834	21.7383	35.5	18
MV-4122_S12__NODE_1088_length_12867_cov_18.100375	1	12867	786	12634	98.1892	8.96681	35.4	41.7
MV-4122_S12__NODE_1089_length_12858_cov_43.578692	1	12858	874	12747	99.1367	9.98032	35.5	30.2
MV-4125_S18__NODE_822_length_12857_cov_7.627168	1	12857	1039	12833	99.8133	11.9886	35.5	42
MV-4128_S29__NODE_458_length_12852_cov_20.886380	1	12852	649	12139	94.4522	7.45191	35.5	29
MV-4122_S12__NODE_1090_length_12839_cov_23.089096	1	12839	728	12333	96.0589	8.32869	35.5	41.9
cell-4125-0-44_S16__NODE_42_length_12836_cov_10.460762	1	12836	1499	12406	96.65	17.144	35.5	4.93
MV-4125_S18__NODE_825_length_12825_cov_23.940094	1	12825	1682	12767	99.5478	19.2749	35.5	2.32
MV-4125_S18__NODE_827_length_12804_cov_15.293278	1	12804	2163	12803	99.9922	24.3643	35.3	41.7
MV-4125_S18__NODE_828_length_12796_cov_25.031944	1	12796	3494	12742	99.578	39.6629	35.4	41.9
MV-4125_S18__NODE_830_length_12788_cov_26.355611	1	12788	3609	12788	100	41.5579	35.5	41.9
MV-4125_S18__NODE_831_length_12767_cov_7.868235	1	12767	1071	12767	100	12.4507	35.4	41.9
MV-4128_S29__NODE_459_length_12764_cov_23.376584	1	12764	1487	12619	98.864	17.0814	35.6	6.72
MV-4122_S12__NODE_1091_length_12756_cov_12.309424	1	12756	92	6419	50.3214	1.04923	35.3	42
MV-4122_S12__NODE_1092_length_12750_cov_97.691768	1	12750	1310	12611	98.9098	14.7795	35.4	40.6
MV-4125_S18__NODE_833_length_12739_cov_483.733917	1	12739	65990	12739	100	763.743	35.5	41.6
MV-4128_S29__NODE_460_length_12739_cov_45.182592	1	12739	1763	12530	98.3594	20.2465	35.4	41.9
MV-4125_S18__NODE_834_length_12738_cov_20.372388	1	12738	2746	12738	100	31.7888	35.5	41.4
MV-4128_S29__NODE_462_length_12738_cov_16.021525	1	12738	576	12116	95.117	6.56673	35.5	39.2
MV-4125_S18__NODE_835_length_12737_cov_5.625848	1	12737	787	12737	100	8.96765	35.5	41.9
MV-4122_S12__NODE_1093_length_12735_cov_28.887618	1	12735	828	12396	97.338	9.57786	35.6	41.9
MV-4122_S12__NODE_1094_length_12724_cov_65.429710	1	12724	1712	12665	99.5363	19.8592	35.5	0.996
cell-4125-0-44_S16__NODE_44_length_12724_cov_10.204989	1	12724	2151	12348	97.045	24.8865	35.5	25.2
MV-4128_S29__NODE_463_length_12722_cov_28.817005	1	12722	693	12449	97.8541	8.05156	35.5	42
MV-4122_S12__NODE_1095_length_12717_cov_11.278234	1	12717	91	5677	44.641	1.0324	35.6	41.9
cell-4125-0-44_S16__NODE_45_length_12714_cov_9.676989	1	12714	1724	12645	99.4573	20.0694	35.5	24
MV-4122_S12__NODE_1096_length_12711_cov_22.794406	1	12711	661	12043	94.7447	7.62812	35.4	41.8
MV-4125_S18__NODE_837_length_12705_cov_9.112727	1	12705	1229	12705	100	14.3604	35.6	42
MV-4128_S29__NODE_465_length_12683_cov_26.800998	1	12683	809	12417	97.9027	9.44138	35.5	41.9
MV-4122_S12__NODE_1097_length_12676_cov_28.819269	1	12676	892	12390	97.7438	10.3512	35.5	42
MV-4125_S18__NODE_840_length_12666_cov_31.116089	1	12666	3852	12666	100	44.5849	35.4	39.3
MV-4128_S29__NODE_466_length_12654_cov_15.498373	1	12654	559	11105	87.7588	6.44792	35.5	42
MV-4125_S18__NODE_844_length_12630_cov_17.715706	1	12630	1301	12436	98.464	15.0534	35.5	13.9
MV-4122_S12__NODE_1098_length_12629_cov_49.337204	1	12629	2139	12327	97.6087	24.8454	35.5	32.3
MV-4122_S12__NODE_1099_length_12609_cov_64.152222	1	12609	2	177	1.40376	0.0239511	36.5	42
MV-4128_S29__NODE_467_length_12606_cov_8.237670	1	12606	8	887	7.03633	0.0958274	33.8	42
MV-4122_S12__NODE_1100_length_12602_cov_28.188252	1	12602	721	12104	96.0482	8.41827	35.4	40
MV-4122_S12__NODE_1101_length_12595_cov_9.797368	1	12595	92	6381	50.663	1.08567	35.4	42
MV-4128_S29__NODE_468_length_12594_cov_13.530824	1	12594	549	11573	91.893	6.32936	35.5	41.9
MV-4122_S12__NODE_1102_length_12588_cov_23.020665	1	12588	627	11617	92.2863	7.31157	35.4	42
MV-4128_S29__NODE_469_length_12575_cov_24.081550	1	12575	649	12346	98.1789	7.58378	35.5	26.7
MV-4122_S12__NODE_1106_length_12566_cov_10.365279	1	12566	110	6611	52.6102	1.27948	35.3	42
MV-4125_S18__NODE_846_length_12560_cov_22.803599	1	12560	2932	12535	99.801	34.4081	35.5	40.7
MV-4125_S18__NODE_847_length_12557_cov_18.512318	1	12557	1056	12491	99.4744	12.3616	35.5	1.64
MV-4125_S18__NODE_848_length_12556_cov_10.932405	1	12556	1497	12556	100	17.3599	35.5	41.9
MV-4125_S18__NODE_849_length_12543_cov_25.670243	1	12543	3445	12527	99.8724	40.455	35.5	41.1
MV-4122_S12__NODE_1109_length_12540_cov_37.235322	1	12540	805	11972	95.4705	9.40335	35.4	22.2
MV-4122_S12__NODE_1110_length_12530_cov_13.287214	1	12530	87	6313	50.3831	1.03216	35.8	41.9
MV-4122_S12__NODE_1111_length_12526_cov_23.793922	1	12526	1106	12217	97.5331	12.9481	35.5	41
MV-4122_S12__NODE_1112_length_12514_cov_23.419215	1	12514	630	11974	95.6848	7.40722	35.5	42
cell-4125-0-44_S16__NODE_46_length_12512_cov_13.275508	1	12512	2	77	0.615409	0.0123082	33	42
MV-4122_S12__NODE_1115_length_12498_cov_10.141124	1	12498	68	5075	40.6065	0.791887	35.6	42
MV-4122_S12__NODE_1116_length_12486_cov_12.612501	1	12486	69	5652	45.2667	0.83013	35.5	42
MV-4122_S12__NODE_1117_length_12482_cov_5.536574	1	12482	12	953	7.63499	0.141804	35.4	42
MV-4122_S12__NODE_1118_length_12477_cov_19.096683	1	12477	576	11974	95.9686	6.83698	35.5	41.9
MV-4128_S29__NODE_471_length_12468_cov_50.257150	1	12468	1519	12155	97.4896	18.1165	35.5	1.17
MV-4122_S12__NODE_1119_length_12467_cov_26.630599	1	12467	747	12085	96.9359	8.80124	35.5	41.9
MV-4125_S18__NODE_852_length_12467_cov_7.937238	1	12467	1065	12467	100	12.6185	35.6	42
MV-4128_S29__NODE_472_length_12453_cov_11.825617	1	12453	446	11249	90.3316	5.22709	35.5	41.9
MV-4122_S12__NODE_1120_length_12446_cov_74.632959	1	12446	1835	12048	96.8022	21.6654	35.5	21.4
MV-4128_S29__NODE_473_length_12428_cov_27.959751	1	12428	485	12040	96.878	5.76304	35.6	18.4
MV-4122_S12__NODE_1123_length_12419_cov_25.465141	1	12419	716	11966	96.3524	8.51019	35.4	13.3
MV-4128_S29__NODE_474_length_12416_cov_27.062697	1	12416	804	12345	99.4282	9.58924	35.4	41.9
MV-4125_S18__NODE_855_length_12413_cov_21.060204	1	12413	2784	12412	99.9919	32.9865	35.4	41.6
MV-4122_S12__NODE_1124_length_12412_cov_26.337299	1	12412	680	12061	97.1721	8.03352	35.6	41.7
MV-4122_S12__NODE_1126_length_12404_cov_33.463762	1	12404	3	296	2.38633	0.0320864	36	24
MV-4128_S29__NODE_475_length_12402_cov_16.027375	1	12402	636	11708	94.4041	7.44993	35.5	41.8
MV-4122_S12__NODE_1127_length_12393_cov_9.676447	1	12393	62	4287	34.5921	0.714274	35.5	42
MV-4128_S29__NODE_476_length_12369_cov_15.895972	1	12369	609	11733	94.8581	7.1638	35.4	41.8
MV-4125_S18__NODE_861_length_12368_cov_28.025014	1	12368	3780	12368	100	44.4065	35.4	41.9
MV-4122_S12__NODE_1129_length_12366_cov_63.915117	1	12366	12	767	6.20249	0.146531	35	42
MV-4125_S18__NODE_864_length_12349_cov_6.127298	1	12349	440	12140	98.3076	5.26124	35.6	1.67
MV-4122_S12__NODE_1130_length_12347_cov_23.880817	1	12347	719	11751	95.1729	8.56597	35.5	41.9
MV-4125_S18__NODE_865_length_12346_cov_6.556586	1	12346	870	12346	100	10.3902	35.5	42
MV-4122_S12__NODE_1132_length_12343_cov_8.579020	1	12343	74	5335	43.2229	0.887953	35.3	42
MV-4122_S12__NODE_1133_length_12340_cov_25.617908	1	12340	643	11983	97.107	7.67123	35.5	41.8
MV-4125_S18__NODE_866_length_12332_cov_29.220819	1	12332	3928	12332	100	46.3736	35.4	41.9
MV-4125_S18__NODE_867_length_12329_cov_21.155451	1	12329	2809	12329	100	33.3383	35.5	41.9
MV-4128_S29__NODE_477_length_12320_cov_13.659845	1	12320	556	11558	93.8149	6.5892	35.5	41.9
MV-4122_S12__NODE_1138_length_12316_cov_12.742191	1	12316	325	11327	91.9698	3.88381	35.5	41.9
MV-4122_S12__NODE_1139_length_12299_cov_23.058151	1	12299	728	11948	97.1461	8.73095	35.5	41.9
MV-4125_S18__NODE_869_length_12299_cov_6.421349	1	12299	845	12299	100	10.15	35.6	41.9
MV-4128_S29__NODE_478_length_12284_cov_22.964102	1	12284	576	11802	96.0762	6.93862	35.5	41.9
MV-4122_S12__NODE_1140_length_12282_cov_10.275129	1	12282	95	6582	53.5906	1.14012	35.3	42
MV-4128_S29__NODE_479_length_12278_cov_15.922278	1	12278	590	11649	94.877	7.04773	35.5	42
MV-4128_S29__NODE_480_length_12258_cov_25.292469	1	12258	1170	12006	97.9442	14.205	35.6	33.4
MV-4128_S29__NODE_481_length_12258_cov_23.084897	1	12258	619	12154	99.1516	7.44167	35.5	26
MV-4125_S18__NODE_873_length_12253_cov_5.783981	1	12253	760	12253	100	9.14919	35.5	42
MV-4125_S18__NODE_874_length_12240_cov_20.592860	1	12240	2712	12240	100	32.5197	35.5	41.7
MV-4128_S29__NODE_482_length_12238_cov_20.545843	1	12238	2398	12098	98.856	28.7853	35.4	28
MV-4122_S12__NODE_1145_length_12237_cov_23.378591	1	12237	643	11864	96.9519	7.74659	35.4	41.9
MV-4122_S12__NODE_1146_length_12227_cov_13.052169	1	12227	338	11336	92.7128	4.09332	35.5	41.7
MV-4125_S18__NODE_875_length_12225_cov_19.085292	1	12225	2603	12225	100	30.545	35.4	41.9
MV-4128_S29__NODE_483_length_12225_cov_24.478718	1	12225	859	11684	95.5746	10.3381	35.5	29.8
MV-4125_S18__NODE_876_length_12222_cov_25.254212	1	12222	3338	12220	99.9836	40.0331	35.5	41.5
MV-4125_S18__NODE_877_length_12221_cov_7.418461	1	12221	974	12221	100	11.7505	35.6	41.9
MV-4125_S18__NODE_878_length_12200_cov_21.787073	1	12200	2927	12200	100	34.7328	35.4	42
MV-4122_S12__NODE_1150_length_12183_cov_9.351006	1	12183	65	4082	33.5057	0.768858	35.5	42
MV-4125_S18__NODE_879_length_12181_cov_21.710045	1	12181	1677	11924	97.8902	20.1891	35.5	16.6
MV-4125_S18__NODE_880_length_12179_cov_7.263362	1	12179	947	12179	100	11.4783	35.6	41.9
MV-4122_S12__NODE_1151_length_12177_cov_24.973519	1	12177	728	11390	93.537	8.81539	35.5	41.9
MV-4122_S12__NODE_1152_length_12177_cov_10.834928	1	12177	313	9835	80.767	3.76784	35.5	41.3
MV-4122_S12__NODE_1153_length_12177_cov_9.458010	1	12177	59	5095	41.8412	0.711423	35.3	41.7
MV-4125_S18__NODE_881_length_12173_cov_30.179898	1	12173	4030	12173	100	47.9838	35.4	41.9
MV-4125_S18__NODE_882_length_12170_cov_6.841106	1	12170	900	12170	100	10.877	35.5	41.9
MV-4122_S12__NODE_1154_length_12166_cov_8.913054	1	12166	84	5197	42.7174	0.997534	35.2	42
MV-4128_S29__NODE_484_length_12165_cov_15.462180	1	12165	558	11432	93.9745	6.72996	35.4	41.9
MV-4122_S12__NODE_1156_length_12154_cov_23.582197	1	12154	632	11462	94.3064	7.64892	35.5	42
MV-4128_S29__NODE_485_length_12154_cov_24.614183	1	12154	623	11812	97.1861	7.60449	35.5	41.6
MV-4128_S29__NODE_486_length_12151_cov_15.603092	1	12151	614	11777	96.9221	7.37421	35.5	41.9
MV-4125_S18__NODE_883_length_12150_cov_21.582141	1	12150	2819	12150	100	34.0857	35.4	41.9
MV-4122_S12__NODE_1157_length_12145_cov_23.433912	1	12145	629	11650	95.9242	7.63944	35.5	42
MV-4122_S12__NODE_1158_length_12131_cov_12.337777	1	12131	78	5143	42.3955	0.938422	35.4	42
MV-4125_S18__NODE_884_length_12131_cov_7.416611	1	12131	964	12131	100	11.7234	35.6	41.9
MV-4122_S12__NODE_1159_length_12129_cov_64.274226	1	12129	644	11779	97.1144	7.806	35.5	0.994
MV-4128_S29__NODE_487_length_12127_cov_26.384940	1	12127	763	11951	98.5487	9.23328	35.5	39.2
cell-4125-0-44_S16__NODE_52_length_12111_cov_11.597462	1	12111	2042	12095	99.8679	24.8794	35.5	22.2
MV-4122_S12__NODE_1161_length_12108_cov_25.019746	1	12108	761	11592	95.7384	9.29006	35.5	41.8
MV-4122_S12__NODE_1162_length_12105_cov_11.331203	1	12105	92	5860	48.4097	1.11805	35.4	42
MV-4122_S12__NODE_1163_length_12104_cov_10.514980	1	12104	259	10016	82.7495	3.07378	35.5	42
MV-4128_S29__NODE_488_length_12100_cov_25.378580	1	12100	755	11837	97.8264	9.2495	35.4	41.9
MV-4125_S18__NODE_885_length_12097_cov_5.720312	1	12097	743	12097	100	9.04009	35.5	42
MV-4128_S29__NODE_489_length_12090_cov_21.613710	1	12090	3055	12058	99.7353	37.0714	35.5	42
MV-4122_S12__NODE_1164_length_12086_cov_71.426897	1	12086	1724	12075	99.909	21.0293	35.5	25.1
MV-4128_S29__NODE_490_length_12084_cov_13.483831	1	12084	501	11230	92.9328	5.99743	35.6	41.9
MV-4125_S18__NODE_886_length_12080_cov_32.730561	1	12080	4269	12054	99.7848	51.5143	35.4	41.9
MV-4125_S18__NODE_888_length_12072_cov_42.182408	1	12072	4488	12057	99.8757	54.1354	35.5	28.9
MV-4125_S18__NODE_889_length_12068_cov_20.756764	1	12068	2791	12068	100	33.3952	35.4	41.7
MV-4125_S18__NODE_890_length_12067_cov_22.579254	1	12067	2922	12067	100	35.5771	35.5	41.2
MV-4122_S12__NODE_1165_length_12060_cov_54.817659	1	12060	1616	11987	99.3947	19.7236	35.4	27.5
MV-4122_S12__NODE_1166_length_12058_cov_12.340998	1	12058	94	6942	57.5717	1.13004	35.2	41.8
cell-4125-0-44_S16__NODE_53_length_12055_cov_11.381917	1	12055	2698	12050	99.9585	32.9161	35.5	29.2
MV-4122_S12__NODE_1167_length_12052_cov_11.027590	1	12052	64	5229	43.387	0.791404	35.6	42
MV-4122_S12__NODE_1168_length_12046_cov_9.363272	1	12046	145	8273	68.6784	1.76806	35.5	41.7
MV-4128_S29__NODE_491_length_12046_cov_26.993829	1	12046	745	11934	99.0702	9.18031	35.6	41.9
MV-4128_S29__NODE_492_length_12045_cov_6.625021	1	12045	2	203	1.68535	0.0250726	36.4	42
MV-4122_S12__NODE_1170_length_12022_cov_9.562463	1	12022	290	10121	84.1873	3.53103	35.5	40.7
MV-4125_S18__NODE_893_length_12020_cov_27.169160	1	12020	3567	12017	99.975	43.1359	35.5	41.9
MV-4128_S29__NODE_493_length_12009_cov_26.696754	1	12009	816	11529	96.003	10.0202	35.5	42
MV-4122_S12__NODE_1173_length_12006_cov_27.564388	1	12006	688	11407	95.0108	8.42454	35.5	41.9
MV-4128_S29__NODE_494_length_12002_cov_25.594208	1	12002	643	11448	95.3841	7.85552	35.4	41.9
cell-4125-0-44_S16__NODE_55_length_12002_cov_10.790324	1	12002	1593	11787	98.2086	19.5787	35.5	19.9
MV-4125_S18__NODE_896_length_11997_cov_15.072517	1	11997	1889	11934	99.4749	23.0893	35.5	40.4
MV-4125_S18__NODE_897_length_11994_cov_17.436385	1	11994	2337	11994	100	27.9662	35.4	41.9
MV-4128_S29__NODE_495_length_11992_cov_28.430510	1	11992	769	11534	96.1808	9.39443	35.5	42
MV-4122_S12__NODE_1175_length_11983_cov_14.067404	1	11983	88	6525	54.4521	1.07844	35.6	42
MV-4122_S12__NODE_1176_length_11979_cov_13.930728	1	11979	359	10054	83.9302	4.36197	35.5	42
MV-4122_S12__NODE_1177_length_11965_cov_11.687070	1	11965	346	10643	88.9511	4.27622	35.6	40.7
MV-4125_S18__NODE_901_length_11957_cov_16.427911	1	11957	2179	11923	99.7156	26.1515	35.4	42
MV-4128_S29__NODE_496_length_11954_cov_16.617867	1	11954	611	11204	93.7259	7.47992	35.5	41.9
MV-4125_S18__NODE_902_length_11939_cov_7.167536	1	11939	921	11939	100	11.3381	35.6	42
MV-4125_S18__NODE_903_length_11933_cov_20.447382	1	11933	1522	11925	99.933	18.7552	35.6	15.3
MV-4122_S12__NODE_1178_length_11929_cov_9.638033	1	11929	52	4167	34.9317	0.643809	35.2	42
MV-4122_S12__NODE_1179_length_11919_cov_27.012222	1	11919	698	11465	96.191	8.64007	35.6	42
MV-4122_S12__NODE_1181_length_11914_cov_43.765916	1	11914	974	11816	99.1774	11.9374	35.5	24.7
MV-4128_S29__NODE_498_length_11911_cov_8.329116	1	11911	8	625	5.24725	0.0889934	35.4	42
MV-4128_S29__NODE_499_length_11906_cov_22.907687	1	11906	537	11472	96.3548	6.65631	35.5	30.7
cell-4125-0-44_S16__NODE_56_length_11902_cov_10.714949	1	11902	2578	11854	99.5967	31.9611	35.5	28.7
MV-4122_S12__NODE_1182_length_11901_cov_29.278575	1	11901	830	11556	97.1011	10.2794	35.6	41.7
MV-4125_S18__NODE_905_length_11883_cov_32.072878	1	11883	4120	11883	100	50.7353	35.4	41.9
MV-4125_S18__NODE_906_length_11879_cov_7.311993	1	11879	930	11879	100	11.5475	35.4	41.9
MV-4125_S18__NODE_907_length_11867_cov_13.678293	1	11867	1763	11867	100	21.6863	35.5	41.8
MV-4125_S18__NODE_908_length_11859_cov_20.423501	1	11859	2665	11859	100	32.5199	35.4	41.9
MV-4122_S12__NODE_1183_length_11855_cov_67.434661	1	11855	6	579	4.88402	0.0745677	35.3	42
MV-4122_S12__NODE_1184_length_11850_cov_7.900212	1	11850	93	6175	52.1097	1.16869	35.3	42
MV-4122_S12__NODE_1186_length_11843_cov_74.952833	1	11843	1211	11414	96.3776	14.9591	35.6	17.7
MV-4125_S18__NODE_909_length_11842_cov_7.474336	1	11842	958	11842	100	11.887	35.4	42
MV-4128_S29__NODE_500_length_11842_cov_16.868669	1	11842	623	11671	98.556	7.61645	35.4	41.3
MV-4128_S29__NODE_501_length_11838_cov_16.675040	1	11838	605	11419	96.4606	7.50845	35.4	42
MV-4128_S29__NODE_502_length_11832_cov_21.683281	1	11832	541	11272	95.2671	6.70597	35.5	22.1
MV-4128_S29__NODE_503_length_11831_cov_13.376698	1	11831	502	10848	91.6913	6.20455	35.4	41.9
MV-4122_S12__NODE_1190_length_11824_cov_12.741694	1	11824	93	6225	52.6472	1.1557	35.4	41.8
MV-4125_S18__NODE_911_length_11816_cov_18.834283	1	11816	2470	11816	100	30.0171	35.4	41.9
cell-4125-0-44_S16__NODE_57_length_11814_cov_11.838167	1	11814	182	7185	60.8177	2.22143	35.7	41.6
MV-4128_S29__NODE_504_length_11811_cov_13.997278	1	11811	471	10670	90.3395	5.74668	35.5	41.9
MV-4122_S12__NODE_1191_length_11809_cov_12.876893	1	11809	88	6636	56.1944	1.11186	35.5	42
MV-4122_S12__NODE_1192_length_11805_cov_22.788851	1	11805	991	11625	98.4752	12.3419	35.5	41.8
MV-4128_S29__NODE_505_length_11796_cov_13.902564	1	11796	530	11181	94.7864	6.5228	35.4	41.8
MV-4128_S29__NODE_506_length_11792_cov_15.746698	1	11792	552	11397	96.6503	6.81996	35.5	42
MV-4128_S29__NODE_507_length_11777_cov_12.621993	1	11777	471	10290	87.3737	5.84368	35.6	42
MV-4128_S29__NODE_508_length_11774_cov_16.166482	1	11774	468	10947	92.976	5.80839	35.6	41.7
MV-4128_S29__NODE_509_length_11772_cov_19.108304	1	11772	638	11223	95.3364	7.95056	35.4	42
MV-4122_S12__NODE_1196_length_11764_cov_20.713724	1	11764	910	11552	98.1979	11.3488	35.4	41.2
MV-4122_S12__NODE_1197_length_11759_cov_92.639525	1	11759	2305	11649	99.0645	28.824	35.5	32.9
MV-4122_S12__NODE_1198_length_11756_cov_28.947782	1	11756	1687	11246	95.6618	21.0196	35.5	42
MV-4122_S12__NODE_1199_length_11756_cov_9.672678	1	11756	50	4261	36.2453	0.642225	35.5	41.9
MV-4125_S18__NODE_914_length_11747_cov_6.536435	1	11747	817	11747	100	10.2922	35.6	41.8
MV-4128_S29__NODE_510_length_11743_cov_23.728867	1	11743	627	11051	94.1071	7.84834	35.4	24
MV-4122_S12__NODE_1201_length_11733_cov_33.856825	1	11733	913	11543	98.3806	11.4538	35.5	41.9
MV-4122_S12__NODE_1202_length_11715_cov_14.516038	1	11715	3203	11605	99.061	39.3748	35.4	38.7
MV-4125_S18__NODE_916_length_11709_cov_23.347091	1	11709	1747	11628	99.3082	21.9377	35.5	15.3
MV-4128_S29__NODE_511_length_11700_cov_14.033577	1	11700	474	11025	94.2308	5.8812	35.4	41.9
MV-4122_S12__NODE_1203_length_11699_cov_13.326864	1	11699	334	11411	97.5383	4.19745	35.5	41.3
MV-4125_S18__NODE_918_length_11697_cov_19.181154	1	11697	962	11486	98.1961	12.1629	35.4	2.3
MV-4125_S18__NODE_919_length_11692_cov_7.005500	1	11692	875	11692	100	11.0836	35.6	41.9
MV-4128_S29__NODE_512_length_11688_cov_27.507522	1	11688	786	11351	97.1167	9.91179	35.5	41.9
MV-4122_S12__NODE_1204_length_11687_cov_24.620702	1	11687	782	11536	98.708	9.8299	35.5	42
MV-4125_S18__NODE_921_length_11687_cov_7.031981	1	11687	889	11687	100	11.1669	35.5	42
MV-4128_S29__NODE_513_length_11682_cov_15.394255	1	11682	495	10699	91.5853	6.1712	35.4	41.9
cell-4125-0-44_S16__NODE_58_length_11668_cov_10.126238	1	11668	1820	11479	98.3802	23.1119	35.5	21.8
MV-4125_S18__NODE_923_length_11667_cov_18.701688	1	11667	2131	11555	99.04	26.6461	35.4	35.2
MV-4125_S18__NODE_924_length_11666_cov_24.762811	1	11666	3155	11666	100	39.2148	35.5	41.9
MV-4125_S18__NODE_925_length_11662_cov_15.890756	1	11662	2074	11662	100	25.5561	35.5	41.9
MV-4122_S12__NODE_1207_length_11649_cov_10.210454	1	11649	76	4896	42.0294	0.962829	35.5	42
MV-4125_S18__NODE_928_length_11642_cov_19.733926	1	11642	2541	11642	100	31.5627	35.4	41.9
MV-4128_S29__NODE_515_length_11637_cov_27.161285	1	11637	768	11417	98.1095	9.80742	35.5	42
MV-4128_S29__NODE_516_length_11633_cov_14.216963	1	11633	573	11014	94.6789	7.21963	35.4	42
cell-4125-0-44_S16__NODE_59_length_11626_cov_9.126178	1	11626	982	11395	98.0131	12.44	35.5	10.5
MV-4125_S18__NODE_932_length_11619_cov_19.505794	1	11619	2507	11619	100	31.1105	35.4	42
MV-4128_S29__NODE_517_length_11619_cov_11.556209	1	11619	402	10045	86.4532	4.98657	35.4	42
MV-4128_S29__NODE_518_length_11600_cov_11.794370	1	11600	426	10179	87.75	5.38069	35.4	41.9
MV-4122_S12__NODE_1210_length_11594_cov_51.564607	1	11594	2796	11497	99.1634	35.4862	35.5	41.9
MV-4128_S29__NODE_519_length_11592_cov_17.643755	1	11592	408	7865	67.8485	5.16813	35.3	41.8
MV-4122_S12__NODE_1211_length_11587_cov_14.452567	1	11587	344	10714	92.4657	4.38302	35.4	39.9
MV-4125_S18__NODE_934_length_11583_cov_39.554997	1	11583	4869	11579	99.9655	61.1808	35.4	39.4
MV-4125_S18__NODE_936_length_11562_cov_23.143478	1	11562	2823	11562	100	35.7664	35.4	41.3
MV-4122_S12__NODE_1212_length_11553_cov_37.761263	1	11553	2	124	1.07331	0.0214663	36.4	40
MV-4128_S29__NODE_520_length_11546_cov_12.134888	1	11546	450	10339	89.5462	5.67928	35.4	41.9
MV-4122_S12__NODE_1214_length_11534_cov_8.995644	1	11534	51	3565	30.9086	0.647911	35.3	42
MV-4128_S29__NODE_521_length_11533_cov_6.591828	1	11533	10	1162	10.0754	0.130929	35.5	42
MV-4125_S18__NODE_938_length_11524_cov_26.236376	1	11524	3292	11524	100	41.6588	35.5	42
MV-4122_S12__NODE_1215_length_11521_cov_12.096895	1	11521	86	6222	54.0057	1.07508	35.6	41.8
cell-4125-0-44_S16__NODE_62_length_11518_cov_10.306726	1	11518	1519	11410	99.0623	19.3644	35.4	14.6
MV-4125_S18__NODE_939_length_11516_cov_23.150859	1	11516	2946	11516	100	36.9687	35.5	42
MV-4122_S12__NODE_1217_length_11512_cov_15.107969	1	11512	251	9651	83.8343	3.22872	35.5	33.9
MV-4125_S18__NODE_940_length_11512_cov_17.580344	1	11512	2173	11512	100	27.7477	35.5	41.9
MV-4122_S12__NODE_1218_length_11503_cov_22.831848	1	11503	517	10711	93.1148	6.56516	35.5	41.8
MV-4122_S12__NODE_1219_length_11503_cov_12.596960	1	11503	339	10465	90.9763	4.34513	35.5	42
MV-4122_S12__NODE_1220_length_11491_cov_22.270986	1	11491	543	11254	97.9375	6.93534	35.4	18.7
MV-4125_S18__NODE_943_length_11486_cov_26.672994	1	11486	3285	11485	99.9913	42.1024	35.5	41.7
MV-4125_S18__NODE_944_length_11482_cov_20.915026	1	11482	2664	11482	100	33.4797	35.3	42
MV-4122_S12__NODE_1221_length_11476_cov_41.836792	1	11476	595	10967	95.5647	7.36555	35.4	41.8
MV-4125_S18__NODE_947_length_11472_cov_21.928177	1	11472	2693	11436	99.6862	34.527	35.5	41.1
MV-4122_S12__NODE_1222_length_11466_cov_25.294540	1	11466	668	11143	97.183	8.5423	35.4	41.8
MV-4125_S18__NODE_949_length_11463_cov_8.911027	1	11463	1089	11463	100	14.0524	35.6	42
MV-4122_S12__NODE_1223_length_11453_cov_10.577733	1	11453	62	4396	38.383	0.803108	35.1	42
MV-4125_S18__NODE_953_length_11439_cov_20.945098	1	11439	1514	11411	99.7552	19.5541	35.4	10.2
MV-4128_S29__NODE_523_length_11438_cov_28.240358	1	11438	649	10964	95.8559	8.28222	35.4	34.2
MV-4128_S29__NODE_524_length_11436_cov_25.363325	1	11436	699	11174	97.709	8.96354	35.5	41.9
MV-4128_S29__NODE_525_length_11432_cov_22.797135	1	11432	539	10550	92.2848	6.96256	35.7	28.4
MV-4122_S12__NODE_1225_length_11427_cov_10.931059	1	11427	74	5921	51.8159	0.94303	35.2	41.7
MV-4128_S29__NODE_526_length_11426_cov_7.712514	1	11426	2	218	1.90793	0.0264309	35.8	42
MV-4122_S12__NODE_1226_length_11415_cov_26.076849	1	11415	735	10918	95.6461	9.44056	35.4	41.8
MV-4122_S12__NODE_1227_length_11411_cov_24.553276	1	11411	568	10863	95.1976	7.33257	35.4	42
MV-4122_S12__NODE_1230_length_11399_cov_30.884785	1	11399	735	10733	94.1574	9.48811	35.4	42
MV-4128_S29__NODE_527_length_11385_cov_26.213504	1	11385	944	11325	99.473	12.1831	35.4	30.6
MV-4128_S29__NODE_528_length_11381_cov_23.537613	1	11381	608	10953	96.2393	7.82286	35.5	41.8
MV-4122_S12__NODE_1232_length_11379_cov_11.085129	1	11379	253	9816	86.2642	3.27964	35.5	41.4
MV-4122_S12__NODE_1233_length_11374_cov_14.582207	1	11374	92	6741	59.2667	1.21066	35.7	42
MV-4128_S29__NODE_530_length_11372_cov_23.185827	1	11372	1108	10535	92.6398	14.2788	35.5	2.6
cell-4125-0-44_S16__NODE_65_length_11368_cov_10.360470	1	11368	1759	11273	99.1643	22.8108	35.4	21.5
MV-4125_S18__NODE_959_length_11367_cov_6.880835	1	11367	840	11349	99.8416	10.8819	35.5	42
MV-4128_S29__NODE_531_length_11364_cov_20.240074	1	11364	770	10632	93.5586	9.95794	35.5	36.8
MV-4122_S12__NODE_1235_length_11358_cov_9.501637	1	11358	1457	11261	99.146	18.4226	35.3	19.1
MV-4128_S29__NODE_532_length_11349_cov_17.453161	1	11349	532	10920	96.2199	6.86281	35.4	41.1
MV-4122_S12__NODE_1236_length_11346_cov_24.390665	1	11346	804	11253	99.1803	10.4001	35.5	40.9
MV-4122_S12__NODE_1237_length_11346_cov_11.237711	1	11346	76	4755	41.909	0.996651	35.3	42
MV-4125_S18__NODE_964_length_11342_cov_9.848941	1	11342	1252	11342	100	15.7735	35.4	41.9
MV-4122_S12__NODE_1238_length_11341_cov_11.227096	1	11341	266	9944	87.6819	3.43162	35.6	41.6
MV-4125_S18__NODE_965_length_11329_cov_5.835285	1	11329	355	10445	92.197	4.6366	35.6	1.05
MV-4122_S12__NODE_1239_length_11325_cov_12.503283	1	11325	288	10320	91.1258	3.7668	35.5	41.9
MV-4122_S12__NODE_1240_length_11319_cov_25.802024	1	11319	946	11073	97.8267	12.2205	35.4	41.3
MV-4125_S18__NODE_968_length_11309_cov_23.914608	1	11309	2964	11275	99.6994	37.9847	35.4	41.9
MV-4125_S18__NODE_969_length_11308_cov_22.810539	1	11308	2844	11308	100	36.3199	35.5	41.9
MV-4128_S29__NODE_533_length_11308_cov_8.180485	1	11308	12	1658	14.6622	0.160241	35.2	42
MV-4122_S12__NODE_1241_length_11303_cov_31.513691	1	11303	839	10949	96.8681	10.9295	35.5	41.9
MV-4122_S12__NODE_1242_length_11298_cov_70.031753	1	11298	1145	11102	98.2652	15.025	35.5	15.5
MV-4128_S29__NODE_534_length_11295_cov_13.829270	1	11295	512	10676	94.5197	6.66649	35.3	42
MV-4125_S18__NODE_971_length_11292_cov_22.690220	1	11292	2815	11292	100	36.1217	35.4	42
MV-4125_S18__NODE_972_length_11281_cov_20.472475	1	11281	2565	11210	99.3706	32.7459	35.5	42
MV-4128_S29__NODE_535_length_11279_cov_26.674269	1	11279	436	10971	97.2693	5.72728	35.4	20.1
MV-4128_S29__NODE_536_length_11272_cov_13.120799	1	11272	461	10740	95.2803	5.98465	35.5	42
MV-4125_S18__NODE_973_length_11270_cov_6.389389	1	11270	774	11270	100	10.1098	35.4	42
MV-4128_S29__NODE_537_length_11255_cov_26.326875	1	11255	656	11181	99.3425	8.62017	35.5	36.8
MV-4122_S12__NODE_1245_length_11242_cov_28.131224	1	11242	633	10874	96.7266	8.34896	35.5	41.9
MV-4122_S12__NODE_1246_length_11241_cov_86.224745	1	11241	795	10960	97.5002	10.3191	35.4	1.41
MV-4128_S29__NODE_538_length_11240_cov_16.762539	1	11240	442	10560	93.9502	5.77678	35.5	42
MV-4128_S29__NODE_539_length_11236_cov_11.789375	1	11236	404	10466	93.147	5.2532	35.5	41.9
MV-4128_S29__NODE_540_length_11217_cov_85.560383	1	11217	3028	11160	99.4918	39.6769	35.5	42
MV-4122_S12__NODE_1248_length_11213_cov_26.941746	1	11213	630	10431	93.026	8.32489	35.5	41.9
MV-4125_S18__NODE_979_length_11202_cov_17.887862	1	11202	2195	11202	100	28.4909	35.4	42
MV-4128_S29__NODE_541_length_11202_cov_6.113932	1	11202	100	5541	49.4644	1.29923	35.7	37.6
MV-4122_S12__NODE_1250_length_11200_cov_24.539076	1	11200	617	10354	92.4464	8.07455	35.4	42
MV-4122_S12__NODE_1251_length_11198_cov_62.702773	1	11198	922	10160	90.7305	11.7583	35.3	42
MV-4122_S12__NODE_1252_length_11198_cov_15.554967	1	11198	102	6261	55.9118	1.34328	35.3	42
MV-4125_S18__NODE_980_length_11177_cov_24.404693	1	11177	2881	11171	99.9463	38.1903	35.5	41.7
MV-4122_S12__NODE_1254_length_11167_cov_26.990191	1	11167	598	10640	95.2807	7.81633	35.4	41.9
cell-4125-0-44_S16__NODE_70_length_11162_cov_11.907086	1	11162	2596	11123	99.6506	34.3894	35.5	33
MV-4128_S29__NODE_542_length_11157_cov_17.530355	1	11157	651	10857	97.3111	8.51492	35.3	41.9
MV-4128_S29__NODE_543_length_11154_cov_20.767997	1	11154	607	10451	93.6973	7.98834	35.5	42
MV-4122_S12__NODE_1256_length_11153_cov_23.558028	1	11153	573	10469	93.8671	7.44212	35.6	42
MV-4125_S18__NODE_981_length_11153_cov_24.894936	1	11153	1787	11140	99.8834	23.6329	35.3	14.6
MV-4128_S29__NODE_544_length_11149_cov_16.172886	1	11149	546	10965	98.3496	7.09875	35.6	42
MV-4128_S29__NODE_545_length_11146_cov_15.395095	1	11146	1688	11030	98.9593	22.2264	35.5	31.4
MV-4128_S29__NODE_546_length_11138_cov_25.060002	1	11138	677	10897	97.8362	9.02568	35.4	41.9
MV-4128_S29__NODE_547_length_11136_cov_27.463135	1	11136	552	10587	95.07	7.36728	35.5	35.4
MV-4125_S18__NODE_984_length_11135_cov_70.009838	1	11135	7953	11134	99.991	104.95	35.5	40.5
cell-4125-0-44_S16__NODE_71_length_11122_cov_8.834734	1	11122	942	10965	98.5884	12.4691	35.5	4.59
MV-4128_S29__NODE_548_length_11121_cov_25.975511	1	11121	661	10571	95.0544	8.79219	35.5	30.8
MV-4122_S12__NODE_1257_length_11120_cov_12.359602	1	11120	108	7045	63.3543	1.42365	35.4	42
MV-4125_S18__NODE_985_length_11117_cov_7.426957	1	11117	883	11112	99.955	11.7356	35.6	42
MV-4128_S29__NODE_549_length_11117_cov_20.989062	1	11117	530	10811	97.2475	7.02069	35.5	40.5
MV-4125_S18__NODE_986_length_11115_cov_20.194123	1	11115	1822	11085	99.7301	24.0706	35.4	27.3
MV-4122_S12__NODE_1258_length_11099_cov_19.117439	1	11099	418	10254	92.3867	5.4586	35.2	38.3
MV-4122_S12__NODE_1259_length_11078_cov_21.456681	1	11078	337	9437	85.1869	4.47391	35.5	30.6
MV-4125_S18__NODE_987_length_11076_cov_7.320933	1	11076	867	11076	100	11.5569	35.4	42
MV-4128_S29__NODE_550_length_11069_cov_18.815689	1	11069	567	10734	96.9735	7.49878	35.5	41.8
MV-4122_S12__NODE_1260_length_11068_cov_11.964860	1	11068	70	5295	47.8406	0.936935	35.5	41.9
MV-4128_S29__NODE_551_length_11064_cov_24.983831	1	11064	533	10703	96.7372	7.10105	35.7	30
MV-4125_S18__NODE_990_length_11057_cov_255.052718	1	11057	30295	11057	100	400.821	35.5	41.8
MV-4122_S12__NODE_1262_length_11042_cov_45.278602	1	11042	2	302	2.73501	0.0273501	34.8	42
MV-4122_S12__NODE_1263_length_11035_cov_12.023953	1	11035	283	9844	89.2071	3.79529	35.4	41.8
MV-4122_S12__NODE_1265_length_11024_cov_7.681375	1	11024	31	3038	27.5581	0.406658	35.1	41.9
MV-4122_S12__NODE_1266_length_11016_cov_11.045069	1	11016	65	4869	44.1993	0.884259	35.4	40.7
MV-4122_S12__NODE_1267_length_11016_cov_8.532616	1	11016	60	4464	40.5229	0.786583	35.7	42
MV-4128_S29__NODE_552_length_11013_cov_15.450082	1	11013	525	10120	91.8914	6.96831	35.5	42
MV-4125_S18__NODE_994_length_11012_cov_18.568495	1	11012	1703	10923	99.1918	22.6815	35.4	32.8
MV-4122_S12__NODE_1269_length_11005_cov_61.588584	1	11005	703	10805	98.1826	9.18028	35.5	39
MV-4125_S18__NODE_995_length_11003_cov_7.032335	1	11003	828	11003	100	11.0892	35.5	42
MV-4122_S12__NODE_1270_length_10997_cov_27.213307	1	10997	718	10468	95.1896	9.66036	35.6	42
MV-4125_S18__NODE_997_length_10992_cov_7.194295	1	10992	842	10992	100	11.3293	35.6	42
MV-4128_S29__NODE_553_length_10980_cov_23.683753	1	10980	513	10079	91.7942	6.85929	35.5	25.8
MV-4122_S12__NODE_1273_length_10975_cov_29.451282	1	10975	3347	10967	99.9271	44.6984	35.4	8.45
MV-4125_S18__NODE_999_length_10975_cov_6.792857	1	10975	793	10975	100	10.6842	35.5	41.9
MV-4128_S29__NODE_554_length_10971_cov_11.401704	1	10971	416	9681	88.2417	5.52247	35.4	41.8
MV-4128_S29__NODE_555_length_10970_cov_13.608246	1	10970	434	10438	95.1504	5.78432	35.4	42
MV-4128_S29__NODE_556_length_10968_cov_29.002382	1	10968	712	10554	96.2254	9.64497	35.4	41.9
MV-4128_S29__NODE_557_length_10963_cov_13.663366	1	10963	466	9958	90.8328	6.16391	35.5	42
MV-4128_S29__NODE_558_length_10960_cov_7.124713	1	10960	8	705	6.43248	0.105474	35.3	42
MV-4128_S29__NODE_559_length_10958_cov_25.499679	1	10958	1401	10727	97.892	18.784	35.4	12.1
MV-4125_S18__NODE_1003_length_10945_cov_6.998990	1	10945	815	10945	100	10.9963	35.5	41.9
MV-4125_S18__NODE_1004_length_10940_cov_6.868351	1	10940	807	10940	100	10.8689	35.4	41.9
MV-4122_S12__NODE_1275_length_10939_cov_10.772602	1	10939	315	9954	90.9955	4.21291	35.6	41.6
MV-4122_S12__NODE_1276_length_10934_cov_25.216932	1	10934	647	10247	93.7168	8.65045	35.5	42
MV-4128_S29__NODE_560_length_10924_cov_25.894655	1	10924	753	10878	99.5789	10.1715	35.4	41.9
MV-4122_S12__NODE_1277_length_10914_cov_28.337140	1	10914	1371	10518	96.3716	18.236	35.4	38
MV-4122_S12__NODE_1279_length_10913_cov_17.961871	1	10913	401	9925	90.9466	5.40447	35.5	39.3
MV-4122_S12__NODE_1280_length_10910_cov_24.171534	1	10910	552	10505	96.2878	7.39808	35.6	41.7
MV-4122_S12__NODE_1282_length_10908_cov_9.182714	1	10908	56	4279	39.2281	0.751375	35.5	42
cell-4125-0-44_S16__NODE_72_length_10890_cov_10.690540	1	10890	1435	10617	97.4931	19.4618	35.5	14.4
cell-4125-0-44_S16__NODE_73_length_10888_cov_9.373673	1	10888	1261	10778	98.9897	17.1047	35.4	9.04
MV-4125_S18__NODE_1006_length_10883_cov_6.521241	1	10883	761	10883	100	10.3255	35.4	41.9
MV-4125_S18__NODE_1007_length_10882_cov_23.714972	1	10882	2026	10770	98.9708	27.4059	35.5	24.5
MV-4122_S12__NODE_1285_length_10880_cov_8.317506	1	10880	44	4036	37.0956	0.610662	35.8	42
MV-4122_S12__NODE_1286_length_10877_cov_23.297450	1	10877	926	10430	95.8904	12.5179	35.6	41.4
MV-4122_S12__NODE_1287_length_10876_cov_30.130395	1	10876	672	10500	96.5428	9.11677	35.5	41.8
MV-4125_S18__NODE_1008_length_10870_cov_30.058345	1	10870	3553	10870	100	47.5648	35.3	41.9
MV-4128_S29__NODE_561_length_10865_cov_23.241443	1	10865	574	10311	94.9011	7.77782	35.5	41.8
MV-4122_S12__NODE_1288_length_10864_cov_13.500694	1	10864	108	6393	58.8457	1.46024	35.2	41.9
MV-4128_S29__NODE_562_length_10861_cov_14.781418	1	10861	458	10358	95.3688	6.16094	35.4	42
cell-4125-0-44_S16__NODE_74_length_10858_cov_9.181894	1	10858	1821	10630	97.9002	24.5981	35.5	26.5
MV-4122_S12__NODE_1290_length_10849_cov_42.105058	1	10849	747	9872	90.9946	10.075	35.4	13.9
MV-4122_S12__NODE_1291_length_10845_cov_12.844300	1	10845	330	10038	92.5588	4.51047	35.5	41.3
MV-4125_S18__NODE_1010_length_10844_cov_18.562425	1	10844	2216	10844	100	29.4786	35.4	41.9
MV-4125_S18__NODE_1011_length_10843_cov_20.774101	1	10843	2407	10830	99.8801	32.5677	35.5	41.7
MV-4128_S29__NODE_563_length_10842_cov_20.834616	1	10842	654	10633	98.0723	8.85796	35.4	41.9
MV-4128_S29__NODE_564_length_10826_cov_16.974840	1	10826	661	10352	95.6217	8.96471	35.5	41.9
MV-4122_S12__NODE_1293_length_10821_cov_27.461546	1	10821	624	10796	99.769	8.51224	35.6	41.9
MV-4122_S12__NODE_1294_length_10821_cov_14.445848	1	10821	94	6096	56.3349	1.28251	35.7	42
MV-4128_S29__NODE_565_length_10820_cov_11.803623	1	10820	396	10184	94.122	5.32116	35.2	41.9
MV-4125_S18__NODE_1013_length_10817_cov_7.808772	1	10817	903	10817	100	12.3557	35.4	42
MV-4125_S18__NODE_1014_length_10814_cov_18.794312	1	10814	2188	10814	100	29.7267	35.4	42
MV-4122_S12__NODE_1295_length_10812_cov_70.064423	1	10812	857	10273	95.0148	11.4715	35.4	41.9
MV-4128_S29__NODE_566_length_10806_cov_12.880476	1	10806	468	10026	92.7818	6.2072	35.5	42
MV-4122_S12__NODE_1296_length_10805_cov_30.329116	1	10805	734	10656	98.621	10.0217	35.3	41.6
MV-4125_S18__NODE_1020_length_10792_cov_7.621496	1	10792	876	10792	100	11.9893	35.5	42
MV-4128_S29__NODE_567_length_10792_cov_24.038186	1	10792	507	10344	95.8488	6.88538	35.4	27.4
MV-4122_S12__NODE_1298_length_10789_cov_22.663592	1	10789	578	10509	97.4048	7.87348	35.5	41.9
MV-4128_S29__NODE_568_length_10785_cov_14.631780	1	10785	489	10334	95.8183	6.71191	35.5	42
MV-4128_S29__NODE_569_length_10777_cov_23.502518	1	10777	388	9685	89.8673	5.24265	35.5	42
MV-4128_S29__NODE_571_length_10774_cov_23.982834	1	10774	572	10175	94.4403	7.7184	35.5	24.5
MV-4122_S12__NODE_1300_length_10773_cov_10.356596	1	10773	61	4523	41.9846	0.834958	35.3	42
MV-4128_S29__NODE_572_length_10769_cov_27.078309	1	10769	624	10482	97.3349	8.62494	35.6	42
MV-4122_S12__NODE_1301_length_10768_cov_11.223187	1	10768	45	3996	37.11	0.613856	35.3	42
MV-4128_S29__NODE_573_length_10765_cov_26.583847	1	10765	1879	10597	98.4394	25.3064	35.4	41.9
MV-4128_S29__NODE_574_length_10763_cov_14.953679	1	10763	430	9882	91.8145	5.83964	35.5	41.9
MV-4122_S12__NODE_1302_length_10761_cov_8.988511	1	10761	48	3895	36.1955	0.639903	35.3	42
MV-4122_S12__NODE_1303_length_10758_cov_49.971223	1	10758	2134	10268	95.4453	29.2797	35.5	38.4
cell-4125-0-44_S16__NODE_77_length_10753_cov_14.616844	1	10753	2	302	2.80852	0.0280852	36	42
MV-4122_S12__NODE_1304_length_10744_cov_21.226588	1	10744	751	10553	98.2223	10.2958	35.5	41.8
cell-4125-0-44_S16__NODE_79_length_10742_cov_10.138954	1	10742	1590	10738	99.9628	21.7128	35.4	25.8
MV-4125_S18__NODE_1026_length_10740_cov_24.457183	1	10740	2896	10740	100	38.9548	35.5	42
MV-4128_S29__NODE_575_length_10738_cov_611.299729	1	10738	22241	10733	99.9534	303.377	35.4	38.7
MV-4128_S29__NODE_576_length_10736_cov_14.517461	1	10736	529	9996	93.1073	7.1998	35.4	41.9
MV-4122_S12__NODE_1306_length_10734_cov_9.159940	1	10734	60	4002	37.2834	0.803801	35.7	42
MV-4128_S29__NODE_577_length_10734_cov_13.698474	1	10734	471	10341	96.3387	6.37582	35.4	42
MV-4125_S18__NODE_1027_length_10732_cov_15.022666	1	10732	1785	10729	99.972	23.865	35.4	42
MV-4125_S18__NODE_1028_length_10729_cov_13.043002	1	10729	1527	10729	100	20.7743	35.4	41.8
MV-4125_S18__NODE_1029_length_10727_cov_6.359352	1	10727	739	10727	100	10.1612	35.4	42
MV-4122_S12__NODE_1307_length_10725_cov_42.524649	1	10725	1	151	1.40793	0.0140793	34.2	23
MV-4128_S29__NODE_578_length_10721_cov_12.538721	1	10721	380	9788	91.2975	5.14961	35.5	41
MV-4128_S29__NODE_579_length_10721_cov_10.990343	1	10721	347	9875	92.1089	4.71337	35.3	41.9
MV-4122_S12__NODE_1309_length_10711_cov_11.709366	1	10711	300	10132	94.5943	4.13846	35.3	41.7
MV-4125_S18__NODE_1030_length_10710_cov_16.579916	1	10710	1985	10710	100	26.3757	35.4	40.8
cell-4125-0-44_S16__NODE_80_length_10707_cov_7.134059	1	10707	924	10212	95.3769	12.6231	35.5	9.89
MV-4128_S29__NODE_580_length_10702_cov_26.255565	1	10702	541	10063	94.0292	7.45178	35.5	41.8
MV-4122_S12__NODE_1310_length_10687_cov_10.156226	1	10687	70	3549	33.2086	0.978385	35.3	42
cell-4125-0-44_S16__NODE_82_length_10687_cov_9.055963	1	10687	1312	10520	98.4374	18.0702	35.5	12.4
MV-4125_S18__NODE_1033_length_10683_cov_16.127870	1	10683	1467	10411	97.4539	20.113	35.5	32.5
MV-4122_S12__NODE_1312_length_10661_cov_24.466340	1	10661	789	10575	99.1933	10.8757	35.5	28.1
MV-4122_S12__NODE_1313_length_10661_cov_20.774184	1	10661	703	10465	98.1615	9.65669	35.5	42
MV-4122_S12__NODE_1314_length_10659_cov_28.045643	1	10659	713	10428	97.8328	9.85252	35.4	41.9
MV-4125_S18__NODE_1038_length_10643_cov_16.521250	1	10643	1922	10643	100	26.0465	35.5	41.6
MV-4128_S29__NODE_585_length_10641_cov_15.923956	1	10641	532	10213	95.9778	7.33719	35.6	41.9
MV-4122_S12__NODE_1315_length_10640_cov_10.557393	1	10640	55	3647	34.2763	0.764474	35.8	42
MV-4128_S29__NODE_586_length_10638_cov_13.375508	1	10638	433	9795	92.0756	5.88785	35.5	41.9
MV-4122_S12__NODE_1316_length_10637_cov_7.154697	1	10637	59	5028	47.269	0.813481	35.4	41.9
MV-4122_S12__NODE_1318_length_10626_cov_10.723205	1	10626	268	9399	88.4529	3.69283	35.5	41.7
MV-4122_S12__NODE_1319_length_10625_cov_51.288553	1	10625	1512	10465	98.4941	20.9396	35.5	41.9
MV-4128_S29__NODE_587_length_10621_cov_10.908196	1	10621	378	9657	90.9236	5.1788	35.4	41.8
MV-4125_S18__NODE_1039_length_10617_cov_19.299564	1	10617	1465	10566	99.5196	20.3049	35.4	20.2
MV-4122_S12__NODE_1321_length_10616_cov_61.764984	1	10616	1932	10477	98.6907	26.7813	35.5	20.6
MV-4128_S29__NODE_588_length_10615_cov_13.643561	1	10615	407	9959	93.8201	5.63523	35.3	41.9
MV-4125_S18__NODE_1040_length_10613_cov_6.961546	1	10613	779	10612	99.9906	10.8213	35.5	41.8
MV-4125_S18__NODE_1041_length_10609_cov_23.579117	1	10609	2694	10609	100	37.3113	35.4	41.6
MV-4128_S29__NODE_589_length_10604_cov_15.875912	1	10604	489	10429	98.3497	6.7914	35.4	42
MV-4122_S12__NODE_1322_length_10603_cov_29.021615	1	10603	608	10144	95.671	8.48307	35.7	42
MV-4122_S12__NODE_1323_length_10601_cov_62.787313	1	10601	1539	10365	97.7738	21.2834	35.5	33.1
MV-4128_S29__NODE_590_length_10596_cov_28.362205	1	10596	591	10539	99.4621	8.14468	35.5	29.5
MV-4128_S29__NODE_591_length_10595_cov_19.003131	1	10595	544	10401	98.1689	7.55356	35.5	42
MV-4122_S12__NODE_1325_length_10594_cov_12.203814	1	10594	64	5112	48.2537	0.899377	35.6	42
MV-4122_S12__NODE_1326_length_10594_cov_10.230098	1	10594	52	3968	37.4552	0.705305	35.6	42
MV-4125_S18__NODE_1043_length_10591_cov_23.372342	1	10591	2616	10569	99.7923	36.355	35.5	40.4
MV-4122_S12__NODE_1327_length_10586_cov_11.316399	1	10586	104	7021	66.3234	1.45097	35.9	41.3
MV-4128_S29__NODE_592_length_10584_cov_13.674898	1	10584	485	10050	94.9546	6.7448	35.5	42
MV-4128_S29__NODE_593_length_10579_cov_7.799981	1	10579	6	760	7.18404	0.0856414	34.8	42
MV-4128_S29__NODE_594_length_10576_cov_18.488071	1	10576	475	10389	98.2318	6.55484	35.5	40
MV-4128_S29__NODE_595_length_10567_cov_31.620624	1	10567	686	10416	98.571	9.59875	35.6	42
MV-4125_S18__NODE_1045_length_10558_cov_24.916881	1	10558	2909	10557	99.9905	39.7154	35.5	41.9
MV-4128_S29__NODE_596_length_10551_cov_24.332698	1	10551	530	9946	94.2659	7.42584	35.6	41.9
MV-4125_S18__NODE_1048_length_10542_cov_9.229713	1	10542	492	10245	97.1827	6.87887	35.3	1.45
MV-4125_S18__NODE_1050_length_10537_cov_16.881511	1	10537	1953	10501	99.6583	26.7576	35.5	42
MV-4122_S12__NODE_1328_length_10536_cov_12.684572	1	10536	256	9128	86.6363	3.5858	35.4	41.3
MV-4122_S12__NODE_1329_length_10535_cov_25.974427	1	10535	3989	10403	98.747	55.4093	35.4	27.4
MV-4128_S29__NODE_598_length_10532_cov_787.402787	1	10532	30716	10532	100	428.292	35.4	41.7
MV-4122_S12__NODE_1330_length_10528_cov_54.238327	1	10528	2127	10384	98.6322	29.6263	35.5	32.2
MV-4122_S12__NODE_1331_length_10512_cov_23.731663	1	10512	848	10366	98.6111	11.8018	35.4	41.4
cell-4125-0-44_S16__NODE_86_length_10509_cov_11.066099	1	10509	2230	10423	99.1817	31.3652	35.5	23.9
MV-4128_S29__NODE_599_length_10506_cov_11.817912	1	10506	356	10059	95.7453	4.92395	35.3	41.9
MV-4122_S12__NODE_1332_length_10504_cov_28.497751	1	10504	1237	10477	99.743	17.1408	35.5	42
MV-4122_S12__NODE_1333_length_10503_cov_26.710854	1	10503	541	9892	94.1826	7.55584	35.5	41.9
MV-4125_S18__NODE_1051_length_10502_cov_7.365272	1	10502	823	10502	100	11.5948	35.5	41.9
MV-4125_S18__NODE_1052_length_10501_cov_17.079265	1	10501	1982	10501	100	27.2545	35.4	41.9
MV-4128_S29__NODE_600_length_10499_cov_21.924263	1	10499	555	9910	94.3899	7.78579	35.5	41.9
MV-4122_S12__NODE_1335_length_10497_cov_24.902988	1	10497	503	9863	93.9602	7.0824	35.4	41.9
MV-4122_S12__NODE_1336_length_10495_cov_10.352682	1	10495	260	8868	84.4974	3.67708	35.5	42
MV-4122_S12__NODE_1337_length_10490_cov_22.390417	1	10490	740	10221	97.4357	10.3496	35.5	41.1
MV-4128_S29__NODE_601_length_10488_cov_14.451452	1	10488	546	9884	94.241	7.50353	35.6	42
MV-4125_S18__NODE_1055_length_10487_cov_7.107362	1	10487	795	10487	100	11.2424	35.5	42
MV-4128_S29__NODE_602_length_10484_cov_18.524978	1	10484	632	10018	95.5551	8.83241	35.6	42
MV-4125_S18__NODE_1056_length_10474_cov_28.794030	1	10474	3275	10400	99.2935	45.3704	35.4	41.8
MV-4122_S12__NODE_1338_length_10473_cov_19.599731	1	10473	320	9351	89.2867	4.49718	35.5	36.2
MV-4128_S29__NODE_604_length_10468_cov_8.016134	1	10468	2	214	2.04433	0.0288498	36.6	42
MV-4122_S12__NODE_1339_length_10454_cov_45.823060	1	10454	1702	10265	98.1921	23.9183	35.5	29.7
MV-4122_S12__NODE_1340_length_10454_cov_9.416675	1	10454	351	9342	89.3629	4.8281	35.4	41.8
MV-4128_S29__NODE_605_length_10452_cov_24.451284	1	10452	1112	10334	98.871	15.6344	35.6	35.6
MV-4122_S12__NODE_1341_length_10451_cov_10.457195	1	10451	67	4695	44.9239	0.949479	35.6	42
MV-4125_S18__NODE_1058_length_10448_cov_19.095738	1	10448	1816	10441	99.933	25.6034	35.5	23.2
MV-4125_S18__NODE_1059_length_10447_cov_27.313510	1	10447	1811	10393	99.4831	25.5557	35.6	12
MV-4125_S18__NODE_1061_length_10445_cov_8.343985	1	10445	935	10445	100	13.2228	35.4	42
MV-4128_S29__NODE_606_length_10443_cov_7.207258	1	10443	15	1254	12.008	0.20023	35.5	41.9
MV-4128_S29__NODE_607_length_10440_cov_16.556476	1	10440	612	9949	95.2969	8.58525	35.5	42
MV-4128_S29__NODE_608_length_10436_cov_20.162508	1	10436	652	10024	96.0521	9.20841	35.5	41.9
MV-4125_S18__NODE_1063_length_10434_cov_24.250795	1	10434	1291	10340	99.0991	18.2334	35.5	8.82
MV-4122_S12__NODE_1342_length_10426_cov_26.027480	1	10426	991	9888	94.8398	14.0303	35.4	42
cell-4125-0-44_S16__NODE_87_length_10425_cov_9.809740	1	10425	1533	10309	98.8873	21.668	35.4	18.2
MV-4125_S18__NODE_1065_length_10422_cov_17.283303	1	10422	1974	10422	100	27.3771	35.4	41.9
MV-4122_S12__NODE_1343_length_10417_cov_11.550376	1	10417	94	5561	53.3839	1.30709	35.3	42
MV-4128_S29__NODE_609_length_10415_cov_17.972490	1	10415	474	9815	94.2391	6.69323	35.4	29.4
MV-4122_S12__NODE_1344_length_10408_cov_12.422969	1	10408	79	5505	52.892	1.10617	35.4	42
MV-4125_S18__NODE_1068_length_10407_cov_22.895866	1	10407	1133	10239	98.3857	16.017	35.5	11.3
cell-4125-0-44_S16__NODE_88_length_10375_cov_12.031783	1	10375	2104	10358	99.8361	29.9879	35.5	28.7
MV-4122_S12__NODE_1346_length_10374_cov_10.739413	1	10374	77	4650	44.8236	1.091	35.2	41.9
MV-4122_S12__NODE_1347_length_10373_cov_8.081411	1	10373	58	3988	38.446	0.827533	35.4	42
MV-4122_S12__NODE_1348_length_10364_cov_24.731303	1	10364	1022	10034	96.8159	14.4605	35.6	41.9
MV-4125_S18__NODE_1071_length_10364_cov_28.750121	1	10364	3273	10364	100	45.7876	35.4	42
MV-4122_S12__NODE_1349_length_10358_cov_9.621275	1	10358	76	4766	46.0127	1.06961	35.6	41.9
MV-4128_S29__NODE_610_length_10353_cov_26.812197	1	10353	640	10174	98.271	9.1274	35.4	42
MV-4122_S12__NODE_1351_length_10333_cov_12.183985	1	10333	272	9164	88.6867	3.87942	35.4	41.7
MV-4122_S12__NODE_1352_length_10332_cov_14.192274	1	10332	53	4350	42.1022	0.756581	35.6	42
MV-4125_S18__NODE_1074_length_10326_cov_6.145653	1	10326	685	10326	100	9.79469	35.5	41.9
MV-4122_S12__NODE_1354_length_10309_cov_41.665789	1	10309	921	9958	96.5952	12.7973	35.4	41.1
MV-4125_S18__NODE_1078_length_10302_cov_9.212355	1	10302	466	9630	93.477	6.67647	35.4	1.2
MV-4122_S12__NODE_1355_length_10297_cov_11.938098	1	10297	66	4586	44.5372	0.951734	35.7	42
MV-4122_S12__NODE_1357_length_10288_cov_10.950943	1	10288	214	8478	82.4067	3.12617	35.4	41.5
MV-4128_S29__NODE_611_length_10282_cov_14.924514	1	10282	381	8571	83.3593	5.43192	35.5	40.3
MV-4125_S18__NODE_1079_length_10281_cov_20.008703	1	10281	2209	10281	100	31.4939	35.4	41.9
MV-4125_S18__NODE_1080_length_10278_cov_65.964296	1	10278	7261	10277	99.9903	103.847	35.5	41.6
MV-4122_S12__NODE_1358_length_10261_cov_25.367823	1	10261	524	9236	90.0107	7.51291	35.5	42
MV-4122_S12__NODE_1359_length_10257_cov_28.942952	1	10257	606	9987	97.3677	8.7547	35.5	12.6
MV-4128_S29__NODE_612_length_10255_cov_16.200588	1	10255	488	9575	93.3691	6.96948	35.5	41.9
MV-4122_S12__NODE_1360_length_10247_cov_27.472331	1	10247	510	9756	95.2084	7.38655	35.5	42
MV-4125_S18__NODE_1082_length_10241_cov_20.450520	1	10241	1759	10241	100	25.2034	35.5	29
MV-4122_S12__NODE_1362_length_10237_cov_12.505795	1	10237	49	3242	31.6694	0.699619	35.9	42
MV-4125_S18__NODE_1083_length_10233_cov_8.490863	1	10233	922	10233	100	13.3926	35.6	42
MV-4122_S12__NODE_1363_length_10230_cov_20.685504	1	10230	442	9310	91.0068	6.42542	35.4	42
MV-4125_S18__NODE_1085_length_10223_cov_7.933714	1	10223	871	10223	100	12.5149	35.4	42
MV-4125_S18__NODE_1086_length_10220_cov_25.207182	1	10220	2739	10220	100	39.4827	35.5	41.9
cell-4125-0-44_S16__NODE_91_length_10219_cov_11.156828	1	10219	1003	10025	98.1016	14.3756	35.5	2.45
cell-4125-0-44_S16__NODE_92_length_10214_cov_9.815139	1	10214	1728	9800	95.9467	24.8615	35.4	22.7
MV-4125_S18__NODE_1088_length_10213_cov_24.893581	1	10213	2798	10213	100	39.5169	35.4	41.9
MV-4125_S18__NODE_1090_length_10189_cov_8.349122	1	10189	907	10189	100	13.1313	35.6	42
MV-4122_S12__NODE_1367_length_10188_cov_10.239416	1	10188	42	3020	29.6427	0.611307	35.7	42
MV-4122_S12__NODE_1369_length_10186_cov_22.663705	1	10186	554	9998	98.1543	7.89544	35.5	41.9
MV-4122_S12__NODE_1370_length_10184_cov_25.349393	1	10184	585	9294	91.2608	8.49519	35.5	42
MV-4122_S12__NODE_1371_length_10184_cov_14.998717	1	10184	289	9255	90.8778	4.19845	35.5	42
MV-4122_S12__NODE_1372_length_10180_cov_31.132049	1	10180	723	9978	98.0157	10.5518	35.5	41.8
Biragzang__NODE_889_length_10178_cov_25.823570	1	10178	2	252	2.47593	0.0296718	36.2	42
MV-4128_S29__NODE_613_length_10169_cov_17.854459	1	10169	525	9641	94.8077	7.57852	35.4	41.9
MV-4128_S29__NODE_614_length_10166_cov_23.286915	1	10166	652	9778	96.1834	9.43459	35.4	41.9
MV-4122_S12__NODE_1373_length_10163_cov_98.906015	1	10163	1641	10058	98.9668	23.5329	35.5	22
MV-4122_S12__NODE_1374_length_10161_cov_10.446863	1	10161	70	4690	46.1569	1.01329	35.2	41.5
MV-4128_S29__NODE_615_length_10158_cov_11.548154	1	10158	393	8673	85.381	5.56133	35.5	21.6
MV-4125_S18__NODE_1092_length_10149_cov_8.138696	1	10149	872	10149	100	12.7788	35.5	42
MV-4128_S29__NODE_616_length_10148_cov_12.206876	1	10148	476	9815	96.7186	6.86736	35.5	41.9
MV-4122_S12__NODE_1377_length_10141_cov_27.499108	1	10141	733	9930	97.9193	10.6912	35.4	41.9
MV-4122_S12__NODE_1378_length_10138_cov_40.152732	1	10138	1029	9874	97.3959	14.8365	35.5	40.4
MV-4128_S29__NODE_617_length_10133_cov_14.771185	1	10133	451	9749	96.2104	6.52689	35.4	42
MV-4122_S12__NODE_1379_length_10132_cov_106.179518	1	10132	1040	9678	95.5191	15.1993	35.6	1.61
MV-4128_S29__NODE_618_length_10131_cov_12.693430	1	10131	407	9283	91.6297	5.86566	35.3	42
MV-4122_S12__NODE_1380_length_10130_cov_24.178660	1	10130	595	9776	96.5054	8.65538	35.5	41.9
MV-4125_S18__NODE_1093_length_10124_cov_6.221571	1	10124	386	9939	98.1727	5.66051	35.7	10.4
MV-4122_S12__NODE_1381_length_10122_cov_5.211880	1	10122	6	629	6.21419	0.0863466	35.7	42
MV-4128_S29__NODE_619_length_10119_cov_28.658287	1	10119	654	9784	96.6894	9.50292	35.5	42
MV-4122_S12__NODE_1382_length_10117_cov_12.135162	1	10117	278	9093	89.8784	4.04942	35.5	41.2
MV-4122_S12__NODE_1383_length_10116_cov_12.513368	1	10116	309	9406	92.9814	4.52244	35.6	41.1
MV-4125_S18__NODE_1094_length_10115_cov_21.555964	1	10115	2316	10091	99.7627	33.799	35.5	41.8
MV-4128_S29__NODE_620_length_10114_cov_13.353017	1	10114	372	9221	91.1707	5.28831	35.6	39.3
MV-4122_S12__NODE_1386_length_10111_cov_20.025259	1	10111	440	9263	91.6131	6.3332	35.4	42
MV-4128_S29__NODE_621_length_10109_cov_19.202606	1	10109	2264	10035	99.268	32.8533	35.4	41.8
MV-4128_S29__NODE_622_length_10109_cov_16.089517	1	10109	474	9503	94.0053	6.86814	35.4	42
MV-4128_S29__NODE_623_length_10105_cov_28.352836	1	10105	4381	9897	97.9416	63.4153	35.5	40
MV-4122_S12__NODE_1387_length_10099_cov_23.730984	1	10099	847	10005	99.0692	12.3422	35.5	40.8
MV-4125_S18__NODE_1095_length_10099_cov_5.955297	1	10099	658	10099	100	9.52045	35.4	41.9
MV-4128_S29__NODE_624_length_10095_cov_6.659263	1	10095	8	854	8.45963	0.119663	33.9	42
cell-4125-0-44_S16__NODE_95_length_10095_cov_6.980478	1	10095	643	9946	98.524	9.3791	35.5	7.75
MV-4125_S18__NODE_1096_length_10090_cov_22.322770	1	10090	2405	10090	100	35.0313	35.5	41.7
MV-4125_S18__NODE_1097_length_10080_cov_17.030623	1	10080	1928	10080	100	27.2989	35.4	41.9
MV-4128_S29__NODE_625_length_10079_cov_23.329908	1	10079	590	9820	97.4303	8.63399	35.5	29.9
MV-4128_S29__NODE_626_length_10079_cov_7.672785	1	10079	8	756	7.50074	0.10378	35.4	42
MV-4125_S18__NODE_1098_length_10075_cov_28.315868	1	10075	2865	10051	99.7618	41.3742	35.5	35
MV-4122_S12__NODE_1388_length_10074_cov_36.443358	1	10074	4	314	3.11693	0.0555886	36.3	33
MV-4125_S18__NODE_1099_length_10073_cov_59.421541	1	10073	5630	10070	99.9702	81.9453	35.5	36.6
MV-4125_S18__NODE_1100_length_10073_cov_14.902176	1	10073	1656	10073	100	23.7564	35.4	41.9
MV-4128_S29__NODE_628_length_10073_cov_14.859553	1	10073	429	9157	90.9064	6.20897	35.5	41.9
MV-4122_S12__NODE_1390_length_10069_cov_14.704614	1	10069	52	4033	40.0536	0.773562	35.5	42
MV-4122_S12__NODE_1391_length_10065_cov_11.545854	1	10065	261	8958	89.0015	3.76433	35.5	41.9
MV-4128_S29__NODE_629_length_10061_cov_22.767539	1	10061	1537	9791	97.3164	22.3869	35.6	36.3
MV-4122_S12__NODE_1392_length_10055_cov_27.025400	1	10055	2763	10017	99.6221	40.2256	35.5	2.41
MV-4122_S12__NODE_1393_length_10054_cov_13.413041	1	10054	74	6038	60.0557	1.08355	35.4	42
MV-4125_S18__NODE_1106_length_10053_cov_24.926985	1	10053	2675	10053	100	39.2801	35.4	41.8
MV-4128_S29__NODE_630_length_10040_cov_27.747822	1	10040	637	9912	98.7251	9.35468	35.4	41.9
MV-4122_S12__NODE_1394_length_10037_cov_89.723803	1	10037	1328	9754	97.1804	19.3765	35.4	17.5
MV-4122_S12__NODE_1395_length_10037_cov_77.960329	1	10037	886	9711	96.752	12.7957	35.5	41.9
MV-4122_S12__NODE_1396_length_10036_cov_14.491434	1	10036	72	5334	53.1487	1.06796	35.3	42
MV-4125_S18__NODE_1107_length_10029_cov_20.513335	1	10029	2267	9896	98.6738	32.6071	35.4	41.9
MV-4122_S12__NODE_1397_length_10024_cov_62.330224	1	10024	6	679	6.77374	0.0903831	35.9	42
MV-4128_S29__NODE_631_length_10022_cov_20.634093	1	10022	585	9611	95.899	8.67462	35.5	41.9
MV-4125_S18__NODE_1109_length_10020_cov_7.377622	1	10020	782	10020	100	11.586	35.5	42
MV-4125_S18__NODE_1110_length_10013_cov_54.010243	1	10013	5516	10013	100	80.546	35.3	41.5
MV-4122_S12__NODE_1399_length_10009_cov_28.799779	1	10009	703	9910	99.0109	10.3834	35.5	41.7
MV-4125_S18__NODE_1113_length_10009_cov_12.996082	1	10009	531	9622	96.1335	7.80428	35.6	0.996
cell-4125-0-44_S16__NODE_99_length_10008_cov_10.019090	1	10008	1957	9850	98.4213	28.8797	35.5	22.9
MV-4122_S12__NODE_1400_length_10000_cov_28.974359	1	10000	1031	9933	99.33	15.1938	35.4	41.4
MV-4125_S18__NODE_1115_length_9999_cov_6.483608	1	9999	692	9982	99.83	10.2539	35.5	41.6
MV-4125_S18__NODE_1116_length_9994_cov_16.884093	1	9994	1866	9994	100	26.89	35.4	42
MV-4122_S12__NODE_1401_length_9986_cov_12.177726	1	9986	70	5423	54.306	1.02403	35.4	42
MV-4122_S12__NODE_1403_length_9981_cov_22.464840	1	9981	809	9878	98.968	11.9572	35.4	41.8
MV-4122_S12__NODE_1404_length_9977_cov_25.941242	1	9977	584	9695	97.1735	8.68026	35.5	41.6
Biragzang__NODE_920_length_9976_cov_14.571515	1	9976	2	285	2.85686	0.0302727	36.2	42
MV-4125_S18__NODE_1118_length_9975_cov_5.360484	1	9975	577	9975	100	8.52591	35.4	42
MV-4122_S12__NODE_1405_length_9970_cov_12.259304	1	9970	284	8796	88.2247	4.18576	35.4	41.9
MV-4128_S29__NODE_633_length_9961_cov_31.258328	1	9961	705	9693	97.3095	10.531	35.7	42
MV-4125_S18__NODE_1120_length_9958_cov_8.624760	1	9958	917	9958	100	13.5848	35.4	41.9
MV-4122_S12__NODE_1407_length_9955_cov_23.804747	1	9955	787	9673	97.1673	11.551	35.5	42
MV-4122_S12__NODE_1408_length_9954_cov_21.317507	1	9954	691	9695	97.398	10.1672	35.5	39.6
MV-4125_S18__NODE_1122_length_9952_cov_19.271698	1	9952	2037	9908	99.5579	29.9507	35.5	40.6
MV-4125_S18__NODE_1123_length_9952_cov_7.664141	1	9952	808	9952	100	12.0391	35.5	41.9
MV-4125_S18__NODE_1124_length_9948_cov_20.582331	1	9948	2209	9948	100	32.47	35.5	41.9
MV-4125_S18__NODE_1125_length_9945_cov_13.275430	1	9945	1422	9945	100	20.8883	35.3	41.8
MV-4128_S29__NODE_634_length_9942_cov_24.556589	1	9942	488	9500	95.5542	7.21957	35.6	30.6
MV-4125_S18__NODE_1126_length_9940_cov_6.936773	1	9940	738	9940	100	10.9627	35.6	42
MV-4122_S12__NODE_1409_length_9934_cov_11.267942	1	9934	68	4537	45.6714	1.01832	35.6	42
MV-4122_S12__NODE_1410_length_9929_cov_7.877557	1	9929	55	4197	42.2701	0.814886	35.3	42
MV-4122_S12__NODE_1411_length_9928_cov_50.493872	1	9928	961	9727	97.9754	14.1168	35.4	27
MV-4122_S12__NODE_1412_length_9926_cov_19.462668	1	9926	433	9323	93.925	6.41235	35.5	42
MV-4122_S12__NODE_1413_length_9924_cov_34.076604	1	9924	746	9675	97.4909	11.1381	35.5	42
MV-4122_S12__NODE_1414_length_9915_cov_22.790568	1	9915	841	9585	96.6717	12.5385	35.5	41.6
MV-4128_S29__NODE_635_length_9915_cov_16.967241	1	9915	1950	9858	99.4251	28.8272	35.4	41.9
MV-4122_S12__NODE_1415_length_9914_cov_17.661020	1	9914	583	9205	92.8485	8.56355	35.6	41.1
MV-4125_S18__NODE_1129_length_9911_cov_17.551035	1	9911	1936	9911	100	28.1338	35.4	42
MV-4122_S12__NODE_1416_length_9904_cov_12.893999	1	9904	75	5068	51.1712	1.10693	35.5	41.7
MV-4128_S29__NODE_636_length_9901_cov_29.481109	1	9901	554	9747	98.4446	8.27169	35.4	26.7
MV-4122_S12__NODE_1417_length_9900_cov_12.597664	1	9900	275	9345	94.3939	4.07182	35.5	41.4
MV-4122_S12__NODE_1418_length_9899_cov_23.676656	1	9899	567	9682	97.8079	8.42772	35.4	41.9
MV-4125_S18__NODE_1131_length_9896_cov_28.827863	1	9896	3109	9896	100	45.5639	35.4	41.9
MV-4122_S12__NODE_1420_length_9890_cov_23.722318	1	9890	756	9749	98.5743	11.3103	35.5	41.4
MV-4122_S12__NODE_1421_length_9887_cov_21.376017	1	9887	429	8836	89.3699	6.32477	35.5	42
MV-4128_S29__NODE_638_length_9884_cov_23.899786	1	9884	433	9279	93.879	6.44294	35.5	41.9
MV-4128_S29__NODE_639_length_9882_cov_25.179505	1	9882	500	9489	96.0231	7.35671	35.3	24.9
MV-4128_S29__NODE_640_length_9877_cov_15.058949	1	9877	402	9423	95.4035	5.9267	35.5	41.9
MV-4122_S12__NODE_1422_length_9876_cov_8.581407	1	9876	42	2634	26.6707	0.619077	35.4	42
MV-4122_S12__NODE_1423_length_9874_cov_43.812812	1	9874	2076	9823	99.4835	30.5606	35.5	1
MV-4122_S12__NODE_1424_length_9874_cov_5.606172	1	9874	16	1900	19.2425	0.244683	35.4	42
MV-4122_S12__NODE_1425_length_9873_cov_32.955999	1	9873	3	264	2.67396	0.0381849	35.4	34.3
MV-4128_S29__NODE_641_length_9873_cov_226.239866	1	9873	8483	9872	99.9899	123.373	35.5	41.9
MV-4128_S29__NODE_642_length_9863_cov_28.726346	1	9863	693	9704	98.3879	10.3257	35.4	41.9
MV-4122_S12__NODE_1426_length_9861_cov_7.542423	1	9861	44	4108	41.6591	0.649224	35.9	42
MV-4125_S18__NODE_1134_length_9854_cov_23.804470	1	9854	2579	9854	100	37.8626	35.4	42
MV-4128_S29__NODE_643_length_9853_cov_7.505001	1	9853	2	158	1.60357	0.0306506	36	42
MV-4122_S12__NODE_1429_length_9843_cov_7.395484	1	9843	216	8368	85.0147	3.20349	35.4	42
MV-4122_S12__NODE_1431_length_9820_cov_12.117768	1	9820	245	8602	87.5967	3.68768	35.6	40.8
MV-4128_S29__NODE_644_length_9819_cov_23.884269	1	9819	523	9550	97.2604	7.85508	35.4	41.8
MV-4128_S29__NODE_645_length_9814_cov_14.461215	1	9814	432	9686	98.6957	6.47391	35.6	41.9
MV-4125_S18__NODE_1135_length_9810_cov_8.209431	1	9810	857	9810	100	12.9181	35.4	41.9
cell-4122-0-44_S10__NODE_214_length_9801_cov_20.498461	1	9801	2	302	3.08132	0.0308132	28.1	42
MV-4128_S29__NODE_646_length_9799_cov_12.814245	1	9799	1837	9735	99.3469	27.4025	35.5	41.9
MV-4122_S12__NODE_1433_length_9793_cov_9.960053	1	9793	230	7923	80.9047	3.45512	35.5	42
MV-4125_S18__NODE_1136_length_9791_cov_80.112264	1	9791	4133	9783	99.9183	62.3368	35.5	1.94
MV-4122_S12__NODE_1434_length_9789_cov_10.066879	1	9789	40	3560	36.3674	0.598631	35.3	42
MV-4122_S12__NODE_1435_length_9783_cov_22.799856	1	9783	519	9263	94.6847	7.82214	35.5	42
MV-4122_S12__NODE_1436_length_9782_cov_13.317261	1	9782	280	9043	92.4453	4.21662	35.3	41.9
MV-4125_S18__NODE_1139_length_9782_cov_19.981186	1	9782	876	9760	99.7751	13.2404	35.4	2.66
MV-4128_S29__NODE_647_length_9779_cov_8.712258	1	9779	6	548	5.60384	0.0830351	35.3	42
MV-4128_S29__NODE_648_length_9775_cov_6.329218	1	9775	117	6636	67.8875	1.78691	35.3	42
MV-4125_S18__NODE_1141_length_9772_cov_6.547494	1	9772	680	9772	100	10.328	35.7	41.9
MV-4125_S18__NODE_1142_length_9772_cov_5.782855	1	9772	608	9715	99.4167	9.1975	35.5	41.6
MV-4125_S18__NODE_1143_length_9768_cov_9.985895	1	9768	814	9763	99.9488	12.3316	35.4	36.3
MV-4125_S18__NODE_1144_length_9768_cov_6.903222	1	9768	717	9768	100	10.8531	35.4	41.9
MV-4125_S18__NODE_1145_length_9763_cov_7.076947	1	9763	740	9763	100	11.2184	35.6	42
MV-4122_S12__NODE_1438_length_9755_cov_20.530825	1	9755	452	9370	96.0533	6.86745	35.5	42
MV-4122_S12__NODE_1439_length_9752_cov_25.165206	1	9752	609	9245	94.8011	9.17166	35.4	42
MV-4122_S12__NODE_1440_length_9751_cov_22.548886	1	9751	561	9447	96.8824	8.52446	35.5	41.8
MV-4128_S29__NODE_649_length_9749_cov_25.809676	1	9749	505	9605	98.5229	7.67248	35.5	28.7
cell-4125-0-44_S16__NODE_109_length_9749_cov_11.402311	1	9749	1436	9718	99.682	21.7043	35.5	19.2
MV-4128_S29__NODE_650_length_9743_cov_11.552642	1	9743	394	9317	95.6276	5.9104	35.3	41.9
MV-4128_S29__NODE_651_length_9736_cov_12.854354	1	9736	839	9602	98.6237	12.6098	35.4	1.39
cell-4125-0-44_S16__NODE_110_length_9733_cov_9.519116	1	9733	1354	9723	99.8973	20.3395	35.4	21.6
cell-4125-0-44_S16__NODE_111_length_9730_cov_7.581189	1	9730	528	9424	96.8551	7.95838	35.5	4.28
MV-4125_S18__NODE_1147_length_9729_cov_6.273620	1	9729	651	9729	100	9.89989	35.6	42
MV-4125_S18__NODE_1148_length_9725_cov_7.322958	1	9725	756	9724	99.9897	11.505	35.6	41.9
MV-4125_S18__NODE_1149_length_9724_cov_19.917468	1	9724	2149	9708	99.8355	31.7641	35.4	42
MV-4125_S18__NODE_1150_length_9723_cov_7.097849	1	9723	734	9669	99.4446	11.1376	35.4	42
MV-4125_S18__NODE_1151_length_9721_cov_18.095076	1	9721	1435	9700	99.784	21.7957	35.5	31.2
MV-4122_S12__NODE_1444_length_9714_cov_24.960762	1	9714	511	9592	98.7441	7.65987	35.5	16.7
MV-4122_S12__NODE_1445_length_9708_cov_24.451569	1	9708	892	9465	97.4969	13.5596	35.7	41.4
MV-4125_S18__NODE_1153_length_9706_cov_7.400891	1	9706	767	9706	100	11.6527	35.4	41.9
cell-4125-0-44_S16__NODE_112_length_9702_cov_8.738572	1	9702	1646	9576	98.7013	24.7829	35.5	33.5
MV-4122_S12__NODE_1447_length_9697_cov_12.361543	1	9697	271	9092	93.761	4.12602	35.4	41
MV-4122_S12__NODE_1448_length_9690_cov_11.134925	1	9690	1654	9628	99.3602	24.3957	35.3	31.6
MV-4128_S29__NODE_652_length_9690_cov_14.631033	1	9690	373	9123	94.1486	5.6031	35.5	42
MV-4125_S18__NODE_1155_length_9685_cov_18.416615	1	9685	1034	9508	98.1724	15.691	35.5	8.84
MV-4122_S12__NODE_1449_length_9684_cov_12.125766	1	9684	234	8346	86.1834	3.53263	35.5	41.8
MV-4128_S29__NODE_654_length_9665_cov_26.475650	1	9665	453	9598	99.3068	6.85846	35.6	34.2
cell-4122-0-44_S10__NODE_218_length_9664_cov_45.119055	1	9664	2	102	1.05546	0.0211093	36.4	21
MV-4122_S12__NODE_1450_length_9663_cov_12.658514	1	9663	70	5484	56.7526	1.08227	35.3	42
cell-4125-0-44_S16__NODE_114_length_9645_cov_6.735871	1	9645	2	92	0.953862	0.0190772	35.7	24
MV-4122_S12__NODE_1453_length_9642_cov_7.815166	1	9642	51	4211	43.6735	0.767994	35.3	41.6
MV-4122_S12__NODE_1454_length_9641_cov_9.551742	1	9641	56	4490	46.5719	0.851364	35.8	42
MV-4125_S18__NODE_1159_length_9638_cov_12.392257	1	9638	888	9630	99.917	13.491	35.4	23.5
MV-4125_S18__NODE_1160_length_9638_cov_11.391214	1	9638	830	9596	99.5642	12.5049	35.5	24.1
MV-4128_S29__NODE_655_length_9634_cov_31.074851	1	9634	614	9555	99.18	9.45589	35.5	42
MV-4122_S12__NODE_1456_length_9629_cov_7.434406	1	9629	40	2899	30.107	0.587392	36.1	42
MV-4128_S29__NODE_656_length_9623_cov_25.188963	1	9623	495	9117	94.7418	7.56801	35.5	41.6
MV-4122_S12__NODE_1457_length_9622_cov_13.420403	1	9622	109	6713	69.7672	1.64986	35.6	41.8
MV-4125_S18__NODE_1165_length_9612_cov_9.163231	1	9612	998	9612	100	14.7339	35.3	41.9
MV-4128_S29__NODE_657_length_9611_cov_9.801172	1	9611	255	8618	89.6681	3.85194	35.6	42
MV-4128_S29__NODE_658_length_9611_cov_9.243826	1	9611	248	8365	87.0357	3.6787	35.4	41.9
MV-4128_S29__NODE_659_length_9607_cov_26.761621	1	9607	590	9362	97.4498	9.09951	35.6	41.8
MV-4122_S12__NODE_1458_length_9606_cov_8.548948	1	9606	47	3777	39.3192	0.699042	35	42
MV-4125_S18__NODE_1166_length_9600_cov_24.224935	1	9600	2567	9600	100	38.6132	35.5	41.9
MV-4125_S18__NODE_1168_length_9591_cov_6.725357	1	9591	690	9591	100	10.6193	35.5	42
MV-4122_S12__NODE_1462_length_9580_cov_48.371129	1	9580	585	8828	92.1503	8.76472	35.3	41.8
MV-4122_S12__NODE_1463_length_9577_cov_4.344991	1	9577	8	761	7.94612	0.126136	36.1	42
MV-4125_S18__NODE_1169_length_9577_cov_29.824722	1	9577	3114	9577	100	47.2511	35.4	41.8
MV-4128_S29__NODE_660_length_9569_cov_14.703069	1	9569	402	8581	89.675	6.11119	35.4	41.9
MV-4122_S12__NODE_1464_length_9563_cov_12.085612	1	9563	58	4372	45.7179	0.883823	35.7	42
MV-4128_S29__NODE_661_length_9563_cov_13.833193	1	9563	400	9231	96.5283	6.10687	35.3	42
MV-4125_S18__NODE_1172_length_9560_cov_18.875539	1	9560	1567	9543	99.8222	24.0639	35.5	27.4
MV-4128_S29__NODE_662_length_9555_cov_24.676421	1	9555	525	8894	93.0822	8.09859	35.6	41.8
MV-4128_S29__NODE_663_length_9555_cov_24.538421	1	9555	569	9167	95.9393	8.8067	35.5	42
MV-4128_S29__NODE_664_length_9551_cov_15.256108	1	9551	421	9319	97.5709	6.46016	35.5	41.9
MV-4125_S18__NODE_1173_length_9550_cov_7.563454	1	9550	773	9516	99.644	11.9934	35.6	41.9
MV-4122_S12__NODE_1467_length_9540_cov_11.726199	1	9540	273	8325	87.2642	4.21751	35.6	41.6
MV-4122_S12__NODE_1468_length_9537_cov_9.565176	1	9537	64	4221	44.2592	0.954178	35.4	42
MV-4128_S29__NODE_665_length_9537_cov_28.123814	1	9537	572	9393	98.4901	8.88581	35.6	42
MV-4125_S18__NODE_1175_length_9535_cov_9.120570	1	9535	922	9535	100	14.313	35.6	42
MV-4128_S29__NODE_666_length_9529_cov_16.455351	1	9529	514	8763	91.9614	7.8918	35.6	41.9
MV-4122_S12__NODE_1470_length_9524_cov_11.951526	1	9524	265	8779	92.1777	4.08305	35.5	41.9
MV-4125_S18__NODE_1178_length_9518_cov_17.187150	1	9518	985	9495	99.7584	15.2437	35.4	8
cell-4125-0-44_S16__NODE_117_length_9509_cov_8.332663	1	9509	1427	9139	96.1089	22.1074	35.4	25.9
MV-4125_S18__NODE_1179_length_9503_cov_35.930779	1	9503	3707	9503	100	56.9679	35.4	42
MV-4125_S18__NODE_1180_length_9502_cov_15.911824	1	9502	852	9502	100	13.1695	35.4	1.71
MV-4125_S18__NODE_1181_length_9500_cov_23.525357	1	9500	2376	9500	100	36.82	35.5	41.4
MV-4122_S12__NODE_1475_length_9498_cov_24.995023	1	9498	565	9073	95.5254	8.76637	35.4	41.9
MV-4125_S18__NODE_1182_length_9498_cov_24.659324	1	9498	2549	9498	100	39.0754	35.4	42
MV-4122_S12__NODE_1476_length_9494_cov_23.947876	1	9494	558	9245	97.3773	8.60944	35.4	41.9
MV-4122_S12__NODE_1477_length_9492_cov_144.151425	1	9492	1719	9398	99.0097	26.914	35.5	41.9
MV-4125_S18__NODE_1183_length_9491_cov_7.694362	1	9491	778	9491	100	12.1487	35.4	41.9
MV-4122_S12__NODE_1478_length_9490_cov_8.941918	1	9490	123	6917	72.8872	1.90727	35.8	42
MV-4128_S29__NODE_667_length_9490_cov_12.996820	1	9490	336	8752	92.2234	5.24015	35.5	41.9
MV-4122_S12__NODE_1479_length_9475_cov_8.347346	1	9475	32	2752	29.0449	0.488443	34.8	42
MV-4128_S29__NODE_668_length_9475_cov_14.755202	1	9475	368	8748	92.3272	5.6724	35.4	42
cell-4125-0-44_S16__NODE_118_length_9471_cov_8.230140	1	9471	2	126	1.33038	0.0266075	36.4	42
MV-4122_S12__NODE_1480_length_9465_cov_27.668438	1	9465	660	9316	98.4258	10.3013	35.4	41.8
MV-4122_S12__NODE_1481_length_9463_cov_12.411565	1	9463	275	8722	92.1695	4.31481	35.3	40.8
MV-4125_S18__NODE_1187_length_9451_cov_7.133461	1	9451	719	9451	100	11.1949	35.6	42
MV-4128_S29__NODE_669_length_9439_cov_14.363704	1	9439	363	8596	91.069	5.57188	35.4	41.9
MV-4125_S18__NODE_1191_length_9434_cov_6.629172	1	9434	673	9434	100	10.5008	35.4	41.5
MV-4128_S29__NODE_670_length_9428_cov_22.552758	1	9428	518	9212	97.709	8.0595	35.5	39.3
MV-4128_S29__NODE_671_length_9418_cov_15.238278	1	9418	368	8859	94.0646	5.69314	35.3	42
MV-4125_S18__NODE_1193_length_9417_cov_16.828135	1	9417	1729	9417	100	26.757	35.5	42
MV-4128_S29__NODE_672_length_9409_cov_11.700021	1	9409	342	8781	93.3255	5.28133	35.5	41.9
MV-4125_S18__NODE_1196_length_9407_cov_22.351155	1	9407	2330	9394	99.8618	35.6605	35.4	41.9
MV-4128_S29__NODE_673_length_9405_cov_25.453262	1	9405	573	9245	98.2988	8.94694	35.5	41
MV-4128_S29__NODE_674_length_9384_cov_26.002144	1	9384	584	8964	95.5243	9.177	35.5	42
MV-4125_S18__NODE_1197_length_9383_cov_6.438036	1	9383	637	9383	100	10.0991	35.5	42
MV-4128_S29__NODE_675_length_9378_cov_4.630376	1	9378	4	320	3.41224	0.0624867	35.4	42
MV-4122_S12__NODE_1486_length_9373_cov_10.194570	1	9373	58	4290	45.7698	0.927558	35.8	42
cell-4125-0-44_S16__NODE_120_length_9373_cov_10.025005	1	9373	969	8854	94.4628	15.2692	35.5	18.4
cell-4125-0-44_S16__NODE_121_length_9372_cov_8.323709	1	9372	2	109	1.16304	0.0232608	35	42
MV-4128_S29__NODE_676_length_9370_cov_21.852818	1	9370	420	8837	94.3116	6.51483	35.6	26
MV-4122_S12__NODE_1487_length_9363_cov_11.396755	1	9363	250	8165	87.205	3.9058	35.7	41.6
MV-4128_S29__NODE_677_length_9361_cov_11.914894	1	9361	340	8656	92.4688	5.30403	35.5	41.9
MV-4122_S12__NODE_1488_length_9356_cov_12.535211	1	9356	59	4758	50.8551	0.925075	35.1	42
MV-4125_S18__NODE_1199_length_9356_cov_26.511558	1	9356	2721	9325	99.6687	42.0734	35.5	41.9
MV-4122_S12__NODE_1489_length_9354_cov_61.616733	1	9354	1857	9219	98.5568	29.285	35.5	27
MV-4122_S12__NODE_1490_length_9348_cov_12.458732	1	9348	43	3487	37.3021	0.692875	35.3	41.6
MV-4125_S18__NODE_1200_length_9348_cov_6.731949	1	9348	684	9348	100	10.7097	35.5	42
MV-4125_S18__NODE_1201_length_9346_cov_12.511570	1	9346	1317	9346	100	20.0598	35.4	41.9
MV-4125_S18__NODE_1203_length_9344_cov_8.150931	1	9344	625	9282	99.3365	9.88709	35.5	26.8
MV-4122_S12__NODE_1494_length_9340_cov_7.599569	1	9340	21	2327	24.9143	0.338437	35.5	42
MV-4122_S12__NODE_1495_length_9339_cov_11.323029	1	9339	286	8432	90.288	4.52404	35.7	41.7
MV-4122_S12__NODE_1496_length_9329_cov_23.859068	1	9329	439	8741	93.6971	6.93504	35.5	41.9
MV-4128_S29__NODE_678_length_9328_cov_9.905856	1	9328	2	163	1.74743	0.0323756	36.3	42
MV-4122_S12__NODE_1498_length_9324_cov_13.419247	1	9324	34	2619	28.0888	0.531532	35.4	42
MV-4128_S29__NODE_679_length_9324_cov_16.252023	1	9324	247	7798	83.6336	3.81349	35.3	41.8
MV-4122_S12__NODE_1499_length_9319_cov_11.898100	1	9319	216	8731	93.6903	3.42773	35.3	41.9
MV-4122_S12__NODE_1501_length_9317_cov_9.008637	1	9317	37	2463	26.4355	0.560588	35.6	41.9
MV-4128_S29__NODE_680_length_9310_cov_25.873690	1	9310	578	9209	98.9151	9.19656	35.5	41.9
MV-4122_S12__NODE_1503_length_9309_cov_13.417981	1	9309	84	5304	56.9771	1.33398	35.6	42
MV-4125_S18__NODE_1206_length_9306_cov_6.774835	1	9306	677	9306	100	10.7219	35.5	42
MV-4125_S18__NODE_1208_length_9303_cov_27.188041	1	9303	2633	9278	99.7313	41.7575	35.5	40.4
MV-4122_S12__NODE_1505_length_9301_cov_8.152607	1	9301	58	3432	36.8993	0.874745	35.7	42
MV-4125_S18__NODE_1209_length_9300_cov_20.090211	1	9300	1026	9255	99.5161	16.2397	35.4	12.8
MV-4128_S29__NODE_681_length_9299_cov_26.504760	1	9299	494	9189	98.8171	7.91117	35.5	42
MV-4128_S29__NODE_682_length_9298_cov_14.534350	1	9298	391	8224	88.4491	6.07679	35.4	41.9
MV-4125_S18__NODE_1212_length_9288_cov_7.814795	1	9288	767	9288	100	12.265	35.4	41.9
MV-4125_S18__NODE_1213_length_9288_cov_7.505686	1	9288	517	8750	94.2076	8.13824	35.3	25.3
MV-4128_S29__NODE_684_length_9288_cov_7.047005	1	9288	71	4185	45.0581	1.10293	35.6	34.8
MV-4122_S12__NODE_1507_length_9283_cov_15.672627	1	9283	506	8958	96.499	7.93741	35.2	41.9
MV-4122_S12__NODE_1508_length_9275_cov_8.453688	1	9275	48	4132	44.5499	0.748679	35.7	42
MV-4128_S29__NODE_685_length_9274_cov_10.569910	1	9274	268	8122	87.5782	4.30418	35.4	41.9
MV-4122_S12__NODE_1509_length_9273_cov_11.721957	1	9273	48	3267	35.2313	0.769977	35.6	42
MV-4125_S18__NODE_1215_length_9272_cov_6.391993	1	9272	622	9272	100	9.99148	35.5	42
MV-4122_S12__NODE_1511_length_9266_cov_82.683205	1	9266	1705	9124	98.4675	27.0391	35.5	24.5
MV-4128_S29__NODE_686_length_9261_cov_14.381708	1	9261	398	8841	95.4649	6.20235	35.6	42
MV-4122_S12__NODE_1512_length_9256_cov_24.420715	1	9256	513	9176	99.1357	8.23541	35.5	41.9
MV-4128_S29__NODE_687_length_9255_cov_14.522391	1	9255	440	8704	94.0465	6.94025	35.6	41.8
MV-4122_S12__NODE_1513_length_9253_cov_11.138400	1	9253	58	4010	43.3373	0.929861	35.6	42
MV-4122_S12__NODE_1516_length_9242_cov_12.103407	1	9242	43	3205	34.6786	0.684376	35.4	42
MV-4125_S18__NODE_1219_length_9238_cov_20.152565	1	9238	2052	9232	99.9351	31.9707	35.4	41.9
MV-4125_S18__NODE_1221_length_9237_cov_20.205946	1	9237	1573	9234	99.9675	25.0569	35.5	28.6
MV-4122_S12__NODE_1517_length_9236_cov_90.025923	1	9236	664	9221	99.8376	10.543	35.4	1.44
MV-4122_S12__NODE_1518_length_9223_cov_6.616710	1	9223	33	2653	28.765	0.490513	35.3	41.9
MV-4125_S18__NODE_1223_length_9223_cov_27.221968	1	9223	2740	9223	100	43.1544	35.4	41.9
MV-4122_S12__NODE_1521_length_9216_cov_31.580286	1	9216	584	9170	99.5009	9.34538	35.3	42
MV-4122_S12__NODE_1522_length_9214_cov_11.900535	1	9214	225	7191	78.0443	3.55513	35.5	41.8
MV-4122_S12__NODE_1523_length_9209_cov_36.744811	1	9209	2	302	3.2794	0.032794	36.5	15.5
MV-4125_S18__NODE_1225_length_9196_cov_20.230391	1	9196	1068	8847	96.2049	17.0726	35.4	10.4
MV-4122_S12__NODE_1524_length_9193_cov_24.191289	1	9193	426	8329	90.6015	6.7881	35.4	41.1
MV-4122_S12__NODE_1525_length_9191_cov_12.260398	1	9191	201	7928	86.2583	3.26504	35.2	40.4
MV-4125_S18__NODE_1226_length_9185_cov_28.134283	1	9185	1617	9161	99.7387	26.0397	35.4	11.5
MV-4125_S18__NODE_1228_length_9172_cov_23.201492	1	9172	2252	9172	100	36.0443	35.5	41
MV-4122_S12__NODE_1527_length_9169_cov_21.135286	1	9169	409	8706	94.9504	6.53801	35.5	42
MV-4125_S18__NODE_1230_length_9169_cov_18.865262	1	9169	1866	9169	100	29.706	35.4	41.8
MV-4122_S12__NODE_1528_length_9168_cov_19.083397	1	9168	327	8324	90.7941	5.21477	35.5	7.27
MV-4122_S12__NODE_1529_length_9165_cov_12.513063	1	9165	198	7704	84.0589	3.16705	35.4	41
MV-4125_S18__NODE_1231_length_9165_cov_22.484303	1	9165	1098	9115	99.4544	17.6345	35.5	5
MV-4122_S12__NODE_1530_length_9163_cov_24.865064	1	9163	583	8683	94.7615	9.35654	35.6	42
MV-4122_S12__NODE_1531_length_9159_cov_22.962764	1	9159	700	8810	96.1895	11.2792	35.5	41.4
MV-4122_S12__NODE_1532_length_9158_cov_5.325387	1	9158	14	1613	17.613	0.228434	35.2	42
MV-4128_S29__NODE_688_length_9158_cov_27.207734	1	9158	569	8806	96.1564	9.12142	35.5	42
MV-4125_S18__NODE_1234_length_9153_cov_22.278962	1	9153	1726	9153	100	27.6744	35.4	24.8
MV-4122_S12__NODE_1533_length_9147_cov_11.795864	1	9147	46	3568	39.0073	0.717394	35.7	42
MV-4128_S29__NODE_689_length_9139_cov_24.337627	1	9139	555	8930	97.7131	8.93413	35.5	41.9
MV-4122_S12__NODE_1534_length_9134_cov_23.775967	1	9134	819	8840	96.7813	13.1024	35.6	41.6
cell-4125-0-44_S16__NODE_131_length_9130_cov_9.633719	1	9130	920	9005	98.6309	14.8157	35.6	2.55
MV-4128_S29__NODE_690_length_9129_cov_9.682169	1	9129	317	8652	94.7749	4.98587	35.3	42
MV-4125_S18__NODE_1239_length_9125_cov_22.676626	1	9125	2205	9120	99.9452	35.4821	35.5	41
MV-4122_S12__NODE_1537_length_9124_cov_12.044327	1	9124	249	8186	89.7194	3.97359	35.4	41.9
MV-4122_S12__NODE_1539_length_9111_cov_29.734982	1	9111	1484	8950	98.2329	23.9321	35.5	42
cell-4125-0-44_S16__NODE_132_length_9106_cov_7.671749	1	9106	2	154	1.69119	0.0331649	36.2	42
MV-4122_S12__NODE_1540_length_9105_cov_11.289392	1	9105	76	5139	56.4415	1.21296	35.1	42
MV-4128_S29__NODE_691_length_9103_cov_15.575155	1	9103	400	8876	97.5063	6.40075	35.6	41.8
MV-4128_S29__NODE_692_length_9102_cov_25.944512	1	9102	534	8991	98.7805	8.60712	35.5	39.7
MV-4122_S12__NODE_1541_length_9093_cov_28.051228	1	9093	458	8533	93.8414	7.41131	35.3	41.9
MV-4128_S29__NODE_693_length_9093_cov_13.447002	1	9093	357	8481	93.2695	5.7166	35.6	41.9
MV-4122_S12__NODE_1543_length_9079_cov_46.015182	1	9079	967	9010	99.24	15.706	35.5	0.995
MV-4125_S18__NODE_1244_length_9079_cov_11.181516	1	9079	395	8680	95.6052	6.40533	35.6	1.24
MV-4125_S18__NODE_1245_length_9079_cov_6.197252	1	9079	607	9079	100	9.80769	35.5	41.9
MV-4128_S29__NODE_694_length_9076_cov_13.792928	1	9076	402	8555	94.2596	6.48491	35.6	42
MV-4122_S12__NODE_1546_length_9073_cov_9.663562	1	9073	126	6787	74.8044	2.02226	35.5	42
MV-4128_S29__NODE_695_length_9068_cov_30.266171	1	9068	567	8679	95.7102	9.19067	35.7	42
MV-4125_S18__NODE_1246_length_9065_cov_6.770699	1	9065	654	9065	100	10.6873	35.5	42
MV-4122_S12__NODE_1547_length_9060_cov_10.384231	1	9060	213	7482	82.5828	3.48764	35.3	40.2
cell-4125-0-44_S16__NODE_135_length_9057_cov_8.402799	1	9057	2	199	2.1972	0.0333444	34.7	42
MV-4125_S18__NODE_1247_length_9056_cov_6.988001	1	9056	670	9056	100	10.9422	35.4	41.4
MV-4122_S12__NODE_1548_length_9047_cov_13.021464	1	9047	250	8334	92.1189	4.06544	35.7	41.9
MV-4122_S12__NODE_1549_length_9041_cov_10.059314	1	9041	211	7776	86.0082	3.44099	35.4	41.2
MV-4125_S18__NODE_1250_length_9036_cov_19.450284	1	9036	1948	9036	100	31.0489	35.4	41.9
MV-4128_S29__NODE_696_length_9032_cov_23.849727	1	9032	440	8978	99.4021	7.1322	35.5	41.9
MV-4122_S12__NODE_1550_length_9027_cov_23.797815	1	9027	419	8700	96.3775	6.78354	35.4	41.5
MV-4128_S29__NODE_697_length_9026_cov_32.002898	1	9026	551	8938	99.025	9.00366	35.6	39.3
MV-4122_S12__NODE_1551_length_9016_cov_11.297846	1	9016	210	8168	90.5945	3.4583	35.7	41.4
MV-4125_S18__NODE_1252_length_9011_cov_7.768870	1	9011	743	9011	100	12.2378	35.7	42
MV-4125_S18__NODE_1253_length_9010_cov_6.632831	1	9010	641	9010	100	10.4941	35.5	41.7
MV-4128_S29__NODE_698_length_9010_cov_37.020212	1	9010	691	8864	98.3796	11.1817	35.5	23.6
MV-4122_S12__NODE_1554_length_9009_cov_11.339178	1	9009	58	4288	47.5968	0.934732	35.2	42
MV-4125_S18__NODE_1254_length_9007_cov_9.732015	1	9007	506	8503	94.4044	8.26579	35.5	6.97
MV-4125_S18__NODE_1256_length_9000_cov_34.589603	1	9000	2738	8999	99.9889	44.784	35.5	24.6
MV-4125_S18__NODE_1257_length_9000_cov_7.108664	1	9000	576	8993	99.9222	9.45322	35.4	33.7
MV-4128_S29__NODE_700_length_9000_cov_17.566238	1	9000	425	8347	92.7444	6.907	35.3	41.2
MV-4122_S12__NODE_1555_length_8997_cov_9.138224	1	8997	70	5035	55.9631	1.15038	35.7	42
MV-4125_S18__NODE_1258_length_8991_cov_6.973254	1	8991	666	8957	99.6218	10.8812	35.5	41.2
MV-4122_S12__NODE_1556_length_8989_cov_6.265726	1	8989	30	2435	27.0887	0.48971	35	42
MV-4128_S29__NODE_701_length_8989_cov_20.150884	1	8989	420	8530	94.8938	6.84659	35.5	42
MV-4128_S29__NODE_702_length_8983_cov_24.531698	1	8983	441	8727	97.1502	7.18435	35.5	21.1
MV-4122_S12__NODE_1558_length_8980_cov_10.416022	1	8980	206	7814	87.0156	3.34577	35.7	39
MV-4122_S12__NODE_1559_length_8979_cov_12.592223	1	8979	83	5031	56.0307	1.3673	36	42
MV-4125_S18__NODE_1261_length_8977_cov_7.250953	1	8977	698	8951	99.7104	11.4564	35.4	42
MV-4122_S12__NODE_1560_length_8975_cov_4.423767	1	8975	12	1264	14.0836	0.189861	34.3	42
MV-4125_S18__NODE_1263_length_8969_cov_6.990464	1	8969	675	8969	100	11.1293	35.4	41.8
MV-4128_S29__NODE_703_length_8964_cov_29.598047	1	8964	577	8813	98.3155	9.56459	35.3	39.2
MV-4125_S18__NODE_1266_length_8960_cov_19.377541	1	8960	1905	8960	100	30.7637	35.4	41.9
MV-4122_S12__NODE_1562_length_8953_cov_23.148797	1	8953	464	8717	97.364	7.66726	35.5	41.9
MV-4128_S29__NODE_704_length_8952_cov_14.499157	1	8952	449	8343	93.1971	7.28575	35.5	41.4
MV-4128_S29__NODE_705_length_8946_cov_17.167023	1	8946	440	8480	94.791	7.2078	35.5	42
MV-4122_S12__NODE_1564_length_8943_cov_44.795905	1	8943	2	75	0.838645	0.0167729	36.5	24
MV-4122_S12__NODE_1565_length_8938_cov_9.123157	1	8938	54	3369	37.693	0.84247	35.7	42
MV-4122_S12__NODE_1566_length_8935_cov_21.861261	1	8935	721	8863	99.1942	11.8774	35.5	41.5
MV-4122_S12__NODE_1568_length_8931_cov_23.156489	1	8931	768	8747	97.9398	12.4696	35.5	41.3
MV-4128_S29__NODE_706_length_8926_cov_628.193777	1	8926	25642	8926	100	418.972	35.4	41.2
MV-4122_S12__NODE_1569_length_8924_cov_18.808547	1	8924	428	8492	95.1591	7.05076	35.6	41.9
MV-4128_S29__NODE_707_length_8918_cov_20.517658	1	8918	438	8420	94.4158	7.23851	35.6	37.5
MV-4122_S12__NODE_1570_length_8917_cov_41.678515	1	8917	1080	8643	96.9272	17.6464	35.5	20.7
MV-4128_S29__NODE_708_length_8913_cov_14.136713	1	8913	341	8466	94.9849	5.62022	35.3	41.9
MV-4128_S29__NODE_709_length_8911_cov_13.742435	1	8911	390	8356	93.7717	6.45023	35.4	41.9
MV-4125_S18__NODE_1269_length_8910_cov_16.506606	1	8910	821	8873	99.5847	13.5668	35.4	2.62
MV-4122_S12__NODE_1571_length_8906_cov_29.906790	1	8906	481	8336	93.5998	7.98349	35.5	41.7
MV-4122_S12__NODE_1572_length_8897_cov_25.470934	1	8897	1181	8604	96.7068	19.4308	35.4	41.9
MV-4122_S12__NODE_1573_length_8893_cov_19.681715	1	8893	436	8529	95.9069	7.17351	35.6	42
cell-4125-0-44_S16__NODE_141_length_8890_cov_10.083418	1	8890	1102	8670	97.5253	18.2341	35.5	11.6
MV-4128_S29__NODE_710_length_8889_cov_10.713041	1	8889	642	8807	99.0775	10.4251	35.4	5.45
MV-4128_S29__NODE_711_length_8887_cov_24.312953	1	8887	550	8805	99.0773	9.17801	35.5	41.9
MV-4122_S12__NODE_1574_length_8885_cov_84.778822	1	8885	946	8636	97.1975	15.7378	35.5	16.8
MV-4122_S12__NODE_1575_length_8883_cov_43.038401	1	8883	2	255	2.87065	0.0333221	31.8	42
MV-4125_S18__NODE_1271_length_8879_cov_6.031845	1	8879	578	8820	99.3355	9.6441	35.5	41.8
MV-4122_S12__NODE_1576_length_8877_cov_8.817162	1	8877	36	3086	34.764	0.594796	35.3	42
MV-4122_S12__NODE_1577_length_8875_cov_7.088209	1	8875	28	2189	24.6648	0.461296	35.2	42
MV-4125_S18__NODE_1272_length_8874_cov_182.885134	1	8874	17506	8874	100	288.106	35.4	41.9
MV-4125_S18__NODE_1273_length_8874_cov_7.371131	1	8874	401	8117	91.4695	6.61787	35.7	17.5
MV-4128_S29__NODE_713_length_8874_cov_18.393015	1	8874	476	8397	94.6247	7.85114	35.5	41.7
MV-4128_S29__NODE_714_length_8873_cov_14.250170	1	8873	362	8304	93.5873	5.97306	35.4	37.3
MV-4122_S12__NODE_1578_length_8872_cov_11.162981	1	8872	46	3535	39.8445	0.762962	35.6	42
MV-4128_S29__NODE_715_length_8871_cov_23.539020	1	8871	396	8423	94.9498	6.52271	35.6	22.2
MV-4128_S29__NODE_716_length_8865_cov_15.419069	1	8865	373	8435	95.1495	6.17259	35.5	41.8
MV-4122_S12__NODE_1579_length_8864_cov_12.815189	1	8864	230	7824	88.2671	3.80912	35.6	41.8
MV-4125_S18__NODE_1275_length_8864_cov_7.580656	1	8864	717	8856	99.9097	11.9726	35.4	41.9
MV-4125_S18__NODE_1276_length_8859_cov_24.067015	1	8859	2287	8859	100	37.9316	35.5	41.9
MV-4122_S12__NODE_1580_length_8858_cov_18.737249	1	8858	657	8476	95.6875	10.5361	35.4	41.6
MV-4122_S12__NODE_1581_length_8855_cov_25.921023	1	8855	582	8601	97.1316	9.64743	35.6	41.9
MV-4122_S12__NODE_1582_length_8855_cov_19.744432	1	8855	391	8427	95.1666	6.48526	35.5	42
cell-4125-0-44_S16__NODE_142_length_8853_cov_9.169357	1	8853	2	119	1.34418	0.0268835	35.7	42
MV-4128_S29__NODE_717_length_8847_cov_13.707006	1	8847	403	8462	95.6482	6.6479	35.5	41.5
MV-4125_S18__NODE_1281_length_8833_cov_17.830485	1	8833	1724	8833	100	28.4127	35.4	41.9
MV-4125_S18__NODE_1283_length_8831_cov_7.212625	1	8831	680	8831	100	11.3464	35.5	42
MV-4122_S12__NODE_1583_length_8830_cov_11.876695	1	8830	211	7222	81.7894	3.48211	35.4	38.8
MV-4128_S29__NODE_718_length_8827_cov_12.505244	1	8827	261	8268	93.6672	4.31256	35.6	41.8
MV-4128_S29__NODE_719_length_8826_cov_15.658078	1	8826	377	8278	93.7911	6.22989	35.4	41.9
MV-4122_S12__NODE_1585_length_8821_cov_29.994068	1	8821	608	8691	98.5262	10.1798	35.4	42
MV-4122_S12__NODE_1586_length_8814_cov_73.434867	1	8814	828	8689	98.5818	13.765	35.5	11.8
MV-4125_S18__NODE_1284_length_8813_cov_7.178237	1	8813	678	8813	100	11.3523	35.4	42
MV-4125_S18__NODE_1285_length_8810_cov_7.919703	1	8810	608	8810	100	9.96039	35.4	31.3
MV-4122_S12__NODE_1587_length_8809_cov_25.501828	1	8809	537	8215	93.2569	8.91781	35.5	41.9
MV-4122_S12__NODE_1588_length_8807_cov_11.275823	1	8807	34	2915	33.0987	0.558192	35.7	42
MV-4125_S18__NODE_1286_length_8806_cov_23.775569	1	8806	2277	8806	100	37.5717	35.4	41.9
MV-4125_S18__NODE_1287_length_8805_cov_15.941371	1	8805	1569	8793	99.8637	25.5128	35.4	41.9
MV-4125_S18__NODE_1288_length_8805_cov_5.972914	1	8805	560	8805	100	9.37104	35.4	41.9
MV-4122_S12__NODE_1589_length_8804_cov_23.643159	1	8804	447	8153	92.6056	7.39028	35.6	42
MV-4128_S29__NODE_720_length_8799_cov_20.615165	1	8799	394	8389	95.3404	6.55768	35.6	29.1
MV-4122_S12__NODE_1592_length_8790_cov_20.032055	1	8790	423	8262	93.9932	7.11524	35.4	42
MV-4125_S18__NODE_1290_length_8787_cov_17.183807	1	8787	1665	8787	100	27.2516	35.3	41.9
MV-4122_S12__NODE_1593_length_8783_cov_26.674610	1	8783	467	7974	90.789	7.79267	35.5	41.9
MV-4125_S18__NODE_1291_length_8778_cov_8.398716	1	8778	837	8778	100	13.4948	35.3	41.9
MV-4122_S12__NODE_1596_length_8773_cov_11.125373	1	8773	185	7609	86.732	3.10578	35.5	41.2
MV-4125_S18__NODE_1292_length_8772_cov_16.764598	1	8772	1205	8722	99.43	20.1514	35.5	27.6
MV-4128_S29__NODE_721_length_8763_cov_14.113803	1	8763	382	8059	91.9662	6.35228	35.5	42
MV-4125_S18__NODE_1295_length_8762_cov_17.330539	1	8762	1654	8762	100	27.4306	35.5	42
MV-4122_S12__NODE_1599_length_8761_cov_26.991615	1	8761	481	8670	98.9613	8.07921	35.5	41.7
MV-4128_S29__NODE_722_length_8759_cov_13.593865	1	8759	339	7668	87.5442	5.6382	35.4	42
MV-4122_S12__NODE_1600_length_8758_cov_19.755716	1	8758	338	7849	89.6209	5.58518	35.4	41.9
MV-4122_S12__NODE_1601_length_8757_cov_10.343714	1	8757	36	3229	36.8734	0.611625	35.5	41
MV-4125_S18__NODE_1296_length_8756_cov_8.011838	1	8756	749	8743	99.8515	12.6245	35.6	41.9
MV-4125_S18__NODE_1297_length_8753_cov_19.108416	1	8753	1622	8752	99.9886	27.2516	35.4	37.1
MV-4128_S29__NODE_723_length_8753_cov_16.464130	1	8753	400	7846	89.6378	6.54713	35.4	41.9
MV-4122_S12__NODE_1602_length_8749_cov_10.847021	1	8749	63	4816	55.0463	1.07521	35.7	42
MV-4128_S29__NODE_724_length_8748_cov_24.317842	1	8748	464	8251	94.3187	7.80464	35.3	37.7
MV-4125_S18__NODE_1300_length_8746_cov_7.166379	1	8746	670	8746	100	11.2816	35.5	42
MV-4122_S12__NODE_1603_length_8744_cov_11.750489	1	8744	50	3799	43.4469	0.818275	35.3	42
MV-4122_S12__NODE_1604_length_8743_cov_26.084484	1	8743	458	8498	97.1978	7.73933	35.5	41.9
MV-4125_S18__NODE_1303_length_8741_cov_7.421828	1	8741	690	8741	100	11.6695	35.5	41.9
MV-4122_S12__NODE_1605_length_8736_cov_31.825711	1	8736	1201	8678	99.3361	19.9327	35.4	41.9
MV-4125_S18__NODE_1305_length_8733_cov_18.181148	1	8733	1789	8733	100	29.1832	35.4	41.9
MV-4122_S12__NODE_1607_length_8730_cov_4.514006	1	8730	16	1155	13.2302	0.244215	35.9	42
MV-4128_S29__NODE_725_length_8730_cov_18.003228	1	8730	573	8502	97.3883	9.5323	35.4	25.8
MV-4125_S18__NODE_1306_length_8729_cov_7.331104	1	8729	680	8729	100	11.5333	35.5	41.8
MV-4122_S12__NODE_1608_length_8725_cov_20.803230	1	8725	213	8035	92.0917	3.62315	35.6	37.8
cell-4125-0-44_S16__NODE_146_length_8724_cov_10.831238	1	8724	1625	8681	99.5071	27.2455	35.5	31.6
cell-4125-0-44_S16__NODE_147_length_8723_cov_8.634864	1	8723	1327	8670	99.3924	22.4234	35.4	23.3
MV-4122_S12__NODE_1609_length_8721_cov_38.153358	1	8721	1203	8517	97.6608	20.1123	35.3	36.4
MV-4128_S29__NODE_726_length_8721_cov_21.411262	1	8721	472	8484	97.2824	7.79807	35.5	27.1
MV-4128_S29__NODE_727_length_8721_cov_20.103393	1	8721	491	8559	98.1424	8.30008	35.4	31
MV-4122_S12__NODE_1610_length_8714_cov_17.137314	1	8714	265	8344	95.754	4.50803	35.4	36.4
MV-4122_S12__NODE_1611_length_8712_cov_7.838050	1	8712	2	302	3.46648	0.0346648	36.1	42
MV-4122_S12__NODE_1612_length_8703_cov_28.819843	1	8703	592	8573	98.5063	9.96518	35.5	41.8
MV-4122_S12__NODE_1613_length_8701_cov_27.192690	1	8701	483	8568	98.4714	8.25043	35.7	42
MV-4122_S12__NODE_1615_length_8697_cov_85.003240	1	8697	1577	8611	99.0112	26.5765	35.4	26.8
MV-4122_S12__NODE_1616_length_8684_cov_34.534013	1	8684	6	395	4.5486	0.104215	35.4	34.3
MV-4125_S18__NODE_1312_length_8684_cov_16.712597	1	8684	1173	8571	98.6988	19.8116	35.5	22
MV-4122_S12__NODE_1617_length_8683_cov_8.484121	1	8683	2	190	2.18818	0.0347806	36.1	42
MV-4122_S12__NODE_1618_length_8682_cov_8.578301	1	8682	93	5724	65.9295	1.59007	35.2	41.8
MV-4128_S29__NODE_729_length_8681_cov_23.345699	1	8681	580	8613	99.2167	9.82156	35.6	32.3
MV-4128_S29__NODE_730_length_8679_cov_12.863173	1	8679	2386	8651	99.6774	40.2666	35.5	39.6
MV-4122_S12__NODE_1620_length_8668_cov_20.261349	1	8668	333	8242	95.0854	5.62448	35.6	41.9
MV-4122_S12__NODE_1621_length_8663_cov_42.788801	1	8663	1760	8564	98.8572	29.9367	35.5	41.9
MV-4125_S18__NODE_1314_length_8662_cov_16.497153	1	8662	1522	8662	100	25.8596	35.4	41.9
MV-4122_S12__NODE_1623_length_8659_cov_8.488029	1	8659	118	6167	71.2207	1.94122	35.3	41.7
MV-4122_S12__NODE_1625_length_8648_cov_26.792273	1	8648	598	8487	98.1383	10.1596	35.5	41.8
MV-4122_S12__NODE_1626_length_8648_cov_25.923892	1	8648	552	8098	93.6401	9.39015	35.6	42
MV-4128_S29__NODE_733_length_8648_cov_13.635750	1	8648	354	8107	93.7442	5.96878	35.5	42
MV-4125_S18__NODE_1316_length_8646_cov_20.798161	1	8646	978	8623	99.734	16.6783	35.5	1.36
MV-4122_S12__NODE_1627_length_8644_cov_11.803353	1	8644	42	3315	38.3503	0.697594	35.7	42
MV-4128_S29__NODE_734_length_8644_cov_26.029340	1	8644	569	8402	97.2004	9.77129	35.6	42
MV-4128_S29__NODE_735_length_8641_cov_16.611926	1	8641	460	8350	96.6323	7.81912	35.4	41.8
MV-4125_S18__NODE_1319_length_8639_cov_17.635601	1	8639	502	8368	96.8631	8.5092	35.5	0.998
cell-4125-0-44_S16__NODE_151_length_8635_cov_9.939860	1	8635	1762	8634	99.9884	30.1191	35.5	28.8
MV-4122_S12__NODE_1629_length_8631_cov_17.119170	1	8631	341	7094	82.1921	5.75681	35.5	41.7
MV-4122_S12__NODE_1630_length_8631_cov_10.690065	1	8631	44	3308	38.327	0.746032	35.4	41.5
MV-4125_S18__NODE_1320_length_8623_cov_6.784314	1	8623	633	8621	99.9768	10.7659	35.4	41.4
MV-4128_S29__NODE_736_length_8622_cov_13.174157	1	8622	378	8411	97.5528	6.36894	35.5	41.9
MV-4122_S12__NODE_1632_length_8616_cov_29.575050	1	8616	844	8341	96.8083	14.3817	35.4	42
MV-4125_S18__NODE_1321_length_8615_cov_18.811916	1	8615	1735	8615	100	29.4099	35.5	40.7
MV-4128_S29__NODE_737_length_8615_cov_15.368925	1	8615	377	8348	96.9008	6.45955	35.4	41.9
MV-4122_S12__NODE_1633_length_8608_cov_12.901438	1	8608	242	7794	90.5437	4.16334	35.6	41.5
MV-4128_S29__NODE_738_length_8606_cov_11.542159	1	8606	317	7989	92.8306	5.38206	35.4	41.9
MV-4122_S12__NODE_1634_length_8600_cov_12.337741	1	8600	252	8268	96.1395	4.29988	35.4	41.5
MV-4128_S29__NODE_739_length_8598_cov_26.542432	1	8598	476	7837	91.1491	8.12794	35.5	41.9
MV-4122_S12__NODE_1635_length_8597_cov_11.666237	1	8597	223	7834	91.1248	3.84448	35.5	41.3
MV-4128_S29__NODE_740_length_8597_cov_12.444392	1	8597	302	7333	85.2972	5.12795	35.4	42
MV-4122_S12__NODE_1636_length_8591_cov_9.656162	1	8591	45	3343	38.9128	0.750669	35.2	42
MV-4125_S18__NODE_1323_length_8591_cov_15.380740	1	8591	1480	8591	100	24.6387	35.4	42
MV-4128_S29__NODE_741_length_8591_cov_23.878397	1	8591	460	8324	96.8921	7.91351	35.6	42
MV-4122_S12__NODE_1637_length_8588_cov_39.994609	1	8588	1708	8412	97.9506	29.1561	35.5	41.9
MV-4125_S18__NODE_1325_length_8588_cov_21.135240	1	8588	1992	8588	100	33.5815	35.4	41.9
MV-4125_S18__NODE_1327_length_8577_cov_13.457756	1	8577	1282	8577	100	21.4871	35.3	41.9
MV-4122_S12__NODE_1639_length_8575_cov_19.979108	1	8575	614	8475	98.8338	10.4615	35.3	40.7
MV-4122_S12__NODE_1640_length_8572_cov_22.017847	1	8572	431	8321	97.0719	7.36024	35.5	41.9
MV-4122_S12__NODE_1642_length_8569_cov_9.435166	1	8569	63	3973	46.3648	1.07469	35.4	41.7
MV-4122_S12__NODE_1643_length_8566_cov_26.670074	1	8566	589	8375	97.7703	10.1293	35.6	42
MV-4125_S18__NODE_1330_length_8562_cov_5.996003	1	8562	554	8562	100	9.54532	35.6	41.8
MV-4125_S18__NODE_1331_length_8561_cov_24.442276	1	8561	2273	8554	99.9182	38.7032	35.4	42
MV-4122_S12__NODE_1644_length_8553_cov_6.314309	1	8553	46	3536	41.3422	0.787092	35.3	42
MV-4122_S12__NODE_1645_length_8552_cov_19.841238	1	8552	395	8116	94.9018	6.87652	35.5	41.9
MV-4122_S12__NODE_1646_length_8545_cov_32.752650	1	8545	593	8327	97.4488	10.1496	35.5	41.9
MV-4128_S29__NODE_743_length_8544_cov_30.803628	1	8544	899	8343	97.6475	15.4913	35.4	30.7
MV-4128_S29__NODE_744_length_8544_cov_28.214042	1	8544	301	8188	95.8333	5.16386	35.5	23
MV-4122_S12__NODE_1647_length_8539_cov_5.120344	1	8539	9	1051	12.3082	0.150018	35.5	42
MV-4125_S18__NODE_1335_length_8538_cov_14.280325	1	8538	708	8383	98.1846	12.0506	35.4	1.95
MV-4128_S29__NODE_745_length_8538_cov_11.564069	1	8538	246	7560	88.5453	4.19724	35.5	41.8
MV-4122_S12__NODE_1648_length_8535_cov_13.038443	1	8535	223	7985	93.5559	3.83339	35.7	41.3
MV-4128_S29__NODE_746_length_8531_cov_14.990444	1	8531	391	8009	93.8811	6.71434	35.4	41.9
MV-4122_S12__NODE_1650_length_8527_cov_4.047096	1	8527	4	355	4.16325	0.0708338	33.3	42
cell-4125-0-44_S16__NODE_156_length_8520_cov_10.906202	1	8520	1584	8394	98.5211	27.3048	35.5	30
MV-4122_S12__NODE_1653_length_8519_cov_10.826914	1	8519	180	7545	88.5667	3.09661	35.6	41.6
MV-4122_S12__NODE_1654_length_8518_cov_20.465556	1	8518	412	8225	96.5602	7.08159	35.5	42
MV-4122_S12__NODE_1655_length_8517_cov_12.787403	1	8517	82	5005	58.7648	1.43713	35.5	42
MV-4125_S18__NODE_1336_length_8517_cov_7.214488	1	8517	656	8517	100	11.3983	35.5	42
MV-4122_S12__NODE_1656_length_8516_cov_13.201513	1	8516	58	4080	47.9098	1.02607	35.7	42
MV-4125_S18__NODE_1337_length_8514_cov_7.048824	1	8514	641	8514	100	11.1395	35.4	41.9
MV-4122_S12__NODE_1657_length_8512_cov_13.607544	1	8512	84	4873	57.2486	1.43773	35.2	42
MV-4128_S29__NODE_747_length_8512_cov_25.223602	1	8512	476	8152	95.7707	8.2399	35.4	26.6
MV-4125_S18__NODE_1339_length_8502_cov_8.043447	1	8502	723	8502	100	12.6201	35.5	41.9
MV-4128_S29__NODE_748_length_8501_cov_13.508288	1	8501	364	7938	93.3772	6.28479	35.4	41.9
MV-4128_S29__NODE_749_length_8499_cov_15.342136	1	8499	348	8170	96.129	5.98706	35.3	41.9
MV-4125_S18__NODE_1342_length_8497_cov_13.784530	1	8497	1303	8497	100	21.9553	35.4	42
MV-4122_S12__NODE_1658_length_8490_cov_22.156372	1	8490	418	8100	95.4064	7.17091	35.6	41.8
MV-4122_S12__NODE_1659_length_8489_cov_11.262390	1	8489	215	7468	87.9727	3.74449	35.5	42
MV-4125_S18__NODE_1344_length_8488_cov_7.350883	1	8488	667	8488	100	11.6522	35.6	42
MV-4128_S29__NODE_750_length_8488_cov_6.548559	1	8488	51	3256	38.36	0.885839	35.6	36.7
MV-4125_S18__NODE_1345_length_8486_cov_29.186692	1	8486	2714	8486	100	46.3806	35.4	41.9
MV-4128_S29__NODE_751_length_8486_cov_11.406239	1	8486	302	8152	96.0641	5.21577	35.5	42
MV-4128_S29__NODE_752_length_8471_cov_20.283864	1	8471	642	8245	97.3321	11.141	35.6	40.1
MV-4128_S29__NODE_753_length_8470_cov_29.097802	1	8470	596	8196	96.7651	10.4331	35.5	41.9
MV-4122_S12__NODE_1661_length_8461_cov_22.624911	1	8461	504	7794	92.1168	8.82189	35.6	42
MV-4122_S12__NODE_1662_length_8461_cov_5.217940	1	8461	10	883	10.4361	0.167829	35.3	42
MV-4125_S18__NODE_1349_length_8461_cov_21.435046	1	8461	1997	8461	100	34.0955	35.6	42
MV-4128_S29__NODE_754_length_8459_cov_16.883508	1	8459	438	8082	95.5432	7.55338	35.3	41.9
MV-4122_S12__NODE_1663_length_8453_cov_7.082520	1	8453	197	7088	83.8519	3.45096	35.7	23.9
MV-4128_S29__NODE_755_length_8452_cov_15.650589	1	8452	415	8032	95.0308	7.18422	35.4	41.9
MV-4125_S18__NODE_1354_length_8449_cov_20.000119	1	8449	1885	8449	100	31.9676	35.4	41.8
MV-4125_S18__NODE_1355_length_8449_cov_8.175482	1	8449	742	8449	100	12.9286	35.3	41.9
MV-4122_S12__NODE_1664_length_8446_cov_7.962102	1	8446	2	170	2.01279	0.0357566	36	1
cell-4125-0-44_S16__NODE_160_length_8446_cov_9.211298	1	8446	1012	8337	98.7094	17.6326	35.5	14.3
MV-4128_S29__NODE_756_length_8444_cov_10.735368	1	8444	309	7898	93.5339	5.32414	35.5	42
cell-4125-0-44_S16__NODE_161_length_8442_cov_10.418863	1	8442	661	8114	96.1147	11.5884	35.4	1.71
MV-4128_S29__NODE_757_length_8439_cov_24.118440	1	8439	469	8335	98.7676	8.29044	35.5	42
MV-4122_S12__NODE_1665_length_8435_cov_8.664320	1	8435	35	2756	32.6734	0.599526	35.9	41.5
MV-4122_S12__NODE_1666_length_8434_cov_5.120778	1	8434	4	442	5.24069	0.0690064	35.7	37
MV-4122_S12__NODE_1667_length_8429_cov_31.272510	1	8429	3202	8392	99.561	55.5486	35.4	13.4
MV-4128_S29__NODE_758_length_8428_cov_6.429834	1	8428	12	987	11.711	0.211201	35.6	42
cell-4125-0-44_S16__NODE_164_length_8422_cov_9.242859	1	8422	891	8335	98.967	15.4467	35.6	14.2
MV-4128_S29__NODE_759_length_8418_cov_17.892622	1	8418	493	8071	95.8779	8.54182	35.5	42
MV-4125_S18__NODE_1360_length_8415_cov_24.978349	1	8415	2226	8415	100	39.1133	35.5	41.9
MV-4125_S18__NODE_1361_length_8414_cov_12.373729	1	8414	1174	8414	100	19.8857	35.4	41.9
cell-4125-0-44_S16__NODE_166_length_8413_cov_11.152668	1	8413	1670	8320	98.8946	28.9199	35.3	25.9
MV-4128_S29__NODE_760_length_8411_cov_12.910723	1	8411	370	7339	87.2548	6.47771	35.4	41.9
MV-4122_S12__NODE_1670_length_8406_cov_12.669022	1	8406	218	7423	88.306	3.7773	35.4	41.8
MV-4128_S29__NODE_761_length_8402_cov_14.076195	1	8402	381	7976	94.9298	6.69531	35.4	42
MV-4128_S29__NODE_762_length_8401_cov_11.991373	1	8401	322	7904	94.084	5.58886	35.3	41.2
MV-4122_S12__NODE_1672_length_8397_cov_23.161712	1	8397	690	8159	97.1657	12.1049	35.4	41.1
MV-4128_S29__NODE_763_length_8396_cov_23.569116	1	8396	406	8158	97.1653	7.04323	35.5	24
MV-4125_S18__NODE_1366_length_8391_cov_24.290307	1	8391	2171	8391	100	38.159	35.4	42
MV-4125_S18__NODE_1367_length_8388_cov_17.232809	1	8388	1601	8378	99.8808	27.4475	35.5	41.6
MV-4128_S29__NODE_764_length_8386_cov_5.961229	1	8386	10	849	10.124	0.180062	34.8	42
MV-4122_S12__NODE_1673_length_8383_cov_24.898655	1	8383	487	8036	95.8607	8.52547	35.6	41.9
MV-4128_S29__NODE_765_length_8383_cov_25.903818	1	8383	700	8308	99.1053	12.2858	35.5	39.1
MV-4122_S12__NODE_1674_length_8380_cov_10.997598	1	8380	120	5598	66.8019	2.1315	35.2	42
MV-4128_S29__NODE_766_length_8380_cov_11.695736	1	8380	280	7754	92.5298	4.85489	35.5	41.8
MV-4122_S12__NODE_1675_length_8379_cov_32.637914	1	8379	2	75	0.895095	0.0179019	36.2	24
cell-4125-0-44_S16__NODE_170_length_8375_cov_10.464063	1	8375	2	192	2.29254	0.0360597	36.2	42
MV-4125_S18__NODE_1371_length_8374_cov_18.050968	1	8374	1655	8356	99.785	28.2436	35.5	41.6
MV-4125_S18__NODE_1372_length_8373_cov_15.805723	1	8373	1426	8373	100	25.0118	35.5	41.9
MV-4125_S18__NODE_1374_length_8364_cov_5.772295	1	8364	263	7704	92.109	4.63259	35.4	1.08
MV-4125_S18__NODE_1375_length_8362_cov_20.467437	1	8362	1842	8362	100	32.3014	35.5	41.9
MV-4122_S12__NODE_1677_length_8358_cov_19.831507	1	8358	382	7898	94.4963	6.73199	35.5	41.9
MV-4128_S29__NODE_767_length_8357_cov_13.847145	1	8357	402	8008	95.8239	7.03973	35.5	42
MV-4122_S12__NODE_1678_length_8337_cov_113.177976	1	8337	1783	7862	94.3025	31.6685	35.5	35.2
MV-4125_S18__NODE_1379_length_8336_cov_16.840357	1	8336	776	8151	97.7807	13.5547	35.4	1.15
cell-4125-0-44_S16__NODE_173_length_8319_cov_8.376331	1	8319	787	8277	99.4951	13.8812	35.5	14.5
MV-4125_S18__NODE_1381_length_8317_cov_22.980150	1	8317	2118	8317	100	36.7296	35.4	42
MV-4122_S12__NODE_1679_length_8316_cov_23.058589	1	8316	623	8153	98.0399	10.9591	35.5	41.9
MV-4122_S12__NODE_1680_length_8315_cov_12.102058	1	8315	52	3646	43.8485	0.936621	35.7	42
MV-4122_S12__NODE_1681_length_8314_cov_27.100254	1	8314	549	8235	99.0498	9.70977	35.5	41.9
MV-4122_S12__NODE_1682_length_8312_cov_12.097009	1	8312	52	4084	49.1338	0.916266	35.7	42
MV-4128_S29__NODE_770_length_8312_cov_17.935328	1	8312	419	8121	97.7021	7.49266	35.6	42
MV-4122_S12__NODE_1684_length_8311_cov_7.396560	1	8311	49	2839	34.1595	0.838527	35.5	42
MV-4125_S18__NODE_1383_length_8304_cov_17.032368	1	8304	1487	8296	99.9037	26.2405	35.4	39.3
MV-4122_S12__NODE_1685_length_8301_cov_25.372302	1	8301	501	8220	99.0242	8.95085	35.6	41.9
MV-4128_S29__NODE_771_length_8299_cov_15.618025	1	8299	383	7282	87.7455	6.73153	35.6	42
MV-4122_S12__NODE_1686_length_8297_cov_20.079714	1	8297	606	8103	97.6618	10.659	35.5	41.7
MV-4125_S18__NODE_1385_length_8290_cov_18.912568	1	8290	964	8279	99.8673	17.1772	35.4	11.7
MV-4122_S12__NODE_1687_length_8288_cov_9.964290	1	8288	54	4051	48.8779	0.96332	35.3	42
MV-4125_S18__NODE_1386_length_8286_cov_6.811202	1	8286	605	8279	99.9155	10.7363	35.4	41.9
MV-4128_S29__NODE_772_length_8282_cov_15.318950	1	8282	353	7944	95.9189	6.28532	35.4	41.9
MV-4122_S12__NODE_1688_length_8281_cov_12.230853	1	8281	42	3492	42.1688	0.724309	35.5	42
MV-4125_S18__NODE_1388_length_8275_cov_19.759611	1	8275	1756	8275	100	31.0924	35.5	41.8
cell-4125-0-44_S16__NODE_174_length_8275_cov_10.772384	1	8275	1358	8086	97.716	24.0963	35.4	21.2
MV-4122_S12__NODE_1689_length_8273_cov_9.318082	1	8273	37	3229	39.0306	0.655022	35.5	42
MV-4122_S12__NODE_1690_length_8267_cov_31.136264	1	8267	672	8155	98.6452	12.0119	35.5	42
MV-4128_S29__NODE_773_length_8262_cov_6.026685	1	8262	23	1884	22.8032	0.409949	35.8	36.2
MV-4122_S12__NODE_1692_length_8261_cov_9.152815	1	8261	52	3690	44.6677	0.915264	35.6	41.9
MV-4125_S18__NODE_1390_length_8261_cov_16.527175	1	8261	1500	8261	100	26.2866	35.4	41.9
MV-4122_S12__NODE_1693_length_8260_cov_26.075320	1	8260	422	8006	96.9249	7.46271	35.4	42
MV-4125_S18__NODE_1393_length_8257_cov_18.417337	1	8257	1642	8246	99.8668	29.1098	35.5	42
MV-4125_S18__NODE_1395_length_8254_cov_7.716307	1	8254	678	8227	99.6729	12.1256	35.5	41.9
MV-4128_S29__NODE_774_length_8248_cov_17.233736	1	8248	445	8052	97.6237	7.83681	35.3	38.5
MV-4122_S12__NODE_1694_length_8246_cov_10.777683	1	8246	110	6614	80.2086	1.95246	35.4	42
MV-4125_S18__NODE_1397_length_8246_cov_26.675131	1	8246	2330	8216	99.6362	41.737	35.5	41.8
MV-4128_S29__NODE_775_length_8240_cov_26.996701	1	8240	570	8134	98.7136	10.2167	35.4	27.2
MV-4125_S18__NODE_1399_length_8236_cov_15.581469	1	8236	907	8228	99.9029	16.1424	35.4	18.1
MV-4125_S18__NODE_1400_length_8235_cov_20.565648	1	8235	1864	8235	100	32.6639	35.4	41.9
MV-4122_S12__NODE_1697_length_8224_cov_11.358306	1	8224	196	7617	92.6192	3.51289	35.5	41.1
MV-4128_S29__NODE_776_length_8224_cov_17.021912	1	8224	366	7955	96.7291	6.53259	35.4	40.2
MV-4125_S18__NODE_1402_length_8223_cov_47.965597	1	8223	2061	8212	99.8662	36.5986	35.5	1.23
MV-4128_S29__NODE_777_length_8223_cov_13.782076	1	8223	1698	8136	98.942	30.2391	35.4	42
MV-4128_S29__NODE_778_length_8217_cov_28.099485	1	8217	513	8001	97.3713	9.15577	35.6	41.8
MV-4122_S12__NODE_1698_length_8213_cov_21.014955	1	8213	426	7840	95.4584	7.67831	35.6	42
MV-4128_S29__NODE_779_length_8213_cov_13.471929	1	8213	347	7978	97.1387	6.17594	35.5	42
MV-4128_S29__NODE_780_length_8212_cov_26.541866	1	8212	556	8099	98.624	10.0255	35.6	41.9
MV-4128_S29__NODE_781_length_8212_cov_9.316170	1	8212	17	1613	19.642	0.310521	34.9	41.9
MV-4122_S12__NODE_1699_length_8210_cov_8.265113	1	8210	44	3208	39.0743	0.763581	35.2	42
MV-4128_S29__NODE_782_length_8205_cov_15.867117	1	8205	405	7729	94.1987	7.24241	35.5	42
MV-4125_S18__NODE_1409_length_8200_cov_7.118109	1	8200	629	8199	99.9878	11.248	35.5	42
MV-4122_S12__NODE_1700_length_8196_cov_21.913033	1	8196	451	7934	96.8033	8.11518	35.7	41.9
MV-4125_S18__NODE_1410_length_8190_cov_24.335956	1	8190	875	7942	96.9719	15.4645	35.5	1.01
MV-4125_S18__NODE_1411_length_8190_cov_22.488998	1	8190	1432	8167	99.7192	25.6514	35.5	28
MV-4125_S18__NODE_1412_length_8189_cov_15.001598	1	8189	1358	8189	100	23.8345	35.4	42
MV-4128_S29__NODE_783_length_8189_cov_20.584091	1	8189	424	7914	96.6418	7.64623	35.5	41.9
MV-4125_S18__NODE_1415_length_8184_cov_14.405831	1	8184	1302	8184	100	22.777	35.4	41.9
MV-4128_S29__NODE_784_length_8183_cov_13.187623	1	8183	277	7301	89.2216	4.93425	35.5	41.9
MV-4125_S18__NODE_1416_length_8177_cov_7.029549	1	8177	606	8177	100	11.0334	35.4	42
MV-4122_S12__NODE_1701_length_8176_cov_38.770595	1	8176	650	6326	77.3728	11.7001	35.6	2.2
MV-4122_S12__NODE_1702_length_8173_cov_10.163587	1	8173	273	7258	88.8046	4.84155	35.5	42
MV-4122_S12__NODE_1704_length_8172_cov_8.946655	1	8172	36	2693	32.954	0.64464	35.6	42
MV-4128_S29__NODE_785_length_8164_cov_15.387717	1	8164	291	7834	95.9579	5.17442	35.4	41.9
MV-4128_S29__NODE_786_length_8164_cov_12.069799	1	8164	303	7296	89.368	5.42295	35.6	42
MV-4122_S12__NODE_1706_length_8160_cov_31.662554	1	8160	570	7920	97.0588	10.1733	35.5	38.3
MV-4122_S12__NODE_1707_length_8154_cov_23.956167	1	8154	489	7769	95.2784	8.87258	35.4	42
MV-4125_S18__NODE_1419_length_8154_cov_21.666749	1	8154	1870	8114	99.5094	33.7414	35.5	41.3
MV-4125_S18__NODE_1420_length_8154_cov_21.353871	1	8154	1917	8154	100	34.0293	35.4	42
MV-4128_S29__NODE_787_length_8154_cov_14.714780	1	8154	314	7506	92.053	5.65011	35.6	42
MV-4125_S18__NODE_1422_length_8149_cov_16.469978	1	8149	1510	8149	100	26.4376	35.5	41.9
MV-4125_S18__NODE_1423_length_8142_cov_21.599110	1	8142	1885	8140	99.9754	33.9124	35.5	40.6
MV-4125_S18__NODE_1424_length_8140_cov_17.218924	1	8140	1528	8138	99.9754	27.2843	35.4	41.8
MV-4128_S29__NODE_789_length_8139_cov_13.183944	1	8139	252	7006	86.0794	4.44354	35.6	21
MV-4122_S12__NODE_1709_length_8131_cov_13.964586	1	8131	64	4905	60.3247	1.18165	36	42
MV-4122_S12__NODE_1710_length_8125_cov_4.741636	1	8125	4	438	5.39077	0.0706462	35.4	42
MV-4128_S29__NODE_790_length_8124_cov_12.059239	1	8124	340	7521	92.5775	6.16039	35.4	42
MV-4122_S12__NODE_1711_length_8123_cov_21.303297	1	8123	420	7753	95.445	7.55386	35.4	42
MV-4125_S18__NODE_1429_length_8121_cov_28.323456	1	8121	2508	8121	100	44.8618	35.5	41.9
MV-4122_S12__NODE_1713_length_8118_cov_13.784696	1	8118	77	5119	63.0574	1.41574	35.3	42
MV-4122_S12__NODE_1714_length_8116_cov_27.634785	1	8116	502	7860	96.8457	9.15266	35.6	42
MV-4125_S18__NODE_1430_length_8114_cov_5.388137	1	8114	476	8114	100	8.5822	35.5	41.8
MV-4125_S18__NODE_1431_length_8112_cov_20.906913	1	8112	1174	8009	98.7303	21.3017	35.5	17.7
MV-4125_S18__NODE_1432_length_8112_cov_7.903686	1	8112	691	8112	100	12.5468	35.4	41.9
MV-4128_S29__NODE_791_length_8110_cov_16.003973	1	8110	372	7742	95.4624	6.67546	35.5	42
cell-4125-0-44_S16__NODE_184_length_8106_cov_9.414234	1	8106	1535	8069	99.5435	27.8705	35.5	36.8
MV-4128_S29__NODE_792_length_8100_cov_11.374767	1	8100	346	7754	95.7284	6.09012	35.3	42
MV-4122_S12__NODE_1720_length_8097_cov_27.339965	1	8097	454	7572	93.5161	8.3279	35.5	42
MV-4122_S12__NODE_1721_length_8095_cov_10.905473	1	8095	150	6557	81.0006	2.71723	35.4	42
MV-4122_S12__NODE_1722_length_8090_cov_12.591039	1	8090	50	3977	49.1595	0.911248	35.4	42
MV-4122_S12__NODE_1723_length_8087_cov_11.335035	1	8087	48	3519	43.5143	0.876963	35.7	42
MV-4122_S12__NODE_1724_length_8085_cov_14.179577	1	8085	64	4705	58.1942	1.18219	35.5	42
MV-4125_S18__NODE_1438_length_8084_cov_26.330552	1	8084	2351	8084	100	42.0136	35.5	42
MV-4125_S18__NODE_1439_length_8083_cov_18.285127	1	8083	781	7996	98.9237	14.2445	35.4	1.21
MV-4122_S12__NODE_1725_length_8081_cov_23.347122	1	8081	408	7853	97.1786	7.41653	35.5	41.8
cell-4125-0-44_S16__NODE_186_length_8075_cov_6.244638	1	8075	8	527	6.52632	0.148359	35.7	42
MV-4122_S12__NODE_1726_length_8074_cov_26.863699	1	8074	466	7773	96.272	8.48353	35.5	41.8
MV-4125_S18__NODE_1444_length_8071_cov_7.953842	1	8071	683	8063	99.9009	12.5138	35.4	42
MV-4125_S18__NODE_1445_length_8069_cov_7.586973	1	8069	654	8069	100	12.0183	35.4	42
MV-4122_S12__NODE_1727_length_8067_cov_24.514853	1	8067	416	7561	93.7275	7.5251	35.4	41.8
MV-4125_S18__NODE_1447_length_8067_cov_32.265851	1	8067	2797	8067	100	50.7681	35.5	42
MV-4122_S12__NODE_1729_length_8063_cov_45.195055	1	8063	997	7912	98.1272	18.1731	35.5	16.3
MV-4125_S18__NODE_1448_length_8063_cov_5.442932	1	8063	471	8063	100	8.62421	35.5	42
MV-4128_S29__NODE_794_length_8063_cov_13.049825	1	8063	314	6716	83.2941	5.61602	35.4	41.9
MV-4125_S18__NODE_1449_length_8057_cov_6.173957	1	8057	526	8051	99.9255	9.76703	35.4	40.9
MV-4122_S12__NODE_1731_length_8056_cov_13.388451	1	8056	186	7264	90.1688	3.39772	35.4	41.9
MV-4125_S18__NODE_1450_length_8051_cov_8.039645	1	8051	690	8051	100	12.6533	35.5	41.9
MV-4128_S29__NODE_795_length_8043_cov_14.342514	1	8043	318	7133	88.6858	5.7726	35.6	41.8
cell-4125-0-44_S16__NODE_189_length_8043_cov_7.685528	1	8043	1094	7345	91.3216	19.9529	35.3	26.1
MV-4122_S12__NODE_1732_length_8042_cov_10.798422	1	8042	201	7328	91.1216	3.68901	35.4	40.9
MV-4128_S29__NODE_796_length_8042_cov_15.133467	1	8042	377	7388	91.8677	6.86247	35.5	42
MV-4125_S18__NODE_1452_length_8041_cov_20.190584	1	8041	1725	8041	100	31.7351	35.5	41.9
MV-4128_S29__NODE_797_length_8041_cov_16.323942	1	8041	330	7076	87.999	5.98968	35.5	41.9
MV-4125_S18__NODE_1453_length_8040_cov_16.714214	1	8040	1449	8040	100	26.3494	35.4	41.8
MV-4125_S18__NODE_1454_length_8038_cov_7.017287	1	8038	607	8036	99.9751	11.1273	35.6	41.8
MV-4128_S29__NODE_798_length_8036_cov_6.839494	1	8036	2	283	3.52165	0.0375809	36.6	42
cell-4125-0-44_S16__NODE_190_length_8034_cov_9.318962	1	8034	921	8010	99.7013	16.8921	35.3	11.4
MV-4128_S29__NODE_799_length_8023_cov_816.873117	1	8023	25974	8023	100	476.226	35.5	41.9
MV-4125_S18__NODE_1455_length_8020_cov_13.587194	1	8020	808	8020	100	14.5566	35.5	20.8
MV-4125_S18__NODE_1459_length_8015_cov_6.426005	1	8015	551	8015	100	10.1243	35.5	42
MV-4125_S18__NODE_1460_length_8013_cov_36.428500	1	8013	3164	8013	100	57.6904	35.5	41.9
MV-4125_S18__NODE_1461_length_8013_cov_28.681453	1	8013	1911	8006	99.9126	35.0077	35.5	37.2
MV-4122_S12__NODE_1733_length_8011_cov_47.705128	1	8011	905	7865	98.1775	16.5741	35.5	37.3
MV-4122_S12__NODE_1735_length_8003_cov_10.504026	1	8003	318	7168	89.5664	5.8623	35.5	35.4
MV-4122_S12__NODE_1736_length_8002_cov_22.209136	1	8002	420	7919	98.9628	7.6972	35.6	41.9
MV-4128_S29__NODE_800_length_8002_cov_15.121178	1	8002	336	7458	93.2017	6.14546	35.5	42
cell-4125-0-44_S16__NODE_195_length_7978_cov_10.971223	1	7978	826	7802	97.7939	15.2419	35.4	2.05
MV-4125_S18__NODE_1464_length_7977_cov_26.270134	1	7977	2300	7977	100	41.6832	35.4	41.9
MV-4122_S12__NODE_1739_length_7975_cov_38.020455	1	7975	1459	7664	96.1003	26.7419	35.5	41.9
cell-4125-0-44_S16__NODE_196_length_7975_cov_10.247222	1	7975	677	7886	98.884	12.4159	35.5	1.06
MV-4128_S29__NODE_801_length_7974_cov_21.639727	1	7974	495	7570	94.9335	9.10045	35.6	31.8
MV-4125_S18__NODE_1466_length_7972_cov_7.620437	1	7972	656	7972	100	12.0995	35.6	42
MV-4125_S18__NODE_1467_length_7969_cov_20.304145	1	7969	1304	7943	99.6737	24.0208	35.4	23.3
MV-4125_S18__NODE_1470_length_7960_cov_19.010879	1	7960	637	7798	97.9648	11.7877	35.3	1.06
MV-4125_S18__NODE_1475_length_7950_cov_21.053452	1	7950	1362	7851	98.7547	25.1653	35.5	29.8
MV-4122_S12__NODE_1744_length_7948_cov_11.976688	1	7948	69	4592	57.7755	1.26938	35.3	42
MV-4122_S12__NODE_1745_length_7948_cov_10.718992	1	7948	50	2833	35.6442	0.931303	35.6	42
MV-4125_S18__NODE_1478_length_7945_cov_6.710646	1	7945	540	7939	99.9245	10.0721	35.6	35.3
MV-4125_S18__NODE_1479_length_7942_cov_6.686319	1	7942	564	7942	100	10.5519	35.4	42
MV-4125_S18__NODE_1482_length_7934_cov_33.148496	1	7934	2790	7934	100	51.8791	35.4	42
MV-4122_S12__NODE_1746_length_7930_cov_9.549587	1	7930	196	6830	86.1286	3.67667	35.5	41.5
cell-4125-0-44_S16__NODE_197_length_7929_cov_7.255525	1	7929	2	144	1.81612	0.0363224	35.5	42
MV-4125_S18__NODE_1484_length_7922_cov_12.327571	1	7922	569	7692	97.0967	10.5242	35.5	8.38
MV-4128_S29__NODE_803_length_7921_cov_16.865116	1	7921	347	7607	96.0359	6.44123	35.4	41.9
MV-4122_S12__NODE_1747_length_7915_cov_21.451654	1	7915	397	7439	93.9861	7.3645	35.4	41.7
MV-4122_S12__NODE_1749_length_7914_cov_8.202698	1	7914	46	3899	49.2671	0.853677	35.5	42
MV-4128_S29__NODE_804_length_7913_cov_15.287223	1	7913	359	7518	95.0082	6.69986	35.5	42
MV-4122_S12__NODE_1750_length_7912_cov_11.229986	1	7912	65	4132	52.2245	1.19755	35.9	42
MV-4128_S29__NODE_805_length_7911_cov_24.109343	1	7911	363	7320	92.5294	6.79687	35.4	21.1
cell-4125-0-44_S16__NODE_199_length_7907_cov_10.834947	1	7907	1336	7861	99.4182	25.0577	35.5	26.6
MV-4122_S12__NODE_1754_length_7904_cov_21.938463	1	7904	623	7886	99.7723	11.5531	35.6	41.6
MV-4128_S29__NODE_806_length_7900_cov_7.317655	1	7900	4	163	2.06329	0.0759494	33	42
MV-4128_S29__NODE_807_length_7899_cov_14.817823	1	7899	339	7237	91.6192	6.22218	35.5	42
MV-4125_S18__NODE_1489_length_7894_cov_19.856742	1	7894	1719	7894	100	31.5364	35.5	42
MV-4128_S29__NODE_808_length_7891_cov_16.468606	1	7891	376	7761	98.3526	7.02433	35.5	41.9
MV-4125_S18__NODE_1490_length_7890_cov_6.252585	1	7890	532	7890	100	9.94651	35.5	41.9
MV-4122_S12__NODE_1756_length_7888_cov_26.494191	1	7888	456	7653	97.0208	8.50494	35.6	42
MV-4125_S18__NODE_1494_length_7884_cov_7.069230	1	7884	597	7884	100	11.1572	35.5	42
MV-4128_S29__NODE_809_length_7882_cov_23.187811	1	7882	475	7748	98.2999	8.88505	35.5	41.9
MV-4128_S29__NODE_810_length_7879_cov_14.016488	1	7879	175	6267	79.5406	3.24445	35.6	23.1
MV-4125_S18__NODE_1495_length_7878_cov_7.250671	1	7878	613	7878	100	11.4403	35.5	41.9
MV-4122_S12__NODE_1757_length_7877_cov_4.635260	1	7877	20	1906	24.197	0.38276	35.9	42
MV-4125_S18__NODE_1496_length_7876_cov_23.906406	1	7876	2007	7837	99.5048	37.4073	35.5	41.5
Biragzang__NODE_1431_length_7868_cov_49.976194	1	7868	1	151	1.91917	0.0191917	34	40
MV-4128_S29__NODE_811_length_7865_cov_10.420359	1	7865	600	7775	98.8557	10.9855	35.5	16.7
MV-4122_S12__NODE_1758_length_7860_cov_9.275849	1	7860	37	2657	33.8041	0.693511	35.9	41.9
MV-4125_S18__NODE_1499_length_7859_cov_7.651845	1	7859	637	7859	100	12.0103	35.4	42
MV-4122_S12__NODE_1759_length_7857_cov_11.221353	1	7857	182	6562	83.5179	3.3943	35.5	41.5
MV-4125_S18__NODE_1500_length_7857_cov_20.383107	1	7857	733	7752	98.6636	13.7252	35.5	2.28
MV-4128_S29__NODE_812_length_7851_cov_15.445998	1	7851	404	7523	95.8222	7.43345	35.4	41.9
MV-4125_S18__NODE_1503_length_7838_cov_7.160735	1	7838	597	7838	100	11.3371	35.4	42
MV-4122_S12__NODE_1760_length_7837_cov_44.469160	1	7837	2	222	2.83272	0.0385352	35.9	42
MV-4122_S12__NODE_1761_length_7836_cov_13.035343	1	7836	156	6232	79.5304	2.89676	35.6	41.9
MV-4122_S12__NODE_1762_length_7834_cov_10.007456	1	7834	60	3924	50.0894	1.11514	35.3	42
MV-4128_S29__NODE_813_length_7832_cov_14.683425	1	7832	369	7106	90.7303	6.90194	35.5	41.7
MV-4128_S29__NODE_814_length_7827_cov_4.750772	1	7827	12	1254	16.0215	0.22103	35.2	42
MV-4125_S18__NODE_1505_length_7824_cov_9.664049	1	7824	818	7824	100	15.2758	35.4	41.9
MV-4128_S29__NODE_815_length_7824_cov_13.481915	1	7824	362	7502	95.8845	6.77071	35.5	41.9
MV-4125_S18__NODE_1506_length_7820_cov_11.871346	1	7820	707	7763	99.2711	13.2382	35.5	22.2
MV-4125_S18__NODE_1507_length_7819_cov_21.834493	1	7819	1858	7819	100	34.4164	35.4	41.9
MV-4125_S18__NODE_1510_length_7817_cov_8.228421	1	7817	679	7797	99.7441	12.8777	35.4	41.9
MV-4128_S29__NODE_816_length_7816_cov_17.862518	1	7816	348	7289	93.2574	6.61246	35.3	42
MV-4122_S12__NODE_1764_length_7813_cov_31.790281	1	7813	599	7236	92.6149	11.1821	35.5	42
MV-4125_S18__NODE_1513_length_7813_cov_22.992782	1	7813	1033	7612	97.4274	19.5367	35.5	14
MV-4125_S18__NODE_1514_length_7812_cov_7.124275	1	7812	599	7812	100	11.2899	35.5	42
MV-4128_S29__NODE_817_length_7808_cov_17.913066	1	7808	314	7472	95.6967	5.87398	35.5	41.9
MV-4122_S12__NODE_1765_length_7804_cov_9.566912	1	7804	36	3107	39.8129	0.689903	35.6	42
MV-4122_S12__NODE_1766_length_7804_cov_7.122467	1	7804	58	3846	49.2824	1.10507	35.6	42
MV-4122_S12__NODE_1767_length_7800_cov_8.887540	1	7800	41	2622	33.6154	0.770769	35	41.6
MV-4128_S29__NODE_818_length_7796_cov_16.529001	1	7796	405	7504	96.2545	7.61172	35.6	42
MV-4125_S18__NODE_1516_length_7795_cov_20.067183	1	7795	1685	7795	100	31.7471	35.4	42
MV-4122_S12__NODE_1768_length_7791_cov_9.503490	1	7791	30	2197	28.1992	0.566166	35.6	42
MV-4125_S18__NODE_1517_length_7791_cov_6.748837	1	7791	356	7706	98.909	6.7302	35.3	16.1
MV-4128_S29__NODE_820_length_7791_cov_13.760471	1	7791	283	6984	89.6419	5.3033	35.6	41.9
MV-4122_S12__NODE_1770_length_7774_cov_13.307164	1	7774	54	3836	49.344	1.04515	33.9	42
MV-4125_S18__NODE_1520_length_7772_cov_6.608915	1	7772	551	7772	100	10.4591	35.4	42
MV-4122_S12__NODE_1773_length_7766_cov_4.601089	1	7766	20	1744	22.4569	0.373423	34.9	42
MV-4125_S18__NODE_1521_length_7761_cov_26.753439	1	7761	2248	7761	100	42.1591	35.4	41.9
MV-4122_S12__NODE_1774_length_7758_cov_11.621706	1	7758	204	6888	88.7858	3.87097	35.4	41.8
MV-4125_S18__NODE_1522_length_7757_cov_19.370813	1	7757	1658	7757	100	30.7788	35.5	41.9
MV-4128_S29__NODE_821_length_7754_cov_27.623068	1	7754	420	7562	97.5239	8.03056	35.6	25.9
MV-4128_S29__NODE_822_length_7752_cov_15.148240	1	7752	310	7261	93.6662	5.85733	35.4	42
MV-4128_S29__NODE_823_length_7750_cov_23.398051	1	7750	445	7271	93.8194	8.51458	35.3	42
MV-4122_S12__NODE_1775_length_7749_cov_39.456200	1	7749	1100	7648	98.6966	20.788	35.5	30.9
MV-4125_S18__NODE_1523_length_7748_cov_25.569349	1	7748	2146	7748	100	40.5001	35.4	39.6
MV-4122_S12__NODE_1776_length_7746_cov_8.192043	1	7746	50	2780	35.8895	0.916086	35.4	41.2
MV-4122_S12__NODE_1777_length_7741_cov_27.710513	1	7741	416	7005	90.4922	7.90066	35.4	39.3
MV-4128_S29__NODE_824_length_7735_cov_16.089583	1	7735	315	7216	93.2902	5.9541	35.4	41.9
MV-4125_S18__NODE_1527_length_7733_cov_31.925371	1	7733	2585	7733	100	48.0235	35.4	38.6
MV-4122_S12__NODE_1781_length_7727_cov_19.344760	1	7727	301	6873	88.9478	5.73832	35.4	42
MV-4128_S29__NODE_825_length_7727_cov_23.059828	1	7727	384	7590	98.227	7.36845	35.7	41.9
MV-4122_S12__NODE_1782_length_7719_cov_23.282881	1	7719	618	7622	98.7434	11.8739	35.6	41.9
MV-4128_S29__NODE_826_length_7717_cov_9.622944	1	7717	209	6482	83.9964	3.85279	35.2	42
MV-4125_S18__NODE_1528_length_7713_cov_24.028075	1	7713	2046	7713	100	38.3044	35.4	42
MV-4122_S12__NODE_1784_length_7712_cov_10.919028	1	7712	193	6222	80.6795	3.70526	35.5	41.8
MV-4122_S12__NODE_1786_length_7697_cov_28.095001	1	7697	323	7374	95.8036	6.18371	35.4	27.6
MV-4122_S12__NODE_1787_length_7695_cov_18.602618	1	7695	6	359	4.66537	0.0925276	35.8	42
MV-4128_S29__NODE_828_length_7694_cov_19.350831	1	7694	359	7250	94.2293	6.84325	35.5	20.2
cell-4125-0-44_S16__NODE_207_length_7689_cov_11.680639	1	7689	824	7532	97.9581	15.7833	35.4	8.96
MV-4128_S29__NODE_829_length_7687_cov_10.246855	1	7687	259	7222	93.9508	4.8768	35.4	42
MV-4125_S18__NODE_1532_length_7686_cov_8.179400	1	7686	673	7671	99.8048	12.9175	35.3	42
MV-4125_S18__NODE_1533_length_7684_cov_9.147595	1	7684	386	7467	97.176	7.43896	35.5	2.37
MV-4128_S29__NODE_831_length_7683_cov_24.548374	1	7683	403	7467	97.1886	7.75856	35.4	24.2
MV-4122_S12__NODE_1788_length_7682_cov_83.800970	1	7682	440	7080	92.1635	8.43452	35.5	1.02
MV-4128_S29__NODE_832_length_7679_cov_8.467865	1	7679	4	604	7.86561	0.0786561	36.2	42
MV-4128_S29__NODE_833_length_7672_cov_15.990679	1	7672	399	7471	97.3801	7.63256	35.4	42
MV-4125_S18__NODE_1540_length_7670_cov_17.421536	1	7670	1263	7567	98.6571	24.193	35.4	39.1
MV-4125_S18__NODE_1541_length_7669_cov_7.388889	1	7669	579	7220	94.1453	11.257	35.5	41.9
MV-4122_S12__NODE_1790_length_7659_cov_22.020121	1	7659	418	7309	95.4302	8.01958	35.5	41.4
MV-4128_S29__NODE_834_length_7655_cov_15.062500	1	7655	377	7410	96.7995	7.2017	35.5	41.8
MV-4125_S18__NODE_1543_length_7651_cov_30.723934	1	7651	2549	7648	99.9608	48.3781	35.4	41.8
MV-4128_S29__NODE_835_length_7651_cov_11.748289	1	7651	248	6351	83.0088	4.7399	35.5	42
cell-4125-0-44_S16__NODE_209_length_7650_cov_10.305596	1	7650	738	7563	98.8627	14.2446	35.4	1.82
MV-4125_S18__NODE_1546_length_7645_cov_6.688011	1	7645	264	7493	98.0118	5.11419	35.5	1.66
MV-4128_S29__NODE_836_length_7642_cov_12.632661	1	7642	294	6913	90.4606	5.58218	35.6	42
MV-4128_S29__NODE_837_length_7641_cov_15.250066	1	7641	358	7430	97.2386	6.80264	35.5	41.8
MV-4122_S12__NODE_1794_length_7639_cov_10.822917	1	7639	36	2811	36.798	0.680456	35.1	42
MV-4122_S12__NODE_1795_length_7637_cov_55.666711	1	7637	975	7194	94.1993	18.8133	35.5	39.4
MV-4128_S29__NODE_838_length_7628_cov_12.643470	1	7628	321	6918	90.6922	6.18039	35.4	41.9
MV-4128_S29__NODE_839_length_7625_cov_24.601717	1	7625	388	7249	95.0689	7.41928	35.6	27.4
MV-4125_S18__NODE_1550_length_7624_cov_8.483816	1	7624	681	7624	100	13.2715	35.7	41.8
MV-4125_S18__NODE_1551_length_7623_cov_43.253568	1	7623	1849	7623	100	35.5685	35.5	4.42
MV-4125_S18__NODE_1552_length_7622_cov_18.880402	1	7622	1598	7622	100	30.1405	35.4	42
MV-4125_S18__NODE_1553_length_7622_cov_15.455663	1	7622	1269	7622	100	24.3071	35.4	41.9
MV-4125_S18__NODE_1556_length_7616_cov_14.759556	1	7616	617	7585	99.593	11.7836	35.5	6.96
MV-4128_S29__NODE_840_length_7615_cov_23.305026	1	7615	367	7445	97.7676	7.14025	35.7	42
MV-4122_S12__NODE_1797_length_7612_cov_24.980019	1	7612	458	7445	97.8061	8.94693	35.5	42
MV-4128_S29__NODE_841_length_7609_cov_24.901509	1	7609	422	7363	96.767	8.1033	35.4	20.3
MV-4122_S12__NODE_1799_length_7605_cov_21.942119	1	7605	447	7491	98.501	8.65707	35.6	41.6
MV-4122_S12__NODE_1800_length_7604_cov_11.918797	1	7604	168	6629	87.1778	3.20542	35.3	41.3
MV-4128_S29__NODE_842_length_7604_cov_20.723937	1	7604	348	7236	95.1604	6.65005	35.5	28.3
MV-4122_S12__NODE_1801_length_7603_cov_28.812401	1	7603	469	7269	95.607	9.13403	35.5	42
MV-4128_S29__NODE_843_length_7601_cov_4.817122	1	7601	8	519	6.82805	0.158926	36.1	42
MV-4125_S18__NODE_1561_length_7597_cov_6.622116	1	7597	535	7597	100	10.4366	35.5	42
MV-4122_S12__NODE_1803_length_7593_cov_14.537808	1	7593	209	7094	93.4282	4.05176	35.7	41.1
MV-4122_S12__NODE_1805_length_7590_cov_21.557930	1	7590	361	7388	97.3386	6.96258	35.3	41.9
MV-4125_S18__NODE_1564_length_7590_cov_6.782216	1	7590	556	7590	100	10.7931	35.5	41.9
MV-4122_S12__NODE_1806_length_7589_cov_12.545394	1	7589	211	7137	94.044	4.04032	35.5	42
MV-4122_S12__NODE_1807_length_7587_cov_29.650956	1	7587	473	7158	94.3456	9.26335	35.3	42
MV-4125_S18__NODE_1565_length_7586_cov_15.496216	1	7586	1255	7586	100	24.3526	35.4	41.9
MV-4122_S12__NODE_1809_length_7581_cov_29.116396	1	7581	3	319	4.20789	0.059227	33.8	35.7
MV-4128_S29__NODE_845_length_7580_cov_33.956811	1	7580	1373	7357	97.058	26.2178	35.4	41.9
MV-4122_S12__NODE_1810_length_7579_cov_10.788145	1	7579	64	4321	57.0128	1.25346	35.9	42
MV-4122_S12__NODE_1811_length_7578_cov_24.566263	1	7578	372	7065	93.2304	7.23476	35.3	41.9
MV-4125_S18__NODE_1567_length_7578_cov_7.518277	1	7578	611	7578	100	11.8849	35.5	41.9
MV-4125_S18__NODE_1570_length_7574_cov_6.224764	1	7574	508	7574	100	9.8751	35.4	41.9
MV-4125_S18__NODE_1571_length_7573_cov_10.957702	1	7573	841	7543	99.6039	16.1999	35.4	38.9
MV-4128_S29__NODE_846_length_7568_cov_20.456276	1	7568	376	7333	96.8948	7.36139	35.4	29
cell-4125-0-44_S16__NODE_216_length_7567_cov_10.147098	1	7567	830	7455	98.5199	16.1689	35.4	5
MV-4122_S12__NODE_1814_length_7563_cov_20.234283	1	7563	385	7131	94.288	7.50694	35.5	41.5
MV-4128_S29__NODE_847_length_7559_cov_24.517457	1	7559	387	7306	96.653	7.55073	35.5	42
MV-4125_S18__NODE_1577_length_7553_cov_16.094158	1	7553	1339	7553	100	25.5954	35.3	41.9
MV-4122_S12__NODE_1815_length_7551_cov_25.936499	1	7551	386	7183	95.1265	7.50033	35.4	41.9
MV-4128_S29__NODE_848_length_7550_cov_17.450033	1	7550	391	7103	94.0795	7.57126	35.6	39.1
MV-4122_S12__NODE_1816_length_7548_cov_5.800347	1	7548	56	4241	56.1871	1.1093	35.4	41.3
MV-4128_S29__NODE_849_length_7548_cov_17.541305	1	7548	314	6916	91.6269	6.07697	35.5	29.2
MV-4128_S29__NODE_850_length_7545_cov_22.356609	1	7545	377	6973	92.4188	7.35229	35.6	25.6
MV-4128_S29__NODE_851_length_7545_cov_21.591589	1	7545	330	7002	92.8032	6.48058	35.6	27.3
MV-4122_S12__NODE_1818_length_7544_cov_12.196154	1	7544	190	6811	90.2837	3.70798	35.3	41.8
MV-4128_S29__NODE_852_length_7544_cov_25.382561	1	7544	369	7441	98.6347	7.22853	35.4	36.2
MV-4128_S29__NODE_853_length_7543_cov_10.232105	1	7543	225	6963	92.3108	4.30452	35.4	42
MV-4128_S29__NODE_854_length_7543_cov_7.131277	1	7543	38	3226	42.7681	0.73671	35.8	42
cell-4125-0-44_S16__NODE_220_length_7541_cov_11.383382	1	7541	980	7275	96.4726	19.2545	35.5	10.9
cell-4125-0-44_S16__NODE_221_length_7535_cov_9.358021	1	7535	1431	7486	99.3497	27.9354	35.5	38.4
MV-4128_S29__NODE_855_length_7533_cov_26.780824	1	7533	426	7474	99.2168	8.25129	35.6	25.9
MV-4122_S12__NODE_1820_length_7532_cov_25.809817	1	7532	466	6759	89.7371	9.16423	35.4	41.8
MV-4125_S18__NODE_1580_length_7529_cov_17.597672	1	7529	1366	7523	99.9203	26.675	35.6	40.2
MV-4125_S18__NODE_1582_length_7527_cov_7.193389	1	7527	575	7527	100	11.3319	35.6	42
MV-4125_S18__NODE_1584_length_7524_cov_23.450395	1	7524	1890	7519	99.9335	36.8668	35.5	41.8
cell-4125-0-44_S16__NODE_222_length_7522_cov_9.931030	1	7522	1296	7505	99.774	25.3516	35.4	27.2
MV-4125_S18__NODE_1586_length_7520_cov_7.868319	1	7520	640	7520	100	12.511	35.6	42
MV-4128_S29__NODE_856_length_7514_cov_15.627832	1	7514	201	6524	86.8246	3.82473	35.8	42
MV-4125_S18__NODE_1589_length_7512_cov_16.893791	1	7512	1355	7485	99.6406	26.4822	35.5	41.2
MV-4128_S29__NODE_857_length_7503_cov_17.034774	1	7503	377	7118	94.8687	7.25856	35.4	40.9
MV-4122_S12__NODE_1823_length_7497_cov_9.644854	1	7497	30	2335	31.1458	0.584234	35.8	42
MV-4128_S29__NODE_858_length_7496_cov_15.352238	1	7496	327	7043	93.9568	6.37753	35.5	42
MV-4128_S29__NODE_859_length_7496_cov_14.346593	1	7496	328	7006	93.4632	6.41129	35.5	41.9
MV-4128_S29__NODE_860_length_7496_cov_5.042199	1	7496	11	1275	17.0091	0.221585	35.9	40.4
MV-4125_S18__NODE_1591_length_7490_cov_22.886886	1	7490	1184	7490	100	23.429	35.4	18.2
MV-4128_S29__NODE_861_length_7488_cov_14.013723	1	7488	298	6500	86.8056	5.82185	35.4	42
MV-4122_S12__NODE_1824_length_7482_cov_7.037700	1	7482	30	2520	33.6808	0.59182	35.5	42
MV-4125_S18__NODE_1593_length_7482_cov_17.314393	1	7482	1452	7482	100	27.6894	35.4	42
MV-4128_S29__NODE_863_length_7479_cov_14.967403	1	7479	373	7280	97.3392	7.35326	35.5	41.9
MV-4122_S12__NODE_1825_length_7478_cov_30.609457	1	7478	455	7253	96.9912	9.00856	35.4	42
MV-4122_S12__NODE_1826_length_7473_cov_23.105554	1	7473	561	7246	96.9624	11.0539	35.5	41.9
MV-4128_S29__NODE_864_length_7470_cov_7.717869	1	7470	8	968	12.9585	0.161714	35.7	42
MV-4122_S12__NODE_1828_length_7468_cov_6.959261	1	7468	43	2893	38.7386	0.856052	35.9	41.1
MV-4128_S29__NODE_865_length_7468_cov_14.707811	1	7468	340	7158	95.849	6.63524	35.6	42
MV-4128_S29__NODE_866_length_7468_cov_14.287333	1	7468	333	6899	92.3808	6.47121	35.4	42
MV-4128_S29__NODE_867_length_7466_cov_18.510322	1	7466	224	6557	87.8248	4.34932	35.5	42
MV-4128_S29__NODE_868_length_7464_cov_13.735322	1	7464	306	7173	96.1013	6.05493	35.5	41.9
MV-4122_S12__NODE_1829_length_7461_cov_41.523900	1	7461	4	411	5.50864	0.0809543	36.4	42
MV-4125_S18__NODE_1596_length_7460_cov_7.597029	1	7460	607	7423	99.504	11.9651	35.3	42
MV-4128_S29__NODE_869_length_7459_cov_11.434630	1	7459	250	6204	83.1747	4.90052	35.5	41.8
MV-4122_S12__NODE_1830_length_7457_cov_19.703864	1	7457	115	4980	66.7829	2.27987	35.3	33.8
MV-4128_S29__NODE_870_length_7456_cov_7.175652	1	7456	4	323	4.33208	0.0788627	35.6	42
MV-4122_S12__NODE_1831_length_7452_cov_13.717859	1	7452	228	6682	89.6672	4.49906	35.5	41.6
MV-4125_S18__NODE_1598_length_7452_cov_7.554279	1	7452	597	7452	100	11.8623	35.6	41.9
MV-4125_S18__NODE_1599_length_7451_cov_37.805435	1	7451	3107	7437	99.8121	59.9564	35.4	41.9
MV-4122_S12__NODE_1833_length_7436_cov_4.782821	1	7436	12	953	12.816	0.23319	35.9	42
MV-4128_S29__NODE_871_length_7436_cov_15.038613	1	7436	344	7345	98.7762	6.83822	35.5	42
MV-4122_S12__NODE_1834_length_7435_cov_12.121003	1	7435	214	6820	91.7283	4.25124	35.5	40.5
MV-4128_S29__NODE_872_length_7429_cov_12.385408	1	7429	298	6999	94.2119	5.81707	35.5	34.6
MV-4128_S29__NODE_873_length_7422_cov_4.551514	1	7422	6	575	7.74724	0.12207	32.7	41.3
MV-4125_S18__NODE_1604_length_7419_cov_17.801059	1	7419	1395	7389	99.5956	27.6242	35.4	38.1
MV-4122_S12__NODE_1836_length_7418_cov_9.279641	1	7418	145	6317	85.1577	2.81221	35.1	41.4
MV-4125_S18__NODE_1605_length_7414_cov_11.311863	1	7414	325	7302	98.4893	6.44605	35.3	0.985
MV-4125_S18__NODE_1606_length_7413_cov_15.523512	1	7413	1271	7413	100	24.7097	35.4	42
MV-4122_S12__NODE_1837_length_7412_cov_31.003126	1	7412	725	7303	98.5294	14.5526	35.5	41.5
MV-4128_S29__NODE_875_length_7408_cov_10.674147	1	7408	272	6899	93.129	5.34908	35.4	41.9
MV-4125_S18__NODE_1609_length_7407_cov_20.016730	1	7407	631	7208	97.3134	12.4471	35.4	1
MV-4122_S12__NODE_1838_length_7402_cov_25.499932	1	7402	627	7276	98.2978	12.3776	35.6	41
MV-4125_S18__NODE_1611_length_7402_cov_7.557506	1	7402	591	7402	100	11.8571	35.6	41.9
MV-4125_S18__NODE_1612_length_7399_cov_8.794390	1	7399	687	7399	100	13.8174	35.6	41.2
MV-4122_S12__NODE_1840_length_7396_cov_15.012805	1	7396	188	6672	90.2109	3.76704	35.6	41.6
MV-4125_S18__NODE_1616_length_7392_cov_6.590841	1	7392	511	7363	99.6077	10.3341	35.5	42
MV-4125_S18__NODE_1617_length_7391_cov_27.661532	1	7391	2152	7366	99.6618	43.0621	35.5	38.5
MV-4122_S12__NODE_1841_length_7385_cov_9.849250	1	7385	170	6291	85.1862	3.41584	35.6	40.9
MV-4122_S12__NODE_1842_length_7384_cov_23.221722	1	7384	541	7165	97.0341	10.8149	35.5	41.2
MV-4128_S29__NODE_876_length_7382_cov_16.143169	1	7382	258	6275	85.0041	5.10079	35.4	29.4
MV-4125_S18__NODE_1620_length_7380_cov_9.750990	1	7380	343	6989	94.7019	6.89282	35.4	3.65
cell-4125-0-44_S16__NODE_231_length_7380_cov_10.141160	1	7380	824	7248	98.2114	16.4432	35.4	19.6
MV-4128_S29__NODE_877_length_7378_cov_12.424416	1	7378	279	7110	96.3676	5.57929	35.4	41.6
MV-4128_S29__NODE_878_length_7376_cov_7.627237	1	7376	49	3890	52.7386	0.989832	35.8	41.6
MV-4128_S29__NODE_879_length_7374_cov_18.365077	1	7374	227	6365	86.3168	4.42636	35.4	41.9
MV-4128_S29__NODE_880_length_7373_cov_16.262367	1	7373	403	6792	92.1199	7.93029	35.4	42
MV-4122_S12__NODE_1843_length_7372_cov_85.838595	1	7372	690	7163	97.1649	13.7324	35.4	7.1
MV-4122_S12__NODE_1844_length_7371_cov_81.908967	1	7371	1442	7363	99.8915	28.7086	35.4	28.6
MV-4125_S18__NODE_1627_length_7356_cov_7.362279	1	7356	576	7356	100	11.6146	35.6	41.8
MV-4128_S29__NODE_881_length_7354_cov_11.221537	1	7354	260	6776	92.1403	5.19309	35.4	42
MV-4125_S18__NODE_1628_length_7352_cov_10.227491	1	7352	813	7319	99.5511	16.1722	35.6	42
MV-4122_S12__NODE_1845_length_7348_cov_54.836281	1	7348	776	7049	95.9309	15.296	35.4	33.6
MV-4125_S18__NODE_1632_length_7348_cov_27.720143	1	7348	2189	7329	99.7414	43.6225	35.4	41.7
MV-4122_S12__NODE_1846_length_7347_cov_10.014948	1	7347	50	3865	52.6065	0.990881	35.5	42
MV-4128_S29__NODE_882_length_7342_cov_13.047070	1	7342	272	6108	83.1926	5.36788	35.4	42
MV-4128_S29__NODE_883_length_7340_cov_13.622787	1	7340	326	6920	94.2779	6.4346	35.5	41.9
MV-4122_S12__NODE_1847_length_7339_cov_19.762356	1	7339	184	6291	85.7201	3.70745	35.5	41.8
MV-4128_S29__NODE_884_length_7337_cov_23.054243	1	7337	335	7265	99.0187	6.69306	35.7	26.1
MV-4125_S18__NODE_1636_length_7334_cov_6.913862	1	7334	543	7334	100	10.8653	35.5	41.9
MV-4122_S12__NODE_1848_length_7331_cov_11.121495	1	7331	149	6090	83.0719	3.00136	35.5	41
MV-4125_S18__NODE_1637_length_7328_cov_19.892617	1	7328	609	7138	97.4072	12.2163	35.4	2.48
MV-4125_S18__NODE_1639_length_7326_cov_7.114015	1	7326	559	7326	100	11.2492	35.5	41.9
MV-4128_S29__NODE_885_length_7326_cov_8.209050	1	7326	4	478	6.52471	0.0824461	35.4	42
MV-4125_S18__NODE_1641_length_7322_cov_16.578918	1	7322	1332	7322	100	26.3022	35.5	42
MV-4128_S29__NODE_886_length_7322_cov_14.649236	1	7322	296	6588	89.9754	5.95643	35.6	41.9
MV-4122_S12__NODE_1849_length_7318_cov_12.359631	1	7318	62	4259	58.199	1.23066	35.6	42
MV-4125_S18__NODE_1642_length_7316_cov_12.593031	1	7316	710	7302	99.8086	14.2716	35.4	27.4
MV-4125_S18__NODE_1643_length_7315_cov_6.733747	1	7315	524	7315	100	10.5635	35.4	41.9
MV-4122_S12__NODE_1852_length_7313_cov_42.585836	1	7313	1390	7225	98.7967	27.878	35.5	41.9
MV-4122_S12__NODE_1853_length_7313_cov_8.690548	1	7313	39	3284	44.9063	0.765623	35.8	42
cell-4125-0-44_S16__NODE_239_length_7313_cov_11.027556	1	7313	609	7236	98.9471	12.2092	35.3	0.995
MV-4122_S12__NODE_1854_length_7307_cov_20.317843	1	7307	339	6737	92.1993	6.85671	35.4	42
MV-4122_S12__NODE_1855_length_7307_cov_18.078599	1	7307	705	6848	93.7184	13.8959	35.5	42
MV-4128_S29__NODE_887_length_7306_cov_44.444077	1	7306	2023	7292	99.8084	40.5509	35.4	41.9
MV-4125_S18__NODE_1646_length_7305_cov_22.297655	1	7305	1749	7304	99.9863	34.9576	35.5	40.8
MV-4122_S12__NODE_1856_length_7304_cov_19.613602	1	7304	267	6483	88.7596	5.36514	35.5	41.9
MV-4128_S29__NODE_888_length_7304_cov_14.093392	1	7304	310	6906	94.5509	6.19236	35.4	41.9
MV-4122_S12__NODE_1857_length_7302_cov_25.142680	1	7302	374	6583	90.1534	7.45275	35.4	42
MV-4125_S18__NODE_1649_length_7298_cov_16.385614	1	7298	1333	7298	100	26.1402	35.5	41.9
MV-4128_S29__NODE_890_length_7298_cov_16.745824	1	7298	336	6888	94.382	6.72677	35.7	42
cell-4125-0-44_S16__NODE_241_length_7298_cov_11.037001	1	7298	1145	7288	99.863	23.0611	35.5	17.8
cell-4125-0-44_S16__NODE_242_length_7297_cov_10.568075	1	7297	881	7261	99.5066	17.7914	35.5	16.4
MV-4125_S18__NODE_1650_length_7296_cov_8.387377	1	7296	656	7296	100	13.232	35.4	42
MV-4125_S18__NODE_1651_length_7295_cov_7.799586	1	7295	576	7226	99.0541	11.6477	35.5	41.7
MV-4128_S29__NODE_892_length_7295_cov_14.459254	1	7295	291	6749	92.5154	5.79342	35.3	42
MV-4125_S18__NODE_1655_length_7291_cov_7.191128	1	7291	555	7291	100	11.2444	35.5	41.9
MV-4122_S12__NODE_1859_length_7290_cov_4.776503	1	7290	6	623	8.54595	0.12428	36.6	42
MV-4122_S12__NODE_1860_length_7288_cov_74.154293	1	7288	717	7257	99.5746	14.6272	35.5	2.38
MV-4122_S12__NODE_1861_length_7284_cov_10.164615	1	7284	213	6668	91.5431	4.24149	35.5	41.9
MV-4125_S18__NODE_1659_length_7284_cov_21.004703	1	7284	1694	7284	100	33.4919	35.4	41.9
MV-4128_S29__NODE_893_length_7279_cov_15.332780	1	7279	315	6956	95.5626	6.26556	35.5	42
MV-4122_S12__NODE_1863_length_7277_cov_29.473415	1	7277	445	6969	95.7675	8.97238	35.4	41.9
MV-4125_S18__NODE_1661_length_7277_cov_25.275547	1	7277	1140	7277	100	23.033	35.4	12.7
MV-4128_S29__NODE_894_length_7272_cov_18.595677	1	7272	303	6674	91.7767	6.09433	35.5	24.9
MV-4122_S12__NODE_1865_length_7270_cov_10.206930	1	7270	41	3314	45.5846	0.839615	35.1	42
MV-4128_S29__NODE_895_length_7265_cov_9.772677	1	7265	16	1591	21.8995	0.332553	35.8	42
MV-4125_S18__NODE_1667_length_7262_cov_15.670043	1	7262	1240	7262	100	24.7524	35.5	42
MV-4125_S18__NODE_1668_length_7261_cov_6.119206	1	7261	473	7261	100	9.66699	35.3	41.9
MV-4122_S12__NODE_1866_length_7259_cov_11.938506	1	7259	317	6565	90.4395	6.26409	35.4	42
MV-4125_S18__NODE_1670_length_7256_cov_8.246077	1	7256	624	7256	100	12.6954	35.5	41.8
MV-4122_S12__NODE_1867_length_7255_cov_23.589722	1	7255	384	6848	94.3901	7.7264	35.4	41.7
MV-4128_S29__NODE_896_length_7249_cov_25.497359	1	7249	385	7083	97.71	7.83653	35.3	29.7
MV-4122_S12__NODE_1869_length_7247_cov_10.075918	1	7247	40	3453	47.6473	0.820477	34.7	42
MV-4125_S18__NODE_1672_length_7246_cov_8.038659	1	7246	623	7246	100	12.6504	35.6	42
MV-4128_S29__NODE_897_length_7245_cov_13.992350	1	7245	301	6962	96.0939	5.98247	35.3	41.8
MV-4128_S29__NODE_898_length_7238_cov_8.061673	1	7238	8	844	11.6607	0.16441	35.7	42
MV-4122_S12__NODE_1871_length_7232_cov_34.288700	1	7232	2	233	3.22179	0.0417588	36.5	42
MV-4122_S12__NODE_1872_length_7230_cov_20.037631	1	7230	429	6993	96.722	8.70622	35.5	32.5
MV-4125_S18__NODE_1676_length_7229_cov_21.596878	1	7229	1712	7229	100	34.2147	35.4	41.9
MV-4122_S12__NODE_1873_length_7227_cov_24.577663	1	7227	623	6941	96.0426	12.5908	35.5	41.4
MV-4128_S29__NODE_899_length_7224_cov_25.907100	1	7224	414	7198	99.6401	8.4773	35.4	41.8
MV-4128_S29__NODE_900_length_7222_cov_20.487652	1	7222	474	7092	98.1999	9.63639	35.4	39.9
MV-4122_S12__NODE_1875_length_7217_cov_10.251606	1	7217	50	3902	54.0668	1.00984	35.5	42
MV-4125_S18__NODE_1678_length_7217_cov_6.856046	1	7217	532	7217	100	10.877	35.3	42
MV-4128_S29__NODE_901_length_7215_cov_14.260475	1	7215	291	6649	92.1552	5.93375	35.5	42
MV-4122_S12__NODE_1876_length_7213_cov_16.060492	1	7213	423	6744	93.4979	8.58173	35.6	41.5
MV-4122_S12__NODE_1877_length_7212_cov_10.623026	1	7212	38	2932	40.6545	0.787854	35.8	42
MV-4125_S18__NODE_1679_length_7209_cov_24.615600	1	7209	1934	7209	100	39.0791	35.5	41.9
MV-4122_S12__NODE_1878_length_7206_cov_11.736540	1	7206	48	3106	43.103	0.991119	35.9	42
MV-4125_S18__NODE_1680_length_7205_cov_13.773427	1	7205	1105	7205	100	21.9638	35.3	41.9
MV-4122_S12__NODE_1879_length_7196_cov_20.678196	1	7196	217	3152	43.8021	4.4729	35.6	2.81
MV-4122_S12__NODE_1880_length_7196_cov_11.968772	1	7196	32	2859	39.7304	0.670928	35.1	42
MV-4125_S18__NODE_1683_length_7196_cov_25.360454	1	7196	1035	7184	99.8332	21.1765	35.5	16
Biragzang__NODE_1627_length_7195_cov_25.529972	1	7195	37	344	4.7811	0.628214	35.7	2.16
MV-4128_S29__NODE_902_length_7195_cov_5.294818	1	7195	4	585	8.13065	0.0839472	35.7	42
MV-4122_S12__NODE_1881_length_7194_cov_12.910071	1	7194	32	2191	30.4559	0.642202	35.7	42
MV-4125_S18__NODE_1684_length_7192_cov_5.865490	1	7192	457	7192	100	9.30242	35.4	41.9
MV-4128_S29__NODE_903_length_7191_cov_13.850476	1	7191	266	6262	87.0811	5.40259	35.6	42
MV-4128_S29__NODE_904_length_7187_cov_25.781828	1	7187	378	7083	98.5529	7.75859	35.4	41.9
MV-4128_S29__NODE_905_length_7187_cov_23.525238	1	7187	394	7035	97.8851	7.98873	35.5	41.9
MV-4122_S12__NODE_1882_length_7184_cov_4.990321	1	7184	11	871	12.1242	0.229538	35.7	41.8
MV-4122_S12__NODE_1883_length_7182_cov_12.034797	1	7182	181	6373	88.7357	3.71498	35.6	40.9
MV-4125_S18__NODE_1686_length_7182_cov_23.511997	1	7182	1441	7174	99.8886	29.6786	35.5	25
MV-4125_S18__NODE_1687_length_7182_cov_7.351761	1	7182	562	7182	100	11.6154	35.5	41.6
MV-4122_S12__NODE_1884_length_7175_cov_25.484831	1	7175	647	7033	98.0209	13.2911	35.5	41.5
MV-4122_S12__NODE_1885_length_7175_cov_12.998455	1	7175	189	6526	90.9547	3.80557	35.5	41.4
MV-4122_S12__NODE_1886_length_7173_cov_11.116746	1	7173	243	6648	92.6809	4.91552	35.3	13.1
MV-4122_S12__NODE_1887_length_7173_cov_7.273391	1	7173	40	3249	45.2949	0.822529	35.5	42
MV-4125_S18__NODE_1688_length_7173_cov_6.699354	1	7173	516	7173	100	10.6078	35.6	41.9
MV-4128_S29__NODE_907_length_7172_cov_27.627933	1	7172	304	6587	91.8433	6.18726	35.4	29
MV-4122_S12__NODE_1888_length_7171_cov_5.661467	1	7171	8	848	11.8254	0.161205	35.8	42
MV-4122_S12__NODE_1889_length_7166_cov_9.291801	1	7166	73	4542	63.3826	1.46288	35.6	41.8
MV-4128_S29__NODE_908_length_7166_cov_14.483617	1	7166	333	6923	96.609	6.84524	35.4	41.3
MV-4122_S12__NODE_1890_length_7161_cov_17.406980	1	7161	281	6466	90.2947	5.82698	35.4	41.4
cell-4125-0-44_S16__NODE_252_length_7161_cov_10.082888	1	7161	979	7127	99.5252	20.0462	35.4	20.8
MV-4122_S12__NODE_1891_length_7160_cov_19.655172	1	7160	414	6948	97.0391	8.49511	35.3	41
MV-4125_S18__NODE_1692_length_7154_cov_18.939005	1	7154	1473	7154	100	29.9564	35.4	42
MV-4125_S18__NODE_1693_length_7154_cov_15.693478	1	7154	1200	7154	100	24.6996	35.4	42
MV-4128_S29__NODE_910_length_7151_cov_10.850197	1	7151	243	6350	88.7988	5.01636	35.6	41.9
MV-4122_S12__NODE_1892_length_7150_cov_12.001550	1	7150	56	4134	57.8182	1.15552	35.7	42
MV-4128_S29__NODE_911_length_7146_cov_7.175434	1	7146	77	4907	68.6678	1.57921	35.6	41.8
MV-4122_S12__NODE_1893_length_7145_cov_5.040621	1	7145	12	1054	14.7516	0.246606	35.9	42
MV-4122_S12__NODE_1894_length_7144_cov_8.200592	1	7144	265	6635	92.8751	5.45451	35.3	40.9
MV-4125_S18__NODE_1698_length_7142_cov_9.876676	1	7142	773	7133	99.874	15.6553	35.4	42
MV-4128_S29__NODE_912_length_7140_cov_7.914185	1	7140	89	4511	63.1793	1.78445	35.7	39.1
MV-4122_S12__NODE_1896_length_7139_cov_16.117448	1	7139	648	6977	97.7308	13.0982	35.5	41.8
MV-4125_S18__NODE_1700_length_7136_cov_34.063692	1	7136	2565	7136	100	51.9683	35.4	41.4
MV-4122_S12__NODE_1897_length_7134_cov_19.245515	1	7134	368	6930	97.1405	7.6483	35.6	42
MV-4128_S29__NODE_913_length_7131_cov_25.030808	1	7131	413	6980	97.8825	8.5068	35.7	41.9
MV-4128_S29__NODE_914_length_7130_cov_14.764664	1	7130	343	6602	92.5947	7.01388	35.5	42
MV-4125_S18__NODE_1702_length_7128_cov_22.279372	1	7128	1638	7103	99.6493	33.8321	35.5	40.3
MV-4128_S29__NODE_915_length_7125_cov_13.273975	1	7125	246	6691	93.9088	5.0706	35.6	41.7
MV-4125_S18__NODE_1703_length_7123_cov_8.415393	1	7123	636	7123	100	13.2297	35.4	41.9
MV-4125_S18__NODE_1704_length_7121_cov_22.194311	1	7121	685	7049	98.9889	13.9281	35.3	1.03
MV-4125_S18__NODE_1705_length_7120_cov_20.216277	1	7120	1224	7001	98.3287	24.9476	35.5	31.2
MV-4122_S12__NODE_1900_length_7119_cov_19.068800	1	7119	432	6689	93.9598	8.84801	35.4	38.8
MV-4125_S18__NODE_1707_length_7119_cov_26.251557	1	7119	1995	7119	100	41.2669	35.5	41
MV-4125_S18__NODE_1708_length_7117_cov_22.461342	1	7117	1765	7116	99.9859	35.7613	35.4	41.9
MV-4122_S12__NODE_1903_length_7111_cov_6.530471	1	7111	34	3062	43.06	0.705105	35	41.4
MV-4125_S18__NODE_1710_length_7109_cov_18.729799	1	7109	1421	7089	99.7187	29.4598	35.5	39.4
MV-4125_S18__NODE_1711_length_7109_cov_17.644741	1	7109	1381	7093	99.7749	27.9155	35.4	41.9
cell-4125-0-44_S16__NODE_258_length_7109_cov_10.418769	1	7109	1533	7102	99.9015	31.8035	35.5	32.5
MV-4125_S18__NODE_1713_length_7105_cov_7.297589	1	7105	558	7105	100	11.6104	35.5	42
MV-4122_S12__NODE_1905_length_7103_cov_9.151816	1	7103	37	3112	43.8125	0.78319	35.5	42
MV-4125_S18__NODE_1714_length_7102_cov_6.639137	1	7102	502	7102	100	10.4469	35.5	42
MV-4122_S12__NODE_1907_length_7099_cov_9.723453	1	7099	36	2464	34.7091	0.713058	35.3	42
MV-4125_S18__NODE_1715_length_7097_cov_19.677080	1	7097	1543	7097	100	31.3652	35.5	41.9
MV-4125_S18__NODE_1716_length_7096_cov_50.197699	1	7096	2073	7091	99.9295	42.9517	35.5	10.2
cell-4125-0-44_S16__NODE_262_length_7094_cov_9.693991	1	7094	1092	6899	97.2512	22.6696	35.5	24.2
MV-4125_S18__NODE_1717_length_7093_cov_20.922563	1	7093	1576	6930	97.702	32.5371	35.5	41.6
MV-4125_S18__NODE_1718_length_7089_cov_5.662923	1	7089	434	7089	100	9.00621	35.3	42
MV-4122_S12__NODE_1909_length_7088_cov_7.590644	1	7088	26	2210	31.1795	0.549944	34	42
MV-4122_S12__NODE_1911_length_7086_cov_10.267956	1	7086	72	4015	56.661	1.48546	35.5	42
MV-4128_S29__NODE_917_length_7077_cov_16.685275	1	7077	389	6808	96.199	8.07969	35.4	41.9
MV-4125_S18__NODE_1719_length_7074_cov_7.072945	1	7074	534	7046	99.6042	11.1486	35.5	41.8
MV-4128_S29__NODE_918_length_7074_cov_17.439094	1	7074	324	6873	97.1586	6.5786	35.4	42
cell-4125-0-44_S16__NODE_267_length_7072_cov_8.417272	1	7072	843	7058	99.802	17.4352	35.5	18.1
MV-4122_S12__NODE_1914_length_7071_cov_9.941420	1	7071	24	2066	29.2179	0.497242	35.6	42
MV-4125_S18__NODE_1722_length_7068_cov_6.966776	1	7068	525	7066	99.9717	10.9045	35.5	41.9
MV-4128_S29__NODE_919_length_7068_cov_18.558106	1	7068	292	6364	90.0396	5.99533	35.5	41.8
MV-4125_S18__NODE_1723_length_7067_cov_24.310610	1	7067	1859	7062	99.9292	38.1354	35.4	41.9
MV-4122_S12__NODE_1915_length_7065_cov_21.751783	1	7065	305	6392	90.4742	6.33489	35.6	41.9
MV-4128_S29__NODE_920_length_7065_cov_7.738944	1	7065	131	5243	74.2109	2.66893	35.4	42
MV-4122_S12__NODE_1918_length_7060_cov_5.412562	1	7060	14	1536	21.7564	0.298017	34.7	42
MV-4122_S12__NODE_1919_length_7059_cov_27.902484	1	7059	648	7033	99.6317	13.4853	35.6	41.7
MV-4122_S12__NODE_1920_length_7058_cov_13.284164	1	7058	192	6272	88.8637	3.96628	35.7	38.4
MV-4128_S29__NODE_921_length_7052_cov_29.212805	1	7052	447	6739	95.5615	9.27255	35.6	27.8
MV-4128_S29__NODE_922_length_7052_cov_8.871088	1	7052	192	5601	79.4243	3.94441	35.5	41.9
MV-4128_S29__NODE_923_length_7047_cov_25.899886	1	7047	349	6973	98.9499	7.26593	35.7	25.7
MV-4125_S18__NODE_1729_length_7045_cov_7.131330	1	7045	530	7045	100	11.1861	35.4	42
MV-4125_S18__NODE_1730_length_7039_cov_19.081472	1	7039	1434	7027	99.8295	29.8998	35.4	41.8
MV-4125_S18__NODE_1731_length_7038_cov_7.880710	1	7038	405	7011	99.6164	8.52003	35.4	18.1
MV-4125_S18__NODE_1732_length_7036_cov_7.155995	1	7036	547	7036	100	11.3641	35.5	42
MV-4128_S29__NODE_924_length_7033_cov_13.913586	1	7033	307	6528	92.8196	6.40139	35.6	41.8
MV-4128_S29__NODE_925_length_7032_cov_10.316898	1	7032	209	6021	85.6229	4.3002	35.4	42
MV-4122_S12__NODE_1923_length_7028_cov_10.795784	1	7028	147	6112	86.9664	3.0848	35.5	41.3
MV-4125_S18__NODE_1734_length_7022_cov_19.783838	1	7022	1538	7022	100	31.5748	35.5	42
MV-4125_S18__NODE_1735_length_7022_cov_7.120568	1	7022	533	7022	100	11.2234	35.6	42
MV-4122_S12__NODE_1924_length_7020_cov_6.845513	1	7020	37	2770	39.4587	0.74943	35.4	41.9
MV-4122_S12__NODE_1925_length_7017_cov_11.146653	1	7017	126	5916	84.3095	2.647	35.4	40.3
MV-4125_S18__NODE_1739_length_7014_cov_42.007903	1	7014	3141	7014	100	65.9336	35.5	41.1
cell-4125-0-44_S16__NODE_274_length_7014_cov_9.037649	1	7014	1110	6940	98.945	23.1467	35.5	24.5
MV-4125_S18__NODE_1743_length_7003_cov_18.305843	1	7003	1365	7001	99.9714	28.619	35.5	41.6
MV-4125_S18__NODE_1744_length_7002_cov_8.171153	1	7002	610	7002	100	12.7786	35.3	42
MV-4122_S12__NODE_1928_length_7001_cov_18.047941	1	7001	303	6323	90.3157	6.39094	35.5	27
MV-4125_S18__NODE_1745_length_7000_cov_20.813679	1	7000	1566	6983	99.7571	32.7366	35.5	41.9
MV-4125_S18__NODE_1746_length_6999_cov_7.925115	1	6999	587	6998	99.9857	12.4298	35.6	42
MV-4122_S12__NODE_1929_length_6996_cov_11.915574	1	6996	192	6528	93.3105	4.01301	35.3	42
MV-4122_S12__NODE_1930_length_6996_cov_8.416367	1	6996	43	3096	44.2539	0.896369	35.6	42
MV-4128_S29__NODE_926_length_6993_cov_15.889161	1	6993	366	6476	92.6069	7.66424	35.3	42
MV-4128_S29__NODE_927_length_6990_cov_15.091420	1	6990	289	6379	91.2589	5.9422	35.4	42
MV-4122_S12__NODE_1931_length_6988_cov_11.901053	1	6988	57	3101	44.3761	1.16357	35.5	42
MV-4125_S18__NODE_1749_length_6988_cov_21.176691	1	6988	1621	6988	100	33.6221	35.4	42
MV-4122_S12__NODE_1932_length_6985_cov_7.323665	1	6985	28	2002	28.6614	0.563207	35.5	42
MV-4128_S29__NODE_928_length_6982_cov_21.102931	1	6982	266	6057	86.7516	5.7008	35.4	42
MV-4125_S18__NODE_1751_length_6979_cov_6.497978	1	6979	488	6979	100	10.2843	35.6	42
MV-4122_S12__NODE_1933_length_6976_cov_26.188268	1	6976	394	6860	98.3372	8.34232	35.5	42
MV-4125_S18__NODE_1753_length_6976_cov_23.460338	1	6976	1579	6976	100	33.2186	35.5	36.3
MV-4122_S12__NODE_1934_length_6974_cov_8.844775	1	6974	231	6338	90.8804	4.74319	35.2	41.9
MV-4125_S18__NODE_1754_length_6974_cov_6.066773	1	6974	454	6974	100	9.60855	35.4	42
MV-4128_S29__NODE_929_length_6973_cov_12.924256	1	6973	231	6010	86.1896	4.79951	35.5	41.9
MV-4128_S29__NODE_930_length_6972_cov_31.509325	1	6972	432	6735	96.6007	9.1724	35.4	41.1
MV-4128_S29__NODE_931_length_6972_cov_24.854561	1	6972	343	6325	90.72	7.3167	35.6	42
MV-4122_S12__NODE_1935_length_6969_cov_34.704513	1	6969	550	6564	94.1885	11.621	35.5	30.8
MV-4122_S12__NODE_1936_length_6969_cov_23.431154	1	6969	344	6537	93.8011	7.29717	35.5	42
cell-4125-0-44_S16__NODE_278_length_6969_cov_8.287677	1	6969	787	6861	98.4503	16.6308	35.4	18.8
MV-4125_S18__NODE_1757_length_6960_cov_7.715424	1	6960	575	6960	100	12.2068	35.5	42
MV-4125_S18__NODE_1758_length_6958_cov_21.454875	1	6958	838	6922	99.4826	17.6256	35.5	3.7
MV-4128_S29__NODE_932_length_6957_cov_28.655752	1	6957	572	6899	99.1663	12.1151	35.4	25.1
MV-4122_S12__NODE_1939_length_6956_cov_7.633531	1	6956	36	2834	40.7418	0.737924	35.7	42
MV-4128_S29__NODE_933_length_6955_cov_12.773913	1	6955	299	6628	95.2983	6.34306	35.4	41.9
MV-4128_S29__NODE_934_length_6950_cov_20.153590	1	6950	280	6769	97.3957	5.98705	35.6	39.7
MV-4122_S12__NODE_1941_length_6949_cov_29.384392	1	6949	515	6821	98.158	10.8637	35.6	41.9
MV-4122_S12__NODE_1942_length_6941_cov_10.533256	1	6941	159	5799	83.547	3.34678	35.5	41.1
MV-4122_S12__NODE_1943_length_6940_cov_20.961946	1	6940	323	6673	96.1527	6.85	35.5	41.9
MV-4125_S18__NODE_1763_length_6940_cov_7.561946	1	6940	553	6940	100	11.8048	35.4	42
MV-4122_S12__NODE_1944_length_6938_cov_8.668604	1	6938	151	5886	84.8371	3.16993	35.7	42
MV-4125_S18__NODE_1764_length_6938_cov_6.931571	1	6938	506	6938	100	10.7886	35.6	42
MV-4122_S12__NODE_1945_length_6937_cov_4.541994	1	6937	8	826	11.9072	0.166643	34.8	42
MV-4125_S18__NODE_1765_length_6937_cov_18.185847	1	6937	1371	6937	100	28.8802	35.4	42
MV-4125_S18__NODE_1766_length_6936_cov_6.875599	1	6936	501	6905	99.5531	10.7272	35.5	41.9
MV-4128_S29__NODE_935_length_6936_cov_13.970208	1	6936	330	6648	95.8478	6.91984	35.3	41.9
MV-4125_S18__NODE_1767_length_6933_cov_7.331201	1	6933	534	6912	99.6971	11.3316	35.5	41.8
MV-4128_S29__NODE_936_length_6932_cov_15.778973	1	6932	361	6509	93.8979	7.58309	35.6	42
MV-4125_S18__NODE_1768_length_6930_cov_6.317964	1	6930	474	6930	100	10.055	35.6	42
MV-4122_S12__NODE_1946_length_6927_cov_5.747235	1	6927	123	5495	79.3273	2.58756	35.6	42
MV-4128_S29__NODE_937_length_6926_cov_10.591471	1	6926	264	6410	92.5498	5.55674	35.5	42
MV-4122_S12__NODE_1947_length_6922_cov_61.371196	1	6922	443	5825	84.152	9.41332	35.6	2.79
MV-4122_S12__NODE_1948_length_6920_cov_9.424763	1	6920	40	2941	42.5	0.857803	35.6	42
MV-4128_S29__NODE_938_length_6920_cov_23.980626	1	6920	341	6665	96.315	7.26402	35.5	25.5
MV-4128_S29__NODE_939_length_6918_cov_11.511292	1	6918	222	5269	76.1636	4.59555	35.5	42
MV-4122_S12__NODE_1950_length_6914_cov_16.355008	1	6914	28	2075	30.0116	0.60862	35.6	33.4
MV-4122_S12__NODE_1951_length_6914_cov_8.261117	1	6914	44	3132	45.2994	0.957188	35.1	42
MV-4125_S18__NODE_1772_length_6914_cov_22.151480	1	6914	1632	6914	100	34.6501	35.4	40.9
MV-4125_S18__NODE_1776_length_6910_cov_22.498906	1	6910	1688	6910	100	35.5696	35.4	41.9
MV-4125_S18__NODE_1777_length_6909_cov_20.388095	1	6909	1525	6909	100	32.2368	35.5	41.6
MV-4125_S18__NODE_1779_length_6902_cov_29.989777	1	6902	2179	6877	99.6378	46.5367	35.5	40.3
MV-4125_S18__NODE_1780_length_6901_cov_14.950920	1	6901	1111	6901	100	23.5004	35.4	41.9
MV-4125_S18__NODE_1782_length_6898_cov_7.387111	1	6898	549	6898	100	11.7301	35.5	42
MV-4122_S12__NODE_1952_length_6896_cov_27.862886	1	6896	636	6526	94.6346	13.4495	35.6	39.9
MV-4122_S12__NODE_1953_length_6896_cov_9.626809	1	6896	54	2925	42.4159	1.10238	35.4	41.9
MV-4122_S12__NODE_1956_length_6891_cov_10.633996	1	6891	44	2678	38.8623	0.937745	35.5	42
MV-4125_S18__NODE_1785_length_6888_cov_7.252890	1	6888	534	6888	100	11.4167	35.5	41.9
cell-4125-0-44_S16__NODE_287_length_6888_cov_11.105664	1	6888	1375	6783	98.4756	29.5327	35.6	33
MV-4122_S12__NODE_1957_length_6887_cov_10.953308	1	6887	170	6100	88.5727	3.59881	35.4	41.7
MV-4125_S18__NODE_1786_length_6887_cov_87.760831	1	6887	6542	6816	98.9691	138.826	35.4	41.8
cell-4125-0-44_S16__NODE_288_length_6885_cov_9.737775	1	6885	741	6657	96.6885	15.7768	35.6	14.1
MV-4125_S18__NODE_1788_length_6877_cov_22.126942	1	6877	1625	6877	100	34.6032	35.4	40.2
MV-4128_S29__NODE_940_length_6872_cov_7.904063	1	6872	2	297	4.32189	0.0439464	36	42
MV-4122_S12__NODE_1959_length_6869_cov_27.569563	1	6869	411	6531	95.0793	8.80652	35.5	41.5
MV-4122_S12__NODE_1960_length_6869_cov_8.722190	1	6869	38	3010	43.8201	0.82603	35.4	42
MV-4122_S12__NODE_1961_length_6866_cov_77.496697	1	6866	904	6748	98.2814	19.3825	35.4	14.6
MV-4122_S12__NODE_1962_length_6864_cov_25.987223	1	6864	349	6638	96.7075	7.51807	35.5	41.9
MV-4122_S12__NODE_1963_length_6863_cov_20.573737	1	6863	295	6369	92.802	6.35946	35.5	42
MV-4125_S18__NODE_1791_length_6863_cov_7.686692	1	6863	564	6863	100	12.0753	35.5	41.9
MV-4128_S29__NODE_941_length_6860_cov_12.064952	1	6860	279	6312	92.0117	5.90918	35.4	41
MV-4122_S12__NODE_1964_length_6859_cov_4.717225	1	6859	8	788	11.4886	0.166788	36.4	39.8
MV-4122_S12__NODE_1965_length_6858_cov_26.612818	1	6858	414	6563	95.6985	8.97098	35.6	42
MV-4122_S12__NODE_1966_length_6856_cov_9.059109	1	6856	54	3467	50.5688	1.10648	35.6	42
MV-4128_S29__NODE_942_length_6856_cov_7.571681	1	6856	145	5469	79.7695	2.99869	35.7	42
MV-4122_S12__NODE_1967_length_6855_cov_103.129118	1	6855	1035	6724	98.089	22.3543	35.5	18.3
MV-4122_S12__NODE_1968_length_6855_cov_4.902353	1	6855	8	539	7.86287	0.174763	36	42
MV-4122_S12__NODE_1969_length_6851_cov_35.080194	1	6851	661	6818	99.5183	14.1023	35.7	34.7
MV-4128_S29__NODE_943_length_6851_cov_9.902443	1	6851	178	5587	81.5501	3.80864	35.5	42
MV-4125_S18__NODE_1793_length_6846_cov_25.622000	1	6846	1864	6846	100	40.2816	35.5	42
MV-4128_S29__NODE_944_length_6846_cov_6.034605	1	6846	4	423	6.17879	0.0882267	35.9	42
MV-4125_S18__NODE_1794_length_6845_cov_17.026951	1	6845	1255	6845	100	26.7794	35.4	41.9
MV-4128_S29__NODE_945_length_6842_cov_27.017681	1	6842	316	6250	91.3476	6.75227	35.6	28.3
MV-4128_S29__NODE_946_length_6842_cov_15.105938	1	6842	305	6370	93.1014	6.46229	35.5	42
MV-4122_S12__NODE_1970_length_6840_cov_12.042889	1	6840	64	3865	56.5058	1.39678	35.8	42
MV-4122_S12__NODE_1971_length_6839_cov_13.212559	1	6839	200	6653	97.2803	4.25574	35.4	41.6
MV-4125_S18__NODE_1796_length_6839_cov_24.338296	1	6839	1804	6831	99.883	38.2783	35.4	41.9
MV-4128_S29__NODE_947_length_6839_cov_11.549971	1	6839	212	6192	90.5396	4.51484	35.4	41.9
MV-4122_S12__NODE_1972_length_6836_cov_23.141425	1	6836	458	6596	96.4892	9.81466	35.4	35
MV-4128_S29__NODE_948_length_6835_cov_14.833776	1	6835	284	6381	93.3577	6.04462	35.6	42
MV-4128_S29__NODE_949_length_6830_cov_17.436162	1	6830	305	6297	92.1962	6.55286	35.4	41.8
MV-4122_S12__NODE_1973_length_6828_cov_84.020818	1	6828	543	6372	93.3216	11.6476	35.7	0.996
MV-4122_S12__NODE_1974_length_6824_cov_6.035603	1	6824	12	1125	16.4859	0.265533	35.7	42
MV-4125_S18__NODE_1799_length_6821_cov_6.868608	1	6821	504	6821	100	10.8383	35.5	41.9
MV-4122_S12__NODE_1975_length_6820_cov_5.126090	1	6820	6	462	6.77419	0.132845	36.4	42
MV-4128_S29__NODE_951_length_6816_cov_12.727555	1	6816	302	6472	94.9531	6.46758	35.4	42
MV-4122_S12__NODE_1978_length_6815_cov_10.893343	1	6815	135	5168	75.8327	2.89479	35.6	41.1
MV-4128_S29__NODE_952_length_6814_cov_25.387631	1	6814	353	6631	97.3144	7.60699	35.6	42
MV-4128_S29__NODE_953_length_6809_cov_11.212171	1	6809	294	6490	95.315	6.34601	35.6	41.9
MV-4128_S29__NODE_954_length_6804_cov_26.113646	1	6804	401	6504	95.5908	8.70062	35.6	41.9
MV-4122_S12__NODE_1979_length_6802_cov_15.601749	1	6802	225	5739	84.3722	4.87518	35.6	41.9
MV-4125_S18__NODE_1803_length_6798_cov_6.771912	1	6798	482	6798	100	10.5685	35.5	41.9
MV-4122_S12__NODE_1980_length_6795_cov_81.177596	1	6795	1065	6645	97.7925	23.0369	35.6	30.2
MV-4122_S12__NODE_1981_length_6794_cov_18.620567	1	6794	228	5869	86.385	4.97542	35.4	42
MV-4122_S12__NODE_1982_length_6793_cov_21.352478	1	6793	209	6271	92.3156	4.53128	35.5	34.4
MV-4128_S29__NODE_956_length_6790_cov_14.864291	1	6790	375	6358	93.6377	8.10574	35.5	41.9
MV-4122_S12__NODE_1984_length_6789_cov_13.387140	1	6789	210	6379	93.9608	4.50214	35.5	41.8
MV-4128_S29__NODE_957_length_6788_cov_7.318729	1	6788	2	154	2.26871	0.0444903	35.5	42
MV-4125_S18__NODE_1805_length_6786_cov_6.371119	1	6786	459	6752	99.499	10.0395	35.5	41.8
MV-4128_S29__NODE_958_length_6783_cov_24.823127	1	6783	402	6430	94.7958	8.81748	35.5	41.8
MV-4128_S29__NODE_959_length_6783_cov_5.875446	1	6783	8	922	13.5928	0.171311	35.6	42
MV-4125_S18__NODE_1807_length_6781_cov_11.562296	1	6781	851	6760	99.6903	18.2193	35.5	41.9
MV-4125_S18__NODE_1808_length_6781_cov_6.733274	1	6781	489	6781	100	10.6293	35.5	42
MV-4122_S12__NODE_1985_length_6779_cov_8.063058	1	6779	24	1965	28.9866	0.50922	35.1	42
MV-4122_S12__NODE_1986_length_6778_cov_24.957906	1	6778	665	6711	99.0115	14.377	35.4	41.3
MV-4122_S12__NODE_1988_length_6769_cov_3.958892	1	6769	6	800	11.8186	0.133107	34	42
MV-4125_S18__NODE_1812_length_6765_cov_20.847690	1	6765	1471	6757	99.8817	31.983	35.5	41.1
MV-4125_S18__NODE_1813_length_6764_cov_22.411388	1	6764	1665	6764	100	35.5893	35.4	41.9
MV-4125_S18__NODE_1814_length_6763_cov_6.485838	1	6763	469	6763	100	10.2045	35.5	41.9
MV-4122_S12__NODE_1989_length_6761_cov_24.593349	1	6761	382	6490	95.9917	8.32554	35.4	41.9
MV-4122_S12__NODE_1990_length_6761_cov_6.492544	1	6761	22	1806	26.712	0.491347	35.6	42
MV-4122_S12__NODE_1991_length_6759_cov_75.085770	1	6759	630	6434	95.1916	13.5686	35.4	41
MV-4128_S29__NODE_961_length_6759_cov_22.634397	1	6759	3739	6692	99.0087	81.2165	35.5	40.4
MV-4125_S18__NODE_1816_length_6757_cov_18.983438	1	6757	1382	6757	100	29.8453	35.6	41.5
MV-4128_S29__NODE_962_length_6756_cov_18.639457	1	6756	358	6468	95.7371	7.76273	35.6	41.9
MV-4125_S18__NODE_1817_length_6753_cov_7.938489	1	6753	573	6753	100	12.5578	35.5	41.8
MV-4128_S29__NODE_963_length_6750_cov_26.284839	1	6750	149	2303	34.1185	3.27037	35.8	38.7
MV-4122_S12__NODE_1993_length_6749_cov_7.292501	1	6749	2	215	3.18566	0.0447474	33.1	42
MV-4122_S12__NODE_1994_length_6748_cov_8.679367	1	6748	29	2096	31.0611	0.639449	35.5	41.4
MV-4128_S29__NODE_964_length_6742_cov_24.328398	1	6742	383	6633	98.3833	8.40062	35.4	41.7
MV-4128_S29__NODE_965_length_6733_cov_7.473795	1	6733	4	332	4.93094	0.0837665	36.4	42
MV-4122_S12__NODE_1998_length_6726_cov_29.611453	1	6726	557	6569	97.6658	12.1919	35.5	38.2
MV-4128_S29__NODE_966_length_6726_cov_11.971818	1	6726	295	5774	85.846	6.46015	35.5	41.9
MV-4122_S12__NODE_1999_length_6724_cov_8.592143	1	6724	50	4031	59.9494	1.10946	35.2	42
MV-4128_S29__NODE_967_length_6723_cov_21.784793	1	6723	370	6674	99.2712	8.10293	35.7	42
MV-4122_S12__NODE_2000_length_6720_cov_21.562041	1	6720	281	6422	95.5655	6.19449	35.5	8.21
MV-4125_S18__NODE_1825_length_6712_cov_8.639327	1	6712	608	6712	100	13.5179	35.5	41.9
MV-4128_S29__NODE_968_length_6699_cov_11.843317	1	6699	182	5836	87.1175	3.96253	35.5	42
MV-4122_S12__NODE_2005_length_6696_cov_22.434874	1	6696	319	6430	96.0275	7.01553	35.5	41.9
MV-4122_S12__NODE_2006_length_6693_cov_21.707442	1	6693	380	6261	93.5455	8.33901	35.4	42
MV-4122_S12__NODE_2007_length_6686_cov_21.800030	1	6686	325	6417	95.9767	7.19892	35.4	42
MV-4125_S18__NODE_1830_length_6683_cov_7.657061	1	6683	549	6683	100	12.1734	35.4	41.9
MV-4122_S12__NODE_2008_length_6680_cov_5.602566	1	6680	6	643	9.62575	0.123952	35.7	42
cell-4125-0-44_S16__NODE_300_length_6679_cov_8.703653	1	6679	555	6381	95.5383	12.2096	35.3	4.36
MV-4125_S18__NODE_1833_length_6675_cov_7.605589	1	6675	539	6675	100	11.9575	35.5	41.9
MV-4122_S12__NODE_2009_length_6673_cov_28.763826	1	6673	417	6508	97.5273	9.23498	35.5	41.9
MV-4128_S29__NODE_970_length_6672_cov_23.179840	1	6672	303	6095	91.3519	6.73591	35.4	42
MV-4125_S18__NODE_1835_length_6671_cov_58.598700	1	6671	2431	6646	99.6252	53.2389	35.5	22.4
MV-4125_S18__NODE_1836_length_6671_cov_13.135127	1	6671	316	6377	95.5929	6.9261	35.4	1
MV-4122_S12__NODE_2010_length_6670_cov_92.540287	1	6670	1241	6649	99.6852	27.331	35.4	21.9
MV-4128_S29__NODE_971_length_6670_cov_13.336206	1	6670	235	6273	94.048	5.17256	35.5	41.9
MV-4128_S29__NODE_972_length_6669_cov_44.985637	1	6669	1719	6650	99.7151	37.0499	35.4	41.8
MV-4122_S12__NODE_2011_length_6660_cov_79.638759	1	6660	605	6475	97.2222	13.3502	35.4	7.01
MV-4125_S18__NODE_1839_length_6657_cov_7.540139	1	6657	512	6572	98.7231	11.3383	35.5	41.4
MV-4128_S29__NODE_973_length_6652_cov_7.752463	1	6652	774	6431	96.6777	16.8587	35.4	41.9
MV-4122_S12__NODE_2013_length_6650_cov_9.067627	1	6650	38	3036	45.6541	0.843008	34.8	41.9
MV-4128_S29__NODE_974_length_6648_cov_25.224784	1	6648	402	6561	98.6913	9.00797	35.5	42
MV-4122_S12__NODE_2014_length_6645_cov_74.355539	1	6645	366	6002	90.3236	8.04921	35.5	1.08
MV-4125_S18__NODE_1844_length_6645_cov_4.296813	1	6645	311	6645	100	6.86697	35.6	42
MV-4122_S12__NODE_2015_length_6643_cov_6.290528	1	6643	36	2343	35.2702	0.760199	35.8	42
MV-4125_S18__NODE_1845_length_6642_cov_8.248975	1	6642	586	6642	100	13.0358	35.5	41.9
MV-4122_S12__NODE_2017_length_6640_cov_58.586333	1	6640	930	6512	98.0723	20.5184	35.6	39
MV-4122_S12__NODE_2018_length_6640_cov_11.158238	1	6640	40	2842	42.8012	0.875	35.6	41.9
MV-4125_S18__NODE_1846_length_6640_cov_20.014123	1	6640	1478	6640	100	31.9122	35.3	41.9
MV-4122_S12__NODE_2019_length_6637_cov_27.315710	1	6637	431	6219	93.702	9.58731	35.5	42
MV-4125_S18__NODE_1848_length_6637_cov_11.917046	1	6637	440	6130	92.361	9.6619	35.4	1.85
MV-4125_S18__NODE_1849_length_6637_cov_8.451990	1	6637	595	6637	100	13.3092	35.4	42
MV-4125_S18__NODE_1850_length_6636_cov_7.515575	1	6636	530	6636	100	11.8219	35.3	41.9
MV-4122_S12__NODE_2021_length_6634_cov_15.820641	1	6634	190	5670	85.4688	4.19068	35.6	41.9
MV-4122_S12__NODE_2022_length_6631_cov_34.496655	1	6631	489	6437	97.0743	10.9421	35.7	41.8
MV-4128_S29__NODE_975_length_6628_cov_8.211471	1	6628	152	5276	79.6017	3.30115	35.5	42
MV-4128_S29__NODE_976_length_6627_cov_12.698265	1	6627	275	5357	80.836	6.07696	35.5	42
MV-4122_S12__NODE_2024_length_6626_cov_22.544057	1	6626	499	6591	99.4718	11.1402	35.6	41.8
MV-4125_S18__NODE_1855_length_6622_cov_5.893406	1	6622	417	6622	100	9.30066	35.6	42
MV-4128_S29__NODE_978_length_6621_cov_19.468169	1	6621	329	6481	97.8855	7.36067	35.3	41.9
MV-4128_S29__NODE_979_length_6620_cov_12.729779	1	6620	274	6197	93.6103	6.03882	35.4	41.9
cell-4125-0-44_S16__NODE_310_length_6618_cov_9.755752	1	6618	1190	6610	99.8791	26.5678	35.5	27.3
MV-4125_S18__NODE_1859_length_6617_cov_8.495885	1	6617	315	6557	99.0932	7.03748	35.5	1.47
cell-4125-0-44_S16__NODE_311_length_6617_cov_9.959311	1	6617	497	6149	92.9273	10.9779	35.5	1.16
MV-4128_S29__NODE_980_length_6616_cov_21.912056	1	6616	288	5808	87.7872	6.289	35.4	41.9
MV-4128_S29__NODE_981_length_6615_cov_22.539482	1	6615	371	6095	92.1391	8.31807	35.4	42
MV-4128_S29__NODE_982_length_6608_cov_22.574241	1	6608	426	6529	98.8045	9.42933	35.6	20.6
cell-4125-0-44_S16__NODE_314_length_6594_cov_9.309986	1	6594	2	195	2.95723	0.0457992	34.7	42
MV-4125_S18__NODE_1869_length_6587_cov_9.765922	1	6587	346	6500	98.6792	7.76757	35.5	9.48
MV-4128_S29__NODE_983_length_6584_cov_6.524123	1	6584	39	2729	41.449	0.884417	35.6	37.4
MV-4125_S18__NODE_1872_length_6579_cov_6.898069	1	6579	481	6579	100	10.845	35.5	42
MV-4125_S18__NODE_1873_length_6579_cov_6.657879	1	6579	467	6579	100	10.4677	35.6	41.9
MV-4122_S12__NODE_2032_length_6574_cov_10.707317	1	6574	28	2168	32.9784	0.627928	35.1	42
MV-4128_S29__NODE_984_length_6572_cov_15.361209	1	6572	293	6331	96.3329	6.54732	35.5	42
MV-4128_S29__NODE_985_length_6571_cov_11.175414	1	6571	205	6099	92.8169	4.43692	35.4	41.9
MV-4128_S29__NODE_986_length_6567_cov_5.125000	1	6567	9	633	9.6391	0.206639	35.1	39.9
MV-4122_S12__NODE_2033_length_6565_cov_13.840553	1	6565	333	6476	98.6443	7.37319	35.6	41.9
cell-4122-0-44_S10__NODE_375_length_6561_cov_468.765294	1	6561	1	151	2.30148	0.0230148	36	23
MV-4125_S18__NODE_1879_length_6558_cov_7.151469	1	6558	508	6558	100	11.3835	35.5	41.9
MV-4128_S29__NODE_987_length_6557_cov_14.558751	1	6557	303	6204	94.6164	6.76117	35.4	41.9
MV-4122_S12__NODE_2035_length_6556_cov_28.910014	1	6556	447	6466	98.6272	10.0424	35.5	42
MV-4128_S29__NODE_988_length_6554_cov_5.168795	1	6554	4	130	1.98352	0.0793409	35.7	42
MV-4125_S18__NODE_1880_length_6553_cov_8.306402	1	6553	579	6548	99.9237	13.004	35.6	41.6
MV-4125_S18__NODE_1881_length_6552_cov_8.002001	1	6552	554	6524	99.5726	12.5282	35.5	41.9
MV-4125_S18__NODE_1882_length_6549_cov_23.864644	1	6549	1721	6526	99.6488	37.9383	35.4	42
MV-4125_S18__NODE_1883_length_6548_cov_18.031572	1	6548	1288	6548	100	28.5293	35.4	41.9
MV-4128_S29__NODE_989_length_6548_cov_23.478823	1	6548	338	6282	95.9377	7.59911	35.2	27.2
MV-4122_S12__NODE_2036_length_6546_cov_100.121707	1	6546	585	6199	94.6991	13.1149	35.5	11
MV-4128_S29__NODE_990_length_6546_cov_23.902480	1	6546	323	6468	98.8084	7.29468	35.5	29.9
cell-4125-0-44_S16__NODE_320_length_6541_cov_10.986432	1	6541	1230	6452	98.6394	27.7181	35.6	31.4
MV-4125_S18__NODE_1885_length_6540_cov_6.641172	1	6540	468	6540	100	10.5133	35.4	42
MV-4125_S18__NODE_1886_length_6538_cov_6.464600	1	6538	452	6538	100	10.1528	35.5	41.9
MV-4122_S12__NODE_2037_length_6537_cov_8.080994	1	6537	16	1297	19.8409	0.369588	34.2	42
MV-4128_S29__NODE_991_length_6537_cov_5.349892	1	6537	28	2456	37.5708	0.605477	35.4	41.3
MV-4128_S29__NODE_992_length_6535_cov_18.301235	1	6535	258	5952	91.0788	5.70283	35.5	24.4
MV-4128_S29__NODE_993_length_6534_cov_5.191851	1	6534	6	753	11.5243	0.138659	34.6	42
MV-4128_S29__NODE_994_length_6533_cov_27.384224	1	6533	353	6268	95.9437	8.03214	35.6	42
MV-4128_S29__NODE_995_length_6532_cov_38.376718	1	6532	598	6257	95.79	13.4559	35.5	1.82
MV-4125_S18__NODE_1888_length_6530_cov_23.547027	1	6530	1663	6520	99.8469	37.1968	35.5	41
MV-4125_S18__NODE_1889_length_6530_cov_7.739305	1	6530	535	6530	100	12.1678	35.5	41.9
MV-4125_S18__NODE_1890_length_6524_cov_6.572113	1	6524	455	6522	99.9693	10.2849	35.7	41
MV-4122_S12__NODE_2039_length_6522_cov_10.624092	1	6522	40	3053	46.8108	0.90601	35.4	42
MV-4125_S18__NODE_1892_length_6519_cov_6.609220	1	6519	463	6444	98.8495	10.3252	35.4	41.5
MV-4128_S29__NODE_996_length_6518_cov_14.671670	1	6518	311	6268	96.1645	7.09727	35.3	42
MV-4122_S12__NODE_2040_length_6512_cov_25.693666	1	6512	377	6304	96.8059	8.48219	35.6	42
MV-4125_S18__NODE_1895_length_6508_cov_6.405548	1	6508	435	6508	100	9.89597	35.5	41.5
MV-4125_S18__NODE_1896_length_6506_cov_7.927298	1	6506	579	6506	100	12.7622	35.5	42
MV-4128_S29__NODE_997_length_6505_cov_22.268217	1	6505	295	5929	91.1453	6.66918	35.4	41.9
MV-4125_S18__NODE_1897_length_6502_cov_18.143788	1	6502	1231	6468	99.4771	27.9062	35.5	38.8
MV-4125_S18__NODE_1899_length_6500_cov_4.786346	1	6500	334	6500	100	7.54938	35.6	41.4
MV-4125_S18__NODE_1900_length_6499_cov_7.174426	1	6499	500	6463	99.4461	11.3579	35.4	41.9
MV-4122_S12__NODE_2044_length_6496_cov_20.074523	1	6496	272	6160	94.8276	6.19135	35.4	42
MV-4122_S12__NODE_2045_length_6494_cov_26.776518	1	6494	310	6073	93.5171	7.03218	35.5	41.6
MV-4125_S18__NODE_1902_length_6491_cov_24.423710	1	6491	1747	6491	100	38.7398	35.5	42
MV-4125_S18__NODE_1903_length_6488_cov_14.958651	1	6488	1068	6463	99.6147	23.6965	35.3	42
MV-4122_S12__NODE_2049_length_6480_cov_84.995642	1	6480	561	6240	96.2963	12.6285	35.5	1.33
MV-4128_S29__NODE_998_length_6478_cov_15.416783	1	6478	300	6217	95.971	6.73171	35.5	41.9
MV-4125_S18__NODE_1909_length_6474_cov_6.236018	1	6474	431	6474	100	9.88106	35.5	41.9
MV-4125_S18__NODE_1910_length_6473_cov_7.302431	1	6473	500	6473	100	11.4448	35.5	42
MV-4125_S18__NODE_1911_length_6473_cov_6.676067	1	6473	451	6455	99.7219	10.2673	35.5	40.6
MV-4125_S18__NODE_1913_length_6472_cov_20.988156	1	6472	1422	6472	100	32.29	35.5	41
MV-4128_S29__NODE_999_length_6472_cov_13.363877	1	6472	252	5839	90.2194	5.68402	35.5	41.9
MV-4122_S12__NODE_2051_length_6471_cov_11.636534	1	6471	183	5881	90.8824	4.19781	35.3	41.4
MV-4125_S18__NODE_1916_length_6465_cov_8.096256	1	6465	566	6465	100	12.7655	35.5	41.9
MV-4128_S29__NODE_1000_length_6465_cov_13.109516	1	6465	229	6088	94.1686	5.16891	35.5	42
MV-4125_S18__NODE_1917_length_6463_cov_21.871879	1	6463	1548	6463	100	34.6242	35.4	42
MV-4122_S12__NODE_2053_length_6454_cov_10.346148	1	6454	1316	6106	94.608	29.7736	35.5	41.4
MV-4125_S18__NODE_1920_length_6453_cov_7.623476	1	6453	512	6453	100	11.883	35.6	42
MV-4125_S18__NODE_1921_length_6449_cov_19.948233	1	6449	1412	6419	99.5348	31.6113	35.3	41.9
MV-4125_S18__NODE_1922_length_6448_cov_20.256843	1	6448	1393	6443	99.9225	31.7115	35.5	41.6
MV-4122_S12__NODE_2055_length_6447_cov_90.038486	1	6447	502	6289	97.5492	11.4875	35.6	2.34
MV-4122_S12__NODE_2056_length_6446_cov_7.659834	1	6446	14	1550	24.0459	0.315234	35.7	42
MV-4122_S12__NODE_2057_length_6445_cov_26.125196	1	6445	366	6150	95.4228	8.3277	35.4	41.9
MV-4125_S18__NODE_1925_length_6443_cov_21.097527	1	6443	1428	6406	99.4257	32.5597	35.4	38.7
MV-4128_S29__NODE_1001_length_6443_cov_17.623043	1	6443	352	6201	96.244	8.04889	35.5	42
MV-4128_S29__NODE_1002_length_6441_cov_19.927028	1	6441	353	5977	92.7961	8.04099	35.6	23.1
MV-4122_S12__NODE_2059_length_6439_cov_8.475251	1	6439	20	1907	29.6164	0.43485	35.3	42
MV-4125_S18__NODE_1926_length_6439_cov_20.969298	1	6439	1312	6438	99.9845	29.7439	35.5	39.4
MV-4128_S29__NODE_1003_length_6439_cov_13.453008	1	6439	268	6057	94.0674	6.07625	35.4	41.7
MV-4128_S29__NODE_1004_length_6436_cov_17.499922	1	6436	298	6224	96.706	6.77906	35.3	41.9
MV-4128_S29__NODE_1005_length_6434_cov_25.578304	1	6434	385	6324	98.2903	8.87613	35.5	41.9
MV-4125_S18__NODE_1930_length_6433_cov_23.131546	1	6433	1633	6433	100	36.6591	35.4	41.9
MV-4122_S12__NODE_2061_length_6432_cov_12.194919	1	6432	84	4407	68.5168	1.88993	34.8	41.8
MV-4125_S18__NODE_1932_length_6430_cov_6.989804	1	6430	478	6430	100	10.9624	35.4	42
MV-4122_S12__NODE_2062_length_6427_cov_60.759102	1	6427	606	6195	96.3902	13.7526	35.4	19.2
MV-4128_S29__NODE_1006_length_6427_cov_6.655210	1	6427	12	1160	18.0489	0.267621	35.3	42
MV-4125_S18__NODE_1934_length_6426_cov_6.487051	1	6426	443	6347	98.7706	10.0752	35.5	41.1
cell-4125-0-44_S16__NODE_341_length_6425_cov_11.633595	1	6425	2	237	3.68872	0.0470039	35.8	42
MV-4122_S12__NODE_2064_length_6423_cov_34.564227	1	6423	415	6322	98.4275	9.35996	35.3	30.9
MV-4122_S12__NODE_2065_length_6419_cov_9.662634	1	6419	42	2754	42.9039	0.95155	35.4	42
MV-4128_S29__NODE_1007_length_6414_cov_23.393615	1	6414	354	6170	96.1958	8.06034	35.5	29.9
MV-4122_S12__NODE_2066_length_6413_cov_10.637150	1	6413	41	2492	38.8586	0.956027	35.7	42
MV-4125_S18__NODE_1935_length_6411_cov_6.717904	1	6411	464	6411	100	10.6222	35.6	41.9
MV-4125_S18__NODE_1936_length_6410_cov_39.889064	1	6410	1899	6410	100	43.6378	35.6	33.5
MV-4122_S12__NODE_2067_length_6407_cov_84.689074	1	6407	1084	6368	99.3913	25.0126	35.5	25.5
MV-4122_S12__NODE_2068_length_6406_cov_5.925366	1	6406	116	5062	79.0197	2.67343	35.7	42
MV-4128_S29__NODE_1008_length_6406_cov_11.184695	1	6406	227	5875	91.7109	5.12785	35.5	42
MV-4122_S12__NODE_2069_length_6403_cov_7.805766	1	6403	28	2245	35.0617	0.620959	35.6	42
MV-4122_S12__NODE_2070_length_6403_cov_7.693132	1	6403	35	3026	47.2591	0.814462	35.4	42
MV-4122_S12__NODE_2071_length_6403_cov_5.405640	1	6403	4	459	7.16851	0.0943308	36	42
MV-4122_S12__NODE_2072_length_6402_cov_9.958563	1	6402	158	5391	84.2081	3.58357	35.4	41.9
MV-4125_S18__NODE_1938_length_6401_cov_6.875827	1	6401	470	6401	100	10.8588	35.4	42
MV-4125_S18__NODE_1939_length_6397_cov_24.439609	1	6397	1725	6397	100	38.9917	35.5	42
MV-4122_S12__NODE_2074_length_6394_cov_5.374823	1	6394	12	1266	19.7998	0.283391	34.8	42
MV-4122_S12__NODE_2075_length_6393_cov_48.959766	1	6393	706	6324	98.9207	16.1508	35.5	42
MV-4125_S18__NODE_1942_length_6393_cov_6.732565	1	6393	463	6393	100	10.6072	35.3	41.9
MV-4125_S18__NODE_1944_length_6391_cov_8.286301	1	6391	564	6391	100	13.0546	35.5	42
MV-4128_S29__NODE_1010_length_6389_cov_15.418219	1	6389	295	5819	91.0784	6.70465	35.7	41.9
MV-4125_S18__NODE_1945_length_6385_cov_7.765877	1	6385	531	6385	100	12.213	35.6	42
MV-4128_S29__NODE_1011_length_6383_cov_13.347977	1	6383	234	5916	92.6837	5.36832	35.4	42
MV-4125_S18__NODE_1946_length_6380_cov_23.545455	1	6380	1616	6380	100	37.1354	35.4	41.7
MV-4128_S29__NODE_1012_length_6380_cov_16.173439	1	6380	296	5989	93.8715	6.82868	35.5	42
MV-4122_S12__NODE_2076_length_6379_cov_11.288583	1	6379	157	5478	85.8755	3.60981	35.5	35.3
MV-4125_S18__NODE_1947_length_6379_cov_18.339342	1	6379	1278	6379	100	29.058	35.4	41.9
MV-4122_S12__NODE_2077_length_6377_cov_17.880576	1	6377	216	5754	90.2305	4.97303	35.5	40.4
MV-4128_S29__NODE_1014_length_6372_cov_22.363939	1	6372	417	6183	97.0339	9.66149	35.4	10.6
MV-4125_S18__NODE_1949_length_6370_cov_10.709580	1	6370	747	6370	100	17.0276	35.5	41.8
MV-4128_S29__NODE_1015_length_6368_cov_18.924125	1	6368	306	5941	93.2946	7.1049	35.6	42
cell-4125-0-44_S16__NODE_346_length_6368_cov_9.655473	1	6368	611	6227	97.7858	13.9978	35.5	8.3
MV-4122_S12__NODE_2083_length_6366_cov_12.596419	1	6366	124	4958	77.8825	2.83066	35.3	41.7
MV-4128_S29__NODE_1017_length_6366_cov_16.836001	1	6366	305	5991	94.1093	6.93701	35.4	41.4
MV-4122_S12__NODE_2084_length_6360_cov_14.750198	1	6360	189	6190	97.327	4.43695	35.3	41.4
MV-4125_S18__NODE_1952_length_6358_cov_7.951610	1	6358	539	6350	99.8742	12.5617	35.5	42
MV-4125_S18__NODE_1954_length_6356_cov_24.444374	1	6356	1690	6290	98.9616	38.4512	35.4	41.9
MV-4125_S18__NODE_1955_length_6356_cov_8.947945	1	6356	630	6356	100	14.2289	35.5	42
MV-4125_S18__NODE_1956_length_6355_cov_14.038889	1	6355	960	6347	99.8741	22.0729	35.5	42
MV-4125_S18__NODE_1957_length_6354_cov_9.263375	1	6354	635	6328	99.5908	14.7664	35.5	41.3
MV-4128_S29__NODE_1019_length_6353_cov_11.560019	1	6353	263	5839	91.9093	6.03132	35.4	42
MV-4122_S12__NODE_2085_length_6352_cov_15.145625	1	6352	222	5888	92.6952	5.16058	35.5	39.6
MV-4122_S12__NODE_2087_length_6348_cov_26.218338	1	6348	295	5997	94.4707	6.8587	35.5	41.9
cell-4125-0-44_S16__NODE_350_length_6348_cov_17.152392	1	6348	100	4235	66.7139	2.23314	35.2	40
MV-4122_S12__NODE_2088_length_6338_cov_26.516314	1	6338	374	6190	97.6649	8.68097	35.5	41.7
MV-4128_S29__NODE_1020_length_6336_cov_12.326859	1	6336	312	5774	91.1301	7.26515	35.5	41.7
cell-4125-0-44_S16__NODE_353_length_6332_cov_204.931655	1	6332	4	429	6.77511	0.0925458	35.9	19
MV-4128_S29__NODE_1021_length_6331_cov_7.136233	1	6331	4	258	4.07519	0.0799242	33.8	42
MV-4122_S12__NODE_2090_length_6329_cov_9.356551	1	6329	30	2277	35.9772	0.68589	35.9	42
MV-4122_S12__NODE_2091_length_6323_cov_8.729898	1	6323	34	2626	41.5309	0.787917	35.6	41.8
MV-4122_S12__NODE_2092_length_6321_cov_55.839930	1	6321	1589	6289	99.4938	37.0087	35.6	41.8
MV-4122_S12__NODE_2093_length_6321_cov_10.587616	1	6321	145	5513	87.2172	3.34805	35.7	41
MV-4122_S12__NODE_2094_length_6320_cov_7.909178	1	6320	2	182	2.87975	0.0477848	36.4	42
MV-4128_S29__NODE_1022_length_6318_cov_27.366278	1	6318	352	6159	97.4834	8.30215	35.4	41.9
MV-4122_S12__NODE_2098_length_6310_cov_10.106635	1	6310	169	5481	86.8621	3.94469	35.6	42
MV-4122_S12__NODE_2101_length_6307_cov_25.432662	1	6307	325	5711	90.5502	7.57888	35.4	41.8
MV-4122_S12__NODE_2102_length_6302_cov_41.398431	1	6302	1	151	2.39606	0.0239606	36.4	23
MV-4122_S12__NODE_2103_length_6301_cov_9.763529	1	6301	124	4599	72.9884	2.86716	35.4	42
MV-4125_S18__NODE_1971_length_6300_cov_17.717374	1	6300	1198	6300	100	27.9317	35.6	41.9
MV-4125_S18__NODE_1973_length_6299_cov_6.823511	1	6299	457	6299	100	10.7344	35.6	42
MV-4125_S18__NODE_1974_length_6298_cov_9.074804	1	6298	588	6284	99.7777	13.7445	35.5	40.4
MV-4125_S18__NODE_1975_length_6297_cov_7.041173	1	6297	495	6297	100	11.3068	35.5	42
MV-4122_S12__NODE_2107_length_6294_cov_12.965379	1	6294	144	5124	81.4109	3.34509	35.6	41.7
MV-4125_S18__NODE_1978_length_6294_cov_18.874339	1	6294	1305	6294	100	29.9355	35.4	41.9
MV-4128_S29__NODE_1023_length_6294_cov_27.565636	1	6294	385	6245	99.2215	8.90022	35.4	41.8
MV-4128_S29__NODE_1024_length_6293_cov_7.207599	1	6293	8	696	11.0599	0.183061	36.3	42
MV-4125_S18__NODE_1980_length_6285_cov_6.437400	1	6285	424	6285	100	10.0173	35.3	41.9
MV-4122_S12__NODE_2108_length_6282_cov_5.026658	1	6282	30	1069	17.0169	0.698185	35.7	9.2
MV-4128_S29__NODE_1025_length_6282_cov_17.923559	1	6282	278	5850	93.1232	6.40528	35.5	38.9
cell-4125-0-44_S16__NODE_362_length_6274_cov_8.934877	1	6274	483	5586	89.0341	11.452	35.4	4.67
MV-4122_S12__NODE_2109_length_6272_cov_11.504263	1	6272	157	5589	89.1103	3.67092	35.9	41.5
MV-4125_S18__NODE_1985_length_6271_cov_6.393822	1	6271	427	6271	100	10.0073	35.5	42
MV-4122_S12__NODE_2112_length_6263_cov_14.123389	1	6263	163	6065	96.8386	3.81973	35.7	40.8
MV-4125_S18__NODE_1990_length_6261_cov_19.607154	1	6261	1330	6258	99.9521	30.6124	35.5	42
cell-4125-0-44_S16__NODE_368_length_6257_cov_11.767333	1	6257	675	6053	96.7397	15.8338	35.5	13
MV-4128_S29__NODE_1026_length_6256_cov_26.892275	1	6256	366	5902	94.3414	8.66097	35.5	41.9
MV-4122_S12__NODE_2113_length_6254_cov_46.183901	1	6254	1388	6198	99.1046	32.6642	35.4	41.8
MV-4128_S29__NODE_1027_length_6254_cov_28.010163	1	6254	362	6042	96.6102	8.59802	35.4	42
MV-4128_S29__NODE_1028_length_6252_cov_14.920445	1	6252	306	6020	96.2892	7.17882	35.4	41.9
MV-4122_S12__NODE_2114_length_6246_cov_8.643999	1	6246	65	4192	67.115	1.51137	35.1	41.7
MV-4128_S29__NODE_1030_length_6245_cov_11.518417	1	6245	228	5845	93.5949	5.23363	35.5	41.9
MV-4125_S18__NODE_1997_length_6228_cov_18.409201	1	6228	1217	6193	99.438	28.8571	35.5	41.6
MV-4122_S12__NODE_2116_length_6226_cov_9.079404	1	6226	26	2075	33.328	0.623514	35.5	42
MV-4128_S29__NODE_1031_length_6224_cov_11.971794	1	6224	265	5999	96.385	6.18043	35.6	41.9
MV-4122_S12__NODE_2118_length_6219_cov_17.499513	1	6219	424	5923	95.2404	10.013	35.6	41.6
MV-4122_S12__NODE_2119_length_6218_cov_20.546325	1	6218	424	5910	95.0466	10.0182	35.6	41.5
MV-4122_S12__NODE_2120_length_6217_cov_23.439468	1	6217	302	5817	93.566	7.0912	35.5	41.8
MV-4125_S18__NODE_2001_length_6217_cov_7.894028	1	6217	526	6217	100	12.46	35.5	42
MV-4128_S29__NODE_1032_length_6214_cov_14.416139	1	6214	283	5727	92.1629	6.63518	35.5	41.8
MV-4122_S12__NODE_2121_length_6211_cov_10.535575	1	6211	155	5383	86.6688	3.64337	35.3	41.8
MV-4125_S18__NODE_2005_length_6211_cov_13.545647	1	6211	948	6211	100	21.6476	35.4	41.9
MV-4122_S12__NODE_2122_length_6210_cov_52.264825	1	6210	906	6176	99.4525	21.3208	35.5	41.9
MV-4122_S12__NODE_2123_length_6210_cov_10.647279	1	6210	35	2528	40.7085	0.8343	35.6	42
MV-4128_S29__NODE_1033_length_6209_cov_404.209945	1	6209	8778	6207	99.9678	204.518	35.4	41.6
MV-4122_S12__NODE_2124_length_6207_cov_4.596717	1	6207	12	1576	25.3907	0.291928	35.5	42
MV-4128_S29__NODE_1034_length_6206_cov_25.934482	1	6206	393	6113	98.5015	9.33516	35.4	41.9
MV-4128_S29__NODE_1035_length_6206_cov_10.741018	1	6206	233	5094	82.0819	5.46213	35.7	42
MV-4128_S29__NODE_1036_length_6204_cov_5.000976	1	6204	56	3547	57.1728	1.35332	35.8	42
MV-4128_S29__NODE_1037_length_6200_cov_13.457282	1	6200	304	5696	91.871	7.19774	35.4	41.9
MV-4122_S12__NODE_2126_length_6196_cov_21.869891	1	6196	256	5816	93.867	6.10055	35.3	41.9
MV-4122_S12__NODE_2127_length_6195_cov_9.611726	1	6195	22	1680	27.1186	0.499112	35.7	42
MV-4122_S12__NODE_2128_length_6193_cov_11.995764	1	6193	176	5542	89.4881	4.2146	35.5	41.8
MV-4125_S18__NODE_2013_length_6192_cov_6.061920	1	6192	390	6192	100	9.33689	35.5	41.8
MV-4128_S29__NODE_1038_length_6192_cov_14.154147	1	6192	273	5830	94.1537	6.29974	35.5	41.9
MV-4128_S29__NODE_1039_length_6191_cov_13.016134	1	6191	235	5405	87.3042	5.53982	35.6	41.9
MV-4125_S18__NODE_2015_length_6190_cov_8.223961	1	6190	566	6190	100	13.0871	35.4	42
MV-4125_S18__NODE_2016_length_6190_cov_6.531540	1	6190	431	6190	100	10.3084	35.5	42
MV-4122_S12__NODE_2130_length_6189_cov_6.294425	1	6189	26	1739	28.0982	0.608014	35	41.9
MV-4122_S12__NODE_2131_length_6188_cov_24.654981	1	6188	345	5623	90.8694	8.24709	35.4	42
MV-4125_S18__NODE_2017_length_6187_cov_18.426941	1	6187	1234	6187	100	29.1112	35.4	41.9
MV-4128_S29__NODE_1040_length_6187_cov_16.459230	1	6187	290	5668	91.6114	6.9646	35.5	42
cell-4125-0-44_S16__NODE_381_length_6185_cov_5.620881	1	6185	4	372	6.01455	0.0976556	36.4	42
MV-4128_S29__NODE_1041_length_6184_cov_12.769783	1	6184	269	6053	97.8816	6.37128	35.4	41.9
MV-4122_S12__NODE_2132_length_6183_cov_4.819191	1	6183	2	302	4.88436	0.0488436	34.5	42
MV-4125_S18__NODE_2019_length_6183_cov_20.661227	1	6183	455	6017	97.3152	10.8881	35.4	1.25
MV-4125_S18__NODE_2021_length_6183_cov_7.077513	1	6183	457	6172	99.8221	10.8806	35.5	40.8
MV-4128_S29__NODE_1042_length_6183_cov_14.897356	1	6183	244	5639	91.2017	5.71422	35.4	42
MV-4122_S12__NODE_2133_length_6182_cov_87.444263	1	6182	563	6099	98.6574	13.3962	35.5	5.19
MV-4125_S18__NODE_2022_length_6181_cov_8.166503	1	6181	533	6181	100	12.7856	35.7	42
MV-4125_S18__NODE_2025_length_6174_cov_7.777415	1	6174	505	6171	99.9514	12.155	35.4	41.9
MV-4122_S12__NODE_2136_length_6173_cov_6.795358	1	6173	22	1931	31.2814	0.536206	35.2	41.8
cell-4125-0-44_S16__NODE_385_length_6172_cov_10.540461	1	6172	1053	6130	99.3195	24.9749	35.5	25.2
MV-4125_S18__NODE_2026_length_6171_cov_17.855952	1	6171	457	5795	93.907	10.8081	35.3	4.14
MV-4128_S29__NODE_1043_length_6170_cov_22.921995	1	6170	283	5960	96.5964	6.77861	35.2	30.2
MV-4125_S18__NODE_2028_length_6168_cov_7.606740	1	6168	499	6168	100	11.9455	35.5	42
MV-4128_S29__NODE_1045_length_6168_cov_4.709308	1	6168	57	3769	61.1057	1.38554	35.7	41.1
MV-4128_S29__NODE_1046_length_6166_cov_27.338243	1	6166	324	5783	93.7885	7.70045	35.7	42
MV-4128_S29__NODE_1047_length_6166_cov_9.011455	1	6166	227	5938	96.3023	5.38826	35.4	41.9
MV-4125_S18__NODE_2029_length_6165_cov_9.625368	1	6165	662	6165	100	15.326	35.2	42
cell-4125-0-44_S16__NODE_386_length_6164_cov_6.142577	1	6164	6	313	5.07787	0.140169	35.7	42
MV-4125_S18__NODE_2032_length_6162_cov_4.940560	1	6162	342	6162	100	8.04382	35.7	41.7
MV-4122_S12__NODE_2139_length_6161_cov_43.490174	1	6161	653	6135	99.578	15.5785	35.5	41.8
MV-4122_S12__NODE_2140_length_6160_cov_21.403931	1	6160	262	5653	91.7695	6.26997	35.4	18.4
MV-4125_S18__NODE_2033_length_6160_cov_7.443898	1	6160	490	6160	100	11.7317	35.5	41.9
MV-4128_S29__NODE_1048_length_6157_cov_15.624713	1	6157	251	5597	90.9047	6.0229	35.3	41.7
MV-4122_S12__NODE_2141_length_6156_cov_38.744796	1	6156	671	5886	95.614	15.9823	35.5	7.84
MV-4128_S29__NODE_1049_length_6156_cov_15.251434	1	6156	305	5815	94.4607	7.15286	35.3	41.5
MV-4125_S18__NODE_2034_length_6152_cov_19.122683	1	6152	1315	6152	100	30.6372	35.5	41.9
MV-4125_S18__NODE_2036_length_6148_cov_7.795011	1	6148	511	6148	100	12.296	35.4	42
MV-4122_S12__NODE_2143_length_6147_cov_12.581582	1	6147	42	3118	50.7239	1.02717	35.2	42
MV-4125_S18__NODE_2037_length_6146_cov_14.205057	1	6146	938	6146	100	22.3184	35.4	41.7
MV-4128_S29__NODE_1050_length_6146_cov_5.123625	1	6146	2	295	4.79987	0.0491377	34.9	42
MV-4122_S12__NODE_2144_length_6145_cov_12.503612	1	6145	28	2592	42.1806	0.679251	35.5	42
MV-4125_S18__NODE_2038_length_6145_cov_24.472085	1	6145	1603	6145	100	38.467	35.5	41.9
MV-4122_S12__NODE_2145_length_6143_cov_18.014126	1	6143	359	6055	98.5675	8.57236	35.5	41.9
MV-4128_S29__NODE_1051_length_6141_cov_6.633257	1	6141	80	4274	69.5978	1.91793	35.6	38.1
MV-4122_S12__NODE_2146_length_6139_cov_6.899080	1	6139	2	302	4.91937	0.0491937	36.4	42
MV-4125_S18__NODE_2041_length_6138_cov_14.490383	1	6138	988	6138	100	23.0883	35.5	41.9
MV-4125_S18__NODE_2042_length_6137_cov_7.468431	1	6137	487	6137	100	11.724	35.5	41.9
MV-4122_S12__NODE_2147_length_6136_cov_12.099655	1	6136	96	3577	58.2953	2.25098	35.6	42
MV-4128_S29__NODE_1052_length_6135_cov_17.487336	1	6135	307	5769	94.0342	7.23276	35.3	42
MV-4122_S12__NODE_2148_length_6134_cov_19.621155	1	6134	269	5536	90.2511	6.3823	35.4	41.5
MV-4122_S12__NODE_2149_length_6134_cov_4.756210	1	6134	79	4310	70.2641	1.88572	35.6	41.8
MV-4125_S18__NODE_2045_length_6133_cov_6.663376	1	6133	437	6133	100	10.4678	35.4	42
MV-4128_S29__NODE_1053_length_6131_cov_30.727946	1	6131	376	6111	99.6738	8.98663	35.5	42
MV-4128_S29__NODE_1054_length_6131_cov_16.146972	1	6131	308	5839	95.2373	7.41478	35.6	42
MV-4122_S12__NODE_2151_length_6130_cov_81.257119	1	6130	681	6110	99.6737	16.1292	35.5	18.1
MV-4122_S12__NODE_2152_length_6129_cov_70.265229	1	6129	1092	5987	97.6831	26.1679	35.5	40.6
MV-4122_S12__NODE_2153_length_6125_cov_42.635255	1	6125	811	5975	97.551	18.9602	35.4	35.2
MV-4122_S12__NODE_2154_length_6125_cov_37.991433	1	6125	154	3996	65.2408	3.63527	35.5	2.38
MV-4128_S29__NODE_1055_length_6125_cov_14.766392	1	6125	284	5861	95.6898	6.69976	35.7	42
MV-4122_S12__NODE_2155_length_6124_cov_9.934256	1	6124	28	2360	38.5369	0.651208	35.8	41.3
MV-4122_S12__NODE_2158_length_6119_cov_86.375165	1	6119	639	6038	98.6763	15.2368	35.5	12.4
MV-4122_S12__NODE_2159_length_6119_cov_12.378463	1	6119	51	3337	54.5351	1.24481	35.7	42
MV-4125_S18__NODE_2048_length_6115_cov_6.490759	1	6115	433	6115	100	10.3843	35.5	41.7
cell-4125-0-44_S16__NODE_392_length_6115_cov_11.180198	1	6115	856	6052	98.9697	20.6749	35.5	13.6
MV-4128_S29__NODE_1056_length_6114_cov_13.366562	1	6114	202	5022	82.1394	4.86163	35.4	41.9
MV-4128_S29__NODE_1057_length_6111_cov_7.843461	1	6111	6	328	5.36737	0.143675	36.2	42
MV-4122_S12__NODE_2162_length_6107_cov_12.991408	1	6107	144	5451	89.2582	3.51171	35.4	41.9
MV-4128_S29__NODE_1059_length_6101_cov_22.644228	1	6101	289	5767	94.5255	6.99852	35.5	24
MV-4128_S29__NODE_1060_length_6101_cov_7.661925	1	6101	413	5868	96.181	9.86756	35.4	17.1
MV-4122_S12__NODE_2163_length_6100_cov_9.710174	1	6100	50	3611	59.1967	1.22754	35.2	42
MV-4122_S12__NODE_2164_length_6100_cov_3.956989	1	6100	4	594	9.7377	0.0990164	32.6	42
MV-4122_S12__NODE_2165_length_6100_cov_3.740447	1	6100	1778	6050	99.1803	42.853	35.5	1.02
MV-4125_S18__NODE_2053_length_6099_cov_13.454997	1	6099	902	6099	100	21.3422	35.5	41.9
MV-4125_S18__NODE_2054_length_6098_cov_6.918914	1	6098	455	6098	100	10.936	35.3	41.9
MV-4122_S12__NODE_2166_length_6093_cov_13.754223	1	6093	150	5555	91.1702	3.59856	35.6	41.6
MV-4125_S18__NODE_2059_length_6087_cov_19.187003	1	6087	603	6074	99.7864	14.6198	35.6	13.1
MV-4128_S29__NODE_1061_length_6081_cov_30.274809	1	6081	358	5956	97.9444	8.75843	35.6	42
MV-4128_S29__NODE_1062_length_6080_cov_13.077510	1	6080	207	5228	85.9868	4.92023	35.6	42
MV-4125_S18__NODE_2065_length_6077_cov_22.646131	1	6077	1516	6077	100	35.9067	35.4	41.9
MV-4125_S18__NODE_2066_length_6075_cov_16.448173	1	6075	1099	6075	100	26.0968	35.3	41.9
MV-4122_S12__NODE_2170_length_6074_cov_6.878219	1	6074	18	1397	22.9997	0.427725	35.7	42
MV-4125_S18__NODE_2068_length_6074_cov_7.548430	1	6074	489	6074	100	11.9253	35.5	42
cell-4125-0-44_S16__NODE_399_length_6073_cov_10.217182	1	6073	672	5886	96.9208	16.3756	35.5	10.8
MV-4122_S12__NODE_2171_length_6071_cov_26.251164	1	6071	306	5916	97.4469	7.39911	35.7	41.5
MV-4125_S18__NODE_2069_length_6071_cov_8.829953	1	6071	573	6071	100	13.928	35.5	41.9
MV-4128_S29__NODE_1063_length_6070_cov_12.180881	1	6070	238	5436	89.5552	5.75848	35.6	41.9
MV-4128_S29__NODE_1064_length_6069_cov_10.325906	1	6069	41	2948	48.5747	0.967375	35.6	33.4
MV-4122_S12__NODE_2172_length_6067_cov_5.625915	1	6067	6	394	6.49415	0.145047	35	42
MV-4125_S18__NODE_2071_length_6065_cov_19.150915	1	6065	1250	6065	100	30.1862	35.5	42
MV-4128_S29__NODE_1065_length_6065_cov_13.663727	1	6065	307	5743	94.6908	7.44155	35.4	41.9
MV-4128_S29__NODE_1066_length_6065_cov_8.071048	1	6065	3	366	6.03462	0.0746908	34.5	35.7
MV-4125_S18__NODE_2072_length_6063_cov_7.816079	1	6063	509	6063	100	12.3582	35.6	42
MV-4122_S12__NODE_2174_length_6053_cov_31.111370	1	6053	459	5824	96.2168	11.0415	35.3	41.8
MV-4122_S12__NODE_2175_length_6053_cov_5.626209	1	6053	130	5126	84.6853	3.19015	35.3	42
MV-4128_S29__NODE_1067_length_6052_cov_12.328164	1	6052	283	5795	95.7535	6.74372	35.6	42
MV-4125_S18__NODE_2074_length_6051_cov_20.026184	1	6051	1274	5936	98.0995	30.9972	35.2	40.9
MV-4122_S12__NODE_2177_length_6049_cov_22.389223	1	6049	348	5902	97.5698	8.50388	35.5	41.9
MV-4122_S12__NODE_2178_length_6047_cov_31.342623	1	6047	383	5865	96.9902	9.38383	35.4	41.8
MV-4128_S29__NODE_1068_length_6044_cov_14.598597	1	6044	255	5667	93.7624	6.11648	35.5	42
MV-4128_S29__NODE_1069_length_6042_cov_18.872891	1	6042	289	6026	99.7352	7.03509	35.5	42
MV-4128_S29__NODE_1070_length_6041_cov_15.892583	1	6041	215	5405	89.4719	5.25774	35.4	41.9
MV-4128_S29__NODE_1071_length_6040_cov_15.734503	1	6040	284	5827	96.4735	6.82864	35.5	41.9
cell-4125-0-44_S16__NODE_403_length_6039_cov_7.482787	1	6039	635	5830	96.5392	15.4769	35.5	24.9
MV-4122_S12__NODE_2180_length_6038_cov_9.272104	1	6038	37	2383	39.4667	0.910401	35.4	42
MV-4128_S29__NODE_1072_length_6037_cov_5.525911	1	6037	4	604	10.005	0.10005	35.7	42
MV-4125_S18__NODE_2081_length_6035_cov_7.313545	1	6035	465	6035	100	11.396	35.4	42
MV-4128_S29__NODE_1073_length_6033_cov_11.731516	1	6033	481	5686	94.2483	11.659	35.4	1.02
MV-4122_S12__NODE_2182_length_6030_cov_11.482343	1	6030	48	3339	55.3731	1.15224	35	42
MV-4125_S18__NODE_2084_length_6030_cov_7.622092	1	6030	487	6030	100	11.9716	35.5	42
MV-4122_S12__NODE_2183_length_6029_cov_10.683964	1	6029	159	5213	86.4654	3.82899	35.7	40.7
cell-4125-0-44_S16__NODE_405_length_6029_cov_14.047205	1	6029	476	5451	90.413	11.4246	35.6	2.27
MV-4122_S12__NODE_2184_length_6025_cov_27.928811	1	6025	370	5932	98.4564	9.08564	35.5	41.9
MV-4122_S12__NODE_2185_length_6017_cov_26.010567	1	6017	353	5804	96.46	8.66079	35.4	41.9
MV-4125_S18__NODE_2086_length_6016_cov_13.590840	1	6016	889	6015	99.9834	21.4774	35.6	41.9
MV-4125_S18__NODE_2087_length_6014_cov_8.476422	1	6014	471	5772	95.9761	11.4862	35.4	31.9
MV-4122_S12__NODE_2187_length_6013_cov_12.067137	1	6013	56	3513	58.4234	1.35673	35.8	42
MV-4122_S12__NODE_2191_length_6006_cov_11.502269	1	6006	125	4648	77.3893	3.00316	35.6	41.7
MV-4125_S18__NODE_2092_length_5999_cov_16.560061	1	5999	1059	5939	98.9998	25.9665	35.4	38.8
MV-4125_S18__NODE_2093_length_5999_cov_6.972914	1	5999	438	5999	100	10.8063	35.4	41.9
MV-4122_S12__NODE_2193_length_5998_cov_10.039206	1	5998	23	1471	24.5248	0.575859	34.7	42
cell-4125-0-44_S16__NODE_411_length_5998_cov_5.852095	1	5998	4	97	1.61721	0.0646882	36.5	42
MV-4125_S18__NODE_2095_length_5995_cov_19.798485	1	5995	600	5867	97.8649	14.7897	35.5	5.72
MV-4128_S29__NODE_1075_length_5993_cov_24.909229	1	5993	314	5934	99.0155	7.8016	35.6	41.9
cell-4125-0-44_S16__NODE_412_length_5993_cov_9.487538	1	5993	411	5646	94.2099	10.031	35.4	1
MV-4125_S18__NODE_2096_length_5990_cov_20.379612	1	5990	1337	5990	100	32.3115	35.6	42
MV-4128_S29__NODE_1076_length_5990_cov_7.787026	1	5990	636	5944	99.2321	15.2674	35.5	42
MV-4128_S29__NODE_1077_length_5986_cov_6.178722	1	5986	34	2264	37.8216	0.85015	35.3	38.7
MV-4125_S18__NODE_2098_length_5985_cov_6.961046	1	5985	439	5985	100	10.9235	35.3	42
MV-4122_S12__NODE_2194_length_5984_cov_81.068477	1	5984	819	5935	99.1811	20.142	35.5	17.9
MV-4125_S18__NODE_2101_length_5982_cov_7.006749	1	5982	447	5982	100	11.0095	35.4	42
MV-4125_S18__NODE_2102_length_5980_cov_6.806751	1	5980	439	5980	100	10.7697	35.5	41.9
cell-4125-0-44_S16__NODE_416_length_5978_cov_10.427824	1	5978	1147	5954	99.5985	28.3627	35.4	31.2
MV-4125_S18__NODE_2103_length_5977_cov_15.816616	1	5977	1033	5935	99.2973	24.9726	35.3	41.9
MV-4122_S12__NODE_2197_length_5975_cov_12.283953	1	5975	180	5354	89.6067	4.41272	35.6	41.2
MV-4125_S18__NODE_2105_length_5971_cov_7.153313	1	5971	447	5971	100	11.1631	35.4	41.9
MV-4125_S18__NODE_2106_length_5971_cov_6.480223	1	5971	418	5971	100	10.2556	35.5	42
MV-4122_S12__NODE_2199_length_5970_cov_4.344548	1	5970	4	298	4.99162	0.0978224	36.1	42
MV-4125_S18__NODE_2107_length_5969_cov_6.812479	1	5969	437	5969	100	10.776	35.6	42
MV-4128_S29__NODE_1078_length_5969_cov_4.838688	1	5969	5	464	7.7735	0.120121	33.9	31
MV-4122_S12__NODE_2202_length_5967_cov_10.133627	1	5967	216	4875	81.6993	5.29144	35.4	34.3
MV-4128_S29__NODE_1079_length_5966_cov_18.606835	1	5966	184	5563	93.2451	4.54425	35.7	42
MV-4128_S29__NODE_1080_length_5966_cov_10.834715	1	5966	184	5428	90.9822	4.48408	35.5	42
MV-4122_S12__NODE_2203_length_5965_cov_59.214213	1	5965	665	5058	84.7946	16.4666	35.5	23.3
MV-4122_S12__NODE_2204_length_5964_cov_26.431376	1	5964	326	5833	97.8035	7.98189	35.4	42
MV-4128_S29__NODE_1081_length_5963_cov_4.947190	1	5963	4	290	4.86332	0.0972665	34.9	42
MV-4122_S12__NODE_2207_length_5958_cov_14.683043	1	5958	149	5299	88.9392	3.65844	35.4	40.7
MV-4122_S12__NODE_2208_length_5958_cov_5.676436	1	5958	142	4999	83.904	3.44243	35.6	42
MV-4125_S18__NODE_2109_length_5958_cov_6.721836	1	5958	180	5703	95.72	4.40702	35.5	1.46
MV-4128_S29__NODE_1082_length_5954_cov_29.414986	1	5954	328	5754	96.6409	8.1787	35.4	24.1
MV-4125_S18__NODE_2111_length_5952_cov_5.661353	1	5952	365	5952	100	9.01126	35.5	42
MV-4122_S12__NODE_2211_length_5951_cov_24.335482	1	5951	510	5896	99.0758	12.5223	35.4	41.2
MV-4122_S12__NODE_2212_length_5951_cov_17.364824	1	5951	230	5244	88.1196	5.6162	35.4	42
MV-4122_S12__NODE_2213_length_5949_cov_8.816763	1	5949	14	1338	22.4912	0.33888	34.6	42
MV-4125_S18__NODE_2114_length_5949_cov_4.670682	1	5949	297	5949	100	7.39233	35.6	41.9
MV-4125_S18__NODE_2115_length_5947_cov_9.998303	1	5947	620	5947	100	15.5581	35.6	41.7
MV-4128_S29__NODE_1084_length_5947_cov_10.676171	1	5947	34	2238	37.6324	0.839751	35.6	36.1
MV-4122_S12__NODE_2215_length_5939_cov_6.666723	1	5939	20	1841	30.9985	0.490655	36	42
MV-4128_S29__NODE_1086_length_5935_cov_16.396599	1	5935	315	5712	96.2426	7.87616	35.6	42
MV-4128_S29__NODE_1087_length_5933_cov_9.086254	1	5933	4	323	5.44413	0.101803	35.4	42
MV-4122_S12__NODE_2216_length_5926_cov_10.634134	1	5926	133	4714	79.5478	3.36399	35.2	41.6
MV-4128_S29__NODE_1088_length_5926_cov_10.560722	1	5926	182	4794	80.8977	4.45326	35.6	42
MV-4125_S18__NODE_2120_length_5923_cov_18.609237	1	5923	1219	5923	100	29.6657	35.4	41.9
MV-4128_S29__NODE_1089_length_5922_cov_23.707517	1	5922	338	5426	91.6245	8.44428	35.5	41.9
cell-4122-0-44_S10__NODE_441_length_5921_cov_22.733890	1	5921	2	172	2.90491	0.0510049	35.8	42
MV-4125_S18__NODE_2121_length_5919_cov_10.693042	1	5919	697	5888	99.4763	16.9718	35.4	42
MV-4128_S29__NODE_1091_length_5917_cov_18.273286	1	5917	322	5460	92.2765	7.96079	35.6	42
MV-4128_S29__NODE_1092_length_5915_cov_12.582594	1	5915	251	5780	97.7177	6.16839	35.5	42
MV-4122_S12__NODE_2217_length_5914_cov_5.840075	1	5914	6	783	13.2398	0.153196	35.6	42
MV-4122_S12__NODE_2218_length_5913_cov_94.720212	1	5913	665	5905	99.8647	16.5031	35.5	5.74
MV-4125_S18__NODE_2125_length_5913_cov_5.914476	1	5913	382	5913	100	9.43159	35.5	42
MV-4128_S29__NODE_1093_length_5912_cov_6.238006	1	5912	6	641	10.8424	0.133627	35.9	42
MV-4128_S29__NODE_1094_length_5911_cov_4.726264	1	5911	58	3653	61.8	1.47826	35.7	42
MV-4128_S29__NODE_1095_length_5908_cov_7.276781	1	5908	52	3151	53.3345	1.3155	35.6	37.4
Biragzang__NODE_2247_length_5907_cov_43.122522	1	5907	2	97	1.64212	0.0328424	35.9	40
MV-4122_S12__NODE_2219_length_5907_cov_20.471805	1	5907	452	5601	94.8197	11.2829	35.4	41.2
cell-4125-0-44_S16__NODE_427_length_5906_cov_9.507606	1	5906	828	5881	99.5767	20.4328	35.5	21.9
MV-4125_S18__NODE_2129_length_5903_cov_8.671683	1	5903	543	5903	100	13.617	35.4	41.9
MV-4125_S18__NODE_2130_length_5903_cov_7.836012	1	5903	488	5903	100	12.2263	35.6	42
MV-4128_S29__NODE_1096_length_5902_cov_6.610741	1	5902	43	2148	36.3944	1.05981	35.7	38.6
MV-4125_S18__NODE_2131_length_5901_cov_9.463052	1	5901	593	5901	100	14.908	35.5	42
MV-4128_S29__NODE_1097_length_5901_cov_17.133767	1	5901	307	5572	94.4247	7.50737	35.1	41.8
MV-4125_S18__NODE_2132_length_5899_cov_23.937372	1	5899	1540	5899	100	37.8927	35.4	41.9
MV-4125_S18__NODE_2136_length_5895_cov_23.348801	1	5895	1309	5895	100	32.3839	35.5	40.5
MV-4128_S29__NODE_1098_length_5895_cov_13.268836	1	5895	244	5594	94.894	6.03036	35.4	42
MV-4125_S18__NODE_2138_length_5893_cov_14.536999	1	5893	948	5869	99.5927	23.0675	35.3	41.9
cell-4125-0-44_S16__NODE_434_length_5893_cov_6.116478	1	5893	4	537	9.11251	0.102494	35.3	42
MV-4122_S12__NODE_2222_length_5892_cov_7.925818	1	5892	30	2255	38.2722	0.765784	35.4	41.9
MV-4125_S18__NODE_2139_length_5892_cov_8.089943	1	5892	509	5820	98.778	12.7161	35.3	42
MV-4125_S18__NODE_2140_length_5892_cov_4.457941	1	5892	281	5892	100	7.06297	35.5	41.8
MV-4125_S18__NODE_2141_length_5891_cov_63.463160	1	5891	2041	5806	98.5571	50.7708	35.2	2.22
MV-4125_S18__NODE_2143_length_5890_cov_8.051585	1	5890	344	5720	97.1138	8.64941	35.5	24.8
MV-4128_S29__NODE_1099_length_5890_cov_14.187661	1	5890	291	5324	90.3905	7.34007	35.4	41.8
MV-4122_S12__NODE_2223_length_5888_cov_12.062575	1	5888	135	5348	90.8288	3.37007	35.6	41.9
MV-4128_S29__NODE_1100_length_5887_cov_26.733539	1	5887	326	5376	91.3199	8.15781	35.3	42
MV-4122_S12__NODE_2227_length_5880_cov_4.118970	1	5880	4	595	10.119	0.102041	34	41
MV-4122_S12__NODE_2228_length_5879_cov_22.944883	1	5879	261	5524	93.9616	6.53104	35.2	41.8
MV-4125_S18__NODE_2147_length_5878_cov_11.041216	1	5878	330	5612	95.4747	8.12249	35.4	4.43
MV-4125_S18__NODE_2150_length_5877_cov_7.604431	1	5877	479	5846	99.4725	11.9634	35.6	41.8
MV-4122_S12__NODE_2229_length_5876_cov_11.401477	1	5876	43	2832	48.1961	1.05735	35.6	42
MV-4125_S18__NODE_2151_length_5876_cov_10.677203	1	5876	722	5876	100	17.274	35.3	42
MV-4125_S18__NODE_2152_length_5875_cov_19.982818	1	5875	1249	5796	98.6553	31.2361	35.5	41.2
MV-4125_S18__NODE_2153_length_5875_cov_12.491753	1	5875	801	5875	100	19.8397	35.5	42
MV-4122_S12__NODE_2230_length_5874_cov_9.092456	1	5874	28	2093	35.6316	0.695948	35.8	42
MV-4122_S12__NODE_2231_length_5874_cov_7.245403	1	5874	38	2547	43.3606	0.946544	35.7	41.5
MV-4125_S18__NODE_2154_length_5874_cov_7.296615	1	5874	456	5874	100	11.4653	35.4	41.9
MV-4122_S12__NODE_2233_length_5873_cov_11.148505	1	5873	122	5119	87.1616	3.0189	35.6	42
MV-4128_S29__NODE_1101_length_5873_cov_23.037986	1	5873	313	5699	97.0373	7.78103	35.5	42
MV-4128_S29__NODE_1102_length_5873_cov_14.779821	1	5873	283	5601	95.3686	7.02809	35.4	41.9
MV-4125_S18__NODE_2155_length_5872_cov_23.397112	1	5872	692	5771	98.28	17.4501	35.2	9.47
MV-4128_S29__NODE_1103_length_5872_cov_23.591886	1	5872	323	5647	96.1683	8.07783	35.5	42
cell-4125-0-44_S16__NODE_442_length_5869_cov_10.754214	1	5869	1306	5781	98.5006	32.8027	35.5	33.9
MV-4122_S12__NODE_2234_length_5865_cov_12.243201	1	5865	48	3061	52.191	1.22796	35.3	42
cell-4125-0-44_S16__NODE_443_length_5865_cov_11.213253	1	5865	1220	5862	99.9488	30.327	35.5	40.7
MV-4128_S29__NODE_1104_length_5864_cov_20.736788	1	5864	384	5519	94.1166	9.65109	35.4	41.9
MV-4128_S29__NODE_1105_length_5861_cov_6.694282	1	5861	148	4912	83.8082	3.63505	35.5	42
MV-4122_S12__NODE_2236_length_5860_cov_3.669595	1	5860	96	4261	72.7133	2.3587	35.3	42
MV-4128_S29__NODE_1106_length_5858_cov_4.714803	1	5858	26	1743	29.7542	0.656879	35.9	39.9
MV-4128_S29__NODE_1107_length_5857_cov_16.419855	1	5857	280	5524	94.3145	7.03637	35.6	41.9
MV-4128_S29__NODE_1108_length_5856_cov_22.874849	1	5856	268	5647	96.431	6.74522	35.6	42
MV-4122_S12__NODE_2239_length_5853_cov_12.090721	1	5853	50	3137	53.5964	1.2462	35.8	42
MV-4122_S12__NODE_2240_length_5852_cov_10.262550	1	5852	24	1747	29.853	0.592618	35.9	39.8
MV-4125_S18__NODE_2159_length_5852_cov_6.344834	1	5852	392	5852	100	9.9272	35.4	41.8
MV-4122_S12__NODE_2241_length_5849_cov_4.186918	1	5849	6	562	9.60848	0.154898	35.9	42
MV-4128_S29__NODE_1109_length_5849_cov_12.068347	1	5849	185	5459	93.3322	4.51992	35.5	42
cell-4125-0-44_S16__NODE_448_length_5846_cov_9.089795	1	5846	483	5218	89.2576	12.0944	35.5	6.87
MV-4128_S29__NODE_1110_length_5845_cov_34.492746	1	5845	292	5524	94.5081	7.3059	35.2	40.1
MV-4128_S29__NODE_1111_length_5844_cov_14.595612	1	5844	244	5582	95.5168	6.11499	35.6	42
MV-4122_S12__NODE_2242_length_5843_cov_5.220111	1	5843	6	603	10.32	0.148212	36.3	42
MV-4122_S12__NODE_2243_length_5836_cov_8.769590	1	5836	25	1917	32.8478	0.605723	35.3	41.9
MV-4122_S12__NODE_2244_length_5834_cov_18.374632	1	5834	356	5745	98.4745	8.94189	35.5	41.9
MV-4122_S12__NODE_2245_length_5830_cov_4.876017	1	5830	7	849	14.5626	0.166209	35.8	42
MV-4122_S12__NODE_2246_length_5825_cov_4.250087	1	5825	121	4784	82.1288	3.09167	35.6	41.9
MV-4128_S29__NODE_1112_length_5825_cov_10.877990	1	5825	177	4771	81.9056	4.37013	35.4	40.2
MV-4122_S12__NODE_2247_length_5821_cov_9.969476	1	5821	20	1761	30.2525	0.518811	35.1	42
MV-4122_S12__NODE_2248_length_5820_cov_7.484302	1	5820	37	2730	46.9072	0.918729	35.6	42
MV-4128_S29__NODE_1113_length_5820_cov_5.866435	1	5820	47	3513	60.3608	1.16512	35.6	35.3
MV-4122_S12__NODE_2249_length_5816_cov_8.141121	1	5816	18	1617	27.8026	0.43621	34.9	42
MV-4122_S12__NODE_2250_length_5814_cov_6.119465	1	5814	10	1036	17.8191	0.256278	36.1	42
MV-4125_S18__NODE_2171_length_5813_cov_76.989927	1	5813	1733	5807	99.8968	43.7356	35.6	4.57
MV-4125_S18__NODE_2172_length_5813_cov_6.675755	1	5813	409	5813	100	10.3979	35.6	41.9
MV-4125_S18__NODE_2174_length_5811_cov_6.972203	1	5811	429	5811	100	10.9508	35.5	41.9
MV-4122_S12__NODE_2251_length_5810_cov_210.177411	1	5810	3900	5756	99.0706	98.8628	35.5	41.1
MV-4122_S12__NODE_2252_length_5808_cov_21.621763	1	5808	315	5489	94.5076	7.94267	35.5	41.8
MV-4125_S18__NODE_2175_length_5808_cov_10.440292	1	5808	417	5692	98.0028	10.6479	35.4	22.4
MV-4128_S29__NODE_1115_length_5806_cov_12.513302	1	5806	189	5412	93.2139	4.81123	35.4	41.9
MV-4122_S12__NODE_2253_length_5805_cov_13.948522	1	5805	144	4829	83.1869	3.63187	35.6	42
cell-4125-0-44_S16__NODE_456_length_5805_cov_8.682087	1	5805	535	5627	96.9337	13.6229	35.3	6.68
MV-4122_S12__NODE_2254_length_5802_cov_8.194362	1	5802	35	2532	43.6401	0.858842	35.3	41.9
MV-4122_S12__NODE_2255_length_5802_cov_5.396033	1	5802	16	1509	26.0083	0.414685	35.5	42
MV-4122_S12__NODE_2256_length_5800_cov_7.992341	1	5800	22	1903	32.8103	0.551034	35.7	42
MV-4125_S18__NODE_2177_length_5798_cov_13.933136	1	5798	876	5774	99.5861	21.9969	35.4	41.9
MV-4128_S29__NODE_1117_length_5797_cov_15.841519	1	5797	251	5540	95.5667	6.30982	35.4	41.9
MV-4128_S29__NODE_1118_length_5797_cov_13.306339	1	5797	218	5351	92.3064	5.41728	35.3	41.9
MV-4125_S18__NODE_2178_length_5796_cov_7.006967	1	5796	435	5796	100	11.0856	35.5	41.9
MV-4122_S12__NODE_2258_length_5795_cov_24.306620	1	5795	319	5382	92.8732	8.06264	35.4	41.6
MV-4122_S12__NODE_2259_length_5795_cov_7.925784	1	5795	26	2440	42.1053	0.652977	35.8	42
MV-4125_S18__NODE_2179_length_5792_cov_7.810005	1	5792	480	5788	99.9309	12.2217	35.3	41.7
MV-4128_S29__NODE_1119_length_5792_cov_15.334495	1	5792	268	5158	89.0539	6.83788	35.5	41.8
MV-4122_S12__NODE_2260_length_5790_cov_25.721186	1	5790	342	5432	93.8169	8.72953	35.5	41.9
MV-4122_S12__NODE_2261_length_5785_cov_30.386562	1	5785	360	5528	95.5575	9.17269	35.4	42
MV-4122_S12__NODE_2262_length_5785_cov_10.649215	1	5785	26	2373	41.0199	0.662748	34.8	41.9
MV-4122_S12__NODE_2263_length_5783_cov_4.361208	1	5783	95	5057	87.446	2.44337	35.4	42
MV-4122_S12__NODE_2265_length_5782_cov_9.957395	1	5782	220	5516	95.3995	5.47942	35.4	41.9
MV-4128_S29__NODE_1121_length_5782_cov_26.810896	1	5782	306	5493	95.0017	7.86147	35.5	41.9
MV-4125_S18__NODE_2183_length_5776_cov_6.675581	1	5776	418	5732	99.2382	10.5701	35.4	41.9
MV-4125_S18__NODE_2184_length_5775_cov_8.454371	1	5775	500	5772	99.9481	12.7294	35.4	33.2
MV-4128_S29__NODE_1122_length_5775_cov_8.884441	1	5775	166	4724	81.8009	4.15965	35.6	36.5
MV-4122_S12__NODE_2267_length_5774_cov_12.965204	1	5774	413	5634	97.5753	10.2381	35.3	42
MV-4122_S12__NODE_2268_length_5772_cov_15.340388	1	5772	43	2681	46.4484	1.10724	34.9	42
MV-4122_S12__NODE_2269_length_5769_cov_14.584179	1	5769	172	5397	93.5517	4.38135	35.8	41.4
MV-4122_S12__NODE_2270_length_5767_cov_9.444678	1	5767	37	2846	49.3497	0.965667	35.3	41.9
MV-4122_S12__NODE_2271_length_5765_cov_14.367601	1	5765	179	5515	95.6635	4.57745	35.6	40
MV-4128_S29__NODE_1125_length_5762_cov_6.087962	1	5762	4	491	8.52135	0.104825	36.2	42
MV-4122_S12__NODE_2273_length_5760_cov_9.433304	1	5760	68	4431	76.9271	1.77882	35.7	42
MV-4122_S12__NODE_2274_length_5759_cov_4.716690	1	5759	4	540	9.37663	0.104879	36.2	42
MV-4122_S12__NODE_2275_length_5758_cov_8.281255	1	5758	22	1752	30.4272	0.544634	35.5	42
MV-4125_S18__NODE_2192_length_5752_cov_8.043356	1	5752	489	5752	100	12.5866	35.6	42
MV-4122_S12__NODE_2278_length_5751_cov_8.752107	1	5751	50	2661	46.2702	1.24883	35.3	41
MV-4125_S18__NODE_2193_length_5751_cov_7.701545	1	5751	466	5738	99.774	12.0117	35.4	42
MV-4122_S12__NODE_2279_length_5750_cov_88.295874	1	5750	643	5310	92.3478	16.3438	35.6	41.9
MV-4122_S12__NODE_2280_length_5750_cov_12.064794	1	5750	127	4548	79.0957	3.204	35.6	41.9
MV-4122_S12__NODE_2281_length_5749_cov_11.743941	1	5749	154	5046	87.7718	3.92364	35.5	41.5
MV-4125_S18__NODE_2196_length_5747_cov_20.647224	1	5747	639	5645	98.2252	16.2297	35.5	15.7
MV-4125_S18__NODE_2198_length_5742_cov_9.642342	1	5742	586	5742	100	15.1501	35.5	42
MV-4122_S12__NODE_2283_length_5740_cov_8.710994	1	5740	30	2657	46.2892	0.782578	35.4	42
MV-4122_S12__NODE_2284_length_5738_cov_26.133908	1	5738	271	5546	96.6539	7.01568	35.4	42
MV-4128_S29__NODE_1128_length_5732_cov_13.925841	1	5732	551	5163	90.0733	13.9778	35.5	13.4
MV-4125_S18__NODE_2201_length_5729_cov_18.078780	1	5729	1123	5729	100	28.6324	35.5	42
MV-4128_S29__NODE_1129_length_5729_cov_21.657913	1	5729	329	5641	98.464	8.48874	35.6	19.4
MV-4125_S18__NODE_2202_length_5728_cov_7.761854	1	5728	488	5728	100	12.4757	35.6	41
MV-4125_S18__NODE_2203_length_5726_cov_28.391289	1	5726	1767	5726	100	44.6993	35.4	42
MV-4122_S12__NODE_2286_length_5724_cov_19.791674	1	5724	590	5666	98.9867	14.8763	35.6	41.3
MV-4125_S18__NODE_2206_length_5724_cov_7.853590	1	5724	477	5687	99.3536	12.3639	35.4	41.8
MV-4125_S18__NODE_2207_length_5724_cov_6.629212	1	5724	394	5690	99.406	10.2252	35.6	41.8
MV-4128_S29__NODE_1130_length_5724_cov_22.414182	1	5724	217	5555	97.0475	5.50559	35.2	41.7
MV-4122_S12__NODE_2288_length_5722_cov_6.282336	1	5722	31	2508	43.8308	0.808633	35.6	42
MV-4125_S18__NODE_2208_length_5722_cov_6.725428	1	5722	418	5722	100	10.6887	35.5	42
MV-4125_S18__NODE_2209_length_5721_cov_5.740911	1	5721	348	5721	100	9.03478	35.4	41.7
MV-4125_S18__NODE_2210_length_5720_cov_31.617652	1	5720	1973	5697	99.5979	49.8507	35.4	41.8
cell-4125-0-44_S16__NODE_474_length_5715_cov_10.650530	1	5715	927	5618	98.3027	23.8318	35.6	18.6
MV-4122_S12__NODE_2289_length_5714_cov_12.007775	1	5714	40	2280	39.902	1.03675	35.2	42
MV-4128_S29__NODE_1131_length_5711_cov_12.556931	1	5711	206	4948	86.6398	5.27053	35.5	42
MV-4122_S12__NODE_2290_length_5709_cov_11.379377	1	5709	38	3101	54.3177	0.995971	35.3	42
MV-4128_S29__NODE_1132_length_5708_cov_22.060853	1	5708	283	5371	94.096	7.2006	35.6	42
MV-4128_S29__NODE_1133_length_5708_cov_9.203255	1	5708	117	4445	77.8732	3.01875	35.6	42
MV-4125_S18__NODE_2213_length_5707_cov_33.342003	1	5707	2052	5707	100	52.2823	35.5	41.9
MV-4122_S12__NODE_2292_length_5706_cov_24.767121	1	5706	332	5310	93.0599	8.55889	35.6	41.7
MV-4122_S12__NODE_2293_length_5704_cov_13.570012	1	5704	159	5196	91.094	4.1548	35.4	41.7
MV-4122_S12__NODE_2294_length_5702_cov_10.309014	1	5702	18	1506	26.4118	0.468958	35	37.4
MV-4122_S12__NODE_2295_length_5699_cov_10.794295	1	5699	35	3043	53.3953	0.911563	35.5	42
MV-4125_S18__NODE_2215_length_5699_cov_8.614989	1	5699	513	5692	99.8772	13.4306	35.6	41.5
MV-4122_S12__NODE_2296_length_5698_cov_7.871522	1	5698	38	2759	48.4205	0.990523	35.4	40.4
MV-4125_S18__NODE_2216_length_5697_cov_27.245126	1	5697	1664	5696	99.9824	42.5183	35.4	41.9
cell-4125-0-44_S16__NODE_478_length_5696_cov_6.844354	1	5696	4	151	2.65098	0.106039	36.1	42
MV-4128_S29__NODE_1134_length_5694_cov_13.151623	1	5694	220	5021	88.1805	5.59888	35.5	42
MV-4125_S18__NODE_2218_length_5692_cov_5.617882	1	5692	354	5692	100	9.03549	35.5	41.8
MV-4125_S18__NODE_2220_length_5689_cov_5.843095	1	5689	346	5686	99.9473	8.99895	35.4	41.5
MV-4122_S12__NODE_2298_length_5688_cov_11.355228	1	5688	157	5270	92.6512	4.03569	35.5	41.1
MV-4128_S29__NODE_1135_length_5688_cov_10.238772	1	5688	717	5680	99.8594	18.4752	35.5	41.8
MV-4122_S12__NODE_2300_length_5685_cov_182.504085	1	5685	1228	5552	97.6605	32.1131	35.5	41.9
MV-4122_S12__NODE_2301_length_5683_cov_489.706645	1	5683	8801	5652	99.4545	227.95	35.5	41.6
MV-4122_S12__NODE_2302_length_5683_cov_4.693497	1	5683	6	612	10.769	0.159423	36.3	42
MV-4128_S29__NODE_1136_length_5683_cov_21.576048	1	5683	228	5295	93.1726	5.92328	35.4	41.8
MV-4125_S18__NODE_2227_length_5679_cov_7.475996	1	5679	453	5679	100	11.7452	35.5	41.9
MV-4122_S12__NODE_2303_length_5677_cov_4.743863	1	5677	10	806	14.1976	0.265986	35.6	42
MV-4125_S18__NODE_2228_length_5676_cov_19.355453	1	5676	536	5613	98.8901	13.9223	35.4	7.2
MV-4122_S12__NODE_2304_length_5675_cov_11.651423	1	5675	38	3085	54.3612	0.915595	34.9	42
MV-4128_S29__NODE_1137_length_5675_cov_4.901601	1	5675	6	499	8.79295	0.159648	36.1	42
MV-4122_S12__NODE_2305_length_5674_cov_6.629116	1	5674	98	5343	94.1664	2.55992	35	41.8
MV-4125_S18__NODE_2229_length_5673_cov_7.915806	1	5673	473	5673	100	12.4105	35.5	42
MV-4128_S29__NODE_1138_length_5673_cov_177.479886	1	5673	4763	5672	99.9824	118.052	35.3	37.6
MV-4128_S29__NODE_1139_length_5673_cov_4.408508	1	5673	28	2301	40.5605	0.736118	34.9	42
MV-4122_S12__NODE_2306_length_5671_cov_6.685541	1	5671	2	263	4.63763	0.0532534	36.4	42
MV-4122_S12__NODE_2307_length_5669_cov_9.211970	1	5669	37	2821	49.7619	0.907391	35.4	41.9
MV-4122_S12__NODE_2308_length_5669_cov_7.828108	1	5669	32	2286	40.3246	0.796613	36.1	42
MV-4125_S18__NODE_2232_length_5666_cov_8.868651	1	5666	518	5625	99.2764	13.4947	35.6	39.6
MV-4128_S29__NODE_1140_length_5666_cov_7.212796	1	5666	8	752	13.2721	0.200494	33.8	42
MV-4122_S12__NODE_2309_length_5663_cov_62.230742	1	5663	2	230	4.06145	0.0533286	34.2	42
MV-4122_S12__NODE_2310_length_5661_cov_8.110596	1	5661	20	1712	30.242	0.514043	35.6	42
MV-4128_S29__NODE_1141_length_5661_cov_16.411702	1	5661	251	5441	96.1138	6.46865	35.4	41.9
MV-4128_S29__NODE_1142_length_5661_cov_5.774706	1	5661	6	483	8.53206	0.138845	36	42
MV-4125_S18__NODE_2237_length_5660_cov_14.559857	1	5660	917	5660	100	23.2207	35.3	41.9
MV-4125_S18__NODE_2238_length_5660_cov_7.445317	1	5660	443	5660	100	11.6327	35.4	41.9
cell-4125-0-44_S16__NODE_487_length_5660_cov_9.466905	1	5660	683	5566	98.3392	17.6912	35.3	13.5
MV-4122_S12__NODE_2311_length_5659_cov_8.882762	1	5659	26	1620	28.627	0.653826	35.6	42
MV-4128_S29__NODE_1143_length_5659_cov_8.482691	1	5659	144	4248	75.0663	3.7132	35.3	41.9
MV-4125_S18__NODE_2239_length_5658_cov_13.842227	1	5658	878	5658	100	22.2105	35.5	42
MV-4122_S12__NODE_2312_length_5657_cov_4.493038	1	5657	8	526	9.29821	0.213541	35.5	42
MV-4125_S18__NODE_2240_length_5656_cov_7.334940	1	5656	446	5656	100	11.6864	35.5	42
MV-4122_S12__NODE_2313_length_5655_cov_7.937679	1	5655	63	4084	72.2193	1.64615	35.8	42
MV-4122_S12__NODE_2314_length_5655_cov_4.527143	1	5655	12	1208	21.3616	0.320424	35.4	42
MV-4122_S12__NODE_2316_length_5652_cov_11.948008	1	5652	45	2854	50.4954	1.17923	35.3	42
MV-4122_S12__NODE_2317_length_5652_cov_7.599250	1	5652	33	2510	44.4091	0.869958	35.6	41.9
MV-4125_S18__NODE_2244_length_5650_cov_14.359249	1	5650	911	5650	100	23.08	35.4	42
MV-4125_S18__NODE_2245_length_5650_cov_11.399464	1	5650	707	5650	100	18.0025	35.3	41.8
MV-4122_S12__NODE_2318_length_5647_cov_27.674356	1	5647	344	5518	97.7156	8.99557	35.4	41.9
MV-4125_S18__NODE_2246_length_5647_cov_7.353004	1	5647	441	5647	100	11.563	35.4	41.9
MV-4128_S29__NODE_1145_length_5647_cov_6.680794	1	5647	12	1134	20.0815	0.318753	34.9	42
MV-4125_S18__NODE_2250_length_5645_cov_15.072272	1	5645	918	5645	100	23.7646	35.4	42
MV-4122_S12__NODE_2319_length_5644_cov_57.032385	1	5644	485	5428	96.1729	12.5507	35.4	15.8
MV-4128_S29__NODE_1146_length_5641_cov_13.781060	1	5641	216	5376	95.3023	5.52898	35.5	42
MV-4128_S29__NODE_1148_length_5638_cov_5.349454	1	5638	77	3860	68.464	2.00089	35.3	41.9
MV-4125_S18__NODE_2254_length_5635_cov_7.089785	1	5635	427	5635	100	11.1954	35.5	42
MV-4125_S18__NODE_2256_length_5633_cov_10.889028	1	5633	668	5633	100	17.2242	35.5	42
MV-4125_S18__NODE_2257_length_5633_cov_7.122983	1	5633	418	5616	99.6982	10.9597	35.3	39.5
MV-4128_S29__NODE_1149_length_5632_cov_7.167474	1	5632	16	1506	26.7401	0.420455	35.3	41.8
MV-4122_S12__NODE_2320_length_5630_cov_71.694709	1	5630	472	5577	99.0586	12.2915	35.5	1.04
MV-4125_S18__NODE_2258_length_5627_cov_16.828787	1	5627	1015	5626	99.9822	26.3579	35.5	41.6
MV-4125_S18__NODE_2259_length_5627_cov_14.365398	1	5627	859	5627	100	22.3588	35.5	41.9
MV-4122_S12__NODE_2321_length_5626_cov_12.107880	1	5626	165	5272	93.7078	4.30839	35.6	40.9
MV-4125_S18__NODE_2261_length_5626_cov_5.916173	1	5626	351	5626	100	9.21756	35.6	42
MV-4128_S29__NODE_1150_length_5626_cov_23.915814	1	5626	308	5288	93.9922	7.99645	35.3	25.4
MV-4125_S18__NODE_2262_length_5624_cov_20.756150	1	5624	610	5563	98.9154	15.8682	35.5	3.24
MV-4125_S18__NODE_2263_length_5624_cov_19.732627	1	5624	416	5529	98.3108	10.917	35.5	0.99
MV-4125_S18__NODE_2265_length_5624_cov_8.330939	1	5624	487	5624	100	12.9475	35.5	41.8
MV-4122_S12__NODE_2322_length_5621_cov_12.395257	1	5621	157	4646	82.6543	4.00516	35.5	42
MV-4128_S29__NODE_1151_length_5620_cov_23.462354	1	5620	319	5485	97.5979	8.38185	35.5	28.7
cell-4125-0-44_S16__NODE_492_length_5619_cov_5.832315	1	5619	4	136	2.42036	0.0968144	32.3	42
MV-4128_S29__NODE_1152_length_5618_cov_23.511774	1	5618	298	5444	96.9028	7.89872	35.5	41.3
MV-4125_S18__NODE_2271_length_5617_cov_21.772384	1	5617	1350	5604	99.7686	34.6838	35.4	42
MV-4122_S12__NODE_2325_length_5612_cov_14.402555	1	5612	165	5206	92.7655	4.32627	35.4	41.5
MV-4122_S12__NODE_2326_length_5612_cov_11.298362	1	5612	95	3891	69.3336	2.44868	34.9	33.7
MV-4125_S18__NODE_2272_length_5611_cov_17.154788	1	5611	1066	5611	100	27.1944	35.4	41.9
MV-4122_S12__NODE_2328_length_5610_cov_10.672547	1	5610	20	1683	30	0.511586	34.8	42
MV-4122_S12__NODE_2330_length_5607_cov_23.564841	1	5607	250	4781	85.2684	6.60888	35.7	41.8
MV-4128_S29__NODE_1153_length_5607_cov_8.558898	1	5607	174	5043	89.9411	4.542	35.3	41.8
MV-4128_S29__NODE_1154_length_5606_cov_6.332553	1	5606	4	384	6.8498	0.107742	34.9	42
MV-4122_S12__NODE_2331_length_5605_cov_27.128288	1	5605	3	227	4.04996	0.0540589	34.3	36
MV-4125_S18__NODE_2274_length_5605_cov_19.412793	1	5605	605	5465	97.5022	15.7996	35.5	15.8
MV-4125_S18__NODE_2275_length_5603_cov_11.744773	1	5603	733	5603	100	18.8017	35.4	41.9
MV-4122_S12__NODE_2332_length_5601_cov_7.662279	1	5601	38	2487	44.4028	0.950187	35.6	42
MV-4125_S18__NODE_2277_length_5599_cov_12.419372	1	5599	773	5599	100	19.8878	35.4	42
MV-4128_S29__NODE_1155_length_5596_cov_5.360224	1	5596	34	2455	43.8706	0.904932	35	42
MV-4122_S12__NODE_2333_length_5595_cov_23.123646	1	5595	323	5514	98.5523	8.49276	35.4	42
MV-4122_S12__NODE_2334_length_5591_cov_12.296785	1	5591	131	5300	94.7952	3.49079	35.4	40.1
MV-4125_S18__NODE_2280_length_5591_cov_7.320809	1	5591	440	5591	100	11.5128	35.2	42
MV-4128_S29__NODE_1156_length_5590_cov_12.965131	1	5590	247	5369	96.0465	6.39052	35.4	42
MV-4122_S12__NODE_2336_length_5589_cov_26.399530	1	5589	306	5089	91.0539	8.03328	35.5	42
MV-4128_S29__NODE_1157_length_5588_cov_14.967649	1	5588	278	5071	90.748	7.318	35.5	41.9
cell-4125-0-44_S16__NODE_498_length_5588_cov_10.340502	1	5588	642	5465	97.7989	16.8796	35.5	6.1
MV-4128_S29__NODE_1158_length_5587_cov_5.095083	1	5587	2	302	5.40541	0.0540541	34.2	42
MV-4125_S18__NODE_2283_length_5585_cov_18.821338	1	5585	994	5585	100	26.1094	35.5	28.8
MV-4128_S29__NODE_1159_length_5583_cov_4.105825	1	5583	6	734	13.1471	0.162278	35.5	42
MV-4125_S18__NODE_2285_length_5582_cov_16.885290	1	5582	1033	5582	100	26.6333	35.3	42
MV-4125_S18__NODE_2286_length_5581_cov_27.060984	1	5581	1643	5575	99.8925	42.7364	35.5	42
MV-4125_S18__NODE_2287_length_5580_cov_8.937376	1	5580	527	5580	100	14.0104	35.4	42
MV-4128_S29__NODE_1160_length_5580_cov_11.637647	1	5580	229	5165	92.5627	6.02652	35.7	41.9
MV-4122_S12__NODE_2338_length_5579_cov_36.306662	1	5579	457	3647	65.3701	11.9475	35.4	41.9
MV-4128_S29__NODE_1161_length_5575_cov_7.930435	1	5575	4	460	8.25112	0.108341	34.5	42
MV-4125_S18__NODE_2289_length_5574_cov_7.838014	1	5574	464	5574	100	12.3005	35.5	42
MV-4125_S18__NODE_2290_length_5574_cov_6.647943	1	5574	232	5554	99.6412	6.05795	35.5	7.62
MV-4125_S18__NODE_2293_length_5572_cov_7.305782	1	5572	435	5572	100	11.5651	35.4	42
MV-4125_S18__NODE_2294_length_5570_cov_28.239529	1	5570	1725	5570	100	44.653	35.4	41.9
MV-4122_S12__NODE_2340_length_5569_cov_8.079616	1	5569	16	1302	23.3794	0.416233	35.7	42
MV-4122_S12__NODE_2342_length_5565_cov_9.142650	1	5565	28	2316	41.6173	0.759748	35.9	42
MV-4125_S18__NODE_2295_length_5565_cov_4.923775	1	5565	299	5565	100	7.83756	35.7	41.7
MV-4128_S29__NODE_1162_length_5565_cov_13.605626	1	5565	237	4868	87.4753	6.21941	35.4	42
MV-4122_S12__NODE_2343_length_5564_cov_4.656017	1	5564	12	716	12.8684	0.297628	34.3	42
MV-4128_S29__NODE_1163_length_5564_cov_27.948993	1	5564	343	5345	96.064	9.1312	35.5	42
MV-4128_S29__NODE_1164_length_5564_cov_16.206027	1	5564	268	5212	93.6736	6.99317	35.3	42
MV-4122_S12__NODE_2344_length_5562_cov_4.345197	1	5562	8	972	17.4757	0.217188	34.6	42
MV-4128_S29__NODE_1165_length_5560_cov_5.142053	1	5560	51	2793	50.2338	1.31547	35.7	38.5
MV-4128_S29__NODE_1166_length_5559_cov_22.712391	1	5559	254	5444	97.9313	6.68591	35.6	25.4
MV-4125_S18__NODE_2299_length_5558_cov_5.546611	1	5558	341	5556	99.964	9.01169	35.3	41.3
MV-4128_S29__NODE_1167_length_5558_cov_6.852262	1	5558	63	3534	63.584	1.62127	35.5	39
MV-4122_S12__NODE_2345_length_5550_cov_19.339945	1	5550	100	4452	80.2162	2.68865	35.4	42
MV-4122_S12__NODE_2346_length_5550_cov_4.447134	1	5550	6	700	12.6126	0.163243	35.6	42
MV-4122_S12__NODE_2347_length_5548_cov_10.652649	1	5548	42	3322	59.8774	1.14311	35.5	39
MV-4122_S12__NODE_2348_length_5548_cov_10.234844	1	5548	30	2370	42.7181	0.791997	34.9	42
MV-4125_S18__NODE_2304_length_5541_cov_7.296209	1	5541	423	5535	99.8917	11.3104	35.6	41.9
MV-4125_S18__NODE_2309_length_5533_cov_7.625411	1	5533	452	5533	100	12.0732	35.6	42
MV-4128_S29__NODE_1168_length_5532_cov_14.200292	1	5532	219	5297	95.752	5.75325	35.6	41.9
MV-4128_S29__NODE_1169_length_5532_cov_6.015702	1	5532	249	5202	94.0347	6.5893	35.2	42
MV-4125_S18__NODE_2311_length_5531_cov_8.483565	1	5531	505	5531	100	13.3914	35.4	41.9
MV-4122_S12__NODE_2353_length_5528_cov_6.467385	1	5528	16	1439	26.0311	0.437048	35.1	42
MV-4125_S18__NODE_2314_length_5527_cov_4.567251	1	5527	278	5527	100	7.3472	35.4	42
MV-4128_S29__NODE_1170_length_5527_cov_12.897295	1	5527	243	5114	92.5276	6.4118	35.5	38.3
MV-4122_S12__NODE_2354_length_5526_cov_13.932736	1	5526	187	5029	91.0062	5.00615	35.6	40.9
MV-4125_S18__NODE_2315_length_5525_cov_13.328154	1	5525	412	5375	97.2851	10.9519	35.5	1
MV-4122_S12__NODE_2355_length_5524_cov_9.015359	1	5524	32	2800	50.6879	0.85916	35.7	41.4
MV-4128_S29__NODE_1171_length_5523_cov_22.385150	1	5523	236	5154	93.3188	6.29694	35.4	42
MV-4125_S18__NODE_2318_length_5521_cov_6.417307	1	5521	375	5505	99.7102	10.0339	35.5	41.8
MV-4122_S12__NODE_2356_length_5517_cov_14.507323	1	5517	123	4959	89.8858	3.32336	35.3	41.5
MV-4122_S12__NODE_2357_length_5517_cov_7.176492	1	5517	32	2151	38.9886	0.875113	35.7	42
MV-4125_S18__NODE_2320_length_5516_cov_24.420070	1	5516	609	5479	99.3292	16.0905	35.6	3.18
cell-4125-0-44_S16__NODE_506_length_5513_cov_10.147673	1	5513	662	5226	94.7941	17.6925	35.5	9.11
MV-4125_S18__NODE_2322_length_5508_cov_19.428021	1	5508	1162	5501	99.8729	30.5127	35.4	41.8
MV-4125_S18__NODE_2324_length_5506_cov_7.847367	1	5506	440	5478	99.4915	11.8251	35.5	41.4
MV-4125_S18__NODE_2326_length_5505_cov_5.494495	1	5505	161	5121	93.0245	4.31753	35.4	3.6
MV-4122_S12__NODE_2359_length_5503_cov_9.997430	1	5503	159	4331	78.7025	4.20062	35.2	41.4
MV-4128_S29__NODE_1173_length_5502_cov_27.704792	1	5502	356	5079	92.3119	9.4651	35.6	41.9
MV-4122_S12__NODE_2361_length_5501_cov_54.053434	1	5501	224	5159	93.7829	5.90274	35.5	1.46
MV-4125_S18__NODE_2327_length_5501_cov_9.644326	1	5501	330	5404	98.2367	8.56881	35.4	16.1
MV-4128_S29__NODE_1174_length_5499_cov_18.126010	1	5499	1163	5467	99.4181	30.9685	35.5	41.9
MV-4128_S29__NODE_1175_length_5498_cov_12.812236	1	5498	234	5282	96.0713	6.27865	35.4	41.8
MV-4122_S12__NODE_2363_length_5496_cov_4.817313	1	5496	7	816	14.8472	0.192322	33.7	38.9
MV-4122_S12__NODE_2364_length_5495_cov_4.371140	1	5495	8	943	17.1611	0.219836	34.1	42
MV-4122_S12__NODE_2366_length_5494_cov_5.432616	1	5494	8	930	16.9276	0.219876	36.2	42
MV-4125_S18__NODE_2331_length_5493_cov_5.428466	1	5493	323	5493	100	8.63262	35.4	41.6
MV-4125_S18__NODE_2332_length_5492_cov_25.187603	1	5492	1508	5459	99.3991	39.8316	35.3	41.9
MV-4125_S18__NODE_2333_length_5492_cov_18.876219	1	5492	1146	5492	100	29.9933	35.3	42
MV-4128_S29__NODE_1176_length_5491_cov_15.110927	1	5491	280	5344	97.3229	7.46858	35.4	42
MV-4122_S12__NODE_2368_length_5490_cov_6.564121	1	5490	27	1774	32.3133	0.701093	35.1	41.3
MV-4125_S18__NODE_2335_length_5490_cov_6.411040	1	5490	383	5490	100	10.1474	35.5	41.9
MV-4122_S12__NODE_2369_length_5485_cov_4.483241	1	5485	6	849	15.4786	0.165178	35	42
MV-4125_S18__NODE_2336_length_5485_cov_22.686556	1	5485	426	5229	95.3327	11.3546	35.3	0.993
MV-4128_S29__NODE_1178_length_5483_cov_10.894620	1	5483	167	4460	81.3423	4.41693	35.6	42
MV-4122_S12__NODE_2370_length_5480_cov_30.838157	1	5480	362	5190	94.708	9.67354	35.5	41.9
MV-4128_S29__NODE_1179_length_5477_cov_27.285872	1	5477	316	5349	97.663	8.61804	35.5	41.9
MV-4125_S18__NODE_2340_length_5476_cov_6.180778	1	5476	356	5464	99.7809	9.6114	35.3	40.1
MV-4122_S12__NODE_2371_length_5474_cov_10.725780	1	5474	45	2892	52.8316	1.23438	35.4	41.5
MV-4122_S12__NODE_2372_length_5472_cov_27.616208	1	5472	2	189	3.45395	0.0551901	36.4	42
MV-4125_S18__NODE_2343_length_5471_cov_17.025111	1	5471	502	5401	98.7205	13.4438	35.5	4.55
MV-4125_S18__NODE_2344_length_5471_cov_15.350443	1	5471	569	5336	97.5324	15.2961	35.5	19.2
MV-4125_S18__NODE_2345_length_5471_cov_6.835487	1	5471	405	5471	100	10.8377	35.5	42
MV-4125_S18__NODE_2346_length_5471_cov_6.204394	1	5471	360	5471	100	9.73972	35.4	41.8
MV-4122_S12__NODE_2373_length_5466_cov_20.984106	1	5466	256	5367	98.1888	6.90651	35.4	41.8
MV-4128_S29__NODE_1180_length_5466_cov_13.302347	1	5466	209	4931	90.2122	5.59696	35.4	40.6
MV-4128_S29__NODE_1181_length_5461_cov_23.774140	1	5461	354	5400	98.883	9.61985	35.3	30
MV-4128_S29__NODE_1182_length_5459_cov_29.084382	1	5459	634	5452	99.8718	17.1612	35.6	32.3
MV-4122_S12__NODE_2375_length_5458_cov_27.327966	1	5458	300	3878	71.0517	8.11085	35.7	36.1
MV-4125_S18__NODE_2349_length_5458_cov_6.741995	1	5458	396	5458	100	10.6772	35.6	42
MV-4125_S18__NODE_2351_length_5457_cov_6.617549	1	5457	385	5457	100	10.4171	35.5	42
MV-4128_S29__NODE_1183_length_5457_cov_7.690115	1	5457	1	151	2.76709	0.0276709	36.8	42
MV-4125_S18__NODE_2352_length_5456_cov_7.909646	1	5456	458	5456	100	12.445	35.5	41.9
MV-4122_S12__NODE_2376_length_5452_cov_11.372985	1	5452	72	3889	71.3316	1.96827	35.3	42
MV-4122_S12__NODE_2377_length_5452_cov_11.082083	1	5452	22	1698	31.1445	0.607483	34.5	41.2
MV-4125_S18__NODE_2355_length_5452_cov_6.755234	1	5452	396	5452	100	10.6999	35.4	42
MV-4128_S29__NODE_1184_length_5451_cov_6.174203	1	5451	6	640	11.741	0.155935	36.1	42
MV-4122_S12__NODE_2378_length_5450_cov_5.756441	1	5450	6	659	12.0917	0.166239	36.4	42
MV-4128_S29__NODE_1185_length_5447_cov_6.358123	1	5447	48	3282	60.2534	1.30549	35.5	37.3
MV-4122_S12__NODE_2379_length_5445_cov_9.030241	1	5445	32	1790	32.8742	0.857668	35.8	42
MV-4125_S18__NODE_2356_length_5445_cov_21.460297	1	5445	1232	5445	100	33.2237	35.4	41.8
MV-4125_S18__NODE_2357_length_5444_cov_6.728335	1	5444	393	5444	100	10.6677	35.5	42
MV-4122_S12__NODE_2380_length_5443_cov_88.375093	1	5443	924	5428	99.7244	24.9105	35.6	25.8
MV-4122_S12__NODE_2382_length_5440_cov_54.058496	1	5440	739	5363	98.5846	19.9779	35.5	6.92
MV-4122_S12__NODE_2383_length_5440_cov_34.143361	1	5440	435	5354	98.4191	11.7513	35.4	34.9
MV-4128_S29__NODE_1186_length_5439_cov_14.230126	1	5439	211	4981	91.5793	5.7836	35.5	41.8
MV-4122_S12__NODE_2384_length_5438_cov_11.052016	1	5438	147	5046	92.7915	3.90015	35.4	39.8
MV-4122_S12__NODE_2385_length_5438_cov_4.731377	1	5438	4	577	10.6105	0.11107	35	42
MV-4128_S29__NODE_1187_length_5438_cov_16.099944	1	5438	217	4935	90.7503	5.87348	35.3	41.8
MV-4125_S18__NODE_2359_length_5435_cov_15.606877	1	5435	909	5435	100	24.6329	35.5	42
MV-4125_S18__NODE_2360_length_5432_cov_23.049098	1	5432	696	5303	97.6252	18.7898	35.5	4.69
MV-4125_S18__NODE_2361_length_5432_cov_7.937512	1	5432	456	5432	100	12.4299	35.7	41.9
MV-4128_S29__NODE_1188_length_5425_cov_26.838547	1	5425	357	5094	93.8986	9.73014	35.4	42
MV-4122_S12__NODE_2389_length_5424_cov_30.438257	1	5424	770	5283	97.4004	20.5855	35.5	39.5
MV-4128_S29__NODE_1189_length_5423_cov_25.136736	1	5423	317	5189	95.685	8.61018	35.4	41.9
MV-4128_S29__NODE_1190_length_5423_cov_13.974478	1	5423	263	5113	94.2836	7.1182	35.4	42
MV-4128_S29__NODE_1191_length_5423_cov_12.019747	1	5423	200	4762	87.8112	5.43721	35.7	42
MV-4122_S12__NODE_2391_length_5417_cov_23.200485	1	5417	120	4473	82.5734	3.1966	35.4	28.4
MV-4128_S29__NODE_1192_length_5417_cov_16.219321	1	5417	193	4715	87.0408	5.15507	35.5	42
cell-4125-0-44_S16__NODE_537_length_5416_cov_7.954113	1	5416	2	192	3.54505	0.0557607	34.7	42
MV-4122_S12__NODE_2392_length_5415_cov_20.102799	1	5415	79	4166	76.9344	2.18412	35.4	41.7
MV-4128_S29__NODE_1193_length_5415_cov_10.741045	1	5415	10	969	17.8947	0.278855	35.2	40.1
MV-4125_S18__NODE_2369_length_5412_cov_5.942132	1	5412	342	5412	100	9.30876	35.5	42
MV-4128_S29__NODE_1194_length_5411_cov_13.929238	1	5411	243	5166	95.4722	6.57494	35.6	42
MV-4128_S29__NODE_1195_length_5411_cov_5.957431	1	5411	10	964	17.8156	0.279061	35.7	42
MV-4125_S18__NODE_2371_length_5409_cov_14.816773	1	5409	867	5409	100	23.2703	35.5	41.5
cell-4125-0-44_S16__NODE_539_length_5409_cov_10.648674	1	5409	428	5313	98.2252	11.7781	35.5	10.2
MV-4128_S29__NODE_1196_length_5406_cov_28.997571	1	5406	384	5094	94.2286	10.3805	35.5	23.3
MV-4122_S12__NODE_2395_length_5403_cov_23.224196	1	5403	289	5243	97.0387	7.81825	35.6	41.6
MV-4122_S12__NODE_2396_length_5403_cov_5.230180	1	5403	4	409	7.56987	0.0955025	35.4	42
MV-4122_S12__NODE_2397_length_5402_cov_8.438377	1	5402	72	3796	70.2703	1.96816	35.6	42
MV-4122_S12__NODE_2398_length_5401_cov_9.931351	1	5401	139	4899	90.7054	3.818	35.6	41.5
MV-4122_S12__NODE_2399_length_5401_cov_9.636925	1	5401	33	2485	46.01	0.908535	34.8	42
MV-4128_S29__NODE_1197_length_5401_cov_6.732884	1	5401	4	366	6.77652	0.0977597	35.2	42
MV-4125_S18__NODE_2374_length_5400_cov_6.449205	1	5400	373	5400	100	10.1009	35.3	41.9
MV-4128_S29__NODE_1198_length_5399_cov_10.255614	1	5399	146	3931	72.8098	3.97907	35.2	41.7
MV-4122_S12__NODE_2401_length_5395_cov_9.783521	1	5395	107	4471	82.873	2.96293	35.5	42
MV-4125_S18__NODE_2377_length_5395_cov_6.213109	1	5395	355	5395	100	9.6747	35.4	41.6
MV-4122_S12__NODE_2402_length_5393_cov_16.950918	1	5393	476	5327	98.7762	12.7597	35.5	41.9
MV-4128_S29__NODE_1200_length_5393_cov_14.762645	1	5393	219	4809	89.1711	5.8359	35.6	35.6
MV-4128_S29__NODE_1201_length_5393_cov_5.485388	1	5393	12	705	13.0725	0.326349	36.3	42
MV-4128_S29__NODE_1202_length_5392_cov_25.978265	1	5392	487	5017	93.0453	13.255	35.5	32.2
MV-4122_S12__NODE_2403_length_5391_cov_5.785420	1	5391	12	1294	24.003	0.336116	36.2	42
MV-4122_S12__NODE_2404_length_5390_cov_28.412559	1	5390	379	5285	98.0519	10.3814	35.4	42
MV-4122_S12__NODE_2405_length_5389_cov_9.976378	1	5389	26	1609	29.8571	0.688439	36	42
MV-4125_S18__NODE_2378_length_5389_cov_5.979378	1	5389	347	5389	100	9.46985	35.5	41.9
MV-4125_S18__NODE_2379_length_5387_cov_31.107464	1	5387	1800	5387	100	48.7264	35.4	41.9
MV-4125_S18__NODE_2380_length_5387_cov_24.085521	1	5387	1414	5387	100	38.1751	35.4	42
MV-4125_S18__NODE_2381_length_5386_cov_21.266742	1	5386	1254	5386	100	33.7987	35.5	42
MV-4125_S18__NODE_2382_length_5386_cov_8.352279	1	5386	511	5386	100	13.4432	35.4	42
MV-4122_S12__NODE_2407_length_5385_cov_16.107317	1	5385	106	1390	25.8124	2.90511	35.7	3.32
MV-4128_S29__NODE_1204_length_5378_cov_19.253429	1	5378	297	4990	92.7854	8.17274	35.3	42
MV-4122_S12__NODE_2409_length_5377_cov_7.173243	1	5377	20	1964	36.5259	0.549749	35.9	42
MV-4122_S12__NODE_2410_length_5376_cov_4.130615	1	5376	110	4226	78.6086	3.01451	35.1	1
MV-4125_S18__NODE_2389_length_5374_cov_8.090807	1	5374	457	5374	100	12.4736	35.4	41.9
MV-4128_S29__NODE_1205_length_5373_cov_15.699323	1	5373	223	5010	93.244	6.03871	35.1	37.8
MV-4128_S29__NODE_1206_length_5369_cov_5.685548	1	5369	42	2315	43.1179	1.16223	35.7	39.4
MV-4122_S12__NODE_2413_length_5368_cov_7.506117	1	5368	19	1995	37.1647	0.534463	36	42
MV-4122_S12__NODE_2414_length_5364_cov_13.596911	1	5364	134	4889	91.1447	3.72166	35.6	41.8
MV-4122_S12__NODE_2415_length_5364_cov_11.106800	1	5364	37	2710	50.522	1.01249	35.8	41.5
MV-4122_S12__NODE_2416_length_5361_cov_6.730871	1	5361	26	1691	31.5426	0.726917	34.8	42
MV-4122_S12__NODE_2418_length_5359_cov_6.123680	1	5359	28	1569	29.2779	0.701997	35.3	42
MV-4125_S18__NODE_2398_length_5359_cov_51.342760	1	5359	1086	5353	99.888	29.591	35.4	17.3
MV-4125_S18__NODE_2399_length_5356_cov_8.133748	1	5356	463	5356	100	12.8125	35.5	41.8
MV-4122_S12__NODE_2420_length_5354_cov_12.844122	1	5354	125	4406	82.2936	3.35506	35.7	39.7
MV-4128_S29__NODE_1207_length_5351_cov_5.799282	1	5351	20	2191	40.9456	0.556531	35.5	42
MV-4122_S12__NODE_2422_length_5349_cov_23.966944	1	5349	291	5118	95.6814	7.94223	35.6	41.9
MV-4125_S18__NODE_2400_length_5349_cov_7.500756	1	5349	423	5349	100	11.6895	35.6	42
MV-4125_S18__NODE_2402_length_5347_cov_12.975246	1	5347	774	5347	100	20.7142	35.4	41.9
MV-4125_S18__NODE_2403_length_5347_cov_7.879630	1	5347	446	5347	100	12.3912	35.5	42
MV-4122_S12__NODE_2425_length_5341_cov_15.282633	1	5341	161	4987	93.372	4.44168	35.6	41.3
MV-4122_S12__NODE_2426_length_5341_cov_4.953462	1	5341	2	302	5.65437	0.0565437	35.2	42
MV-4122_S12__NODE_2428_length_5338_cov_191.763960	1	5338	785	5213	97.6583	21.4296	35.4	28.2
MV-4122_S12__NODE_2429_length_5338_cov_15.902707	1	5338	192	4795	89.8277	5.26602	35.6	41.8
MV-4125_S18__NODE_2407_length_5338_cov_25.092372	1	5338	1454	5318	99.6253	39.6257	35.4	42
MV-4128_S29__NODE_1209_length_5337_cov_769.388868	1	5337	12404	5335	99.9625	341.53	35.5	30.7
MV-4122_S12__NODE_2431_length_5334_cov_6.959841	1	5334	16	1425	26.7154	0.444319	34.6	42
MV-4125_S18__NODE_2409_length_5334_cov_8.018375	1	5334	462	5333	99.9813	12.7968	35.5	41.1
MV-4128_S29__NODE_1210_length_5334_cov_10.650881	1	5334	175	4943	92.6697	4.70566	35.4	42
MV-4128_S29__NODE_1211_length_5334_cov_8.127297	1	5334	6	454	8.51144	0.169854	34.4	42
MV-4122_S12__NODE_2435_length_5331_cov_96.480857	1	5331	498	5238	98.2555	13.5288	35.6	34
MV-4125_S18__NODE_2411_length_5330_cov_7.262180	1	5330	404	5330	100	11.2544	35.5	42
MV-4128_S29__NODE_1212_length_5329_cov_26.323474	1	5329	242	5228	98.1047	6.69469	35.4	22.6
MV-4128_S29__NODE_1213_length_5328_cov_19.449839	1	5328	278	5180	97.2222	7.61674	35.5	41.9
MV-4122_S12__NODE_2437_length_5326_cov_20.369000	1	5326	451	5147	96.6391	12.4848	35.5	41.6
MV-4128_S29__NODE_1214_length_5326_cov_13.029406	1	5326	215	4530	85.0544	5.81618	35.6	42
MV-4125_S18__NODE_2412_length_5323_cov_136.497722	1	5323	3835	5323	100	104.623	35.5	6.65
MV-4125_S18__NODE_2413_length_5320_cov_7.779867	1	5320	442	5320	100	12.2814	35.6	42
MV-4122_S12__NODE_2440_length_5319_cov_6.101254	1	5319	11	1010	18.9885	0.271668	35.4	41.8
cell-4125-0-44_S16__NODE_563_length_5318_cov_7.272848	1	5318	4	238	4.47537	0.113577	36	42
MV-4122_S12__NODE_2442_length_5310_cov_25.963463	1	5310	295	5105	96.1394	8.19341	35.6	41.6
MV-4128_S29__NODE_1216_length_5310_cov_22.478021	1	5310	580	5061	95.3107	15.932	35.5	3.81
MV-4125_S18__NODE_2418_length_5309_cov_7.241150	1	5309	413	5309	100	11.407	35.6	42
MV-4122_S12__NODE_2443_length_5307_cov_21.508187	1	5307	250	5104	96.1749	6.96081	35.6	42
MV-4125_S18__NODE_2421_length_5305_cov_6.144000	1	5305	347	5305	100	9.65146	35.4	41.9
MV-4122_S12__NODE_2444_length_5304_cov_11.857116	1	5304	163	5093	96.0219	4.57749	35.8	41.9
MV-4128_S29__NODE_1217_length_5303_cov_7.548018	1	5303	4	422	7.95776	0.113898	35.5	42
MV-4122_S12__NODE_2445_length_5302_cov_21.755479	1	5302	203	4993	94.172	5.64164	35.6	42
MV-4125_S18__NODE_2425_length_5302_cov_6.269106	1	5302	351	5302	100	9.76896	35.6	42
MV-4122_S12__NODE_2446_length_5301_cov_8.924895	1	5301	20	1389	26.2026	0.555367	35.9	42
MV-4125_S18__NODE_2427_length_5301_cov_7.899352	1	5301	449	5301	100	12.4658	35.5	42
MV-4128_S29__NODE_1218_length_5301_cov_13.170416	1	5301	206	4831	91.1337	5.68138	35.6	42
MV-4128_S29__NODE_1219_length_5300_cov_18.243470	1	5300	312	4728	89.2075	8.69774	35.5	42
MV-4122_S12__NODE_2447_length_5298_cov_6.134656	1	5298	99	4487	84.6923	2.81653	35.4	42
MV-4128_S29__NODE_1220_length_5298_cov_8.794965	1	5298	141	4199	79.2563	3.87675	35.7	41.8
MV-4122_S12__NODE_2448_length_5297_cov_21.810568	1	5297	245	4917	92.8261	6.79271	35.7	42
MV-4122_S12__NODE_2449_length_5294_cov_6.263218	1	5294	20	1845	34.8508	0.561012	35.7	42
MV-4122_S12__NODE_2450_length_5293_cov_76.025773	1	5293	852	5257	99.3199	23.7973	35.6	28.6
MV-4125_S18__NODE_2433_length_5292_cov_22.806378	1	5292	1264	5239	98.9985	35.2999	35.4	39.7
MV-4125_S18__NODE_2434_length_5292_cov_20.922666	1	5292	1123	5292	100	31.1527	35.5	38.1
MV-4125_S18__NODE_2435_length_5291_cov_7.110390	1	5291	402	5291	100	11.2482	35.6	42
MV-4128_S29__NODE_1222_length_5291_cov_22.982047	1	5291	284	4689	88.6222	8.03686	35.4	23.5
MV-4125_S18__NODE_2437_length_5290_cov_7.590449	1	5290	428	5290	100	11.9367	35.5	42
MV-4125_S18__NODE_2439_length_5282_cov_23.240099	1	5282	677	5210	98.6369	18.8847	35.5	4.66
MV-4122_S12__NODE_2451_length_5280_cov_10.581818	1	5280	34	2261	42.822	0.964015	35.4	42
MV-4128_S29__NODE_1223_length_5279_cov_26.269525	1	5279	287	5149	97.5374	7.97897	35.5	42
MV-4122_S12__NODE_2452_length_5278_cov_11.769673	1	5278	24	1842	34.8996	0.681698	35.5	42
MV-4125_S18__NODE_2441_length_5278_cov_5.827302	1	5278	331	5278	100	9.29064	35.6	42
MV-4128_S29__NODE_1224_length_5277_cov_28.736308	1	5277	390	5094	96.5321	10.8852	35.7	16.1
MV-4125_S18__NODE_2442_length_5275_cov_15.727203	1	5275	633	5259	99.6967	17.5369	35.6	22.3
MV-4128_S29__NODE_1227_length_5274_cov_7.132592	1	5274	4	348	6.59841	0.109973	34.7	42
MV-4122_S12__NODE_2453_length_5273_cov_5.354925	1	5273	4	579	10.9805	0.114546	36.3	42
MV-4128_S29__NODE_1228_length_5273_cov_6.912227	1	5273	4	456	8.64783	0.114546	36.2	42
MV-4122_S12__NODE_2454_length_5271_cov_30.179831	1	5271	211	3110	59.0021	5.8634	35.5	2.89
MV-4122_S12__NODE_2455_length_5271_cov_4.992715	1	5271	4	341	6.46936	0.114589	36.4	42
MV-4122_S12__NODE_2456_length_5266_cov_4.700825	1	5266	8	800	15.1918	0.228447	35.5	42
MV-4128_S29__NODE_1229_length_5266_cov_30.382460	1	5266	323	4955	94.0942	9.05754	35.4	41.9
MV-4128_S29__NODE_1230_length_5266_cov_4.156784	1	5266	16	1321	25.0855	0.458792	35.4	25.8
MV-4122_S12__NODE_2457_length_5264_cov_25.924746	1	5264	368	5083	96.5616	10.2808	35.7	42
MV-4122_S12__NODE_2458_length_5264_cov_6.055865	1	5264	10	1089	20.6877	0.277356	34.8	42
MV-4125_S18__NODE_2449_length_5263_cov_6.515745	1	5263	201	5117	97.2259	5.65115	35.2	20.5
MV-4125_S18__NODE_2450_length_5263_cov_4.943740	1	5263	277	5263	100	7.74463	35.4	41.9
MV-4122_S12__NODE_2459_length_5261_cov_21.724549	1	5261	264	5118	97.2819	7.37046	35.6	42
MV-4122_S12__NODE_2460_length_5260_cov_73.185207	1	5260	426	5056	96.1217	11.8793	35.6	2.48
MV-4125_S18__NODE_2452_length_5259_cov_6.777479	1	5259	388	5258	99.981	10.7017	35.4	42
MV-4122_S12__NODE_2461_length_5258_cov_13.119162	1	5258	171	5093	96.8619	4.85127	35.4	41.8
MV-4125_S18__NODE_2454_length_5258_cov_13.891217	1	5258	506	5205	98.992	14.039	35.4	21.8
MV-4122_S12__NODE_2462_length_5257_cov_5.047674	1	5257	4	408	7.76108	0.114894	34.7	42
MV-4122_S12__NODE_2463_length_5255_cov_4.867115	1	5255	4	284	5.40438	0.105804	34.2	42
MV-4125_S18__NODE_2455_length_5255_cov_15.800769	1	5255	426	4730	90.0095	11.9975	35.5	14.8
MV-4128_S29__NODE_1231_length_5253_cov_28.852636	1	5253	268	5072	96.5543	7.54635	35.4	25.7
MV-4122_S12__NODE_2465_length_5252_cov_37.358091	1	5252	498	4963	94.4973	13.941	35.4	39.1
MV-4122_S12__NODE_2466_length_5252_cov_21.730614	1	5252	211	4744	90.3275	5.89014	35.5	41.9
cell-4125-0-44_S16__NODE_585_length_5251_cov_6.921671	1	5251	328	4694	89.3925	9.22491	35.4	12.5
MV-4125_S18__NODE_2458_length_5250_cov_19.616362	1	5250	1139	5250	100	31.1931	35.4	42
MV-4128_S29__NODE_1232_length_5249_cov_14.315556	1	5249	231	4799	91.4269	6.36331	35.3	41.9
MV-4122_S12__NODE_2468_length_5247_cov_24.632126	1	5247	210	4221	80.446	5.94263	35.6	40.1
MV-4125_S18__NODE_2462_length_5244_cov_7.315282	1	5244	408	5243	99.9809	11.4365	35.5	41.8
MV-4122_S12__NODE_2470_length_5243_cov_10.582305	1	5243	36	2844	54.2438	1.0227	35.8	42
MV-4125_S18__NODE_2463_length_5243_cov_22.488628	1	5243	1282	5237	99.8856	35.4576	35.5	42
MV-4125_S18__NODE_2464_length_5243_cov_17.699884	1	5243	992	5243	100	27.7047	35.5	41.6
MV-4125_S18__NODE_2465_length_5243_cov_9.836739	1	5243	559	5243	100	15.5815	35.5	42
MV-4122_S12__NODE_2471_length_5242_cov_10.423944	1	5242	32	2245	42.8272	0.868752	35.9	41.4
MV-4128_S29__NODE_1233_length_5240_cov_6.659402	1	5240	6	736	14.0458	0.171756	33.8	42
MV-4122_S12__NODE_2472_length_5238_cov_21.002894	1	5238	199	4625	88.2971	5.47556	35.5	42
MV-4128_S29__NODE_1235_length_5238_cov_25.125796	1	5238	241	5157	98.4536	6.77931	35.5	41.9
MV-4122_S12__NODE_2473_length_5237_cov_6.392127	1	5237	18	1523	29.0815	0.491503	35.1	42
MV-4125_S18__NODE_2467_length_5237_cov_22.871671	1	5237	646	5088	97.1549	18.1904	35.5	6.87
MV-4128_S29__NODE_1236_length_5236_cov_5.942289	1	5236	26	1837	35.084	0.720397	35.1	35.2
MV-4122_S12__NODE_2474_length_5235_cov_11.819305	1	5235	283	4950	94.5559	7.93314	35.8	41.3
MV-4122_S12__NODE_2475_length_5235_cov_10.207529	1	5235	150	4760	90.9265	4.28042	35.6	42
MV-4122_S12__NODE_2476_length_5235_cov_5.253668	1	5235	2	195	3.72493	0.0576886	36.6	42
MV-4122_S12__NODE_2477_length_5235_cov_4.674517	1	5235	4	488	9.32187	0.115377	35.7	42
MV-4128_S29__NODE_1237_length_5233_cov_14.345886	1	5233	212	4745	90.6746	5.96981	35.5	41.9
MV-4122_S12__NODE_2478_length_5228_cov_5.358979	1	5228	12	727	13.9059	0.333971	35.7	42
MV-4122_S12__NODE_2479_length_5227_cov_11.264695	1	5227	171	4287	82.0165	4.79185	35.2	41.7
MV-4128_S29__NODE_1238_length_5224_cov_8.398723	1	5224	2	290	5.5513	0.0578101	36.1	42
MV-4128_S29__NODE_1239_length_5223_cov_28.550310	1	5223	286	5164	98.8704	8.16561	35.6	42
MV-4125_S18__NODE_2474_length_5219_cov_10.194810	1	5219	513	5197	99.5785	14.2911	35.3	35.1
MV-4125_S18__NODE_2475_length_5218_cov_15.915553	1	5218	911	5218	100	25.2583	35.3	41.9
MV-4128_S29__NODE_1240_length_5215_cov_5.511047	1	5215	38	2169	41.5916	1.08802	35.8	39.7
MV-4125_S18__NODE_2479_length_5214_cov_7.076178	1	5214	394	5214	100	11.1509	35.5	41.9
MV-4125_S18__NODE_2480_length_5213_cov_22.887941	1	5213	458	5188	99.5204	12.7932	35.5	0.993
MV-4125_S18__NODE_2481_length_5213_cov_8.981388	1	5213	498	5213	100	14.0552	35.4	42
MV-4128_S29__NODE_1241_length_5213_cov_7.663823	1	5213	4	524	10.0518	0.115864	34.9	42
cell-4125-0-44_S16__NODE_593_length_5213_cov_24.524622	1	5213	1	91	1.74564	0.0174564	36.6	23
MV-4128_S29__NODE_1242_length_5212_cov_13.186736	1	5212	211	4908	94.1673	5.98599	35.6	41.9
cell-4125-0-44_S16__NODE_595_length_5210_cov_8.117168	1	5210	690	5060	97.1209	19.4207	35.4	20.9
MV-4122_S12__NODE_2482_length_5208_cov_11.526295	1	5208	129	4583	87.9992	3.67953	35.6	40.7
MV-4128_S29__NODE_1243_length_5208_cov_12.962158	1	5208	153	4561	87.5768	4.27707	35.5	42
MV-4122_S12__NODE_2483_length_5205_cov_73.046019	1	5205	373	5047	96.9645	10.5764	35.5	4.59
MV-4122_S12__NODE_2484_length_5204_cov_30.650612	1	5204	762	5154	99.0392	21.447	35.5	41.9
MV-4122_S12__NODE_2485_length_5204_cov_11.535444	1	5204	18	1271	24.4235	0.517679	35.9	42
MV-4122_S12__NODE_2486_length_5203_cov_5.046814	1	5203	9	1020	19.6041	0.260042	35.5	40
MV-4122_S12__NODE_2487_length_5202_cov_7.365261	1	5202	31	2387	45.8862	0.863514	34.9	41.9
MV-4128_S29__NODE_1244_length_5201_cov_19.898368	1	5201	307	4920	94.5972	8.70467	35.5	42
MV-4125_S18__NODE_2488_length_5200_cov_8.547328	1	5200	468	5184	99.6923	13.3087	35.5	42
MV-4128_S29__NODE_1245_length_5199_cov_5.248250	1	5199	2	299	5.75111	0.0580881	36.1	42
MV-4122_S12__NODE_2489_length_5197_cov_7.442240	1	5197	28	2186	42.0627	0.813546	35.9	42
MV-4128_S29__NODE_1246_length_5196_cov_9.580626	1	5196	176	4880	93.9184	4.96247	35.3	42
MV-4122_S12__NODE_2490_length_5195_cov_12.450195	1	5195	140	4435	85.3705	3.96304	35.6	40.3
MV-4125_S18__NODE_2495_length_5195_cov_7.610895	1	5195	421	5195	100	11.9559	35.6	42
MV-4122_S12__NODE_2491_length_5194_cov_4.531232	1	5194	10	936	18.0208	0.29072	36.1	42
MV-4128_S29__NODE_1247_length_5194_cov_11.592917	1	5194	133	4399	84.6939	3.7216	35.8	34.6
MV-4122_S12__NODE_2492_length_5192_cov_23.685030	1	5192	263	4762	91.718	7.39657	35.5	41.9
MV-4122_S12__NODE_2493_length_5191_cov_6.748952	1	5191	88	3982	76.7097	2.45348	35.4	42
MV-4122_S12__NODE_2494_length_5189_cov_13.610440	1	5189	118	4558	87.8397	3.33976	35.7	41.1
MV-4125_S18__NODE_2496_length_5189_cov_7.394819	1	5189	408	5189	100	11.5641	35.6	41.9
MV-4125_S18__NODE_2498_length_5182_cov_7.761459	1	5182	420	5169	99.7491	12.0515	35.4	42
MV-4125_S18__NODE_2499_length_5178_cov_14.974624	1	5178	829	5159	99.6331	23.3957	35.4	36.8
MV-4125_S18__NODE_2500_length_5178_cov_10.925044	1	5178	629	5164	99.7296	17.388	35.2	42
MV-4128_S29__NODE_1250_length_5177_cov_21.926201	1	5177	244	5044	97.4309	7.02337	35.5	42
MV-4125_S18__NODE_2504_length_5174_cov_7.304747	1	5174	189	5051	97.6227	5.35427	35.6	2.06
MV-4125_S18__NODE_2505_length_5173_cov_10.183665	1	5173	520	5168	99.9033	14.8726	35.5	41.6
MV-4128_S29__NODE_1251_length_5170_cov_14.848876	1	5170	213	4550	88.0077	6.06015	35.4	41.7
MV-4122_S12__NODE_2497_length_5169_cov_13.262026	1	5169	126	4552	88.0635	3.56549	35.7	31.1
MV-4125_S18__NODE_2506_length_5169_cov_19.732499	1	5169	1063	5169	100	30.3685	35.5	40.8
MV-4125_S18__NODE_2508_length_5169_cov_7.255182	1	5169	400	5160	99.8259	11.4237	35.5	41.9
MV-4128_S29__NODE_1252_length_5169_cov_23.621822	1	5169	300	5022	97.1561	8.50513	35.4	41.9
MV-4128_S29__NODE_1253_length_5169_cov_10.143723	1	5169	136	4277	82.7433	3.8166	35.3	42
MV-4122_S12__NODE_2498_length_5168_cov_12.807941	1	5168	144	4704	91.0217	4.06927	35.3	41.9
MV-4125_S18__NODE_2509_length_5167_cov_7.309272	1	5167	404	5167	100	11.5659	35.4	41.9
MV-4122_S12__NODE_2499_length_5166_cov_21.927607	1	5166	423	5080	98.3353	12.0281	35.6	41.9
MV-4128_S29__NODE_1254_length_5165_cov_26.970254	1	5165	308	4954	95.9148	8.84956	35.4	42
MV-4122_S12__NODE_2500_length_5163_cov_9.297181	1	5163	28	2215	42.9014	0.767771	35.8	42
MV-4125_S18__NODE_2511_length_5163_cov_10.819499	1	5163	432	5099	98.7604	12.3459	35.4	23.5
MV-4125_S18__NODE_2512_length_5163_cov_7.806186	1	5163	425	5163	100	12.2146	35.7	41.9
MV-4122_S12__NODE_2501_length_5159_cov_7.056622	1	5159	35	2257	43.7488	1.00136	35	41.9
MV-4122_S12__NODE_2502_length_5156_cov_12.408939	1	5156	152	4656	90.3026	4.29829	35.3	41.5
MV-4122_S12__NODE_2503_length_5156_cov_5.143109	1	5156	5	462	8.96043	0.125873	34.4	41.6
MV-4122_S12__NODE_2504_length_5156_cov_4.826701	1	5156	68	3516	68.1924	1.91427	35.4	41.9
MV-4128_S29__NODE_1255_length_5156_cov_6.667124	1	5156	43	2819	54.6742	1.20733	35.7	36.7
MV-4122_S12__NODE_2505_length_5155_cov_4.549412	1	5155	6	629	12.2017	0.175752	35.6	42
MV-4122_S12__NODE_2506_length_5153_cov_19.461161	1	5153	220	4542	88.1428	6.34853	35.7	42
MV-4128_S29__NODE_1256_length_5148_cov_29.651679	1	5148	297	5016	97.4359	8.33392	35.4	25.8
MV-4125_S18__NODE_2525_length_5139_cov_6.535208	1	5139	362	5139	100	10.4413	35.6	41.5
MV-4122_S12__NODE_2511_length_5138_cov_6.197324	1	5138	35	2038	39.6652	0.959323	35.2	40.8
MV-4122_S12__NODE_2512_length_5136_cov_76.074592	1	5136	517	5098	99.2601	14.4595	35.4	41.9
MV-4128_S29__NODE_1257_length_5135_cov_19.258661	1	5135	286	4860	94.6446	8.02162	35.4	41.7
MV-4128_S29__NODE_1258_length_5135_cov_12.576181	1	5135	168	4203	81.85	4.82415	35.3	41.9
MV-4128_S29__NODE_1259_length_5133_cov_30.604372	1	5133	245	4765	92.8307	7.06078	35.5	42
MV-4128_S29__NODE_1260_length_5132_cov_16.400433	1	5132	231	4631	90.2377	6.55982	35.6	41.5
MV-4122_S12__NODE_2513_length_5130_cov_5.557044	1	5130	6	633	12.3392	0.153216	35.6	42
MV-4125_S18__NODE_2527_length_5129_cov_7.389633	1	5129	400	5129	100	11.5405	35.6	41.9
MV-4125_S18__NODE_2529_length_5128_cov_23.365070	1	5128	1191	5123	99.9025	33.9579	35.5	27.3
MV-4128_S29__NODE_1261_length_5128_cov_7.839148	1	5128	116	4701	91.6732	3.28549	35.6	42
MV-4125_S18__NODE_2531_length_5127_cov_12.919164	1	5127	708	5125	99.961	20.0127	35.4	41.7
cell-4125-0-44_S16__NODE_613_length_5127_cov_8.053628	1	5127	678	4974	97.0158	19.4742	35.5	18.7
MV-4125_S18__NODE_2532_length_5126_cov_6.395583	1	5126	345	5126	100	10.0025	35.5	42
cell-4125-0-44_S16__NODE_615_length_5125_cov_10.881065	1	5125	529	5007	97.6976	15.2215	35.5	11.3
MV-4122_S12__NODE_2515_length_5124_cov_24.427106	1	5124	279	4919	95.9992	7.99532	35.4	41.6
MV-4128_S29__NODE_1262_length_5124_cov_15.931545	1	5124	188	4660	90.9446	5.39032	35.7	27.9
MV-4122_S12__NODE_2516_length_5123_cov_22.358919	1	5123	178	4509	88.0148	5.14074	35.4	41.9
MV-4128_S29__NODE_1263_length_5123_cov_13.043212	1	5123	241	4799	93.6756	6.95198	35.7	42
MV-4122_S12__NODE_2517_length_5122_cov_9.613775	1	5122	41	3130	61.1089	1.17044	35.3	42
MV-4122_S12__NODE_2518_length_5121_cov_21.375049	1	5121	274	4766	93.0678	7.72564	35.6	41.4
MV-4122_S12__NODE_2519_length_5121_cov_7.512633	1	5121	38	2211	43.1752	1.08182	35.7	42
MV-4125_S18__NODE_2536_length_5119_cov_18.631912	1	5119	1002	5112	99.8633	28.8474	35.5	39.6
MV-4125_S18__NODE_2537_length_5119_cov_10.259874	1	5119	566	5112	99.8633	16.1754	35.5	42
MV-4125_S18__NODE_2539_length_5119_cov_5.921209	1	5119	300	4802	93.8074	8.59015	35.5	38.6
MV-4125_S18__NODE_2540_length_5119_cov_5.151659	1	5119	290	5119	100	8.25689	35.1	42
MV-4122_S12__NODE_2521_length_5117_cov_82.546424	1	5117	454	4907	95.896	13.0577	35.5	10.3
MV-4128_S29__NODE_1264_length_5117_cov_8.511655	1	5117	26	2033	39.7303	0.756303	35.5	35.3
MV-4125_S18__NODE_2543_length_5115_cov_5.325099	1	5115	293	5115	100	8.5435	35.4	41.9
MV-4128_S29__NODE_1265_length_5114_cov_22.780391	1	5114	253	4835	94.5444	7.30641	35.5	41.8
MV-4122_S12__NODE_2523_length_5109_cov_10.897309	1	5109	38	2635	51.5757	1.10354	35.6	42
cell-4125-0-44_S16__NODE_621_length_5105_cov_5.614257	1	5105	2	204	3.99608	0.0591577	35.9	42
MV-4128_S29__NODE_1266_length_5103_cov_10.159667	1	5103	192	4452	87.2428	5.45483	35.4	42
MV-4122_S12__NODE_2527_length_5100_cov_6.290585	1	5100	2	231	4.52941	0.0592157	36.6	42
MV-4122_S12__NODE_2528_length_5099_cov_46.773592	1	5099	501	5035	98.7449	14.4699	35.4	30.1
MV-4128_S29__NODE_1267_length_5099_cov_12.954996	1	5099	177	4148	81.3493	5.05354	35.6	42
MV-4125_S18__NODE_2546_length_5098_cov_10.569106	1	5098	247	4740	92.9776	7.06924	35.5	1.07
MV-4125_S18__NODE_2547_length_5096_cov_27.655426	1	5096	1515	5096	100	43.3579	35.4	41.9
MV-4128_S29__NODE_1268_length_5096_cov_18.398929	1	5096	245	4830	94.7802	7.07653	35.6	42
MV-4122_S12__NODE_2530_length_5093_cov_7.689559	1	5093	41	2232	43.8249	1.16297	35.8	41.5
MV-4125_S18__NODE_2550_length_5093_cov_6.187574	1	5093	334	5093	100	9.69291	35.4	42
MV-4128_S29__NODE_1269_length_5092_cov_18.690292	1	5092	322	4729	92.8712	9.3861	35.6	41.9
MV-4122_S12__NODE_2531_length_5090_cov_4.272095	1	5090	60	3384	66.4833	1.71984	35.7	41.9
MV-4125_S18__NODE_2552_length_5089_cov_8.238180	1	5089	435	5088	99.9803	12.7182	35.5	41.8
MV-4128_S29__NODE_1270_length_5087_cov_7.067568	1	5087	51	3261	64.1046	1.45862	35.3	38.5
MV-4122_S12__NODE_2533_length_5085_cov_50.857256	1	5085	435	5024	98.8004	12.4912	35.5	24.6
MV-4125_S18__NODE_2554_length_5083_cov_14.643198	1	5083	814	5053	99.4098	23.0395	35.5	42
MV-4125_S18__NODE_2555_length_5083_cov_7.036794	1	5083	380	5083	100	11.0305	35.5	41.9
MV-4122_S12__NODE_2534_length_5082_cov_6.747364	1	5082	22	1619	31.8575	0.643054	35.7	42
MV-4128_S29__NODE_1271_length_5082_cov_6.659638	1	5082	4	416	8.18575	0.118851	36	42
MV-4125_S18__NODE_2556_length_5081_cov_6.378233	1	5081	317	5071	99.8032	9.23007	35.5	41.9
MV-4122_S12__NODE_2536_length_5079_cov_6.578623	1	5079	48	2957	58.2201	1.38452	35.6	42
MV-4128_S29__NODE_1272_length_5078_cov_25.125423	1	5078	359	4839	95.2934	10.4393	35.3	9.99
MV-4128_S29__NODE_1273_length_5077_cov_14.578455	1	5077	251	4906	96.6319	7.28954	35.4	41.9
MV-4125_S18__NODE_2558_length_5074_cov_7.828651	1	5074	421	5074	100	12.256	35.5	41.9
MV-4122_S12__NODE_2538_length_5073_cov_58.061778	1	5073	1249	4789	94.4017	36.3929	35.5	41.9
MV-4122_S12__NODE_2542_length_5071_cov_5.195175	1	5071	4	500	9.85999	0.119109	36.4	42
MV-4128_S29__NODE_1274_length_5071_cov_8.800439	1	5071	114	4013	79.1363	3.22185	35.7	42
MV-4125_S18__NODE_2560_length_5069_cov_6.421221	1	5069	351	5069	100	10.1491	35.5	42
MV-4125_S18__NODE_2563_length_5065_cov_7.706786	1	5065	409	5065	100	11.9516	35.3	41.9
MV-4128_S29__NODE_1275_length_5065_cov_17.197006	1	5065	270	4820	95.1629	7.80809	35.4	41.8
MV-4122_S12__NODE_2543_length_5064_cov_160.103813	1	5064	523	4929	97.3341	15.1477	35.6	2.94
MV-4122_S12__NODE_2544_length_5064_cov_42.508085	1	5064	530	4994	98.6177	15.2784	35.5	41.9
MV-4122_S12__NODE_2545_length_5064_cov_21.904572	1	5064	233	4950	97.7488	6.73302	35.4	41.8
MV-4122_S12__NODE_2546_length_5063_cov_16.023163	1	5063	116	4345	85.8187	3.34663	35.2	36.5
MV-4122_S12__NODE_2547_length_5063_cov_5.260783	1	5063	26	1177	23.2471	0.767924	35.5	42
MV-4128_S29__NODE_1276_length_5061_cov_30.856173	1	5061	342	5053	99.8419	9.8522	35.4	31.8
MV-4122_S12__NODE_2548_length_5060_cov_35.927073	1	5060	789	4882	96.4822	22.9055	35.5	38.1
MV-4125_S18__NODE_2565_length_5059_cov_6.687450	1	5059	356	5025	99.3279	10.403	35.4	41.5
MV-4125_S18__NODE_2566_length_5059_cov_5.925060	1	5059	311	5059	100	9.14588	35.6	41.9
MV-4128_S29__NODE_1277_length_5058_cov_6.164701	1	5058	45	3265	64.5512	1.30071	35.7	38.6
MV-4122_S12__NODE_2550_length_5056_cov_21.400120	1	5056	202	4712	93.1962	5.89161	35.4	42
MV-4122_S12__NODE_2551_length_5055_cov_5.245400	1	5055	12	1190	23.541	0.358457	34.2	42
MV-4122_S12__NODE_2552_length_5052_cov_9.520512	1	5052	111	4582	90.6968	3.17023	35.4	2.48
MV-4125_S18__NODE_2569_length_5051_cov_7.251801	1	5051	398	5051	100	11.5379	35.4	41.8
MV-4122_S12__NODE_2553_length_5050_cov_12.916116	1	5050	192	4512	89.3465	5.56871	35.6	41.5
cell-4125-0-44_S16__NODE_640_length_5050_cov_9.955956	1	5050	774	4786	94.7723	22.4824	35.3	24.8
MV-4122_S12__NODE_2554_length_5049_cov_12.350821	1	5049	159	4757	94.2167	4.66033	35.5	41.4
MV-4125_S18__NODE_2570_length_5048_cov_19.440016	1	5048	1077	5048	100	30.6718	35.2	42
cell-4125-0-44_S16__NODE_642_length_5047_cov_7.571715	1	5047	594	5033	99.7226	17.2219	35.5	30.2
MV-4122_S12__NODE_2555_length_5044_cov_9.825215	1	5044	147	4604	91.2768	4.2615	35.3	41.1
MV-4125_S18__NODE_2572_length_5044_cov_24.602325	1	5044	1248	5044	100	36.381	35.4	39.2
MV-4128_S29__NODE_1278_length_5044_cov_18.911004	1	5044	222	4532	89.8493	6.47423	35.2	41.8
MV-4128_S29__NODE_1279_length_5043_cov_759.824379	1	5043	14837	5043	100	431.392	35.5	41.9
MV-4122_S12__NODE_2556_length_5041_cov_4.366627	1	5041	2	197	3.90795	0.0599087	35.2	42
MV-4125_S18__NODE_2573_length_5041_cov_6.597272	1	5041	348	5001	99.2065	10.1875	35.5	41.8
MV-4128_S29__NODE_1280_length_5041_cov_13.307060	1	5041	225	4864	96.4888	6.50109	35.6	41.7
MV-4128_S29__NODE_1281_length_5041_cov_7.817690	1	5041	4	451	8.94664	0.119817	34.6	42
MV-4128_S29__NODE_1282_length_5039_cov_4.393258	1	5039	2	129	2.56003	0.0512006	34.8	42
MV-4125_S18__NODE_2576_length_5038_cov_6.100542	1	5038	189	4877	96.8043	5.54605	35.6	1
MV-4128_S29__NODE_1283_length_5037_cov_27.211361	1	5037	293	4869	96.6647	8.45603	35.5	25.7
MV-4122_S12__NODE_2557_length_5036_cov_15.586027	1	5036	177	4386	87.0929	5.13959	35.1	41.9
MV-4128_S29__NODE_1284_length_5036_cov_19.273640	1	5036	201	4544	90.2303	5.83002	35.3	41.9
MV-4122_S12__NODE_2559_length_5034_cov_24.124724	1	5034	298	4883	97.0004	8.64799	35.7	42
MV-4128_S29__NODE_1285_length_5034_cov_4.858606	1	5034	4	302	5.99921	0.119984	36	42
MV-4122_S12__NODE_2560_length_5033_cov_10.439534	1	5033	106	4192	83.2903	3.07073	35.7	41.5
MV-4128_S29__NODE_1286_length_5033_cov_12.421454	1	5033	198	4853	96.4236	5.74469	35.1	41.8
MV-4122_S12__NODE_2561_length_5031_cov_8.371383	1	5031	26	1566	31.127	0.763864	35.6	42
MV-4125_S18__NODE_2579_length_5031_cov_4.558481	1	5031	240	4971	98.8074	7.07911	35.6	41
MV-4128_S29__NODE_1287_length_5030_cov_4.210854	1	5030	4	319	6.34195	0.117694	35.6	42
MV-4122_S12__NODE_2564_length_5029_cov_9.686570	1	5029	56	3567	70.9286	1.60947	35.2	42
MV-4122_S12__NODE_2565_length_5028_cov_12.958777	1	5028	125	4350	86.5155	3.65414	35.6	37.4
MV-4122_S12__NODE_2568_length_5027_cov_35.305109	1	5027	377	4941	98.2892	11.1448	35.6	42
MV-4128_S29__NODE_1288_length_5027_cov_5.292438	1	5027	4	531	10.563	0.120151	35.2	42
MV-4122_S12__NODE_2570_length_5026_cov_40.022933	1	5026	386	4631	92.1409	11.1433	35.5	34.4
MV-4125_S18__NODE_2581_length_5026_cov_13.815932	1	5026	388	4894	97.3737	11.1773	35.4	2.61
MV-4122_S12__NODE_2571_length_5025_cov_46.680885	1	5025	904	4998	99.4627	26.4679	35.5	30.2
MV-4125_S18__NODE_2583_length_5024_cov_6.317166	1	5024	334	5024	100	9.81489	35.6	41.3
MV-4122_S12__NODE_2573_length_5023_cov_6.142110	1	5023	105	4419	87.9753	3.04659	35.6	42
MV-4125_S18__NODE_2584_length_5022_cov_25.119187	1	5022	550	4680	93.19	15.8582	35.5	1.08
MV-4128_S29__NODE_1289_length_5021_cov_7.492348	1	5021	6	553	11.0137	0.180442	36.1	42
MV-4128_S29__NODE_1290_length_5020_cov_16.735549	1	5020	252	4846	96.5339	7.34143	35.4	42
MV-4125_S18__NODE_2585_length_5018_cov_36.237558	1	5018	1211	5016	99.9601	35.3539	35.4	31.3
MV-4122_S12__NODE_2576_length_5015_cov_54.613710	1	5015	2	293	5.84247	0.0602193	36.6	42
MV-4125_S18__NODE_2589_length_5015_cov_18.033871	1	5015	997	5015	100	28.6586	35.5	42
MV-4125_S18__NODE_2590_length_5014_cov_21.790280	1	5014	1156	4953	98.7834	34.062	35.4	41.8
MV-4125_S18__NODE_2592_length_5013_cov_23.017749	1	5013	1260	5013	100	36.3894	35.5	42
MV-4128_S29__NODE_1291_length_5013_cov_5.607503	1	5013	41	2558	51.0273	1.16278	35.8	38.5
MV-4128_S29__NODE_1292_length_5012_cov_10.806738	1	5012	158	4194	83.6792	4.62889	35.3	41.6
MV-4122_S12__NODE_2577_length_5008_cov_6.991520	1	5008	16	1295	25.8586	0.466853	33.9	41.8
MV-4125_S18__NODE_2596_length_5005_cov_9.043838	1	5005	484	5005	100	14.2318	35.6	42
MV-4128_S29__NODE_1293_length_5002_cov_6.416818	1	5002	4	447	8.93643	0.118353	36.1	42
MV-4128_S29__NODE_1294_length_5001_cov_10.687829	1	5001	76	3591	71.8056	2.23075	34.9	7.11
MV-4122_S12__NODE_18_length_164020_cov_35.723667	1	164020	0	0	0	0	0	0
MV-4122_S12__NODE_19_length_154573_cov_42.191130	1	154573	0	0	0	0	0	0
MV-4122_S12__NODE_24_length_151229_cov_36.656211	1	151229	0	0	0	0	0	0
MV-4122_S12__NODE_25_length_151164_cov_36.207823	1	151164	0	0	0	0	0	0
MV-4122_S12__NODE_28_length_147829_cov_39.539188	1	147829	0	0	0	0	0	0
cell-4122-0-44_S10__NODE_6_length_143912_cov_589.700758	1	143912	0	0	0	0	0	0
MV-4122_S12__NODE_31_length_140225_cov_39.007783	1	140225	0	0	0	0	0	0
MV-4122_S12__NODE_32_length_140199_cov_38.649461	1	140199	0	0	0	0	0	0
MV-4122_S12__NODE_44_length_116360_cov_36.598951	1	116360	0	0	0	0	0	0
MV-4122_S12__NODE_59_length_102190_cov_37.228932	1	102190	0	0	0	0	0	0
cell-4122-0-44_S10__NODE_9_length_101246_cov_573.773784	1	101246	0	0	0	0	0	0
cell-4122-0-44_S10__NODE_12_length_95464_cov_625.492029	1	95464	0	0	0	0	0	0
MV-4122_S12__NODE_72_length_94564_cov_34.338677	1	94564	0	0	0	0	0	0
MV-4122_S12__NODE_78_length_90883_cov_39.203891	1	90883	0	0	0	0	0	0
Biragzang__NODE_1_length_90607_cov_59.369511	1	90607	0	0	0	0	0	0
Biragzang__NODE_2_length_87057_cov_10.683548	1	87057	0	0	0	0	0	0
MV-4122_S12__NODE_82_length_83936_cov_44.113315	1	83936	0	0	0	0	0	0
MV-4122_S12__NODE_87_length_81013_cov_36.490699	1	81013	0	0	0	0	0	0
MV-4122_S12__NODE_88_length_80982_cov_35.507544	1	80982	0	0	0	0	0	0
MV-4122_S12__NODE_89_length_80974_cov_32.608522	1	80974	0	0	0	0	0	0
cell-4122-0-44_S10__NODE_15_length_78725_cov_550.097521	1	78725	0	0	0	0	0	0
MV-4122_S12__NODE_102_length_76551_cov_34.392217	1	76551	0	0	0	0	0	0
MV-4122_S12__NODE_110_length_74249_cov_35.103229	1	74249	0	0	0	0	0	0
Biragzang__NODE_3_length_72593_cov_10.665541	1	72593	0	0	0	0	0	0
Biragzang__NODE_4_length_72549_cov_54.213066	1	72549	0	0	0	0	0	0
MV-4122_S12__NODE_125_length_68641_cov_41.984632	1	68641	0	0	0	0	0	0
cell-4122-0-44_S10__NODE_16_length_68042_cov_661.266507	1	68042	0	0	0	0	0	0
MV-4122_S12__NODE_136_length_65866_cov_44.132713	1	65866	0	0	0	0	0	0
MV-4122_S12__NODE_137_length_65463_cov_34.060130	1	65463	0	0	0	0	0	0
Biragzang__NODE_5_length_64333_cov_51.837907	1	64333	0	0	0	0	0	0
MV-4122_S12__NODE_139_length_64281_cov_27.510136	1	64281	0	0	0	0	0	0
Biragzang__NODE_6_length_63067_cov_30.681934	1	63067	0	0	0	0	0	0
Biragzang__NODE_7_length_61587_cov_49.254778	1	61587	0	0	0	0	0	0
MV-4122_S12__NODE_145_length_61535_cov_33.534483	1	61535	0	0	0	0	0	0
MV-4122_S12__NODE_149_length_61028_cov_39.721582	1	61028	0	0	0	0	0	0
Biragzang__NODE_8_length_60711_cov_11.773740	1	60711	0	0	0	0	0	0
MV-4122_S12__NODE_156_length_60423_cov_30.154254	1	60423	0	0	0	0	0	0
cell-4122-0-44_S10__NODE_19_length_59362_cov_715.358491	1	59362	0	0	0	0	0	0
MV-4122_S12__NODE_161_length_59292_cov_56.071374	1	59292	0	0	0	0	0	0
MV-4122_S12__NODE_172_length_57062_cov_38.294718	1	57062	0	0	0	0	0	0
MV-4122_S12__NODE_174_length_56928_cov_45.286252	1	56928	0	0	0	0	0	0
Biragzang__NODE_9_length_55626_cov_43.150960	1	55626	0	0	0	0	0	0
cell-4122-0-44_S10__NODE_20_length_55167_cov_656.760415	1	55167	0	0	0	0	0	0
MV-4122_S12__NODE_182_length_54551_cov_35.533470	1	54551	0	0	0	0	0	0
Biragzang__NODE_10_length_53714_cov_39.561919	1	53714	0	0	0	0	0	0
Biragzang__NODE_11_length_53321_cov_35.227650	1	53321	0	0	0	0	0	0
Biragzang__NODE_12_length_52480_cov_57.744130	1	52480	0	0	0	0	0	0
Biragzang__NODE_13_length_52248_cov_12.253770	1	52248	0	0	0	0	0	0
MV-4122_S12__NODE_194_length_51423_cov_46.062276	1	51423	0	0	0	0	0	0
MV-4122_S12__NODE_195_length_51189_cov_41.966989	1	51189	0	0	0	0	0	0
Biragzang__NODE_14_length_51151_cov_36.436844	1	51151	0	0	0	0	0	0
MV-4122_S12__NODE_196_length_51045_cov_39.364307	1	51045	0	0	0	0	0	0
MV-4122_S12__NODE_199_length_50540_cov_48.448589	1	50540	0	0	0	0	0	0
Biragzang__NODE_15_length_49941_cov_30.881911	1	49941	0	0	0	0	0	0
MV-4122_S12__NODE_203_length_49872_cov_30.400586	1	49872	0	0	0	0	0	0
Biragzang__NODE_16_length_49649_cov_11.287797	1	49649	0	0	0	0	0	0
MV-4122_S12__NODE_206_length_49455_cov_41.546943	1	49455	0	0	0	0	0	0
Biragzang__NODE_17_length_48952_cov_39.249075	1	48952	0	0	0	0	0	0
MV-4122_S12__NODE_209_length_48935_cov_38.672586	1	48935	0	0	0	0	0	0
MV-4122_S12__NODE_210_length_48839_cov_48.778575	1	48839	0	0	0	0	0	0
Biragzang__NODE_18_length_48658_cov_12.255437	1	48658	0	0	0	0	0	0
cell-4122-0-44_S10__NODE_21_length_48646_cov_541.704328	1	48646	0	0	0	0	0	0
MV-4122_S12__NODE_214_length_48610_cov_31.607744	1	48610	0	0	0	0	0	0
MV-4122_S12__NODE_216_length_48243_cov_36.582282	1	48243	0	0	0	0	0	0
MV-4122_S12__NODE_218_length_47832_cov_38.142977	1	47832	0	0	0	0	0	0
Biragzang__NODE_19_length_47740_cov_11.208682	1	47740	0	0	0	0	0	0
MV-4122_S12__NODE_220_length_47562_cov_38.505189	1	47562	0	0	0	0	0	0
Biragzang__NODE_20_length_47489_cov_48.150525	1	47489	0	0	0	0	0	0
Biragzang__NODE_21_length_46771_cov_41.076055	1	46771	0	0	0	0	0	0
MV-4122_S12__NODE_226_length_46687_cov_44.732008	1	46687	0	0	0	0	0	0
Biragzang__NODE_22_length_46395_cov_43.173198	1	46395	0	0	0	0	0	0
Biragzang__NODE_23_length_46257_cov_64.316631	1	46257	0	0	0	0	0	0
MV-4122_S12__NODE_232_length_45845_cov_40.447456	1	45845	0	0	0	0	0	0
Biragzang__NODE_24_length_45630_cov_11.032781	1	45630	0	0	0	0	0	0
MV-4122_S12__NODE_236_length_45577_cov_24.787158	1	45577	0	0	0	0	0	0
MV-4122_S12__NODE_240_length_45103_cov_40.938599	1	45103	0	0	0	0	0	0
Biragzang__NODE_25_length_45057_cov_38.605395	1	45057	0	0	0	0	0	0
Biragzang__NODE_26_length_44779_cov_38.540515	1	44779	0	0	0	0	0	0
Biragzang__NODE_27_length_44721_cov_40.593875	1	44721	0	0	0	0	0	0
Biragzang__NODE_28_length_44639_cov_32.878364	1	44639	0	0	0	0	0	0
Biragzang__NODE_29_length_44261_cov_51.803352	1	44261	0	0	0	0	0	0
Biragzang__NODE_30_length_43882_cov_53.822301	1	43882	0	0	0	0	0	0
MV-4122_S12__NODE_247_length_43805_cov_32.553394	1	43805	0	0	0	0	0	0
MV-4122_S12__NODE_250_length_43535_cov_46.882038	1	43535	0	0	0	0	0	0
Biragzang__NODE_31_length_43265_cov_11.704814	1	43265	0	0	0	0	0	0
MV-4122_S12__NODE_255_length_43102_cov_37.852742	1	43102	0	0	0	0	0	0
Biragzang__NODE_32_length_43028_cov_55.872338	1	43028	0	0	0	0	0	0
Biragzang__NODE_33_length_42650_cov_10.899073	1	42650	0	0	0	0	0	0
Biragzang__NODE_34_length_42056_cov_38.320040	1	42056	0	0	0	0	0	0
Biragzang__NODE_35_length_41885_cov_40.874372	1	41885	0	0	0	0	0	0
MV-4122_S12__NODE_265_length_41800_cov_24.985699	1	41800	0	0	0	0	0	0
MV-4122_S12__NODE_267_length_41730_cov_40.507283	1	41730	0	0	0	0	0	0
Biragzang__NODE_36_length_41705_cov_38.946146	1	41705	0	0	0	0	0	0
Biragzang__NODE_37_length_41489_cov_39.591133	1	41489	0	0	0	0	0	0
cell-4122-0-44_S10__NODE_23_length_41352_cov_524.202896	1	41352	0	0	0	0	0	0
cell-4122-0-44_S10__NODE_24_length_41240_cov_653.001093	1	41240	0	0	0	0	0	0
MV-4122_S12__NODE_275_length_41030_cov_36.831117	1	41030	0	0	0	0	0	0
MV-4122_S12__NODE_276_length_41005_cov_38.622564	1	41005	0	0	0	0	0	0
Biragzang__NODE_38_length_40980_cov_11.384899	1	40980	0	0	0	0	0	0
Biragzang__NODE_39_length_40875_cov_12.509775	1	40875	0	0	0	0	0	0
Biragzang__NODE_40_length_40372_cov_48.565196	1	40372	0	0	0	0	0	0
MV-4122_S12__NODE_281_length_40355_cov_40.243921	1	40355	0	0	0	0	0	0
Biragzang__NODE_41_length_40344_cov_44.137333	1	40344	0	0	0	0	0	0
MV-4122_S12__NODE_284_length_40029_cov_37.628909	1	40029	0	0	0	0	0	0
cell-4122-0-44_S10__NODE_25_length_39992_cov_411.001427	1	39992	0	0	0	0	0	0
cell-4122-0-44_S10__NODE_26_length_39625_cov_558.985039	1	39625	0	0	0	0	0	0
Biragzang__NODE_42_length_39433_cov_36.033445	1	39433	0	0	0	0	0	0
Biragzang__NODE_43_length_39358_cov_12.776582	1	39358	0	0	0	0	0	0
MV-4122_S12__NODE_295_length_39131_cov_42.427398	1	39131	0	0	0	0	0	0
MV-4122_S12__NODE_297_length_38927_cov_43.277398	1	38927	0	0	0	0	0	0
cell-4122-0-44_S10__NODE_27_length_38516_cov_575.372455	1	38516	0	0	0	0	0	0
Biragzang__NODE_44_length_38352_cov_45.830561	1	38352	0	0	0	0	0	0
Biragzang__NODE_45_length_38029_cov_33.943303	1	38029	0	0	0	0	0	0
MV-4122_S12__NODE_307_length_37966_cov_36.605049	1	37966	0	0	0	0	0	0
MV-4122_S12__NODE_311_length_37788_cov_36.117271	1	37788	0	0	0	0	0	0
MV-4122_S12__NODE_312_length_37710_cov_32.000398	1	37710	0	0	0	0	0	0
Biragzang__NODE_46_length_37424_cov_25.718162	1	37424	0	0	0	0	0	0
MV-4122_S12__NODE_314_length_37357_cov_37.764302	1	37357	0	0	0	0	0	0
MV-4122_S12__NODE_315_length_37222_cov_50.430758	1	37222	0	0	0	0	0	0
MV-4122_S12__NODE_317_length_37142_cov_39.414889	1	37142	0	0	0	0	0	0
Biragzang__NODE_47_length_37115_cov_38.233864	1	37115	0	0	0	0	0	0
Biragzang__NODE_48_length_37007_cov_41.210083	1	37007	0	0	0	0	0	0
Biragzang__NODE_49_length_36852_cov_37.813545	1	36852	0	0	0	0	0	0
MV-4122_S12__NODE_322_length_36785_cov_36.501225	1	36785	0	0	0	0	0	0
Biragzang__NODE_50_length_36496_cov_11.076343	1	36496	0	0	0	0	0	0
Biragzang__NODE_51_length_36471_cov_41.726906	1	36471	0	0	0	0	0	0
cell-4122-0-44_S10__NODE_29_length_36446_cov_35.724767	1	36446	0	0	0	0	0	0
Biragzang__NODE_52_length_36272_cov_11.190601	1	36272	0	0	0	0	0	0
Biragzang__NODE_53_length_36160_cov_39.244287	1	36160	0	0	0	0	0	0
MV-4122_S12__NODE_326_length_36136_cov_38.794324	1	36136	0	0	0	0	0	0
MV-4122_S12__NODE_327_length_36077_cov_37.993976	1	36077	0	0	0	0	0	0
Biragzang__NODE_54_length_35994_cov_28.142714	1	35994	0	0	0	0	0	0
Biragzang__NODE_55_length_35795_cov_53.700755	1	35795	0	0	0	0	0	0
Biragzang__NODE_56_length_35672_cov_35.337114	1	35672	0	0	0	0	0	0
cell-4122-0-44_S10__NODE_31_length_35454_cov_49.532699	1	35454	0	0	0	0	0	0
MV-4122_S12__NODE_341_length_35223_cov_31.765440	1	35223	0	0	0	0	0	0
Biragzang__NODE_57_length_35007_cov_38.424611	1	35007	0	0	0	0	0	0
Biragzang__NODE_58_length_34868_cov_30.995576	1	34868	0	0	0	0	0	0
Biragzang__NODE_59_length_34861_cov_40.330862	1	34861	0	0	0	0	0	0
MV-4122_S12__NODE_349_length_34660_cov_51.090912	1	34660	0	0	0	0	0	0
Biragzang__NODE_60_length_34594_cov_47.013087	1	34594	0	0	0	0	0	0
Biragzang__NODE_61_length_34555_cov_39.459101	1	34555	0	0	0	0	0	0
Biragzang__NODE_62_length_34510_cov_51.733856	1	34510	0	0	0	0	0	0
Biragzang__NODE_63_length_34210_cov_38.579242	1	34210	0	0	0	0	0	0
cell-4122-0-44_S10__NODE_32_length_34151_cov_49.177557	1	34151	0	0	0	0	0	0
MV-4122_S12__NODE_358_length_34075_cov_27.011258	1	34075	0	0	0	0	0	0
Biragzang__NODE_64_length_33687_cov_11.626576	1	33687	0	0	0	0	0	0
Biragzang__NODE_65_length_33635_cov_10.816557	1	33635	0	0	0	0	0	0
cell-4122-0-44_S10__NODE_33_length_33593_cov_537.073379	1	33593	0	0	0	0	0	0
Biragzang__NODE_66_length_33495_cov_38.904037	1	33495	0	0	0	0	0	0
MV-4122_S12__NODE_364_length_33495_cov_41.361244	1	33495	0	0	0	0	0	0
Biragzang__NODE_67_length_33403_cov_34.954780	1	33403	0	0	0	0	0	0
MV-4122_S12__NODE_367_length_33291_cov_44.066795	1	33291	0	0	0	0	0	0
Biragzang__NODE_68_length_33203_cov_45.314981	1	33203	0	0	0	0	0	0
Biragzang__NODE_69_length_33152_cov_27.947760	1	33152	0	0	0	0	0	0
MV-4122_S12__NODE_369_length_33061_cov_38.058202	1	33061	0	0	0	0	0	0
Biragzang__NODE_70_length_32961_cov_35.773993	1	32961	0	0	0	0	0	0
Biragzang__NODE_71_length_32938_cov_39.241219	1	32938	0	0	0	0	0	0
Biragzang__NODE_72_length_32738_cov_34.030658	1	32738	0	0	0	0	0	0
Biragzang__NODE_73_length_32735_cov_10.550428	1	32735	0	0	0	0	0	0
Biragzang__NODE_74_length_32637_cov_39.758640	1	32637	0	0	0	0	0	0
Biragzang__NODE_75_length_32634_cov_36.453083	1	32634	0	0	0	0	0	0
Biragzang__NODE_76_length_32615_cov_41.818857	1	32615	0	0	0	0	0	0
MV-4122_S12__NODE_377_length_32441_cov_47.397456	1	32441	0	0	0	0	0	0
Biragzang__NODE_77_length_32394_cov_40.964377	1	32394	0	0	0	0	0	0
Biragzang__NODE_78_length_32345_cov_42.577547	1	32345	0	0	0	0	0	0
Biragzang__NODE_79_length_32316_cov_37.627755	1	32316	0	0	0	0	0	0
Biragzang__NODE_80_length_32296_cov_34.817282	1	32296	0	0	0	0	0	0
MV-4122_S12__NODE_378_length_32243_cov_34.885703	1	32243	0	0	0	0	0	0
Biragzang__NODE_81_length_32239_cov_41.006028	1	32239	0	0	0	0	0	0
Biragzang__NODE_82_length_32153_cov_11.203159	1	32153	0	0	0	0	0	0
Biragzang__NODE_83_length_31887_cov_38.974177	1	31887	0	0	0	0	0	0
Biragzang__NODE_84_length_31861_cov_38.303025	1	31861	0	0	0	0	0	0
MV-4122_S12__NODE_384_length_31829_cov_46.221376	1	31829	0	0	0	0	0	0
MV-4122_S12__NODE_385_length_31811_cov_35.852059	1	31811	0	0	0	0	0	0
cell-4122-0-44_S10__NODE_34_length_31580_cov_641.513751	1	31580	0	0	0	0	0	0
Biragzang__NODE_85_length_31517_cov_37.371941	1	31517	0	0	0	0	0	0
MV-4122_S12__NODE_393_length_31274_cov_30.277043	1	31274	0	0	0	0	0	0
Biragzang__NODE_86_length_31212_cov_50.995057	1	31212	0	0	0	0	0	0
Biragzang__NODE_87_length_31156_cov_36.477477	1	31156	0	0	0	0	0	0
Biragzang__NODE_88_length_31095_cov_11.253963	1	31095	0	0	0	0	0	0
Biragzang__NODE_89_length_31067_cov_37.859442	1	31067	0	0	0	0	0	0
Biragzang__NODE_90_length_31003_cov_47.015510	1	31003	0	0	0	0	0	0
Biragzang__NODE_91_length_30995_cov_41.858209	1	30995	0	0	0	0	0	0
Biragzang__NODE_92_length_30796_cov_29.426954	1	30796	0	0	0	0	0	0
Biragzang__NODE_93_length_30741_cov_41.619631	1	30741	0	0	0	0	0	0
cell-4122-0-44_S10__NODE_36_length_30711_cov_618.072253	1	30711	0	0	0	0	0	0
Biragzang__NODE_94_length_30569_cov_56.937406	1	30569	0	0	0	0	0	0
MV-4122_S12__NODE_404_length_30554_cov_44.582281	1	30554	0	0	0	0	0	0
Biragzang__NODE_95_length_30510_cov_11.509506	1	30510	0	0	0	0	0	0
Biragzang__NODE_96_length_30481_cov_49.600145	1	30481	0	0	0	0	0	0
cell-4122-0-44_S10__NODE_37_length_30362_cov_39.358036	1	30362	0	0	0	0	0	0
Biragzang__NODE_97_length_30330_cov_39.284393	1	30330	0	0	0	0	0	0
Biragzang__NODE_98_length_30252_cov_16.125774	1	30252	0	0	0	0	0	0
MV-4122_S12__NODE_409_length_30235_cov_44.975679	1	30235	0	0	0	0	0	0
Biragzang__NODE_99_length_30078_cov_49.148086	1	30078	0	0	0	0	0	0
MV-4122_S12__NODE_413_length_30057_cov_8.487101	1	30057	0	0	0	0	0	0
Biragzang__NODE_100_length_29972_cov_10.557442	1	29972	0	0	0	0	0	0
Biragzang__NODE_101_length_29935_cov_32.770348	1	29935	0	0	0	0	0	0
Biragzang__NODE_102_length_29570_cov_10.843774	1	29570	0	0	0	0	0	0
Biragzang__NODE_103_length_29474_cov_36.782114	1	29474	0	0	0	0	0	0
cell-4122-0-44_S10__NODE_38_length_29372_cov_607.733977	1	29372	0	0	0	0	0	0
Biragzang__NODE_104_length_29371_cov_39.055362	1	29371	0	0	0	0	0	0
Biragzang__NODE_105_length_29219_cov_37.462591	1	29219	0	0	0	0	0	0
MV-4122_S12__NODE_426_length_29150_cov_33.413267	1	29150	0	0	0	0	0	0
Biragzang__NODE_106_length_29130_cov_37.845297	1	29130	0	0	0	0	0	0
Biragzang__NODE_107_length_29104_cov_41.649454	1	29104	0	0	0	0	0	0
Biragzang__NODE_108_length_29093_cov_17.418727	1	29093	0	0	0	0	0	0
Biragzang__NODE_109_length_28947_cov_40.111692	1	28947	0	0	0	0	0	0
MV-4122_S12__NODE_428_length_28908_cov_42.651128	1	28908	0	0	0	0	0	0
Biragzang__NODE_110_length_28879_cov_43.478906	1	28879	0	0	0	0	0	0
MV-4122_S12__NODE_431_length_28651_cov_47.763673	1	28651	0	0	0	0	0	0
MV-4122_S12__NODE_434_length_28636_cov_39.483678	1	28636	0	0	0	0	0	0
Biragzang__NODE_111_length_28625_cov_66.088309	1	28625	0	0	0	0	0	0
Biragzang__NODE_112_length_28488_cov_47.609749	1	28488	0	0	0	0	0	0
MV-4122_S12__NODE_441_length_28406_cov_38.400938	1	28406	0	0	0	0	0	0
Biragzang__NODE_113_length_28390_cov_49.494689	1	28390	0	0	0	0	0	0
Biragzang__NODE_114_length_28187_cov_34.474229	1	28187	0	0	0	0	0	0
Biragzang__NODE_115_length_28126_cov_51.718001	1	28126	0	0	0	0	0	0
MV-4122_S12__NODE_450_length_28095_cov_46.517190	1	28095	0	0	0	0	0	0
MV-4122_S12__NODE_451_length_28090_cov_24.958231	1	28090	0	0	0	0	0	0
Biragzang__NODE_116_length_28022_cov_10.418744	1	28022	0	0	0	0	0	0
cell-4122-0-44_S10__NODE_40_length_27943_cov_673.513339	1	27943	0	0	0	0	0	0
Biragzang__NODE_117_length_27851_cov_11.802669	1	27851	0	0	0	0	0	0
cell-4122-0-44_S10__NODE_41_length_27709_cov_475.303609	1	27709	0	0	0	0	0	0
Biragzang__NODE_118_length_27690_cov_38.076931	1	27690	0	0	0	0	0	0
MV-4122_S12__NODE_455_length_27643_cov_46.268595	1	27643	0	0	0	0	0	0
MV-4122_S12__NODE_457_length_27566_cov_43.407437	1	27566	0	0	0	0	0	0
Biragzang__NODE_119_length_27474_cov_35.903643	1	27474	0	0	0	0	0	0
MV-4122_S12__NODE_460_length_27436_cov_43.206567	1	27436	0	0	0	0	0	0
Biragzang__NODE_120_length_27384_cov_28.912547	1	27384	0	0	0	0	0	0
MV-4122_S12__NODE_462_length_27348_cov_41.963874	1	27348	0	0	0	0	0	0
Biragzang__NODE_121_length_27283_cov_35.384163	1	27283	0	0	0	0	0	0
MV-4122_S12__NODE_465_length_27269_cov_32.042405	1	27269	0	0	0	0	0	0
cell-4122-0-44_S10__NODE_42_length_27243_cov_41.219876	1	27243	0	0	0	0	0	0
Biragzang__NODE_122_length_27122_cov_42.576606	1	27122	0	0	0	0	0	0
Biragzang__NODE_123_length_27045_cov_10.877844	1	27045	0	0	0	0	0	0
cell-4122-0-44_S10__NODE_43_length_27037_cov_594.223594	1	27037	0	0	0	0	0	0
MV-4122_S12__NODE_473_length_26965_cov_44.180974	1	26965	0	0	0	0	0	0
Biragzang__NODE_124_length_26958_cov_32.714641	1	26958	0	0	0	0	0	0
Biragzang__NODE_125_length_26947_cov_52.042169	1	26947	0	0	0	0	0	0
Biragzang__NODE_126_length_26923_cov_10.955672	1	26923	0	0	0	0	0	0
Biragzang__NODE_127_length_26910_cov_87.160678	1	26910	0	0	0	0	0	0
Biragzang__NODE_128_length_26886_cov_11.573329	1	26886	0	0	0	0	0	0
Biragzang__NODE_129_length_26874_cov_41.778553	1	26874	0	0	0	0	0	0
MV-4122_S12__NODE_476_length_26849_cov_38.442189	1	26849	0	0	0	0	0	0
Biragzang__NODE_130_length_26790_cov_42.138769	1	26790	0	0	0	0	0	0
cell-4122-0-44_S10__NODE_44_length_26779_cov_1074.789889	1	26779	0	0	0	0	0	0
Biragzang__NODE_131_length_26768_cov_40.976116	1	26768	0	0	0	0	0	0
cell-4122-0-44_S10__NODE_45_length_26697_cov_16.981007	1	26697	0	0	0	0	0	0
MV-4122_S12__NODE_480_length_26687_cov_31.831631	1	26687	0	0	0	0	0	0
MV-4122_S12__NODE_481_length_26680_cov_35.523455	1	26680	0	0	0	0	0	0
Biragzang__NODE_132_length_26638_cov_12.012489	1	26638	0	0	0	0	0	0
Biragzang__NODE_133_length_26449_cov_44.765932	1	26449	0	0	0	0	0	0
MV-4122_S12__NODE_492_length_26242_cov_45.173025	1	26242	0	0	0	0	0	0
Biragzang__NODE_134_length_26238_cov_33.962877	1	26238	0	0	0	0	0	0
Biragzang__NODE_135_length_26216_cov_38.169909	1	26216	0	0	0	0	0	0
Biragzang__NODE_136_length_26174_cov_59.137716	1	26174	0	0	0	0	0	0
MV-4122_S12__NODE_495_length_26145_cov_32.742468	1	26145	0	0	0	0	0	0
Biragzang__NODE_137_length_26131_cov_33.558866	1	26131	0	0	0	0	0	0
Biragzang__NODE_138_length_26128_cov_11.916235	1	26128	0	0	0	0	0	0
Biragzang__NODE_139_length_26080_cov_37.382709	1	26080	0	0	0	0	0	0
MV-4122_S12__NODE_497_length_26035_cov_53.252040	1	26035	0	0	0	0	0	0
Biragzang__NODE_140_length_25912_cov_54.351356	1	25912	0	0	0	0	0	0
Biragzang__NODE_141_length_25819_cov_45.611085	1	25819	0	0	0	0	0	0
Biragzang__NODE_142_length_25777_cov_10.843636	1	25777	0	0	0	0	0	0
MV-4122_S12__NODE_506_length_25758_cov_43.747345	1	25758	0	0	0	0	0	0
Biragzang__NODE_143_length_25743_cov_40.352382	1	25743	0	0	0	0	0	0
Biragzang__NODE_144_length_25681_cov_41.989971	1	25681	0	0	0	0	0	0
Biragzang__NODE_145_length_25658_cov_48.062766	1	25658	0	0	0	0	0	0
Biragzang__NODE_146_length_25644_cov_51.258627	1	25644	0	0	0	0	0	0
Biragzang__NODE_147_length_25610_cov_29.264214	1	25610	0	0	0	0	0	0
MV-4122_S12__NODE_508_length_25563_cov_39.090834	1	25563	0	0	0	0	0	0
Biragzang__NODE_148_length_25461_cov_33.072857	1	25461	0	0	0	0	0	0
Biragzang__NODE_149_length_25428_cov_33.960154	1	25428	0	0	0	0	0	0
cell-4122-0-44_S10__NODE_46_length_25340_cov_18.244176	1	25340	0	0	0	0	0	0
Biragzang__NODE_150_length_25226_cov_39.560566	1	25226	0	0	0	0	0	0
Biragzang__NODE_151_length_25225_cov_11.703258	1	25225	0	0	0	0	0	0
Biragzang__NODE_152_length_25140_cov_12.127566	1	25140	0	0	0	0	0	0
Biragzang__NODE_153_length_25106_cov_39.589038	1	25106	0	0	0	0	0	0
Biragzang__NODE_154_length_25042_cov_10.020931	1	25042	0	0	0	0	0	0
cell-4122-0-44_S10__NODE_47_length_25007_cov_47.217698	1	25007	0	0	0	0	0	0
Biragzang__NODE_155_length_24983_cov_52.931162	1	24983	0	0	0	0	0	0
cell-4122-0-44_S10__NODE_48_length_24920_cov_38.943012	1	24920	0	0	0	0	0	0
Biragzang__NODE_156_length_24900_cov_30.662950	1	24900	0	0	0	0	0	0
Biragzang__NODE_157_length_24774_cov_37.542700	1	24774	0	0	0	0	0	0
Biragzang__NODE_158_length_24773_cov_45.655676	1	24773	0	0	0	0	0	0
Biragzang__NODE_159_length_24765_cov_55.323675	1	24765	0	0	0	0	0	0
cell-4122-0-44_S10__NODE_49_length_24757_cov_32.465549	1	24757	0	0	0	0	0	0
Biragzang__NODE_160_length_24605_cov_43.873727	1	24605	0	0	0	0	0	0
Biragzang__NODE_161_length_24563_cov_41.671373	1	24563	0	0	0	0	0	0
Biragzang__NODE_162_length_24494_cov_32.208887	1	24494	0	0	0	0	0	0
Biragzang__NODE_163_length_24444_cov_12.613227	1	24444	0	0	0	0	0	0
Biragzang__NODE_164_length_24268_cov_46.736051	1	24268	0	0	0	0	0	0
Biragzang__NODE_165_length_24258_cov_43.681197	1	24258	0	0	0	0	0	0
Biragzang__NODE_166_length_24234_cov_46.419165	1	24234	0	0	0	0	0	0
Biragzang__NODE_167_length_24221_cov_38.610279	1	24221	0	0	0	0	0	0
Biragzang__NODE_168_length_24220_cov_39.870681	1	24220	0	0	0	0	0	0
Biragzang__NODE_169_length_24140_cov_10.362383	1	24140	0	0	0	0	0	0
cell-4122-0-44_S10__NODE_50_length_24096_cov_32.582754	1	24096	0	0	0	0	0	0
Biragzang__NODE_170_length_24073_cov_10.868349	1	24073	0	0	0	0	0	0
Biragzang__NODE_171_length_24062_cov_10.370392	1	24062	0	0	0	0	0	0
MV-4122_S12__NODE_551_length_23957_cov_34.180571	1	23957	0	0	0	0	0	0
MV-4122_S12__NODE_557_length_23881_cov_24.390162	1	23881	0	0	0	0	0	0
Biragzang__NODE_172_length_23867_cov_40.026751	1	23867	0	0	0	0	0	0
MV-4122_S12__NODE_561_length_23811_cov_48.942709	1	23811	0	0	0	0	0	0
Biragzang__NODE_173_length_23808_cov_12.709426	1	23808	0	0	0	0	0	0
Biragzang__NODE_174_length_23802_cov_42.543269	1	23802	0	0	0	0	0	0
cell-4122-0-44_S10__NODE_51_length_23787_cov_40.772838	1	23787	0	0	0	0	0	0
MV-4122_S12__NODE_562_length_23775_cov_41.796922	1	23775	0	0	0	0	0	0
Biragzang__NODE_175_length_23714_cov_45.329938	1	23714	0	0	0	0	0	0
MV-4122_S12__NODE_565_length_23652_cov_41.459423	1	23652	0	0	0	0	0	0
cell-4122-0-44_S10__NODE_52_length_23599_cov_48.505394	1	23599	0	0	0	0	0	0
Biragzang__NODE_176_length_23432_cov_52.968131	1	23432	0	0	0	0	0	0
Biragzang__NODE_177_length_23373_cov_52.273308	1	23373	0	0	0	0	0	0
MV-4122_S12__NODE_576_length_23347_cov_38.117809	1	23347	0	0	0	0	0	0
Biragzang__NODE_178_length_23343_cov_55.074674	1	23343	0	0	0	0	0	0
MV-4122_S12__NODE_578_length_23251_cov_37.617434	1	23251	0	0	0	0	0	0
Biragzang__NODE_179_length_23200_cov_11.602031	1	23200	0	0	0	0	0	0
MV-4122_S12__NODE_583_length_23101_cov_44.037968	1	23101	0	0	0	0	0	0
cell-4122-0-44_S10__NODE_53_length_22987_cov_48.668411	1	22987	0	0	0	0	0	0
Biragzang__NODE_180_length_22976_cov_11.633611	1	22976	0	0	0	0	0	0
Biragzang__NODE_181_length_22944_cov_29.508104	1	22944	0	0	0	0	0	0
Biragzang__NODE_182_length_22902_cov_26.074058	1	22902	0	0	0	0	0	0
Biragzang__NODE_183_length_22800_cov_11.772214	1	22800	0	0	0	0	0	0
Biragzang__NODE_184_length_22795_cov_34.987995	1	22795	0	0	0	0	0	0
Biragzang__NODE_185_length_22776_cov_40.235289	1	22776	0	0	0	0	0	0
Biragzang__NODE_186_length_22776_cov_39.947273	1	22776	0	0	0	0	0	0
MV-4122_S12__NODE_592_length_22757_cov_43.292882	1	22757	0	0	0	0	0	0
Biragzang__NODE_187_length_22727_cov_44.405875	1	22727	0	0	0	0	0	0
Biragzang__NODE_188_length_22727_cov_36.447601	1	22727	0	0	0	0	0	0
MV-4122_S12__NODE_594_length_22721_cov_41.448160	1	22721	0	0	0	0	0	0
Biragzang__NODE_189_length_22680_cov_50.972685	1	22680	0	0	0	0	0	0
Biragzang__NODE_190_length_22661_cov_51.331284	1	22661	0	0	0	0	0	0
Biragzang__NODE_191_length_22618_cov_63.520055	1	22618	0	0	0	0	0	0
Biragzang__NODE_192_length_22599_cov_48.912482	1	22599	0	0	0	0	0	0
Biragzang__NODE_193_length_22543_cov_43.568792	1	22543	0	0	0	0	0	0
Biragzang__NODE_194_length_22536_cov_11.776967	1	22536	0	0	0	0	0	0
Biragzang__NODE_195_length_22528_cov_51.540693	1	22528	0	0	0	0	0	0
Biragzang__NODE_196_length_22524_cov_11.952201	1	22524	0	0	0	0	0	0
Biragzang__NODE_197_length_22450_cov_52.414869	1	22450	0	0	0	0	0	0
Biragzang__NODE_198_length_22272_cov_46.732592	1	22272	0	0	0	0	0	0
Biragzang__NODE_199_length_22252_cov_39.600396	1	22252	0	0	0	0	0	0
Biragzang__NODE_200_length_22248_cov_37.512234	1	22248	0	0	0	0	0	0
Biragzang__NODE_201_length_22209_cov_12.574118	1	22209	0	0	0	0	0	0
Biragzang__NODE_202_length_22189_cov_12.456447	1	22189	0	0	0	0	0	0
Biragzang__NODE_203_length_22152_cov_15.911436	1	22152	0	0	0	0	0	0
Biragzang__NODE_204_length_22110_cov_36.988257	1	22110	0	0	0	0	0	0
Biragzang__NODE_205_length_21924_cov_12.417074	1	21924	0	0	0	0	0	0
Biragzang__NODE_206_length_21894_cov_17.610055	1	21894	0	0	0	0	0	0
Biragzang__NODE_207_length_21835_cov_43.358173	1	21835	0	0	0	0	0	0
Biragzang__NODE_208_length_21825_cov_9.994718	1	21825	0	0	0	0	0	0
MV-4122_S12__NODE_623_length_21805_cov_39.094299	1	21805	0	0	0	0	0	0
MV-4122_S12__NODE_624_length_21798_cov_26.077588	1	21798	0	0	0	0	0	0
Biragzang__NODE_209_length_21722_cov_11.586099	1	21722	0	0	0	0	0	0
MV-4122_S12__NODE_628_length_21698_cov_39.881347	1	21698	0	0	0	0	0	0
Biragzang__NODE_210_length_21654_cov_41.848280	1	21654	0	0	0	0	0	0
Biragzang__NODE_211_length_21596_cov_51.668771	1	21596	0	0	0	0	0	0
Biragzang__NODE_212_length_21585_cov_10.977706	1	21585	0	0	0	0	0	0
MV-4122_S12__NODE_634_length_21580_cov_27.822532	1	21580	0	0	0	0	0	0
MV-4122_S12__NODE_638_length_21525_cov_41.888728	1	21525	0	0	0	0	0	0
Biragzang__NODE_213_length_21470_cov_12.554798	1	21470	0	0	0	0	0	0
Biragzang__NODE_214_length_21443_cov_44.922480	1	21443	0	0	0	0	0	0
Biragzang__NODE_215_length_21442_cov_12.260859	1	21442	0	0	0	0	0	0
Biragzang__NODE_216_length_21378_cov_10.464194	1	21378	0	0	0	0	0	0
MV-4122_S12__NODE_646_length_21321_cov_46.923399	1	21321	0	0	0	0	0	0
Biragzang__NODE_217_length_21251_cov_13.107001	1	21251	0	0	0	0	0	0
Biragzang__NODE_218_length_21238_cov_37.987160	1	21238	0	0	0	0	0	0
Biragzang__NODE_219_length_21171_cov_31.461356	1	21171	0	0	0	0	0	0
Biragzang__NODE_220_length_21126_cov_6.523468	1	21126	0	0	0	0	0	0
Biragzang__NODE_221_length_21110_cov_17.261791	1	21110	0	0	0	0	0	0
Biragzang__NODE_222_length_21039_cov_9.981796	1	21039	0	0	0	0	0	0
MV-4122_S12__NODE_653_length_21021_cov_49.270342	1	21021	0	0	0	0	0	0
MV-4122_S12__NODE_654_length_21016_cov_41.043652	1	21016	0	0	0	0	0	0
MV-4122_S12__NODE_656_length_20998_cov_27.773098	1	20998	0	0	0	0	0	0
Biragzang__NODE_223_length_20991_cov_45.994125	1	20991	0	0	0	0	0	0
Biragzang__NODE_224_length_20989_cov_35.352011	1	20989	0	0	0	0	0	0
Biragzang__NODE_225_length_20954_cov_24.617207	1	20954	0	0	0	0	0	0
Biragzang__NODE_226_length_20953_cov_35.224710	1	20953	0	0	0	0	0	0
Biragzang__NODE_227_length_20951_cov_31.545320	1	20951	0	0	0	0	0	0
Biragzang__NODE_228_length_20941_cov_11.128986	1	20941	0	0	0	0	0	0
cell-4122-0-44_S10__NODE_56_length_20926_cov_58.928705	1	20926	0	0	0	0	0	0
Biragzang__NODE_229_length_20813_cov_33.877252	1	20813	0	0	0	0	0	0
Biragzang__NODE_230_length_20804_cov_47.285170	1	20804	0	0	0	0	0	0
MV-4122_S12__NODE_661_length_20802_cov_20.918060	1	20802	0	0	0	0	0	0
Biragzang__NODE_231_length_20786_cov_32.853263	1	20786	0	0	0	0	0	0
Biragzang__NODE_232_length_20696_cov_27.707330	1	20696	0	0	0	0	0	0
Biragzang__NODE_233_length_20692_cov_39.337016	1	20692	0	0	0	0	0	0
MV-4122_S12__NODE_666_length_20669_cov_31.712283	1	20669	0	0	0	0	0	0
Biragzang__NODE_234_length_20637_cov_36.293946	1	20637	0	0	0	0	0	0
Biragzang__NODE_235_length_20567_cov_11.481377	1	20567	0	0	0	0	0	0
Biragzang__NODE_236_length_20536_cov_32.792686	1	20536	0	0	0	0	0	0
cell-4122-0-44_S10__NODE_57_length_20520_cov_984.915661	1	20520	0	0	0	0	0	0
cell-4122-0-44_S10__NODE_58_length_20514_cov_15.229581	1	20514	0	0	0	0	0	0
Biragzang__NODE_237_length_20513_cov_53.167221	1	20513	0	0	0	0	0	0
MV-4122_S12__NODE_669_length_20510_cov_36.025471	1	20510	0	0	0	0	0	0
Biragzang__NODE_238_length_20491_cov_46.838080	1	20491	0	0	0	0	0	0
Biragzang__NODE_239_length_20490_cov_10.928799	1	20490	0	0	0	0	0	0
MV-4122_S12__NODE_673_length_20436_cov_43.158236	1	20436	0	0	0	0	0	0
Biragzang__NODE_240_length_20422_cov_38.170423	1	20422	0	0	0	0	0	0
MV-4122_S12__NODE_676_length_20404_cov_31.718954	1	20404	0	0	0	0	0	0
cell-4122-0-44_S10__NODE_59_length_20382_cov_673.933537	1	20382	0	0	0	0	0	0
Biragzang__NODE_241_length_20335_cov_39.363264	1	20335	0	0	0	0	0	0
Biragzang__NODE_242_length_20290_cov_34.208500	1	20290	0	0	0	0	0	0
Biragzang__NODE_243_length_20268_cov_35.916390	1	20268	0	0	0	0	0	0
Biragzang__NODE_244_length_20183_cov_44.163255	1	20183	0	0	0	0	0	0
Biragzang__NODE_245_length_20154_cov_41.540723	1	20154	0	0	0	0	0	0
Biragzang__NODE_246_length_20141_cov_44.291397	1	20141	0	0	0	0	0	0
Biragzang__NODE_247_length_20128_cov_10.439297	1	20128	0	0	0	0	0	0
Biragzang__NODE_248_length_20120_cov_28.405383	1	20120	0	0	0	0	0	0
Biragzang__NODE_249_length_20090_cov_57.661492	1	20090	0	0	0	0	0	0
Biragzang__NODE_250_length_20067_cov_13.157855	1	20067	0	0	0	0	0	0
cell-4122-0-44_S10__NODE_60_length_19979_cov_14.987804	1	19979	0	0	0	0	0	0
Biragzang__NODE_251_length_19959_cov_9.339630	1	19959	0	0	0	0	0	0
cell-4122-0-44_S10__NODE_61_length_19914_cov_21.162949	1	19914	0	0	0	0	0	0
Biragzang__NODE_252_length_19904_cov_12.092952	1	19904	0	0	0	0	0	0
Biragzang__NODE_253_length_19894_cov_10.887646	1	19894	0	0	0	0	0	0
Biragzang__NODE_254_length_19887_cov_13.241025	1	19887	0	0	0	0	0	0
Biragzang__NODE_255_length_19884_cov_16.018710	1	19884	0	0	0	0	0	0
Biragzang__NODE_256_length_19856_cov_11.379627	1	19856	0	0	0	0	0	0
Biragzang__NODE_257_length_19853_cov_39.046621	1	19853	0	0	0	0	0	0
Biragzang__NODE_258_length_19843_cov_11.013392	1	19843	0	0	0	0	0	0
Biragzang__NODE_259_length_19834_cov_12.082663	1	19834	0	0	0	0	0	0
Biragzang__NODE_260_length_19819_cov_31.474347	1	19819	0	0	0	0	0	0
Biragzang__NODE_261_length_19804_cov_16.573447	1	19804	0	0	0	0	0	0
MV-4122_S12__NODE_692_length_19794_cov_25.312073	1	19794	0	0	0	0	0	0
cell-4122-0-44_S10__NODE_62_length_19794_cov_40.969198	1	19794	0	0	0	0	0	0
Biragzang__NODE_262_length_19732_cov_46.595264	1	19732	0	0	0	0	0	0
MV-4122_S12__NODE_695_length_19666_cov_42.432206	1	19666	0	0	0	0	0	0
MV-4122_S12__NODE_697_length_19649_cov_49.906196	1	19649	0	0	0	0	0	0
MV-4122_S12__NODE_699_length_19643_cov_41.653053	1	19643	0	0	0	0	0	0
Biragzang__NODE_263_length_19640_cov_15.806127	1	19640	0	0	0	0	0	0
Biragzang__NODE_264_length_19619_cov_34.906512	1	19619	0	0	0	0	0	0
Biragzang__NODE_265_length_19591_cov_10.692721	1	19591	0	0	0	0	0	0
Biragzang__NODE_266_length_19584_cov_13.421578	1	19584	0	0	0	0	0	0
Biragzang__NODE_267_length_19513_cov_45.131925	1	19513	0	0	0	0	0	0
MV-4122_S12__NODE_704_length_19503_cov_38.503548	1	19503	0	0	0	0	0	0
Biragzang__NODE_268_length_19489_cov_49.241175	1	19489	0	0	0	0	0	0
MV-4122_S12__NODE_706_length_19472_cov_6.555184	1	19472	0	0	0	0	0	0
Biragzang__NODE_269_length_19438_cov_11.467214	1	19438	0	0	0	0	0	0
cell-4122-0-44_S10__NODE_63_length_19337_cov_11.651800	1	19337	0	0	0	0	0	0
Biragzang__NODE_270_length_19315_cov_11.027622	1	19315	0	0	0	0	0	0
MV-4122_S12__NODE_716_length_19268_cov_30.342268	1	19268	0	0	0	0	0	0
Biragzang__NODE_271_length_19218_cov_10.803006	1	19218	0	0	0	0	0	0
cell-4125-0-44_S16__NODE_14_length_19160_cov_7.187019	1	19160	0	0	0	0	0	0
Biragzang__NODE_272_length_19143_cov_33.712594	1	19143	0	0	0	0	0	0
Biragzang__NODE_273_length_19143_cov_14.581832	1	19143	0	0	0	0	0	0
Biragzang__NODE_274_length_19103_cov_37.282602	1	19103	0	0	0	0	0	0
Biragzang__NODE_275_length_19090_cov_24.952456	1	19090	0	0	0	0	0	0
Biragzang__NODE_276_length_19086_cov_39.356891	1	19086	0	0	0	0	0	0
Biragzang__NODE_277_length_19047_cov_56.326453	1	19047	0	0	0	0	0	0
Biragzang__NODE_278_length_19036_cov_14.025973	1	19036	0	0	0	0	0	0
Biragzang__NODE_279_length_19029_cov_45.166333	1	19029	0	0	0	0	0	0
Biragzang__NODE_280_length_19026_cov_10.357335	1	19026	0	0	0	0	0	0
Biragzang__NODE_281_length_18968_cov_45.935864	1	18968	0	0	0	0	0	0
Biragzang__NODE_282_length_18953_cov_40.309027	1	18953	0	0	0	0	0	0
MV-4122_S12__NODE_731_length_18941_cov_32.150058	1	18941	0	0	0	0	0	0
Biragzang__NODE_283_length_18926_cov_12.597160	1	18926	0	0	0	0	0	0
Biragzang__NODE_284_length_18909_cov_12.750769	1	18909	0	0	0	0	0	0
Biragzang__NODE_285_length_18892_cov_10.483092	1	18892	0	0	0	0	0	0
cell-4122-0-44_S10__NODE_64_length_18884_cov_90.680387	1	18884	0	0	0	0	0	0
MV-4122_S12__NODE_733_length_18834_cov_8.730550	1	18834	0	0	0	0	0	0
Biragzang__NODE_286_length_18833_cov_34.928746	1	18833	0	0	0	0	0	0
Biragzang__NODE_287_length_18789_cov_29.080602	1	18789	0	0	0	0	0	0
cell-4122-0-44_S10__NODE_65_length_18724_cov_46.101398	1	18724	0	0	0	0	0	0
cell-4122-0-44_S10__NODE_66_length_18712_cov_40.598703	1	18712	0	0	0	0	0	0
Biragzang__NODE_288_length_18683_cov_11.233734	1	18683	0	0	0	0	0	0
Biragzang__NODE_289_length_18649_cov_10.674680	1	18649	0	0	0	0	0	0
Biragzang__NODE_290_length_18632_cov_58.195241	1	18632	0	0	0	0	0	0
Biragzang__NODE_291_length_18593_cov_53.871022	1	18593	0	0	0	0	0	0
Biragzang__NODE_292_length_18577_cov_34.686211	1	18577	0	0	0	0	0	0
Biragzang__NODE_293_length_18517_cov_41.852508	1	18517	0	0	0	0	0	0
MV-4122_S12__NODE_744_length_18517_cov_33.922219	1	18517	0	0	0	0	0	0
cell-4122-0-44_S10__NODE_67_length_18506_cov_13.763753	1	18506	0	0	0	0	0	0
Biragzang__NODE_294_length_18473_cov_40.588663	1	18473	0	0	0	0	0	0
MV-4122_S12__NODE_750_length_18433_cov_38.217924	1	18433	0	0	0	0	0	0
Biragzang__NODE_295_length_18371_cov_26.145883	1	18371	0	0	0	0	0	0
Biragzang__NODE_296_length_18362_cov_12.674878	1	18362	0	0	0	0	0	0
cell-4122-0-44_S10__NODE_68_length_18350_cov_12.917628	1	18350	0	0	0	0	0	0
Biragzang__NODE_297_length_18344_cov_43.541746	1	18344	0	0	0	0	0	0
MV-4122_S12__NODE_755_length_18314_cov_41.561477	1	18314	0	0	0	0	0	0
Biragzang__NODE_298_length_18294_cov_28.920774	1	18294	0	0	0	0	0	0
Biragzang__NODE_299_length_18291_cov_14.429041	1	18291	0	0	0	0	0	0
Biragzang__NODE_300_length_18288_cov_11.648001	1	18288	0	0	0	0	0	0
Biragzang__NODE_301_length_18281_cov_33.136508	1	18281	0	0	0	0	0	0
Biragzang__NODE_302_length_18270_cov_10.879824	1	18270	0	0	0	0	0	0
Biragzang__NODE_303_length_18257_cov_10.243160	1	18257	0	0	0	0	0	0
Biragzang__NODE_304_length_18188_cov_35.719682	1	18188	0	0	0	0	0	0
Biragzang__NODE_305_length_18121_cov_46.121001	1	18121	0	0	0	0	0	0
Biragzang__NODE_306_length_18102_cov_12.157422	1	18102	0	0	0	0	0	0
Biragzang__NODE_307_length_18100_cov_47.378886	1	18100	0	0	0	0	0	0
MV-4122_S12__NODE_768_length_18011_cov_31.026342	1	18011	0	0	0	0	0	0
Biragzang__NODE_308_length_17999_cov_44.398295	1	17999	0	0	0	0	0	0
Biragzang__NODE_309_length_17985_cov_43.906581	1	17985	0	0	0	0	0	0
Biragzang__NODE_310_length_17968_cov_14.493496	1	17968	0	0	0	0	0	0
Biragzang__NODE_311_length_17938_cov_50.900073	1	17938	0	0	0	0	0	0
MV-4122_S12__NODE_775_length_17877_cov_8.626192	1	17877	0	0	0	0	0	0
cell-4122-0-44_S10__NODE_69_length_17866_cov_14.281118	1	17866	0	0	0	0	0	0
Biragzang__NODE_312_length_17842_cov_28.650194	1	17842	0	0	0	0	0	0
Biragzang__NODE_313_length_17823_cov_50.924752	1	17823	0	0	0	0	0	0
Biragzang__NODE_314_length_17800_cov_10.593801	1	17800	0	0	0	0	0	0
Biragzang__NODE_315_length_17758_cov_33.112354	1	17758	0	0	0	0	0	0
Biragzang__NODE_316_length_17742_cov_34.730423	1	17742	0	0	0	0	0	0
Biragzang__NODE_317_length_17730_cov_33.014597	1	17730	0	0	0	0	0	0
Biragzang__NODE_318_length_17702_cov_34.356831	1	17702	0	0	0	0	0	0
Biragzang__NODE_319_length_17693_cov_53.322032	1	17693	0	0	0	0	0	0
Biragzang__NODE_320_length_17647_cov_11.298033	1	17647	0	0	0	0	0	0
Biragzang__NODE_321_length_17636_cov_9.212957	1	17636	0	0	0	0	0	0
Biragzang__NODE_322_length_17621_cov_11.565638	1	17621	0	0	0	0	0	0
cell-4122-0-44_S10__NODE_70_length_17603_cov_53.994073	1	17603	0	0	0	0	0	0
Biragzang__NODE_323_length_17563_cov_6.317226	1	17563	0	0	0	0	0	0
Biragzang__NODE_324_length_17551_cov_42.309042	1	17551	0	0	0	0	0	0
Biragzang__NODE_325_length_17525_cov_30.501030	1	17525	0	0	0	0	0	0
cell-4122-0-44_S10__NODE_71_length_17503_cov_39.291323	1	17503	0	0	0	0	0	0
Biragzang__NODE_326_length_17432_cov_11.634920	1	17432	0	0	0	0	0	0
cell-4122-0-44_S10__NODE_72_length_17429_cov_30.974445	1	17429	0	0	0	0	0	0
MV-4122_S12__NODE_791_length_17428_cov_44.641973	1	17428	0	0	0	0	0	0
Biragzang__NODE_327_length_17419_cov_45.662635	1	17419	0	0	0	0	0	0
MV-4122_S12__NODE_792_length_17395_cov_44.247578	1	17395	0	0	0	0	0	0
Biragzang__NODE_328_length_17380_cov_9.803579	1	17380	0	0	0	0	0	0
Biragzang__NODE_329_length_17379_cov_13.141480	1	17379	0	0	0	0	0	0
MV-4122_S12__NODE_796_length_17333_cov_38.897037	1	17333	0	0	0	0	0	0
Biragzang__NODE_330_length_17329_cov_41.003184	1	17329	0	0	0	0	0	0
Biragzang__NODE_331_length_17305_cov_10.934145	1	17305	0	0	0	0	0	0
Biragzang__NODE_332_length_17296_cov_22.177832	1	17296	0	0	0	0	0	0
Biragzang__NODE_333_length_17278_cov_51.717703	1	17278	0	0	0	0	0	0
Biragzang__NODE_334_length_17277_cov_11.074382	1	17277	0	0	0	0	0	0
MV-4122_S12__NODE_800_length_17243_cov_34.547068	1	17243	0	0	0	0	0	0
Biragzang__NODE_335_length_17221_cov_52.234359	1	17221	0	0	0	0	0	0
Biragzang__NODE_336_length_17176_cov_49.013375	1	17176	0	0	0	0	0	0
Biragzang__NODE_337_length_17125_cov_11.247042	1	17125	0	0	0	0	0	0
cell-4122-0-44_S10__NODE_73_length_17114_cov_13.333607	1	17114	0	0	0	0	0	0
Biragzang__NODE_338_length_17113_cov_13.923965	1	17113	0	0	0	0	0	0
cell-4122-0-44_S10__NODE_74_length_17102_cov_15.465419	1	17102	0	0	0	0	0	0
Biragzang__NODE_339_length_17080_cov_10.669310	1	17080	0	0	0	0	0	0
Biragzang__NODE_340_length_17065_cov_41.621693	1	17065	0	0	0	0	0	0
Biragzang__NODE_341_length_17035_cov_54.764075	1	17035	0	0	0	0	0	0
MV-4122_S12__NODE_808_length_17034_cov_42.832322	1	17034	0	0	0	0	0	0
Biragzang__NODE_342_length_16995_cov_57.591204	1	16995	0	0	0	0	0	0
Biragzang__NODE_343_length_16942_cov_53.842246	1	16942	0	0	0	0	0	0
Biragzang__NODE_344_length_16921_cov_6.109214	1	16921	0	0	0	0	0	0
cell-4122-0-44_S10__NODE_75_length_16920_cov_19.067536	1	16920	0	0	0	0	0	0
Biragzang__NODE_345_length_16893_cov_30.075900	1	16893	0	0	0	0	0	0
cell-4122-0-44_S10__NODE_76_length_16878_cov_12.158414	1	16878	0	0	0	0	0	0
cell-4122-0-44_S10__NODE_77_length_16858_cov_11.905374	1	16858	0	0	0	0	0	0
cell-4122-0-22_S11__NODE_22_length_16824_cov_15.723180	1	16824	0	0	0	0	0	0
Biragzang__NODE_346_length_16736_cov_33.623344	1	16736	0	0	0	0	0	0
Biragzang__NODE_347_length_16708_cov_51.050081	1	16708	0	0	0	0	0	0
Biragzang__NODE_348_length_16706_cov_45.686205	1	16706	0	0	0	0	0	0
Biragzang__NODE_349_length_16697_cov_19.911669	1	16697	0	0	0	0	0	0
cell-4122-0-44_S10__NODE_79_length_16668_cov_29.446518	1	16668	0	0	0	0	0	0
Biragzang__NODE_350_length_16651_cov_6.258014	1	16651	0	0	0	0	0	0
Biragzang__NODE_351_length_16641_cov_31.944351	1	16641	0	0	0	0	0	0
Biragzang__NODE_352_length_16554_cov_39.282441	1	16554	0	0	0	0	0	0
Biragzang__NODE_353_length_16533_cov_11.542663	1	16533	0	0	0	0	0	0
Biragzang__NODE_354_length_16489_cov_11.668675	1	16489	0	0	0	0	0	0
Biragzang__NODE_355_length_16467_cov_44.712771	1	16467	0	0	0	0	0	0
Biragzang__NODE_356_length_16437_cov_51.033329	1	16437	0	0	0	0	0	0
Biragzang__NODE_357_length_16427_cov_13.432507	1	16427	0	0	0	0	0	0
Biragzang__NODE_358_length_16420_cov_59.024381	1	16420	0	0	0	0	0	0
Biragzang__NODE_359_length_16418_cov_12.945609	1	16418	0	0	0	0	0	0
Biragzang__NODE_360_length_16400_cov_44.688590	1	16400	0	0	0	0	0	0
MV-4122_S12__NODE_833_length_16395_cov_25.681701	1	16395	0	0	0	0	0	0
Biragzang__NODE_361_length_16374_cov_34.123353	1	16374	0	0	0	0	0	0
Biragzang__NODE_362_length_16361_cov_11.953330	1	16361	0	0	0	0	0	0
cell-4122-0-44_S10__NODE_80_length_16361_cov_1183.702012	1	16361	0	0	0	0	0	0
cell-4122-0-44_S10__NODE_81_length_16357_cov_46.276162	1	16357	0	0	0	0	0	0
Biragzang__NODE_363_length_16339_cov_39.299803	1	16339	0	0	0	0	0	0
Biragzang__NODE_364_length_16255_cov_10.977840	1	16255	0	0	0	0	0	0
Biragzang__NODE_365_length_16247_cov_47.226285	1	16247	0	0	0	0	0	0
cell-4122-0-44_S10__NODE_82_length_16245_cov_13.852934	1	16245	0	0	0	0	0	0
Biragzang__NODE_366_length_16236_cov_55.659415	1	16236	0	0	0	0	0	0
Biragzang__NODE_367_length_16202_cov_10.007741	1	16202	0	0	0	0	0	0
Biragzang__NODE_368_length_16175_cov_11.760670	1	16175	0	0	0	0	0	0
MV-4122_S12__NODE_844_length_16172_cov_45.630576	1	16172	0	0	0	0	0	0
cell-4122-0-44_S10__NODE_83_length_16171_cov_71.877451	1	16171	0	0	0	0	0	0
Biragzang__NODE_369_length_16152_cov_39.049264	1	16152	0	0	0	0	0	0
Biragzang__NODE_370_length_16151_cov_55.404945	1	16151	0	0	0	0	0	0
MV-4122_S12__NODE_846_length_16143_cov_28.500746	1	16143	0	0	0	0	0	0
Biragzang__NODE_371_length_16136_cov_44.948386	1	16136	0	0	0	0	0	0
Biragzang__NODE_372_length_16132_cov_12.450395	1	16132	0	0	0	0	0	0
MV-4122_S12__NODE_851_length_16117_cov_55.716411	1	16117	0	0	0	0	0	0
Biragzang__NODE_373_length_16109_cov_52.825589	1	16109	0	0	0	0	0	0
Biragzang__NODE_374_length_16059_cov_81.080042	1	16059	0	0	0	0	0	0
Biragzang__NODE_375_length_15968_cov_20.423050	1	15968	0	0	0	0	0	0
Biragzang__NODE_376_length_15909_cov_25.075754	1	15909	0	0	0	0	0	0
Biragzang__NODE_377_length_15859_cov_41.762402	1	15859	0	0	0	0	0	0
Biragzang__NODE_378_length_15793_cov_9.554835	1	15793	0	0	0	0	0	0
MV-4122_S12__NODE_875_length_15783_cov_9.318095	1	15783	0	0	0	0	0	0
cell-4125-0-44_S16__NODE_19_length_15780_cov_11.480064	1	15780	0	0	0	0	0	0
Biragzang__NODE_379_length_15739_cov_10.182288	1	15739	0	0	0	0	0	0
Biragzang__NODE_380_length_15717_cov_15.008939	1	15717	0	0	0	0	0	0
Biragzang__NODE_381_length_15710_cov_14.902843	1	15710	0	0	0	0	0	0
Biragzang__NODE_382_length_15680_cov_11.125824	1	15680	0	0	0	0	0	0
Biragzang__NODE_383_length_15661_cov_49.958926	1	15661	0	0	0	0	0	0
Biragzang__NODE_384_length_15660_cov_55.170715	1	15660	0	0	0	0	0	0
Biragzang__NODE_385_length_15659_cov_13.256345	1	15659	0	0	0	0	0	0
Biragzang__NODE_386_length_15647_cov_11.593509	1	15647	0	0	0	0	0	0
MV-4122_S12__NODE_880_length_15639_cov_37.143930	1	15639	0	0	0	0	0	0
Biragzang__NODE_387_length_15635_cov_9.734596	1	15635	0	0	0	0	0	0
cell-4122-0-44_S10__NODE_86_length_15629_cov_66.384808	1	15629	0	0	0	0	0	0
Biragzang__NODE_388_length_15620_cov_37.408802	1	15620	0	0	0	0	0	0
Biragzang__NODE_389_length_15578_cov_11.494170	1	15578	0	0	0	0	0	0
Biragzang__NODE_390_length_15564_cov_40.123864	1	15564	0	0	0	0	0	0
Biragzang__NODE_391_length_15564_cov_27.218647	1	15564	0	0	0	0	0	0
cell-4122-0-44_S10__NODE_87_length_15564_cov_16.607841	1	15564	0	0	0	0	0	0
MV-4122_S12__NODE_885_length_15545_cov_34.414074	1	15545	0	0	0	0	0	0
cell-4122-0-44_S10__NODE_88_length_15526_cov_270.121841	1	15526	0	0	0	0	0	0
Biragzang__NODE_392_length_15516_cov_42.221978	1	15516	0	0	0	0	0	0
Biragzang__NODE_393_length_15471_cov_71.615464	1	15471	0	0	0	0	0	0
Biragzang__NODE_394_length_15450_cov_42.228970	1	15450	0	0	0	0	0	0
Biragzang__NODE_395_length_15413_cov_23.769762	1	15413	0	0	0	0	0	0
Biragzang__NODE_396_length_15407_cov_7.863666	1	15407	0	0	0	0	0	0
Biragzang__NODE_397_length_15405_cov_41.205081	1	15405	0	0	0	0	0	0
MV-4122_S12__NODE_896_length_15399_cov_41.406739	1	15399	0	0	0	0	0	0
Biragzang__NODE_398_length_15391_cov_5.657212	1	15391	0	0	0	0	0	0
Biragzang__NODE_399_length_15385_cov_11.432355	1	15385	0	0	0	0	0	0
Biragzang__NODE_400_length_15376_cov_7.567522	1	15376	0	0	0	0	0	0
Biragzang__NODE_401_length_15361_cov_11.521952	1	15361	0	0	0	0	0	0
Biragzang__NODE_402_length_15358_cov_17.628374	1	15358	0	0	0	0	0	0
Biragzang__NODE_403_length_15279_cov_10.299002	1	15279	0	0	0	0	0	0
cell-4122-0-44_S10__NODE_89_length_15277_cov_411.056891	1	15277	0	0	0	0	0	0
MV-4122_S12__NODE_902_length_15263_cov_42.163072	1	15263	0	0	0	0	0	0
Biragzang__NODE_404_length_15257_cov_36.314564	1	15257	0	0	0	0	0	0
Biragzang__NODE_405_length_15238_cov_7.644010	1	15238	0	0	0	0	0	0
Biragzang__NODE_406_length_15237_cov_30.394019	1	15237	0	0	0	0	0	0
cell-4122-0-44_S10__NODE_90_length_15214_cov_43.094531	1	15214	0	0	0	0	0	0
cell-4122-0-44_S10__NODE_91_length_15197_cov_15.567626	1	15197	0	0	0	0	0	0
cell-4122-0-44_S10__NODE_92_length_15189_cov_45.314061	1	15189	0	0	0	0	0	0
MV-4122_S12__NODE_908_length_15180_cov_8.117620	1	15180	0	0	0	0	0	0
Biragzang__NODE_407_length_15171_cov_41.569000	1	15171	0	0	0	0	0	0
Biragzang__NODE_408_length_15142_cov_13.276728	1	15142	0	0	0	0	0	0
MV-4122_S12__NODE_912_length_15132_cov_7.625589	1	15132	0	0	0	0	0	0
cell-4122-0-44_S10__NODE_93_length_15126_cov_53.267467	1	15126	0	0	0	0	0	0
cell-4122-0-44_S10__NODE_94_length_15121_cov_43.750299	1	15121	0	0	0	0	0	0
Biragzang__NODE_409_length_15119_cov_40.822292	1	15119	0	0	0	0	0	0
Biragzang__NODE_410_length_15111_cov_26.023180	1	15111	0	0	0	0	0	0
cell-4122-0-44_S10__NODE_95_length_15084_cov_57.278462	1	15084	0	0	0	0	0	0
MV-4122_S12__NODE_915_length_15080_cov_36.547155	1	15080	0	0	0	0	0	0
Biragzang__NODE_411_length_15059_cov_11.230605	1	15059	0	0	0	0	0	0
cell-4122-0-44_S10__NODE_96_length_15053_cov_15.445259	1	15053	0	0	0	0	0	0
Biragzang__NODE_412_length_15048_cov_31.166278	1	15048	0	0	0	0	0	0
Biragzang__NODE_413_length_15039_cov_39.722838	1	15039	0	0	0	0	0	0
Biragzang__NODE_414_length_15038_cov_7.346993	1	15038	0	0	0	0	0	0
Biragzang__NODE_415_length_15023_cov_8.813870	1	15023	0	0	0	0	0	0
cell-4122-0-44_S10__NODE_97_length_15004_cov_19.253729	1	15004	0	0	0	0	0	0
Biragzang__NODE_416_length_14987_cov_9.164881	1	14987	0	0	0	0	0	0
Biragzang__NODE_417_length_14975_cov_12.632239	1	14975	0	0	0	0	0	0
Biragzang__NODE_418_length_14965_cov_45.365929	1	14965	0	0	0	0	0	0
Biragzang__NODE_419_length_14964_cov_9.083574	1	14964	0	0	0	0	0	0
cell-4122-0-44_S10__NODE_99_length_14953_cov_72.454826	1	14953	0	0	0	0	0	0
Biragzang__NODE_420_length_14939_cov_69.328541	1	14939	0	0	0	0	0	0
Biragzang__NODE_421_length_14937_cov_32.769386	1	14937	0	0	0	0	0	0
cell-4122-0-44_S10__NODE_101_length_14926_cov_36.867057	1	14926	0	0	0	0	0	0
Biragzang__NODE_422_length_14912_cov_9.706536	1	14912	0	0	0	0	0	0
Biragzang__NODE_423_length_14899_cov_11.538804	1	14899	0	0	0	0	0	0
cell-4122-0-22_S11__NODE_30_length_14885_cov_12.732771	1	14885	0	0	0	0	0	0
Biragzang__NODE_424_length_14881_cov_65.356333	1	14881	0	0	0	0	0	0
Biragzang__NODE_425_length_14874_cov_48.659559	1	14874	0	0	0	0	0	0
Biragzang__NODE_426_length_14864_cov_11.841043	1	14864	0	0	0	0	0	0
Biragzang__NODE_427_length_14858_cov_41.151794	1	14858	0	0	0	0	0	0
cell-4122-0-44_S10__NODE_102_length_14854_cov_565.979931	1	14854	0	0	0	0	0	0
MV-4122_S12__NODE_928_length_14839_cov_20.241139	1	14839	0	0	0	0	0	0
Biragzang__NODE_428_length_14833_cov_10.493639	1	14833	0	0	0	0	0	0
cell-4122-0-44_S10__NODE_103_length_14805_cov_21.147254	1	14805	0	0	0	0	0	0
Biragzang__NODE_429_length_14789_cov_13.413058	1	14789	0	0	0	0	0	0
Biragzang__NODE_430_length_14778_cov_13.456157	1	14778	0	0	0	0	0	0
Biragzang__NODE_431_length_14777_cov_54.302337	1	14777	0	0	0	0	0	0
MV-4122_S12__NODE_932_length_14763_cov_32.752108	1	14763	0	0	0	0	0	0
MV-4122_S12__NODE_933_length_14759_cov_39.123708	1	14759	0	0	0	0	0	0
Biragzang__NODE_432_length_14739_cov_13.916167	1	14739	0	0	0	0	0	0
cell-4125-0-44_S16__NODE_23_length_14728_cov_26.167110	1	14728	0	0	0	0	0	0
cell-4122-0-44_S10__NODE_104_length_14717_cov_14.692607	1	14717	0	0	0	0	0	0
Biragzang__NODE_433_length_14710_cov_34.098465	1	14710	0	0	0	0	0	0
cell-4122-0-44_S10__NODE_105_length_14692_cov_91.481314	1	14692	0	0	0	0	0	0
Biragzang__NODE_434_length_14690_cov_13.984558	1	14690	0	0	0	0	0	0
cell-4122-0-44_S10__NODE_106_length_14680_cov_17.161915	1	14680	0	0	0	0	0	0
Biragzang__NODE_435_length_14665_cov_10.238261	1	14665	0	0	0	0	0	0
Biragzang__NODE_436_length_14648_cov_49.845954	1	14648	0	0	0	0	0	0
Biragzang__NODE_437_length_14627_cov_17.088595	1	14627	0	0	0	0	0	0
Biragzang__NODE_438_length_14625_cov_42.339327	1	14625	0	0	0	0	0	0
Biragzang__NODE_439_length_14622_cov_47.972884	1	14622	0	0	0	0	0	0
Biragzang__NODE_440_length_14622_cov_12.656964	1	14622	0	0	0	0	0	0
Biragzang__NODE_441_length_14587_cov_98.220341	1	14587	0	0	0	0	0	0
Biragzang__NODE_442_length_14571_cov_9.984638	1	14571	0	0	0	0	0	0
cell-4122-0-44_S10__NODE_107_length_14566_cov_19.721659	1	14566	0	0	0	0	0	0
Biragzang__NODE_443_length_14563_cov_29.495520	1	14563	0	0	0	0	0	0
MV-4122_S12__NODE_947_length_14561_cov_36.118503	1	14561	0	0	0	0	0	0
Biragzang__NODE_444_length_14557_cov_39.231141	1	14557	0	0	0	0	0	0
Biragzang__NODE_445_length_14557_cov_10.882154	1	14557	0	0	0	0	0	0
MV-4122_S12__NODE_948_length_14551_cov_44.090508	1	14551	0	0	0	0	0	0
Biragzang__NODE_446_length_14548_cov_47.719589	1	14548	0	0	0	0	0	0
Biragzang__NODE_447_length_14547_cov_7.808308	1	14547	0	0	0	0	0	0
Biragzang__NODE_448_length_14519_cov_32.907702	1	14519	0	0	0	0	0	0
Biragzang__NODE_449_length_14514_cov_7.921156	1	14514	0	0	0	0	0	0
Biragzang__NODE_450_length_14512_cov_55.306357	1	14512	0	0	0	0	0	0
Biragzang__NODE_451_length_14505_cov_12.403183	1	14505	0	0	0	0	0	0
Biragzang__NODE_452_length_14491_cov_35.449293	1	14491	0	0	0	0	0	0
Biragzang__NODE_453_length_14484_cov_24.174648	1	14484	0	0	0	0	0	0
Biragzang__NODE_454_length_14473_cov_14.226453	1	14473	0	0	0	0	0	0
Biragzang__NODE_455_length_14459_cov_54.813385	1	14459	0	0	0	0	0	0
Biragzang__NODE_456_length_14455_cov_12.295694	1	14455	0	0	0	0	0	0
Biragzang__NODE_457_length_14446_cov_11.174415	1	14446	0	0	0	0	0	0
Biragzang__NODE_458_length_14444_cov_10.382028	1	14444	0	0	0	0	0	0
cell-4122-0-44_S10__NODE_108_length_14433_cov_45.871609	1	14433	0	0	0	0	0	0
Biragzang__NODE_459_length_14413_cov_45.537679	1	14413	0	0	0	0	0	0
cell-4122-0-44_S10__NODE_109_length_14409_cov_432.549046	1	14409	0	0	0	0	0	0
MV-4122_S12__NODE_958_length_14401_cov_8.542869	1	14401	0	0	0	0	0	0
Biragzang__NODE_460_length_14389_cov_12.427515	1	14389	0	0	0	0	0	0
Biragzang__NODE_461_length_14384_cov_13.100077	1	14384	0	0	0	0	0	0
Biragzang__NODE_462_length_14371_cov_46.196004	1	14371	0	0	0	0	0	0
Biragzang__NODE_463_length_14366_cov_19.928027	1	14366	0	0	0	0	0	0
Biragzang__NODE_464_length_14365_cov_47.386233	1	14365	0	0	0	0	0	0
Biragzang__NODE_465_length_14358_cov_33.958470	1	14358	0	0	0	0	0	0
Biragzang__NODE_466_length_14357_cov_6.621871	1	14357	0	0	0	0	0	0
Biragzang__NODE_467_length_14322_cov_72.468984	1	14322	0	0	0	0	0	0
MV-4122_S12__NODE_968_length_14295_cov_33.865941	1	14295	0	0	0	0	0	0
Biragzang__NODE_468_length_14291_cov_13.922310	1	14291	0	0	0	0	0	0
cell-4122-0-44_S10__NODE_110_length_14291_cov_1190.374965	1	14291	0	0	0	0	0	0
Biragzang__NODE_469_length_14290_cov_15.052828	1	14290	0	0	0	0	0	0
Biragzang__NODE_470_length_14288_cov_7.746856	1	14288	0	0	0	0	0	0
Biragzang__NODE_471_length_14285_cov_43.756852	1	14285	0	0	0	0	0	0
Biragzang__NODE_472_length_14283_cov_12.051940	1	14283	0	0	0	0	0	0
Biragzang__NODE_473_length_14283_cov_10.382626	1	14283	0	0	0	0	0	0
cell-4122-0-44_S10__NODE_111_length_14274_cov_42.843730	1	14274	0	0	0	0	0	0
MV-4122_S12__NODE_974_length_14213_cov_40.167750	1	14213	0	0	0	0	0	0
Biragzang__NODE_474_length_14211_cov_49.056231	1	14211	0	0	0	0	0	0
Biragzang__NODE_475_length_14202_cov_10.687213	1	14202	0	0	0	0	0	0
Biragzang__NODE_476_length_14198_cov_56.688044	1	14198	0	0	0	0	0	0
Biragzang__NODE_477_length_14195_cov_11.303890	1	14195	0	0	0	0	0	0
Biragzang__NODE_478_length_14188_cov_16.461473	1	14188	0	0	0	0	0	0
Biragzang__NODE_479_length_14181_cov_32.265185	1	14181	0	0	0	0	0	0
MV-4122_S12__NODE_979_length_14181_cov_8.661829	1	14181	0	0	0	0	0	0
cell-4122-0-44_S10__NODE_112_length_14178_cov_66.577427	1	14178	0	0	0	0	0	0
Biragzang__NODE_480_length_14164_cov_11.993125	1	14164	0	0	0	0	0	0
Biragzang__NODE_481_length_14153_cov_9.886863	1	14153	0	0	0	0	0	0
Biragzang__NODE_482_length_14095_cov_36.472009	1	14095	0	0	0	0	0	0
Biragzang__NODE_483_length_14058_cov_14.117046	1	14058	0	0	0	0	0	0
Biragzang__NODE_484_length_14053_cov_51.726247	1	14053	0	0	0	0	0	0
Biragzang__NODE_485_length_14046_cov_46.121221	1	14046	0	0	0	0	0	0
Biragzang__NODE_486_length_14026_cov_10.128194	1	14026	0	0	0	0	0	0
cell-4122-0-44_S10__NODE_113_length_14022_cov_55.429011	1	14022	0	0	0	0	0	0
Biragzang__NODE_487_length_14008_cov_35.654985	1	14008	0	0	0	0	0	0
Biragzang__NODE_488_length_13990_cov_46.664657	1	13990	0	0	0	0	0	0
Biragzang__NODE_489_length_13988_cov_9.488193	1	13988	0	0	0	0	0	0
cell-4122-0-44_S10__NODE_114_length_13985_cov_18.165183	1	13985	0	0	0	0	0	0
MV-4122_S12__NODE_997_length_13984_cov_46.063824	1	13984	0	0	0	0	0	0
cell-4122-0-44_S10__NODE_115_length_13983_cov_58.597430	1	13983	0	0	0	0	0	0
Biragzang__NODE_490_length_13976_cov_34.574097	1	13976	0	0	0	0	0	0
Biragzang__NODE_491_length_13973_cov_6.888346	1	13973	0	0	0	0	0	0
Biragzang__NODE_492_length_13969_cov_11.305232	1	13969	0	0	0	0	0	0
cell-4122-0-44_S10__NODE_116_length_13967_cov_12.299885	1	13967	0	0	0	0	0	0
cell-4122-0-44_S10__NODE_117_length_13964_cov_14.839744	1	13964	0	0	0	0	0	0
Biragzang__NODE_493_length_13941_cov_39.717197	1	13941	0	0	0	0	0	0
MV-4122_S12__NODE_1000_length_13935_cov_6.888112	1	13935	0	0	0	0	0	0
Biragzang__NODE_494_length_13929_cov_45.742108	1	13929	0	0	0	0	0	0
Biragzang__NODE_495_length_13908_cov_40.420559	1	13908	0	0	0	0	0	0
MV-4122_S12__NODE_1002_length_13907_cov_58.825079	1	13907	0	0	0	0	0	0
Biragzang__NODE_496_length_13898_cov_17.881023	1	13898	0	0	0	0	0	0
Biragzang__NODE_497_length_13886_cov_38.791411	1	13886	0	0	0	0	0	0
Biragzang__NODE_498_length_13852_cov_28.414945	1	13852	0	0	0	0	0	0
Biragzang__NODE_499_length_13847_cov_14.516676	1	13847	0	0	0	0	0	0
MV-4122_S12__NODE_1010_length_13837_cov_40.105863	1	13837	0	0	0	0	0	0
Biragzang__NODE_500_length_13835_cov_10.639115	1	13835	0	0	0	0	0	0
Biragzang__NODE_501_length_13815_cov_8.489244	1	13815	0	0	0	0	0	0
Biragzang__NODE_502_length_13812_cov_10.324489	1	13812	0	0	0	0	0	0
Biragzang__NODE_503_length_13758_cov_10.675691	1	13758	0	0	0	0	0	0
Biragzang__NODE_504_length_13737_cov_10.079301	1	13737	0	0	0	0	0	0
Biragzang__NODE_505_length_13714_cov_12.608244	1	13714	0	0	0	0	0	0
cell-4122-0-44_S10__NODE_118_length_13713_cov_42.899985	1	13713	0	0	0	0	0	0
Biragzang__NODE_506_length_13708_cov_12.303303	1	13708	0	0	0	0	0	0
Biragzang__NODE_507_length_13707_cov_45.338705	1	13707	0	0	0	0	0	0
Biragzang__NODE_508_length_13706_cov_32.604791	1	13706	0	0	0	0	0	0
Biragzang__NODE_509_length_13700_cov_38.019494	1	13700	0	0	0	0	0	0
Biragzang__NODE_510_length_13688_cov_23.181691	1	13688	0	0	0	0	0	0
MV-4122_S12__NODE_1025_length_13675_cov_53.518502	1	13675	0	0	0	0	0	0
Biragzang__NODE_511_length_13660_cov_13.501507	1	13660	0	0	0	0	0	0
Biragzang__NODE_512_length_13634_cov_50.748509	1	13634	0	0	0	0	0	0
cell-4122-0-44_S10__NODE_119_length_13630_cov_48.605746	1	13630	0	0	0	0	0	0
cell-4122-0-44_S10__NODE_120_length_13614_cov_82.799100	1	13614	0	0	0	0	0	0
cell-4125-0-22_S17__NODE_1_length_13610_cov_8.858945	1	13610	0	0	0	0	0	0
MV-4122_S12__NODE_1031_length_13608_cov_8.992843	1	13608	0	0	0	0	0	0
MV-4122_S12__NODE_1032_length_13604_cov_38.728172	1	13604	0	0	0	0	0	0
MV-4122_S12__NODE_1033_length_13601_cov_41.464491	1	13601	0	0	0	0	0	0
Biragzang__NODE_513_length_13600_cov_26.928977	1	13600	0	0	0	0	0	0
Biragzang__NODE_514_length_13599_cov_32.606394	1	13599	0	0	0	0	0	0
MV-4122_S12__NODE_1037_length_13579_cov_41.312999	1	13579	0	0	0	0	0	0
Biragzang__NODE_515_length_13572_cov_9.341570	1	13572	0	0	0	0	0	0
cell-4122-0-44_S10__NODE_121_length_13555_cov_52.109556	1	13555	0	0	0	0	0	0
Biragzang__NODE_516_length_13542_cov_12.417736	1	13542	0	0	0	0	0	0
cell-4125-0-44_S16__NODE_37_length_13526_cov_7.166357	1	13526	0	0	0	0	0	0
Biragzang__NODE_517_length_13520_cov_50.743632	1	13520	0	0	0	0	0	0
Biragzang__NODE_518_length_13467_cov_62.416194	1	13467	0	0	0	0	0	0
Biragzang__NODE_519_length_13467_cov_10.833433	1	13467	0	0	0	0	0	0
Biragzang__NODE_520_length_13463_cov_6.348523	1	13463	0	0	0	0	0	0
Biragzang__NODE_521_length_13454_cov_10.936861	1	13454	0	0	0	0	0	0
Biragzang__NODE_522_length_13451_cov_43.860257	1	13451	0	0	0	0	0	0
Biragzang__NODE_523_length_13448_cov_46.149332	1	13448	0	0	0	0	0	0
Biragzang__NODE_524_length_13442_cov_10.643908	1	13442	0	0	0	0	0	0
Biragzang__NODE_525_length_13437_cov_11.842326	1	13437	0	0	0	0	0	0
Biragzang__NODE_526_length_13427_cov_46.908017	1	13427	0	0	0	0	0	0
Biragzang__NODE_527_length_13423_cov_22.842160	1	13423	0	0	0	0	0	0
Biragzang__NODE_528_length_13413_cov_40.478664	1	13413	0	0	0	0	0	0
cell-4122-0-44_S10__NODE_123_length_13394_cov_12.520054	1	13394	0	0	0	0	0	0
Biragzang__NODE_529_length_13392_cov_52.500637	1	13392	0	0	0	0	0	0
cell-4122-0-44_S10__NODE_124_length_13389_cov_13.500225	1	13389	0	0	0	0	0	0
MV-4122_S12__NODE_1050_length_13369_cov_42.024335	1	13369	0	0	0	0	0	0
Biragzang__NODE_530_length_13362_cov_46.205305	1	13362	0	0	0	0	0	0
Biragzang__NODE_531_length_13344_cov_36.970953	1	13344	0	0	0	0	0	0
Biragzang__NODE_532_length_13336_cov_39.725774	1	13336	0	0	0	0	0	0
Biragzang__NODE_533_length_13333_cov_45.183913	1	13333	0	0	0	0	0	0
Biragzang__NODE_534_length_13330_cov_9.932655	1	13330	0	0	0	0	0	0
Biragzang__NODE_535_length_13324_cov_18.745120	1	13324	0	0	0	0	0	0
MV-4122_S12__NODE_1058_length_13322_cov_31.891309	1	13322	0	0	0	0	0	0
Biragzang__NODE_536_length_13313_cov_10.061321	1	13313	0	0	0	0	0	0
Biragzang__NODE_537_length_13307_cov_11.333459	1	13307	0	0	0	0	0	0
Biragzang__NODE_538_length_13305_cov_14.740453	1	13305	0	0	0	0	0	0
Biragzang__NODE_539_length_13286_cov_12.150253	1	13286	0	0	0	0	0	0
Biragzang__NODE_540_length_13277_cov_38.672818	1	13277	0	0	0	0	0	0
cell-4122-0-44_S10__NODE_126_length_13236_cov_16.757454	1	13236	0	0	0	0	0	0
Biragzang__NODE_541_length_13234_cov_16.677593	1	13234	0	0	0	0	0	0
cell-4122-0-44_S10__NODE_127_length_13227_cov_50.879821	1	13227	0	0	0	0	0	0
Biragzang__NODE_542_length_13224_cov_6.626927	1	13224	0	0	0	0	0	0
cell-4122-0-44_S10__NODE_128_length_13199_cov_383.144020	1	13199	0	0	0	0	0	0
cell-4122-0-44_S10__NODE_129_length_13198_cov_35.423952	1	13198	0	0	0	0	0	0
Biragzang__NODE_543_length_13176_cov_10.679293	1	13176	0	0	0	0	0	0
Biragzang__NODE_544_length_13175_cov_14.813034	1	13175	0	0	0	0	0	0
Biragzang__NODE_545_length_13164_cov_34.171180	1	13164	0	0	0	0	0	0
Biragzang__NODE_546_length_13153_cov_12.574210	1	13153	0	0	0	0	0	0
Biragzang__NODE_547_length_13152_cov_40.091929	1	13152	0	0	0	0	0	0
MV-4122_S12__NODE_1070_length_13151_cov_25.828115	1	13151	0	0	0	0	0	0
MV-4122_S12__NODE_1071_length_13147_cov_43.793080	1	13147	0	0	0	0	0	0
cell-4122-0-44_S10__NODE_130_length_13147_cov_15.537427	1	13147	0	0	0	0	0	0
Biragzang__NODE_548_length_13141_cov_7.099190	1	13141	0	0	0	0	0	0
MV-4122_S12__NODE_1073_length_13140_cov_19.780206	1	13140	0	0	0	0	0	0
Biragzang__NODE_549_length_13131_cov_8.746788	1	13131	0	0	0	0	0	0
Biragzang__NODE_550_length_13125_cov_12.328615	1	13125	0	0	0	0	0	0
Biragzang__NODE_551_length_13124_cov_10.806259	1	13124	0	0	0	0	0	0
Biragzang__NODE_552_length_13122_cov_10.480370	1	13122	0	0	0	0	0	0
Biragzang__NODE_553_length_13117_cov_42.783111	1	13117	0	0	0	0	0	0
Biragzang__NODE_554_length_13116_cov_11.654850	1	13116	0	0	0	0	0	0
Biragzang__NODE_555_length_13111_cov_10.391238	1	13111	0	0	0	0	0	0
Biragzang__NODE_556_length_13098_cov_50.890593	1	13098	0	0	0	0	0	0
MV-4122_S12__NODE_1075_length_13097_cov_8.505597	1	13097	0	0	0	0	0	0
MV-4122_S12__NODE_1077_length_13084_cov_43.529665	1	13084	0	0	0	0	0	0
Biragzang__NODE_557_length_13073_cov_18.674681	1	13073	0	0	0	0	0	0
Biragzang__NODE_558_length_13066_cov_67.689570	1	13066	0	0	0	0	0	0
Biragzang__NODE_559_length_13063_cov_10.376153	1	13063	0	0	0	0	0	0
Biragzang__NODE_560_length_13059_cov_10.413488	1	13059	0	0	0	0	0	0
Biragzang__NODE_561_length_13049_cov_35.546252	1	13049	0	0	0	0	0	0
Biragzang__NODE_562_length_13043_cov_36.202495	1	13043	0	0	0	0	0	0
cell-4122-0-44_S10__NODE_131_length_13028_cov_424.197718	1	13028	0	0	0	0	0	0
cell-4122-0-44_S10__NODE_132_length_13024_cov_15.519392	1	13024	0	0	0	0	0	0
Biragzang__NODE_563_length_13003_cov_36.395660	1	13003	0	0	0	0	0	0
Biragzang__NODE_564_length_13000_cov_12.598532	1	13000	0	0	0	0	0	0
Biragzang__NODE_565_length_12994_cov_25.029446	1	12994	0	0	0	0	0	0
Biragzang__NODE_566_length_12986_cov_10.625938	1	12986	0	0	0	0	0	0
Biragzang__NODE_567_length_12978_cov_10.538420	1	12978	0	0	0	0	0	0
MV-4122_S12__NODE_1083_length_12958_cov_14.512439	1	12958	0	0	0	0	0	0
Biragzang__NODE_568_length_12940_cov_42.928133	1	12940	0	0	0	0	0	0
Biragzang__NODE_569_length_12931_cov_6.428627	1	12931	0	0	0	0	0	0
Biragzang__NODE_570_length_12923_cov_38.891669	1	12923	0	0	0	0	0	0
Biragzang__NODE_571_length_12921_cov_14.350459	1	12921	0	0	0	0	0	0
Biragzang__NODE_572_length_12914_cov_6.532234	1	12914	0	0	0	0	0	0
Biragzang__NODE_573_length_12905_cov_11.741634	1	12905	0	0	0	0	0	0
Biragzang__NODE_574_length_12902_cov_71.427181	1	12902	0	0	0	0	0	0
Biragzang__NODE_575_length_12858_cov_14.485824	1	12858	0	0	0	0	0	0
Biragzang__NODE_576_length_12855_cov_43.243906	1	12855	0	0	0	0	0	0
cell-4122-0-44_S10__NODE_134_length_12855_cov_15.301406	1	12855	0	0	0	0	0	0
cell-4122-0-44_S10__NODE_135_length_12816_cov_17.153436	1	12816	0	0	0	0	0	0
Biragzang__NODE_577_length_12786_cov_43.131412	1	12786	0	0	0	0	0	0
Biragzang__NODE_578_length_12778_cov_57.254736	1	12778	0	0	0	0	0	0
Biragzang__NODE_579_length_12775_cov_33.187186	1	12775	0	0	0	0	0	0
cell-4125-0-44_S16__NODE_43_length_12775_cov_10.476808	1	12775	0	0	0	0	0	0
Biragzang__NODE_580_length_12773_cov_11.681632	1	12773	0	0	0	0	0	0
Biragzang__NODE_581_length_12769_cov_11.845367	1	12769	0	0	0	0	0	0
Biragzang__NODE_582_length_12753_cov_43.974799	1	12753	0	0	0	0	0	0
Biragzang__NODE_583_length_12742_cov_32.240719	1	12742	0	0	0	0	0	0
Biragzang__NODE_584_length_12737_cov_11.464201	1	12737	0	0	0	0	0	0
Biragzang__NODE_585_length_12724_cov_62.481648	1	12724	0	0	0	0	0	0
Biragzang__NODE_586_length_12721_cov_6.142113	1	12721	0	0	0	0	0	0
cell-4122-0-44_S10__NODE_136_length_12708_cov_16.100688	1	12708	0	0	0	0	0	0
Biragzang__NODE_587_length_12668_cov_11.022120	1	12668	0	0	0	0	0	0
Biragzang__NODE_588_length_12662_cov_45.715951	1	12662	0	0	0	0	0	0
Biragzang__NODE_589_length_12647_cov_6.058370	1	12647	0	0	0	0	0	0
Biragzang__NODE_590_length_12645_cov_43.247657	1	12645	0	0	0	0	0	0
Biragzang__NODE_591_length_12641_cov_7.032894	1	12641	0	0	0	0	0	0
Biragzang__NODE_592_length_12637_cov_8.725640	1	12637	0	0	0	0	0	0
Biragzang__NODE_593_length_12626_cov_37.576088	1	12626	0	0	0	0	0	0
Biragzang__NODE_594_length_12622_cov_47.022997	1	12622	0	0	0	0	0	0
Biragzang__NODE_595_length_12613_cov_44.814700	1	12613	0	0	0	0	0	0
Biragzang__NODE_596_length_12613_cov_33.779742	1	12613	0	0	0	0	0	0
cell-4122-0-44_S10__NODE_137_length_12603_cov_23.918393	1	12603	0	0	0	0	0	0
Biragzang__NODE_597_length_12588_cov_34.626985	1	12588	0	0	0	0	0	0
MV-4122_S12__NODE_1103_length_12577_cov_47.340201	1	12577	0	0	0	0	0	0
Biragzang__NODE_598_length_12572_cov_51.766637	1	12572	0	0	0	0	0	0
Biragzang__NODE_599_length_12568_cov_37.949413	1	12568	0	0	0	0	0	0
Biragzang__NODE_600_length_12562_cov_11.807948	1	12562	0	0	0	0	0	0
MV-4122_S12__NODE_1108_length_12553_cov_7.521443	1	12553	0	0	0	0	0	0
Biragzang__NODE_601_length_12541_cov_11.823482	1	12541	0	0	0	0	0	0
Biragzang__NODE_602_length_12534_cov_11.491706	1	12534	0	0	0	0	0	0
Biragzang__NODE_603_length_12533_cov_39.939494	1	12533	0	0	0	0	0	0
cell-4122-0-44_S10__NODE_138_length_12518_cov_39.292947	1	12518	0	0	0	0	0	0
Biragzang__NODE_604_length_12513_cov_21.118558	1	12513	0	0	0	0	0	0
Biragzang__NODE_605_length_12500_cov_30.300522	1	12500	0	0	0	0	0	0
Biragzang__NODE_606_length_12430_cov_6.248404	1	12430	0	0	0	0	0	0
Biragzang__NODE_607_length_12423_cov_49.783473	1	12423	0	0	0	0	0	0
Biragzang__NODE_608_length_12411_cov_6.231143	1	12411	0	0	0	0	0	0
Biragzang__NODE_609_length_12410_cov_11.822258	1	12410	0	0	0	0	0	0
cell-4122-0-44_S10__NODE_139_length_12406_cov_18.908105	1	12406	0	0	0	0	0	0
Biragzang__NODE_610_length_12402_cov_7.908156	1	12402	0	0	0	0	0	0
cell-4122-0-44_S10__NODE_140_length_12399_cov_43.422634	1	12399	0	0	0	0	0	0
Biragzang__NODE_611_length_12396_cov_9.770602	1	12396	0	0	0	0	0	0
Biragzang__NODE_612_length_12394_cov_48.841154	1	12394	0	0	0	0	0	0
Biragzang__NODE_613_length_12386_cov_12.990755	1	12386	0	0	0	0	0	0
Biragzang__NODE_614_length_12354_cov_25.249045	1	12354	0	0	0	0	0	0
Biragzang__NODE_615_length_12349_cov_12.821214	1	12349	0	0	0	0	0	0
Biragzang__NODE_616_length_12349_cov_9.789247	1	12349	0	0	0	0	0	0
Biragzang__NODE_617_length_12348_cov_33.569999	1	12348	0	0	0	0	0	0
Biragzang__NODE_618_length_12338_cov_35.562322	1	12338	0	0	0	0	0	0
MV-4122_S12__NODE_1134_length_12334_cov_51.739963	1	12334	0	0	0	0	0	0
Biragzang__NODE_619_length_12325_cov_9.529177	1	12325	0	0	0	0	0	0
MV-4122_S12__NODE_1137_length_12316_cov_30.541799	1	12316	0	0	0	0	0	0
cell-4122-0-44_S10__NODE_141_length_12301_cov_12.689613	1	12301	0	0	0	0	0	0
Biragzang__NODE_620_length_12300_cov_41.897999	1	12300	0	0	0	0	0	0
Biragzang__NODE_621_length_12292_cov_10.322301	1	12292	0	0	0	0	0	0
cell-4122-0-44_S10__NODE_142_length_12291_cov_15.674894	1	12291	0	0	0	0	0	0
MV-4122_S12__NODE_1141_length_12280_cov_7.795992	1	12280	0	0	0	0	0	0
MV-4122_S12__NODE_1142_length_12276_cov_49.622371	1	12276	0	0	0	0	0	0
Biragzang__NODE_622_length_12273_cov_12.062694	1	12273	0	0	0	0	0	0
Biragzang__NODE_623_length_12270_cov_16.201228	1	12270	0	0	0	0	0	0
MV-4122_S12__NODE_1143_length_12269_cov_50.090634	1	12269	0	0	0	0	0	0
MV-4122_S12__NODE_1144_length_12259_cov_45.187398	1	12259	0	0	0	0	0	0
cell-4122-0-44_S10__NODE_143_length_12251_cov_18.265087	1	12251	0	0	0	0	0	0
Biragzang__NODE_624_length_12250_cov_60.321771	1	12250	0	0	0	0	0	0
Biragzang__NODE_625_length_12245_cov_48.824118	1	12245	0	0	0	0	0	0
Biragzang__NODE_626_length_12239_cov_23.956418	1	12239	0	0	0	0	0	0
Biragzang__NODE_627_length_12234_cov_9.128828	1	12234	0	0	0	0	0	0
Biragzang__NODE_628_length_12223_cov_11.258958	1	12223	0	0	0	0	0	0
MV-4122_S12__NODE_1147_length_12222_cov_8.330977	1	12222	0	0	0	0	0	0
MV-4122_S12__NODE_1148_length_12219_cov_41.230023	1	12219	0	0	0	0	0	0
cell-4122-0-44_S10__NODE_144_length_12214_cov_14.718809	1	12214	0	0	0	0	0	0
cell-4125-0-44_S16__NODE_51_length_12209_cov_7.699029	1	12209	0	0	0	0	0	0
Biragzang__NODE_629_length_12193_cov_54.669962	1	12193	0	0	0	0	0	0
MV-4122_S12__NODE_1149_length_12191_cov_44.521012	1	12191	0	0	0	0	0	0
Biragzang__NODE_630_length_12180_cov_48.320330	1	12180	0	0	0	0	0	0
cell-4122-0-44_S10__NODE_145_length_12179_cov_43.463461	1	12179	0	0	0	0	0	0
Biragzang__NODE_631_length_12172_cov_9.059751	1	12172	0	0	0	0	0	0
MV-4122_S12__NODE_1155_length_12165_cov_43.675227	1	12165	0	0	0	0	0	0
Biragzang__NODE_632_length_12159_cov_56.346827	1	12159	0	0	0	0	0	0
Biragzang__NODE_633_length_12150_cov_8.866970	1	12150	0	0	0	0	0	0
Biragzang__NODE_634_length_12138_cov_63.766366	1	12138	0	0	0	0	0	0
cell-4122-0-44_S10__NODE_146_length_12136_cov_12.455426	1	12136	0	0	0	0	0	0
Biragzang__NODE_635_length_12133_cov_49.870591	1	12133	0	0	0	0	0	0
MV-4122_S12__NODE_1160_length_12117_cov_8.044520	1	12117	0	0	0	0	0	0
Biragzang__NODE_636_length_12111_cov_12.128235	1	12111	0	0	0	0	0	0
Biragzang__NODE_637_length_12110_cov_44.840896	1	12110	0	0	0	0	0	0
Biragzang__NODE_638_length_12108_cov_19.869327	1	12108	0	0	0	0	0	0
Biragzang__NODE_639_length_12094_cov_41.868428	1	12094	0	0	0	0	0	0
Biragzang__NODE_640_length_12078_cov_8.169342	1	12078	0	0	0	0	0	0
Biragzang__NODE_641_length_12060_cov_29.602082	1	12060	0	0	0	0	0	0
Biragzang__NODE_642_length_12059_cov_20.672526	1	12059	0	0	0	0	0	0
Biragzang__NODE_643_length_12054_cov_11.585132	1	12054	0	0	0	0	0	0
Biragzang__NODE_644_length_12050_cov_47.421592	1	12050	0	0	0	0	0	0
Biragzang__NODE_645_length_12038_cov_10.813903	1	12038	0	0	0	0	0	0
Biragzang__NODE_646_length_12026_cov_6.141425	1	12026	0	0	0	0	0	0
cell-4122-0-44_S10__NODE_147_length_12016_cov_14.765153	1	12016	0	0	0	0	0	0
MV-4122_S12__NODE_1171_length_12011_cov_29.719053	1	12011	0	0	0	0	0	0
Biragzang__NODE_647_length_12002_cov_12.743785	1	12002	0	0	0	0	0	0
MV-4122_S12__NODE_1174_length_11996_cov_36.245708	1	11996	0	0	0	0	0	0
Biragzang__NODE_648_length_11984_cov_16.498449	1	11984	0	0	0	0	0	0
Biragzang__NODE_649_length_11972_cov_9.849878	1	11972	0	0	0	0	0	0
Biragzang__NODE_650_length_11967_cov_7.886501	1	11967	0	0	0	0	0	0
Biragzang__NODE_651_length_11965_cov_16.014945	1	11965	0	0	0	0	0	0
Biragzang__NODE_652_length_11964_cov_6.595936	1	11964	0	0	0	0	0	0
cell-4122-0-44_S10__NODE_148_length_11962_cov_54.009406	1	11962	0	0	0	0	0	0
Biragzang__NODE_653_length_11958_cov_5.579182	1	11958	0	0	0	0	0	0
Biragzang__NODE_654_length_11953_cov_13.426794	1	11953	0	0	0	0	0	0
cell-4122-0-44_S10__NODE_149_length_11949_cov_12.692030	1	11949	0	0	0	0	0	0
Biragzang__NODE_655_length_11944_cov_46.591219	1	11944	0	0	0	0	0	0
Biragzang__NODE_656_length_11932_cov_14.809632	1	11932	0	0	0	0	0	0
Biragzang__NODE_657_length_11926_cov_17.251790	1	11926	0	0	0	0	0	0
Biragzang__NODE_658_length_11925_cov_12.300842	1	11925	0	0	0	0	0	0
Biragzang__NODE_659_length_11916_cov_34.607875	1	11916	0	0	0	0	0	0
Biragzang__NODE_660_length_11902_cov_8.740187	1	11902	0	0	0	0	0	0
Biragzang__NODE_661_length_11896_cov_16.911410	1	11896	0	0	0	0	0	0
Biragzang__NODE_662_length_11884_cov_41.718150	1	11884	0	0	0	0	0	0
Biragzang__NODE_663_length_11882_cov_7.279276	1	11882	0	0	0	0	0	0
Biragzang__NODE_664_length_11878_cov_8.581409	1	11878	0	0	0	0	0	0
Biragzang__NODE_665_length_11875_cov_12.139086	1	11875	0	0	0	0	0	0
Biragzang__NODE_666_length_11875_cov_9.779103	1	11875	0	0	0	0	0	0
cell-4122-0-44_S10__NODE_150_length_11870_cov_15.239949	1	11870	0	0	0	0	0	0
cell-4122-0-44_S10__NODE_151_length_11868_cov_12.338525	1	11868	0	0	0	0	0	0
Biragzang__NODE_667_length_11867_cov_52.324670	1	11867	0	0	0	0	0	0
Biragzang__NODE_668_length_11867_cov_47.180156	1	11867	0	0	0	0	0	0
Biragzang__NODE_669_length_11856_cov_28.811626	1	11856	0	0	0	0	0	0
Biragzang__NODE_670_length_11855_cov_9.478729	1	11855	0	0	0	0	0	0
Biragzang__NODE_671_length_11852_cov_6.961685	1	11852	0	0	0	0	0	0
MV-4122_S12__NODE_1185_length_11848_cov_41.564318	1	11848	0	0	0	0	0	0
Biragzang__NODE_672_length_11845_cov_6.747752	1	11845	0	0	0	0	0	0
MV-4122_S12__NODE_1188_length_11837_cov_40.299355	1	11837	0	0	0	0	0	0
MV-4122_S12__NODE_1189_length_11837_cov_34.162791	1	11837	0	0	0	0	0	0
cell-4122-0-44_S10__NODE_152_length_11837_cov_34.542862	1	11837	0	0	0	0	0	0
Biragzang__NODE_673_length_11832_cov_9.960771	1	11832	0	0	0	0	0	0
Biragzang__NODE_674_length_11823_cov_25.092539	1	11823	0	0	0	0	0	0
Biragzang__NODE_675_length_11819_cov_31.940326	1	11819	0	0	0	0	0	0
Biragzang__NODE_676_length_11814_cov_28.417978	1	11814	0	0	0	0	0	0
Biragzang__NODE_677_length_11800_cov_11.809110	1	11800	0	0	0	0	0	0
Biragzang__NODE_678_length_11799_cov_12.470964	1	11799	0	0	0	0	0	0
Biragzang__NODE_679_length_11794_cov_13.438368	1	11794	0	0	0	0	0	0
Biragzang__NODE_680_length_11787_cov_47.481248	1	11787	0	0	0	0	0	0
Biragzang__NODE_681_length_11774_cov_10.404727	1	11774	0	0	0	0	0	0
Biragzang__NODE_682_length_11772_cov_39.503030	1	11772	0	0	0	0	0	0
MV-4122_S12__NODE_1195_length_11771_cov_8.089792	1	11771	0	0	0	0	0	0
Biragzang__NODE_683_length_11761_cov_34.145310	1	11761	0	0	0	0	0	0
cell-4122-0-44_S10__NODE_153_length_11758_cov_14.459711	1	11758	0	0	0	0	0	0
Biragzang__NODE_684_length_11756_cov_9.577216	1	11756	0	0	0	0	0	0
MV-4122_S12__NODE_1200_length_11752_cov_7.655382	1	11752	0	0	0	0	0	0
Biragzang__NODE_685_length_11742_cov_60.589544	1	11742	0	0	0	0	0	0
Biragzang__NODE_686_length_11741_cov_9.160021	1	11741	0	0	0	0	0	0
Biragzang__NODE_687_length_11740_cov_11.901070	1	11740	0	0	0	0	0	0
Biragzang__NODE_688_length_11738_cov_21.518103	1	11738	0	0	0	0	0	0
Biragzang__NODE_689_length_11736_cov_28.674514	1	11736	0	0	0	0	0	0
Biragzang__NODE_690_length_11723_cov_38.556479	1	11723	0	0	0	0	0	0
cell-4122-0-44_S10__NODE_154_length_11723_cov_68.146726	1	11723	0	0	0	0	0	0
cell-4122-0-44_S10__NODE_155_length_11715_cov_14.821527	1	11715	0	0	0	0	0	0
cell-4122-0-44_S10__NODE_156_length_11702_cov_18.684296	1	11702	0	0	0	0	0	0
Biragzang__NODE_691_length_11688_cov_11.596579	1	11688	0	0	0	0	0	0
Biragzang__NODE_692_length_11684_cov_21.288933	1	11684	0	0	0	0	0	0
MV-4122_S12__NODE_1205_length_11682_cov_37.247699	1	11682	0	0	0	0	0	0
cell-4122-0-44_S10__NODE_157_length_11680_cov_43.131527	1	11680	0	0	0	0	0	0
Biragzang__NODE_693_length_11673_cov_46.026511	1	11673	0	0	0	0	0	0
cell-4122-0-44_S10__NODE_158_length_11672_cov_17.863476	1	11672	0	0	0	0	0	0
Biragzang__NODE_694_length_11668_cov_16.497632	1	11668	0	0	0	0	0	0
cell-4122-0-44_S10__NODE_159_length_11668_cov_853.141996	1	11668	0	0	0	0	0	0
Biragzang__NODE_695_length_11657_cov_54.658766	1	11657	0	0	0	0	0	0
Biragzang__NODE_696_length_11647_cov_46.195307	1	11647	0	0	0	0	0	0
Biragzang__NODE_697_length_11643_cov_12.745254	1	11643	0	0	0	0	0	0
cell-4122-0-44_S10__NODE_160_length_11639_cov_53.192766	1	11639	0	0	0	0	0	0
Biragzang__NODE_698_length_11638_cov_27.960373	1	11638	0	0	0	0	0	0
Biragzang__NODE_699_length_11636_cov_12.774631	1	11636	0	0	0	0	0	0
Biragzang__NODE_700_length_11633_cov_14.355070	1	11633	0	0	0	0	0	0
Biragzang__NODE_701_length_11630_cov_38.961210	1	11630	0	0	0	0	0	0
MV-4122_S12__NODE_1208_length_11627_cov_36.755012	1	11627	0	0	0	0	0	0
Biragzang__NODE_702_length_11619_cov_44.422951	1	11619	0	0	0	0	0	0
Biragzang__NODE_703_length_11609_cov_11.127402	1	11609	0	0	0	0	0	0
Biragzang__NODE_704_length_11604_cov_45.235605	1	11604	0	0	0	0	0	0
Biragzang__NODE_705_length_11598_cov_7.778394	1	11598	0	0	0	0	0	0
MV-4122_S12__NODE_1209_length_11598_cov_9.277917	1	11598	0	0	0	0	0	0
Biragzang__NODE_706_length_11597_cov_37.178825	1	11597	0	0	0	0	0	0
cell-4122-0-44_S10__NODE_161_length_11595_cov_14.205113	1	11595	0	0	0	0	0	0
cell-4122-0-22_S11__NODE_53_length_11586_cov_18.863672	1	11586	0	0	0	0	0	0
Biragzang__NODE_707_length_11581_cov_41.228006	1	11581	0	0	0	0	0	0
Biragzang__NODE_708_length_11575_cov_15.415451	1	11575	0	0	0	0	0	0
cell-4122-0-44_S10__NODE_162_length_11573_cov_12.840945	1	11573	0	0	0	0	0	0
Biragzang__NODE_709_length_11560_cov_11.623816	1	11560	0	0	0	0	0	0
MV-4122_S12__NODE_1213_length_11545_cov_8.014012	1	11545	0	0	0	0	0	0
cell-4122-0-44_S10__NODE_163_length_11543_cov_17.026985	1	11543	0	0	0	0	0	0
Biragzang__NODE_710_length_11542_cov_54.438496	1	11542	0	0	0	0	0	0
cell-4122-0-44_S10__NODE_164_length_11542_cov_17.388352	1	11542	0	0	0	0	0	0
Biragzang__NODE_711_length_11535_cov_35.456010	1	11535	0	0	0	0	0	0
Biragzang__NODE_712_length_11516_cov_31.437571	1	11516	0	0	0	0	0	0
MV-4122_S12__NODE_1216_length_11515_cov_48.393979	1	11515	0	0	0	0	0	0
cell-4122-0-44_S10__NODE_165_length_11511_cov_15.464036	1	11511	0	0	0	0	0	0
Biragzang__NODE_713_length_11503_cov_38.440077	1	11503	0	0	0	0	0	0
Biragzang__NODE_714_length_11500_cov_41.358410	1	11500	0	0	0	0	0	0
Biragzang__NODE_715_length_11483_cov_11.531677	1	11483	0	0	0	0	0	0
cell-4122-0-44_S10__NODE_166_length_11478_cov_10.141381	1	11478	0	0	0	0	0	0
Biragzang__NODE_716_length_11472_cov_43.929404	1	11472	0	0	0	0	0	0
Biragzang__NODE_717_length_11471_cov_13.363525	1	11471	0	0	0	0	0	0
Biragzang__NODE_718_length_11468_cov_11.539735	1	11468	0	0	0	0	0	0
Biragzang__NODE_719_length_11464_cov_9.712508	1	11464	0	0	0	0	0	0
cell-4122-0-44_S10__NODE_167_length_11459_cov_49.401877	1	11459	0	0	0	0	0	0
Biragzang__NODE_720_length_11458_cov_10.174515	1	11458	0	0	0	0	0	0
Biragzang__NODE_721_length_11454_cov_9.820598	1	11454	0	0	0	0	0	0
cell-4122-0-44_S10__NODE_168_length_11454_cov_51.145627	1	11454	0	0	0	0	0	0
Biragzang__NODE_722_length_11443_cov_46.690288	1	11443	0	0	0	0	0	0
MV-4122_S12__NODE_1224_length_11443_cov_8.271777	1	11443	0	0	0	0	0	0
cell-4122-0-44_S10__NODE_169_length_11435_cov_53.438840	1	11435	0	0	0	0	0	0
Biragzang__NODE_723_length_11425_cov_34.679859	1	11425	0	0	0	0	0	0
Biragzang__NODE_724_length_11424_cov_11.414548	1	11424	0	0	0	0	0	0
cell-4122-0-44_S10__NODE_170_length_11423_cov_21.058761	1	11423	0	0	0	0	0	0
Biragzang__NODE_725_length_11421_cov_8.986979	1	11421	0	0	0	0	0	0
Biragzang__NODE_726_length_11414_cov_52.770754	1	11414	0	0	0	0	0	0
Biragzang__NODE_727_length_11412_cov_15.345162	1	11412	0	0	0	0	0	0
Biragzang__NODE_728_length_11406_cov_36.855696	1	11406	0	0	0	0	0	0
Biragzang__NODE_729_length_11405_cov_10.287048	1	11405	0	0	0	0	0	0
MV-4122_S12__NODE_1229_length_11404_cov_8.011190	1	11404	0	0	0	0	0	0
MV-4122_S12__NODE_1231_length_11385_cov_40.578906	1	11385	0	0	0	0	0	0
Biragzang__NODE_730_length_11370_cov_29.119487	1	11370	0	0	0	0	0	0
Biragzang__NODE_731_length_11369_cov_7.743062	1	11369	0	0	0	0	0	0
MV-4122_S12__NODE_1234_length_11365_cov_59.306985	1	11365	0	0	0	0	0	0
Biragzang__NODE_732_length_11361_cov_28.542367	1	11361	0	0	0	0	0	0
Biragzang__NODE_733_length_11360_cov_6.133746	1	11360	0	0	0	0	0	0
Biragzang__NODE_734_length_11359_cov_5.511854	1	11359	0	0	0	0	0	0
Biragzang__NODE_735_length_11355_cov_8.669292	1	11355	0	0	0	0	0	0
Biragzang__NODE_736_length_11320_cov_50.312739	1	11320	0	0	0	0	0	0
Biragzang__NODE_737_length_11302_cov_18.639904	1	11302	0	0	0	0	0	0
Biragzang__NODE_738_length_11301_cov_13.458919	1	11301	0	0	0	0	0	0
Biragzang__NODE_739_length_11298_cov_34.822823	1	11298	0	0	0	0	0	0
Biragzang__NODE_740_length_11297_cov_19.073652	1	11297	0	0	0	0	0	0
Biragzang__NODE_741_length_11297_cov_14.509785	1	11297	0	0	0	0	0	0
cell-4122-0-44_S10__NODE_171_length_11297_cov_17.804928	1	11297	0	0	0	0	0	0
cell-4125-0-44_S16__NODE_67_length_11294_cov_6.655307	1	11294	0	0	0	0	0	0
Biragzang__NODE_742_length_11293_cov_25.546539	1	11293	0	0	0	0	0	0
MV-4122_S12__NODE_1243_length_11275_cov_6.798841	1	11275	0	0	0	0	0	0
Biragzang__NODE_743_length_11269_cov_11.521491	1	11269	0	0	0	0	0	0
Biragzang__NODE_744_length_11264_cov_31.210634	1	11264	0	0	0	0	0	0
Biragzang__NODE_745_length_11249_cov_48.152492	1	11249	0	0	0	0	0	0
Biragzang__NODE_746_length_11238_cov_67.400250	1	11238	0	0	0	0	0	0
MV-4122_S12__NODE_1247_length_11236_cov_32.513371	1	11236	0	0	0	0	0	0
Biragzang__NODE_747_length_11234_cov_8.823329	1	11234	0	0	0	0	0	0
Biragzang__NODE_748_length_11220_cov_5.952620	1	11220	0	0	0	0	0	0
Biragzang__NODE_749_length_11217_cov_7.295019	1	11217	0	0	0	0	0	0
cell-4122-0-44_S10__NODE_172_length_11216_cov_20.524595	1	11216	0	0	0	0	0	0
Biragzang__NODE_750_length_11212_cov_52.379224	1	11212	0	0	0	0	0	0
Biragzang__NODE_751_length_11212_cov_9.748230	1	11212	0	0	0	0	0	0
Biragzang__NODE_752_length_11210_cov_12.235320	1	11210	0	0	0	0	0	0
Biragzang__NODE_753_length_11210_cov_8.112954	1	11210	0	0	0	0	0	0
Biragzang__NODE_754_length_11203_cov_38.668640	1	11203	0	0	0	0	0	0
Biragzang__NODE_755_length_11200_cov_12.114132	1	11200	0	0	0	0	0	0
Biragzang__NODE_756_length_11171_cov_7.006837	1	11171	0	0	0	0	0	0
cell-4122-0-44_S10__NODE_173_length_11168_cov_42.282732	1	11168	0	0	0	0	0	0
Biragzang__NODE_757_length_11167_cov_18.440515	1	11167	0	0	0	0	0	0
Biragzang__NODE_758_length_11166_cov_11.975520	1	11166	0	0	0	0	0	0
Biragzang__NODE_759_length_11159_cov_33.021073	1	11159	0	0	0	0	0	0
Biragzang__NODE_760_length_11153_cov_11.411155	1	11153	0	0	0	0	0	0
Biragzang__NODE_761_length_11151_cov_36.073720	1	11151	0	0	0	0	0	0
Biragzang__NODE_762_length_11150_cov_10.937720	1	11150	0	0	0	0	0	0
Biragzang__NODE_763_length_11148_cov_34.292166	1	11148	0	0	0	0	0	0
Biragzang__NODE_764_length_11133_cov_11.426160	1	11133	0	0	0	0	0	0
Biragzang__NODE_765_length_11125_cov_72.701084	1	11125	0	0	0	0	0	0
Biragzang__NODE_766_length_11125_cov_34.827642	1	11125	0	0	0	0	0	0
Biragzang__NODE_767_length_11121_cov_7.477770	1	11121	0	0	0	0	0	0
cell-4122-0-44_S10__NODE_174_length_11108_cov_47.267167	1	11108	0	0	0	0	0	0
Biragzang__NODE_768_length_11100_cov_21.461023	1	11100	0	0	0	0	0	0
Biragzang__NODE_769_length_11097_cov_11.500000	1	11097	0	0	0	0	0	0
Biragzang__NODE_770_length_11087_cov_43.384790	1	11087	0	0	0	0	0	0
Biragzang__NODE_771_length_11079_cov_9.260250	1	11079	0	0	0	0	0	0
Biragzang__NODE_772_length_11067_cov_11.126952	1	11067	0	0	0	0	0	0
Biragzang__NODE_773_length_11067_cov_6.343898	1	11067	0	0	0	0	0	0
Biragzang__NODE_774_length_11060_cov_8.676420	1	11060	0	0	0	0	0	0
Biragzang__NODE_775_length_11055_cov_5.927909	1	11055	0	0	0	0	0	0
Biragzang__NODE_776_length_11049_cov_13.634892	1	11049	0	0	0	0	0	0
Biragzang__NODE_777_length_11049_cov_6.862107	1	11049	0	0	0	0	0	0
Biragzang__NODE_778_length_11045_cov_31.845678	1	11045	0	0	0	0	0	0
Biragzang__NODE_779_length_11037_cov_33.721726	1	11037	0	0	0	0	0	0
MV-4122_S12__NODE_1264_length_11034_cov_37.314783	1	11034	0	0	0	0	0	0
Biragzang__NODE_780_length_11020_cov_34.453260	1	11020	0	0	0	0	0	0
Biragzang__NODE_781_length_11018_cov_45.890267	1	11018	0	0	0	0	0	0
Biragzang__NODE_782_length_11018_cov_30.354647	1	11018	0	0	0	0	0	0
Biragzang__NODE_783_length_11016_cov_16.870906	1	11016	0	0	0	0	0	0
Biragzang__NODE_784_length_11013_cov_12.139168	1	11013	0	0	0	0	0	0
Biragzang__NODE_785_length_11005_cov_8.292877	1	11005	0	0	0	0	0	0
Biragzang__NODE_786_length_10997_cov_11.119631	1	10997	0	0	0	0	0	0
Biragzang__NODE_787_length_10997_cov_6.748401	1	10997	0	0	0	0	0	0
Biragzang__NODE_788_length_10985_cov_9.453156	1	10985	0	0	0	0	0	0
Biragzang__NODE_789_length_10983_cov_17.399433	1	10983	0	0	0	0	0	0
MV-4122_S12__NODE_1272_length_10979_cov_12.282040	1	10979	0	0	0	0	0	0
Biragzang__NODE_790_length_10977_cov_7.247299	1	10977	0	0	0	0	0	0
cell-4122-0-44_S10__NODE_175_length_10965_cov_640.705500	1	10965	0	0	0	0	0	0
Biragzang__NODE_791_length_10963_cov_16.336175	1	10963	0	0	0	0	0	0
cell-4122-0-44_S10__NODE_176_length_10961_cov_18.755914	1	10961	0	0	0	0	0	0
cell-4122-0-44_S10__NODE_177_length_10951_cov_18.389042	1	10951	0	0	0	0	0	0
Biragzang__NODE_792_length_10948_cov_12.561461	1	10948	0	0	0	0	0	0
Biragzang__NODE_793_length_10947_cov_12.402864	1	10947	0	0	0	0	0	0
Biragzang__NODE_794_length_10939_cov_10.473815	1	10939	0	0	0	0	0	0
Biragzang__NODE_795_length_10921_cov_9.059267	1	10921	0	0	0	0	0	0
MV-4122_S12__NODE_1278_length_10913_cov_42.004144	1	10913	0	0	0	0	0	0
Biragzang__NODE_796_length_10912_cov_15.987474	1	10912	0	0	0	0	0	0
MV-4122_S12__NODE_1281_length_10910_cov_8.559558	1	10910	0	0	0	0	0	0
Biragzang__NODE_797_length_10907_cov_43.367306	1	10907	0	0	0	0	0	0
Biragzang__NODE_798_length_10906_cov_26.086444	1	10906	0	0	0	0	0	0
Biragzang__NODE_799_length_10905_cov_54.956221	1	10905	0	0	0	0	0	0
cell-4122-0-44_S10__NODE_178_length_10886_cov_81.482319	1	10886	0	0	0	0	0	0
Biragzang__NODE_800_length_10884_cov_11.147013	1	10884	0	0	0	0	0	0
MV-4122_S12__NODE_1283_length_10881_cov_46.886385	1	10881	0	0	0	0	0	0
MV-4122_S12__NODE_1284_length_10880_cov_27.960924	1	10880	0	0	0	0	0	0
MV-4122_S12__NODE_1289_length_10861_cov_6.549602	1	10861	0	0	0	0	0	0
Biragzang__NODE_801_length_10858_cov_13.617791	1	10858	0	0	0	0	0	0
Biragzang__NODE_802_length_10848_cov_6.403410	1	10848	0	0	0	0	0	0
cell-4125-0-44_S16__NODE_75_length_10831_cov_9.987101	1	10831	0	0	0	0	0	0
cell-4122-0-44_S10__NODE_179_length_10824_cov_26.671743	1	10824	0	0	0	0	0	0
cell-4122-0-44_S10__NODE_180_length_10820_cov_58.589131	1	10820	0	0	0	0	0	0
Biragzang__NODE_803_length_10817_cov_6.132317	1	10817	0	0	0	0	0	0
Biragzang__NODE_804_length_10813_cov_41.514315	1	10813	0	0	0	0	0	0
cell-4122-0-44_S10__NODE_181_length_10813_cov_12.036717	1	10813	0	0	0	0	0	0
Biragzang__NODE_805_length_10812_cov_14.142419	1	10812	0	0	0	0	0	0
Biragzang__NODE_806_length_10807_cov_16.858259	1	10807	0	0	0	0	0	0
Biragzang__NODE_807_length_10804_cov_55.904363	1	10804	0	0	0	0	0	0
MV-4122_S12__NODE_1297_length_10794_cov_42.850545	1	10794	0	0	0	0	0	0
Biragzang__NODE_808_length_10793_cov_32.181784	1	10793	0	0	0	0	0	0
Biragzang__NODE_809_length_10791_cov_11.834855	1	10791	0	0	0	0	0	0
cell-4122-0-44_S10__NODE_182_length_10790_cov_20.538891	1	10790	0	0	0	0	0	0
Biragzang__NODE_810_length_10788_cov_13.061958	1	10788	0	0	0	0	0	0
Biragzang__NODE_811_length_10786_cov_12.491753	1	10786	0	0	0	0	0	0
Biragzang__NODE_812_length_10783_cov_11.579884	1	10783	0	0	0	0	0	0
Biragzang__NODE_813_length_10781_cov_15.775219	1	10781	0	0	0	0	0	0
Biragzang__NODE_814_length_10778_cov_7.059125	1	10778	0	0	0	0	0	0
MV-4122_S12__NODE_1299_length_10776_cov_36.102602	1	10776	0	0	0	0	0	0
Biragzang__NODE_815_length_10753_cov_9.984203	1	10753	0	0	0	0	0	0
cell-4125-0-44_S16__NODE_78_length_10752_cov_7.782649	1	10752	0	0	0	0	0	0
Biragzang__NODE_816_length_10748_cov_15.015805	1	10748	0	0	0	0	0	0
MV-4122_S12__NODE_1305_length_10744_cov_7.879689	1	10744	0	0	0	0	0	0
Biragzang__NODE_817_length_10727_cov_52.501406	1	10727	0	0	0	0	0	0
Biragzang__NODE_818_length_10716_cov_9.610731	1	10716	0	0	0	0	0	0
cell-4122-0-44_S10__NODE_183_length_10706_cov_14.701624	1	10706	0	0	0	0	0	0
Biragzang__NODE_819_length_10683_cov_38.531615	1	10683	0	0	0	0	0	0
Biragzang__NODE_820_length_10681_cov_8.051478	1	10681	0	0	0	0	0	0
Biragzang__NODE_821_length_10679_cov_50.900038	1	10679	0	0	0	0	0	0
Biragzang__NODE_822_length_10675_cov_11.867891	1	10675	0	0	0	0	0	0
Biragzang__NODE_823_length_10675_cov_8.154520	1	10675	0	0	0	0	0	0
cell-4125-0-44_S16__NODE_83_length_10673_cov_7.815125	1	10673	0	0	0	0	0	0
Biragzang__NODE_824_length_10672_cov_10.098992	1	10672	0	0	0	0	0	0
Biragzang__NODE_825_length_10671_cov_10.655237	1	10671	0	0	0	0	0	0
cell-4122-0-44_S10__NODE_184_length_10669_cov_13.842190	1	10669	0	0	0	0	0	0
Biragzang__NODE_826_length_10653_cov_38.975844	1	10653	0	0	0	0	0	0
Biragzang__NODE_827_length_10647_cov_40.176548	1	10647	0	0	0	0	0	0
cell-4125-0-44_S16__NODE_84_length_10646_cov_7.061184	1	10646	0	0	0	0	0	0
cell-4122-0-44_S10__NODE_185_length_10644_cov_20.013127	1	10644	0	0	0	0	0	0
Biragzang__NODE_828_length_10642_cov_11.830547	1	10642	0	0	0	0	0	0
Biragzang__NODE_829_length_10641_cov_43.751370	1	10641	0	0	0	0	0	0
Biragzang__NODE_830_length_10637_cov_11.528161	1	10637	0	0	0	0	0	0
Biragzang__NODE_831_length_10634_cov_12.300123	1	10634	0	0	0	0	0	0
MV-4122_S12__NODE_1317_length_10629_cov_8.070929	1	10629	0	0	0	0	0	0
Biragzang__NODE_832_length_10625_cov_5.688363	1	10625	0	0	0	0	0	0
Biragzang__NODE_833_length_10613_cov_35.367020	1	10613	0	0	0	0	0	0
Biragzang__NODE_834_length_10606_cov_25.886172	1	10606	0	0	0	0	0	0
Biragzang__NODE_835_length_10604_cov_64.745379	1	10604	0	0	0	0	0	0
cell-4122-0-44_S10__NODE_186_length_10604_cov_54.743104	1	10604	0	0	0	0	0	0
MV-4122_S12__NODE_1324_length_10599_cov_41.098350	1	10599	0	0	0	0	0	0
cell-4122-0-44_S10__NODE_187_length_10592_cov_67.956724	1	10592	0	0	0	0	0	0
Biragzang__NODE_836_length_10586_cov_34.106543	1	10586	0	0	0	0	0	0
Biragzang__NODE_837_length_10582_cov_32.202812	1	10582	0	0	0	0	0	0
Biragzang__NODE_838_length_10573_cov_35.421848	1	10573	0	0	0	0	0	0
Biragzang__NODE_839_length_10572_cov_16.211467	1	10572	0	0	0	0	0	0
Biragzang__NODE_840_length_10567_cov_47.475552	1	10567	0	0	0	0	0	0
cell-4122-0-44_S10__NODE_188_length_10566_cov_51.148796	1	10566	0	0	0	0	0	0
Biragzang__NODE_841_length_10547_cov_27.651544	1	10547	0	0	0	0	0	0
Biragzang__NODE_842_length_10538_cov_31.286559	1	10538	0	0	0	0	0	0
Biragzang__NODE_843_length_10536_cov_26.909551	1	10536	0	0	0	0	0	0
cell-4122-0-44_S10__NODE_189_length_10519_cov_516.845757	1	10519	0	0	0	0	0	0
Biragzang__NODE_844_length_10515_cov_5.990249	1	10515	0	0	0	0	0	0
Biragzang__NODE_845_length_10514_cov_10.143130	1	10514	0	0	0	0	0	0
Biragzang__NODE_846_length_10514_cov_7.054499	1	10514	0	0	0	0	0	0
cell-4122-0-44_S10__NODE_190_length_10514_cov_43.605412	1	10514	0	0	0	0	0	0
Biragzang__NODE_847_length_10505_cov_6.178756	1	10505	0	0	0	0	0	0
MV-4122_S12__NODE_1334_length_10503_cov_8.561256	1	10503	0	0	0	0	0	0
Biragzang__NODE_848_length_10492_cov_12.808566	1	10492	0	0	0	0	0	0
Biragzang__NODE_849_length_10488_cov_8.429119	1	10488	0	0	0	0	0	0
Biragzang__NODE_850_length_10477_cov_48.039628	1	10477	0	0	0	0	0	0
cell-4122-0-44_S10__NODE_191_length_10470_cov_68.609602	1	10470	0	0	0	0	0	0
Biragzang__NODE_851_length_10468_cov_6.477672	1	10468	0	0	0	0	0	0
Biragzang__NODE_852_length_10462_cov_39.170654	1	10462	0	0	0	0	0	0
Biragzang__NODE_853_length_10460_cov_23.733205	1	10460	0	0	0	0	0	0
Biragzang__NODE_854_length_10456_cov_8.633497	1	10456	0	0	0	0	0	0
Biragzang__NODE_855_length_10449_cov_43.985761	1	10449	0	0	0	0	0	0
cell-4122-0-44_S10__NODE_192_length_10448_cov_19.912922	1	10448	0	0	0	0	0	0
Biragzang__NODE_856_length_10447_cov_50.972768	1	10447	0	0	0	0	0	0
Biragzang__NODE_857_length_10430_cov_43.566843	1	10430	0	0	0	0	0	0
Biragzang__NODE_858_length_10418_cov_11.150922	1	10418	0	0	0	0	0	0
Biragzang__NODE_859_length_10416_cov_10.150275	1	10416	0	0	0	0	0	0
Biragzang__NODE_860_length_10410_cov_9.021149	1	10410	0	0	0	0	0	0
Biragzang__NODE_861_length_10406_cov_48.350014	1	10406	0	0	0	0	0	0
Biragzang__NODE_862_length_10406_cov_7.113033	1	10406	0	0	0	0	0	0
MV-4122_S12__NODE_1345_length_10398_cov_8.455380	1	10398	0	0	0	0	0	0
cell-4122-0-44_S10__NODE_193_length_10394_cov_14.748912	1	10394	0	0	0	0	0	0
Biragzang__NODE_863_length_10392_cov_7.983941	1	10392	0	0	0	0	0	0
Biragzang__NODE_864_length_10385_cov_8.589158	1	10385	0	0	0	0	0	0
cell-4122-0-44_S10__NODE_194_length_10385_cov_750.506292	1	10385	0	0	0	0	0	0
cell-4122-0-44_S10__NODE_195_length_10377_cov_59.963670	1	10377	0	0	0	0	0	0
Biragzang__NODE_865_length_10376_cov_9.398605	1	10376	0	0	0	0	0	0
Biragzang__NODE_866_length_10372_cov_56.394979	1	10372	0	0	0	0	0	0
Biragzang__NODE_867_length_10363_cov_11.989329	1	10363	0	0	0	0	0	0
cell-4125-0-44_S16__NODE_89_length_10362_cov_7.833802	1	10362	0	0	0	0	0	0
Biragzang__NODE_868_length_10357_cov_8.222772	1	10357	0	0	0	0	0	0
MV-4122_S12__NODE_1350_length_10355_cov_7.646796	1	10355	0	0	0	0	0	0
cell-4122-0-44_S10__NODE_196_length_10352_cov_52.946975	1	10352	0	0	0	0	0	0
cell-4125-0-44_S16__NODE_90_length_10352_cov_6.615616	1	10352	0	0	0	0	0	0
Biragzang__NODE_869_length_10351_cov_50.100233	1	10351	0	0	0	0	0	0
Biragzang__NODE_870_length_10345_cov_25.213508	1	10345	0	0	0	0	0	0
Biragzang__NODE_871_length_10343_cov_47.149495	1	10343	0	0	0	0	0	0
Biragzang__NODE_872_length_10336_cov_28.992121	1	10336	0	0	0	0	0	0
cell-4122-0-44_S10__NODE_197_length_10334_cov_27.849791	1	10334	0	0	0	0	0	0
cell-4122-0-44_S10__NODE_198_length_10333_cov_26.070734	1	10333	0	0	0	0	0	0
Biragzang__NODE_873_length_10318_cov_50.292897	1	10318	0	0	0	0	0	0
cell-4122-0-44_S10__NODE_199_length_10313_cov_40.125171	1	10313	0	0	0	0	0	0
MV-4122_S12__NODE_1353_length_10311_cov_28.891673	1	10311	0	0	0	0	0	0
Biragzang__NODE_874_length_10286_cov_44.662887	1	10286	0	0	0	0	0	0
Biragzang__NODE_875_length_10284_cov_6.031479	1	10284	0	0	0	0	0	0
Biragzang__NODE_876_length_10274_cov_10.556415	1	10274	0	0	0	0	0	0
Biragzang__NODE_877_length_10269_cov_14.725181	1	10269	0	0	0	0	0	0
Biragzang__NODE_878_length_10267_cov_15.371230	1	10267	0	0	0	0	0	0
Biragzang__NODE_879_length_10256_cov_10.516812	1	10256	0	0	0	0	0	0
Biragzang__NODE_880_length_10252_cov_9.656468	1	10252	0	0	0	0	0	0
Biragzang__NODE_881_length_10247_cov_12.236754	1	10247	0	0	0	0	0	0
Biragzang__NODE_882_length_10244_cov_32.639709	1	10244	0	0	0	0	0	0
MV-4122_S12__NODE_1361_length_10242_cov_41.314028	1	10242	0	0	0	0	0	0
Biragzang__NODE_883_length_10238_cov_12.184032	1	10238	0	0	0	0	0	0
Biragzang__NODE_884_length_10232_cov_7.582392	1	10232	0	0	0	0	0	0
Biragzang__NODE_885_length_10229_cov_50.448300	1	10229	0	0	0	0	0	0
Biragzang__NODE_886_length_10220_cov_13.598819	1	10220	0	0	0	0	0	0
MV-4122_S12__NODE_1364_length_10209_cov_10.507091	1	10209	0	0	0	0	0	0
cell-4122-0-44_S10__NODE_200_length_10207_cov_9.648739	1	10207	0	0	0	0	0	0
cell-4122-0-44_S10__NODE_201_length_10203_cov_69.872093	1	10203	0	0	0	0	0	0
Biragzang__NODE_887_length_10201_cov_9.046915	1	10201	0	0	0	0	0	0
cell-4122-0-44_S10__NODE_202_length_10200_cov_70.531395	1	10200	0	0	0	0	0	0
Biragzang__NODE_888_length_10197_cov_11.219976	1	10197	0	0	0	0	0	0
cell-4122-0-44_S10__NODE_203_length_10195_cov_61.450099	1	10195	0	0	0	0	0	0
MV-4122_S12__NODE_1368_length_10187_cov_7.161666	1	10187	0	0	0	0	0	0
Biragzang__NODE_890_length_10177_cov_8.094547	1	10177	0	0	0	0	0	0
Biragzang__NODE_891_length_10176_cov_11.838059	1	10176	0	0	0	0	0	0
cell-4122-0-22_S11__NODE_73_length_10169_cov_11.500692	1	10169	0	0	0	0	0	0
Biragzang__NODE_892_length_10167_cov_31.498220	1	10167	0	0	0	0	0	0
cell-4125-0-44_S16__NODE_93_length_10167_cov_5.869264	1	10167	0	0	0	0	0	0
Biragzang__NODE_893_length_10164_cov_46.507172	1	10164	0	0	0	0	0	0
Biragzang__NODE_894_length_10162_cov_35.722371	1	10162	0	0	0	0	0	0
Biragzang__NODE_895_length_10152_cov_6.801228	1	10152	0	0	0	0	0	0
Biragzang__NODE_896_length_10149_cov_28.846741	1	10149	0	0	0	0	0	0
cell-4122-0-44_S10__NODE_204_length_10144_cov_53.442462	1	10144	0	0	0	0	0	0
MV-4122_S12__NODE_1376_length_10141_cov_46.045905	1	10141	0	0	0	0	0	0
cell-4125-0-44_S16__NODE_94_length_10140_cov_6.460387	1	10140	0	0	0	0	0	0
Biragzang__NODE_897_length_10133_cov_41.095753	1	10133	0	0	0	0	0	0
Biragzang__NODE_898_length_10131_cov_12.019849	1	10131	0	0	0	0	0	0
Biragzang__NODE_899_length_10127_cov_7.883539	1	10127	0	0	0	0	0	0
Biragzang__NODE_900_length_10115_cov_12.918588	1	10115	0	0	0	0	0	0
MV-4122_S12__NODE_1385_length_10111_cov_20.295943	1	10111	0	0	0	0	0	0
Biragzang__NODE_901_length_10109_cov_10.550229	1	10109	0	0	0	0	0	0
Biragzang__NODE_902_length_10098_cov_48.465100	1	10098	0	0	0	0	0	0
Biragzang__NODE_903_length_10093_cov_7.274258	1	10093	0	0	0	0	0	0
Biragzang__NODE_904_length_10091_cov_7.638900	1	10091	0	0	0	0	0	0
Biragzang__NODE_905_length_10091_cov_6.245018	1	10091	0	0	0	0	0	0
Biragzang__NODE_906_length_10089_cov_66.612916	1	10089	0	0	0	0	0	0
Biragzang__NODE_907_length_10084_cov_48.763785	1	10084	0	0	0	0	0	0
MV-4122_S12__NODE_1389_length_10072_cov_9.020964	1	10072	0	0	0	0	0	0
Biragzang__NODE_908_length_10062_cov_13.835515	1	10062	0	0	0	0	0	0
cell-4125-0-44_S16__NODE_97_length_10061_cov_7.182990	1	10061	0	0	0	0	0	0
cell-4125-0-44_S16__NODE_98_length_10042_cov_6.913287	1	10042	0	0	0	0	0	0
cell-4122-0-44_S10__NODE_205_length_10038_cov_11.420815	1	10038	0	0	0	0	0	0
Biragzang__NODE_909_length_10036_cov_39.861136	1	10036	0	0	0	0	0	0
cell-4122-0-44_S10__NODE_206_length_10032_cov_15.105242	1	10032	0	0	0	0	0	0
Biragzang__NODE_910_length_10029_cov_12.354923	1	10029	0	0	0	0	0	0
Biragzang__NODE_911_length_10012_cov_7.421613	1	10012	0	0	0	0	0	0
MV-4122_S12__NODE_1398_length_10012_cov_38.706136	1	10012	0	0	0	0	0	0
Biragzang__NODE_912_length_10011_cov_14.189634	1	10011	0	0	0	0	0	0
cell-4125-0-44_S16__NODE_100_length_10006_cov_6.524068	1	10006	0	0	0	0	0	0
Biragzang__NODE_913_length_10004_cov_5.827118	1	10004	0	0	0	0	0	0
Biragzang__NODE_914_length_9998_cov_40.139797	1	9998	0	0	0	0	0	0
Biragzang__NODE_915_length_9996_cov_6.949804	1	9996	0	0	0	0	0	0
Biragzang__NODE_916_length_9995_cov_11.110463	1	9995	0	0	0	0	0	0
Biragzang__NODE_917_length_9994_cov_10.925445	1	9994	0	0	0	0	0	0
Biragzang__NODE_918_length_9987_cov_8.988321	1	9987	0	0	0	0	0	0
MV-4122_S12__NODE_1402_length_9985_cov_7.694763	1	9985	0	0	0	0	0	0
Biragzang__NODE_919_length_9976_cov_43.541578	1	9976	0	0	0	0	0	0
Biragzang__NODE_921_length_9976_cov_14.024292	1	9976	0	0	0	0	0	0
Biragzang__NODE_922_length_9974_cov_8.502672	1	9974	0	0	0	0	0	0
Biragzang__NODE_923_length_9972_cov_11.419683	1	9972	0	0	0	0	0	0
MV-4122_S12__NODE_1406_length_9962_cov_8.635712	1	9962	0	0	0	0	0	0
Biragzang__NODE_924_length_9960_cov_13.241494	1	9960	0	0	0	0	0	0
Biragzang__NODE_925_length_9954_cov_13.437317	1	9954	0	0	0	0	0	0
Biragzang__NODE_926_length_9951_cov_53.047898	1	9951	0	0	0	0	0	0
cell-4122-0-44_S10__NODE_207_length_9946_cov_12.593368	1	9946	0	0	0	0	0	0
cell-4125-0-44_S16__NODE_101_length_9944_cov_8.979270	1	9944	0	0	0	0	0	0
Biragzang__NODE_927_length_9931_cov_17.571081	1	9931	0	0	0	0	0	0
cell-4125-0-44_S16__NODE_102_length_9930_cov_7.824506	1	9930	0	0	0	0	0	0
Biragzang__NODE_928_length_9929_cov_10.273243	1	9929	0	0	0	0	0	0
Biragzang__NODE_929_length_9929_cov_7.240024	1	9929	0	0	0	0	0	0
Biragzang__NODE_930_length_9914_cov_48.591541	1	9914	0	0	0	0	0	0
cell-4122-0-44_S10__NODE_208_length_9913_cov_29.531447	1	9913	0	0	0	0	0	0
cell-4122-0-44_S10__NODE_209_length_9908_cov_52.564194	1	9908	0	0	0	0	0	0
Biragzang__NODE_931_length_9897_cov_12.936700	1	9897	0	0	0	0	0	0
MV-4122_S12__NODE_1419_length_9897_cov_41.711644	1	9897	0	0	0	0	0	0
cell-4125-0-44_S16__NODE_104_length_9894_cov_7.913914	1	9894	0	0	0	0	0	0
cell-4125-0-44_S16__NODE_105_length_9885_cov_6.950763	1	9885	0	0	0	0	0	0
Biragzang__NODE_932_length_9864_cov_14.917219	1	9864	0	0	0	0	0	0
Biragzang__NODE_933_length_9856_cov_15.851648	1	9856	0	0	0	0	0	0
Biragzang__NODE_934_length_9851_cov_35.164149	1	9851	0	0	0	0	0	0
Biragzang__NODE_935_length_9850_cov_5.559775	1	9850	0	0	0	0	0	0
MV-4122_S12__NODE_1427_length_9848_cov_39.229041	1	9848	0	0	0	0	0	0
cell-4122-0-44_S10__NODE_210_length_9847_cov_44.878574	1	9847	0	0	0	0	0	0
Biragzang__NODE_936_length_9845_cov_40.083759	1	9845	0	0	0	0	0	0
Biragzang__NODE_937_length_9844_cov_15.286853	1	9844	0	0	0	0	0	0
cell-4122-0-44_S10__NODE_211_length_9844_cov_40.870875	1	9844	0	0	0	0	0	0
Biragzang__NODE_938_length_9843_cov_8.021046	1	9843	0	0	0	0	0	0
cell-4122-0-44_S10__NODE_212_length_9841_cov_61.445126	1	9841	0	0	0	0	0	0
cell-4125-0-44_S16__NODE_106_length_9841_cov_6.751788	1	9841	0	0	0	0	0	0
Biragzang__NODE_939_length_9836_cov_41.411001	1	9836	0	0	0	0	0	0
Biragzang__NODE_940_length_9836_cov_37.455270	1	9836	0	0	0	0	0	0
MV-4122_S12__NODE_1430_length_9832_cov_34.368211	1	9832	0	0	0	0	0	0
Biragzang__NODE_941_length_9824_cov_7.006551	1	9824	0	0	0	0	0	0
Biragzang__NODE_942_length_9822_cov_11.829835	1	9822	0	0	0	0	0	0
Biragzang__NODE_943_length_9819_cov_17.300184	1	9819	0	0	0	0	0	0
Biragzang__NODE_944_length_9817_cov_13.682647	1	9817	0	0	0	0	0	0
cell-4122-0-44_S10__NODE_213_length_9811_cov_46.382124	1	9811	0	0	0	0	0	0
MV-4122_S12__NODE_1432_length_9806_cov_8.285099	1	9806	0	0	0	0	0	0
Biragzang__NODE_945_length_9805_cov_11.260615	1	9805	0	0	0	0	0	0
cell-4125-0-44_S16__NODE_107_length_9798_cov_20.242123	1	9798	0	0	0	0	0	0
Biragzang__NODE_946_length_9796_cov_27.821374	1	9796	0	0	0	0	0	0
Biragzang__NODE_947_length_9793_cov_6.277983	1	9793	0	0	0	0	0	0
cell-4125-0-44_S16__NODE_108_length_9790_cov_5.757884	1	9790	0	0	0	0	0	0
Biragzang__NODE_948_length_9789_cov_14.739984	1	9789	0	0	0	0	0	0
Biragzang__NODE_949_length_9783_cov_14.926295	1	9783	0	0	0	0	0	0
Biragzang__NODE_950_length_9782_cov_27.434975	1	9782	0	0	0	0	0	0
Biragzang__NODE_951_length_9776_cov_12.955766	1	9776	0	0	0	0	0	0
Biragzang__NODE_952_length_9772_cov_27.380158	1	9772	0	0	0	0	0	0
Biragzang__NODE_953_length_9771_cov_14.441231	1	9771	0	0	0	0	0	0
Biragzang__NODE_954_length_9769_cov_19.362467	1	9769	0	0	0	0	0	0
Biragzang__NODE_955_length_9764_cov_10.120713	1	9764	0	0	0	0	0	0
Biragzang__NODE_956_length_9746_cov_9.463832	1	9746	0	0	0	0	0	0
cell-4122-0-44_S10__NODE_215_length_9742_cov_15.072778	1	9742	0	0	0	0	0	0
Biragzang__NODE_957_length_9739_cov_6.414188	1	9739	0	0	0	0	0	0
MV-4122_S12__NODE_1441_length_9735_cov_39.259607	1	9735	0	0	0	0	0	0
Biragzang__NODE_958_length_9725_cov_50.947880	1	9725	0	0	0	0	0	0
cell-4122-0-44_S10__NODE_216_length_9709_cov_15.827533	1	9709	0	0	0	0	0	0
Biragzang__NODE_959_length_9705_cov_37.659793	1	9705	0	0	0	0	0	0
Biragzang__NODE_960_length_9695_cov_9.226349	1	9695	0	0	0	0	0	0
Biragzang__NODE_961_length_9694_cov_27.791161	1	9694	0	0	0	0	0	0
Biragzang__NODE_962_length_9692_cov_7.366504	1	9692	0	0	0	0	0	0
cell-4125-0-44_S16__NODE_113_length_9684_cov_25.434001	1	9684	0	0	0	0	0	0
cell-4122-0-44_S10__NODE_217_length_9681_cov_13.589653	1	9681	0	0	0	0	0	0
Biragzang__NODE_963_length_9677_cov_7.041675	1	9677	0	0	0	0	0	0
Biragzang__NODE_964_length_9662_cov_9.949308	1	9662	0	0	0	0	0	0
Biragzang__NODE_965_length_9658_cov_6.654587	1	9658	0	0	0	0	0	0
Biragzang__NODE_966_length_9650_cov_43.142157	1	9650	0	0	0	0	0	0
Biragzang__NODE_967_length_9648_cov_26.195455	1	9648	0	0	0	0	0	0
MV-4122_S12__NODE_1452_length_9645_cov_8.698644	1	9645	0	0	0	0	0	0
Biragzang__NODE_968_length_9637_cov_8.035901	1	9637	0	0	0	0	0	0
Biragzang__NODE_969_length_9636_cov_19.844380	1	9636	0	0	0	0	0	0
MV-4122_S12__NODE_1455_length_9636_cov_6.692725	1	9636	0	0	0	0	0	0
Biragzang__NODE_970_length_9634_cov_11.786512	1	9634	0	0	0	0	0	0
cell-4122-0-22_S11__NODE_83_length_9634_cov_165.785051	1	9634	0	0	0	0	0	0
Biragzang__NODE_971_length_9613_cov_7.642498	1	9613	0	0	0	0	0	0
Biragzang__NODE_972_length_9606_cov_42.606219	1	9606	0	0	0	0	0	0
Biragzang__NODE_973_length_9605_cov_35.501361	1	9605	0	0	0	0	0	0
Biragzang__NODE_974_length_9604_cov_49.746675	1	9604	0	0	0	0	0	0
Biragzang__NODE_975_length_9603_cov_9.620758	1	9603	0	0	0	0	0	0
Biragzang__NODE_976_length_9602_cov_6.912014	1	9602	0	0	0	0	0	0
MV-4122_S12__NODE_1460_length_9600_cov_7.090938	1	9600	0	0	0	0	0	0
MV-4122_S12__NODE_1461_length_9593_cov_34.767456	1	9593	0	0	0	0	0	0
Biragzang__NODE_977_length_9591_cov_11.290373	1	9591	0	0	0	0	0	0
Biragzang__NODE_978_length_9588_cov_14.046470	1	9588	0	0	0	0	0	0
cell-4122-0-44_S10__NODE_220_length_9583_cov_44.038413	1	9583	0	0	0	0	0	0
Biragzang__NODE_979_length_9579_cov_11.351953	1	9579	0	0	0	0	0	0
cell-4122-0-44_S10__NODE_221_length_9579_cov_16.859513	1	9579	0	0	0	0	0	0
Biragzang__NODE_980_length_9576_cov_55.018170	1	9576	0	0	0	0	0	0
cell-4122-0-44_S10__NODE_222_length_9575_cov_14.680777	1	9575	0	0	0	0	0	0
cell-4122-0-44_S10__NODE_223_length_9575_cov_14.182458	1	9575	0	0	0	0	0	0
Biragzang__NODE_981_length_9560_cov_6.316465	1	9560	0	0	0	0	0	0
MV-4122_S12__NODE_1465_length_9555_cov_7.724737	1	9555	0	0	0	0	0	0
Biragzang__NODE_982_length_9543_cov_15.783621	1	9543	0	0	0	0	0	0
Biragzang__NODE_983_length_9528_cov_13.359548	1	9528	0	0	0	0	0	0
MV-4122_S12__NODE_1471_length_9520_cov_8.908294	1	9520	0	0	0	0	0	0
MV-4122_S12__NODE_1472_length_9519_cov_6.746619	1	9519	0	0	0	0	0	0
cell-4122-0-44_S10__NODE_224_length_9518_cov_57.433583	1	9518	0	0	0	0	0	0
Biragzang__NODE_984_length_9511_cov_43.073393	1	9511	0	0	0	0	0	0
MV-4122_S12__NODE_1473_length_9506_cov_27.882658	1	9506	0	0	0	0	0	0
cell-4122-0-44_S10__NODE_225_length_9506_cov_10.085599	1	9506	0	0	0	0	0	0
Biragzang__NODE_985_length_9499_cov_16.490576	1	9499	0	0	0	0	0	0
MV-4122_S12__NODE_1474_length_9499_cov_51.915078	1	9499	0	0	0	0	0	0
Biragzang__NODE_986_length_9497_cov_6.466109	1	9497	0	0	0	0	0	0
cell-4122-0-44_S10__NODE_226_length_9494_cov_13.186990	1	9494	0	0	0	0	0	0
Biragzang__NODE_987_length_9488_cov_27.599809	1	9488	0	0	0	0	0	0
Biragzang__NODE_988_length_9486_cov_8.382462	1	9486	0	0	0	0	0	0
Biragzang__NODE_989_length_9485_cov_14.846766	1	9485	0	0	0	0	0	0
Biragzang__NODE_990_length_9483_cov_10.045397	1	9483	0	0	0	0	0	0
Biragzang__NODE_991_length_9479_cov_49.344228	1	9479	0	0	0	0	0	0
Biragzang__NODE_992_length_9476_cov_10.106358	1	9476	0	0	0	0	0	0
Biragzang__NODE_993_length_9469_cov_39.031443	1	9469	0	0	0	0	0	0
Biragzang__NODE_994_length_9468_cov_25.344205	1	9468	0	0	0	0	0	0
Biragzang__NODE_995_length_9463_cov_13.159864	1	9463	0	0	0	0	0	0
Biragzang__NODE_996_length_9459_cov_7.042110	1	9459	0	0	0	0	0	0
Biragzang__NODE_997_length_9457_cov_10.180068	1	9457	0	0	0	0	0	0
Biragzang__NODE_998_length_9457_cov_7.926505	1	9457	0	0	0	0	0	0
Biragzang__NODE_1000_length_9456_cov_12.641740	1	9456	0	0	0	0	0	0
Biragzang__NODE_999_length_9456_cov_13.198702	1	9456	0	0	0	0	0	0
Biragzang__NODE_1001_length_9447_cov_9.543548	1	9447	0	0	0	0	0	0
Biragzang__NODE_1002_length_9445_cov_7.602449	1	9445	0	0	0	0	0	0
Biragzang__NODE_1003_length_9442_cov_69.901779	1	9442	0	0	0	0	0	0
Biragzang__NODE_1004_length_9439_cov_23.535699	1	9439	0	0	0	0	0	0
Biragzang__NODE_1005_length_9439_cov_6.484655	1	9439	0	0	0	0	0	0
Biragzang__NODE_1006_length_9437_cov_37.966851	1	9437	0	0	0	0	0	0
Biragzang__NODE_1007_length_9435_cov_34.435394	1	9435	0	0	0	0	0	0
cell-4122-0-44_S10__NODE_227_length_9435_cov_40.007569	1	9435	0	0	0	0	0	0
Biragzang__NODE_1008_length_9432_cov_11.998080	1	9432	0	0	0	0	0	0
cell-4122-0-44_S10__NODE_228_length_9429_cov_12.764135	1	9429	0	0	0	0	0	0
Biragzang__NODE_1009_length_9419_cov_29.723622	1	9419	0	0	0	0	0	0
MV-4122_S12__NODE_1484_length_9414_cov_39.252164	1	9414	0	0	0	0	0	0
Biragzang__NODE_1010_length_9412_cov_9.872288	1	9412	0	0	0	0	0	0
Biragzang__NODE_1011_length_9405_cov_6.469198	1	9405	0	0	0	0	0	0
Biragzang__NODE_1012_length_9401_cov_34.070939	1	9401	0	0	0	0	0	0
cell-4125-0-44_S16__NODE_119_length_9399_cov_18.974422	1	9399	0	0	0	0	0	0
Biragzang__NODE_1013_length_9394_cov_40.203983	1	9394	0	0	0	0	0	0
Biragzang__NODE_1014_length_9394_cov_19.658636	1	9394	0	0	0	0	0	0
Biragzang__NODE_1015_length_9390_cov_10.976647	1	9390	0	0	0	0	0	0
cell-4122-0-44_S10__NODE_229_length_9389_cov_24.575745	1	9389	0	0	0	0	0	0
Biragzang__NODE_1016_length_9387_cov_5.620982	1	9387	0	0	0	0	0	0
Biragzang__NODE_1017_length_9386_cov_18.073518	1	9386	0	0	0	0	0	0
cell-4122-0-44_S10__NODE_230_length_9386_cov_15.302647	1	9386	0	0	0	0	0	0
Biragzang__NODE_1018_length_9384_cov_14.838782	1	9384	0	0	0	0	0	0
Biragzang__NODE_1019_length_9377_cov_13.583888	1	9377	0	0	0	0	0	0
Biragzang__NODE_1020_length_9376_cov_9.846798	1	9376	0	0	0	0	0	0
Biragzang__NODE_1021_length_9373_cov_13.655613	1	9373	0	0	0	0	0	0
Biragzang__NODE_1022_length_9370_cov_10.760064	1	9370	0	0	0	0	0	0
Biragzang__NODE_1023_length_9360_cov_39.436110	1	9360	0	0	0	0	0	0
cell-4122-0-44_S10__NODE_231_length_9357_cov_10.986347	1	9357	0	0	0	0	0	0
Biragzang__NODE_1024_length_9354_cov_39.779654	1	9354	0	0	0	0	0	0
Biragzang__NODE_1025_length_9354_cov_7.450586	1	9354	0	0	0	0	0	0
cell-4125-0-44_S16__NODE_122_length_9354_cov_7.113883	1	9354	0	0	0	0	0	0
Biragzang__NODE_1026_length_9349_cov_32.382612	1	9349	0	0	0	0	0	0
MV-4122_S12__NODE_1491_length_9342_cov_20.590287	1	9342	0	0	0	0	0	0
MV-4122_S12__NODE_1492_length_9341_cov_11.464355	1	9341	0	0	0	0	0	0
MV-4122_S12__NODE_1493_length_9340_cov_37.984383	1	9340	0	0	0	0	0	0
Biragzang__NODE_1027_length_9333_cov_46.780987	1	9333	0	0	0	0	0	0
Biragzang__NODE_1028_length_9333_cov_13.503449	1	9333	0	0	0	0	0	0
Biragzang__NODE_1029_length_9333_cov_11.882733	1	9333	0	0	0	0	0	0
Biragzang__NODE_1030_length_9332_cov_53.846287	1	9332	0	0	0	0	0	0
Biragzang__NODE_1031_length_9332_cov_13.011642	1	9332	0	0	0	0	0	0
cell-4125-0-44_S16__NODE_124_length_9330_cov_9.045283	1	9330	0	0	0	0	0	0
cell-4125-0-44_S16__NODE_125_length_9328_cov_6.975952	1	9328	0	0	0	0	0	0
Biragzang__NODE_1032_length_9327_cov_15.894737	1	9327	0	0	0	0	0	0
Biragzang__NODE_1033_length_9325_cov_60.346602	1	9325	0	0	0	0	0	0
MV-4122_S12__NODE_1497_length_9325_cov_22.170982	1	9325	0	0	0	0	0	0
MV-4122_S12__NODE_1500_length_9317_cov_58.740985	1	9317	0	0	0	0	0	0
MV-4122_S12__NODE_1502_length_9312_cov_6.762558	1	9312	0	0	0	0	0	0
MV-4122_S12__NODE_1504_length_9307_cov_49.336468	1	9307	0	0	0	0	0	0
cell-4122-0-44_S10__NODE_232_length_9303_cov_69.462370	1	9303	0	0	0	0	0	0
Biragzang__NODE_1034_length_9299_cov_12.227391	1	9299	0	0	0	0	0	0
Biragzang__NODE_1035_length_9298_cov_8.562263	1	9298	0	0	0	0	0	0
MV-4122_S12__NODE_1506_length_9297_cov_9.097814	1	9297	0	0	0	0	0	0
MV-4128_S29__NODE_683_length_9295_cov_7.840476	1	9295	0	0	0	0	0	0
Biragzang__NODE_1036_length_9286_cov_16.323584	1	9286	0	0	0	0	0	0
Biragzang__NODE_1037_length_9281_cov_12.566226	1	9281	0	0	0	0	0	0
Biragzang__NODE_1038_length_9280_cov_9.835230	1	9280	0	0	0	0	0	0
Biragzang__NODE_1039_length_9278_cov_22.327225	1	9278	0	0	0	0	0	0
Biragzang__NODE_1040_length_9276_cov_30.157033	1	9276	0	0	0	0	0	0
Biragzang__NODE_1041_length_9273_cov_43.164027	1	9273	0	0	0	0	0	0
Biragzang__NODE_1042_length_9269_cov_13.992294	1	9269	0	0	0	0	0	0
cell-4122-0-44_S10__NODE_233_length_9269_cov_12.030606	1	9269	0	0	0	0	0	0
MV-4122_S12__NODE_1510_length_9268_cov_28.739173	1	9268	0	0	0	0	0	0
Biragzang__NODE_1043_length_9265_cov_69.421824	1	9265	0	0	0	0	0	0
Biragzang__NODE_1044_length_9263_cov_45.462750	1	9263	0	0	0	0	0	0
Biragzang__NODE_1045_length_9263_cov_6.357298	1	9263	0	0	0	0	0	0
cell-4122-0-44_S10__NODE_234_length_9260_cov_15.125910	1	9260	0	0	0	0	0	0
Biragzang__NODE_1046_length_9257_cov_7.870028	1	9257	0	0	0	0	0	0
cell-4125-0-44_S16__NODE_126_length_9256_cov_6.996522	1	9256	0	0	0	0	0	0
Biragzang__NODE_1047_length_9255_cov_8.778804	1	9255	0	0	0	0	0	0
Biragzang__NODE_1048_length_9242_cov_38.825079	1	9242	0	0	0	0	0	0
MV-4122_S12__NODE_1514_length_9242_cov_32.956460	1	9242	0	0	0	0	0	0
MV-4122_S12__NODE_1515_length_9242_cov_15.927615	1	9242	0	0	0	0	0	0
Biragzang__NODE_1049_length_9241_cov_47.084041	1	9241	0	0	0	0	0	0
Biragzang__NODE_1050_length_9240_cov_55.257485	1	9240	0	0	0	0	0	0
Biragzang__NODE_1051_length_9237_cov_13.267480	1	9237	0	0	0	0	0	0
Biragzang__NODE_1052_length_9236_cov_6.951312	1	9236	0	0	0	0	0	0
Biragzang__NODE_1053_length_9233_cov_6.986272	1	9233	0	0	0	0	0	0
Biragzang__NODE_1054_length_9225_cov_14.119193	1	9225	0	0	0	0	0	0
MV-4122_S12__NODE_1519_length_9221_cov_29.795003	1	9221	0	0	0	0	0	0
Biragzang__NODE_1055_length_9219_cov_9.851157	1	9219	0	0	0	0	0	0
MV-4122_S12__NODE_1520_length_9217_cov_36.806265	1	9217	0	0	0	0	0	0
Biragzang__NODE_1056_length_9216_cov_10.447222	1	9216	0	0	0	0	0	0
Biragzang__NODE_1057_length_9212_cov_5.571039	1	9212	0	0	0	0	0	0
Biragzang__NODE_1058_length_9210_cov_11.435281	1	9210	0	0	0	0	0	0
cell-4125-0-44_S16__NODE_127_length_9207_cov_7.383960	1	9207	0	0	0	0	0	0
Biragzang__NODE_1059_length_9204_cov_54.098590	1	9204	0	0	0	0	0	0
Biragzang__NODE_1060_length_9202_cov_11.499289	1	9202	0	0	0	0	0	0
Biragzang__NODE_1061_length_9200_cov_9.783816	1	9200	0	0	0	0	0	0
Biragzang__NODE_1062_length_9194_cov_12.332421	1	9194	0	0	0	0	0	0
Biragzang__NODE_1063_length_9193_cov_10.631976	1	9193	0	0	0	0	0	0
Biragzang__NODE_1064_length_9189_cov_17.031093	1	9189	0	0	0	0	0	0
MV-4122_S12__NODE_1526_length_9189_cov_36.353952	1	9189	0	0	0	0	0	0
cell-4125-0-44_S16__NODE_128_length_9189_cov_6.589774	1	9189	0	0	0	0	0	0
Biragzang__NODE_1065_length_9184_cov_7.358637	1	9184	0	0	0	0	0	0
cell-4122-0-44_S10__NODE_235_length_9175_cov_33.355702	1	9175	0	0	0	0	0	0
cell-4122-0-44_S10__NODE_236_length_9174_cov_13.219542	1	9174	0	0	0	0	0	0
Biragzang__NODE_1066_length_9171_cov_11.815050	1	9171	0	0	0	0	0	0
cell-4122-0-44_S10__NODE_237_length_9169_cov_14.859118	1	9169	0	0	0	0	0	0
cell-4125-0-44_S16__NODE_129_length_9167_cov_6.071005	1	9167	0	0	0	0	0	0
Biragzang__NODE_1067_length_9165_cov_11.049506	1	9165	0	0	0	0	0	0
Biragzang__NODE_1068_length_9160_cov_8.959802	1	9160	0	0	0	0	0	0
cell-4122-0-44_S10__NODE_238_length_9158_cov_15.705262	1	9158	0	0	0	0	0	0
Biragzang__NODE_1069_length_9156_cov_41.132733	1	9156	0	0	0	0	0	0
Biragzang__NODE_1070_length_9151_cov_10.158421	1	9151	0	0	0	0	0	0
cell-4125-0-44_S16__NODE_130_length_9146_cov_7.283357	1	9146	0	0	0	0	0	0
Biragzang__NODE_1071_length_9136_cov_8.451382	1	9136	0	0	0	0	0	0
Biragzang__NODE_1072_length_9135_cov_14.036784	1	9135	0	0	0	0	0	0
cell-4122-0-44_S10__NODE_239_length_9133_cov_12.184071	1	9133	0	0	0	0	0	0
Biragzang__NODE_1073_length_9131_cov_39.706258	1	9131	0	0	0	0	0	0
Biragzang__NODE_1074_length_9128_cov_6.653808	1	9128	0	0	0	0	0	0
Biragzang__NODE_1075_length_9115_cov_58.300110	1	9115	0	0	0	0	0	0
Biragzang__NODE_1076_length_9107_cov_14.197746	1	9107	0	0	0	0	0	0
cell-4125-0-44_S16__NODE_133_length_9103_cov_9.300508	1	9103	0	0	0	0	0	0
Biragzang__NODE_1077_length_9094_cov_57.648081	1	9094	0	0	0	0	0	0
Biragzang__NODE_1078_length_9091_cov_42.531208	1	9091	0	0	0	0	0	0
cell-4125-0-44_S16__NODE_134_length_9090_cov_7.633094	1	9090	0	0	0	0	0	0
Biragzang__NODE_1079_length_9083_cov_50.400310	1	9083	0	0	0	0	0	0
cell-4122-0-44_S10__NODE_240_length_9082_cov_8.945608	1	9082	0	0	0	0	0	0
MV-4122_S12__NODE_1545_length_9076_cov_38.592506	1	9076	0	0	0	0	0	0
Biragzang__NODE_1080_length_9074_cov_41.098902	1	9074	0	0	0	0	0	0
Biragzang__NODE_1081_length_9072_cov_52.291006	1	9072	0	0	0	0	0	0
Biragzang__NODE_1082_length_9071_cov_39.925909	1	9071	0	0	0	0	0	0
Biragzang__NODE_1083_length_9066_cov_12.095550	1	9066	0	0	0	0	0	0
Biragzang__NODE_1084_length_9065_cov_33.390011	1	9065	0	0	0	0	0	0
Biragzang__NODE_1085_length_9062_cov_7.410014	1	9062	0	0	0	0	0	0
Biragzang__NODE_1086_length_9059_cov_9.427477	1	9059	0	0	0	0	0	0
Biragzang__NODE_1087_length_9059_cov_7.459240	1	9059	0	0	0	0	0	0
Biragzang__NODE_1088_length_9052_cov_57.795487	1	9052	0	0	0	0	0	0
Biragzang__NODE_1089_length_9052_cov_16.017006	1	9052	0	0	0	0	0	0
Biragzang__NODE_1090_length_9051_cov_60.080925	1	9051	0	0	0	0	0	0
Biragzang__NODE_1091_length_9041_cov_10.819831	1	9041	0	0	0	0	0	0
Biragzang__NODE_1092_length_9039_cov_12.296638	1	9039	0	0	0	0	0	0
Biragzang__NODE_1093_length_9038_cov_43.991206	1	9038	0	0	0	0	0	0
cell-4122-0-44_S10__NODE_241_length_9031_cov_13.903409	1	9031	0	0	0	0	0	0
Biragzang__NODE_1094_length_9029_cov_6.237687	1	9029	0	0	0	0	0	0
Biragzang__NODE_1095_length_9028_cov_29.245403	1	9028	0	0	0	0	0	0
cell-4125-0-44_S16__NODE_136_length_9028_cov_8.135629	1	9028	0	0	0	0	0	0
cell-4122-0-44_S10__NODE_242_length_9027_cov_38.795586	1	9027	0	0	0	0	0	0
Biragzang__NODE_1096_length_9026_cov_20.490135	1	9026	0	0	0	0	0	0
Biragzang__NODE_1097_length_9025_cov_14.515942	1	9025	0	0	0	0	0	0
Biragzang__NODE_1098_length_9020_cov_9.953820	1	9020	0	0	0	0	0	0
Biragzang__NODE_1099_length_9017_cov_53.638585	1	9017	0	0	0	0	0	0
cell-4122-0-44_S10__NODE_243_length_9017_cov_15.573979	1	9017	0	0	0	0	0	0
cell-4122-0-44_S10__NODE_244_length_9017_cov_11.252845	1	9017	0	0	0	0	0	0
Biragzang__NODE_1100_length_9016_cov_8.454302	1	9016	0	0	0	0	0	0
Biragzang__NODE_1101_length_9015_cov_11.751228	1	9015	0	0	0	0	0	0
MV-4122_S12__NODE_1552_length_9014_cov_45.137739	1	9014	0	0	0	0	0	0
cell-4122-0-44_S10__NODE_245_length_9013_cov_25.964054	1	9013	0	0	0	0	0	0
Biragzang__NODE_1102_length_9011_cov_11.928986	1	9011	0	0	0	0	0	0
cell-4125-0-44_S16__NODE_137_length_9005_cov_12.724804	1	9005	0	0	0	0	0	0
cell-4122-0-44_S10__NODE_246_length_9001_cov_61.395819	1	9001	0	0	0	0	0	0
Biragzang__NODE_1103_length_8998_cov_13.365761	1	8998	0	0	0	0	0	0
Biragzang__NODE_1104_length_8998_cov_12.544113	1	8998	0	0	0	0	0	0
Biragzang__NODE_1105_length_8996_cov_50.853596	1	8996	0	0	0	0	0	0
cell-4125-0-44_S16__NODE_138_length_8995_cov_5.577629	1	8995	0	0	0	0	0	0
Biragzang__NODE_1106_length_8994_cov_9.666629	1	8994	0	0	0	0	0	0
cell-4125-0-44_S16__NODE_139_length_8994_cov_5.395122	1	8994	0	0	0	0	0	0
Biragzang__NODE_1107_length_8993_cov_38.976169	1	8993	0	0	0	0	0	0
Biragzang__NODE_1108_length_8991_cov_45.298791	1	8991	0	0	0	0	0	0
Biragzang__NODE_1109_length_8990_cov_7.008842	1	8990	0	0	0	0	0	0
cell-4122-0-44_S10__NODE_247_length_8986_cov_14.194603	1	8986	0	0	0	0	0	0
Biragzang__NODE_1110_length_8984_cov_52.507560	1	8984	0	0	0	0	0	0
cell-4125-0-44_S16__NODE_140_length_8983_cov_6.903786	1	8983	0	0	0	0	0	0
Biragzang__NODE_1111_length_8979_cov_23.221425	1	8979	0	0	0	0	0	0
Biragzang__NODE_1112_length_8975_cov_7.984641	1	8975	0	0	0	0	0	0
Biragzang__NODE_1113_length_8971_cov_30.012674	1	8971	0	0	0	0	0	0
Biragzang__NODE_1114_length_8971_cov_8.420704	1	8971	0	0	0	0	0	0
Biragzang__NODE_1115_length_8969_cov_9.115885	1	8969	0	0	0	0	0	0
Biragzang__NODE_1116_length_8968_cov_7.279816	1	8968	0	0	0	0	0	0
MV-4122_S12__NODE_1561_length_8968_cov_6.066981	1	8968	0	0	0	0	0	0
Biragzang__NODE_1117_length_8964_cov_10.896060	1	8964	0	0	0	0	0	0
Biragzang__NODE_1118_length_8963_cov_40.405141	1	8963	0	0	0	0	0	0
Biragzang__NODE_1119_length_8962_cov_7.002919	1	8962	0	0	0	0	0	0
Biragzang__NODE_1120_length_8957_cov_8.003145	1	8957	0	0	0	0	0	0
Biragzang__NODE_1121_length_8949_cov_24.200585	1	8949	0	0	0	0	0	0
Biragzang__NODE_1122_length_8948_cov_26.937704	1	8948	0	0	0	0	0	0
MV-4122_S12__NODE_1563_length_8948_cov_35.077926	1	8948	0	0	0	0	0	0
cell-4122-0-44_S10__NODE_248_length_8944_cov_23.380133	1	8944	0	0	0	0	0	0
Biragzang__NODE_1123_length_8942_cov_7.957916	1	8942	0	0	0	0	0	0
Biragzang__NODE_1124_length_8941_cov_12.168355	1	8941	0	0	0	0	0	0
Biragzang__NODE_1125_length_8939_cov_18.957902	1	8939	0	0	0	0	0	0
Biragzang__NODE_1126_length_8935_cov_55.675225	1	8935	0	0	0	0	0	0
Biragzang__NODE_1127_length_8935_cov_6.517005	1	8935	0	0	0	0	0	0
cell-4122-0-44_S10__NODE_249_length_8933_cov_61.035030	1	8933	0	0	0	0	0	0
Biragzang__NODE_1128_length_8931_cov_52.478481	1	8931	0	0	0	0	0	0
Biragzang__NODE_1129_length_8926_cov_46.226919	1	8926	0	0	0	0	0	0
cell-4122-0-44_S10__NODE_250_length_8924_cov_42.124479	1	8924	0	0	0	0	0	0
Biragzang__NODE_1130_length_8921_cov_9.834311	1	8921	0	0	0	0	0	0
Biragzang__NODE_1131_length_8920_cov_6.555894	1	8920	0	0	0	0	0	0
Biragzang__NODE_1132_length_8914_cov_5.853821	1	8914	0	0	0	0	0	0
Biragzang__NODE_1133_length_8900_cov_15.892934	1	8900	0	0	0	0	0	0
Biragzang__NODE_1134_length_8898_cov_10.478910	1	8898	0	0	0	0	0	0
cell-4122-0-22_S11__NODE_96_length_8897_cov_25.647478	1	8897	0	0	0	0	0	0
cell-4122-0-44_S10__NODE_251_length_8891_cov_23.998642	1	8891	0	0	0	0	0	0
Biragzang__NODE_1135_length_8887_cov_23.966599	1	8887	0	0	0	0	0	0
Biragzang__NODE_1136_length_8886_cov_9.335862	1	8886	0	0	0	0	0	0
Biragzang__NODE_1137_length_8886_cov_9.302457	1	8886	0	0	0	0	0	0
Biragzang__NODE_1138_length_8884_cov_28.560086	1	8884	0	0	0	0	0	0
cell-4122-0-44_S10__NODE_252_length_8880_cov_82.558414	1	8880	0	0	0	0	0	0
cell-4122-0-44_S10__NODE_253_length_8879_cov_7.793404	1	8879	0	0	0	0	0	0
Biragzang__NODE_1139_length_8877_cov_6.009068	1	8877	0	0	0	0	0	0
Biragzang__NODE_1140_length_8876_cov_15.951820	1	8876	0	0	0	0	0	0
Biragzang__NODE_1141_length_8869_cov_12.380985	1	8869	0	0	0	0	0	0
Biragzang__NODE_1142_length_8869_cov_10.067166	1	8869	0	0	0	0	0	0
Biragzang__NODE_1143_length_8864_cov_13.139743	1	8864	0	0	0	0	0	0
Biragzang__NODE_1144_length_8862_cov_6.359260	1	8862	0	0	0	0	0	0
cell-4122-0-44_S10__NODE_254_length_8859_cov_25.277828	1	8859	0	0	0	0	0	0
cell-4122-0-44_S10__NODE_255_length_8858_cov_71.168692	1	8858	0	0	0	0	0	0
Biragzang__NODE_1145_length_8857_cov_6.230970	1	8857	0	0	0	0	0	0
Biragzang__NODE_1146_length_8854_cov_55.187635	1	8854	0	0	0	0	0	0
Biragzang__NODE_1147_length_8852_cov_35.294419	1	8852	0	0	0	0	0	0
Biragzang__NODE_1148_length_8850_cov_9.298920	1	8850	0	0	0	0	0	0
cell-4125-0-44_S16__NODE_143_length_8849_cov_6.438708	1	8849	0	0	0	0	0	0
Biragzang__NODE_1149_length_8846_cov_10.916051	1	8846	0	0	0	0	0	0
Biragzang__NODE_1150_length_8843_cov_22.996928	1	8843	0	0	0	0	0	0
Biragzang__NODE_1151_length_8843_cov_9.348202	1	8843	0	0	0	0	0	0
Biragzang__NODE_1152_length_8842_cov_8.384545	1	8842	0	0	0	0	0	0
Biragzang__NODE_1153_length_8840_cov_8.705293	1	8840	0	0	0	0	0	0
Biragzang__NODE_1154_length_8836_cov_12.558706	1	8836	0	0	0	0	0	0
Biragzang__NODE_1155_length_8834_cov_62.537419	1	8834	0	0	0	0	0	0
Biragzang__NODE_1156_length_8834_cov_9.602802	1	8834	0	0	0	0	0	0
cell-4122-0-44_S10__NODE_256_length_8834_cov_59.299806	1	8834	0	0	0	0	0	0
Biragzang__NODE_1157_length_8830_cov_32.070541	1	8830	0	0	0	0	0	0
Biragzang__NODE_1158_length_8829_cov_53.732961	1	8829	0	0	0	0	0	0
Biragzang__NODE_1159_length_8827_cov_45.528842	1	8827	0	0	0	0	0	0
MV-4122_S12__NODE_1584_length_8826_cov_7.494584	1	8826	0	0	0	0	0	0
Biragzang__NODE_1160_length_8824_cov_101.163189	1	8824	0	0	0	0	0	0
Biragzang__NODE_1161_length_8823_cov_36.084626	1	8823	0	0	0	0	0	0
Biragzang__NODE_1162_length_8810_cov_36.856882	1	8810	0	0	0	0	0	0
Biragzang__NODE_1163_length_8809_cov_9.697738	1	8809	0	0	0	0	0	0
Biragzang__NODE_1164_length_8807_cov_6.676417	1	8807	0	0	0	0	0	0
Biragzang__NODE_1165_length_8805_cov_6.479771	1	8805	0	0	0	0	0	0
cell-4122-0-44_S10__NODE_257_length_8804_cov_42.114527	1	8804	0	0	0	0	0	0
MV-4122_S12__NODE_1591_length_8802_cov_51.796845	1	8802	0	0	0	0	0	0
Biragzang__NODE_1166_length_8801_cov_10.133089	1	8801	0	0	0	0	0	0
cell-4122-0-44_S10__NODE_258_length_8798_cov_16.223036	1	8798	0	0	0	0	0	0
Biragzang__NODE_1167_length_8794_cov_10.570889	1	8794	0	0	0	0	0	0
cell-4125-0-44_S16__NODE_145_length_8790_cov_9.631368	1	8790	0	0	0	0	0	0
Biragzang__NODE_1168_length_8789_cov_15.640142	1	8789	0	0	0	0	0	0
Biragzang__NODE_1169_length_8788_cov_10.630368	1	8788	0	0	0	0	0	0
Biragzang__NODE_1170_length_8785_cov_16.583963	1	8785	0	0	0	0	0	0
Biragzang__NODE_1171_length_8783_cov_12.284258	1	8783	0	0	0	0	0	0
MV-4122_S12__NODE_1594_length_8781_cov_6.903736	1	8781	0	0	0	0	0	0
Biragzang__NODE_1172_length_8780_cov_9.481605	1	8780	0	0	0	0	0	0
MV-4122_S12__NODE_1595_length_8778_cov_43.696779	1	8778	0	0	0	0	0	0
cell-4122-0-44_S10__NODE_259_length_8775_cov_50.874427	1	8775	0	0	0	0	0	0
Biragzang__NODE_1173_length_8770_cov_68.352955	1	8770	0	0	0	0	0	0
Biragzang__NODE_1174_length_8769_cov_6.422194	1	8769	0	0	0	0	0	0
Biragzang__NODE_1175_length_8763_cov_30.494832	1	8763	0	0	0	0	0	0
Biragzang__NODE_1176_length_8758_cov_11.104906	1	8758	0	0	0	0	0	0
Biragzang__NODE_1177_length_8756_cov_37.646362	1	8756	0	0	0	0	0	0
Biragzang__NODE_1178_length_8751_cov_19.655934	1	8751	0	0	0	0	0	0
Biragzang__NODE_1179_length_8748_cov_9.270908	1	8748	0	0	0	0	0	0
Biragzang__NODE_1180_length_8738_cov_37.531038	1	8738	0	0	0	0	0	0
Biragzang__NODE_1181_length_8735_cov_10.527419	1	8735	0	0	0	0	0	0
Biragzang__NODE_1182_length_8732_cov_6.512965	1	8732	0	0	0	0	0	0
cell-4122-0-44_S10__NODE_260_length_8730_cov_834.544323	1	8730	0	0	0	0	0	0
cell-4122-0-44_S10__NODE_261_length_8730_cov_11.228588	1	8730	0	0	0	0	0	0
Biragzang__NODE_1183_length_8727_cov_11.381804	1	8727	0	0	0	0	0	0
Biragzang__NODE_1184_length_8727_cov_6.091213	1	8727	0	0	0	0	0	0
Biragzang__NODE_1185_length_8726_cov_23.391650	1	8726	0	0	0	0	0	0
Biragzang__NODE_1186_length_8723_cov_19.928011	1	8723	0	0	0	0	0	0
Biragzang__NODE_1187_length_8723_cov_6.976350	1	8723	0	0	0	0	0	0
cell-4122-0-44_S10__NODE_262_length_8716_cov_23.381942	1	8716	0	0	0	0	0	0
Biragzang__NODE_1188_length_8715_cov_40.204503	1	8715	0	0	0	0	0	0
Biragzang__NODE_1189_length_8706_cov_6.034794	1	8706	0	0	0	0	0	0
cell-4122-0-44_S10__NODE_263_length_8706_cov_14.102300	1	8706	0	0	0	0	0	0
Biragzang__NODE_1190_length_8700_cov_46.603355	1	8700	0	0	0	0	0	0
MV-4122_S12__NODE_1614_length_8698_cov_30.970843	1	8698	0	0	0	0	0	0
Biragzang__NODE_1191_length_8697_cov_6.043856	1	8697	0	0	0	0	0	0
cell-4122-0-44_S10__NODE_264_length_8697_cov_23.871673	1	8697	0	0	0	0	0	0
Biragzang__NODE_1192_length_8695_cov_7.275579	1	8695	0	0	0	0	0	0
Biragzang__NODE_1193_length_8693_cov_11.364089	1	8693	0	0	0	0	0	0
Biragzang__NODE_1194_length_8690_cov_40.124609	1	8690	0	0	0	0	0	0
Biragzang__NODE_1195_length_8688_cov_10.096374	1	8688	0	0	0	0	0	0
Biragzang__NODE_1196_length_8687_cov_10.481696	1	8687	0	0	0	0	0	0
Biragzang__NODE_1197_length_8687_cov_6.479147	1	8687	0	0	0	0	0	0
Biragzang__NODE_1198_length_8681_cov_7.452817	1	8681	0	0	0	0	0	0
Biragzang__NODE_1199_length_8674_cov_6.183548	1	8674	0	0	0	0	0	0
cell-4125-0-44_S16__NODE_148_length_8674_cov_5.875740	1	8674	0	0	0	0	0	0
cell-4125-0-44_S16__NODE_149_length_8667_cov_7.580121	1	8667	0	0	0	0	0	0
Biragzang__NODE_1200_length_8664_cov_9.619236	1	8664	0	0	0	0	0	0
Biragzang__NODE_1201_length_8663_cov_8.965846	1	8663	0	0	0	0	0	0
MV-4122_S12__NODE_1622_length_8660_cov_7.513771	1	8660	0	0	0	0	0	0
cell-4122-0-44_S10__NODE_265_length_8660_cov_59.036026	1	8660	0	0	0	0	0	0
Biragzang__NODE_1202_length_8659_cov_14.583333	1	8659	0	0	0	0	0	0
cell-4125-0-44_S16__NODE_150_length_8657_cov_6.481400	1	8657	0	0	0	0	0	0
Biragzang__NODE_1203_length_8651_cov_12.139716	1	8651	0	0	0	0	0	0
Biragzang__NODE_1204_length_8650_cov_13.956254	1	8650	0	0	0	0	0	0
MV-4122_S12__NODE_1624_length_8649_cov_26.492320	1	8649	0	0	0	0	0	0
Biragzang__NODE_1205_length_8645_cov_6.050990	1	8645	0	0	0	0	0	0
Biragzang__NODE_1206_length_8643_cov_11.956567	1	8643	0	0	0	0	0	0
Biragzang__NODE_1207_length_8642_cov_13.947362	1	8642	0	0	0	0	0	0
Biragzang__NODE_1208_length_8642_cov_7.544195	1	8642	0	0	0	0	0	0
Biragzang__NODE_1209_length_8637_cov_14.433349	1	8637	0	0	0	0	0	0
Biragzang__NODE_1210_length_8635_cov_14.376224	1	8635	0	0	0	0	0	0
Biragzang__NODE_1211_length_8633_cov_6.003031	1	8633	0	0	0	0	0	0
Biragzang__NODE_1212_length_8631_cov_11.075793	1	8631	0	0	0	0	0	0
Biragzang__NODE_1213_length_8629_cov_12.344063	1	8629	0	0	0	0	0	0
MV-4122_S12__NODE_1631_length_8629_cov_8.000816	1	8629	0	0	0	0	0	0
cell-4122-0-44_S10__NODE_266_length_8625_cov_12.331505	1	8625	0	0	0	0	0	0
Biragzang__NODE_1214_length_8624_cov_46.664722	1	8624	0	0	0	0	0	0
Biragzang__NODE_1215_length_8623_cov_6.901611	1	8623	0	0	0	0	0	0
Biragzang__NODE_1216_length_8623_cov_4.903828	1	8623	0	0	0	0	0	0
Biragzang__NODE_1217_length_8621_cov_9.201261	1	8621	0	0	0	0	0	0
Biragzang__NODE_1218_length_8619_cov_35.390939	1	8619	0	0	0	0	0	0
Biragzang__NODE_1219_length_8617_cov_13.642140	1	8617	0	0	0	0	0	0
Biragzang__NODE_1220_length_8614_cov_11.858745	1	8614	0	0	0	0	0	0
Biragzang__NODE_1221_length_8611_cov_7.843502	1	8611	0	0	0	0	0	0
Biragzang__NODE_1222_length_8603_cov_45.065863	1	8603	0	0	0	0	0	0
Biragzang__NODE_1223_length_8602_cov_15.203931	1	8602	0	0	0	0	0	0
cell-4122-0-44_S10__NODE_267_length_8599_cov_11.710557	1	8599	0	0	0	0	0	0
Biragzang__NODE_1224_length_8596_cov_36.309566	1	8596	0	0	0	0	0	0
Biragzang__NODE_1225_length_8596_cov_11.361550	1	8596	0	0	0	0	0	0
Biragzang__NODE_1226_length_8595_cov_10.702810	1	8595	0	0	0	0	0	0
Biragzang__NODE_1227_length_8592_cov_3.892351	1	8592	0	0	0	0	0	0
Biragzang__NODE_1228_length_8589_cov_9.974455	1	8589	0	0	0	0	0	0
cell-4125-0-44_S16__NODE_153_length_8586_cov_4.725706	1	8586	0	0	0	0	0	0
Biragzang__NODE_1229_length_8583_cov_7.225492	1	8583	0	0	0	0	0	0
Biragzang__NODE_1230_length_8581_cov_11.888576	1	8581	0	0	0	0	0	0
Biragzang__NODE_1231_length_8574_cov_12.445357	1	8574	0	0	0	0	0	0
Biragzang__NODE_1232_length_8572_cov_58.212399	1	8572	0	0	0	0	0	0
Biragzang__NODE_1233_length_8572_cov_46.122813	1	8572	0	0	0	0	0	0
MV-4122_S12__NODE_1641_length_8571_cov_12.647605	1	8571	0	0	0	0	0	0
Biragzang__NODE_1234_length_8570_cov_5.141867	1	8570	0	0	0	0	0	0
Biragzang__NODE_1235_length_8570_cov_4.828068	1	8570	0	0	0	0	0	0
Biragzang__NODE_1236_length_8561_cov_54.298613	1	8561	0	0	0	0	0	0
Biragzang__NODE_1237_length_8557_cov_20.168313	1	8557	0	0	0	0	0	0
Biragzang__NODE_1238_length_8554_cov_9.457819	1	8554	0	0	0	0	0	0
Biragzang__NODE_1239_length_8553_cov_8.235703	1	8553	0	0	0	0	0	0
cell-4125-0-44_S16__NODE_154_length_8552_cov_9.895846	1	8552	0	0	0	0	0	0
Biragzang__NODE_1240_length_8550_cov_10.307710	1	8550	0	0	0	0	0	0
Biragzang__NODE_1241_length_8549_cov_49.764657	1	8549	0	0	0	0	0	0
cell-4125-0-44_S16__NODE_155_length_8544_cov_6.193309	1	8544	0	0	0	0	0	0
MV-4122_S12__NODE_1649_length_8527_cov_7.283522	1	8527	0	0	0	0	0	0
cell-4122-0-44_S10__NODE_268_length_8526_cov_9.504309	1	8526	0	0	0	0	0	0
Biragzang__NODE_1242_length_8524_cov_9.866926	1	8524	0	0	0	0	0	0
cell-4122-0-44_S10__NODE_269_length_8522_cov_22.880359	1	8522	0	0	0	0	0	0
MV-4122_S12__NODE_1651_length_8520_cov_8.529947	1	8520	0	0	0	0	0	0
Biragzang__NODE_1243_length_8513_cov_8.838614	1	8513	0	0	0	0	0	0
Biragzang__NODE_1244_length_8511_cov_13.358444	1	8511	0	0	0	0	0	0
Biragzang__NODE_1245_length_8509_cov_27.258339	1	8509	0	0	0	0	0	0
Biragzang__NODE_1246_length_8503_cov_5.985322	1	8503	0	0	0	0	0	0
cell-4125-0-44_S16__NODE_157_length_8500_cov_8.357963	1	8500	0	0	0	0	0	0
Biragzang__NODE_1247_length_8497_cov_43.656716	1	8497	0	0	0	0	0	0
Biragzang__NODE_1248_length_8496_cov_10.150101	1	8496	0	0	0	0	0	0
Biragzang__NODE_1249_length_8496_cov_9.289539	1	8496	0	0	0	0	0	0
cell-4122-0-44_S10__NODE_270_length_8496_cov_64.334202	1	8496	0	0	0	0	0	0
Biragzang__NODE_1250_length_8495_cov_42.389336	1	8495	0	0	0	0	0	0
Biragzang__NODE_1251_length_8494_cov_35.811115	1	8494	0	0	0	0	0	0
cell-4122-0-44_S10__NODE_271_length_8487_cov_23.735531	1	8487	0	0	0	0	0	0
Biragzang__NODE_1252_length_8482_cov_9.956568	1	8482	0	0	0	0	0	0
Biragzang__NODE_1253_length_8481_cov_10.737954	1	8481	0	0	0	0	0	0
Biragzang__NODE_1254_length_8479_cov_13.042854	1	8479	0	0	0	0	0	0
Biragzang__NODE_1255_length_8479_cov_10.786562	1	8479	0	0	0	0	0	0
Biragzang__NODE_1256_length_8471_cov_9.391635	1	8471	0	0	0	0	0	0
Biragzang__NODE_1257_length_8468_cov_6.869131	1	8468	0	0	0	0	0	0
Biragzang__NODE_1258_length_8466_cov_8.292117	1	8466	0	0	0	0	0	0
Biragzang__NODE_1259_length_8460_cov_7.131588	1	8460	0	0	0	0	0	0
cell-4125-0-44_S16__NODE_159_length_8459_cov_6.232746	1	8459	0	0	0	0	0	0
Biragzang__NODE_1260_length_8457_cov_17.951797	1	8457	0	0	0	0	0	0
Biragzang__NODE_1261_length_8454_cov_48.221693	1	8454	0	0	0	0	0	0
Biragzang__NODE_1262_length_8451_cov_6.291687	1	8451	0	0	0	0	0	0
Biragzang__NODE_1263_length_8449_cov_59.486300	1	8449	0	0	0	0	0	0
Biragzang__NODE_1264_length_8447_cov_9.827812	1	8447	0	0	0	0	0	0
Biragzang__NODE_1265_length_8447_cov_9.331387	1	8447	0	0	0	0	0	0
Biragzang__NODE_1266_length_8445_cov_7.299523	1	8445	0	0	0	0	0	0
cell-4122-0-44_S10__NODE_272_length_8443_cov_17.693133	1	8443	0	0	0	0	0	0
Biragzang__NODE_1267_length_8441_cov_27.622705	1	8441	0	0	0	0	0	0
Biragzang__NODE_1268_length_8440_cov_8.489088	1	8440	0	0	0	0	0	0
Biragzang__NODE_1269_length_8437_cov_6.311978	1	8437	0	0	0	0	0	0
Biragzang__NODE_1270_length_8436_cov_10.946904	1	8436	0	0	0	0	0	0
Biragzang__NODE_1271_length_8435_cov_7.345107	1	8435	0	0	0	0	0	0
Biragzang__NODE_1272_length_8426_cov_11.821527	1	8426	0	0	0	0	0	0
cell-4122-0-44_S10__NODE_273_length_8422_cov_26.625075	1	8422	0	0	0	0	0	0
cell-4125-0-44_S16__NODE_163_length_8422_cov_9.675511	1	8422	0	0	0	0	0	0
Biragzang__NODE_1273_length_8421_cov_8.099689	1	8421	0	0	0	0	0	0
Biragzang__NODE_1274_length_8418_cov_35.842401	1	8418	0	0	0	0	0	0
Biragzang__NODE_1275_length_8417_cov_37.392849	1	8417	0	0	0	0	0	0
Biragzang__NODE_1276_length_8416_cov_9.922139	1	8416	0	0	0	0	0	0
cell-4125-0-44_S16__NODE_165_length_8413_cov_13.494975	1	8413	0	0	0	0	0	0
Biragzang__NODE_1277_length_8412_cov_9.339476	1	8412	0	0	0	0	0	0
cell-4125-0-44_S16__NODE_167_length_8412_cov_8.044633	1	8412	0	0	0	0	0	0
Biragzang__NODE_1278_length_8411_cov_11.613092	1	8411	0	0	0	0	0	0
Biragzang__NODE_1279_length_8407_cov_14.701269	1	8407	0	0	0	0	0	0
Biragzang__NODE_1280_length_8406_cov_7.368100	1	8406	0	0	0	0	0	0
Biragzang__NODE_1281_length_8403_cov_10.573551	1	8403	0	0	0	0	0	0
Biragzang__NODE_1282_length_8398_cov_13.089896	1	8398	0	0	0	0	0	0
Biragzang__NODE_1283_length_8398_cov_10.312837	1	8398	0	0	0	0	0	0
Biragzang__NODE_1284_length_8390_cov_6.225915	1	8390	0	0	0	0	0	0
Biragzang__NODE_1285_length_8388_cov_7.814113	1	8388	0	0	0	0	0	0
Biragzang__NODE_1286_length_8385_cov_38.920408	1	8385	0	0	0	0	0	0
cell-4125-0-44_S16__NODE_168_length_8379_cov_6.688731	1	8379	0	0	0	0	0	0
Biragzang__NODE_1287_length_8377_cov_30.259913	1	8377	0	0	0	0	0	0
cell-4125-0-44_S16__NODE_169_length_8377_cov_8.328286	1	8377	0	0	0	0	0	0
cell-4122-0-44_S10__NODE_274_length_8375_cov_17.692909	1	8375	0	0	0	0	0	0
Biragzang__NODE_1288_length_8371_cov_6.042929	1	8371	0	0	0	0	0	0
Biragzang__NODE_1289_length_8369_cov_6.325114	1	8369	0	0	0	0	0	0
Biragzang__NODE_1290_length_8364_cov_9.598628	1	8364	0	0	0	0	0	0
cell-4125-0-44_S16__NODE_171_length_8364_cov_4.867252	1	8364	0	0	0	0	0	0
Biragzang__NODE_1291_length_8358_cov_20.862218	1	8358	0	0	0	0	0	0
Biragzang__NODE_1292_length_8350_cov_29.196022	1	8350	0	0	0	0	0	0
cell-4122-0-44_S10__NODE_275_length_8347_cov_14.683550	1	8347	0	0	0	0	0	0
Biragzang__NODE_1293_length_8346_cov_5.897841	1	8346	0	0	0	0	0	0
cell-4125-0-44_S16__NODE_172_length_8345_cov_5.457419	1	8345	0	0	0	0	0	0
Biragzang__NODE_1294_length_8344_cov_12.233683	1	8344	0	0	0	0	0	0
Biragzang__NODE_1295_length_8339_cov_11.334862	1	8339	0	0	0	0	0	0
Biragzang__NODE_1296_length_8339_cov_7.097537	1	8339	0	0	0	0	0	0
Biragzang__NODE_1297_length_8329_cov_6.446701	1	8329	0	0	0	0	0	0
Biragzang__NODE_1298_length_8326_cov_29.731592	1	8326	0	0	0	0	0	0
cell-4122-0-44_S10__NODE_276_length_8326_cov_15.834240	1	8326	0	0	0	0	0	0
Biragzang__NODE_1299_length_8323_cov_10.606555	1	8323	0	0	0	0	0	0
Biragzang__NODE_1300_length_8323_cov_9.117078	1	8323	0	0	0	0	0	0
Biragzang__NODE_1301_length_8321_cov_14.370070	1	8321	0	0	0	0	0	0
Biragzang__NODE_1302_length_8320_cov_17.486146	1	8320	0	0	0	0	0	0
cell-4122-0-44_S10__NODE_277_length_8316_cov_12.895049	1	8316	0	0	0	0	0	0
Biragzang__NODE_1303_length_8315_cov_12.446973	1	8315	0	0	0	0	0	0
Biragzang__NODE_1304_length_8309_cov_30.330749	1	8309	0	0	0	0	0	0
Biragzang__NODE_1305_length_8308_cov_6.976736	1	8308	0	0	0	0	0	0
Biragzang__NODE_1306_length_8305_cov_15.116000	1	8305	0	0	0	0	0	0
Biragzang__NODE_1307_length_8304_cov_6.905322	1	8304	0	0	0	0	0	0
Biragzang__NODE_1308_length_8304_cov_6.351315	1	8304	0	0	0	0	0	0
Biragzang__NODE_1309_length_8294_cov_25.028523	1	8294	0	0	0	0	0	0
Biragzang__NODE_1310_length_8288_cov_6.774930	1	8288	0	0	0	0	0	0
Biragzang__NODE_1311_length_8283_cov_7.061133	1	8283	0	0	0	0	0	0
Biragzang__NODE_1312_length_8280_cov_12.479027	1	8280	0	0	0	0	0	0
Biragzang__NODE_1313_length_8279_cov_56.600559	1	8279	0	0	0	0	0	0
Biragzang__NODE_1314_length_8272_cov_16.368139	1	8272	0	0	0	0	0	0
Biragzang__NODE_1315_length_8269_cov_9.065620	1	8269	0	0	0	0	0	0
Biragzang__NODE_1316_length_8268_cov_6.270060	1	8268	0	0	0	0	0	0
Biragzang__NODE_1317_length_8267_cov_9.747077	1	8267	0	0	0	0	0	0
Biragzang__NODE_1318_length_8266_cov_19.377421	1	8266	0	0	0	0	0	0
cell-4122-0-44_S10__NODE_278_length_8265_cov_13.045676	1	8265	0	0	0	0	0	0
Biragzang__NODE_1319_length_8253_cov_12.149427	1	8253	0	0	0	0	0	0
Biragzang__NODE_1320_length_8252_cov_57.300232	1	8252	0	0	0	0	0	0
Biragzang__NODE_1321_length_8252_cov_48.723801	1	8252	0	0	0	0	0	0
Biragzang__NODE_1322_length_8251_cov_8.934846	1	8251	0	0	0	0	0	0
Biragzang__NODE_1323_length_8249_cov_42.719429	1	8249	0	0	0	0	0	0
Biragzang__NODE_1324_length_8247_cov_12.613525	1	8247	0	0	0	0	0	0
cell-4125-0-44_S16__NODE_175_length_8245_cov_5.781929	1	8245	0	0	0	0	0	0
Biragzang__NODE_1325_length_8244_cov_35.819148	1	8244	0	0	0	0	0	0
MV-4122_S12__NODE_1695_length_8242_cov_43.899353	1	8242	0	0	0	0	0	0
Biragzang__NODE_1326_length_8241_cov_49.967139	1	8241	0	0	0	0	0	0
Biragzang__NODE_1327_length_8240_cov_12.664020	1	8240	0	0	0	0	0	0
cell-4122-0-44_S10__NODE_279_length_8239_cov_13.382576	1	8239	0	0	0	0	0	0
Biragzang__NODE_1328_length_8237_cov_17.486923	1	8237	0	0	0	0	0	0
cell-4122-0-44_S10__NODE_280_length_8236_cov_18.644664	1	8236	0	0	0	0	0	0
Biragzang__NODE_1329_length_8231_cov_68.035837	1	8231	0	0	0	0	0	0
cell-4122-0-44_S10__NODE_281_length_8229_cov_23.412283	1	8229	0	0	0	0	0	0
Biragzang__NODE_1330_length_8228_cov_10.870549	1	8228	0	0	0	0	0	0
Biragzang__NODE_1331_length_8228_cov_6.705371	1	8228	0	0	0	0	0	0
Biragzang__NODE_1332_length_8227_cov_54.577827	1	8227	0	0	0	0	0	0
Biragzang__NODE_1333_length_8209_cov_15.199289	1	8209	0	0	0	0	0	0
Biragzang__NODE_1334_length_8193_cov_4.992873	1	8193	0	0	0	0	0	0
Biragzang__NODE_1335_length_8191_cov_14.127950	1	8191	0	0	0	0	0	0
cell-4125-0-44_S16__NODE_177_length_8189_cov_9.556553	1	8189	0	0	0	0	0	0
cell-4122-0-44_S10__NODE_282_length_8188_cov_19.683389	1	8188	0	0	0	0	0	0
Biragzang__NODE_1336_length_8185_cov_28.580812	1	8185	0	0	0	0	0	0
Biragzang__NODE_1337_length_8183_cov_9.207800	1	8183	0	0	0	0	0	0
Biragzang__NODE_1338_length_8182_cov_5.410114	1	8182	0	0	0	0	0	0
Biragzang__NODE_1339_length_8181_cov_11.399089	1	8181	0	0	0	0	0	0
cell-4122-0-44_S10__NODE_283_length_8181_cov_12.814669	1	8181	0	0	0	0	0	0
cell-4122-0-44_S10__NODE_284_length_8179_cov_40.650295	1	8179	0	0	0	0	0	0
cell-4125-0-44_S16__NODE_178_length_8178_cov_7.618737	1	8178	0	0	0	0	0	0
cell-4125-0-44_S16__NODE_179_length_8177_cov_11.949520	1	8177	0	0	0	0	0	0
Biragzang__NODE_1340_length_8176_cov_7.086935	1	8176	0	0	0	0	0	0
Biragzang__NODE_1341_length_8173_cov_17.759177	1	8173	0	0	0	0	0	0
MV-4122_S12__NODE_1703_length_8172_cov_29.387828	1	8172	0	0	0	0	0	0
Biragzang__NODE_1342_length_8171_cov_10.229423	1	8171	0	0	0	0	0	0
cell-4122-0-44_S10__NODE_285_length_8169_cov_14.339044	1	8169	0	0	0	0	0	0
cell-4122-0-44_S10__NODE_286_length_8166_cov_16.676735	1	8166	0	0	0	0	0	0
Biragzang__NODE_1343_length_8163_cov_13.006167	1	8163	0	0	0	0	0	0
Biragzang__NODE_1344_length_8161_cov_11.017148	1	8161	0	0	0	0	0	0
MV-4122_S12__NODE_1705_length_8161_cov_20.986306	1	8161	0	0	0	0	0	0
Biragzang__NODE_1345_length_8155_cov_9.673457	1	8155	0	0	0	0	0	0
Biragzang__NODE_1346_length_8149_cov_11.240796	1	8149	0	0	0	0	0	0
cell-4125-0-44_S16__NODE_180_length_8149_cov_5.351371	1	8149	0	0	0	0	0	0
Biragzang__NODE_1347_length_8145_cov_12.005068	1	8145	0	0	0	0	0	0
Biragzang__NODE_1348_length_8144_cov_50.662505	1	8144	0	0	0	0	0	0
Biragzang__NODE_1349_length_8137_cov_9.843108	1	8137	0	0	0	0	0	0
Biragzang__NODE_1350_length_8132_cov_7.644422	1	8132	0	0	0	0	0	0
cell-4125-0-44_S16__NODE_181_length_8125_cov_10.699133	1	8125	0	0	0	0	0	0
cell-4125-0-44_S16__NODE_182_length_8125_cov_6.969641	1	8125	0	0	0	0	0	0
cell-4122-0-44_S10__NODE_287_length_8123_cov_10.910759	1	8123	0	0	0	0	0	0
cell-4122-0-44_S10__NODE_288_length_8123_cov_8.065568	1	8123	0	0	0	0	0	0
cell-4125-0-44_S16__NODE_183_length_8123_cov_8.312469	1	8123	0	0	0	0	0	0
Biragzang__NODE_1351_length_8122_cov_5.989587	1	8122	0	0	0	0	0	0
MV-4122_S12__NODE_1712_length_8122_cov_6.779844	1	8122	0	0	0	0	0	0
Biragzang__NODE_1352_length_8120_cov_7.630998	1	8120	0	0	0	0	0	0
Biragzang__NODE_1353_length_8117_cov_10.978789	1	8117	0	0	0	0	0	0
MV-4122_S12__NODE_1715_length_8115_cov_7.526551	1	8115	0	0	0	0	0	0
Biragzang__NODE_1354_length_8113_cov_36.718292	1	8113	0	0	0	0	0	0
Biragzang__NODE_1355_length_8113_cov_14.341400	1	8113	0	0	0	0	0	0
Biragzang__NODE_1356_length_8113_cov_9.396997	1	8113	0	0	0	0	0	0
Biragzang__NODE_1357_length_8107_cov_11.669399	1	8107	0	0	0	0	0	0
MV-4122_S12__NODE_1717_length_8106_cov_43.039995	1	8106	0	0	0	0	0	0
cell-4122-0-44_S10__NODE_289_length_8105_cov_12.443851	1	8105	0	0	0	0	0	0
Biragzang__NODE_1358_length_8103_cov_9.324428	1	8103	0	0	0	0	0	0
cell-4122-0-44_S10__NODE_290_length_8103_cov_12.063370	1	8103	0	0	0	0	0	0
Biragzang__NODE_1359_length_8101_cov_47.161322	1	8101	0	0	0	0	0	0
Biragzang__NODE_1360_length_8097_cov_47.104452	1	8097	0	0	0	0	0	0
Biragzang__NODE_1361_length_8094_cov_6.551561	1	8094	0	0	0	0	0	0
cell-4125-0-44_S16__NODE_185_length_8092_cov_5.960682	1	8092	0	0	0	0	0	0
Biragzang__NODE_1362_length_8088_cov_23.297025	1	8088	0	0	0	0	0	0
Biragzang__NODE_1363_length_8086_cov_37.582493	1	8086	0	0	0	0	0	0
Biragzang__NODE_1364_length_8083_cov_7.278899	1	8083	0	0	0	0	0	0
Biragzang__NODE_1365_length_8082_cov_11.327893	1	8082	0	0	0	0	0	0
Biragzang__NODE_1366_length_8081_cov_10.290057	1	8081	0	0	0	0	0	0
Biragzang__NODE_1367_length_8076_cov_12.516145	1	8076	0	0	0	0	0	0
Biragzang__NODE_1368_length_8076_cov_10.849021	1	8076	0	0	0	0	0	0
Biragzang__NODE_1369_length_8068_cov_36.571072	1	8068	0	0	0	0	0	0
MV-4128_S29__NODE_793_length_8067_cov_7.989641	1	8067	0	0	0	0	0	0
Biragzang__NODE_1370_length_8066_cov_14.979903	1	8066	0	0	0	0	0	0
Biragzang__NODE_1371_length_8066_cov_11.053427	1	8066	0	0	0	0	0	0
Biragzang__NODE_1372_length_8065_cov_6.029338	1	8065	0	0	0	0	0	0
MV-4122_S12__NODE_1728_length_8065_cov_8.932709	1	8065	0	0	0	0	0	0
MV-4122_S12__NODE_1730_length_8061_cov_32.021359	1	8061	0	0	0	0	0	0
Biragzang__NODE_1373_length_8059_cov_12.594703	1	8059	0	0	0	0	0	0
Biragzang__NODE_1374_length_8058_cov_29.313008	1	8058	0	0	0	0	0	0
Biragzang__NODE_1375_length_8056_cov_10.028746	1	8056	0	0	0	0	0	0
Biragzang__NODE_1376_length_8055_cov_6.947250	1	8055	0	0	0	0	0	0
cell-4125-0-44_S16__NODE_187_length_8051_cov_9.952851	1	8051	0	0	0	0	0	0
Biragzang__NODE_1377_length_8048_cov_12.424496	1	8048	0	0	0	0	0	0
Biragzang__NODE_1378_length_8046_cov_6.047053	1	8046	0	0	0	0	0	0
cell-4122-0-44_S10__NODE_291_length_8046_cov_32.726067	1	8046	0	0	0	0	0	0
cell-4125-0-44_S16__NODE_188_length_8046_cov_7.042298	1	8046	0	0	0	0	0	0
Biragzang__NODE_1379_length_8043_cov_35.952429	1	8043	0	0	0	0	0	0
Biragzang__NODE_1380_length_8042_cov_44.184926	1	8042	0	0	0	0	0	0
Biragzang__NODE_1381_length_8040_cov_11.742142	1	8040	0	0	0	0	0	0
Biragzang__NODE_1382_length_8035_cov_10.174311	1	8035	0	0	0	0	0	0
cell-4125-0-44_S16__NODE_191_length_8024_cov_33.434433	1	8024	0	0	0	0	0	0
Biragzang__NODE_1383_length_8023_cov_63.626506	1	8023	0	0	0	0	0	0
Biragzang__NODE_1384_length_8021_cov_6.256214	1	8021	0	0	0	0	0	0
Biragzang__NODE_1385_length_8020_cov_7.509605	1	8020	0	0	0	0	0	0
Biragzang__NODE_1386_length_8016_cov_32.523175	1	8016	0	0	0	0	0	0
Biragzang__NODE_1387_length_8011_cov_7.631850	1	8011	0	0	0	0	0	0
Biragzang__NODE_1388_length_8009_cov_18.514584	1	8009	0	0	0	0	0	0
Biragzang__NODE_1389_length_8008_cov_32.338111	1	8008	0	0	0	0	0	0
Biragzang__NODE_1390_length_8008_cov_8.475041	1	8008	0	0	0	0	0	0
Biragzang__NODE_1391_length_8004_cov_57.697446	1	8004	0	0	0	0	0	0
Biragzang__NODE_1392_length_8001_cov_7.297634	1	8001	0	0	0	0	0	0
Biragzang__NODE_1393_length_8000_cov_6.091126	1	8000	0	0	0	0	0	0
cell-4125-0-44_S16__NODE_194_length_8000_cov_8.208055	1	8000	0	0	0	0	0	0
Biragzang__NODE_1394_length_7996_cov_8.028586	1	7996	0	0	0	0	0	0
Biragzang__NODE_1395_length_7993_cov_10.104560	1	7993	0	0	0	0	0	0
Biragzang__NODE_1396_length_7993_cov_7.785336	1	7993	0	0	0	0	0	0
Biragzang__NODE_1397_length_7990_cov_12.884184	1	7990	0	0	0	0	0	0
cell-4122-0-44_S10__NODE_292_length_7989_cov_9.679859	1	7989	0	0	0	0	0	0
Biragzang__NODE_1398_length_7988_cov_10.888693	1	7988	0	0	0	0	0	0
Biragzang__NODE_1399_length_7978_cov_9.305061	1	7978	0	0	0	0	0	0
cell-4122-0-44_S10__NODE_293_length_7978_cov_40.923009	1	7978	0	0	0	0	0	0
Biragzang__NODE_1400_length_7976_cov_6.217018	1	7976	0	0	0	0	0	0
Biragzang__NODE_1401_length_7970_cov_24.231586	1	7970	0	0	0	0	0	0
Biragzang__NODE_1402_length_7970_cov_10.408718	1	7970	0	0	0	0	0	0
Biragzang__NODE_1403_length_7967_cov_7.939459	1	7967	0	0	0	0	0	0
Biragzang__NODE_1404_length_7967_cov_6.904323	1	7967	0	0	0	0	0	0
Biragzang__NODE_1405_length_7967_cov_5.420627	1	7967	0	0	0	0	0	0
Biragzang__NODE_1406_length_7963_cov_7.912241	1	7963	0	0	0	0	0	0
cell-4122-0-44_S10__NODE_294_length_7958_cov_12.488802	1	7958	0	0	0	0	0	0
MV-4122_S12__NODE_1743_length_7955_cov_7.735190	1	7955	0	0	0	0	0	0
Biragzang__NODE_1407_length_7952_cov_36.863366	1	7952	0	0	0	0	0	0
Biragzang__NODE_1408_length_7948_cov_10.610288	1	7948	0	0	0	0	0	0
Biragzang__NODE_1409_length_7947_cov_5.590345	1	7947	0	0	0	0	0	0
Biragzang__NODE_1410_length_7943_cov_12.763058	1	7943	0	0	0	0	0	0
Biragzang__NODE_1411_length_7941_cov_11.548187	1	7941	0	0	0	0	0	0
Biragzang__NODE_1412_length_7935_cov_12.288325	1	7935	0	0	0	0	0	0
Biragzang__NODE_1413_length_7925_cov_15.700889	1	7925	0	0	0	0	0	0
Biragzang__NODE_1414_length_7922_cov_6.977247	1	7922	0	0	0	0	0	0
cell-4125-0-44_S16__NODE_198_length_7922_cov_16.228295	1	7922	0	0	0	0	0	0
Biragzang__NODE_1415_length_7921_cov_15.613272	1	7921	0	0	0	0	0	0
Biragzang__NODE_1416_length_7921_cov_6.229596	1	7921	0	0	0	0	0	0
Biragzang__NODE_1417_length_7920_cov_15.144819	1	7920	0	0	0	0	0	0
Biragzang__NODE_1418_length_7916_cov_11.201628	1	7916	0	0	0	0	0	0
Biragzang__NODE_1419_length_7915_cov_24.633079	1	7915	0	0	0	0	0	0
cell-4122-0-44_S10__NODE_295_length_7915_cov_23.231552	1	7915	0	0	0	0	0	0
Biragzang__NODE_1420_length_7912_cov_23.690594	1	7912	0	0	0	0	0	0
MV-4122_S12__NODE_1751_length_7909_cov_26.933537	1	7909	0	0	0	0	0	0
MV-4122_S12__NODE_1752_length_7908_cov_35.786706	1	7908	0	0	0	0	0	0
Biragzang__NODE_1421_length_7906_cov_24.393326	1	7906	0	0	0	0	0	0
Biragzang__NODE_1422_length_7906_cov_16.416507	1	7906	0	0	0	0	0	0
Biragzang__NODE_1423_length_7901_cov_5.945322	1	7901	0	0	0	0	0	0
Biragzang__NODE_1424_length_7900_cov_7.469089	1	7900	0	0	0	0	0	0
Biragzang__NODE_1425_length_7889_cov_13.328568	1	7889	0	0	0	0	0	0
Biragzang__NODE_1426_length_7882_cov_15.110004	1	7882	0	0	0	0	0	0
Biragzang__NODE_1427_length_7879_cov_13.637270	1	7879	0	0	0	0	0	0
Biragzang__NODE_1428_length_7879_cov_6.086273	1	7879	0	0	0	0	0	0
cell-4122-0-44_S10__NODE_296_length_7879_cov_17.368482	1	7879	0	0	0	0	0	0
Biragzang__NODE_1429_length_7876_cov_8.761284	1	7876	0	0	0	0	0	0
Biragzang__NODE_1430_length_7873_cov_19.403044	1	7873	0	0	0	0	0	0
Biragzang__NODE_1432_length_7859_cov_8.437340	1	7859	0	0	0	0	0	0
Biragzang__NODE_1433_length_7858_cov_4.426631	1	7858	0	0	0	0	0	0
Biragzang__NODE_1434_length_7851_cov_5.020523	1	7851	0	0	0	0	0	0
Biragzang__NODE_1435_length_7843_cov_7.862481	1	7843	0	0	0	0	0	0
cell-4122-0-44_S10__NODE_297_length_7842_cov_516.592783	1	7842	0	0	0	0	0	0
cell-4122-0-44_S10__NODE_298_length_7842_cov_14.284834	1	7842	0	0	0	0	0	0
cell-4125-0-44_S16__NODE_200_length_7839_cov_5.898253	1	7839	0	0	0	0	0	0
cell-4122-0-44_S10__NODE_299_length_7838_cov_16.061287	1	7838	0	0	0	0	0	0
Biragzang__NODE_1436_length_7835_cov_40.211311	1	7835	0	0	0	0	0	0
cell-4125-0-44_S16__NODE_201_length_7832_cov_8.210492	1	7832	0	0	0	0	0	0
Biragzang__NODE_1437_length_7825_cov_9.695367	1	7825	0	0	0	0	0	0
cell-4122-0-44_S10__NODE_300_length_7824_cov_22.367615	1	7824	0	0	0	0	0	0
cell-4122-0-44_S10__NODE_301_length_7821_cov_10.270796	1	7821	0	0	0	0	0	0
Biragzang__NODE_1438_length_7817_cov_36.826720	1	7817	0	0	0	0	0	0
Biragzang__NODE_1439_length_7813_cov_33.116396	1	7813	0	0	0	0	0	0
Biragzang__NODE_1440_length_7813_cov_6.878061	1	7813	0	0	0	0	0	0
Biragzang__NODE_1441_length_7808_cov_48.566877	1	7808	0	0	0	0	0	0
Biragzang__NODE_1442_length_7808_cov_6.661937	1	7808	0	0	0	0	0	0
Biragzang__NODE_1443_length_7807_cov_6.344943	1	7807	0	0	0	0	0	0
Biragzang__NODE_1444_length_7806_cov_5.310928	1	7806	0	0	0	0	0	0
Biragzang__NODE_1445_length_7803_cov_8.640552	1	7803	0	0	0	0	0	0
Biragzang__NODE_1446_length_7801_cov_35.846501	1	7801	0	0	0	0	0	0
Biragzang__NODE_1447_length_7799_cov_10.931043	1	7799	0	0	0	0	0	0
Biragzang__NODE_1448_length_7799_cov_4.631586	1	7799	0	0	0	0	0	0
Biragzang__NODE_1449_length_7797_cov_45.230044	1	7797	0	0	0	0	0	0
cell-4122-0-44_S10__NODE_302_length_7795_cov_32.253488	1	7795	0	0	0	0	0	0
MV-4128_S29__NODE_819_length_7792_cov_5.445651	1	7792	0	0	0	0	0	0
Biragzang__NODE_1450_length_7790_cov_15.487783	1	7790	0	0	0	0	0	0
cell-4125-0-44_S16__NODE_202_length_7789_cov_7.002715	1	7789	0	0	0	0	0	0
Biragzang__NODE_1451_length_7788_cov_30.459847	1	7788	0	0	0	0	0	0
Biragzang__NODE_1452_length_7787_cov_9.687144	1	7787	0	0	0	0	0	0
cell-4122-0-44_S10__NODE_303_length_7786_cov_11.469280	1	7786	0	0	0	0	0	0
MV-4122_S12__NODE_1769_length_7785_cov_41.358603	1	7785	0	0	0	0	0	0
cell-4125-0-44_S16__NODE_203_length_7783_cov_6.833333	1	7783	0	0	0	0	0	0
Biragzang__NODE_1453_length_7779_cov_9.493786	1	7779	0	0	0	0	0	0
Biragzang__NODE_1454_length_7776_cov_31.573889	1	7776	0	0	0	0	0	0
cell-4125-0-44_S16__NODE_204_length_7775_cov_7.720855	1	7775	0	0	0	0	0	0
cell-4122-0-44_S10__NODE_304_length_7774_cov_12.577147	1	7774	0	0	0	0	0	0
MV-4122_S12__NODE_1771_length_7769_cov_20.299585	1	7769	0	0	0	0	0	0
Biragzang__NODE_1455_length_7759_cov_12.766485	1	7759	0	0	0	0	0	0
Biragzang__NODE_1456_length_7756_cov_9.580574	1	7756	0	0	0	0	0	0
Biragzang__NODE_1457_length_7752_cov_22.725867	1	7752	0	0	0	0	0	0
Biragzang__NODE_1458_length_7751_cov_9.369413	1	7751	0	0	0	0	0	0
cell-4122-0-44_S10__NODE_305_length_7749_cov_10.877047	1	7749	0	0	0	0	0	0
Biragzang__NODE_1459_length_7748_cov_9.642142	1	7748	0	0	0	0	0	0
cell-4122-0-44_S10__NODE_306_length_7748_cov_24.056675	1	7748	0	0	0	0	0	0
Biragzang__NODE_1460_length_7747_cov_6.265081	1	7747	0	0	0	0	0	0
Biragzang__NODE_1461_length_7743_cov_53.227497	1	7743	0	0	0	0	0	0
Biragzang__NODE_1462_length_7742_cov_10.136334	1	7742	0	0	0	0	0	0
cell-4125-0-44_S16__NODE_205_length_7742_cov_7.233121	1	7742	0	0	0	0	0	0
Biragzang__NODE_1463_length_7741_cov_10.600312	1	7741	0	0	0	0	0	0
Biragzang__NODE_1464_length_7741_cov_6.325137	1	7741	0	0	0	0	0	0
MV-4122_S12__NODE_1778_length_7737_cov_9.026946	1	7737	0	0	0	0	0	0
MV-4122_S12__NODE_1779_length_7736_cov_40.386278	1	7736	0	0	0	0	0	0
MV-4122_S12__NODE_1780_length_7736_cov_7.619581	1	7736	0	0	0	0	0	0
cell-4122-0-44_S10__NODE_307_length_7736_cov_9.923057	1	7736	0	0	0	0	0	0
Biragzang__NODE_1465_length_7729_cov_9.499088	1	7729	0	0	0	0	0	0
Biragzang__NODE_1466_length_7729_cov_9.140865	1	7729	0	0	0	0	0	0
cell-4125-0-44_S16__NODE_206_length_7726_cov_7.616478	1	7726	0	0	0	0	0	0
Biragzang__NODE_1467_length_7723_cov_6.904408	1	7723	0	0	0	0	0	0
Biragzang__NODE_1468_length_7720_cov_63.367123	1	7720	0	0	0	0	0	0
cell-4122-0-44_S10__NODE_308_length_7719_cov_12.855297	1	7719	0	0	0	0	0	0
MV-4122_S12__NODE_1783_length_7718_cov_8.007960	1	7718	0	0	0	0	0	0
Biragzang__NODE_1469_length_7717_cov_11.628426	1	7717	0	0	0	0	0	0
Biragzang__NODE_1470_length_7716_cov_9.456859	1	7716	0	0	0	0	0	0
Biragzang__NODE_1471_length_7710_cov_9.748922	1	7710	0	0	0	0	0	0
cell-4122-0-44_S10__NODE_309_length_7709_cov_15.641756	1	7709	0	0	0	0	0	0
Biragzang__NODE_1472_length_7704_cov_12.070336	1	7704	0	0	0	0	0	0
cell-4122-0-22_S11__NODE_135_length_7697_cov_12.974876	1	7697	0	0	0	0	0	0
Biragzang__NODE_1473_length_7694_cov_6.483833	1	7694	0	0	0	0	0	0
Biragzang__NODE_1474_length_7691_cov_13.825563	1	7691	0	0	0	0	0	0
Biragzang__NODE_1475_length_7690_cov_12.694434	1	7690	0	0	0	0	0	0
Biragzang__NODE_1476_length_7687_cov_59.672825	1	7687	0	0	0	0	0	0
Biragzang__NODE_1477_length_7687_cov_56.904350	1	7687	0	0	0	0	0	0
Biragzang__NODE_1478_length_7681_cov_11.114215	1	7681	0	0	0	0	0	0
Biragzang__NODE_1479_length_7679_cov_9.793284	1	7679	0	0	0	0	0	0
Biragzang__NODE_1480_length_7675_cov_68.579265	1	7675	0	0	0	0	0	0
MV-4122_S12__NODE_1789_length_7675_cov_5.946325	1	7675	0	0	0	0	0	0
Biragzang__NODE_1481_length_7673_cov_34.124836	1	7673	0	0	0	0	0	0
Biragzang__NODE_1482_length_7673_cov_10.386847	1	7673	0	0	0	0	0	0
Biragzang__NODE_1483_length_7672_cov_6.236051	1	7672	0	0	0	0	0	0
cell-4125-0-44_S16__NODE_208_length_7661_cov_14.361820	1	7661	0	0	0	0	0	0
Biragzang__NODE_1484_length_7653_cov_12.793367	1	7653	0	0	0	0	0	0
MV-4122_S12__NODE_1792_length_7651_cov_6.518826	1	7651	0	0	0	0	0	0
cell-4125-0-44_S16__NODE_210_length_7644_cov_5.973251	1	7644	0	0	0	0	0	0
MV-4122_S12__NODE_1793_length_7639_cov_29.452795	1	7639	0	0	0	0	0	0
Biragzang__NODE_1485_length_7638_cov_5.940789	1	7638	0	0	0	0	0	0
cell-4122-0-44_S10__NODE_310_length_7638_cov_1517.774891	1	7638	0	0	0	0	0	0
Biragzang__NODE_1486_length_7636_cov_11.991030	1	7636	0	0	0	0	0	0
MV-4122_S12__NODE_1796_length_7635_cov_8.431926	1	7635	0	0	0	0	0	0
cell-4122-0-44_S10__NODE_311_length_7635_cov_14.456464	1	7635	0	0	0	0	0	0
Biragzang__NODE_1487_length_7633_cov_10.863552	1	7633	0	0	0	0	0	0
Biragzang__NODE_1488_length_7629_cov_13.624637	1	7629	0	0	0	0	0	0
Biragzang__NODE_1489_length_7628_cov_10.107883	1	7628	0	0	0	0	0	0
cell-4125-0-44_S16__NODE_211_length_7626_cov_10.008982	1	7626	0	0	0	0	0	0
Biragzang__NODE_1490_length_7624_cov_12.252874	1	7624	0	0	0	0	0	0
Biragzang__NODE_1491_length_7622_cov_6.351262	1	7622	0	0	0	0	0	0
Biragzang__NODE_1492_length_7619_cov_6.364754	1	7619	0	0	0	0	0	0
cell-4125-0-44_S16__NODE_212_length_7619_cov_5.987969	1	7619	0	0	0	0	0	0
cell-4122-0-44_S10__NODE_312_length_7618_cov_21.668782	1	7618	0	0	0	0	0	0
Biragzang__NODE_1493_length_7617_cov_12.721634	1	7617	0	0	0	0	0	0
Biragzang__NODE_1494_length_7617_cov_5.956890	1	7617	0	0	0	0	0	0
Biragzang__NODE_1495_length_7610_cov_36.040900	1	7610	0	0	0	0	0	0
MV-4122_S12__NODE_1798_length_7609_cov_8.095976	1	7609	0	0	0	0	0	0
Biragzang__NODE_1496_length_7608_cov_13.150669	1	7608	0	0	0	0	0	0
Biragzang__NODE_1497_length_7605_cov_6.653642	1	7605	0	0	0	0	0	0
Biragzang__NODE_1498_length_7603_cov_9.953498	1	7603	0	0	0	0	0	0
Biragzang__NODE_1499_length_7600_cov_8.703645	1	7600	0	0	0	0	0	0
cell-4122-0-44_S10__NODE_313_length_7597_cov_19.853752	1	7597	0	0	0	0	0	0
MV-4122_S12__NODE_1804_length_7593_cov_7.871451	1	7593	0	0	0	0	0	0
Biragzang__NODE_1500_length_7591_cov_14.346736	1	7591	0	0	0	0	0	0
Biragzang__NODE_1501_length_7591_cov_11.840366	1	7591	0	0	0	0	0	0
cell-4122-0-44_S10__NODE_314_length_7591_cov_14.583599	1	7591	0	0	0	0	0	0
Biragzang__NODE_1502_length_7589_cov_30.863950	1	7589	0	0	0	0	0	0
cell-4125-0-44_S16__NODE_214_length_7586_cov_8.323330	1	7586	0	0	0	0	0	0
MV-4122_S12__NODE_1808_length_7584_cov_8.697171	1	7584	0	0	0	0	0	0
Biragzang__NODE_1503_length_7583_cov_34.180393	1	7583	0	0	0	0	0	0
Biragzang__NODE_1504_length_7580_cov_11.064585	1	7580	0	0	0	0	0	0
Biragzang__NODE_1505_length_7580_cov_8.346047	1	7580	0	0	0	0	0	0
cell-4125-0-44_S16__NODE_215_length_7580_cov_4.853289	1	7580	0	0	0	0	0	0
Biragzang__NODE_1506_length_7575_cov_6.245745	1	7575	0	0	0	0	0	0
Biragzang__NODE_1507_length_7574_cov_53.048411	1	7574	0	0	0	0	0	0
MV-4122_S12__NODE_1812_length_7574_cov_7.751297	1	7574	0	0	0	0	0	0
Biragzang__NODE_1508_length_7573_cov_7.087390	1	7573	0	0	0	0	0	0
Biragzang__NODE_1509_length_7572_cov_47.997339	1	7572	0	0	0	0	0	0
Biragzang__NODE_1510_length_7572_cov_47.691366	1	7572	0	0	0	0	0	0
Biragzang__NODE_1511_length_7571_cov_37.986296	1	7571	0	0	0	0	0	0
Biragzang__NODE_1512_length_7570_cov_6.145975	1	7570	0	0	0	0	0	0
cell-4122-0-44_S10__NODE_315_length_7569_cov_43.451291	1	7569	0	0	0	0	0	0
cell-4125-0-44_S16__NODE_217_length_7566_cov_9.200373	1	7566	0	0	0	0	0	0
Biragzang__NODE_1513_length_7565_cov_9.541278	1	7565	0	0	0	0	0	0
cell-4122-0-44_S10__NODE_316_length_7565_cov_11.689481	1	7565	0	0	0	0	0	0
Biragzang__NODE_1514_length_7564_cov_11.243841	1	7564	0	0	0	0	0	0
Biragzang__NODE_1515_length_7563_cov_45.813799	1	7563	0	0	0	0	0	0
Biragzang__NODE_1516_length_7562_cov_7.771946	1	7562	0	0	0	0	0	0
cell-4125-0-44_S16__NODE_218_length_7557_cov_6.858838	1	7557	0	0	0	0	0	0
Biragzang__NODE_1517_length_7550_cov_11.675517	1	7550	0	0	0	0	0	0
cell-4125-0-44_S16__NODE_219_length_7547_cov_15.717432	1	7547	0	0	0	0	0	0
MV-4122_S12__NODE_1819_length_7542_cov_7.294243	1	7542	0	0	0	0	0	0
Biragzang__NODE_1518_length_7537_cov_11.611868	1	7537	0	0	0	0	0	0
Biragzang__NODE_1519_length_7527_cov_10.123260	1	7527	0	0	0	0	0	0
cell-4122-0-44_S10__NODE_317_length_7527_cov_15.518870	1	7527	0	0	0	0	0	0
Biragzang__NODE_1520_length_7519_cov_13.707931	1	7519	0	0	0	0	0	0
MV-4122_S12__NODE_1822_length_7519_cov_6.853430	1	7519	0	0	0	0	0	0
cell-4125-0-44_S16__NODE_223_length_7518_cov_7.428112	1	7518	0	0	0	0	0	0
cell-4122-0-44_S10__NODE_318_length_7515_cov_12.640349	1	7515	0	0	0	0	0	0
Biragzang__NODE_1521_length_7513_cov_27.802628	1	7513	0	0	0	0	0	0
Biragzang__NODE_1522_length_7511_cov_14.486856	1	7511	0	0	0	0	0	0
Biragzang__NODE_1523_length_7510_cov_17.854594	1	7510	0	0	0	0	0	0
cell-4122-0-44_S10__NODE_319_length_7510_cov_10.023608	1	7510	0	0	0	0	0	0
cell-4122-0-44_S10__NODE_320_length_7507_cov_37.740338	1	7507	0	0	0	0	0	0
Biragzang__NODE_1524_length_7505_cov_11.717718	1	7505	0	0	0	0	0	0
Biragzang__NODE_1525_length_7503_cov_13.001208	1	7503	0	0	0	0	0	0
Biragzang__NODE_1526_length_7496_cov_11.963849	1	7496	0	0	0	0	0	0
cell-4122-0-44_S10__NODE_321_length_7495_cov_77.797849	1	7495	0	0	0	0	0	0
Biragzang__NODE_1527_length_7494_cov_14.046243	1	7494	0	0	0	0	0	0
Biragzang__NODE_1528_length_7493_cov_15.831406	1	7493	0	0	0	0	0	0
cell-4122-0-44_S10__NODE_322_length_7488_cov_14.430916	1	7488	0	0	0	0	0	0
cell-4125-0-44_S16__NODE_224_length_7488_cov_17.236782	1	7488	0	0	0	0	0	0
Biragzang__NODE_1529_length_7486_cov_9.945499	1	7486	0	0	0	0	0	0
Biragzang__NODE_1530_length_7484_cov_4.781397	1	7484	0	0	0	0	0	0
cell-4125-0-44_S16__NODE_225_length_7484_cov_5.771436	1	7484	0	0	0	0	0	0
cell-4125-0-44_S16__NODE_226_length_7482_cov_8.246398	1	7482	0	0	0	0	0	0
Biragzang__NODE_1531_length_7481_cov_12.542957	1	7481	0	0	0	0	0	0
Biragzang__NODE_1532_length_7478_cov_23.746464	1	7478	0	0	0	0	0	0
Biragzang__NODE_1533_length_7475_cov_12.496765	1	7475	0	0	0	0	0	0
Biragzang__NODE_1534_length_7472_cov_16.933531	1	7472	0	0	0	0	0	0
MV-4122_S12__NODE_1827_length_7472_cov_9.457328	1	7472	0	0	0	0	0	0
cell-4122-0-44_S10__NODE_323_length_7469_cov_13.925142	1	7469	0	0	0	0	0	0
Biragzang__NODE_1535_length_7468_cov_9.380278	1	7468	0	0	0	0	0	0
Biragzang__NODE_1536_length_7456_cov_14.866910	1	7456	0	0	0	0	0	0
Biragzang__NODE_1537_length_7453_cov_31.728035	1	7453	0	0	0	0	0	0
cell-4122-0-44_S10__NODE_324_length_7452_cov_10.364472	1	7452	0	0	0	0	0	0
cell-4125-0-44_S16__NODE_227_length_7449_cov_6.719097	1	7449	0	0	0	0	0	0
Biragzang__NODE_1538_length_7447_cov_31.298837	1	7447	0	0	0	0	0	0
Biragzang__NODE_1539_length_7446_cov_9.051143	1	7446	0	0	0	0	0	0
Biragzang__NODE_1540_length_7445_cov_17.153857	1	7445	0	0	0	0	0	0
Biragzang__NODE_1541_length_7443_cov_36.579589	1	7443	0	0	0	0	0	0
Biragzang__NODE_1542_length_7442_cov_45.322594	1	7442	0	0	0	0	0	0
Biragzang__NODE_1543_length_7441_cov_14.177904	1	7441	0	0	0	0	0	0
MV-4122_S12__NODE_1832_length_7437_cov_26.947440	1	7437	0	0	0	0	0	0
Biragzang__NODE_1544_length_7436_cov_45.704512	1	7436	0	0	0	0	0	0
Biragzang__NODE_1545_length_7432_cov_54.587773	1	7432	0	0	0	0	0	0
cell-4122-0-44_S10__NODE_325_length_7432_cov_702.137590	1	7432	0	0	0	0	0	0
cell-4125-0-44_S16__NODE_228_length_7432_cov_16.053951	1	7432	0	0	0	0	0	0
cell-4125-0-44_S16__NODE_229_length_7430_cov_5.064136	1	7430	0	0	0	0	0	0
Biragzang__NODE_1546_length_7426_cov_11.341745	1	7426	0	0	0	0	0	0
Biragzang__NODE_1547_length_7425_cov_41.505427	1	7425	0	0	0	0	0	0
MV-4122_S12__NODE_1835_length_7423_cov_7.793702	1	7423	0	0	0	0	0	0
Biragzang__NODE_1548_length_7422_cov_35.647482	1	7422	0	0	0	0	0	0
Biragzang__NODE_1549_length_7422_cov_5.706801	1	7422	0	0	0	0	0	0
Biragzang__NODE_1550_length_7421_cov_7.183275	1	7421	0	0	0	0	0	0
Biragzang__NODE_1551_length_7413_cov_51.721799	1	7413	0	0	0	0	0	0
MV-4128_S29__NODE_874_length_7413_cov_7.981924	1	7413	0	0	0	0	0	0
cell-4125-0-44_S16__NODE_230_length_7412_cov_6.091613	1	7412	0	0	0	0	0	0
Biragzang__NODE_1552_length_7411_cov_29.199157	1	7411	0	0	0	0	0	0
cell-4122-0-22_S11__NODE_143_length_7411_cov_12.430669	1	7411	0	0	0	0	0	0
Biragzang__NODE_1553_length_7404_cov_7.781331	1	7404	0	0	0	0	0	0
Biragzang__NODE_1554_length_7402_cov_14.657003	1	7402	0	0	0	0	0	0
Biragzang__NODE_1555_length_7396_cov_12.596104	1	7396	0	0	0	0	0	0
Biragzang__NODE_1556_length_7395_cov_5.710763	1	7395	0	0	0	0	0	0
Biragzang__NODE_1557_length_7392_cov_31.249012	1	7392	0	0	0	0	0	0
Biragzang__NODE_1558_length_7387_cov_9.920486	1	7387	0	0	0	0	0	0
Biragzang__NODE_1559_length_7387_cov_6.710720	1	7387	0	0	0	0	0	0
cell-4122-0-44_S10__NODE_326_length_7386_cov_15.306097	1	7386	0	0	0	0	0	0
cell-4122-0-44_S10__NODE_327_length_7386_cov_8.422180	1	7386	0	0	0	0	0	0
Biragzang__NODE_1560_length_7384_cov_12.831764	1	7384	0	0	0	0	0	0
Biragzang__NODE_1561_length_7382_cov_36.022383	1	7382	0	0	0	0	0	0
Biragzang__NODE_1562_length_7376_cov_37.089878	1	7376	0	0	0	0	0	0
Biragzang__NODE_1563_length_7372_cov_5.209239	1	7372	0	0	0	0	0	0
Biragzang__NODE_1564_length_7368_cov_7.210994	1	7368	0	0	0	0	0	0
Biragzang__NODE_1565_length_7367_cov_14.301696	1	7367	0	0	0	0	0	0
Biragzang__NODE_1566_length_7364_cov_28.636339	1	7364	0	0	0	0	0	0
Biragzang__NODE_1567_length_7364_cov_6.401149	1	7364	0	0	0	0	0	0
cell-4125-0-44_S16__NODE_232_length_7363_cov_7.049261	1	7363	0	0	0	0	0	0
Biragzang__NODE_1568_length_7357_cov_53.830868	1	7357	0	0	0	0	0	0
Biragzang__NODE_1569_length_7357_cov_15.978499	1	7357	0	0	0	0	0	0
Biragzang__NODE_1570_length_7356_cov_11.794001	1	7356	0	0	0	0	0	0
Biragzang__NODE_1571_length_7355_cov_17.564658	1	7355	0	0	0	0	0	0
Biragzang__NODE_1572_length_7354_cov_11.376079	1	7354	0	0	0	0	0	0
Biragzang__NODE_1573_length_7352_cov_6.819378	1	7352	0	0	0	0	0	0
Biragzang__NODE_1574_length_7352_cov_6.487735	1	7352	0	0	0	0	0	0
Biragzang__NODE_1575_length_7350_cov_7.908019	1	7350	0	0	0	0	0	0
cell-4122-0-44_S10__NODE_328_length_7347_cov_10.511794	1	7347	0	0	0	0	0	0
Biragzang__NODE_1576_length_7346_cov_11.933068	1	7346	0	0	0	0	0	0
Biragzang__NODE_1577_length_7343_cov_10.111004	1	7343	0	0	0	0	0	0
cell-4125-0-44_S16__NODE_233_length_7343_cov_9.539929	1	7343	0	0	0	0	0	0
Biragzang__NODE_1578_length_7342_cov_6.868670	1	7342	0	0	0	0	0	0
cell-4125-0-44_S16__NODE_234_length_7342_cov_11.860436	1	7342	0	0	0	0	0	0
Biragzang__NODE_1579_length_7338_cov_41.739393	1	7338	0	0	0	0	0	0
Biragzang__NODE_1580_length_7338_cov_28.592201	1	7338	0	0	0	0	0	0
Biragzang__NODE_1581_length_7335_cov_10.471566	1	7335	0	0	0	0	0	0
Biragzang__NODE_1582_length_7334_cov_12.397033	1	7334	0	0	0	0	0	0
Biragzang__NODE_1583_length_7333_cov_36.793487	1	7333	0	0	0	0	0	0
cell-4125-0-44_S16__NODE_235_length_7333_cov_6.967161	1	7333	0	0	0	0	0	0
cell-4125-0-44_S16__NODE_236_length_7333_cov_6.919896	1	7333	0	0	0	0	0	0
Biragzang__NODE_1584_length_7331_cov_16.772677	1	7331	0	0	0	0	0	0
Biragzang__NODE_1585_length_7326_cov_47.536515	1	7326	0	0	0	0	0	0
Biragzang__NODE_1586_length_7325_cov_39.240853	1	7325	0	0	0	0	0	0
cell-4125-0-44_S16__NODE_237_length_7324_cov_7.082267	1	7324	0	0	0	0	0	0
Biragzang__NODE_1587_length_7322_cov_34.844503	1	7322	0	0	0	0	0	0
Biragzang__NODE_1588_length_7319_cov_7.310022	1	7319	0	0	0	0	0	0
cell-4125-0-44_S16__NODE_238_length_7318_cov_6.151315	1	7318	0	0	0	0	0	0
MV-4122_S12__NODE_1850_length_7317_cov_7.332140	1	7317	0	0	0	0	0	0
Biragzang__NODE_1589_length_7310_cov_52.056099	1	7310	0	0	0	0	0	0
cell-4122-0-44_S10__NODE_329_length_7309_cov_18.985250	1	7309	0	0	0	0	0	0
cell-4125-0-44_S16__NODE_240_length_7309_cov_5.411635	1	7309	0	0	0	0	0	0
Biragzang__NODE_1590_length_7308_cov_10.778850	1	7308	0	0	0	0	0	0
Biragzang__NODE_1591_length_7308_cov_10.489728	1	7308	0	0	0	0	0	0
Biragzang__NODE_1592_length_7306_cov_8.174735	1	7306	0	0	0	0	0	0
Biragzang__NODE_1593_length_7305_cov_13.335586	1	7305	0	0	0	0	0	0
cell-4125-0-22_S17__NODE_2_length_7303_cov_16.391280	1	7303	0	0	0	0	0	0
Biragzang__NODE_1594_length_7299_cov_120.919658	1	7299	0	0	0	0	0	0
MV-4122_S12__NODE_1858_length_7296_cov_5.532109	1	7296	0	0	0	0	0	0
cell-4125-0-44_S16__NODE_243_length_7293_cov_7.218431	1	7293	0	0	0	0	0	0
Biragzang__NODE_1595_length_7292_cov_18.339920	1	7292	0	0	0	0	0	0
Biragzang__NODE_1596_length_7292_cov_9.006771	1	7292	0	0	0	0	0	0
Biragzang__NODE_1597_length_7288_cov_34.504217	1	7288	0	0	0	0	0	0
Biragzang__NODE_1598_length_7286_cov_6.419859	1	7286	0	0	0	0	0	0
Biragzang__NODE_1599_length_7282_cov_3.727826	1	7282	0	0	0	0	0	0
Biragzang__NODE_1600_length_7279_cov_46.431340	1	7279	0	0	0	0	0	0
MV-4122_S12__NODE_1864_length_7276_cov_8.134746	1	7276	0	0	0	0	0	0
Biragzang__NODE_1601_length_7270_cov_29.472072	1	7270	0	0	0	0	0	0
Biragzang__NODE_1602_length_7269_cov_11.934156	1	7269	0	0	0	0	0	0
Biragzang__NODE_1603_length_7266_cov_14.620164	1	7266	0	0	0	0	0	0
Biragzang__NODE_1604_length_7264_cov_6.592038	1	7264	0	0	0	0	0	0
Biragzang__NODE_1605_length_7253_cov_15.779800	1	7253	0	0	0	0	0	0
MV-4122_S12__NODE_1868_length_7253_cov_32.264379	1	7253	0	0	0	0	0	0
Biragzang__NODE_1606_length_7250_cov_7.876859	1	7250	0	0	0	0	0	0
cell-4125-0-44_S16__NODE_246_length_7250_cov_8.256845	1	7250	0	0	0	0	0	0
Biragzang__NODE_1607_length_7249_cov_41.895885	1	7249	0	0	0	0	0	0
Biragzang__NODE_1608_length_7248_cov_30.019307	1	7248	0	0	0	0	0	0
Biragzang__NODE_1609_length_7246_cov_51.655542	1	7246	0	0	0	0	0	0
Biragzang__NODE_1610_length_7246_cov_9.407732	1	7246	0	0	0	0	0	0
Biragzang__NODE_1611_length_7243_cov_18.292849	1	7243	0	0	0	0	0	0
Biragzang__NODE_1612_length_7241_cov_12.273309	1	7241	0	0	0	0	0	0
Biragzang__NODE_1613_length_7239_cov_5.919961	1	7239	0	0	0	0	0	0
cell-4125-0-44_S16__NODE_247_length_7239_cov_5.446409	1	7239	0	0	0	0	0	0
Biragzang__NODE_1614_length_7238_cov_42.053738	1	7238	0	0	0	0	0	0
Biragzang__NODE_1615_length_7236_cov_44.903356	1	7236	0	0	0	0	0	0
MV-4122_S12__NODE_1870_length_7236_cov_5.700181	1	7236	0	0	0	0	0	0
Biragzang__NODE_1616_length_7231_cov_29.062291	1	7231	0	0	0	0	0	0
Biragzang__NODE_1617_length_7231_cov_6.410953	1	7231	0	0	0	0	0	0
Biragzang__NODE_1618_length_7230_cov_5.800976	1	7230	0	0	0	0	0	0
Biragzang__NODE_1619_length_7225_cov_22.373361	1	7225	0	0	0	0	0	0
cell-4122-0-44_S10__NODE_330_length_7224_cov_17.066397	1	7224	0	0	0	0	0	0
cell-4125-0-44_S16__NODE_248_length_7222_cov_5.171620	1	7222	0	0	0	0	0	0
MV-4122_S12__NODE_1874_length_7221_cov_31.239464	1	7221	0	0	0	0	0	0
Biragzang__NODE_1620_length_7220_cov_28.371389	1	7220	0	0	0	0	0	0
Biragzang__NODE_1621_length_7219_cov_11.365299	1	7219	0	0	0	0	0	0
cell-4125-0-44_S16__NODE_249_length_7217_cov_6.935772	1	7217	0	0	0	0	0	0
Biragzang__NODE_1622_length_7215_cov_42.177793	1	7215	0	0	0	0	0	0
Biragzang__NODE_1623_length_7215_cov_16.005168	1	7215	0	0	0	0	0	0
Biragzang__NODE_1624_length_7211_cov_31.345584	1	7211	0	0	0	0	0	0
Biragzang__NODE_1625_length_7206_cov_10.866732	1	7206	0	0	0	0	0	0
cell-4125-0-44_S16__NODE_251_length_7201_cov_9.513434	1	7201	0	0	0	0	0	0
Biragzang__NODE_1626_length_7199_cov_17.980683	1	7199	0	0	0	0	0	0
cell-4122-0-44_S10__NODE_331_length_7196_cov_63.410727	1	7196	0	0	0	0	0	0
Biragzang__NODE_1628_length_7195_cov_6.178011	1	7195	0	0	0	0	0	0
Biragzang__NODE_1629_length_7194_cov_12.351030	1	7194	0	0	0	0	0	0
Biragzang__NODE_1630_length_7193_cov_6.759036	1	7193	0	0	0	0	0	0
Biragzang__NODE_1631_length_7192_cov_36.673392	1	7192	0	0	0	0	0	0
Biragzang__NODE_1632_length_7192_cov_6.958386	1	7192	0	0	0	0	0	0
Biragzang__NODE_1633_length_7190_cov_52.567344	1	7190	0	0	0	0	0	0
cell-4125-0-22_S17__NODE_3_length_7190_cov_13.714646	1	7190	0	0	0	0	0	0
Biragzang__NODE_1634_length_7187_cov_9.392316	1	7187	0	0	0	0	0	0
Biragzang__NODE_1635_length_7185_cov_8.582328	1	7185	0	0	0	0	0	0
Biragzang__NODE_1636_length_7181_cov_11.115633	1	7181	0	0	0	0	0	0
MV-4128_S29__NODE_906_length_7180_cov_6.679579	1	7180	0	0	0	0	0	0
cell-4122-0-44_S10__NODE_332_length_7175_cov_15.229213	1	7175	0	0	0	0	0	0
Biragzang__NODE_1637_length_7174_cov_11.304678	1	7174	0	0	0	0	0	0
Biragzang__NODE_1638_length_7172_cov_9.500070	1	7172	0	0	0	0	0	0
Biragzang__NODE_1639_length_7154_cov_20.343429	1	7154	0	0	0	0	0	0
Biragzang__NODE_1640_length_7152_cov_31.618994	1	7152	0	0	0	0	0	0
cell-4122-0-22_S11__NODE_150_length_7151_cov_7.841319	1	7151	0	0	0	0	0	0
cell-4125-0-44_S16__NODE_253_length_7151_cov_7.670378	1	7151	0	0	0	0	0	0
Biragzang__NODE_1641_length_7147_cov_38.842499	1	7147	0	0	0	0	0	0
Biragzang__NODE_1642_length_7147_cov_10.989989	1	7147	0	0	0	0	0	0
Biragzang__NODE_1643_length_7146_cov_18.353829	1	7146	0	0	0	0	0	0
Biragzang__NODE_1644_length_7143_cov_31.906744	1	7143	0	0	0	0	0	0
cell-4125-0-44_S16__NODE_254_length_7143_cov_7.233916	1	7143	0	0	0	0	0	0
MV-4122_S12__NODE_1895_length_7141_cov_39.527378	1	7141	0	0	0	0	0	0
Biragzang__NODE_1645_length_7140_cov_45.551729	1	7140	0	0	0	0	0	0
Biragzang__NODE_1646_length_7135_cov_4.833192	1	7135	0	0	0	0	0	0
Biragzang__NODE_1647_length_7134_cov_44.957904	1	7134	0	0	0	0	0	0
Biragzang__NODE_1648_length_7129_cov_14.622279	1	7129	0	0	0	0	0	0
cell-4125-0-44_S16__NODE_255_length_7129_cov_5.144614	1	7129	0	0	0	0	0	0
cell-4125-0-44_S16__NODE_256_length_7128_cov_5.784533	1	7128	0	0	0	0	0	0
Biragzang__NODE_1649_length_7125_cov_10.733098	1	7125	0	0	0	0	0	0
Biragzang__NODE_1650_length_7121_cov_11.879989	1	7121	0	0	0	0	0	0
Biragzang__NODE_1651_length_7119_cov_7.004813	1	7119	0	0	0	0	0	0
Biragzang__NODE_1652_length_7118_cov_9.395158	1	7118	0	0	0	0	0	0
Biragzang__NODE_1653_length_7117_cov_20.510903	1	7117	0	0	0	0	0	0
Biragzang__NODE_1654_length_7114_cov_12.774047	1	7114	0	0	0	0	0	0
Biragzang__NODE_1655_length_7113_cov_20.211108	1	7113	0	0	0	0	0	0
Biragzang__NODE_1656_length_7113_cov_6.144659	1	7113	0	0	0	0	0	0
cell-4122-0-44_S10__NODE_333_length_7113_cov_21.363134	1	7113	0	0	0	0	0	0
Biragzang__NODE_1657_length_7109_cov_37.144457	1	7109	0	0	0	0	0	0
Biragzang__NODE_1658_length_7108_cov_5.467461	1	7108	0	0	0	0	0	0
cell-4122-0-44_S10__NODE_334_length_7108_cov_11.514958	1	7108	0	0	0	0	0	0
cell-4125-0-44_S16__NODE_259_length_7108_cov_7.889125	1	7108	0	0	0	0	0	0
cell-4125-0-44_S16__NODE_260_length_7108_cov_7.734723	1	7108	0	0	0	0	0	0
MV-4122_S12__NODE_1904_length_7106_cov_36.911076	1	7106	0	0	0	0	0	0
Biragzang__NODE_1659_length_7104_cov_8.003972	1	7104	0	0	0	0	0	0
Biragzang__NODE_1660_length_7104_cov_7.093630	1	7104	0	0	0	0	0	0
Biragzang__NODE_1661_length_7102_cov_45.045977	1	7102	0	0	0	0	0	0
Biragzang__NODE_1662_length_7101_cov_27.079336	1	7101	0	0	0	0	0	0
Biragzang__NODE_1663_length_7101_cov_11.312092	1	7101	0	0	0	0	0	0
MV-4122_S12__NODE_1906_length_7101_cov_7.087709	1	7101	0	0	0	0	0	0
cell-4125-0-44_S16__NODE_261_length_7101_cov_6.205365	1	7101	0	0	0	0	0	0
Biragzang__NODE_1664_length_7100_cov_22.983818	1	7100	0	0	0	0	0	0
Biragzang__NODE_1665_length_7099_cov_10.752839	1	7099	0	0	0	0	0	0
Biragzang__NODE_1666_length_7097_cov_16.031241	1	7097	0	0	0	0	0	0
Biragzang__NODE_1667_length_7097_cov_7.974013	1	7097	0	0	0	0	0	0
cell-4122-0-44_S10__NODE_335_length_7097_cov_12.033371	1	7097	0	0	0	0	0	0
cell-4122-0-44_S10__NODE_336_length_7096_cov_15.569947	1	7096	0	0	0	0	0	0
Biragzang__NODE_1668_length_7095_cov_6.805398	1	7095	0	0	0	0	0	0
cell-4122-0-44_S10__NODE_337_length_7091_cov_10.999005	1	7091	0	0	0	0	0	0
Biragzang__NODE_1669_length_7089_cov_11.979102	1	7089	0	0	0	0	0	0
MV-4122_S12__NODE_1910_length_7088_cov_7.450590	1	7088	0	0	0	0	0	0
MV-4128_S29__NODE_916_length_7087_cov_6.447810	1	7087	0	0	0	0	0	0
Biragzang__NODE_1670_length_7086_cov_10.400796	1	7086	0	0	0	0	0	0
MV-4122_S12__NODE_1912_length_7085_cov_44.032859	1	7085	0	0	0	0	0	0
cell-4125-0-44_S16__NODE_263_length_7085_cov_5.609815	1	7085	0	0	0	0	0	0
cell-4125-0-44_S16__NODE_264_length_7085_cov_4.914225	1	7085	0	0	0	0	0	0
Biragzang__NODE_1671_length_7083_cov_21.767501	1	7083	0	0	0	0	0	0
cell-4122-0-44_S10__NODE_338_length_7081_cov_35.533590	1	7081	0	0	0	0	0	0
cell-4125-0-44_S16__NODE_265_length_7080_cov_11.655089	1	7080	0	0	0	0	0	0
Biragzang__NODE_1672_length_7070_cov_30.039202	1	7070	0	0	0	0	0	0
cell-4125-0-44_S16__NODE_268_length_7068_cov_10.148866	1	7068	0	0	0	0	0	0
Biragzang__NODE_1673_length_7067_cov_8.444381	1	7067	0	0	0	0	0	0
Biragzang__NODE_1674_length_7067_cov_5.113662	1	7067	0	0	0	0	0	0
cell-4125-0-22_S17__NODE_4_length_7067_cov_13.359669	1	7067	0	0	0	0	0	0
cell-4125-0-44_S16__NODE_269_length_7066_cov_9.821566	1	7066	0	0	0	0	0	0
Biragzang__NODE_1675_length_7063_cov_48.864013	1	7063	0	0	0	0	0	0
Biragzang__NODE_1676_length_7063_cov_7.615868	1	7063	0	0	0	0	0	0
MV-4122_S12__NODE_1916_length_7063_cov_7.950771	1	7063	0	0	0	0	0	0
cell-4125-0-44_S16__NODE_270_length_7062_cov_5.345654	1	7062	0	0	0	0	0	0
MV-4122_S12__NODE_1917_length_7061_cov_31.658436	1	7061	0	0	0	0	0	0
Biragzang__NODE_1677_length_7055_cov_24.572000	1	7055	0	0	0	0	0	0
cell-4125-0-44_S16__NODE_271_length_7052_cov_6.267400	1	7052	0	0	0	0	0	0
Biragzang__NODE_1678_length_7051_cov_23.893654	1	7051	0	0	0	0	0	0
cell-4122-0-44_S10__NODE_339_length_7051_cov_10.545740	1	7051	0	0	0	0	0	0
Biragzang__NODE_1679_length_7049_cov_5.519016	1	7049	0	0	0	0	0	0
cell-4122-0-44_S10__NODE_340_length_7049_cov_16.181870	1	7049	0	0	0	0	0	0
Biragzang__NODE_1680_length_7046_cov_29.321842	1	7046	0	0	0	0	0	0
Biragzang__NODE_1681_length_7046_cov_8.967101	1	7046	0	0	0	0	0	0
Biragzang__NODE_1682_length_7045_cov_6.138484	1	7045	0	0	0	0	0	0
Biragzang__NODE_1683_length_7044_cov_9.679210	1	7044	0	0	0	0	0	0
cell-4125-0-44_S16__NODE_272_length_7043_cov_5.598311	1	7043	0	0	0	0	0	0
cell-4125-0-44_S16__NODE_273_length_7042_cov_6.039788	1	7042	0	0	0	0	0	0
Biragzang__NODE_1684_length_7041_cov_14.253221	1	7041	0	0	0	0	0	0
cell-4122-0-44_S10__NODE_341_length_7040_cov_11.561489	1	7040	0	0	0	0	0	0
MV-4122_S12__NODE_1921_length_7039_cov_15.041380	1	7039	0	0	0	0	0	0
cell-4122-0-44_S10__NODE_342_length_7038_cov_9.689102	1	7038	0	0	0	0	0	0
Biragzang__NODE_1685_length_7036_cov_7.265721	1	7036	0	0	0	0	0	0
Biragzang__NODE_1686_length_7035_cov_4.659885	1	7035	0	0	0	0	0	0
Biragzang__NODE_1687_length_7034_cov_44.873334	1	7034	0	0	0	0	0	0
Biragzang__NODE_1688_length_7034_cov_39.425849	1	7034	0	0	0	0	0	0
Biragzang__NODE_1689_length_7033_cov_51.480224	1	7033	0	0	0	0	0	0
Biragzang__NODE_1690_length_7031_cov_39.178612	1	7031	0	0	0	0	0	0
Biragzang__NODE_1691_length_7030_cov_16.186523	1	7030	0	0	0	0	0	0
Biragzang__NODE_1692_length_7029_cov_6.512618	1	7029	0	0	0	0	0	0
Biragzang__NODE_1693_length_7028_cov_45.890721	1	7028	0	0	0	0	0	0
Biragzang__NODE_1694_length_7028_cov_16.619676	1	7028	0	0	0	0	0	0
Biragzang__NODE_1695_length_7025_cov_11.035725	1	7025	0	0	0	0	0	0
Biragzang__NODE_1696_length_7025_cov_11.020803	1	7025	0	0	0	0	0	0
Biragzang__NODE_1697_length_7023_cov_32.911596	1	7023	0	0	0	0	0	0
Biragzang__NODE_1698_length_7023_cov_9.818599	1	7023	0	0	0	0	0	0
Biragzang__NODE_1699_length_7023_cov_8.071183	1	7023	0	0	0	0	0	0
Biragzang__NODE_1700_length_7023_cov_5.650976	1	7023	0	0	0	0	0	0
cell-4122-0-44_S10__NODE_343_length_7017_cov_13.040218	1	7017	0	0	0	0	0	0
cell-4122-0-44_S10__NODE_344_length_7016_cov_20.003160	1	7016	0	0	0	0	0	0
Biragzang__NODE_1701_length_7015_cov_49.144397	1	7015	0	0	0	0	0	0
MV-4122_S12__NODE_1926_length_7015_cov_8.242385	1	7015	0	0	0	0	0	0
Biragzang__NODE_1702_length_7013_cov_8.090543	1	7013	0	0	0	0	0	0
Biragzang__NODE_1703_length_7013_cov_6.706812	1	7013	0	0	0	0	0	0
MV-4122_S12__NODE_1927_length_7013_cov_9.042828	1	7013	0	0	0	0	0	0
Biragzang__NODE_1704_length_7009_cov_32.809318	1	7009	0	0	0	0	0	0
Biragzang__NODE_1705_length_7006_cov_36.639476	1	7006	0	0	0	0	0	0
Biragzang__NODE_1706_length_7006_cov_6.719177	1	7006	0	0	0	0	0	0
cell-4122-0-44_S10__NODE_345_length_7006_cov_18.861890	1	7006	0	0	0	0	0	0
Biragzang__NODE_1707_length_7005_cov_14.344029	1	7005	0	0	0	0	0	0
Biragzang__NODE_1708_length_7002_cov_50.787390	1	7002	0	0	0	0	0	0
Biragzang__NODE_1709_length_6995_cov_8.499712	1	6995	0	0	0	0	0	0
cell-4125-0-44_S16__NODE_275_length_6995_cov_5.487896	1	6995	0	0	0	0	0	0
Biragzang__NODE_1710_length_6990_cov_6.940447	1	6990	0	0	0	0	0	0
Biragzang__NODE_1711_length_6987_cov_9.373053	1	6987	0	0	0	0	0	0
Biragzang__NODE_1712_length_6985_cov_5.264358	1	6985	0	0	0	0	0	0
Biragzang__NODE_1713_length_6982_cov_12.972138	1	6982	0	0	0	0	0	0
Biragzang__NODE_1714_length_6979_cov_12.624206	1	6979	0	0	0	0	0	0
cell-4125-0-44_S16__NODE_276_length_6976_cov_8.926456	1	6976	0	0	0	0	0	0
cell-4125-0-44_S16__NODE_277_length_6976_cov_5.394307	1	6976	0	0	0	0	0	0
Biragzang__NODE_1715_length_6975_cov_11.378468	1	6975	0	0	0	0	0	0
Biragzang__NODE_1716_length_6973_cov_5.336224	1	6973	0	0	0	0	0	0
Biragzang__NODE_1717_length_6972_cov_8.872777	1	6972	0	0	0	0	0	0
Biragzang__NODE_1718_length_6970_cov_5.764859	1	6970	0	0	0	0	0	0
Biragzang__NODE_1719_length_6969_cov_23.244432	1	6969	0	0	0	0	0	0
Biragzang__NODE_1720_length_6969_cov_11.303153	1	6969	0	0	0	0	0	0
Biragzang__NODE_1721_length_6967_cov_15.523872	1	6967	0	0	0	0	0	0
cell-4125-0-44_S16__NODE_279_length_6966_cov_6.595862	1	6966	0	0	0	0	0	0
Biragzang__NODE_1722_length_6965_cov_3.771346	1	6965	0	0	0	0	0	0
Biragzang__NODE_1723_length_6964_cov_12.886670	1	6964	0	0	0	0	0	0
MV-4122_S12__NODE_1937_length_6964_cov_7.107830	1	6964	0	0	0	0	0	0
Biragzang__NODE_1724_length_6959_cov_13.634125	1	6959	0	0	0	0	0	0
Biragzang__NODE_1725_length_6959_cov_11.718424	1	6959	0	0	0	0	0	0
MV-4122_S12__NODE_1940_length_6956_cov_7.220838	1	6956	0	0	0	0	0	0
cell-4122-0-44_S10__NODE_346_length_6951_cov_14.409803	1	6951	0	0	0	0	0	0
Biragzang__NODE_1726_length_6949_cov_19.092544	1	6949	0	0	0	0	0	0
Biragzang__NODE_1727_length_6949_cov_13.334204	1	6949	0	0	0	0	0	0
Biragzang__NODE_1728_length_6948_cov_5.705934	1	6948	0	0	0	0	0	0
Biragzang__NODE_1729_length_6946_cov_10.510086	1	6946	0	0	0	0	0	0
Biragzang__NODE_1730_length_6945_cov_11.153266	1	6945	0	0	0	0	0	0
Biragzang__NODE_1731_length_6941_cov_10.315858	1	6941	0	0	0	0	0	0
Biragzang__NODE_1732_length_6938_cov_9.707976	1	6938	0	0	0	0	0	0
Biragzang__NODE_1733_length_6938_cov_5.427866	1	6938	0	0	0	0	0	0
cell-4122-0-44_S10__NODE_347_length_6938_cov_22.791661	1	6938	0	0	0	0	0	0
cell-4125-0-44_S16__NODE_280_length_6937_cov_7.671752	1	6937	0	0	0	0	0	0
cell-4125-0-44_S16__NODE_281_length_6933_cov_5.265630	1	6933	0	0	0	0	0	0
Biragzang__NODE_1734_length_6932_cov_12.427076	1	6932	0	0	0	0	0	0
Biragzang__NODE_1735_length_6928_cov_11.751782	1	6928	0	0	0	0	0	0
Biragzang__NODE_1736_length_6928_cov_11.012367	1	6928	0	0	0	0	0	0
Biragzang__NODE_1737_length_6927_cov_11.476572	1	6927	0	0	0	0	0	0
Biragzang__NODE_1738_length_6927_cov_10.873836	1	6927	0	0	0	0	0	0
Biragzang__NODE_1739_length_6926_cov_24.943094	1	6926	0	0	0	0	0	0
Biragzang__NODE_1740_length_6926_cov_6.584922	1	6926	0	0	0	0	0	0
cell-4125-0-44_S16__NODE_283_length_6925_cov_8.940175	1	6925	0	0	0	0	0	0
Biragzang__NODE_1741_length_6922_cov_14.323577	1	6922	0	0	0	0	0	0
Biragzang__NODE_1742_length_6918_cov_11.343436	1	6918	0	0	0	0	0	0
MV-4122_S12__NODE_1949_length_6917_cov_7.029146	1	6917	0	0	0	0	0	0
Biragzang__NODE_1743_length_6916_cov_7.459700	1	6916	0	0	0	0	0	0
cell-4122-0-44_S10__NODE_348_length_6914_cov_13.632162	1	6914	0	0	0	0	0	0
cell-4122-0-44_S10__NODE_349_length_6912_cov_25.244276	1	6912	0	0	0	0	0	0
Biragzang__NODE_1744_length_6911_cov_9.534568	1	6911	0	0	0	0	0	0
cell-4125-0-44_S16__NODE_284_length_6907_cov_7.705779	1	6907	0	0	0	0	0	0
Biragzang__NODE_1745_length_6902_cov_6.253396	1	6902	0	0	0	0	0	0
cell-4122-0-44_S10__NODE_350_length_6902_cov_12.689499	1	6902	0	0	0	0	0	0
cell-4125-0-44_S16__NODE_286_length_6901_cov_5.848817	1	6901	0	0	0	0	0	0
Biragzang__NODE_1746_length_6898_cov_6.310682	1	6898	0	0	0	0	0	0
Biragzang__NODE_1747_length_6896_cov_9.217220	1	6896	0	0	0	0	0	0
Biragzang__NODE_1748_length_6895_cov_10.190936	1	6895	0	0	0	0	0	0
Biragzang__NODE_1749_length_6894_cov_9.766486	1	6894	0	0	0	0	0	0
Biragzang__NODE_1750_length_6890_cov_8.339576	1	6890	0	0	0	0	0	0
Biragzang__NODE_1751_length_6889_cov_8.089113	1	6889	0	0	0	0	0	0
Biragzang__NODE_1752_length_6888_cov_36.469633	1	6888	0	0	0	0	0	0
cell-4122-0-44_S10__NODE_351_length_6888_cov_10.788526	1	6888	0	0	0	0	0	0
Biragzang__NODE_1753_length_6887_cov_7.748683	1	6887	0	0	0	0	0	0
Biragzang__NODE_1754_length_6885_cov_49.292679	1	6885	0	0	0	0	0	0
Biragzang__NODE_1755_length_6885_cov_30.933089	1	6885	0	0	0	0	0	0
Biragzang__NODE_1756_length_6885_cov_14.878477	1	6885	0	0	0	0	0	0
Biragzang__NODE_1757_length_6885_cov_5.006296	1	6885	0	0	0	0	0	0
cell-4122-0-44_S10__NODE_352_length_6884_cov_15.927369	1	6884	0	0	0	0	0	0
Biragzang__NODE_1758_length_6883_cov_11.898946	1	6883	0	0	0	0	0	0
Biragzang__NODE_1759_length_6882_cov_16.418632	1	6882	0	0	0	0	0	0
Biragzang__NODE_1760_length_6881_cov_41.625256	1	6881	0	0	0	0	0	0
Biragzang__NODE_1761_length_6879_cov_45.143904	1	6879	0	0	0	0	0	0
Biragzang__NODE_1762_length_6878_cov_11.134985	1	6878	0	0	0	0	0	0
Biragzang__NODE_1763_length_6878_cov_6.885241	1	6878	0	0	0	0	0	0
Biragzang__NODE_1764_length_6874_cov_9.026250	1	6874	0	0	0	0	0	0
cell-4122-0-44_S10__NODE_353_length_6873_cov_49.440158	1	6873	0	0	0	0	0	0
Biragzang__NODE_1765_length_6870_cov_7.466324	1	6870	0	0	0	0	0	0
Biragzang__NODE_1766_length_6869_cov_44.538891	1	6869	0	0	0	0	0	0
Biragzang__NODE_1767_length_6867_cov_6.466823	1	6867	0	0	0	0	0	0
Biragzang__NODE_1768_length_6864_cov_10.747246	1	6864	0	0	0	0	0	0
Biragzang__NODE_1769_length_6863_cov_7.050382	1	6863	0	0	0	0	0	0
Biragzang__NODE_1770_length_6862_cov_6.015572	1	6862	0	0	0	0	0	0
cell-4122-0-44_S10__NODE_354_length_6860_cov_13.736958	1	6860	0	0	0	0	0	0
Biragzang__NODE_1771_length_6858_cov_8.920035	1	6858	0	0	0	0	0	0
Biragzang__NODE_1772_length_6857_cov_15.261688	1	6857	0	0	0	0	0	0
Biragzang__NODE_1773_length_6854_cov_11.608325	1	6854	0	0	0	0	0	0
Biragzang__NODE_1774_length_6850_cov_46.698160	1	6850	0	0	0	0	0	0
Biragzang__NODE_1775_length_6850_cov_15.008094	1	6850	0	0	0	0	0	0
Biragzang__NODE_1776_length_6847_cov_13.379417	1	6847	0	0	0	0	0	0
Biragzang__NODE_1777_length_6846_cov_10.061552	1	6846	0	0	0	0	0	0
cell-4122-0-44_S10__NODE_355_length_6846_cov_21.074805	1	6846	0	0	0	0	0	0
Biragzang__NODE_1778_length_6844_cov_7.541464	1	6844	0	0	0	0	0	0
Biragzang__NODE_1779_length_6842_cov_9.356859	1	6842	0	0	0	0	0	0
Biragzang__NODE_1780_length_6841_cov_8.364721	1	6841	0	0	0	0	0	0
Biragzang__NODE_1781_length_6840_cov_8.458511	1	6840	0	0	0	0	0	0
cell-4125-0-44_S16__NODE_289_length_6836_cov_6.084353	1	6836	0	0	0	0	0	0
Biragzang__NODE_1782_length_6834_cov_6.619413	1	6834	0	0	0	0	0	0
Biragzang__NODE_1783_length_6833_cov_7.464149	1	6833	0	0	0	0	0	0
Biragzang__NODE_1784_length_6831_cov_13.616440	1	6831	0	0	0	0	0	0
cell-4122-0-44_S10__NODE_356_length_6830_cov_12.009594	1	6830	0	0	0	0	0	0
Biragzang__NODE_1785_length_6829_cov_30.447298	1	6829	0	0	0	0	0	0
Biragzang__NODE_1786_length_6828_cov_11.038831	1	6828	0	0	0	0	0	0
Biragzang__NODE_1787_length_6827_cov_7.407265	1	6827	0	0	0	0	0	0
Biragzang__NODE_1788_length_6827_cov_6.884672	1	6827	0	0	0	0	0	0
cell-4125-0-44_S16__NODE_290_length_6827_cov_10.336090	1	6827	0	0	0	0	0	0
cell-4122-0-44_S10__NODE_357_length_6826_cov_40.793384	1	6826	0	0	0	0	0	0
Biragzang__NODE_1789_length_6824_cov_5.296499	1	6824	0	0	0	0	0	0
Biragzang__NODE_1790_length_6822_cov_41.989951	1	6822	0	0	0	0	0	0
Biragzang__NODE_1791_length_6821_cov_7.255838	1	6821	0	0	0	0	0	0
Biragzang__NODE_1792_length_6821_cov_6.912208	1	6821	0	0	0	0	0	0
MV-4122_S12__NODE_1976_length_6819_cov_37.005618	1	6819	0	0	0	0	0	0
Biragzang__NODE_1793_length_6816_cov_5.841739	1	6816	0	0	0	0	0	0
Biragzang__NODE_1794_length_6813_cov_11.903670	1	6813	0	0	0	0	0	0
Biragzang__NODE_1795_length_6813_cov_5.721071	1	6813	0	0	0	0	0	0
cell-4122-0-44_S10__NODE_358_length_6812_cov_15.225396	1	6812	0	0	0	0	0	0
Biragzang__NODE_1796_length_6810_cov_10.775870	1	6810	0	0	0	0	0	0
Biragzang__NODE_1797_length_6808_cov_12.909670	1	6808	0	0	0	0	0	0
cell-4122-0-44_S10__NODE_359_length_6803_cov_37.976289	1	6803	0	0	0	0	0	0
cell-4125-0-44_S16__NODE_291_length_6800_cov_9.640474	1	6800	0	0	0	0	0	0
Biragzang__NODE_1798_length_6799_cov_6.127966	1	6799	0	0	0	0	0	0
Biragzang__NODE_1799_length_6798_cov_16.414652	1	6798	0	0	0	0	0	0
Biragzang__NODE_1800_length_6797_cov_7.807920	1	6797	0	0	0	0	0	0
Biragzang__NODE_1801_length_6793_cov_15.313595	1	6793	0	0	0	0	0	0
Biragzang__NODE_1802_length_6793_cov_5.604185	1	6793	0	0	0	0	0	0
Biragzang__NODE_1803_length_6792_cov_5.224878	1	6792	0	0	0	0	0	0
Biragzang__NODE_1804_length_6792_cov_4.537034	1	6792	0	0	0	0	0	0
Biragzang__NODE_1805_length_6791_cov_13.702197	1	6791	0	0	0	0	0	0
Biragzang__NODE_1806_length_6791_cov_11.699525	1	6791	0	0	0	0	0	0
Biragzang__NODE_1807_length_6789_cov_37.098604	1	6789	0	0	0	0	0	0
Biragzang__NODE_1808_length_6785_cov_54.174146	1	6785	0	0	0	0	0	0
Biragzang__NODE_1809_length_6784_cov_46.686283	1	6784	0	0	0	0	0	0
Biragzang__NODE_1810_length_6782_cov_17.278430	1	6782	0	0	0	0	0	0
cell-4125-0-44_S16__NODE_292_length_6781_cov_15.220190	1	6781	0	0	0	0	0	0
cell-4122-0-44_S10__NODE_360_length_6779_cov_11.956722	1	6779	0	0	0	0	0	0
Biragzang__NODE_1811_length_6778_cov_13.832069	1	6778	0	0	0	0	0	0
Biragzang__NODE_1812_length_6777_cov_36.751116	1	6777	0	0	0	0	0	0
Biragzang__NODE_1813_length_6776_cov_10.027972	1	6776	0	0	0	0	0	0
Biragzang__NODE_1814_length_6774_cov_12.916654	1	6774	0	0	0	0	0	0
Biragzang__NODE_1815_length_6773_cov_5.735933	1	6773	0	0	0	0	0	0
Biragzang__NODE_1816_length_6769_cov_7.246500	1	6769	0	0	0	0	0	0
cell-4122-0-44_S10__NODE_361_length_6769_cov_18.008490	1	6769	0	0	0	0	0	0
Biragzang__NODE_1817_length_6766_cov_52.092237	1	6766	0	0	0	0	0	0
cell-4125-0-44_S16__NODE_293_length_6766_cov_8.901058	1	6766	0	0	0	0	0	0
Biragzang__NODE_1818_length_6765_cov_14.253651	1	6765	0	0	0	0	0	0
Biragzang__NODE_1819_length_6763_cov_51.898927	1	6763	0	0	0	0	0	0
Biragzang__NODE_1820_length_6763_cov_9.349434	1	6763	0	0	0	0	0	0
Biragzang__NODE_1821_length_6763_cov_7.510137	1	6763	0	0	0	0	0	0
Biragzang__NODE_1822_length_6763_cov_7.348390	1	6763	0	0	0	0	0	0
Biragzang__NODE_1823_length_6762_cov_7.970330	1	6762	0	0	0	0	0	0
Biragzang__NODE_1824_length_6762_cov_7.774564	1	6762	0	0	0	0	0	0
Biragzang__NODE_1825_length_6761_cov_7.040561	1	6761	0	0	0	0	0	0
cell-4122-0-44_S10__NODE_362_length_6759_cov_14.333831	1	6759	0	0	0	0	0	0
Biragzang__NODE_1826_length_6758_cov_21.680143	1	6758	0	0	0	0	0	0
Biragzang__NODE_1827_length_6757_cov_14.388988	1	6757	0	0	0	0	0	0
cell-4125-0-44_S16__NODE_294_length_6755_cov_6.421642	1	6755	0	0	0	0	0	0
Biragzang__NODE_1828_length_6754_cov_10.510972	1	6754	0	0	0	0	0	0
cell-4125-0-44_S16__NODE_295_length_6753_cov_13.857719	1	6753	0	0	0	0	0	0
Biragzang__NODE_1829_length_6751_cov_5.558841	1	6751	0	0	0	0	0	0
Biragzang__NODE_1830_length_6746_cov_7.222388	1	6746	0	0	0	0	0	0
Biragzang__NODE_1831_length_6745_cov_5.204484	1	6745	0	0	0	0	0	0
Biragzang__NODE_1832_length_6744_cov_10.358350	1	6744	0	0	0	0	0	0
cell-4125-0-44_S16__NODE_297_length_6743_cov_5.422847	1	6743	0	0	0	0	0	0
Biragzang__NODE_1833_length_6742_cov_11.341110	1	6742	0	0	0	0	0	0
Biragzang__NODE_1834_length_6741_cov_19.564613	1	6741	0	0	0	0	0	0
Biragzang__NODE_1835_length_6740_cov_10.436051	1	6740	0	0	0	0	0	0
Biragzang__NODE_1836_length_6738_cov_21.374233	1	6738	0	0	0	0	0	0
MV-4122_S12__NODE_1996_length_6737_cov_8.236456	1	6737	0	0	0	0	0	0
Biragzang__NODE_1837_length_6735_cov_7.724401	1	6735	0	0	0	0	0	0
cell-4122-0-44_S10__NODE_363_length_6734_cov_12.704746	1	6734	0	0	0	0	0	0
Biragzang__NODE_1838_length_6733_cov_13.374513	1	6733	0	0	0	0	0	0
cell-4122-0-44_S10__NODE_364_length_6733_cov_20.330788	1	6733	0	0	0	0	0	0
MV-4122_S12__NODE_1997_length_6727_cov_5.914718	1	6727	0	0	0	0	0	0
Biragzang__NODE_1839_length_6723_cov_10.220756	1	6723	0	0	0	0	0	0
cell-4122-0-44_S10__NODE_365_length_6721_cov_38.060456	1	6721	0	0	0	0	0	0
MV-4122_S12__NODE_2001_length_6718_cov_8.178298	1	6718	0	0	0	0	0	0
Biragzang__NODE_1840_length_6717_cov_7.128790	1	6717	0	0	0	0	0	0
Biragzang__NODE_1841_length_6715_cov_8.646847	1	6715	0	0	0	0	0	0
Biragzang__NODE_1842_length_6714_cov_53.920859	1	6714	0	0	0	0	0	0
MV-4122_S12__NODE_2002_length_6714_cov_10.021475	1	6714	0	0	0	0	0	0
Biragzang__NODE_1843_length_6713_cov_6.285822	1	6713	0	0	0	0	0	0
Biragzang__NODE_1844_length_6711_cov_6.407001	1	6711	0	0	0	0	0	0
Biragzang__NODE_1845_length_6709_cov_8.864893	1	6709	0	0	0	0	0	0
Biragzang__NODE_1846_length_6707_cov_14.524504	1	6707	0	0	0	0	0	0
Biragzang__NODE_1847_length_6705_cov_10.502707	1	6705	0	0	0	0	0	0
Biragzang__NODE_1848_length_6704_cov_6.872011	1	6704	0	0	0	0	0	0
cell-4125-0-22_S17__NODE_5_length_6701_cov_8.006470	1	6701	0	0	0	0	0	0
Biragzang__NODE_1849_length_6699_cov_31.285671	1	6699	0	0	0	0	0	0
MV-4122_S12__NODE_2004_length_6699_cov_9.107766	1	6699	0	0	0	0	0	0
Biragzang__NODE_1850_length_6698_cov_29.709168	1	6698	0	0	0	0	0	0
Biragzang__NODE_1851_length_6697_cov_51.167871	1	6697	0	0	0	0	0	0
cell-4125-0-44_S16__NODE_298_length_6696_cov_7.363801	1	6696	0	0	0	0	0	0
Biragzang__NODE_1852_length_6692_cov_5.641103	1	6692	0	0	0	0	0	0
cell-4122-0-44_S10__NODE_366_length_6684_cov_11.797104	1	6684	0	0	0	0	0	0
Biragzang__NODE_1853_length_6683_cov_16.039378	1	6683	0	0	0	0	0	0
cell-4122-0-44_S10__NODE_367_length_6682_cov_7.919270	1	6682	0	0	0	0	0	0
cell-4125-0-44_S16__NODE_299_length_6682_cov_12.413913	1	6682	0	0	0	0	0	0
Biragzang__NODE_1854_length_6681_cov_4.090251	1	6681	0	0	0	0	0	0
Biragzang__NODE_1855_length_6679_cov_11.409118	1	6679	0	0	0	0	0	0
Biragzang__NODE_1856_length_6678_cov_6.750113	1	6678	0	0	0	0	0	0
cell-4122-0-44_S10__NODE_368_length_6677_cov_31.949109	1	6677	0	0	0	0	0	0
cell-4125-0-44_S16__NODE_302_length_6676_cov_5.576046	1	6676	0	0	0	0	0	0
cell-4122-0-44_S10__NODE_369_length_6675_cov_21.737613	1	6675	0	0	0	0	0	0
cell-4125-0-44_S16__NODE_303_length_6670_cov_5.798186	1	6670	0	0	0	0	0	0
Biragzang__NODE_1857_length_6669_cov_7.156033	1	6669	0	0	0	0	0	0
Biragzang__NODE_1858_length_6665_cov_12.209682	1	6665	0	0	0	0	0	0
Biragzang__NODE_1859_length_6664_cov_11.894689	1	6664	0	0	0	0	0	0
Biragzang__NODE_1860_length_6663_cov_42.215648	1	6663	0	0	0	0	0	0
cell-4125-0-44_S16__NODE_304_length_6663_cov_12.523305	1	6663	0	0	0	0	0	0
Biragzang__NODE_1861_length_6662_cov_8.026033	1	6662	0	0	0	0	0	0
Biragzang__NODE_1862_length_6661_cov_10.557978	1	6661	0	0	0	0	0	0
Biragzang__NODE_1863_length_6661_cov_5.078262	1	6661	0	0	0	0	0	0
cell-4125-0-44_S16__NODE_305_length_6660_cov_7.479939	1	6660	0	0	0	0	0	0
MV-4122_S12__NODE_2012_length_6659_cov_5.545730	1	6659	0	0	0	0	0	0
cell-4125-0-44_S16__NODE_306_length_6658_cov_4.272300	1	6658	0	0	0	0	0	0
Biragzang__NODE_1864_length_6657_cov_34.194184	1	6657	0	0	0	0	0	0
Biragzang__NODE_1865_length_6649_cov_35.432969	1	6649	0	0	0	0	0	0
Biragzang__NODE_1866_length_6648_cov_11.402093	1	6648	0	0	0	0	0	0
Biragzang__NODE_1867_length_6648_cov_5.893523	1	6648	0	0	0	0	0	0
Biragzang__NODE_1868_length_6645_cov_10.776935	1	6645	0	0	0	0	0	0
Biragzang__NODE_1869_length_6643_cov_19.909988	1	6643	0	0	0	0	0	0
Biragzang__NODE_1870_length_6640_cov_12.660289	1	6640	0	0	0	0	0	0
Biragzang__NODE_1871_length_6637_cov_48.706776	1	6637	0	0	0	0	0	0
Biragzang__NODE_1872_length_6637_cov_38.498633	1	6637	0	0	0	0	0	0
Biragzang__NODE_1873_length_6633_cov_6.339465	1	6633	0	0	0	0	0	0
Biragzang__NODE_1874_length_6631_cov_7.774027	1	6631	0	0	0	0	0	0
Biragzang__NODE_1875_length_6630_cov_11.246084	1	6630	0	0	0	0	0	0
cell-4125-0-44_S16__NODE_307_length_6629_cov_8.347581	1	6629	0	0	0	0	0	0
cell-4125-0-44_S16__NODE_308_length_6628_cov_7.467519	1	6628	0	0	0	0	0	0
MV-4122_S12__NODE_2023_length_6626_cov_34.950845	1	6626	0	0	0	0	0	0
cell-4125-0-44_S16__NODE_309_length_6626_cov_6.252473	1	6626	0	0	0	0	0	0
MV-4128_S29__NODE_977_length_6625_cov_3.804414	1	6625	0	0	0	0	0	0
cell-4122-0-44_S10__NODE_370_length_6625_cov_18.319482	1	6625	0	0	0	0	0	0
Biragzang__NODE_1876_length_6623_cov_14.586632	1	6623	0	0	0	0	0	0
Biragzang__NODE_1877_length_6623_cov_10.322168	1	6623	0	0	0	0	0	0
MV-4122_S12__NODE_2025_length_6621_cov_8.164484	1	6621	0	0	0	0	0	0
Biragzang__NODE_1878_length_6620_cov_10.666870	1	6620	0	0	0	0	0	0
Biragzang__NODE_1879_length_6619_cov_5.996648	1	6619	0	0	0	0	0	0
Biragzang__NODE_1880_length_6617_cov_11.050442	1	6617	0	0	0	0	0	0
Biragzang__NODE_1881_length_6617_cov_5.872752	1	6617	0	0	0	0	0	0
Biragzang__NODE_1882_length_6616_cov_48.599909	1	6616	0	0	0	0	0	0
Biragzang__NODE_1883_length_6613_cov_5.731930	1	6613	0	0	0	0	0	0
Biragzang__NODE_1884_length_6612_cov_6.538661	1	6612	0	0	0	0	0	0
cell-4125-0-44_S16__NODE_312_length_6612_cov_8.070154	1	6612	0	0	0	0	0	0
Biragzang__NODE_1885_length_6610_cov_10.605034	1	6610	0	0	0	0	0	0
Biragzang__NODE_1886_length_6609_cov_7.356881	1	6609	0	0	0	0	0	0
Biragzang__NODE_1887_length_6607_cov_6.467796	1	6607	0	0	0	0	0	0
Biragzang__NODE_1888_length_6606_cov_35.564189	1	6606	0	0	0	0	0	0
cell-4125-0-44_S16__NODE_313_length_6606_cov_9.028545	1	6606	0	0	0	0	0	0
Biragzang__NODE_1889_length_6603_cov_7.363928	1	6603	0	0	0	0	0	0
Biragzang__NODE_1890_length_6602_cov_10.088590	1	6602	0	0	0	0	0	0
MV-4122_S12__NODE_2026_length_6601_cov_8.157959	1	6601	0	0	0	0	0	0
Biragzang__NODE_1891_length_6598_cov_7.366957	1	6598	0	0	0	0	0	0
Biragzang__NODE_1892_length_6595_cov_6.594037	1	6595	0	0	0	0	0	0
Biragzang__NODE_1893_length_6594_cov_11.149717	1	6594	0	0	0	0	0	0
cell-4122-0-44_S10__NODE_371_length_6593_cov_9.924748	1	6593	0	0	0	0	0	0
Biragzang__NODE_1894_length_6588_cov_18.411756	1	6588	0	0	0	0	0	0
MV-4122_S12__NODE_2028_length_6588_cov_4.570947	1	6588	0	0	0	0	0	0
Biragzang__NODE_1895_length_6587_cov_37.103337	1	6587	0	0	0	0	0	0
Biragzang__NODE_1896_length_6585_cov_5.901991	1	6585	0	0	0	0	0	0
Biragzang__NODE_1897_length_6584_cov_13.438811	1	6584	0	0	0	0	0	0
Biragzang__NODE_1898_length_6584_cov_5.969827	1	6584	0	0	0	0	0	0
cell-4125-0-44_S16__NODE_315_length_6584_cov_4.731199	1	6584	0	0	0	0	0	0
Biragzang__NODE_1899_length_6582_cov_40.062663	1	6582	0	0	0	0	0	0
cell-4122-0-44_S10__NODE_372_length_6581_cov_15.239350	1	6581	0	0	0	0	0	0
Biragzang__NODE_1900_length_6580_cov_10.257471	1	6580	0	0	0	0	0	0
MV-4122_S12__NODE_2031_length_6578_cov_9.828760	1	6578	0	0	0	0	0	0
cell-4122-0-44_S10__NODE_373_length_6577_cov_80.370898	1	6577	0	0	0	0	0	0
Biragzang__NODE_1901_length_6576_cov_11.767674	1	6576	0	0	0	0	0	0
cell-4125-0-44_S16__NODE_316_length_6574_cov_6.796748	1	6574	0	0	0	0	0	0
cell-4122-0-44_S10__NODE_374_length_6572_cov_18.429952	1	6572	0	0	0	0	0	0
Biragzang__NODE_1902_length_6571_cov_9.369245	1	6571	0	0	0	0	0	0
Biragzang__NODE_1903_length_6570_cov_18.043745	1	6570	0	0	0	0	0	0
Biragzang__NODE_1904_length_6570_cov_11.887183	1	6570	0	0	0	0	0	0
Biragzang__NODE_1905_length_6569_cov_15.599478	1	6569	0	0	0	0	0	0
Biragzang__NODE_1906_length_6569_cov_9.785692	1	6569	0	0	0	0	0	0
Biragzang__NODE_1907_length_6568_cov_4.455858	1	6568	0	0	0	0	0	0
Biragzang__NODE_1908_length_6558_cov_50.067200	1	6558	0	0	0	0	0	0
cell-4125-0-44_S16__NODE_317_length_6558_cov_11.194526	1	6558	0	0	0	0	0	0
Biragzang__NODE_1909_length_6557_cov_7.489388	1	6557	0	0	0	0	0	0
MV-4122_S12__NODE_2034_length_6557_cov_8.551676	1	6557	0	0	0	0	0	0
cell-4122-0-44_S10__NODE_376_length_6556_cov_16.140286	1	6556	0	0	0	0	0	0
Biragzang__NODE_1910_length_6553_cov_4.751462	1	6553	0	0	0	0	0	0
cell-4122-0-44_S10__NODE_377_length_6552_cov_20.717254	1	6552	0	0	0	0	0	0
Biragzang__NODE_1911_length_6549_cov_4.199877	1	6549	0	0	0	0	0	0
cell-4125-0-44_S16__NODE_318_length_6548_cov_8.018481	1	6548	0	0	0	0	0	0
Biragzang__NODE_1912_length_6545_cov_7.053313	1	6545	0	0	0	0	0	0
cell-4125-0-44_S16__NODE_319_length_6543_cov_8.119297	1	6543	0	0	0	0	0	0
Biragzang__NODE_1913_length_6542_cov_3.925235	1	6542	0	0	0	0	0	0
Biragzang__NODE_1914_length_6539_cov_11.337138	1	6539	0	0	0	0	0	0
cell-4122-0-44_S10__NODE_378_length_6538_cov_13.738084	1	6538	0	0	0	0	0	0
Biragzang__NODE_1915_length_6535_cov_7.189969	1	6535	0	0	0	0	0	0
cell-4122-0-44_S10__NODE_379_length_6532_cov_80.519222	1	6532	0	0	0	0	0	0
Biragzang__NODE_1916_length_6531_cov_10.318715	1	6531	0	0	0	0	0	0
Biragzang__NODE_1917_length_6531_cov_4.159666	1	6531	0	0	0	0	0	0
cell-4125-0-44_S16__NODE_321_length_6531_cov_13.925263	1	6531	0	0	0	0	0	0
cell-4125-0-44_S16__NODE_322_length_6531_cov_5.873533	1	6531	0	0	0	0	0	0
Biragzang__NODE_1918_length_6530_cov_26.993359	1	6530	0	0	0	0	0	0
cell-4125-0-44_S16__NODE_323_length_6527_cov_6.290173	1	6527	0	0	0	0	0	0
Biragzang__NODE_1919_length_6526_cov_13.451708	1	6526	0	0	0	0	0	0
Biragzang__NODE_1920_length_6525_cov_6.482535	1	6525	0	0	0	0	0	0
cell-4122-0-44_S10__NODE_380_length_6525_cov_16.042349	1	6525	0	0	0	0	0	0
Biragzang__NODE_1921_length_6524_cov_5.642139	1	6524	0	0	0	0	0	0
cell-4125-0-44_S16__NODE_324_length_6524_cov_7.300819	1	6524	0	0	0	0	0	0
cell-4125-0-44_S16__NODE_325_length_6523_cov_5.929499	1	6523	0	0	0	0	0	0
cell-4122-0-44_S10__NODE_381_length_6520_cov_33.176798	1	6520	0	0	0	0	0	0
Biragzang__NODE_1922_length_6518_cov_11.802104	1	6518	0	0	0	0	0	0
cell-4125-0-44_S16__NODE_326_length_6517_cov_7.392912	1	6517	0	0	0	0	0	0
cell-4125-0-44_S16__NODE_327_length_6517_cov_7.196998	1	6517	0	0	0	0	0	0
Biragzang__NODE_1923_length_6516_cov_20.593716	1	6516	0	0	0	0	0	0
Biragzang__NODE_1924_length_6514_cov_10.372813	1	6514	0	0	0	0	0	0
cell-4122-0-44_S10__NODE_382_length_6514_cov_70.427620	1	6514	0	0	0	0	0	0
Biragzang__NODE_1925_length_6512_cov_10.788756	1	6512	0	0	0	0	0	0
Biragzang__NODE_1926_length_6512_cov_8.922720	1	6512	0	0	0	0	0	0
Biragzang__NODE_1927_length_6507_cov_83.989771	1	6507	0	0	0	0	0	0
Biragzang__NODE_1928_length_6507_cov_12.964197	1	6507	0	0	0	0	0	0
Biragzang__NODE_1929_length_6505_cov_13.019845	1	6505	0	0	0	0	0	0
Biragzang__NODE_1930_length_6504_cov_9.162506	1	6504	0	0	0	0	0	0
Biragzang__NODE_1931_length_6503_cov_5.681141	1	6503	0	0	0	0	0	0
Biragzang__NODE_1932_length_6502_cov_10.539010	1	6502	0	0	0	0	0	0
Biragzang__NODE_1933_length_6501_cov_19.324077	1	6501	0	0	0	0	0	0
MV-4122_S12__NODE_2043_length_6498_cov_8.026385	1	6498	0	0	0	0	0	0
Biragzang__NODE_1934_length_6495_cov_58.549224	1	6495	0	0	0	0	0	0
cell-4125-0-44_S16__NODE_329_length_6495_cov_4.136801	1	6495	0	0	0	0	0	0
cell-4125-0-44_S16__NODE_330_length_6494_cov_4.896102	1	6494	0	0	0	0	0	0
Biragzang__NODE_1935_length_6493_cov_52.254116	1	6493	0	0	0	0	0	0
Biragzang__NODE_1936_length_6492_cov_5.358397	1	6492	0	0	0	0	0	0
Biragzang__NODE_1937_length_6491_cov_6.239124	1	6491	0	0	0	0	0	0
Biragzang__NODE_1938_length_6489_cov_15.292042	1	6489	0	0	0	0	0	0
Biragzang__NODE_1939_length_6489_cov_6.238732	1	6489	0	0	0	0	0	0
cell-4125-0-44_S16__NODE_331_length_6489_cov_9.031085	1	6489	0	0	0	0	0	0
MV-4122_S12__NODE_2046_length_6487_cov_7.803483	1	6487	0	0	0	0	0	0
Biragzang__NODE_1940_length_6483_cov_11.179371	1	6483	0	0	0	0	0	0
MV-4122_S12__NODE_2048_length_6482_cov_9.824646	1	6482	0	0	0	0	0	0
cell-4125-0-44_S16__NODE_332_length_6481_cov_6.502490	1	6481	0	0	0	0	0	0
MV-4122_S12__NODE_2050_length_6480_cov_7.899922	1	6480	0	0	0	0	0	0
cell-4125-0-44_S16__NODE_333_length_6478_cov_6.341585	1	6478	0	0	0	0	0	0
Biragzang__NODE_1941_length_6476_cov_10.801589	1	6476	0	0	0	0	0	0
cell-4125-0-44_S16__NODE_335_length_6467_cov_9.912820	1	6467	0	0	0	0	0	0
Biragzang__NODE_1942_length_6465_cov_13.410764	1	6465	0	0	0	0	0	0
Biragzang__NODE_1943_length_6463_cov_5.812734	1	6463	0	0	0	0	0	0
Biragzang__NODE_1944_length_6462_cov_45.407523	1	6462	0	0	0	0	0	0
Biragzang__NODE_1945_length_6461_cov_10.136591	1	6461	0	0	0	0	0	0
cell-4122-0-44_S10__NODE_383_length_6461_cov_15.732907	1	6461	0	0	0	0	0	0
cell-4122-0-44_S10__NODE_384_length_6461_cov_12.877771	1	6461	0	0	0	0	0	0
Biragzang__NODE_1946_length_6460_cov_6.626854	1	6460	0	0	0	0	0	0
MV-4122_S12__NODE_2052_length_6459_cov_20.390381	1	6459	0	0	0	0	0	0
Biragzang__NODE_1947_length_6457_cov_22.086223	1	6457	0	0	0	0	0	0
Biragzang__NODE_1948_length_6456_cov_5.026246	1	6456	0	0	0	0	0	0
cell-4125-0-44_S16__NODE_336_length_6456_cov_9.571161	1	6456	0	0	0	0	0	0
Biragzang__NODE_1949_length_6455_cov_32.788125	1	6455	0	0	0	0	0	0
Biragzang__NODE_1950_length_6453_cov_12.261332	1	6453	0	0	0	0	0	0
Biragzang__NODE_1951_length_6452_cov_5.362045	1	6452	0	0	0	0	0	0
cell-4122-0-44_S10__NODE_385_length_6452_cov_9.223542	1	6452	0	0	0	0	0	0
cell-4125-0-44_S16__NODE_338_length_6451_cov_5.972483	1	6451	0	0	0	0	0	0
MV-4122_S12__NODE_2054_length_6450_cov_8.898984	1	6450	0	0	0	0	0	0
Biragzang__NODE_1952_length_6449_cov_9.831717	1	6449	0	0	0	0	0	0
Biragzang__NODE_1953_length_6446_cov_9.981693	1	6446	0	0	0	0	0	0
Biragzang__NODE_1954_length_6445_cov_7.131142	1	6445	0	0	0	0	0	0
Biragzang__NODE_1955_length_6444_cov_13.333229	1	6444	0	0	0	0	0	0
Biragzang__NODE_1956_length_6443_cov_6.799624	1	6443	0	0	0	0	0	0
cell-4122-0-44_S10__NODE_386_length_6443_cov_10.764559	1	6443	0	0	0	0	0	0
Biragzang__NODE_1957_length_6442_cov_8.359167	1	6442	0	0	0	0	0	0
Biragzang__NODE_1958_length_6442_cov_6.165023	1	6442	0	0	0	0	0	0
cell-4122-0-44_S10__NODE_387_length_6441_cov_630.987003	1	6441	0	0	0	0	0	0
Biragzang__NODE_1959_length_6440_cov_6.148943	1	6440	0	0	0	0	0	0
cell-4122-0-44_S10__NODE_388_length_6440_cov_67.118559	1	6440	0	0	0	0	0	0
cell-4122-0-44_S10__NODE_389_length_6438_cov_281.282939	1	6438	0	0	0	0	0	0
Biragzang__NODE_1960_length_6437_cov_10.063303	1	6437	0	0	0	0	0	0
Biragzang__NODE_1961_length_6436_cov_26.949224	1	6436	0	0	0	0	0	0
cell-4125-0-44_S16__NODE_339_length_6434_cov_8.702618	1	6434	0	0	0	0	0	0
Biragzang__NODE_1962_length_6433_cov_6.397460	1	6433	0	0	0	0	0	0
Biragzang__NODE_1963_length_6432_cov_10.897444	1	6432	0	0	0	0	0	0
cell-4122-0-44_S10__NODE_390_length_6432_cov_21.215148	1	6432	0	0	0	0	0	0
Biragzang__NODE_1964_length_6429_cov_10.270003	1	6429	0	0	0	0	0	0
cell-4125-0-44_S16__NODE_340_length_6428_cov_5.705319	1	6428	0	0	0	0	0	0
Biragzang__NODE_1965_length_6427_cov_40.086158	1	6427	0	0	0	0	0	0
Biragzang__NODE_1966_length_6426_cov_11.995762	1	6426	0	0	0	0	0	0
Biragzang__NODE_1967_length_6426_cov_6.043164	1	6426	0	0	0	0	0	0
MV-4122_S12__NODE_2063_length_6425_cov_8.823548	1	6425	0	0	0	0	0	0
Biragzang__NODE_1968_length_6423_cov_57.891332	1	6423	0	0	0	0	0	0
Biragzang__NODE_1969_length_6422_cov_28.961206	1	6422	0	0	0	0	0	0
Biragzang__NODE_1970_length_6422_cov_11.771792	1	6422	0	0	0	0	0	0
Biragzang__NODE_1971_length_6421_cov_7.536915	1	6421	0	0	0	0	0	0
Biragzang__NODE_1972_length_6420_cov_10.983032	1	6420	0	0	0	0	0	0
Biragzang__NODE_1973_length_6419_cov_30.661691	1	6419	0	0	0	0	0	0
Biragzang__NODE_1974_length_6418_cov_56.132956	1	6418	0	0	0	0	0	0
cell-4122-0-44_S10__NODE_391_length_6418_cov_40.075750	1	6418	0	0	0	0	0	0
cell-4125-0-22_S17__NODE_6_length_6417_cov_16.966520	1	6417	0	0	0	0	0	0
cell-4122-0-44_S10__NODE_392_length_6416_cov_48.041817	1	6416	0	0	0	0	0	0
Biragzang__NODE_1975_length_6414_cov_15.003617	1	6414	0	0	0	0	0	0
Biragzang__NODE_1976_length_6412_cov_6.481674	1	6412	0	0	0	0	0	0
cell-4122-0-44_S10__NODE_393_length_6412_cov_26.656442	1	6412	0	0	0	0	0	0
cell-4125-0-44_S16__NODE_343_length_6411_cov_7.954059	1	6411	0	0	0	0	0	0
cell-4125-0-44_S16__NODE_344_length_6410_cov_10.637136	1	6410	0	0	0	0	0	0
Biragzang__NODE_1977_length_6408_cov_10.307729	1	6408	0	0	0	0	0	0
MV-4128_S29__NODE_1009_length_6405_cov_9.196850	1	6405	0	0	0	0	0	0
cell-4122-0-44_S10__NODE_394_length_6399_cov_8.220681	1	6399	0	0	0	0	0	0
Biragzang__NODE_1978_length_6397_cov_12.660990	1	6397	0	0	0	0	0	0
Biragzang__NODE_1979_length_6395_cov_25.141325	1	6395	0	0	0	0	0	0
Biragzang__NODE_1980_length_6393_cov_11.788419	1	6393	0	0	0	0	0	0
Biragzang__NODE_1981_length_6393_cov_6.678132	1	6393	0	0	0	0	0	0
Biragzang__NODE_1982_length_6391_cov_11.941288	1	6391	0	0	0	0	0	0
Biragzang__NODE_1983_length_6391_cov_11.425505	1	6391	0	0	0	0	0	0
Biragzang__NODE_1984_length_6391_cov_9.867740	1	6391	0	0	0	0	0	0
Biragzang__NODE_1985_length_6389_cov_5.613988	1	6389	0	0	0	0	0	0
Biragzang__NODE_1986_length_6386_cov_57.661823	1	6386	0	0	0	0	0	0
Biragzang__NODE_1987_length_6386_cov_7.374980	1	6386	0	0	0	0	0	0
cell-4125-0-44_S16__NODE_345_length_6385_cov_7.200316	1	6385	0	0	0	0	0	0
Biragzang__NODE_1988_length_6383_cov_39.572061	1	6383	0	0	0	0	0	0
Biragzang__NODE_1989_length_6382_cov_14.714715	1	6382	0	0	0	0	0	0
Biragzang__NODE_1990_length_6381_cov_35.450206	1	6381	0	0	0	0	0	0
MV-4128_S29__NODE_1013_length_6380_cov_7.644269	1	6380	0	0	0	0	0	0
Biragzang__NODE_1991_length_6379_cov_6.391366	1	6379	0	0	0	0	0	0
MV-4122_S12__NODE_2078_length_6376_cov_40.614460	1	6376	0	0	0	0	0	0
Biragzang__NODE_1992_length_6375_cov_11.695095	1	6375	0	0	0	0	0	0
MV-4122_S12__NODE_2079_length_6374_cov_39.948251	1	6374	0	0	0	0	0	0
MV-4122_S12__NODE_2080_length_6374_cov_38.109353	1	6374	0	0	0	0	0	0
Biragzang__NODE_1993_length_6372_cov_7.622289	1	6372	0	0	0	0	0	0
Biragzang__NODE_1994_length_6372_cov_6.733576	1	6372	0	0	0	0	0	0
Biragzang__NODE_1995_length_6371_cov_11.576472	1	6371	0	0	0	0	0	0
Biragzang__NODE_1996_length_6369_cov_46.646817	1	6369	0	0	0	0	0	0
Biragzang__NODE_1997_length_6368_cov_14.505782	1	6368	0	0	0	0	0	0
Biragzang__NODE_1998_length_6367_cov_10.233840	1	6367	0	0	0	0	0	0
Biragzang__NODE_1999_length_6364_cov_9.544143	1	6364	0	0	0	0	0	0
MV-4128_S29__NODE_1018_length_6362_cov_7.517045	1	6362	0	0	0	0	0	0
cell-4125-0-44_S16__NODE_347_length_6361_cov_33.644941	1	6361	0	0	0	0	0	0
Biragzang__NODE_2000_length_6354_cov_13.631688	1	6354	0	0	0	0	0	0
Biragzang__NODE_2001_length_6353_cov_7.403303	1	6353	0	0	0	0	0	0
cell-4125-0-44_S16__NODE_348_length_6353_cov_11.196729	1	6353	0	0	0	0	0	0
Biragzang__NODE_2002_length_6351_cov_13.135801	1	6351	0	0	0	0	0	0
Biragzang__NODE_2003_length_6350_cov_18.377760	1	6350	0	0	0	0	0	0
Biragzang__NODE_2004_length_6349_cov_10.899905	1	6349	0	0	0	0	0	0
cell-4125-0-44_S16__NODE_349_length_6349_cov_5.862409	1	6349	0	0	0	0	0	0
cell-4122-0-44_S10__NODE_395_length_6348_cov_12.430796	1	6348	0	0	0	0	0	0
Biragzang__NODE_2005_length_6347_cov_8.161157	1	6347	0	0	0	0	0	0
Biragzang__NODE_2006_length_6347_cov_6.288144	1	6347	0	0	0	0	0	0
Biragzang__NODE_2007_length_6344_cov_15.715058	1	6344	0	0	0	0	0	0
Biragzang__NODE_2008_length_6344_cov_9.211480	1	6344	0	0	0	0	0	0
cell-4125-0-44_S16__NODE_351_length_6340_cov_8.043437	1	6340	0	0	0	0	0	0
Biragzang__NODE_2009_length_6339_cov_9.583864	1	6339	0	0	0	0	0	0
cell-4125-0-44_S16__NODE_352_length_6337_cov_7.709647	1	6337	0	0	0	0	0	0
Biragzang__NODE_2010_length_6336_cov_10.400414	1	6336	0	0	0	0	0	0
Biragzang__NODE_2011_length_6335_cov_6.922611	1	6335	0	0	0	0	0	0
Biragzang__NODE_2012_length_6334_cov_21.590062	1	6334	0	0	0	0	0	0
Biragzang__NODE_2013_length_6334_cov_9.067049	1	6334	0	0	0	0	0	0
cell-4122-0-44_S10__NODE_396_length_6333_cov_19.473558	1	6333	0	0	0	0	0	0
cell-4122-0-44_S10__NODE_397_length_6328_cov_15.154790	1	6328	0	0	0	0	0	0
Biragzang__NODE_2014_length_6324_cov_39.440262	1	6324	0	0	0	0	0	0
Biragzang__NODE_2015_length_6324_cov_6.816877	1	6324	0	0	0	0	0	0
Biragzang__NODE_2016_length_6323_cov_6.097160	1	6323	0	0	0	0	0	0
Biragzang__NODE_2017_length_6321_cov_6.105490	1	6321	0	0	0	0	0	0
Biragzang__NODE_2018_length_6320_cov_55.017877	1	6320	0	0	0	0	0	0
cell-4122-0-44_S10__NODE_398_length_6319_cov_13.377395	1	6319	0	0	0	0	0	0
cell-4125-0-44_S16__NODE_355_length_6319_cov_4.797254	1	6319	0	0	0	0	0	0
Biragzang__NODE_2019_length_6316_cov_18.705159	1	6316	0	0	0	0	0	0
cell-4125-0-44_S16__NODE_357_length_6314_cov_8.118709	1	6314	0	0	0	0	0	0
MV-4122_S12__NODE_2096_length_6313_cov_7.323426	1	6313	0	0	0	0	0	0
MV-4122_S12__NODE_2097_length_6312_cov_15.582707	1	6312	0	0	0	0	0	0
Biragzang__NODE_2020_length_6310_cov_14.737330	1	6310	0	0	0	0	0	0
cell-4125-0-44_S16__NODE_358_length_6308_cov_9.181993	1	6308	0	0	0	0	0	0
Biragzang__NODE_2021_length_6307_cov_16.112284	1	6307	0	0	0	0	0	0
MV-4122_S12__NODE_2100_length_6307_cov_37.972169	1	6307	0	0	0	0	0	0
Biragzang__NODE_2022_length_6306_cov_22.591905	1	6306	0	0	0	0	0	0
Biragzang__NODE_2023_length_6306_cov_10.693809	1	6306	0	0	0	0	0	0
Biragzang__NODE_2024_length_6305_cov_8.487200	1	6305	0	0	0	0	0	0
Biragzang__NODE_2025_length_6302_cov_12.375220	1	6302	0	0	0	0	0	0
cell-4125-0-44_S16__NODE_359_length_6301_cov_9.417867	1	6301	0	0	0	0	0	0
Biragzang__NODE_2026_length_6299_cov_10.576714	1	6299	0	0	0	0	0	0
MV-4122_S12__NODE_2105_length_6299_cov_37.997277	1	6299	0	0	0	0	0	0
MV-4122_S12__NODE_2106_length_6299_cov_27.058136	1	6299	0	0	0	0	0	0
cell-4122-0-44_S10__NODE_399_length_6299_cov_19.825112	1	6299	0	0	0	0	0	0
Biragzang__NODE_2027_length_6294_cov_8.957205	1	6294	0	0	0	0	0	0
Biragzang__NODE_2028_length_6292_cov_26.695366	1	6292	0	0	0	0	0	0
Biragzang__NODE_2029_length_6290_cov_6.457257	1	6290	0	0	0	0	0	0
Biragzang__NODE_2030_length_6289_cov_31.984119	1	6289	0	0	0	0	0	0
Biragzang__NODE_2031_length_6289_cov_12.912576	1	6289	0	0	0	0	0	0
Biragzang__NODE_2032_length_6289_cov_9.437600	1	6289	0	0	0	0	0	0
Biragzang__NODE_2033_length_6289_cov_8.130735	1	6289	0	0	0	0	0	0
Biragzang__NODE_2034_length_6288_cov_9.018129	1	6288	0	0	0	0	0	0
Biragzang__NODE_2035_length_6287_cov_9.761553	1	6287	0	0	0	0	0	0
Biragzang__NODE_2036_length_6285_cov_9.671429	1	6285	0	0	0	0	0	0
cell-4122-0-22_S11__NODE_185_length_6285_cov_13.444623	1	6285	0	0	0	0	0	0
Biragzang__NODE_2037_length_6278_cov_8.127752	1	6278	0	0	0	0	0	0
MV-4122_S12__NODE_2110_length_6270_cov_7.613194	1	6270	0	0	0	0	0	0
Biragzang__NODE_2038_length_6269_cov_15.874316	1	6269	0	0	0	0	0	0
cell-4122-0-44_S10__NODE_401_length_6269_cov_16.398133	1	6269	0	0	0	0	0	0
Biragzang__NODE_2039_length_6268_cov_8.735072	1	6268	0	0	0	0	0	0
Biragzang__NODE_2040_length_6268_cov_5.796234	1	6268	0	0	0	0	0	0
cell-4125-0-44_S16__NODE_363_length_6268_cov_14.916948	1	6268	0	0	0	0	0	0
cell-4125-0-44_S16__NODE_364_length_6268_cov_5.963303	1	6268	0	0	0	0	0	0
Biragzang__NODE_2041_length_6267_cov_7.369124	1	6267	0	0	0	0	0	0
Biragzang__NODE_2042_length_6267_cov_5.849485	1	6267	0	0	0	0	0	0
MV-4122_S12__NODE_2111_length_6266_cov_7.715988	1	6266	0	0	0	0	0	0
cell-4125-0-44_S16__NODE_365_length_6266_cov_4.979230	1	6266	0	0	0	0	0	0
Biragzang__NODE_2043_length_6265_cov_7.547504	1	6265	0	0	0	0	0	0
Biragzang__NODE_2044_length_6265_cov_6.072625	1	6265	0	0	0	0	0	0
cell-4125-0-44_S16__NODE_366_length_6265_cov_7.026409	1	6265	0	0	0	0	0	0
cell-4125-0-44_S16__NODE_367_length_6264_cov_7.688678	1	6264	0	0	0	0	0	0
Biragzang__NODE_2045_length_6263_cov_9.478576	1	6263	0	0	0	0	0	0
Biragzang__NODE_2046_length_6263_cov_7.224227	1	6263	0	0	0	0	0	0
Biragzang__NODE_2047_length_6256_cov_11.116272	1	6256	0	0	0	0	0	0
cell-4125-0-44_S16__NODE_369_length_6256_cov_7.340106	1	6256	0	0	0	0	0	0
Biragzang__NODE_2048_length_6253_cov_52.446273	1	6253	0	0	0	0	0	0
cell-4125-0-44_S16__NODE_370_length_6253_cov_7.426428	1	6253	0	0	0	0	0	0
cell-4125-0-44_S16__NODE_371_length_6252_cov_8.822817	1	6252	0	0	0	0	0	0
cell-4125-0-44_S16__NODE_372_length_6250_cov_5.978692	1	6250	0	0	0	0	0	0
cell-4122-0-44_S10__NODE_402_length_6248_cov_13.197158	1	6248	0	0	0	0	0	0
Biragzang__NODE_2049_length_6247_cov_7.774709	1	6247	0	0	0	0	0	0
cell-4125-0-44_S16__NODE_373_length_6247_cov_6.749354	1	6247	0	0	0	0	0	0
Biragzang__NODE_2050_length_6244_cov_6.862983	1	6244	0	0	0	0	0	0
Biragzang__NODE_2051_length_6243_cov_8.148190	1	6243	0	0	0	0	0	0
Biragzang__NODE_2052_length_6243_cov_5.609890	1	6243	0	0	0	0	0	0
Biragzang__NODE_2053_length_6238_cov_9.158176	1	6238	0	0	0	0	0	0
cell-4122-0-44_S10__NODE_403_length_6238_cov_78.769529	1	6238	0	0	0	0	0	0
Biragzang__NODE_2054_length_6237_cov_44.373504	1	6237	0	0	0	0	0	0
Biragzang__NODE_2055_length_6236_cov_5.170037	1	6236	0	0	0	0	0	0
cell-4125-0-44_S16__NODE_375_length_6233_cov_6.761250	1	6233	0	0	0	0	0	0
Biragzang__NODE_2056_length_6232_cov_4.773838	1	6232	0	0	0	0	0	0
Biragzang__NODE_2057_length_6231_cov_17.465997	1	6231	0	0	0	0	0	0
cell-4125-0-44_S16__NODE_376_length_6231_cov_7.524288	1	6231	0	0	0	0	0	0
Biragzang__NODE_2058_length_6229_cov_54.233236	1	6229	0	0	0	0	0	0
Biragzang__NODE_2059_length_6229_cov_14.461775	1	6229	0	0	0	0	0	0
Biragzang__NODE_2060_length_6229_cov_6.617266	1	6229	0	0	0	0	0	0
Biragzang__NODE_2061_length_6226_cov_7.084751	1	6226	0	0	0	0	0	0
Biragzang__NODE_2062_length_6225_cov_10.378768	1	6225	0	0	0	0	0	0
MV-4122_S12__NODE_2117_length_6223_cov_6.923152	1	6223	0	0	0	0	0	0
Biragzang__NODE_2063_length_6222_cov_5.580023	1	6222	0	0	0	0	0	0
cell-4122-0-44_S10__NODE_404_length_6222_cov_53.799741	1	6222	0	0	0	0	0	0
Biragzang__NODE_2064_length_6218_cov_58.770566	1	6218	0	0	0	0	0	0
Biragzang__NODE_2065_length_6217_cov_34.489614	1	6217	0	0	0	0	0	0
Biragzang__NODE_2066_length_6217_cov_10.938494	1	6217	0	0	0	0	0	0
Biragzang__NODE_2067_length_6212_cov_12.552217	1	6212	0	0	0	0	0	0
Biragzang__NODE_2068_length_6211_cov_5.840156	1	6211	0	0	0	0	0	0
Biragzang__NODE_2069_length_6210_cov_13.825183	1	6210	0	0	0	0	0	0
Biragzang__NODE_2070_length_6208_cov_31.705997	1	6208	0	0	0	0	0	0
Biragzang__NODE_2071_length_6206_cov_40.541375	1	6206	0	0	0	0	0	0
Biragzang__NODE_2072_length_6206_cov_7.809787	1	6206	0	0	0	0	0	0
Biragzang__NODE_2073_length_6204_cov_17.633762	1	6204	0	0	0	0	0	0
Biragzang__NODE_2074_length_6203_cov_11.971861	1	6203	0	0	0	0	0	0
Biragzang__NODE_2075_length_6202_cov_11.150155	1	6202	0	0	0	0	0	0
cell-4125-0-44_S16__NODE_378_length_6202_cov_5.032048	1	6202	0	0	0	0	0	0
Biragzang__NODE_2076_length_6200_cov_7.982262	1	6200	0	0	0	0	0	0
Biragzang__NODE_2077_length_6200_cov_6.810252	1	6200	0	0	0	0	0	0
Biragzang__NODE_2078_length_6198_cov_5.534592	1	6198	0	0	0	0	0	0
Biragzang__NODE_2079_length_6196_cov_16.678391	1	6196	0	0	0	0	0	0
Biragzang__NODE_2080_length_6194_cov_9.714286	1	6194	0	0	0	0	0	0
cell-4125-0-44_S16__NODE_379_length_6194_cov_8.315035	1	6194	0	0	0	0	0	0
Biragzang__NODE_2081_length_6193_cov_20.773868	1	6193	0	0	0	0	0	0
MV-4122_S12__NODE_2129_length_6190_cov_9.086064	1	6190	0	0	0	0	0	0
Biragzang__NODE_2082_length_6189_cov_14.870558	1	6189	0	0	0	0	0	0
Biragzang__NODE_2083_length_6189_cov_9.930062	1	6189	0	0	0	0	0	0
Biragzang__NODE_2084_length_6188_cov_12.836785	1	6188	0	0	0	0	0	0
cell-4125-0-44_S16__NODE_380_length_6188_cov_4.843796	1	6188	0	0	0	0	0	0
Biragzang__NODE_2085_length_6186_cov_14.017289	1	6186	0	0	0	0	0	0
Biragzang__NODE_2086_length_6186_cov_8.887947	1	6186	0	0	0	0	0	0
Biragzang__NODE_2087_length_6184_cov_30.735846	1	6184	0	0	0	0	0	0
cell-4122-0-44_S10__NODE_405_length_6184_cov_15.303475	1	6184	0	0	0	0	0	0
Biragzang__NODE_2088_length_6183_cov_14.057768	1	6183	0	0	0	0	0	0
cell-4125-0-44_S16__NODE_382_length_6183_cov_7.185542	1	6183	0	0	0	0	0	0
Biragzang__NODE_2089_length_6182_cov_6.658397	1	6182	0	0	0	0	0	0
cell-4125-0-44_S16__NODE_383_length_6182_cov_6.913498	1	6182	0	0	0	0	0	0
Biragzang__NODE_2090_length_6181_cov_13.240451	1	6181	0	0	0	0	0	0
cell-4122-0-44_S10__NODE_406_length_6180_cov_68.227265	1	6180	0	0	0	0	0	0
Biragzang__NODE_2091_length_6179_cov_12.247061	1	6179	0	0	0	0	0	0
Biragzang__NODE_2092_length_6179_cov_8.691052	1	6179	0	0	0	0	0	0
Biragzang__NODE_2093_length_6178_cov_6.742447	1	6178	0	0	0	0	0	0
Biragzang__NODE_2094_length_6177_cov_57.488402	1	6177	0	0	0	0	0	0
Biragzang__NODE_2095_length_6177_cov_12.948710	1	6177	0	0	0	0	0	0
Biragzang__NODE_2096_length_6177_cov_7.724273	1	6177	0	0	0	0	0	0
MV-4122_S12__NODE_2134_length_6176_cov_7.816860	1	6176	0	0	0	0	0	0
cell-4122-0-44_S10__NODE_407_length_6176_cov_19.248816	1	6176	0	0	0	0	0	0
Biragzang__NODE_2097_length_6173_cov_5.483328	1	6173	0	0	0	0	0	0
Biragzang__NODE_2098_length_6173_cov_5.320039	1	6173	0	0	0	0	0	0
Biragzang__NODE_2099_length_6172_cov_11.416054	1	6172	0	0	0	0	0	0
Biragzang__NODE_2100_length_6171_cov_34.531066	1	6171	0	0	0	0	0	0
Biragzang__NODE_2101_length_6170_cov_21.085037	1	6170	0	0	0	0	0	0
Biragzang__NODE_2102_length_6170_cov_12.041864	1	6170	0	0	0	0	0	0
MV-4128_S29__NODE_1044_length_6170_cov_3.338675	1	6170	0	0	0	0	0	0
Biragzang__NODE_2103_length_6169_cov_7.589303	1	6169	0	0	0	0	0	0
cell-4125-0-22_S17__NODE_7_length_6167_cov_11.783868	1	6167	0	0	0	0	0	0
Biragzang__NODE_2104_length_6164_cov_11.369782	1	6164	0	0	0	0	0	0
Biragzang__NODE_2105_length_6162_cov_8.903717	1	6162	0	0	0	0	0	0
cell-4125-0-44_S16__NODE_387_length_6161_cov_6.812643	1	6161	0	0	0	0	0	0
Biragzang__NODE_2106_length_6156_cov_19.890674	1	6156	0	0	0	0	0	0
Biragzang__NODE_2107_length_6156_cov_6.238158	1	6156	0	0	0	0	0	0
Biragzang__NODE_2108_length_6155_cov_5.466393	1	6155	0	0	0	0	0	0
Biragzang__NODE_2109_length_6150_cov_15.846760	1	6150	0	0	0	0	0	0
Biragzang__NODE_2110_length_6148_cov_11.813557	1	6148	0	0	0	0	0	0
Biragzang__NODE_2111_length_6147_cov_48.660703	1	6147	0	0	0	0	0	0
Biragzang__NODE_2112_length_6147_cov_19.981123	1	6147	0	0	0	0	0	0
cell-4122-0-44_S10__NODE_409_length_6144_cov_11.095254	1	6144	0	0	0	0	0	0
Biragzang__NODE_2113_length_6139_cov_10.761506	1	6139	0	0	0	0	0	0
cell-4122-0-44_S10__NODE_410_length_6138_cov_22.701627	1	6138	0	0	0	0	0	0
cell-4122-0-44_S10__NODE_411_length_6136_cov_21.472455	1	6136	0	0	0	0	0	0
cell-4122-0-44_S10__NODE_412_length_6136_cov_14.536754	1	6136	0	0	0	0	0	0
cell-4125-0-44_S16__NODE_389_length_6136_cov_8.805295	1	6136	0	0	0	0	0	0
Biragzang__NODE_2114_length_6135_cov_13.043914	1	6135	0	0	0	0	0	0
cell-4122-0-44_S10__NODE_413_length_6134_cov_16.839447	1	6134	0	0	0	0	0	0
Biragzang__NODE_2115_length_6131_cov_12.674951	1	6131	0	0	0	0	0	0
cell-4125-0-44_S16__NODE_391_length_6131_cov_8.893845	1	6131	0	0	0	0	0	0
Biragzang__NODE_2116_length_6127_cov_10.808136	1	6127	0	0	0	0	0	0
Biragzang__NODE_2117_length_6125_cov_26.731301	1	6125	0	0	0	0	0	0
MV-4122_S12__NODE_2156_length_6122_cov_8.138289	1	6122	0	0	0	0	0	0
Biragzang__NODE_2118_length_6119_cov_35.913588	1	6119	0	0	0	0	0	0
Biragzang__NODE_2119_length_6119_cov_10.283641	1	6119	0	0	0	0	0	0
Biragzang__NODE_2120_length_6118_cov_9.116609	1	6118	0	0	0	0	0	0
Biragzang__NODE_2121_length_6117_cov_13.142857	1	6117	0	0	0	0	0	0
Biragzang__NODE_2122_length_6117_cov_6.368360	1	6117	0	0	0	0	0	0
Biragzang__NODE_2123_length_6116_cov_5.524006	1	6116	0	0	0	0	0	0
Biragzang__NODE_2124_length_6113_cov_11.053153	1	6113	0	0	0	0	0	0
Biragzang__NODE_2125_length_6113_cov_5.930670	1	6113	0	0	0	0	0	0
Biragzang__NODE_2126_length_6112_cov_48.705465	1	6112	0	0	0	0	0	0
Biragzang__NODE_2127_length_6112_cov_13.615651	1	6112	0	0	0	0	0	0
MV-4122_S12__NODE_2160_length_6112_cov_8.684993	1	6112	0	0	0	0	0	0
Biragzang__NODE_2128_length_6111_cov_43.663639	1	6111	0	0	0	0	0	0
Biragzang__NODE_2129_length_6111_cov_18.436592	1	6111	0	0	0	0	0	0
cell-4122-0-44_S10__NODE_414_length_6110_cov_13.489348	1	6110	0	0	0	0	0	0
Biragzang__NODE_2130_length_6109_cov_15.380079	1	6109	0	0	0	0	0	0
cell-4125-0-44_S16__NODE_393_length_6107_cov_9.131692	1	6107	0	0	0	0	0	0
Biragzang__NODE_2131_length_6104_cov_12.029592	1	6104	0	0	0	0	0	0
Biragzang__NODE_2132_length_6103_cov_12.645833	1	6103	0	0	0	0	0	0
Biragzang__NODE_2133_length_6102_cov_10.974864	1	6102	0	0	0	0	0	0
cell-4122-0-44_S10__NODE_415_length_6101_cov_46.445915	1	6101	0	0	0	0	0	0
Biragzang__NODE_2134_length_6100_cov_8.312159	1	6100	0	0	0	0	0	0
Biragzang__NODE_2135_length_6098_cov_12.331458	1	6098	0	0	0	0	0	0
cell-4125-0-44_S16__NODE_394_length_6098_cov_9.859507	1	6098	0	0	0	0	0	0
Biragzang__NODE_2136_length_6097_cov_11.742966	1	6097	0	0	0	0	0	0
Biragzang__NODE_2137_length_6096_cov_7.782321	1	6096	0	0	0	0	0	0
Biragzang__NODE_2138_length_6095_cov_35.691722	1	6095	0	0	0	0	0	0
Biragzang__NODE_2139_length_6095_cov_12.791887	1	6095	0	0	0	0	0	0
cell-4125-0-44_S16__NODE_395_length_6095_cov_5.858775	1	6095	0	0	0	0	0	0
Biragzang__NODE_2140_length_6094_cov_10.668157	1	6094	0	0	0	0	0	0
cell-4122-0-44_S10__NODE_416_length_6092_cov_11.234554	1	6092	0	0	0	0	0	0
Biragzang__NODE_2141_length_6090_cov_13.406297	1	6090	0	0	0	0	0	0
Biragzang__NODE_2142_length_6087_cov_5.719662	1	6087	0	0	0	0	0	0
Biragzang__NODE_2143_length_6086_cov_24.886918	1	6086	0	0	0	0	0	0
cell-4125-0-44_S16__NODE_396_length_6086_cov_5.698723	1	6086	0	0	0	0	0	0
Biragzang__NODE_2144_length_6085_cov_31.810116	1	6085	0	0	0	0	0	0
Biragzang__NODE_2145_length_6085_cov_4.372471	1	6085	0	0	0	0	0	0
Biragzang__NODE_2146_length_6082_cov_10.985731	1	6082	0	0	0	0	0	0
MV-4122_S12__NODE_2169_length_6079_cov_7.885292	1	6079	0	0	0	0	0	0
cell-4125-0-44_S16__NODE_398_length_6079_cov_6.975432	1	6079	0	0	0	0	0	0
cell-4122-0-44_S10__NODE_417_length_6078_cov_20.659472	1	6078	0	0	0	0	0	0
Biragzang__NODE_2147_length_6077_cov_7.028230	1	6077	0	0	0	0	0	0
Biragzang__NODE_2148_length_6074_cov_7.885529	1	6074	0	0	0	0	0	0
Biragzang__NODE_2149_length_6072_cov_12.808044	1	6072	0	0	0	0	0	0
Biragzang__NODE_2150_length_6066_cov_19.984362	1	6066	0	0	0	0	0	0
Biragzang__NODE_2151_length_6065_cov_9.005324	1	6065	0	0	0	0	0	0
Biragzang__NODE_2152_length_6064_cov_9.621734	1	6064	0	0	0	0	0	0
cell-4122-0-44_S10__NODE_418_length_6064_cov_15.670494	1	6064	0	0	0	0	0	0
Biragzang__NODE_2153_length_6063_cov_10.660453	1	6063	0	0	0	0	0	0
Biragzang__NODE_2154_length_6062_cov_13.352922	1	6062	0	0	0	0	0	0
Biragzang__NODE_2155_length_6061_cov_6.675824	1	6061	0	0	0	0	0	0
Biragzang__NODE_2156_length_6061_cov_6.214119	1	6061	0	0	0	0	0	0
Biragzang__NODE_2157_length_6058_cov_6.181576	1	6058	0	0	0	0	0	0
Biragzang__NODE_2158_length_6056_cov_11.297617	1	6056	0	0	0	0	0	0
cell-4125-0-44_S16__NODE_400_length_6056_cov_4.927012	1	6056	0	0	0	0	0	0
Biragzang__NODE_2159_length_6055_cov_7.123667	1	6055	0	0	0	0	0	0
Biragzang__NODE_2160_length_6054_cov_11.688948	1	6054	0	0	0	0	0	0
Biragzang__NODE_2161_length_6052_cov_10.101718	1	6052	0	0	0	0	0	0
Biragzang__NODE_2162_length_6051_cov_15.764009	1	6051	0	0	0	0	0	0
Biragzang__NODE_2163_length_6051_cov_12.950133	1	6051	0	0	0	0	0	0
MV-4122_S12__NODE_2176_length_6051_cov_8.595230	1	6051	0	0	0	0	0	0
cell-4125-0-44_S16__NODE_401_length_6051_cov_5.804703	1	6051	0	0	0	0	0	0
cell-4122-0-44_S10__NODE_419_length_6050_cov_15.152627	1	6050	0	0	0	0	0	0
Biragzang__NODE_2164_length_6049_cov_39.152819	1	6049	0	0	0	0	0	0
Biragzang__NODE_2165_length_6046_cov_18.803038	1	6046	0	0	0	0	0	0
Biragzang__NODE_2166_length_6044_cov_15.725330	1	6044	0	0	0	0	0	0
MV-4122_S12__NODE_2179_length_6043_cov_38.898130	1	6043	0	0	0	0	0	0
cell-4125-0-44_S16__NODE_402_length_6043_cov_9.135438	1	6043	0	0	0	0	0	0
Biragzang__NODE_2167_length_6042_cov_12.761984	1	6042	0	0	0	0	0	0
Biragzang__NODE_2168_length_6039_cov_21.500668	1	6039	0	0	0	0	0	0
Biragzang__NODE_2169_length_6039_cov_6.153910	1	6039	0	0	0	0	0	0
cell-4122-0-44_S10__NODE_420_length_6039_cov_9.161765	1	6039	0	0	0	0	0	0
Biragzang__NODE_2170_length_6037_cov_13.040789	1	6037	0	0	0	0	0	0
Biragzang__NODE_2171_length_6037_cov_5.865931	1	6037	0	0	0	0	0	0
cell-4122-0-44_S10__NODE_421_length_6035_cov_11.660033	1	6035	0	0	0	0	0	0
Biragzang__NODE_2172_length_6033_cov_8.138341	1	6033	0	0	0	0	0	0
Biragzang__NODE_2173_length_6032_cov_6.541074	1	6032	0	0	0	0	0	0
MV-4122_S12__NODE_2181_length_6032_cov_8.770119	1	6032	0	0	0	0	0	0
cell-4125-0-44_S16__NODE_404_length_6031_cov_5.767905	1	6031	0	0	0	0	0	0
Biragzang__NODE_2174_length_6030_cov_43.832301	1	6030	0	0	0	0	0	0
cell-4122-0-44_S10__NODE_422_length_6029_cov_156.669233	1	6029	0	0	0	0	0	0
cell-4122-0-44_S10__NODE_423_length_6029_cov_34.451958	1	6029	0	0	0	0	0	0
Biragzang__NODE_2175_length_6027_cov_10.549565	1	6027	0	0	0	0	0	0
cell-4125-0-44_S16__NODE_406_length_6025_cov_8.961809	1	6025	0	0	0	0	0	0
cell-4125-0-44_S16__NODE_407_length_6025_cov_5.908710	1	6025	0	0	0	0	0	0
Biragzang__NODE_2176_length_6024_cov_11.791087	1	6024	0	0	0	0	0	0
Biragzang__NODE_2177_length_6024_cov_3.402412	1	6024	0	0	0	0	0	0
cell-4122-0-44_S10__NODE_424_length_6024_cov_13.932149	1	6024	0	0	0	0	0	0
cell-4125-0-44_S16__NODE_408_length_6024_cov_10.248115	1	6024	0	0	0	0	0	0
Biragzang__NODE_2178_length_6023_cov_9.306300	1	6023	0	0	0	0	0	0
cell-4125-0-44_S16__NODE_409_length_6022_cov_6.554718	1	6022	0	0	0	0	0	0
Biragzang__NODE_2179_length_6021_cov_5.535032	1	6021	0	0	0	0	0	0
Biragzang__NODE_2180_length_6020_cov_5.864543	1	6020	0	0	0	0	0	0
cell-4122-0-44_S10__NODE_425_length_6018_cov_890.627369	1	6018	0	0	0	0	0	0
Biragzang__NODE_2181_length_6017_cov_16.865817	1	6017	0	0	0	0	0	0
Biragzang__NODE_2182_length_6017_cov_10.674438	1	6017	0	0	0	0	0	0
Biragzang__NODE_2183_length_6017_cov_7.379067	1	6017	0	0	0	0	0	0
MV-4122_S12__NODE_2186_length_6015_cov_7.238926	1	6015	0	0	0	0	0	0
Biragzang__NODE_2184_length_6014_cov_13.369189	1	6014	0	0	0	0	0	0
Biragzang__NODE_2185_length_6012_cov_10.293101	1	6012	0	0	0	0	0	0
Biragzang__NODE_2186_length_6011_cov_14.105776	1	6011	0	0	0	0	0	0
cell-4122-0-44_S10__NODE_426_length_6011_cov_12.956179	1	6011	0	0	0	0	0	0
Biragzang__NODE_2187_length_6008_cov_6.929783	1	6008	0	0	0	0	0	0
MV-4122_S12__NODE_2189_length_6008_cov_8.336973	1	6008	0	0	0	0	0	0
MV-4122_S12__NODE_2190_length_6008_cov_7.832185	1	6008	0	0	0	0	0	0
cell-4122-0-44_S10__NODE_427_length_6008_cov_13.301193	1	6008	0	0	0	0	0	0
Biragzang__NODE_2188_length_6007_cov_41.808132	1	6007	0	0	0	0	0	0
Biragzang__NODE_2189_length_6007_cov_40.912298	1	6007	0	0	0	0	0	0
Biragzang__NODE_2190_length_6006_cov_11.031591	1	6006	0	0	0	0	0	0
Biragzang__NODE_2191_length_6006_cov_6.004873	1	6006	0	0	0	0	0	0
Biragzang__NODE_2192_length_6004_cov_44.438561	1	6004	0	0	0	0	0	0
cell-4125-0-44_S16__NODE_410_length_6002_cov_5.880948	1	6002	0	0	0	0	0	0
Biragzang__NODE_2193_length_6001_cov_37.696435	1	6001	0	0	0	0	0	0
Biragzang__NODE_2194_length_6001_cov_20.736798	1	6001	0	0	0	0	0	0
MV-4122_S12__NODE_2192_length_6001_cov_8.073663	1	6001	0	0	0	0	0	0
cell-4122-0-44_S10__NODE_428_length_5999_cov_9.494448	1	5999	0	0	0	0	0	0
Biragzang__NODE_2195_length_5998_cov_12.758876	1	5998	0	0	0	0	0	0
cell-4122-0-44_S10__NODE_429_length_5998_cov_43.236244	1	5998	0	0	0	0	0	0
Biragzang__NODE_2196_length_5997_cov_9.844160	1	5997	0	0	0	0	0	0
cell-4122-0-44_S10__NODE_430_length_5996_cov_618.122538	1	5996	0	0	0	0	0	0
cell-4122-0-44_S10__NODE_431_length_5996_cov_19.389328	1	5996	0	0	0	0	0	0
Biragzang__NODE_2197_length_5994_cov_4.869675	1	5994	0	0	0	0	0	0
Biragzang__NODE_2198_length_5993_cov_6.673291	1	5993	0	0	0	0	0	0
cell-4125-0-44_S16__NODE_413_length_5993_cov_5.292018	1	5993	0	0	0	0	0	0
Biragzang__NODE_2199_length_5992_cov_15.499747	1	5992	0	0	0	0	0	0
cell-4125-0-44_S16__NODE_414_length_5992_cov_5.961260	1	5992	0	0	0	0	0	0
Biragzang__NODE_2200_length_5990_cov_9.484414	1	5990	0	0	0	0	0	0
Biragzang__NODE_2201_length_5990_cov_7.189553	1	5990	0	0	0	0	0	0
cell-4125-0-44_S16__NODE_415_length_5990_cov_8.686773	1	5990	0	0	0	0	0	0
Biragzang__NODE_2202_length_5984_cov_57.974026	1	5984	0	0	0	0	0	0
Biragzang__NODE_2203_length_5983_cov_16.792510	1	5983	0	0	0	0	0	0
Biragzang__NODE_2204_length_5982_cov_9.947191	1	5982	0	0	0	0	0	0
Biragzang__NODE_2205_length_5982_cov_6.409988	1	5982	0	0	0	0	0	0
Biragzang__NODE_2206_length_5981_cov_10.245697	1	5981	0	0	0	0	0	0
Biragzang__NODE_2207_length_5981_cov_9.950726	1	5981	0	0	0	0	0	0
cell-4122-0-44_S10__NODE_432_length_5978_cov_44.644268	1	5978	0	0	0	0	0	0
cell-4125-0-44_S16__NODE_417_length_5978_cov_6.417356	1	5978	0	0	0	0	0	0
cell-4122-0-44_S10__NODE_433_length_5977_cov_18.899865	1	5977	0	0	0	0	0	0
cell-4125-0-44_S16__NODE_418_length_5977_cov_11.933975	1	5977	0	0	0	0	0	0
Biragzang__NODE_2208_length_5976_cov_13.507178	1	5976	0	0	0	0	0	0
Biragzang__NODE_2209_length_5976_cov_8.440128	1	5976	0	0	0	0	0	0
MV-4122_S12__NODE_2196_length_5976_cov_7.843270	1	5976	0	0	0	0	0	0
Biragzang__NODE_2210_length_5974_cov_10.594357	1	5974	0	0	0	0	0	0
cell-4125-0-44_S16__NODE_420_length_5973_cov_6.812268	1	5973	0	0	0	0	0	0
MV-4122_S12__NODE_2198_length_5970_cov_9.755368	1	5970	0	0	0	0	0	0
cell-4125-0-44_S16__NODE_421_length_5969_cov_5.515894	1	5969	0	0	0	0	0	0
MV-4122_S12__NODE_2201_length_5968_cov_8.846609	1	5968	0	0	0	0	0	0
Biragzang__NODE_2211_length_5967_cov_10.821888	1	5967	0	0	0	0	0	0
Biragzang__NODE_2212_length_5966_cov_7.856031	1	5966	0	0	0	0	0	0
Biragzang__NODE_2213_length_5966_cov_6.366605	1	5966	0	0	0	0	0	0
Biragzang__NODE_2214_length_5965_cov_10.031303	1	5965	0	0	0	0	0	0
Biragzang__NODE_2215_length_5965_cov_9.869543	1	5965	0	0	0	0	0	0
Biragzang__NODE_2216_length_5962_cov_10.007449	1	5962	0	0	0	0	0	0
Biragzang__NODE_2217_length_5961_cov_12.638165	1	5961	0	0	0	0	0	0
Biragzang__NODE_2218_length_5961_cov_12.440061	1	5961	0	0	0	0	0	0
MV-4122_S12__NODE_2205_length_5961_cov_9.683034	1	5961	0	0	0	0	0	0
Biragzang__NODE_2219_length_5960_cov_7.439627	1	5960	0	0	0	0	0	0
Biragzang__NODE_2220_length_5958_cov_7.331188	1	5958	0	0	0	0	0	0
cell-4125-0-44_S16__NODE_422_length_5958_cov_5.714891	1	5958	0	0	0	0	0	0
Biragzang__NODE_2221_length_5956_cov_8.642433	1	5956	0	0	0	0	0	0
cell-4125-0-44_S16__NODE_423_length_5956_cov_6.851551	1	5956	0	0	0	0	0	0
cell-4122-0-44_S10__NODE_434_length_5955_cov_14.810508	1	5955	0	0	0	0	0	0
MV-4122_S12__NODE_2209_length_5954_cov_24.219529	1	5954	0	0	0	0	0	0
cell-4122-0-44_S10__NODE_435_length_5953_cov_13.315531	1	5953	0	0	0	0	0	0
Biragzang__NODE_2222_length_5952_cov_6.778701	1	5952	0	0	0	0	0	0
MV-4122_S12__NODE_2210_length_5952_cov_9.334746	1	5952	0	0	0	0	0	0
Biragzang__NODE_2223_length_5949_cov_10.235833	1	5949	0	0	0	0	0	0
cell-4122-0-44_S10__NODE_436_length_5949_cov_20.518493	1	5949	0	0	0	0	0	0
Biragzang__NODE_2224_length_5948_cov_14.461565	1	5948	0	0	0	0	0	0
Biragzang__NODE_2225_length_5948_cov_11.163584	1	5948	0	0	0	0	0	0
Biragzang__NODE_2226_length_5948_cov_10.509927	1	5948	0	0	0	0	0	0
cell-4122-0-44_S10__NODE_437_length_5947_cov_9.944671	1	5947	0	0	0	0	0	0
Biragzang__NODE_2227_length_5946_cov_7.630114	1	5946	0	0	0	0	0	0
Biragzang__NODE_2228_length_5941_cov_38.544682	1	5941	0	0	0	0	0	0
cell-4122-0-44_S10__NODE_438_length_5941_cov_9.341998	1	5941	0	0	0	0	0	0
Biragzang__NODE_2229_length_5940_cov_13.517077	1	5940	0	0	0	0	0	0
Biragzang__NODE_2230_length_5931_cov_4.538291	1	5931	0	0	0	0	0	0
cell-4125-0-44_S16__NODE_424_length_5930_cov_8.629617	1	5930	0	0	0	0	0	0
Biragzang__NODE_2231_length_5929_cov_6.257235	1	5929	0	0	0	0	0	0
Biragzang__NODE_2232_length_5928_cov_50.890346	1	5928	0	0	0	0	0	0
Biragzang__NODE_2233_length_5927_cov_17.788999	1	5927	0	0	0	0	0	0
Biragzang__NODE_2234_length_5927_cov_11.937841	1	5927	0	0	0	0	0	0
Biragzang__NODE_2235_length_5926_cov_12.321581	1	5926	0	0	0	0	0	0
Biragzang__NODE_2236_length_5926_cov_6.659002	1	5926	0	0	0	0	0	0
Biragzang__NODE_2237_length_5925_cov_13.242760	1	5925	0	0	0	0	0	0
Biragzang__NODE_2238_length_5925_cov_12.802896	1	5925	0	0	0	0	0	0
cell-4125-0-22_S17__NODE_8_length_5925_cov_12.072061	1	5925	0	0	0	0	0	0
cell-4122-0-44_S10__NODE_439_length_5923_cov_13.905249	1	5923	0	0	0	0	0	0
cell-4125-0-44_S16__NODE_425_length_5923_cov_6.036980	1	5923	0	0	0	0	0	0
Biragzang__NODE_2239_length_5922_cov_6.251236	1	5922	0	0	0	0	0	0
cell-4122-0-44_S10__NODE_440_length_5922_cov_9.601670	1	5922	0	0	0	0	0	0
cell-4122-0-44_S10__NODE_442_length_5921_cov_11.142346	1	5921	0	0	0	0	0	0
Biragzang__NODE_2240_length_5920_cov_29.758227	1	5920	0	0	0	0	0	0
Biragzang__NODE_2241_length_5920_cov_8.401705	1	5920	0	0	0	0	0	0
cell-4122-0-44_S10__NODE_443_length_5920_cov_41.641091	1	5920	0	0	0	0	0	0
Biragzang__NODE_2242_length_5919_cov_8.420532	1	5919	0	0	0	0	0	0
Biragzang__NODE_2243_length_5917_cov_13.096213	1	5917	0	0	0	0	0	0
cell-4122-0-44_S10__NODE_444_length_5913_cov_7.721407	1	5913	0	0	0	0	0	0
Biragzang__NODE_2244_length_5912_cov_18.326276	1	5912	0	0	0	0	0	0
Biragzang__NODE_2245_length_5912_cov_17.408742	1	5912	0	0	0	0	0	0
cell-4125-0-44_S16__NODE_426_length_5911_cov_6.661885	1	5911	0	0	0	0	0	0
Biragzang__NODE_2246_length_5910_cov_8.606319	1	5910	0	0	0	0	0	0
Biragzang__NODE_2248_length_5906_cov_11.990429	1	5906	0	0	0	0	0	0
Biragzang__NODE_2249_length_5905_cov_5.020684	1	5905	0	0	0	0	0	0
cell-4125-0-22_S17__NODE_9_length_5905_cov_12.392650	1	5905	0	0	0	0	0	0
cell-4122-0-44_S10__NODE_445_length_5903_cov_14.690663	1	5903	0	0	0	0	0	0
cell-4125-0-44_S16__NODE_430_length_5901_cov_6.615635	1	5901	0	0	0	0	0	0
cell-4125-0-44_S16__NODE_431_length_5900_cov_8.729170	1	5900	0	0	0	0	0	0
Biragzang__NODE_2250_length_5898_cov_16.453534	1	5898	0	0	0	0	0	0
Biragzang__NODE_2251_length_5898_cov_5.341776	1	5898	0	0	0	0	0	0
cell-4125-0-44_S16__NODE_432_length_5897_cov_5.770284	1	5897	0	0	0	0	0	0
cell-4125-0-44_S16__NODE_433_length_5896_cov_5.910803	1	5896	0	0	0	0	0	0
Biragzang__NODE_2252_length_5894_cov_5.575955	1	5894	0	0	0	0	0	0
MV-4122_S12__NODE_2221_length_5894_cov_9.232403	1	5894	0	0	0	0	0	0
Biragzang__NODE_2253_length_5893_cov_5.217883	1	5893	0	0	0	0	0	0
cell-4125-0-44_S16__NODE_435_length_5893_cov_5.747688	1	5893	0	0	0	0	0	0
cell-4125-0-44_S16__NODE_436_length_5891_cov_6.046436	1	5891	0	0	0	0	0	0
Biragzang__NODE_2254_length_5890_cov_6.565553	1	5890	0	0	0	0	0	0
cell-4125-0-44_S16__NODE_437_length_5890_cov_9.111054	1	5890	0	0	0	0	0	0
Biragzang__NODE_2255_length_5887_cov_10.294582	1	5887	0	0	0	0	0	0
Biragzang__NODE_2256_length_5886_cov_50.229120	1	5886	0	0	0	0	0	0
Biragzang__NODE_2257_length_5886_cov_33.641056	1	5886	0	0	0	0	0	0
MV-4122_S12__NODE_2224_length_5886_cov_21.770880	1	5886	0	0	0	0	0	0
Biragzang__NODE_2258_length_5885_cov_6.096741	1	5885	0	0	0	0	0	0
MV-4122_S12__NODE_2225_length_5885_cov_8.203087	1	5885	0	0	0	0	0	0
cell-4122-0-44_S10__NODE_446_length_5883_cov_14.960021	1	5883	0	0	0	0	0	0
Biragzang__NODE_2259_length_5882_cov_27.713746	1	5882	0	0	0	0	0	0
Biragzang__NODE_2260_length_5880_cov_31.866266	1	5880	0	0	0	0	0	0
cell-4122-0-44_S10__NODE_447_length_5880_cov_9.699571	1	5880	0	0	0	0	0	0
cell-4125-0-44_S16__NODE_438_length_5880_cov_8.852876	1	5880	0	0	0	0	0	0
cell-4125-0-44_S16__NODE_439_length_5879_cov_6.814560	1	5879	0	0	0	0	0	0
Biragzang__NODE_2261_length_5878_cov_8.240598	1	5878	0	0	0	0	0	0
cell-4125-0-44_S16__NODE_440_length_5877_cov_10.211439	1	5877	0	0	0	0	0	0
Biragzang__NODE_2262_length_5874_cov_34.086269	1	5874	0	0	0	0	0	0
Biragzang__NODE_2263_length_5874_cov_7.735350	1	5874	0	0	0	0	0	0
MV-4122_S12__NODE_2232_length_5873_cov_32.427982	1	5873	0	0	0	0	0	0
cell-4125-0-44_S16__NODE_441_length_5873_cov_6.494500	1	5873	0	0	0	0	0	0
Biragzang__NODE_2264_length_5872_cov_52.058106	1	5872	0	0	0	0	0	0
Biragzang__NODE_2265_length_5871_cov_11.814649	1	5871	0	0	0	0	0	0
Biragzang__NODE_2266_length_5869_cov_57.410733	1	5869	0	0	0	0	0	0
Biragzang__NODE_2267_length_5868_cov_9.115947	1	5868	0	0	0	0	0	0
Biragzang__NODE_2268_length_5866_cov_7.205989	1	5866	0	0	0	0	0	0
Biragzang__NODE_2269_length_5866_cov_6.022199	1	5866	0	0	0	0	0	0
Biragzang__NODE_2270_length_5864_cov_5.962128	1	5864	0	0	0	0	0	0
Biragzang__NODE_2271_length_5863_cov_12.408747	1	5863	0	0	0	0	0	0
cell-4122-0-44_S10__NODE_448_length_5862_cov_35.900809	1	5862	0	0	0	0	0	0
Biragzang__NODE_2272_length_5861_cov_6.498622	1	5861	0	0	0	0	0	0
cell-4122-0-44_S10__NODE_449_length_5860_cov_13.964169	1	5860	0	0	0	0	0	0
Biragzang__NODE_2273_length_5858_cov_8.387558	1	5858	0	0	0	0	0	0
MV-4122_S12__NODE_2237_length_5858_cov_7.198346	1	5858	0	0	0	0	0	0
cell-4122-0-44_S10__NODE_450_length_5858_cov_14.805962	1	5858	0	0	0	0	0	0
Biragzang__NODE_2274_length_5857_cov_26.548604	1	5857	0	0	0	0	0	0
Biragzang__NODE_2275_length_5856_cov_10.319772	1	5856	0	0	0	0	0	0
Biragzang__NODE_2276_length_5856_cov_5.056887	1	5856	0	0	0	0	0	0
Biragzang__NODE_2277_length_5856_cov_4.061541	1	5856	0	0	0	0	0	0
cell-4125-0-44_S16__NODE_444_length_5856_cov_6.299086	1	5856	0	0	0	0	0	0
MV-4122_S12__NODE_2238_length_5855_cov_9.909828	1	5855	0	0	0	0	0	0
cell-4125-0-44_S16__NODE_445_length_5854_cov_11.509226	1	5854	0	0	0	0	0	0
Biragzang__NODE_2278_length_5853_cov_40.872025	1	5853	0	0	0	0	0	0
Biragzang__NODE_2279_length_5853_cov_8.206278	1	5853	0	0	0	0	0	0
cell-4125-0-44_S16__NODE_446_length_5852_cov_14.149215	1	5852	0	0	0	0	0	0
Biragzang__NODE_2280_length_5848_cov_9.931469	1	5848	0	0	0	0	0	0
Biragzang__NODE_2281_length_5847_cov_11.507079	1	5847	0	0	0	0	0	0
Biragzang__NODE_2282_length_5846_cov_16.033500	1	5846	0	0	0	0	0	0
cell-4125-0-44_S16__NODE_449_length_5845_cov_5.614508	1	5845	0	0	0	0	0	0
Biragzang__NODE_2283_length_5843_cov_8.011921	1	5843	0	0	0	0	0	0
Biragzang__NODE_2284_length_5842_cov_9.063072	1	5842	0	0	0	0	0	0
cell-4125-0-44_S16__NODE_450_length_5842_cov_11.885606	1	5842	0	0	0	0	0	0
cell-4122-0-44_S10__NODE_451_length_5841_cov_7.397684	1	5841	0	0	0	0	0	0
cell-4125-0-44_S16__NODE_451_length_5841_cov_6.424646	1	5841	0	0	0	0	0	0
cell-4125-0-44_S16__NODE_452_length_5840_cov_4.760415	1	5840	0	0	0	0	0	0
Biragzang__NODE_2285_length_5839_cov_43.396957	1	5839	0	0	0	0	0	0
Biragzang__NODE_2286_length_5838_cov_9.592253	1	5838	0	0	0	0	0	0
Biragzang__NODE_2287_length_5836_cov_13.850199	1	5836	0	0	0	0	0	0
cell-4122-0-44_S10__NODE_452_length_5835_cov_7.049654	1	5835	0	0	0	0	0	0
Biragzang__NODE_2288_length_5833_cov_13.507269	1	5833	0	0	0	0	0	0
Biragzang__NODE_2289_length_5833_cov_6.108861	1	5833	0	0	0	0	0	0
Biragzang__NODE_2290_length_5832_cov_17.564134	1	5832	0	0	0	0	0	0
Biragzang__NODE_2291_length_5832_cov_9.126363	1	5832	0	0	0	0	0	0
Biragzang__NODE_2292_length_5831_cov_23.992209	1	5831	0	0	0	0	0	0
cell-4125-0-44_S16__NODE_453_length_5828_cov_9.401005	1	5828	0	0	0	0	0	0
Biragzang__NODE_2293_length_5827_cov_38.386521	1	5827	0	0	0	0	0	0
Biragzang__NODE_2294_length_5825_cov_6.448007	1	5825	0	0	0	0	0	0
Biragzang__NODE_2295_length_5824_cov_13.822673	1	5824	0	0	0	0	0	0
Biragzang__NODE_2296_length_5824_cov_6.081470	1	5824	0	0	0	0	0	0
Biragzang__NODE_2297_length_5823_cov_31.847434	1	5823	0	0	0	0	0	0
Biragzang__NODE_2298_length_5822_cov_58.611063	1	5822	0	0	0	0	0	0
Biragzang__NODE_2299_length_5822_cov_7.135426	1	5822	0	0	0	0	0	0
cell-4122-0-44_S10__NODE_453_length_5822_cov_4.118953	1	5822	0	0	0	0	0	0
Biragzang__NODE_2300_length_5820_cov_16.134258	1	5820	0	0	0	0	0	0
Biragzang__NODE_2301_length_5817_cov_6.822284	1	5817	0	0	0	0	0	0
Biragzang__NODE_2302_length_5815_cov_7.802604	1	5815	0	0	0	0	0	0
Biragzang__NODE_2303_length_5814_cov_13.570238	1	5814	0	0	0	0	0	0
Biragzang__NODE_2304_length_5814_cov_5.171558	1	5814	0	0	0	0	0	0
Biragzang__NODE_2305_length_5813_cov_19.243314	1	5813	0	0	0	0	0	0
Biragzang__NODE_2306_length_5813_cov_6.984891	1	5813	0	0	0	0	0	0
cell-4125-0-44_S16__NODE_454_length_5812_cov_10.475074	1	5812	0	0	0	0	0	0
Biragzang__NODE_2307_length_5811_cov_7.118833	1	5811	0	0	0	0	0	0
Biragzang__NODE_2308_length_5809_cov_5.299270	1	5809	0	0	0	0	0	0
Biragzang__NODE_2309_length_5804_cov_15.354322	1	5804	0	0	0	0	0	0
Biragzang__NODE_2310_length_5804_cov_9.218821	1	5804	0	0	0	0	0	0
Biragzang__NODE_2311_length_5804_cov_6.883458	1	5804	0	0	0	0	0	0
Biragzang__NODE_2312_length_5803_cov_14.258525	1	5803	0	0	0	0	0	0
Biragzang__NODE_2313_length_5802_cov_11.357926	1	5802	0	0	0	0	0	0
cell-4122-0-44_S10__NODE_454_length_5802_cov_30.111884	1	5802	0	0	0	0	0	0
cell-4125-0-44_S16__NODE_458_length_5802_cov_6.905168	1	5802	0	0	0	0	0	0
Biragzang__NODE_2314_length_5801_cov_7.493735	1	5801	0	0	0	0	0	0
cell-4122-0-44_S10__NODE_455_length_5801_cov_34.639575	1	5801	0	0	0	0	0	0
cell-4122-0-44_S10__NODE_456_length_5800_cov_1156.660400	1	5800	0	0	0	0	0	0
Biragzang__NODE_2315_length_5798_cov_6.639561	1	5798	0	0	0	0	0	0
cell-4122-0-44_S10__NODE_457_length_5798_cov_14.315863	1	5798	0	0	0	0	0	0
Biragzang__NODE_2316_length_5797_cov_5.397771	1	5797	0	0	0	0	0	0
MV-4122_S12__NODE_2257_length_5797_cov_52.872518	1	5797	0	0	0	0	0	0
Biragzang__NODE_2317_length_5794_cov_8.102631	1	5794	0	0	0	0	0	0
Biragzang__NODE_2318_length_5793_cov_8.793656	1	5793	0	0	0	0	0	0
Biragzang__NODE_2319_length_5793_cov_7.709481	1	5793	0	0	0	0	0	0
Biragzang__NODE_2320_length_5790_cov_7.405057	1	5790	0	0	0	0	0	0
Biragzang__NODE_2321_length_5788_cov_31.241584	1	5788	0	0	0	0	0	0
cell-4122-0-44_S10__NODE_458_length_5788_cov_9.878423	1	5788	0	0	0	0	0	0
cell-4125-0-44_S16__NODE_459_length_5788_cov_14.214373	1	5788	0	0	0	0	0	0
Biragzang__NODE_2322_length_5787_cov_45.585834	1	5787	0	0	0	0	0	0
Biragzang__NODE_2323_length_5784_cov_6.283819	1	5784	0	0	0	0	0	0
cell-4125-0-44_S16__NODE_460_length_5784_cov_5.885669	1	5784	0	0	0	0	0	0
Biragzang__NODE_2324_length_5783_cov_36.890363	1	5783	0	0	0	0	0	0
cell-4125-0-44_S16__NODE_461_length_5783_cov_21.039106	1	5783	0	0	0	0	0	0
MV-4122_S12__NODE_2264_length_5782_cov_39.247075	1	5782	0	0	0	0	0	0
Biragzang__NODE_2325_length_5781_cov_34.933811	1	5781	0	0	0	0	0	0
Biragzang__NODE_2326_length_5781_cov_6.365700	1	5781	0	0	0	0	0	0
cell-4125-0-44_S16__NODE_462_length_5780_cov_9.553013	1	5780	0	0	0	0	0	0
Biragzang__NODE_2327_length_5779_cov_6.546296	1	5779	0	0	0	0	0	0
Biragzang__NODE_2328_length_5779_cov_5.794724	1	5779	0	0	0	0	0	0
cell-4125-0-44_S16__NODE_463_length_5778_cov_6.803774	1	5778	0	0	0	0	0	0
Biragzang__NODE_2329_length_5774_cov_14.174681	1	5774	0	0	0	0	0	0
Biragzang__NODE_2330_length_5772_cov_6.398286	1	5772	0	0	0	0	0	0
Biragzang__NODE_2331_length_5771_cov_20.107768	1	5771	0	0	0	0	0	0
Biragzang__NODE_2332_length_5771_cov_15.447166	1	5771	0	0	0	0	0	0
Biragzang__NODE_2333_length_5768_cov_5.780676	1	5768	0	0	0	0	0	0
Biragzang__NODE_2334_length_5768_cov_5.706809	1	5768	0	0	0	0	0	0
Biragzang__NODE_2335_length_5767_cov_8.013480	1	5767	0	0	0	0	0	0
Biragzang__NODE_2336_length_5766_cov_6.833304	1	5766	0	0	0	0	0	0
Biragzang__NODE_2337_length_5766_cov_5.391175	1	5766	0	0	0	0	0	0
Biragzang__NODE_2338_length_5764_cov_10.898932	1	5764	0	0	0	0	0	0
Biragzang__NODE_2339_length_5763_cov_31.918711	1	5763	0	0	0	0	0	0
Biragzang__NODE_2340_length_5763_cov_7.148388	1	5763	0	0	0	0	0	0
cell-4125-0-44_S16__NODE_465_length_5763_cov_7.845305	1	5763	0	0	0	0	0	0
cell-4125-0-44_S16__NODE_466_length_5762_cov_9.132469	1	5762	0	0	0	0	0	0
Biragzang__NODE_2341_length_5761_cov_42.934805	1	5761	0	0	0	0	0	0
cell-4125-0-44_S16__NODE_467_length_5761_cov_7.282510	1	5761	0	0	0	0	0	0
Biragzang__NODE_2342_length_5759_cov_6.271739	1	5759	0	0	0	0	0	0
cell-4122-0-44_S10__NODE_459_length_5759_cov_9.809081	1	5759	0	0	0	0	0	0
cell-4122-0-44_S10__NODE_460_length_5758_cov_11.159565	1	5758	0	0	0	0	0	0
Biragzang__NODE_2343_length_5757_cov_12.435637	1	5757	0	0	0	0	0	0
Biragzang__NODE_2344_length_5757_cov_5.868292	1	5757	0	0	0	0	0	0
cell-4122-0-44_S10__NODE_461_length_5757_cov_10.925289	1	5757	0	0	0	0	0	0
Biragzang__NODE_2345_length_5756_cov_28.363620	1	5756	0	0	0	0	0	0
Biragzang__NODE_2346_length_5756_cov_6.205227	1	5756	0	0	0	0	0	0
Biragzang__NODE_2347_length_5756_cov_6.106999	1	5756	0	0	0	0	0	0
cell-4122-0-44_S10__NODE_462_length_5756_cov_35.074198	1	5756	0	0	0	0	0	0
MV-4122_S12__NODE_2276_length_5754_cov_8.702755	1	5754	0	0	0	0	0	0
Biragzang__NODE_2348_length_5753_cov_12.151281	1	5753	0	0	0	0	0	0
Biragzang__NODE_2349_length_5752_cov_45.969984	1	5752	0	0	0	0	0	0
Biragzang__NODE_2350_length_5752_cov_31.097069	1	5752	0	0	0	0	0	0
MV-4122_S12__NODE_2277_length_5752_cov_7.692996	1	5752	0	0	0	0	0	0
cell-4122-0-44_S10__NODE_463_length_5752_cov_15.439354	1	5752	0	0	0	0	0	0
Biragzang__NODE_2351_length_5751_cov_18.580056	1	5751	0	0	0	0	0	0
cell-4125-0-44_S16__NODE_468_length_5751_cov_4.547928	1	5751	0	0	0	0	0	0
Biragzang__NODE_2352_length_5750_cov_6.687094	1	5750	0	0	0	0	0	0
cell-4122-0-44_S10__NODE_464_length_5749_cov_17.509132	1	5749	0	0	0	0	0	0
cell-4125-0-44_S16__NODE_470_length_5749_cov_6.319810	1	5749	0	0	0	0	0	0
Biragzang__NODE_2353_length_5747_cov_8.862614	1	5747	0	0	0	0	0	0
Biragzang__NODE_2354_length_5745_cov_9.008963	1	5745	0	0	0	0	0	0
Biragzang__NODE_2355_length_5741_cov_44.855259	1	5741	0	0	0	0	0	0
Biragzang__NODE_2356_length_5739_cov_7.080929	1	5739	0	0	0	0	0	0
Biragzang__NODE_2357_length_5737_cov_24.021471	1	5737	0	0	0	0	0	0
cell-4122-0-44_S10__NODE_465_length_5736_cov_24.121105	1	5736	0	0	0	0	0	0
Biragzang__NODE_2358_length_5732_cov_47.326052	1	5732	0	0	0	0	0	0
Biragzang__NODE_2359_length_5732_cov_25.418707	1	5732	0	0	0	0	0	0
Biragzang__NODE_2360_length_5732_cov_15.094945	1	5732	0	0	0	0	0	0
cell-4125-0-44_S16__NODE_471_length_5732_cov_10.168223	1	5732	0	0	0	0	0	0
cell-4122-0-44_S10__NODE_466_length_5731_cov_13.020613	1	5731	0	0	0	0	0	0
cell-4125-0-44_S16__NODE_472_length_5731_cov_4.451903	1	5731	0	0	0	0	0	0
Biragzang__NODE_2361_length_5730_cov_9.256035	1	5730	0	0	0	0	0	0
Biragzang__NODE_2362_length_5729_cov_9.176595	1	5729	0	0	0	0	0	0
cell-4125-0-44_S16__NODE_473_length_5726_cov_8.926292	1	5726	0	0	0	0	0	0
cell-4122-0-44_S10__NODE_467_length_5725_cov_66.723810	1	5725	0	0	0	0	0	0
Biragzang__NODE_2363_length_5724_cov_35.962427	1	5724	0	0	0	0	0	0
Biragzang__NODE_2364_length_5723_cov_7.517114	1	5723	0	0	0	0	0	0
Biragzang__NODE_2365_length_5722_cov_6.774484	1	5722	0	0	0	0	0	0
cell-4122-0-44_S10__NODE_468_length_5722_cov_41.257279	1	5722	0	0	0	0	0	0
cell-4122-0-44_S10__NODE_469_length_5719_cov_15.673199	1	5719	0	0	0	0	0	0
Biragzang__NODE_2366_length_5718_cov_12.628112	1	5718	0	0	0	0	0	0
Biragzang__NODE_2367_length_5718_cov_9.743069	1	5718	0	0	0	0	0	0
Biragzang__NODE_2368_length_5716_cov_9.299064	1	5716	0	0	0	0	0	0
Biragzang__NODE_2369_length_5710_cov_5.685765	1	5710	0	0	0	0	0	0
Biragzang__NODE_2370_length_5710_cov_3.882051	1	5710	0	0	0	0	0	0
Biragzang__NODE_2371_length_5708_cov_4.587476	1	5708	0	0	0	0	0	0
Biragzang__NODE_2372_length_5707_cov_6.685952	1	5707	0	0	0	0	0	0
Biragzang__NODE_2373_length_5707_cov_6.672151	1	5707	0	0	0	0	0	0
Biragzang__NODE_2374_length_5706_cov_14.192532	1	5706	0	0	0	0	0	0
Biragzang__NODE_2375_length_5706_cov_4.952044	1	5706	0	0	0	0	0	0
Biragzang__NODE_2376_length_5705_cov_7.121593	1	5705	0	0	0	0	0	0
cell-4122-0-44_S10__NODE_470_length_5705_cov_13.530796	1	5705	0	0	0	0	0	0
Biragzang__NODE_2377_length_5704_cov_46.590901	1	5704	0	0	0	0	0	0
Biragzang__NODE_2378_length_5704_cov_6.762082	1	5704	0	0	0	0	0	0
Biragzang__NODE_2379_length_5702_cov_12.234992	1	5702	0	0	0	0	0	0
Biragzang__NODE_2380_length_5702_cov_6.863290	1	5702	0	0	0	0	0	0
Biragzang__NODE_2381_length_5701_cov_27.445094	1	5701	0	0	0	0	0	0
cell-4125-0-44_S16__NODE_475_length_5701_cov_6.824478	1	5701	0	0	0	0	0	0
Biragzang__NODE_2382_length_5700_cov_47.067493	1	5700	0	0	0	0	0	0
Biragzang__NODE_2383_length_5699_cov_5.336641	1	5699	0	0	0	0	0	0
Biragzang__NODE_2384_length_5698_cov_10.343789	1	5698	0	0	0	0	0	0
Biragzang__NODE_2385_length_5698_cov_7.306929	1	5698	0	0	0	0	0	0
cell-4125-0-44_S16__NODE_476_length_5698_cov_9.225058	1	5698	0	0	0	0	0	0
Biragzang__NODE_2386_length_5697_cov_9.678483	1	5697	0	0	0	0	0	0
cell-4125-0-44_S16__NODE_477_length_5697_cov_6.062389	1	5697	0	0	0	0	0	0
Biragzang__NODE_2387_length_5696_cov_15.905513	1	5696	0	0	0	0	0	0
MV-4122_S12__NODE_2297_length_5696_cov_7.107428	1	5696	0	0	0	0	0	0
cell-4125-0-44_S16__NODE_479_length_5696_cov_5.705903	1	5696	0	0	0	0	0	0
Biragzang__NODE_2388_length_5694_cov_6.742508	1	5694	0	0	0	0	0	0
Biragzang__NODE_2389_length_5692_cov_10.092425	1	5692	0	0	0	0	0	0
cell-4125-0-44_S16__NODE_480_length_5691_cov_5.651526	1	5691	0	0	0	0	0	0
Biragzang__NODE_2390_length_5689_cov_6.299432	1	5689	0	0	0	0	0	0
cell-4122-0-44_S10__NODE_471_length_5687_cov_10.122869	1	5687	0	0	0	0	0	0
cell-4125-0-44_S16__NODE_481_length_5687_cov_5.255504	1	5687	0	0	0	0	0	0
cell-4125-0-44_S16__NODE_482_length_5686_cov_5.010833	1	5686	0	0	0	0	0	0
Biragzang__NODE_2391_length_5685_cov_8.396625	1	5685	0	0	0	0	0	0
Biragzang__NODE_2392_length_5684_cov_14.245159	1	5684	0	0	0	0	0	0
Biragzang__NODE_2393_length_5684_cov_12.158465	1	5684	0	0	0	0	0	0
Biragzang__NODE_2394_length_5684_cov_9.133239	1	5684	0	0	0	0	0	0
Biragzang__NODE_2395_length_5684_cov_6.096998	1	5684	0	0	0	0	0	0
Biragzang__NODE_2396_length_5684_cov_5.915793	1	5684	0	0	0	0	0	0
Biragzang__NODE_2397_length_5683_cov_13.777186	1	5683	0	0	0	0	0	0
Biragzang__NODE_2398_length_5681_cov_18.043903	1	5681	0	0	0	0	0	0
cell-4125-0-44_S16__NODE_483_length_5681_cov_5.170281	1	5681	0	0	0	0	0	0
Biragzang__NODE_2399_length_5677_cov_5.336179	1	5677	0	0	0	0	0	0
cell-4125-0-44_S16__NODE_484_length_5677_cov_10.065101	1	5677	0	0	0	0	0	0
Biragzang__NODE_2400_length_5676_cov_13.775129	1	5676	0	0	0	0	0	0
Biragzang__NODE_2401_length_5675_cov_16.825267	1	5675	0	0	0	0	0	0
Biragzang__NODE_2402_length_5673_cov_9.498576	1	5673	0	0	0	0	0	0
Biragzang__NODE_2403_length_5670_cov_12.556189	1	5670	0	0	0	0	0	0
Biragzang__NODE_2404_length_5669_cov_34.218561	1	5669	0	0	0	0	0	0
Biragzang__NODE_2405_length_5668_cov_14.547835	1	5668	0	0	0	0	0	0
Biragzang__NODE_2406_length_5668_cov_6.914841	1	5668	0	0	0	0	0	0
Biragzang__NODE_2407_length_5667_cov_13.147897	1	5667	0	0	0	0	0	0
Biragzang__NODE_2408_length_5667_cov_11.949751	1	5667	0	0	0	0	0	0
Biragzang__NODE_2409_length_5664_cov_11.009271	1	5664	0	0	0	0	0	0
cell-4125-0-44_S16__NODE_485_length_5664_cov_10.034944	1	5664	0	0	0	0	0	0
Biragzang__NODE_2410_length_5663_cov_14.211305	1	5663	0	0	0	0	0	0
Biragzang__NODE_2411_length_5662_cov_36.204744	1	5662	0	0	0	0	0	0
cell-4125-0-44_S16__NODE_486_length_5662_cov_5.815231	1	5662	0	0	0	0	0	0
Biragzang__NODE_2412_length_5661_cov_12.077239	1	5661	0	0	0	0	0	0
Biragzang__NODE_2413_length_5660_cov_50.558787	1	5660	0	0	0	0	0	0
Biragzang__NODE_2414_length_5659_cov_6.405068	1	5659	0	0	0	0	0	0
Biragzang__NODE_2415_length_5658_cov_4.209709	1	5658	0	0	0	0	0	0
Biragzang__NODE_2416_length_5655_cov_6.346250	1	5655	0	0	0	0	0	0
MV-4122_S12__NODE_2315_length_5654_cov_8.254867	1	5654	0	0	0	0	0	0
Biragzang__NODE_2417_length_5653_cov_4.573062	1	5653	0	0	0	0	0	0
cell-4125-0-44_S16__NODE_488_length_5650_cov_9.350492	1	5650	0	0	0	0	0	0
Biragzang__NODE_2418_length_5649_cov_59.442975	1	5649	0	0	0	0	0	0
Biragzang__NODE_2419_length_5647_cov_8.698498	1	5647	0	0	0	0	0	0
cell-4125-0-44_S16__NODE_489_length_5646_cov_16.257915	1	5646	0	0	0	0	0	0
Biragzang__NODE_2420_length_5644_cov_5.437824	1	5644	0	0	0	0	0	0
cell-4122-0-44_S10__NODE_472_length_5642_cov_2003.902452	1	5642	0	0	0	0	0	0
Biragzang__NODE_2421_length_5641_cov_66.292517	1	5641	0	0	0	0	0	0
Biragzang__NODE_2422_length_5639_cov_7.264864	1	5639	0	0	0	0	0	0
Biragzang__NODE_2423_length_5636_cov_13.183480	1	5636	0	0	0	0	0	0
cell-4125-0-44_S16__NODE_490_length_5636_cov_6.294392	1	5636	0	0	0	0	0	0
Biragzang__NODE_2424_length_5633_cov_48.845823	1	5633	0	0	0	0	0	0
Biragzang__NODE_2425_length_5632_cov_6.692846	1	5632	0	0	0	0	0	0
cell-4122-0-44_S10__NODE_473_length_5630_cov_13.069417	1	5630	0	0	0	0	0	0
Biragzang__NODE_2426_length_5627_cov_55.333632	1	5627	0	0	0	0	0	0
Biragzang__NODE_2427_length_5627_cov_41.849964	1	5627	0	0	0	0	0	0
Biragzang__NODE_2428_length_5627_cov_18.189878	1	5627	0	0	0	0	0	0
Biragzang__NODE_2429_length_5627_cov_17.329505	1	5627	0	0	0	0	0	0
Biragzang__NODE_2430_length_5624_cov_43.583229	1	5624	0	0	0	0	0	0
Biragzang__NODE_2431_length_5621_cov_6.531261	1	5621	0	0	0	0	0	0
Biragzang__NODE_2432_length_5621_cov_6.461013	1	5621	0	0	0	0	0	0
Biragzang__NODE_2433_length_5621_cov_6.287819	1	5621	0	0	0	0	0	0
cell-4122-0-44_S10__NODE_474_length_5621_cov_8.249551	1	5621	0	0	0	0	0	0
Biragzang__NODE_2434_length_5619_cov_51.542955	1	5619	0	0	0	0	0	0
Biragzang__NODE_2435_length_5617_cov_8.293420	1	5617	0	0	0	0	0	0
MV-4122_S12__NODE_2323_length_5617_cov_23.546206	1	5617	0	0	0	0	0	0
Biragzang__NODE_2436_length_5614_cov_5.020148	1	5614	0	0	0	0	0	0
MV-4122_S12__NODE_2324_length_5614_cov_6.143191	1	5614	0	0	0	0	0	0
cell-4125-0-44_S16__NODE_493_length_5614_cov_5.159741	1	5614	0	0	0	0	0	0
Biragzang__NODE_2437_length_5612_cov_8.592586	1	5612	0	0	0	0	0	0
cell-4125-0-44_S16__NODE_494_length_5612_cov_3.737988	1	5612	0	0	0	0	0	0
Biragzang__NODE_2438_length_5611_cov_13.161627	1	5611	0	0	0	0	0	0
MV-4122_S12__NODE_2327_length_5611_cov_8.119330	1	5611	0	0	0	0	0	0
Biragzang__NODE_2439_length_5610_cov_11.295050	1	5610	0	0	0	0	0	0
MV-4122_S12__NODE_2329_length_5610_cov_6.641584	1	5610	0	0	0	0	0	0
cell-4125-0-44_S16__NODE_495_length_5610_cov_11.907831	1	5610	0	0	0	0	0	0
Biragzang__NODE_2440_length_5609_cov_9.467951	1	5609	0	0	0	0	0	0
Biragzang__NODE_2441_length_5607_cov_26.168588	1	5607	0	0	0	0	0	0
Biragzang__NODE_2442_length_5606_cov_6.743470	1	5606	0	0	0	0	0	0
cell-4122-0-44_S10__NODE_475_length_5606_cov_17.119438	1	5606	0	0	0	0	0	0
cell-4125-0-44_S16__NODE_496_length_5606_cov_71.590344	1	5606	0	0	0	0	0	0
Biragzang__NODE_2443_length_5605_cov_12.945405	1	5605	0	0	0	0	0	0
Biragzang__NODE_2444_length_5605_cov_5.863784	1	5605	0	0	0	0	0	0
Biragzang__NODE_2445_length_5603_cov_47.315609	1	5603	0	0	0	0	0	0
Biragzang__NODE_2446_length_5603_cov_31.925739	1	5603	0	0	0	0	0	0
Biragzang__NODE_2447_length_5602_cov_13.651523	1	5602	0	0	0	0	0	0
Biragzang__NODE_2448_length_5600_cov_6.257529	1	5600	0	0	0	0	0	0
Biragzang__NODE_2449_length_5600_cov_5.630298	1	5600	0	0	0	0	0	0
Biragzang__NODE_2450_length_5599_cov_10.164683	1	5599	0	0	0	0	0	0
cell-4122-0-44_S10__NODE_476_length_5599_cov_12.327201	1	5599	0	0	0	0	0	0
Biragzang__NODE_2451_length_5597_cov_10.205521	1	5597	0	0	0	0	0	0
Biragzang__NODE_2452_length_5595_cov_7.393863	1	5595	0	0	0	0	0	0
Biragzang__NODE_2453_length_5594_cov_20.461275	1	5594	0	0	0	0	0	0
Biragzang__NODE_2454_length_5593_cov_23.333153	1	5593	0	0	0	0	0	0
Biragzang__NODE_2455_length_5593_cov_9.440592	1	5593	0	0	0	0	0	0
cell-4122-0-44_S10__NODE_477_length_5593_cov_13.819610	1	5593	0	0	0	0	0	0
Biragzang__NODE_2456_length_5590_cov_5.814995	1	5590	0	0	0	0	0	0
MV-4122_S12__NODE_2335_length_5590_cov_6.453659	1	5590	0	0	0	0	0	0
Biragzang__NODE_2457_length_5589_cov_12.021323	1	5589	0	0	0	0	0	0
Biragzang__NODE_2458_length_5589_cov_10.486990	1	5589	0	0	0	0	0	0
cell-4122-0-44_S10__NODE_478_length_5589_cov_18.730575	1	5589	0	0	0	0	0	0
cell-4125-0-44_S16__NODE_497_length_5589_cov_12.541019	1	5589	0	0	0	0	0	0
Biragzang__NODE_2459_length_5586_cov_9.654674	1	5586	0	0	0	0	0	0
cell-4125-0-44_S16__NODE_499_length_5584_cov_5.592150	1	5584	0	0	0	0	0	0
Biragzang__NODE_2460_length_5583_cov_4.999276	1	5583	0	0	0	0	0	0
cell-4125-0-44_S16__NODE_500_length_5582_cov_7.535915	1	5582	0	0	0	0	0	0
Biragzang__NODE_2461_length_5579_cov_22.348479	1	5579	0	0	0	0	0	0
Biragzang__NODE_2462_length_5577_cov_7.056320	1	5577	0	0	0	0	0	0
Biragzang__NODE_2463_length_5574_cov_8.663707	1	5574	0	0	0	0	0	0
Biragzang__NODE_2464_length_5573_cov_10.801377	1	5573	0	0	0	0	0	0
Biragzang__NODE_2465_length_5573_cov_7.084270	1	5573	0	0	0	0	0	0
Biragzang__NODE_2466_length_5571_cov_49.135062	1	5571	0	0	0	0	0	0
MV-4122_S12__NODE_2341_length_5569_cov_7.824810	1	5569	0	0	0	0	0	0
cell-4122-0-44_S10__NODE_479_length_5568_cov_18.053873	1	5568	0	0	0	0	0	0
Biragzang__NODE_2467_length_5567_cov_11.586357	1	5567	0	0	0	0	0	0
Biragzang__NODE_2468_length_5566_cov_8.320269	1	5566	0	0	0	0	0	0
cell-4122-0-44_S10__NODE_480_length_5565_cov_22.892196	1	5565	0	0	0	0	0	0
Biragzang__NODE_2469_length_5564_cov_10.779996	1	5564	0	0	0	0	0	0
Biragzang__NODE_2470_length_5563_cov_45.139252	1	5563	0	0	0	0	0	0
Biragzang__NODE_2471_length_5563_cov_6.898330	1	5563	0	0	0	0	0	0
Biragzang__NODE_2472_length_5557_cov_6.269720	1	5557	0	0	0	0	0	0
Biragzang__NODE_2473_length_5556_cov_29.375932	1	5556	0	0	0	0	0	0
Biragzang__NODE_2474_length_5555_cov_22.238000	1	5555	0	0	0	0	0	0
Biragzang__NODE_2475_length_5555_cov_6.194182	1	5555	0	0	0	0	0	0
Biragzang__NODE_2476_length_5553_cov_5.261004	1	5553	0	0	0	0	0	0
cell-4122-0-44_S10__NODE_481_length_5552_cov_87.913953	1	5552	0	0	0	0	0	0
Biragzang__NODE_2477_length_5548_cov_60.216639	1	5548	0	0	0	0	0	0
MV-4122_S12__NODE_2349_length_5548_cov_6.970872	1	5548	0	0	0	0	0	0
cell-4125-0-44_S16__NODE_501_length_5546_cov_4.836278	1	5546	0	0	0	0	0	0
Biragzang__NODE_2478_length_5542_cov_11.223255	1	5542	0	0	0	0	0	0
cell-4122-0-44_S10__NODE_482_length_5542_cov_15.108438	1	5542	0	0	0	0	0	0
cell-4125-0-44_S16__NODE_502_length_5541_cov_5.864200	1	5541	0	0	0	0	0	0
Biragzang__NODE_2479_length_5538_cov_7.938902	1	5538	0	0	0	0	0	0
Biragzang__NODE_2480_length_5538_cov_6.896042	1	5538	0	0	0	0	0	0
cell-4122-0-44_S10__NODE_483_length_5538_cov_22.530731	1	5538	0	0	0	0	0	0
cell-4125-0-44_S16__NODE_503_length_5538_cov_7.972643	1	5538	0	0	0	0	0	0
Biragzang__NODE_2481_length_5536_cov_8.378945	1	5536	0	0	0	0	0	0
Biragzang__NODE_2482_length_5534_cov_46.527651	1	5534	0	0	0	0	0	0
Biragzang__NODE_2483_length_5530_cov_37.497534	1	5530	0	0	0	0	0	0
Biragzang__NODE_2484_length_5529_cov_11.088053	1	5529	0	0	0	0	0	0
Biragzang__NODE_2485_length_5529_cov_8.209536	1	5529	0	0	0	0	0	0
Biragzang__NODE_2486_length_5529_cov_7.251370	1	5529	0	0	0	0	0	0
cell-4122-0-44_S10__NODE_484_length_5528_cov_16.841586	1	5528	0	0	0	0	0	0
cell-4122-0-44_S10__NODE_485_length_5528_cov_13.941166	1	5528	0	0	0	0	0	0
cell-4125-0-22_S17__NODE_10_length_5528_cov_11.198611	1	5528	0	0	0	0	0	0
Biragzang__NODE_2487_length_5527_cov_21.979349	1	5527	0	0	0	0	0	0
Biragzang__NODE_2488_length_5527_cov_12.529240	1	5527	0	0	0	0	0	0
Biragzang__NODE_2489_length_5526_cov_6.030159	1	5526	0	0	0	0	0	0
cell-4122-0-44_S10__NODE_486_length_5525_cov_15.331444	1	5525	0	0	0	0	0	0
cell-4125-0-44_S16__NODE_504_length_5524_cov_6.715122	1	5524	0	0	0	0	0	0
Biragzang__NODE_2490_length_5523_cov_8.655816	1	5523	0	0	0	0	0	0
cell-4125-0-44_S16__NODE_505_length_5523_cov_6.383504	1	5523	0	0	0	0	0	0
Biragzang__NODE_2491_length_5521_cov_12.357300	1	5521	0	0	0	0	0	0
Biragzang__NODE_2492_length_5519_cov_9.800146	1	5519	0	0	0	0	0	0
Biragzang__NODE_2493_length_5518_cov_12.254073	1	5518	0	0	0	0	0	0
Biragzang__NODE_2494_length_5517_cov_12.448920	1	5517	0	0	0	0	0	0
Biragzang__NODE_2495_length_5515_cov_5.827289	1	5515	0	0	0	0	0	0
Biragzang__NODE_2496_length_5514_cov_8.882946	1	5514	0	0	0	0	0	0
Biragzang__NODE_2497_length_5513_cov_31.191279	1	5513	0	0	0	0	0	0
Biragzang__NODE_2498_length_5513_cov_14.976915	1	5513	0	0	0	0	0	0
Biragzang__NODE_2499_length_5513_cov_8.780506	1	5513	0	0	0	0	0	0
cell-4125-0-22_S17__NODE_11_length_5513_cov_18.680469	1	5513	0	0	0	0	0	0
Biragzang__NODE_2500_length_5511_cov_56.252749	1	5511	0	0	0	0	0	0
Biragzang__NODE_2501_length_5511_cov_5.344391	1	5511	0	0	0	0	0	0
cell-4122-0-44_S10__NODE_487_length_5511_cov_61.318548	1	5511	0	0	0	0	0	0
cell-4122-0-44_S10__NODE_488_length_5509_cov_14.390356	1	5509	0	0	0	0	0	0
Biragzang__NODE_2502_length_5505_cov_4.516881	1	5505	0	0	0	0	0	0
MV-4122_S12__NODE_2358_length_5505_cov_11.015046	1	5505	0	0	0	0	0	0
Biragzang__NODE_2503_length_5504_cov_80.458066	1	5504	0	0	0	0	0	0
cell-4122-0-44_S10__NODE_489_length_5504_cov_20.577537	1	5504	0	0	0	0	0	0
Biragzang__NODE_2504_length_5503_cov_16.364354	1	5503	0	0	0	0	0	0
Biragzang__NODE_2505_length_5502_cov_3.843584	1	5502	0	0	0	0	0	0
Biragzang__NODE_2506_length_5500_cov_17.704132	1	5500	0	0	0	0	0	0
Biragzang__NODE_2507_length_5500_cov_8.730028	1	5500	0	0	0	0	0	0
MV-4122_S12__NODE_2362_length_5499_cov_7.289309	1	5499	0	0	0	0	0	0
Biragzang__NODE_2508_length_5497_cov_7.281882	1	5497	0	0	0	0	0	0
cell-4125-0-44_S16__NODE_508_length_5497_cov_6.080853	1	5497	0	0	0	0	0	0
Biragzang__NODE_2509_length_5496_cov_9.771182	1	5496	0	0	0	0	0	0
Biragzang__NODE_2510_length_5495_cov_46.225919	1	5495	0	0	0	0	0	0
cell-4125-0-44_S16__NODE_509_length_5494_cov_7.201140	1	5494	0	0	0	0	0	0
cell-4125-0-44_S16__NODE_510_length_5493_cov_8.351968	1	5493	0	0	0	0	0	0
cell-4125-0-44_S16__NODE_511_length_5492_cov_5.852676	1	5492	0	0	0	0	0	0
Biragzang__NODE_2511_length_5491_cov_9.230500	1	5491	0	0	0	0	0	0
cell-4122-0-44_S10__NODE_490_length_5489_cov_254.518403	1	5489	0	0	0	0	0	0
MV-4128_S29__NODE_1177_length_5488_cov_4.630223	1	5488	0	0	0	0	0	0
cell-4125-0-44_S16__NODE_512_length_5488_cov_9.092766	1	5488	0	0	0	0	0	0
Biragzang__NODE_2512_length_5487_cov_13.158689	1	5487	0	0	0	0	0	0
Biragzang__NODE_2513_length_5485_cov_11.691897	1	5485	0	0	0	0	0	0
cell-4122-0-44_S10__NODE_491_length_5481_cov_9.872466	1	5481	0	0	0	0	0	0
Biragzang__NODE_2514_length_5479_cov_12.013643	1	5479	0	0	0	0	0	0
Biragzang__NODE_2515_length_5479_cov_6.241150	1	5479	0	0	0	0	0	0
cell-4125-0-44_S16__NODE_514_length_5479_cov_5.240229	1	5479	0	0	0	0	0	0
Biragzang__NODE_2516_length_5477_cov_10.741608	1	5477	0	0	0	0	0	0
Biragzang__NODE_2517_length_5477_cov_4.447252	1	5477	0	0	0	0	0	0
cell-4125-0-44_S16__NODE_515_length_5477_cov_5.270749	1	5477	0	0	0	0	0	0
Biragzang__NODE_2518_length_5475_cov_16.865314	1	5475	0	0	0	0	0	0
Biragzang__NODE_2519_length_5475_cov_11.999446	1	5475	0	0	0	0	0	0
cell-4125-0-44_S16__NODE_516_length_5475_cov_9.425461	1	5475	0	0	0	0	0	0
cell-4122-0-44_S10__NODE_492_length_5474_cov_10.888909	1	5474	0	0	0	0	0	0
cell-4125-0-44_S16__NODE_518_length_5472_cov_7.017168	1	5472	0	0	0	0	0	0
Biragzang__NODE_2520_length_5471_cov_15.390694	1	5471	0	0	0	0	0	0
Biragzang__NODE_2521_length_5469_cov_45.659956	1	5469	0	0	0	0	0	0
Biragzang__NODE_2522_length_5468_cov_55.612045	1	5468	0	0	0	0	0	0
Biragzang__NODE_2523_length_5467_cov_32.392461	1	5467	0	0	0	0	0	0
cell-4122-0-44_S10__NODE_493_length_5467_cov_17.747413	1	5467	0	0	0	0	0	0
cell-4122-0-44_S10__NODE_494_length_5466_cov_23.674552	1	5466	0	0	0	0	0	0
Biragzang__NODE_2524_length_5465_cov_46.982070	1	5465	0	0	0	0	0	0
Biragzang__NODE_2525_length_5465_cov_28.810351	1	5465	0	0	0	0	0	0
Biragzang__NODE_2526_length_5464_cov_6.330930	1	5464	0	0	0	0	0	0
cell-4125-0-44_S16__NODE_520_length_5464_cov_6.779072	1	5464	0	0	0	0	0	0
cell-4125-0-44_S16__NODE_521_length_5463_cov_8.955436	1	5463	0	0	0	0	0	0
cell-4122-0-44_S10__NODE_495_length_5462_cov_20.275754	1	5462	0	0	0	0	0	0
cell-4122-0-44_S10__NODE_496_length_5461_cov_24.626711	1	5461	0	0	0	0	0	0
cell-4122-0-44_S10__NODE_497_length_5461_cov_12.360155	1	5461	0	0	0	0	0	0
cell-4125-0-44_S16__NODE_522_length_5461_cov_6.487051	1	5461	0	0	0	0	0	0
Biragzang__NODE_2527_length_5460_cov_10.856429	1	5460	0	0	0	0	0	0
cell-4122-0-44_S10__NODE_498_length_5460_cov_10.748566	1	5460	0	0	0	0	0	0
cell-4125-0-44_S16__NODE_523_length_5460_cov_6.649399	1	5460	0	0	0	0	0	0
Biragzang__NODE_2528_length_5457_cov_12.092373	1	5457	0	0	0	0	0	0
cell-4125-0-44_S16__NODE_524_length_5456_cov_5.410294	1	5456	0	0	0	0	0	0
Biragzang__NODE_2529_length_5455_cov_5.960185	1	5455	0	0	0	0	0	0
cell-4125-0-44_S16__NODE_525_length_5455_cov_6.566481	1	5455	0	0	0	0	0	0
cell-4125-0-44_S16__NODE_526_length_5455_cov_4.810556	1	5455	0	0	0	0	0	0
Biragzang__NODE_2530_length_5453_cov_48.249907	1	5453	0	0	0	0	0	0
Biragzang__NODE_2531_length_5452_cov_21.108394	1	5452	0	0	0	0	0	0
Biragzang__NODE_2532_length_5450_cov_5.636886	1	5450	0	0	0	0	0	0
cell-4125-0-44_S16__NODE_527_length_5450_cov_8.045042	1	5450	0	0	0	0	0	0
Biragzang__NODE_2533_length_5448_cov_12.321157	1	5448	0	0	0	0	0	0
Biragzang__NODE_2534_length_5448_cov_6.437604	1	5448	0	0	0	0	0	0
cell-4122-0-44_S10__NODE_499_length_5448_cov_16.716299	1	5448	0	0	0	0	0	0
Biragzang__NODE_2535_length_5447_cov_16.163390	1	5447	0	0	0	0	0	0
Biragzang__NODE_2536_length_5447_cov_11.375556	1	5447	0	0	0	0	0	0
Biragzang__NODE_2537_length_5447_cov_9.436016	1	5447	0	0	0	0	0	0
Biragzang__NODE_2538_length_5446_cov_37.127991	1	5446	0	0	0	0	0	0
cell-4122-0-44_S10__NODE_500_length_5446_cov_12.217028	1	5446	0	0	0	0	0	0
cell-4125-0-44_S16__NODE_528_length_5446_cov_7.112410	1	5446	0	0	0	0	0	0
cell-4125-0-44_S16__NODE_529_length_5445_cov_6.813173	1	5445	0	0	0	0	0	0
cell-4122-0-44_S10__NODE_501_length_5444_cov_40.899610	1	5444	0	0	0	0	0	0
Biragzang__NODE_2539_length_5443_cov_8.962324	1	5443	0	0	0	0	0	0
cell-4122-0-44_S10__NODE_502_length_5443_cov_13.439310	1	5443	0	0	0	0	0	0
Biragzang__NODE_2540_length_5442_cov_43.986634	1	5442	0	0	0	0	0	0
MV-4122_S12__NODE_2381_length_5442_cov_42.051049	1	5442	0	0	0	0	0	0
Biragzang__NODE_2541_length_5440_cov_11.798143	1	5440	0	0	0	0	0	0
Biragzang__NODE_2542_length_5440_cov_10.783101	1	5440	0	0	0	0	0	0
Biragzang__NODE_2543_length_5439_cov_129.738670	1	5439	0	0	0	0	0	0
Biragzang__NODE_2544_length_5439_cov_21.056649	1	5439	0	0	0	0	0	0
Biragzang__NODE_2545_length_5438_cov_11.968976	1	5438	0	0	0	0	0	0
cell-4125-0-44_S16__NODE_530_length_5437_cov_19.884430	1	5437	0	0	0	0	0	0
Biragzang__NODE_2546_length_5436_cov_13.610481	1	5436	0	0	0	0	0	0
Biragzang__NODE_2547_length_5435_cov_5.328439	1	5435	0	0	0	0	0	0
MV-4122_S12__NODE_2386_length_5435_cov_9.119703	1	5435	0	0	0	0	0	0
cell-4125-0-44_S16__NODE_531_length_5434_cov_6.436141	1	5434	0	0	0	0	0	0
Biragzang__NODE_2548_length_5433_cov_15.093343	1	5433	0	0	0	0	0	0
cell-4122-0-44_S10__NODE_503_length_5433_cov_8.042395	1	5433	0	0	0	0	0	0
Biragzang__NODE_2549_length_5432_cov_53.883206	1	5432	0	0	0	0	0	0
Biragzang__NODE_2550_length_5432_cov_10.468291	1	5432	0	0	0	0	0	0
Biragzang__NODE_2551_length_5429_cov_15.729810	1	5429	0	0	0	0	0	0
Biragzang__NODE_2552_length_5428_cov_9.147590	1	5428	0	0	0	0	0	0
cell-4125-0-44_S16__NODE_532_length_5428_cov_7.647683	1	5428	0	0	0	0	0	0
cell-4125-0-44_S16__NODE_533_length_5427_cov_7.057520	1	5427	0	0	0	0	0	0
Biragzang__NODE_2553_length_5426_cov_10.748092	1	5426	0	0	0	0	0	0
Biragzang__NODE_2554_length_5424_cov_50.465264	1	5424	0	0	0	0	0	0
Biragzang__NODE_2555_length_5424_cov_3.492270	1	5424	0	0	0	0	0	0
MV-4122_S12__NODE_2388_length_5424_cov_43.660086	1	5424	0	0	0	0	0	0
Biragzang__NODE_2556_length_5423_cov_10.891021	1	5423	0	0	0	0	0	0
Biragzang__NODE_2557_length_5423_cov_8.435171	1	5423	0	0	0	0	0	0
cell-4125-0-44_S16__NODE_534_length_5420_cov_8.453495	1	5420	0	0	0	0	0	0
Biragzang__NODE_2558_length_5419_cov_7.186614	1	5419	0	0	0	0	0	0
cell-4125-0-44_S16__NODE_535_length_5419_cov_8.070097	1	5419	0	0	0	0	0	0
Biragzang__NODE_2559_length_5417_cov_5.008019	1	5417	0	0	0	0	0	0
cell-4125-0-44_S16__NODE_536_length_5417_cov_9.354718	1	5417	0	0	0	0	0	0
Biragzang__NODE_2560_length_5416_cov_64.316918	1	5416	0	0	0	0	0	0
Biragzang__NODE_2561_length_5416_cov_33.136728	1	5416	0	0	0	0	0	0
cell-4122-0-44_S10__NODE_504_length_5415_cov_12.626306	1	5415	0	0	0	0	0	0
Biragzang__NODE_2562_length_5412_cov_14.339556	1	5412	0	0	0	0	0	0
Biragzang__NODE_2563_length_5410_cov_14.368814	1	5410	0	0	0	0	0	0
Biragzang__NODE_2564_length_5409_cov_58.420994	1	5409	0	0	0	0	0	0
Biragzang__NODE_2565_length_5409_cov_12.580314	1	5409	0	0	0	0	0	0
MV-4122_S12__NODE_2393_length_5409_cov_8.264662	1	5409	0	0	0	0	0	0
cell-4122-0-44_S10__NODE_505_length_5408_cov_60.098076	1	5408	0	0	0	0	0	0
cell-4125-0-44_S16__NODE_540_length_5408_cov_13.540631	1	5408	0	0	0	0	0	0
Biragzang__NODE_2566_length_5407_cov_45.875374	1	5407	0	0	0	0	0	0
Biragzang__NODE_2567_length_5407_cov_8.700859	1	5407	0	0	0	0	0	0
Biragzang__NODE_2568_length_5406_cov_23.727714	1	5406	0	0	0	0	0	0
Biragzang__NODE_2569_length_5406_cov_5.268174	1	5406	0	0	0	0	0	0
Biragzang__NODE_2570_length_5405_cov_6.684112	1	5405	0	0	0	0	0	0
Biragzang__NODE_2571_length_5403_cov_11.196148	1	5403	0	0	0	0	0	0
Biragzang__NODE_2572_length_5402_cov_22.949317	1	5402	0	0	0	0	0	0
Biragzang__NODE_2573_length_5402_cov_12.314943	1	5402	0	0	0	0	0	0
Biragzang__NODE_2574_length_5402_cov_6.699645	1	5402	0	0	0	0	0	0
Biragzang__NODE_2575_length_5402_cov_5.780251	1	5402	0	0	0	0	0	0
cell-4125-0-44_S16__NODE_541_length_5402_cov_11.924631	1	5402	0	0	0	0	0	0
cell-4125-0-44_S16__NODE_542_length_5402_cov_7.079671	1	5402	0	0	0	0	0	0
Biragzang__NODE_2576_length_5401_cov_15.199027	1	5401	0	0	0	0	0	0
Biragzang__NODE_2577_length_5401_cov_6.974186	1	5401	0	0	0	0	0	0
Biragzang__NODE_2578_length_5399_cov_14.679079	1	5399	0	0	0	0	0	0
MV-4122_S12__NODE_2400_length_5398_cov_4.814337	1	5398	0	0	0	0	0	0
Biragzang__NODE_2579_length_5397_cov_17.607638	1	5397	0	0	0	0	0	0
Biragzang__NODE_2580_length_5397_cov_7.624860	1	5397	0	0	0	0	0	0
cell-4122-0-44_S10__NODE_506_length_5397_cov_13.296331	1	5397	0	0	0	0	0	0
MV-4128_S29__NODE_1199_length_5394_cov_5.271961	1	5394	0	0	0	0	0	0
Biragzang__NODE_2581_length_5393_cov_38.512926	1	5393	0	0	0	0	0	0
Biragzang__NODE_2582_length_5393_cov_5.316598	1	5393	0	0	0	0	0	0
cell-4125-0-44_S16__NODE_543_length_5392_cov_4.992693	1	5392	0	0	0	0	0	0
Biragzang__NODE_2583_length_5391_cov_7.960270	1	5391	0	0	0	0	0	0
Biragzang__NODE_2584_length_5391_cov_7.406297	1	5391	0	0	0	0	0	0
Biragzang__NODE_2585_length_5389_cov_10.251219	1	5389	0	0	0	0	0	0
Biragzang__NODE_2586_length_5389_cov_6.968316	1	5389	0	0	0	0	0	0
Biragzang__NODE_2587_length_5389_cov_4.620172	1	5389	0	0	0	0	0	0
MV-4122_S12__NODE_2406_length_5389_cov_7.044432	1	5389	0	0	0	0	0	0
cell-4122-0-44_S10__NODE_507_length_5388_cov_9.724358	1	5388	0	0	0	0	0	0
Biragzang__NODE_2588_length_5387_cov_38.417479	1	5387	0	0	0	0	0	0
Biragzang__NODE_2589_length_5387_cov_5.211553	1	5387	0	0	0	0	0	0
Biragzang__NODE_2590_length_5386_cov_27.439130	1	5386	0	0	0	0	0	0
Biragzang__NODE_2591_length_5386_cov_5.356781	1	5386	0	0	0	0	0	0
Biragzang__NODE_2592_length_5383_cov_3.942380	1	5383	0	0	0	0	0	0
cell-4125-0-22_S17__NODE_12_length_5383_cov_10.818318	1	5383	0	0	0	0	0	0
MV-4128_S29__NODE_1203_length_5381_cov_9.021592	1	5381	0	0	0	0	0	0
cell-4122-0-44_S10__NODE_508_length_5380_cov_23.820469	1	5380	0	0	0	0	0	0
cell-4125-0-44_S16__NODE_545_length_5380_cov_4.761690	1	5380	0	0	0	0	0	0
cell-4122-0-44_S10__NODE_509_length_5377_cov_12.819053	1	5377	0	0	0	0	0	0
cell-4125-0-44_S16__NODE_546_length_5377_cov_8.274521	1	5377	0	0	0	0	0	0
Biragzang__NODE_2593_length_5375_cov_14.336842	1	5375	0	0	0	0	0	0
MV-4122_S12__NODE_2411_length_5375_cov_7.195489	1	5375	0	0	0	0	0	0
MV-4122_S12__NODE_2412_length_5375_cov_7.132519	1	5375	0	0	0	0	0	0
cell-4122-0-44_S10__NODE_510_length_5374_cov_49.406655	1	5374	0	0	0	0	0	0
cell-4125-0-44_S16__NODE_547_length_5374_cov_4.211694	1	5374	0	0	0	0	0	0
Biragzang__NODE_2594_length_5370_cov_6.416745	1	5370	0	0	0	0	0	0
Biragzang__NODE_2595_length_5369_cov_6.259315	1	5369	0	0	0	0	0	0
cell-4125-0-44_S16__NODE_549_length_5368_cov_6.571805	1	5368	0	0	0	0	0	0
cell-4125-0-44_S16__NODE_550_length_5368_cov_5.974967	1	5368	0	0	0	0	0	0
Biragzang__NODE_2596_length_5367_cov_12.576431	1	5367	0	0	0	0	0	0
Biragzang__NODE_2597_length_5367_cov_9.258471	1	5367	0	0	0	0	0	0
Biragzang__NODE_2598_length_5366_cov_8.406703	1	5366	0	0	0	0	0	0
cell-4125-0-44_S16__NODE_551_length_5366_cov_5.214272	1	5366	0	0	0	0	0	0
Biragzang__NODE_2599_length_5365_cov_16.863653	1	5365	0	0	0	0	0	0
Biragzang__NODE_2600_length_5364_cov_8.191750	1	5364	0	0	0	0	0	0
MV-4122_S12__NODE_2417_length_5360_cov_8.546277	1	5360	0	0	0	0	0	0
cell-4125-0-44_S16__NODE_552_length_5360_cov_6.888030	1	5360	0	0	0	0	0	0
Biragzang__NODE_2601_length_5357_cov_7.910977	1	5357	0	0	0	0	0	0
Biragzang__NODE_2602_length_5356_cov_54.565365	1	5356	0	0	0	0	0	0
Biragzang__NODE_2603_length_5352_cov_51.761941	1	5352	0	0	0	0	0	0
Biragzang__NODE_2604_length_5350_cov_13.083097	1	5350	0	0	0	0	0	0
Biragzang__NODE_2605_length_5350_cov_11.061568	1	5350	0	0	0	0	0	0
MV-4122_S12__NODE_2421_length_5350_cov_6.052314	1	5350	0	0	0	0	0	0
MV-4122_S12__NODE_2423_length_5349_cov_8.627314	1	5349	0	0	0	0	0	0
cell-4122-0-44_S10__NODE_511_length_5347_cov_17.858088	1	5347	0	0	0	0	0	0
Biragzang__NODE_2606_length_5346_cov_32.110187	1	5346	0	0	0	0	0	0
cell-4125-0-44_S16__NODE_553_length_5346_cov_6.987148	1	5346	0	0	0	0	0	0
Biragzang__NODE_2607_length_5344_cov_5.804689	1	5344	0	0	0	0	0	0
MV-4122_S12__NODE_2424_length_5344_cov_7.961618	1	5344	0	0	0	0	0	0
Biragzang__NODE_2608_length_5342_cov_6.598260	1	5342	0	0	0	0	0	0
Biragzang__NODE_2609_length_5342_cov_6.036694	1	5342	0	0	0	0	0	0
cell-4125-0-44_S16__NODE_554_length_5342_cov_5.763004	1	5342	0	0	0	0	0	0
Biragzang__NODE_2610_length_5340_cov_38.453359	1	5340	0	0	0	0	0	0
Biragzang__NODE_2611_length_5340_cov_10.355345	1	5340	0	0	0	0	0	0
MV-4122_S12__NODE_2427_length_5340_cov_30.190161	1	5340	0	0	0	0	0	0
cell-4125-0-44_S16__NODE_555_length_5340_cov_8.844465	1	5340	0	0	0	0	0	0
Biragzang__NODE_2612_length_5339_cov_57.642127	1	5339	0	0	0	0	0	0
Biragzang__NODE_2613_length_5339_cov_22.375284	1	5339	0	0	0	0	0	0
Biragzang__NODE_2614_length_5339_cov_14.672218	1	5339	0	0	0	0	0	0
Biragzang__NODE_2615_length_5338_cov_39.952678	1	5338	0	0	0	0	0	0
Biragzang__NODE_2616_length_5338_cov_6.124172	1	5338	0	0	0	0	0	0
cell-4122-0-44_S10__NODE_512_length_5338_cov_8.074011	1	5338	0	0	0	0	0	0
cell-4125-0-44_S16__NODE_556_length_5338_cov_5.131175	1	5338	0	0	0	0	0	0
Biragzang__NODE_2617_length_5337_cov_33.023097	1	5337	0	0	0	0	0	0
Biragzang__NODE_2618_length_5337_cov_12.190647	1	5337	0	0	0	0	0	0
Biragzang__NODE_2619_length_5337_cov_11.909504	1	5337	0	0	0	0	0	0
MV-4122_S12__NODE_2430_length_5335_cov_7.498485	1	5335	0	0	0	0	0	0
Biragzang__NODE_2620_length_5334_cov_5.965524	1	5334	0	0	0	0	0	0
Biragzang__NODE_2621_length_5333_cov_21.245169	1	5333	0	0	0	0	0	0
MV-4122_S12__NODE_2433_length_5333_cov_8.958696	1	5333	0	0	0	0	0	0
cell-4125-0-44_S16__NODE_557_length_5333_cov_7.069913	1	5333	0	0	0	0	0	0
Biragzang__NODE_2622_length_5332_cov_9.029941	1	5332	0	0	0	0	0	0
Biragzang__NODE_2623_length_5332_cov_6.999052	1	5332	0	0	0	0	0	0
Biragzang__NODE_2624_length_5330_cov_34.671090	1	5330	0	0	0	0	0	0
Biragzang__NODE_2625_length_5330_cov_13.294976	1	5330	0	0	0	0	0	0
Biragzang__NODE_2626_length_5330_cov_6.201327	1	5330	0	0	0	0	0	0
Biragzang__NODE_2627_length_5329_cov_36.113007	1	5329	0	0	0	0	0	0
Biragzang__NODE_2628_length_5329_cov_11.305650	1	5329	0	0	0	0	0	0
Biragzang__NODE_2629_length_5329_cov_11.127228	1	5329	0	0	0	0	0	0
Biragzang__NODE_2630_length_5329_cov_10.919606	1	5329	0	0	0	0	0	0
MV-4122_S12__NODE_2436_length_5329_cov_21.268297	1	5329	0	0	0	0	0	0
Biragzang__NODE_2631_length_5328_cov_4.036602	1	5328	0	0	0	0	0	0
Biragzang__NODE_2632_length_5327_cov_5.040781	1	5327	0	0	0	0	0	0
Biragzang__NODE_2633_length_5325_cov_11.314991	1	5325	0	0	0	0	0	0
Biragzang__NODE_2634_length_5325_cov_7.449336	1	5325	0	0	0	0	0	0
MV-4122_S12__NODE_2438_length_5325_cov_4.525237	1	5325	0	0	0	0	0	0
cell-4125-0-44_S16__NODE_559_length_5325_cov_5.505882	1	5325	0	0	0	0	0	0
Biragzang__NODE_2635_length_5324_cov_4.352249	1	5324	0	0	0	0	0	0
Biragzang__NODE_2636_length_5323_cov_7.435649	1	5323	0	0	0	0	0	0
MV-4128_S29__NODE_1215_length_5323_cov_3.524867	1	5323	0	0	0	0	0	0
cell-4125-0-44_S16__NODE_561_length_5323_cov_5.108580	1	5323	0	0	0	0	0	0
Biragzang__NODE_2637_length_5322_cov_15.641921	1	5322	0	0	0	0	0	0
Biragzang__NODE_2638_length_5322_cov_7.515474	1	5322	0	0	0	0	0	0
Biragzang__NODE_2639_length_5320_cov_5.524786	1	5320	0	0	0	0	0	0
MV-4122_S12__NODE_2439_length_5319_cov_9.215426	1	5319	0	0	0	0	0	0
cell-4125-0-44_S16__NODE_562_length_5319_cov_10.484233	1	5319	0	0	0	0	0	0
Biragzang__NODE_2640_length_5318_cov_39.116854	1	5318	0	0	0	0	0	0
Biragzang__NODE_2641_length_5317_cov_14.312239	1	5317	0	0	0	0	0	0
cell-4125-0-44_S16__NODE_564_length_5317_cov_5.980236	1	5317	0	0	0	0	0	0
cell-4125-0-44_S16__NODE_565_length_5317_cov_5.271950	1	5317	0	0	0	0	0	0
Biragzang__NODE_2642_length_5316_cov_8.294431	1	5316	0	0	0	0	0	0
cell-4122-0-44_S10__NODE_513_length_5315_cov_44.643726	1	5315	0	0	0	0	0	0
cell-4125-0-44_S16__NODE_566_length_5314_cov_5.949990	1	5314	0	0	0	0	0	0
Biragzang__NODE_2643_length_5313_cov_44.164701	1	5313	0	0	0	0	0	0
Biragzang__NODE_2644_length_5313_cov_15.260555	1	5313	0	0	0	0	0	0
Biragzang__NODE_2645_length_5313_cov_4.685051	1	5313	0	0	0	0	0	0
cell-4122-0-44_S10__NODE_514_length_5312_cov_27.252996	1	5312	0	0	0	0	0	0
Biragzang__NODE_2646_length_5311_cov_50.812215	1	5311	0	0	0	0	0	0
Biragzang__NODE_2647_length_5310_cov_12.289629	1	5310	0	0	0	0	0	0
Biragzang__NODE_2648_length_5309_cov_9.394937	1	5309	0	0	0	0	0	0
Biragzang__NODE_2649_length_5309_cov_5.873049	1	5309	0	0	0	0	0	0
Biragzang__NODE_2650_length_5309_cov_5.703083	1	5309	0	0	0	0	0	0
cell-4122-0-44_S10__NODE_515_length_5309_cov_29.940997	1	5309	0	0	0	0	0	0
cell-4125-0-44_S16__NODE_568_length_5309_cov_6.066235	1	5309	0	0	0	0	0	0
Biragzang__NODE_2651_length_5307_cov_8.307883	1	5307	0	0	0	0	0	0
Biragzang__NODE_2652_length_5307_cov_6.103199	1	5307	0	0	0	0	0	0
cell-4122-0-44_S10__NODE_516_length_5307_cov_13.113671	1	5307	0	0	0	0	0	0
Biragzang__NODE_2653_length_5306_cov_6.488669	1	5306	0	0	0	0	0	0
Biragzang__NODE_2654_length_5305_cov_5.951810	1	5305	0	0	0	0	0	0
cell-4122-0-44_S10__NODE_517_length_5305_cov_29.414476	1	5305	0	0	0	0	0	0
Biragzang__NODE_2655_length_5304_cov_7.147647	1	5304	0	0	0	0	0	0
Biragzang__NODE_2656_length_5304_cov_6.183654	1	5304	0	0	0	0	0	0
cell-4125-0-44_S16__NODE_569_length_5304_cov_10.958278	1	5304	0	0	0	0	0	0
cell-4125-0-44_S16__NODE_570_length_5303_cov_7.654535	1	5303	0	0	0	0	0	0
Biragzang__NODE_2657_length_5302_cov_5.984563	1	5302	0	0	0	0	0	0
cell-4125-0-44_S16__NODE_571_length_5302_cov_5.655613	1	5302	0	0	0	0	0	0
cell-4125-0-44_S16__NODE_572_length_5301_cov_7.406786	1	5301	0	0	0	0	0	0
Biragzang__NODE_2658_length_5300_cov_7.604004	1	5300	0	0	0	0	0	0
cell-4125-0-44_S16__NODE_573_length_5300_cov_6.588561	1	5300	0	0	0	0	0	0
Biragzang__NODE_2659_length_5299_cov_6.032990	1	5299	0	0	0	0	0	0
cell-4125-0-44_S16__NODE_574_length_5298_cov_8.453557	1	5298	0	0	0	0	0	0
Biragzang__NODE_2660_length_5295_cov_12.669656	1	5295	0	0	0	0	0	0
Biragzang__NODE_2661_length_5295_cov_4.166603	1	5295	0	0	0	0	0	0
Biragzang__NODE_2662_length_5294_cov_4.344341	1	5294	0	0	0	0	0	0
cell-4125-0-44_S16__NODE_575_length_5294_cov_11.275816	1	5294	0	0	0	0	0	0
Biragzang__NODE_2663_length_5293_cov_11.399198	1	5293	0	0	0	0	0	0
Biragzang__NODE_2664_length_5293_cov_7.597556	1	5293	0	0	0	0	0	0
Biragzang__NODE_2665_length_5292_cov_8.084590	1	5292	0	0	0	0	0	0
cell-4125-0-44_S16__NODE_576_length_5292_cov_7.115142	1	5292	0	0	0	0	0	0
Biragzang__NODE_2666_length_5291_cov_6.267571	1	5291	0	0	0	0	0	0
Biragzang__NODE_2667_length_5291_cov_3.995034	1	5291	0	0	0	0	0	0
cell-4122-0-44_S10__NODE_518_length_5291_cov_30.714286	1	5291	0	0	0	0	0	0
cell-4122-0-44_S10__NODE_519_length_5289_cov_67.124570	1	5289	0	0	0	0	0	0
Biragzang__NODE_2668_length_5288_cov_50.855150	1	5288	0	0	0	0	0	0
Biragzang__NODE_2669_length_5286_cov_5.576563	1	5286	0	0	0	0	0	0
cell-4125-0-44_S16__NODE_577_length_5286_cov_10.076658	1	5286	0	0	0	0	0	0
Biragzang__NODE_2670_length_5283_cov_46.631217	1	5283	0	0	0	0	0	0
cell-4125-0-44_S16__NODE_578_length_5283_cov_6.011668	1	5283	0	0	0	0	0	0
Biragzang__NODE_2671_length_5281_cov_9.429200	1	5281	0	0	0	0	0	0
Biragzang__NODE_2672_length_5280_cov_14.695885	1	5280	0	0	0	0	0	0
Biragzang__NODE_2673_length_5280_cov_11.405933	1	5280	0	0	0	0	0	0
Biragzang__NODE_2674_length_5280_cov_8.615885	1	5280	0	0	0	0	0	0
Biragzang__NODE_2675_length_5278_cov_5.065288	1	5278	0	0	0	0	0	0
Biragzang__NODE_2676_length_5277_cov_40.563386	1	5277	0	0	0	0	0	0
MV-4128_S29__NODE_1225_length_5277_cov_8.018767	1	5277	0	0	0	0	0	0
MV-4128_S29__NODE_1226_length_5275_cov_4.972797	1	5275	0	0	0	0	0	0
Biragzang__NODE_2677_length_5274_cov_8.300057	1	5274	0	0	0	0	0	0
Biragzang__NODE_2678_length_5273_cov_23.692794	1	5273	0	0	0	0	0	0
Biragzang__NODE_2679_length_5273_cov_7.228248	1	5273	0	0	0	0	0	0
cell-4125-0-44_S16__NODE_579_length_5273_cov_7.700268	1	5273	0	0	0	0	0	0
Biragzang__NODE_2680_length_5272_cov_40.070730	1	5272	0	0	0	0	0	0
Biragzang__NODE_2681_length_5270_cov_7.884947	1	5270	0	0	0	0	0	0
cell-4122-0-44_S10__NODE_520_length_5270_cov_17.358006	1	5270	0	0	0	0	0	0
Biragzang__NODE_2682_length_5269_cov_19.478519	1	5269	0	0	0	0	0	0
cell-4125-0-44_S16__NODE_581_length_5269_cov_7.937284	1	5269	0	0	0	0	0	0
Biragzang__NODE_2683_length_5268_cov_5.910224	1	5268	0	0	0	0	0	0
Biragzang__NODE_2684_length_5268_cov_4.308076	1	5268	0	0	0	0	0	0
cell-4122-0-44_S10__NODE_521_length_5267_cov_12.856869	1	5267	0	0	0	0	0	0
Biragzang__NODE_2685_length_5266_cov_45.240261	1	5266	0	0	0	0	0	0
Biragzang__NODE_2686_length_5266_cov_10.364230	1	5266	0	0	0	0	0	0
Biragzang__NODE_2687_length_5265_cov_11.746641	1	5265	0	0	0	0	0	0
Biragzang__NODE_2688_length_5263_cov_6.534370	1	5263	0	0	0	0	0	0
cell-4125-0-44_S16__NODE_582_length_5262_cov_8.980795	1	5262	0	0	0	0	0	0
Biragzang__NODE_2689_length_5261_cov_13.394929	1	5261	0	0	0	0	0	0
Biragzang__NODE_2690_length_5260_cov_9.758694	1	5260	0	0	0	0	0	0
cell-4125-0-44_S16__NODE_583_length_5260_cov_6.712584	1	5260	0	0	0	0	0	0
Biragzang__NODE_2691_length_5259_cov_13.011145	1	5259	0	0	0	0	0	0
Biragzang__NODE_2692_length_5258_cov_10.281184	1	5258	0	0	0	0	0	0
Biragzang__NODE_2693_length_5256_cov_17.211690	1	5256	0	0	0	0	0	0
Biragzang__NODE_2694_length_5256_cov_11.042300	1	5256	0	0	0	0	0	0
cell-4125-0-22_S17__NODE_13_length_5255_cov_5.680577	1	5255	0	0	0	0	0	0
Biragzang__NODE_2695_length_5254_cov_6.678784	1	5254	0	0	0	0	0	0
Biragzang__NODE_2696_length_5249_cov_8.617251	1	5249	0	0	0	0	0	0
cell-4125-0-44_S16__NODE_586_length_5249_cov_5.356758	1	5249	0	0	0	0	0	0
Biragzang__NODE_2697_length_5248_cov_37.657231	1	5248	0	0	0	0	0	0
Biragzang__NODE_2698_length_5248_cov_10.390141	1	5248	0	0	0	0	0	0
Biragzang__NODE_2699_length_5248_cov_4.975159	1	5248	0	0	0	0	0	0
Biragzang__NODE_2700_length_5247_cov_63.368451	1	5247	0	0	0	0	0	0
cell-4125-0-44_S16__NODE_587_length_5246_cov_7.935851	1	5246	0	0	0	0	0	0
Biragzang__NODE_2701_length_5244_cov_6.663134	1	5244	0	0	0	0	0	0
cell-4125-0-44_S16__NODE_588_length_5244_cov_4.535941	1	5244	0	0	0	0	0	0
cell-4125-0-44_S16__NODE_589_length_5242_cov_6.112204	1	5242	0	0	0	0	0	0
Biragzang__NODE_2702_length_5241_cov_32.300039	1	5241	0	0	0	0	0	0
Biragzang__NODE_2703_length_5240_cov_47.298168	1	5240	0	0	0	0	0	0
Biragzang__NODE_2704_length_5239_cov_19.298611	1	5239	0	0	0	0	0	0
MV-4128_S29__NODE_1234_length_5239_cov_5.394290	1	5239	0	0	0	0	0	0
cell-4125-0-44_S16__NODE_590_length_5239_cov_5.707755	1	5239	0	0	0	0	0	0
Biragzang__NODE_2705_length_5237_cov_40.158626	1	5237	0	0	0	0	0	0
Biragzang__NODE_2706_length_5237_cov_7.530297	1	5237	0	0	0	0	0	0
Biragzang__NODE_2707_length_5237_cov_6.289078	1	5237	0	0	0	0	0	0
Biragzang__NODE_2708_length_5236_cov_10.018529	1	5236	0	0	0	0	0	0
cell-4122-0-44_S10__NODE_522_length_5235_cov_19.894981	1	5235	0	0	0	0	0	0
cell-4122-0-44_S10__NODE_523_length_5235_cov_17.398069	1	5235	0	0	0	0	0	0
Biragzang__NODE_2709_length_5233_cov_48.877173	1	5233	0	0	0	0	0	0
Biragzang__NODE_2710_length_5231_cov_11.062983	1	5231	0	0	0	0	0	0
Biragzang__NODE_2711_length_5231_cov_7.707110	1	5231	0	0	0	0	0	0
Biragzang__NODE_2712_length_5231_cov_7.403787	1	5231	0	0	0	0	0	0
Biragzang__NODE_2713_length_5230_cov_15.359420	1	5230	0	0	0	0	0	0
Biragzang__NODE_2714_length_5229_cov_6.184383	1	5229	0	0	0	0	0	0
cell-4122-0-44_S10__NODE_524_length_5229_cov_12.774256	1	5229	0	0	0	0	0	0
Biragzang__NODE_2715_length_5228_cov_46.793157	1	5228	0	0	0	0	0	0
Biragzang__NODE_2716_length_5228_cov_7.830659	1	5228	0	0	0	0	0	0
Biragzang__NODE_2717_length_5228_cov_5.583994	1	5228	0	0	0	0	0	0
Biragzang__NODE_2718_length_5228_cov_3.551324	1	5228	0	0	0	0	0	0
Biragzang__NODE_2719_length_5227_cov_16.089520	1	5227	0	0	0	0	0	0
cell-4122-0-44_S10__NODE_525_length_5225_cov_16.128820	1	5225	0	0	0	0	0	0
Biragzang__NODE_2720_length_5223_cov_6.635255	1	5223	0	0	0	0	0	0
Biragzang__NODE_2721_length_5222_cov_4.125992	1	5222	0	0	0	0	0	0
MV-4122_S12__NODE_2481_length_5222_cov_8.099284	1	5222	0	0	0	0	0	0
Biragzang__NODE_2722_length_5220_cov_17.536108	1	5220	0	0	0	0	0	0
Biragzang__NODE_2723_length_5220_cov_13.666602	1	5220	0	0	0	0	0	0
Biragzang__NODE_2724_length_5220_cov_4.508035	1	5220	0	0	0	0	0	0
Biragzang__NODE_2725_length_5219_cov_48.894655	1	5219	0	0	0	0	0	0
Biragzang__NODE_2726_length_5219_cov_25.473277	1	5219	0	0	0	0	0	0
Biragzang__NODE_2727_length_5217_cov_29.364587	1	5217	0	0	0	0	0	0
cell-4125-0-44_S16__NODE_591_length_5217_cov_4.992251	1	5217	0	0	0	0	0	0
Biragzang__NODE_2728_length_5215_cov_58.247481	1	5215	0	0	0	0	0	0
Biragzang__NODE_2729_length_5215_cov_10.821124	1	5215	0	0	0	0	0	0
Biragzang__NODE_2730_length_5214_cov_14.618143	1	5214	0	0	0	0	0	0
cell-4125-0-44_S16__NODE_592_length_5214_cov_4.941268	1	5214	0	0	0	0	0	0
Biragzang__NODE_2731_length_5213_cov_48.162854	1	5213	0	0	0	0	0	0
Biragzang__NODE_2732_length_5213_cov_5.305739	1	5213	0	0	0	0	0	0
cell-4125-0-44_S16__NODE_594_length_5212_cov_4.698856	1	5212	0	0	0	0	0	0
Biragzang__NODE_2733_length_5211_cov_33.770171	1	5211	0	0	0	0	0	0
Biragzang__NODE_2734_length_5211_cov_21.816524	1	5211	0	0	0	0	0	0
Biragzang__NODE_2735_length_5211_cov_9.665244	1	5211	0	0	0	0	0	0
Biragzang__NODE_2736_length_5209_cov_12.523671	1	5209	0	0	0	0	0	0
Biragzang__NODE_2737_length_5209_cov_11.102057	1	5209	0	0	0	0	0	0
cell-4125-0-44_S16__NODE_596_length_5209_cov_5.458091	1	5209	0	0	0	0	0	0
Biragzang__NODE_2738_length_5207_cov_27.953610	1	5207	0	0	0	0	0	0
Biragzang__NODE_2739_length_5206_cov_16.787420	1	5206	0	0	0	0	0	0
Biragzang__NODE_2740_length_5205_cov_47.160777	1	5205	0	0	0	0	0	0
cell-4122-0-44_S10__NODE_526_length_5205_cov_18.396117	1	5205	0	0	0	0	0	0
Biragzang__NODE_2741_length_5204_cov_6.763838	1	5204	0	0	0	0	0	0
Biragzang__NODE_2742_length_5203_cov_7.700466	1	5203	0	0	0	0	0	0
Biragzang__NODE_2743_length_5202_cov_9.848650	1	5202	0	0	0	0	0	0
cell-4122-0-44_S10__NODE_527_length_5199_cov_19.667963	1	5199	0	0	0	0	0	0
cell-4122-0-44_S10__NODE_528_length_5197_cov_13.509529	1	5197	0	0	0	0	0	0
Biragzang__NODE_2744_length_5196_cov_14.542696	1	5196	0	0	0	0	0	0
cell-4122-0-44_S10__NODE_529_length_5196_cov_10.424431	1	5196	0	0	0	0	0	0
cell-4125-0-44_S16__NODE_598_length_5194_cov_7.828955	1	5194	0	0	0	0	0	0
Biragzang__NODE_2745_length_5193_cov_10.800117	1	5193	0	0	0	0	0	0
Biragzang__NODE_2746_length_5190_cov_7.571762	1	5190	0	0	0	0	0	0
Biragzang__NODE_2747_length_5188_cov_46.604909	1	5188	0	0	0	0	0	0
Biragzang__NODE_2748_length_5186_cov_11.019100	1	5186	0	0	0	0	0	0
Biragzang__NODE_2749_length_5186_cov_5.506529	1	5186	0	0	0	0	0	0
MV-4122_S12__NODE_2496_length_5186_cov_8.611382	1	5186	0	0	0	0	0	0
cell-4122-0-44_S10__NODE_530_length_5186_cov_11.744299	1	5186	0	0	0	0	0	0
Biragzang__NODE_2750_length_5185_cov_12.876998	1	5185	0	0	0	0	0	0
Biragzang__NODE_2751_length_5185_cov_9.392982	1	5185	0	0	0	0	0	0
Biragzang__NODE_2752_length_5185_cov_6.325926	1	5185	0	0	0	0	0	0
Biragzang__NODE_2753_length_5185_cov_3.956530	1	5185	0	0	0	0	0	0
cell-4125-0-44_S16__NODE_599_length_5185_cov_9.168421	1	5185	0	0	0	0	0	0
Biragzang__NODE_2754_length_5183_cov_12.551677	1	5183	0	0	0	0	0	0
cell-4122-0-44_S10__NODE_531_length_5183_cov_12.506240	1	5183	0	0	0	0	0	0
Biragzang__NODE_2755_length_5181_cov_5.466446	1	5181	0	0	0	0	0	0
cell-4122-0-44_S10__NODE_532_length_5180_cov_45.820488	1	5180	0	0	0	0	0	0
Biragzang__NODE_2756_length_5179_cov_21.257221	1	5179	0	0	0	0	0	0
Biragzang__NODE_2757_length_5179_cov_7.272053	1	5179	0	0	0	0	0	0
cell-4125-0-44_S16__NODE_600_length_5178_cov_5.902401	1	5178	0	0	0	0	0	0
cell-4125-0-44_S16__NODE_601_length_5177_cov_7.055838	1	5177	0	0	0	0	0	0
Biragzang__NODE_2758_length_5176_cov_4.916813	1	5176	0	0	0	0	0	0
Biragzang__NODE_2759_length_5175_cov_23.230078	1	5175	0	0	0	0	0	0
cell-4122-0-44_S10__NODE_533_length_5175_cov_15.049609	1	5175	0	0	0	0	0	0
cell-4125-0-44_S16__NODE_602_length_5175_cov_4.362305	1	5175	0	0	0	0	0	0
Biragzang__NODE_2760_length_5174_cov_6.016214	1	5174	0	0	0	0	0	0
Biragzang__NODE_2761_length_5173_cov_13.195975	1	5173	0	0	0	0	0	0
Biragzang__NODE_2762_length_5171_cov_86.895231	1	5171	0	0	0	0	0	0
Biragzang__NODE_2763_length_5171_cov_6.149335	1	5171	0	0	0	0	0	0
Biragzang__NODE_2764_length_5169_cov_5.752053	1	5169	0	0	0	0	0	0
Biragzang__NODE_2765_length_5168_cov_6.892235	1	5168	0	0	0	0	0	0
Biragzang__NODE_2766_length_5167_cov_12.436620	1	5167	0	0	0	0	0	0
Biragzang__NODE_2767_length_5166_cov_12.979065	1	5166	0	0	0	0	0	0
Biragzang__NODE_2768_length_5166_cov_10.576404	1	5166	0	0	0	0	0	0
Biragzang__NODE_2769_length_5165_cov_5.579061	1	5165	0	0	0	0	0	0
cell-4122-0-44_S10__NODE_534_length_5162_cov_22.372626	1	5162	0	0	0	0	0	0
cell-4125-0-44_S16__NODE_603_length_5162_cov_5.965146	1	5162	0	0	0	0	0	0
Biragzang__NODE_2770_length_5161_cov_5.128672	1	5161	0	0	0	0	0	0
cell-4125-0-44_S16__NODE_604_length_5161_cov_10.055033	1	5161	0	0	0	0	0	0
Biragzang__NODE_2771_length_5160_cov_14.717140	1	5160	0	0	0	0	0	0
Biragzang__NODE_2772_length_5160_cov_9.455044	1	5160	0	0	0	0	0	0
Biragzang__NODE_2773_length_5160_cov_6.555730	1	5160	0	0	0	0	0	0
cell-4125-0-44_S16__NODE_605_length_5160_cov_7.893634	1	5160	0	0	0	0	0	0
Biragzang__NODE_2774_length_5159_cov_19.235502	1	5159	0	0	0	0	0	0
cell-4122-0-44_S10__NODE_535_length_5159_cov_10.712970	1	5159	0	0	0	0	0	0
Biragzang__NODE_2775_length_5158_cov_10.507349	1	5158	0	0	0	0	0	0
Biragzang__NODE_2776_length_5156_cov_46.265634	1	5156	0	0	0	0	0	0
Biragzang__NODE_2777_length_5153_cov_17.804629	1	5153	0	0	0	0	0	0
Biragzang__NODE_2778_length_5152_cov_14.752992	1	5152	0	0	0	0	0	0
Biragzang__NODE_2779_length_5152_cov_9.811262	1	5152	0	0	0	0	0	0
Biragzang__NODE_2780_length_5151_cov_4.960950	1	5151	0	0	0	0	0	0
cell-4125-0-44_S16__NODE_608_length_5151_cov_5.017465	1	5151	0	0	0	0	0	0
Biragzang__NODE_2781_length_5149_cov_5.844130	1	5149	0	0	0	0	0	0
cell-4125-0-44_S16__NODE_609_length_5148_cov_9.417828	1	5148	0	0	0	0	0	0
cell-4125-0-44_S16__NODE_610_length_5148_cov_4.052425	1	5148	0	0	0	0	0	0
Biragzang__NODE_2782_length_5144_cov_4.197288	1	5144	0	0	0	0	0	0
cell-4122-0-22_S11__NODE_236_length_5144_cov_14.583022	1	5144	0	0	0	0	0	0
MV-4122_S12__NODE_2508_length_5142_cov_4.835660	1	5142	0	0	0	0	0	0
Biragzang__NODE_2783_length_5141_cov_13.673417	1	5141	0	0	0	0	0	0
MV-4122_S12__NODE_2509_length_5141_cov_39.042863	1	5141	0	0	0	0	0	0
Biragzang__NODE_2784_length_5140_cov_31.302262	1	5140	0	0	0	0	0	0
MV-4122_S12__NODE_2510_length_5140_cov_8.635988	1	5140	0	0	0	0	0	0
cell-4122-0-44_S10__NODE_536_length_5138_cov_58.319890	1	5138	0	0	0	0	0	0
Biragzang__NODE_2785_length_5137_cov_10.402991	1	5137	0	0	0	0	0	0
cell-4125-0-22_S17__NODE_14_length_5137_cov_11.219599	1	5137	0	0	0	0	0	0
Biragzang__NODE_2786_length_5136_cov_5.451092	1	5136	0	0	0	0	0	0
Biragzang__NODE_2787_length_5135_cov_14.458661	1	5135	0	0	0	0	0	0
Biragzang__NODE_2788_length_5135_cov_10.065354	1	5135	0	0	0	0	0	0
Biragzang__NODE_2789_length_5135_cov_8.654528	1	5135	0	0	0	0	0	0
cell-4125-0-44_S16__NODE_611_length_5135_cov_6.012205	1	5135	0	0	0	0	0	0
Biragzang__NODE_2790_length_5134_cov_7.053160	1	5134	0	0	0	0	0	0
Biragzang__NODE_2791_length_5133_cov_4.020677	1	5133	0	0	0	0	0	0
Biragzang__NODE_2792_length_5132_cov_4.651172	1	5132	0	0	0	0	0	0
Biragzang__NODE_2793_length_5131_cov_9.318952	1	5131	0	0	0	0	0	0
cell-4122-0-44_S10__NODE_537_length_5131_cov_30.060678	1	5131	0	0	0	0	0	0
Biragzang__NODE_2794_length_5130_cov_24.272118	1	5130	0	0	0	0	0	0
cell-4125-0-44_S16__NODE_612_length_5130_cov_7.909951	1	5130	0	0	0	0	0	0
Biragzang__NODE_2795_length_5127_cov_8.592271	1	5127	0	0	0	0	0	0
Biragzang__NODE_2796_length_5127_cov_6.214905	1	5127	0	0	0	0	0	0
Biragzang__NODE_2797_length_5127_cov_5.606664	1	5127	0	0	0	0	0	0
cell-4125-0-44_S16__NODE_614_length_5127_cov_5.189274	1	5127	0	0	0	0	0	0
Biragzang__NODE_2798_length_5126_cov_39.563400	1	5126	0	0	0	0	0	0
Biragzang__NODE_2799_length_5126_cov_24.230724	1	5126	0	0	0	0	0	0
cell-4122-0-44_S10__NODE_538_length_5126_cov_20.184382	1	5126	0	0	0	0	0	0
MV-4122_S12__NODE_2514_length_5125_cov_7.635700	1	5125	0	0	0	0	0	0
cell-4125-0-44_S16__NODE_616_length_5125_cov_7.821696	1	5125	0	0	0	0	0	0
Biragzang__NODE_2800_length_5124_cov_26.601302	1	5124	0	0	0	0	0	0
Biragzang__NODE_2801_length_5123_cov_29.153512	1	5123	0	0	0	0	0	0
cell-4122-0-44_S10__NODE_539_length_5123_cov_21.920876	1	5123	0	0	0	0	0	0
Biragzang__NODE_2802_length_5122_cov_9.299980	1	5122	0	0	0	0	0	0
Biragzang__NODE_2803_length_5121_cov_14.702132	1	5121	0	0	0	0	0	0
Biragzang__NODE_2804_length_5121_cov_8.280497	1	5121	0	0	0	0	0	0
Biragzang__NODE_2805_length_5121_cov_7.798855	1	5121	0	0	0	0	0	0
Biragzang__NODE_2806_length_5121_cov_7.544809	1	5121	0	0	0	0	0	0
Biragzang__NODE_2807_length_5118_cov_9.410429	1	5118	0	0	0	0	0	0
MV-4122_S12__NODE_2520_length_5118_cov_6.216077	1	5118	0	0	0	0	0	0
cell-4122-0-44_S10__NODE_540_length_5118_cov_14.436895	1	5118	0	0	0	0	0	0
cell-4125-0-44_S16__NODE_617_length_5118_cov_5.035355	1	5118	0	0	0	0	0	0
cell-4125-0-44_S16__NODE_618_length_5118_cov_4.969386	1	5118	0	0	0	0	0	0
cell-4125-0-44_S16__NODE_619_length_5117_cov_5.582181	1	5117	0	0	0	0	0	0
Biragzang__NODE_2808_length_5116_cov_35.763683	1	5116	0	0	0	0	0	0
Biragzang__NODE_2809_length_5116_cov_28.532306	1	5116	0	0	0	0	0	0
MV-4122_S12__NODE_2522_length_5116_cov_9.482909	1	5116	0	0	0	0	0	0
Biragzang__NODE_2810_length_5115_cov_9.823715	1	5115	0	0	0	0	0	0
Biragzang__NODE_2811_length_5115_cov_8.397826	1	5115	0	0	0	0	0	0
Biragzang__NODE_2812_length_5114_cov_10.528761	1	5114	0	0	0	0	0	0
Biragzang__NODE_2813_length_5114_cov_7.243922	1	5114	0	0	0	0	0	0
cell-4122-0-44_S10__NODE_541_length_5114_cov_16.467484	1	5114	0	0	0	0	0	0
cell-4122-0-44_S10__NODE_542_length_5114_cov_13.049022	1	5114	0	0	0	0	0	0
Biragzang__NODE_2814_length_5113_cov_39.207197	1	5113	0	0	0	0	0	0
Biragzang__NODE_2815_length_5112_cov_4.821040	1	5112	0	0	0	0	0	0
Biragzang__NODE_2816_length_5110_cov_32.282690	1	5110	0	0	0	0	0	0
Biragzang__NODE_2817_length_5110_cov_5.010880	1	5110	0	0	0	0	0	0
cell-4125-0-44_S16__NODE_620_length_5110_cov_7.404748	1	5110	0	0	0	0	0	0
Biragzang__NODE_2818_length_5108_cov_9.947754	1	5108	0	0	0	0	0	0
Biragzang__NODE_2819_length_5108_cov_4.671680	1	5108	0	0	0	0	0	0
Biragzang__NODE_2820_length_5107_cov_41.676564	1	5107	0	0	0	0	0	0
Biragzang__NODE_2821_length_5107_cov_8.296120	1	5107	0	0	0	0	0	0
MV-4122_S12__NODE_2526_length_5106_cov_7.525045	1	5106	0	0	0	0	0	0
cell-4122-0-44_S10__NODE_543_length_5105_cov_16.185545	1	5105	0	0	0	0	0	0
Biragzang__NODE_2822_length_5104_cov_4.878986	1	5104	0	0	0	0	0	0
cell-4125-0-44_S16__NODE_622_length_5104_cov_8.807487	1	5104	0	0	0	0	0	0
cell-4125-0-44_S16__NODE_623_length_5104_cov_6.500891	1	5104	0	0	0	0	0	0
Biragzang__NODE_2823_length_5103_cov_7.103803	1	5103	0	0	0	0	0	0
cell-4125-0-44_S16__NODE_624_length_5103_cov_7.362322	1	5103	0	0	0	0	0	0
Biragzang__NODE_2824_length_5102_cov_6.760055	1	5102	0	0	0	0	0	0
Biragzang__NODE_2825_length_5101_cov_24.860087	1	5101	0	0	0	0	0	0
cell-4122-0-44_S10__NODE_544_length_5101_cov_27.302616	1	5101	0	0	0	0	0	0
Biragzang__NODE_2826_length_5100_cov_39.004955	1	5100	0	0	0	0	0	0
Biragzang__NODE_2827_length_5100_cov_5.681467	1	5100	0	0	0	0	0	0
Biragzang__NODE_2828_length_5099_cov_15.982950	1	5099	0	0	0	0	0	0
Biragzang__NODE_2829_length_5099_cov_6.729381	1	5099	0	0	0	0	0	0
Biragzang__NODE_2830_length_5097_cov_3.712416	1	5097	0	0	0	0	0	0
MV-4122_S12__NODE_2529_length_5097_cov_34.698929	1	5097	0	0	0	0	0	0
Biragzang__NODE_2831_length_5096_cov_24.116048	1	5096	0	0	0	0	0	0
Biragzang__NODE_2832_length_5096_cov_13.897441	1	5096	0	0	0	0	0	0
Biragzang__NODE_2833_length_5096_cov_5.393573	1	5096	0	0	0	0	0	0
Biragzang__NODE_2834_length_5095_cov_8.117857	1	5095	0	0	0	0	0	0
Biragzang__NODE_2835_length_5095_cov_6.695635	1	5095	0	0	0	0	0	0
Biragzang__NODE_2836_length_5094_cov_50.310181	1	5094	0	0	0	0	0	0
cell-4125-0-44_S16__NODE_625_length_5094_cov_15.208375	1	5094	0	0	0	0	0	0
cell-4122-0-44_S10__NODE_545_length_5093_cov_10.768162	1	5093	0	0	0	0	0	0
Biragzang__NODE_2837_length_5092_cov_22.030375	1	5092	0	0	0	0	0	0
Biragzang__NODE_2838_length_5092_cov_11.268414	1	5092	0	0	0	0	0	0
Biragzang__NODE_2839_length_5091_cov_7.810961	1	5091	0	0	0	0	0	0
cell-4125-0-44_S16__NODE_626_length_5091_cov_5.291898	1	5091	0	0	0	0	0	0
Biragzang__NODE_2840_length_5089_cov_12.887763	1	5089	0	0	0	0	0	0
Biragzang__NODE_2841_length_5089_cov_10.313468	1	5089	0	0	0	0	0	0
cell-4125-0-44_S16__NODE_627_length_5088_cov_11.736141	1	5088	0	0	0	0	0	0
MV-4122_S12__NODE_2532_length_5087_cov_8.063990	1	5087	0	0	0	0	0	0
Biragzang__NODE_2842_length_5086_cov_182.400914	1	5086	0	0	0	0	0	0
Biragzang__NODE_2843_length_5086_cov_51.479825	1	5086	0	0	0	0	0	0
Biragzang__NODE_2844_length_5086_cov_5.096402	1	5086	0	0	0	0	0	0
cell-4125-0-44_S16__NODE_628_length_5086_cov_17.622341	1	5086	0	0	0	0	0	0
Biragzang__NODE_2845_length_5084_cov_41.200040	1	5084	0	0	0	0	0	0
Biragzang__NODE_2846_length_5084_cov_6.639491	1	5084	0	0	0	0	0	0
Biragzang__NODE_2847_length_5083_cov_26.660899	1	5083	0	0	0	0	0	0
cell-4122-0-44_S10__NODE_546_length_5083_cov_17.354813	1	5083	0	0	0	0	0	0
cell-4125-0-44_S16__NODE_629_length_5083_cov_9.543954	1	5083	0	0	0	0	0	0
cell-4125-0-44_S16__NODE_630_length_5083_cov_6.807478	1	5083	0	0	0	0	0	0
Biragzang__NODE_2848_length_5082_cov_5.604536	1	5082	0	0	0	0	0	0
Biragzang__NODE_2849_length_5080_cov_32.743881	1	5080	0	0	0	0	0	0
Biragzang__NODE_2850_length_5080_cov_13.923582	1	5080	0	0	0	0	0	0
cell-4125-0-44_S16__NODE_631_length_5080_cov_5.528159	1	5080	0	0	0	0	0	0
Biragzang__NODE_2851_length_5076_cov_47.165107	1	5076	0	0	0	0	0	0
MV-4122_S12__NODE_2537_length_5076_cov_32.684525	1	5076	0	0	0	0	0	0
Biragzang__NODE_2852_length_5075_cov_52.338645	1	5075	0	0	0	0	0	0
cell-4122-0-44_S10__NODE_547_length_5075_cov_16.916335	1	5075	0	0	0	0	0	0
cell-4125-0-44_S16__NODE_632_length_5073_cov_6.117178	1	5073	0	0	0	0	0	0
MV-4122_S12__NODE_2540_length_5071_cov_24.876196	1	5071	0	0	0	0	0	0
MV-4122_S12__NODE_2541_length_5071_cov_6.142544	1	5071	0	0	0	0	0	0
cell-4122-0-44_S10__NODE_548_length_5071_cov_20.960726	1	5071	0	0	0	0	0	0
Biragzang__NODE_2853_length_5070_cov_9.819940	1	5070	0	0	0	0	0	0
cell-4122-0-44_S10__NODE_549_length_5068_cov_23.987233	1	5068	0	0	0	0	0	0
Biragzang__NODE_2854_length_5067_cov_8.361133	1	5067	0	0	0	0	0	0
Biragzang__NODE_2855_length_5065_cov_7.561078	1	5065	0	0	0	0	0	0
cell-4125-0-44_S16__NODE_633_length_5065_cov_7.514770	1	5065	0	0	0	0	0	0
cell-4125-0-44_S16__NODE_634_length_5063_cov_5.461861	1	5063	0	0	0	0	0	0
Biragzang__NODE_2856_length_5062_cov_17.690833	1	5062	0	0	0	0	0	0
Biragzang__NODE_2857_length_5062_cov_10.658678	1	5062	0	0	0	0	0	0
Biragzang__NODE_2858_length_5062_cov_8.951268	1	5062	0	0	0	0	0	0
cell-4122-0-44_S10__NODE_550_length_5061_cov_14.104475	1	5061	0	0	0	0	0	0
Biragzang__NODE_2859_length_5060_cov_8.446154	1	5060	0	0	0	0	0	0
Biragzang__NODE_2860_length_5060_cov_5.797003	1	5060	0	0	0	0	0	0
Biragzang__NODE_2861_length_5059_cov_11.093725	1	5059	0	0	0	0	0	0
Biragzang__NODE_2862_length_5059_cov_5.714229	1	5059	0	0	0	0	0	0
cell-4125-0-44_S16__NODE_635_length_5059_cov_7.187650	1	5059	0	0	0	0	0	0
MV-4122_S12__NODE_2549_length_5058_cov_22.306816	1	5058	0	0	0	0	0	0
cell-4125-0-44_S16__NODE_636_length_5058_cov_14.010594	1	5058	0	0	0	0	0	0
Biragzang__NODE_2863_length_5057_cov_12.918433	1	5057	0	0	0	0	0	0
Biragzang__NODE_2864_length_5057_cov_9.778289	1	5057	0	0	0	0	0	0
Biragzang__NODE_2865_length_5054_cov_11.989198	1	5054	0	0	0	0	0	0
Biragzang__NODE_2866_length_5054_cov_10.043809	1	5054	0	0	0	0	0	0
cell-4122-0-44_S10__NODE_551_length_5054_cov_15.786357	1	5054	0	0	0	0	0	0
cell-4125-0-44_S16__NODE_638_length_5054_cov_7.968994	1	5054	0	0	0	0	0	0
Biragzang__NODE_2867_length_5052_cov_10.979988	1	5052	0	0	0	0	0	0
cell-4125-0-44_S16__NODE_639_length_5052_cov_7.897939	1	5052	0	0	0	0	0	0
cell-4122-0-44_S10__NODE_552_length_5049_cov_55.324189	1	5049	0	0	0	0	0	0
Biragzang__NODE_2868_length_5048_cov_38.091328	1	5048	0	0	0	0	0	0
Biragzang__NODE_2869_length_5048_cov_9.979571	1	5048	0	0	0	0	0	0
Biragzang__NODE_2870_length_5047_cov_35.333934	1	5047	0	0	0	0	0	0
Biragzang__NODE_2871_length_5047_cov_18.545072	1	5047	0	0	0	0	0	0
Biragzang__NODE_2872_length_5047_cov_10.638822	1	5047	0	0	0	0	0	0
cell-4125-0-44_S16__NODE_641_length_5047_cov_8.520433	1	5047	0	0	0	0	0	0
cell-4125-0-44_S16__NODE_643_length_5047_cov_5.329527	1	5047	0	0	0	0	0	0
cell-4122-0-44_S10__NODE_553_length_5046_cov_22.535764	1	5046	0	0	0	0	0	0
cell-4122-0-44_S10__NODE_554_length_5043_cov_41.325782	1	5043	0	0	0	0	0	0
cell-4125-0-44_S16__NODE_644_length_5043_cov_4.230152	1	5043	0	0	0	0	0	0
Biragzang__NODE_2873_length_5042_cov_18.863645	1	5042	0	0	0	0	0	0
Biragzang__NODE_2874_length_5041_cov_10.138187	1	5041	0	0	0	0	0	0
cell-4122-0-44_S10__NODE_555_length_5040_cov_60.534604	1	5040	0	0	0	0	0	0
cell-4125-0-44_S16__NODE_646_length_5040_cov_5.349047	1	5040	0	0	0	0	0	0
Biragzang__NODE_2875_length_5039_cov_49.838684	1	5039	0	0	0	0	0	0
Biragzang__NODE_2876_length_5039_cov_6.205859	1	5039	0	0	0	0	0	0
cell-4122-0-44_S10__NODE_556_length_5039_cov_36.051164	1	5039	0	0	0	0	0	0
cell-4122-0-44_S10__NODE_557_length_5039_cov_9.672552	1	5039	0	0	0	0	0	0
cell-4125-0-44_S16__NODE_647_length_5038_cov_8.933373	1	5038	0	0	0	0	0	0
Biragzang__NODE_2877_length_5036_cov_9.587633	1	5036	0	0	0	0	0	0
Biragzang__NODE_2878_length_5036_cov_6.431239	1	5036	0	0	0	0	0	0
Biragzang__NODE_2879_length_5035_cov_8.082129	1	5035	0	0	0	0	0	0
Biragzang__NODE_2880_length_5035_cov_7.186546	1	5035	0	0	0	0	0	0
Biragzang__NODE_2881_length_5035_cov_5.874498	1	5035	0	0	0	0	0	0
MV-4122_S12__NODE_2558_length_5035_cov_8.476506	1	5035	0	0	0	0	0	0
Biragzang__NODE_2882_length_5033_cov_9.589795	1	5033	0	0	0	0	0	0
Biragzang__NODE_2883_length_5033_cov_5.768180	1	5033	0	0	0	0	0	0
Biragzang__NODE_2884_length_5031_cov_48.415595	1	5031	0	0	0	0	0	0
Biragzang__NODE_2885_length_5030_cov_57.276382	1	5030	0	0	0	0	0	0
Biragzang__NODE_2886_length_5030_cov_13.986131	1	5030	0	0	0	0	0	0
MV-4122_S12__NODE_2562_length_5030_cov_27.556181	1	5030	0	0	0	0	0	0
cell-4125-0-44_S16__NODE_648_length_5029_cov_8.253719	1	5029	0	0	0	0	0	0
cell-4125-0-44_S16__NODE_649_length_5029_cov_5.334741	1	5029	0	0	0	0	0	0
MV-4122_S12__NODE_2566_length_5028_cov_7.603258	1	5028	0	0	0	0	0	0
cell-4125-0-44_S16__NODE_650_length_5028_cov_5.855620	1	5028	0	0	0	0	0	0
MV-4122_S12__NODE_2569_length_5027_cov_6.535197	1	5027	0	0	0	0	0	0
Biragzang__NODE_2887_length_5024_cov_4.805997	1	5024	0	0	0	0	0	0
Biragzang__NODE_2888_length_5023_cov_33.066828	1	5023	0	0	0	0	0	0
Biragzang__NODE_2889_length_5021_cov_10.100886	1	5021	0	0	0	0	0	0
MV-4122_S12__NODE_2574_length_5021_cov_5.140153	1	5021	0	0	0	0	0	0
Biragzang__NODE_2890_length_5020_cov_10.822759	1	5020	0	0	0	0	0	0
cell-4125-0-44_S16__NODE_652_length_5020_cov_6.025378	1	5020	0	0	0	0	0	0
Biragzang__NODE_2891_length_5019_cov_52.158139	1	5019	0	0	0	0	0	0
cell-4122-0-44_S10__NODE_558_length_5019_cov_42.990330	1	5019	0	0	0	0	0	0
cell-4125-0-44_S16__NODE_653_length_5019_cov_8.019541	1	5019	0	0	0	0	0	0
Biragzang__NODE_2892_length_5018_cov_27.375176	1	5018	0	0	0	0	0	0
Biragzang__NODE_2893_length_5017_cov_34.549778	1	5017	0	0	0	0	0	0
Biragzang__NODE_2894_length_5015_cov_11.954839	1	5015	0	0	0	0	0	0
cell-4125-0-44_S16__NODE_654_length_5014_cov_5.695301	1	5014	0	0	0	0	0	0
cell-4122-0-44_S10__NODE_559_length_5012_cov_18.422433	1	5012	0	0	0	0	0	0
Biragzang__NODE_2895_length_5011_cov_17.599475	1	5011	0	0	0	0	0	0
Biragzang__NODE_2896_length_5011_cov_7.951574	1	5011	0	0	0	0	0	0
Biragzang__NODE_2897_length_5011_cov_5.326271	1	5011	0	0	0	0	0	0
Biragzang__NODE_2898_length_5011_cov_5.175141	1	5011	0	0	0	0	0	0
Biragzang__NODE_2899_length_5011_cov_4.494552	1	5011	0	0	0	0	0	0
Biragzang__NODE_2900_length_5010_cov_51.458527	1	5010	0	0	0	0	0	0
Biragzang__NODE_2901_length_5010_cov_12.218769	1	5010	0	0	0	0	0	0
Biragzang__NODE_2902_length_5009_cov_8.484861	1	5009	0	0	0	0	0	0
Biragzang__NODE_2903_length_5006_cov_9.396486	1	5006	0	0	0	0	0	0
cell-4125-0-44_S16__NODE_655_length_5006_cov_5.287619	1	5006	0	0	0	0	0	0
cell-4125-0-44_S16__NODE_656_length_5005_cov_6.341616	1	5005	0	0	0	0	0	0
Biragzang__NODE_2904_length_5004_cov_12.257022	1	5004	0	0	0	0	0	0
Biragzang__NODE_2905_length_5004_cov_4.750859	1	5004	0	0	0	0	0	0
MV-4122_S12__NODE_2579_length_5004_cov_33.241665	1	5004	0	0	0	0	0	0
Biragzang__NODE_2906_length_5003_cov_7.204729	1	5003	0	0	0	0	0	0
cell-4122-0-44_S10__NODE_560_length_5003_cov_15.321948	1	5003	0	0	0	0	0	0
cell-4125-0-44_S16__NODE_657_length_5002_cov_7.671922	1	5002	0	0	0	0	0	0
Biragzang__NODE_2907_length_5001_cov_8.068136	1	5001	0	0	0	0	0	0
cell-4125-0-22_S17__NODE_15_length_5001_cov_11.137889	1	5001	0	0	0	0	0	0
cell-4125-0-44_S16__NODE_658_length_5001_cov_9.583906	1	5001	0	0	0	0	0	0
cell-4125-0-44_S16__NODE_659_length_5001_cov_5.439749	1	5001	0	0	0	0	0	0
cell-4122-0-44_S10__NODE_561_length_5000_cov_69.308999	1	5000	0	0	0	0	0	0
cell-4125-0-44_S16__NODE_660_length_5000_cov_9.734075	1	5000	0	0	0	0	0	0
cell-4125-0-44_S16__NODE_661_length_5000_cov_4.553084	1	5000	0	0	0	0	0	0
