kmer-length: 25 fraction: 1 ,db-samples ,vOTU_001.fna,vOTU_002.fna,vOTU_003.fna,vOTU_004.fna,vOTU_005.fna,vOTU_006.fna,vOTU_007.fna,vOTU_008.fna,vOTU_009.fna,vOTU_010.fna,vOTU_011.fna,vOTU_012.fna,vOTU_013.fna,vOTU_014.fna,vOTU_015.fna,vOTU_016.fna,vOTU_017.fna,vOTU_018.fna,vOTU_019.fna,vOTU_020.fna,vOTU_021.fna,vOTU_022.fna,vOTU_023.fna,vOTU_024.fna,vOTU_025.fna,vOTU_026.fna,vOTU_027.fna,vOTU_028.fna,vOTU_029.fna,vOTU_030.fna,vOTU_031.fna,vOTU_032.fna,vOTU_033.fna,vOTU_034.fna,vOTU_035.fna,vOTU_036.fna,vOTU_037.fna,vOTU_038.fna,vOTU_039.fna,vOTU_040.fna,vOTU_041.fna,vOTU_042.fna,vOTU_043.fna,vOTU_044.fna,vOTU_045.fna,vOTU_046.fna,vOTU_047.fna,vOTU_048.fna,vOTU_049.fna,vOTU_050.fna,vOTU_051.fna,vOTU_052.fna,vOTU_053.fna,vOTU_054.fna,vOTU_055.fna,vOTU_056.fna,vOTU_057.fna,vOTU_058.fna,vOTU_059.fna,vOTU_060.fna,vOTU_061.fna,vOTU_062.fna,vOTU_063.fna,vOTU_064.fna,vOTU_065.fna,vOTU_066.fna,vOTU_067.fna,vOTU_068.fna,vOTU_069.fna,vOTU_070.fna,vOTU_071.fna,vOTU_072.fna,vOTU_073.fna,vOTU_074.fna,vOTU_075.fna,vOTU_076.fna,vOTU_077.fna,vOTU_078.fna,vOTU_079.fna,vOTU_080.fna,vOTU_081.fna,vOTU_082.fna,vOTU_083.fna,vOTU_084.fna,vOTU_085.fna,vOTU_086.fna,vOTU_087.fna,vOTU_088.fna,vOTU_089.fna,vOTU_090.fna,vOTU_091.fna,vOTU_092.fna,vOTU_093.fna,vOTU_094.fna,vOTU_095.fna,vOTU_096.fna,vOTU_097.fna,
query-samples,total-kmers,43617,43416,42105,40727,39496,39505,39235,35950,27176,26543,26040,25160,23556,22734,19778,19244,18777,17930,17664,16607,16557,16413,15963,15554,15459,15168,14823,14367,14110,14055,13844,12622,12532,12020,11890,11440,11178,11039,10692,10710,10597,9819,9618,9614,9582,9354,9324,9299,9244,9087,8759,8515,8200,8188,8145,8045,8012,7855,7703,7569,7549,7433,7328,7324,7288,7118,6983,6977,6382,6379,6369,6222,6185,6159,6076,5945,5927,5862,5776,5736,5698,5678,5645,5628,5566,5391,5379,5370,5357,5317,5251,5211,5180,5170,5145,5074,5069,
Biragzang__NODE_1000_length_9456_cov_12.641740.fna,9432,
Biragzang__NODE_1001_length_9447_cov_9.543548.fna,9423,
Biragzang__NODE_1002_length_9445_cov_7.602449.fna,9421,
Biragzang__NODE_1003_length_9442_cov_69.901779.fna,9418,
Biragzang__NODE_1004_length_9439_cov_23.535699.fna,9291,
Biragzang__NODE_1005_length_9439_cov_6.484655.fna,9415,
Biragzang__NODE_1006_length_9437_cov_37.966851.fna,9408,
Biragzang__NODE_1007_length_9435_cov_34.435394.fna,9410,
Biragzang__NODE_1008_length_9432_cov_11.998080.fna,9408,
Biragzang__NODE_1009_length_9419_cov_29.723622.fna,9395,
Biragzang__NODE_100_length_29972_cov_10.557442.fna,29948,
Biragzang__NODE_1010_length_9412_cov_9.872288.fna,9388,
Biragzang__NODE_1011_length_9405_cov_6.469198.fna,9347,
Biragzang__NODE_1012_length_9401_cov_34.070939.fna,9377,
Biragzang__NODE_1013_length_9394_cov_40.203983.fna,8080,
Biragzang__NODE_1014_length_9394_cov_19.658636.fna,9370,
Biragzang__NODE_1015_length_9390_cov_10.976647.fna,9366,
Biragzang__NODE_1016_length_9387_cov_5.620982.fna,9363,
Biragzang__NODE_1017_length_9386_cov_18.073518.fna,9362,
Biragzang__NODE_1018_length_9384_cov_14.838782.fna,9360,
Biragzang__NODE_1019_length_9377_cov_13.583888.fna,9353,
Biragzang__NODE_101_length_29935_cov_32.770348.fna,29903,
Biragzang__NODE_1020_length_9376_cov_9.846798.fna,9352,
Biragzang__NODE_1021_length_9373_cov_13.655613.fna,9225,
Biragzang__NODE_1022_length_9370_cov_10.760064.fna,9346,
Biragzang__NODE_1023_length_9360_cov_39.436110.fna,9336,
Biragzang__NODE_1024_length_9354_cov_39.779654.fna,9330,
Biragzang__NODE_1025_length_9354_cov_7.450586.fna,9330,
Biragzang__NODE_1026_length_9349_cov_32.382612.fna,9325,
Biragzang__NODE_1027_length_9333_cov_46.780987.fna,9309,
Biragzang__NODE_1028_length_9333_cov_13.503449.fna,9305,
Biragzang__NODE_1029_length_9333_cov_11.882733.fna,9103,
Biragzang__NODE_102_length_29570_cov_10.843774.fna,29546,
Biragzang__NODE_1030_length_9332_cov_53.846287.fna,9184,
Biragzang__NODE_1031_length_9332_cov_13.011642.fna,9308,
Biragzang__NODE_1032_length_9327_cov_15.894737.fna,9303,
Biragzang__NODE_1033_length_9325_cov_60.346602.fna,8861,
Biragzang__NODE_1034_length_9299_cov_12.227391.fna,9151,
Biragzang__NODE_1035_length_9298_cov_8.562263.fna,9274,
Biragzang__NODE_1036_length_9286_cov_16.323584.fna,9262,
Biragzang__NODE_1037_length_9281_cov_12.566226.fna,9257,
Biragzang__NODE_1038_length_9280_cov_9.835230.fna,9256,
Biragzang__NODE_1039_length_9278_cov_22.327225.fna,9254,
Biragzang__NODE_103_length_29474_cov_36.782114.fna,29450,
Biragzang__NODE_1040_length_9276_cov_30.157033.fna,8648,
Biragzang__NODE_1041_length_9273_cov_43.164027.fna,9243,
Biragzang__NODE_1042_length_9269_cov_13.992294.fna,9245,
Biragzang__NODE_1043_length_9265_cov_69.421824.fna,8467,
Biragzang__NODE_1044_length_9263_cov_45.462750.fna,9239,
Biragzang__NODE_1045_length_9263_cov_6.357298.fna,9239,
Biragzang__NODE_1046_length_9257_cov_7.870028.fna,9233,
Biragzang__NODE_1047_length_9255_cov_8.778804.fna,9231,
Biragzang__NODE_1048_length_9242_cov_38.825079.fna,9217,
Biragzang__NODE_1049_length_9241_cov_47.084041.fna,9214,
Biragzang__NODE_104_length_29371_cov_39.055362.fna,29347,
Biragzang__NODE_1050_length_9240_cov_55.257485.fna,9216,
Biragzang__NODE_1051_length_9237_cov_13.267480.fna,8988,
Biragzang__NODE_1052_length_9236_cov_6.951312.fna,9212,
Biragzang__NODE_1053_length_9233_cov_6.986272.fna,9085,
Biragzang__NODE_1054_length_9225_cov_14.119193.fna,9201,
Biragzang__NODE_1055_length_9219_cov_9.851157.fna,9195,
Biragzang__NODE_1056_length_9216_cov_10.447222.fna,9192,
Biragzang__NODE_1057_length_9212_cov_5.571039.fna,9188,
Biragzang__NODE_1058_length_9210_cov_11.435281.fna,9186,
Biragzang__NODE_1059_length_9204_cov_54.098590.fna,9180,
Biragzang__NODE_105_length_29219_cov_37.462591.fna,29185,
Biragzang__NODE_1060_length_9202_cov_11.499289.fna,9178,
Biragzang__NODE_1061_length_9200_cov_9.783816.fna,9176,
Biragzang__NODE_1062_length_9194_cov_12.332421.fna,9170,
Biragzang__NODE_1063_length_9193_cov_10.631976.fna,9045,
Biragzang__NODE_1064_length_9189_cov_17.031093.fna,9165,
Biragzang__NODE_1065_length_9184_cov_7.358637.fna,9160,
Biragzang__NODE_1066_length_9171_cov_11.815050.fna,9147,
Biragzang__NODE_1067_length_9165_cov_11.049506.fna,9141,
Biragzang__NODE_1068_length_9160_cov_8.959802.fna,9136,
Biragzang__NODE_1069_length_9156_cov_41.132733.fna,8566,
Biragzang__NODE_106_length_29130_cov_37.845297.fna,29092,
Biragzang__NODE_1070_length_9151_cov_10.158421.fna,9127,
Biragzang__NODE_1071_length_9136_cov_8.451382.fna,9112,
Biragzang__NODE_1072_length_9135_cov_14.036784.fna,9111,
Biragzang__NODE_1073_length_9131_cov_39.706258.fna,9107,
Biragzang__NODE_1074_length_9128_cov_6.653808.fna,8949,
Biragzang__NODE_1075_length_9115_cov_58.300110.fna,9031,
Biragzang__NODE_1076_length_9107_cov_14.197746.fna,9083,
Biragzang__NODE_1077_length_9094_cov_57.648081.fna,9070,
Biragzang__NODE_1078_length_9091_cov_42.531208.fna,9067,
Biragzang__NODE_1079_length_9083_cov_50.400310.fna,9059,
Biragzang__NODE_107_length_29104_cov_41.649454.fna,29029,
Biragzang__NODE_1080_length_9074_cov_41.098902.fna,9050,
Biragzang__NODE_1081_length_9072_cov_52.291006.fna,9048,
Biragzang__NODE_1082_length_9071_cov_39.925909.fna,9047,
Biragzang__NODE_1083_length_9066_cov_12.095550.fna,9042,
Biragzang__NODE_1084_length_9065_cov_33.390011.fna,9041,
Biragzang__NODE_1085_length_9062_cov_7.410014.fna,9010,
Biragzang__NODE_1086_length_9059_cov_9.427477.fna,9035,
Biragzang__NODE_1087_length_9059_cov_7.459240.fna,9035,
Biragzang__NODE_1088_length_9052_cov_57.795487.fna,9028,
Biragzang__NODE_1089_length_9052_cov_16.017006.fna,9028,
Biragzang__NODE_108_length_29093_cov_17.418727.fna,29069,
Biragzang__NODE_1090_length_9051_cov_60.080925.fna,8681,
Biragzang__NODE_1091_length_9041_cov_10.819831.fna,9017,
Biragzang__NODE_1092_length_9039_cov_12.296638.fna,9015,
Biragzang__NODE_1093_length_9038_cov_43.991206.fna,8702,
Biragzang__NODE_1094_length_9029_cov_6.237687.fna,9005,
Biragzang__NODE_1095_length_9028_cov_29.245403.fna,9004,
Biragzang__NODE_1096_length_9026_cov_20.490135.fna,8989,
Biragzang__NODE_1097_length_9025_cov_14.515942.fna,9001,
Biragzang__NODE_1098_length_9020_cov_9.953820.fna,8996,
Biragzang__NODE_1099_length_9017_cov_53.638585.fna,8745,
Biragzang__NODE_109_length_28947_cov_40.111692.fna,28828,11:1,
Biragzang__NODE_10_length_53714_cov_39.561919.fna,53195,
Biragzang__NODE_1100_length_9016_cov_8.454302.fna,8896,
Biragzang__NODE_1101_length_9015_cov_11.751228.fna,8991,
Biragzang__NODE_1102_length_9011_cov_11.928986.fna,8983,11:2,
Biragzang__NODE_1103_length_8998_cov_13.365761.fna,8974,
Biragzang__NODE_1104_length_8998_cov_12.544113.fna,8962,
Biragzang__NODE_1105_length_8996_cov_50.853596.fna,8972,
Biragzang__NODE_1106_length_8994_cov_9.666629.fna,8970,
Biragzang__NODE_1107_length_8993_cov_38.976169.fna,8969,
Biragzang__NODE_1108_length_8991_cov_45.298791.fna,8967,
Biragzang__NODE_1109_length_8990_cov_7.008842.fna,8966,
Biragzang__NODE_110_length_28879_cov_43.478906.fna,28811,
Biragzang__NODE_1110_length_8984_cov_52.507560.fna,8960,
Biragzang__NODE_1111_length_8979_cov_23.221425.fna,8912,
Biragzang__NODE_1112_length_8975_cov_7.984641.fna,8951,
Biragzang__NODE_1113_length_8971_cov_30.012674.fna,8947,
Biragzang__NODE_1114_length_8971_cov_8.420704.fna,8947,
Biragzang__NODE_1115_length_8969_cov_9.115885.fna,8945,
Biragzang__NODE_1116_length_8968_cov_7.279816.fna,8944,
Biragzang__NODE_1117_length_8964_cov_10.896060.fna,8940,
Biragzang__NODE_1118_length_8963_cov_40.405141.fna,8920,
Biragzang__NODE_1119_length_8962_cov_7.002919.fna,8938,
Biragzang__NODE_111_length_28625_cov_66.088309.fna,28150,
Biragzang__NODE_1120_length_8957_cov_8.003145.fna,8933,
Biragzang__NODE_1121_length_8949_cov_24.200585.fna,8925,
Biragzang__NODE_1122_length_8948_cov_26.937704.fna,8924,21:6,
Biragzang__NODE_1123_length_8942_cov_7.957916.fna,8918,
Biragzang__NODE_1124_length_8941_cov_12.168355.fna,8917,
Biragzang__NODE_1125_length_8939_cov_18.957902.fna,8915,
Biragzang__NODE_1126_length_8935_cov_55.675225.fna,8911,
Biragzang__NODE_1127_length_8935_cov_6.517005.fna,8911,
Biragzang__NODE_1128_length_8931_cov_52.478481.fna,8903,
Biragzang__NODE_1129_length_8926_cov_46.226919.fna,8902,
Biragzang__NODE_112_length_28488_cov_47.609749.fna,28340,11:10,
Biragzang__NODE_1130_length_8921_cov_9.834311.fna,8897,
Biragzang__NODE_1131_length_8920_cov_6.555894.fna,8896,
Biragzang__NODE_1132_length_8914_cov_5.853821.fna,8890,
Biragzang__NODE_1133_length_8900_cov_15.892934.fna,8876,
Biragzang__NODE_1134_length_8898_cov_10.478910.fna,8874,
Biragzang__NODE_1135_length_8887_cov_23.966599.fna,8863,3:8,
Biragzang__NODE_1136_length_8886_cov_9.335862.fna,8862,
Biragzang__NODE_1137_length_8886_cov_9.302457.fna,8707,
Biragzang__NODE_1138_length_8884_cov_28.560086.fna,8860,
Biragzang__NODE_1139_length_8877_cov_6.009068.fna,8853,
Biragzang__NODE_113_length_28390_cov_49.494689.fna,28242,
Biragzang__NODE_1140_length_8876_cov_15.951820.fna,8852,
Biragzang__NODE_1141_length_8869_cov_12.380985.fna,8845,
Biragzang__NODE_1142_length_8869_cov_10.067166.fna,8845,
Biragzang__NODE_1143_length_8864_cov_13.139743.fna,8840,
Biragzang__NODE_1144_length_8862_cov_6.359260.fna,8838,
Biragzang__NODE_1145_length_8857_cov_6.230970.fna,8833,
Biragzang__NODE_1146_length_8854_cov_55.187635.fna,8767,
Biragzang__NODE_1147_length_8852_cov_35.294419.fna,8828,
Biragzang__NODE_1148_length_8850_cov_9.298920.fna,8826,
Biragzang__NODE_1149_length_8846_cov_10.916051.fna,8817,
Biragzang__NODE_114_length_28187_cov_34.474229.fna,28163,
Biragzang__NODE_1150_length_8843_cov_22.996928.fna,8772,
Biragzang__NODE_1151_length_8843_cov_9.348202.fna,8819,
Biragzang__NODE_1152_length_8842_cov_8.384545.fna,8818,
Biragzang__NODE_1153_length_8840_cov_8.705293.fna,8417,
Biragzang__NODE_1154_length_8836_cov_12.558706.fna,8812,
Biragzang__NODE_1155_length_8834_cov_62.537419.fna,8558,
Biragzang__NODE_1156_length_8834_cov_9.602802.fna,8810,
Biragzang__NODE_1157_length_8830_cov_32.070541.fna,8806,
Biragzang__NODE_1158_length_8829_cov_53.732961.fna,8805,
Biragzang__NODE_1159_length_8827_cov_45.528842.fna,8803,
Biragzang__NODE_115_length_28126_cov_51.718001.fna,28102,
Biragzang__NODE_1160_length_8824_cov_101.163189.fna,8771,
Biragzang__NODE_1161_length_8823_cov_36.084626.fna,8624,
Biragzang__NODE_1162_length_8810_cov_36.856882.fna,8769,
Biragzang__NODE_1163_length_8809_cov_9.697738.fna,8768,
Biragzang__NODE_1164_length_8807_cov_6.676417.fna,8779,
Biragzang__NODE_1165_length_8805_cov_6.479771.fna,8781,
Biragzang__NODE_1166_length_8801_cov_10.133089.fna,8777,
Biragzang__NODE_1167_length_8794_cov_10.570889.fna,8770,
Biragzang__NODE_1168_length_8789_cov_15.640142.fna,8765,
Biragzang__NODE_1169_length_8788_cov_10.630368.fna,8609,
Biragzang__NODE_116_length_28022_cov_10.418744.fna,27942,
Biragzang__NODE_1170_length_8785_cov_16.583963.fna,8761,
Biragzang__NODE_1171_length_8783_cov_12.284258.fna,8759,
Biragzang__NODE_1172_length_8780_cov_9.481605.fna,8756,
Biragzang__NODE_1173_length_8770_cov_68.352955.fna,8503,
Biragzang__NODE_1174_length_8769_cov_6.422194.fna,8745,
Biragzang__NODE_1175_length_8763_cov_30.494832.fna,8739,
Biragzang__NODE_1176_length_8758_cov_11.104906.fna,8486,
Biragzang__NODE_1177_length_8756_cov_37.646362.fna,8732,
Biragzang__NODE_1178_length_8751_cov_19.655934.fna,8586,
Biragzang__NODE_1179_length_8748_cov_9.270908.fna,8724,
Biragzang__NODE_117_length_27851_cov_11.802669.fna,27813,
Biragzang__NODE_1180_length_8738_cov_37.531038.fna,8714,
Biragzang__NODE_1181_length_8735_cov_10.527419.fna,8711,
Biragzang__NODE_1182_length_8732_cov_6.512965.fna,8708,
Biragzang__NODE_1183_length_8727_cov_11.381804.fna,8452,
Biragzang__NODE_1184_length_8727_cov_6.091213.fna,8656,
Biragzang__NODE_1185_length_8726_cov_23.391650.fna,8702,
Biragzang__NODE_1186_length_8723_cov_19.928011.fna,8699,
Biragzang__NODE_1187_length_8723_cov_6.976350.fna,8699,
Biragzang__NODE_1188_length_8715_cov_40.204503.fna,8663,
Biragzang__NODE_1189_length_8706_cov_6.034794.fna,8682,
Biragzang__NODE_118_length_27690_cov_38.076931.fna,27666,
Biragzang__NODE_1190_length_8700_cov_46.603355.fna,8676,
Biragzang__NODE_1191_length_8697_cov_6.043856.fna,8673,
Biragzang__NODE_1192_length_8695_cov_7.275579.fna,8671,
Biragzang__NODE_1193_length_8693_cov_11.364089.fna,8669,
Biragzang__NODE_1194_length_8690_cov_40.124609.fna,8666,
Biragzang__NODE_1195_length_8688_cov_10.096374.fna,8664,
Biragzang__NODE_1196_length_8687_cov_10.481696.fna,8663,
Biragzang__NODE_1197_length_8687_cov_6.479147.fna,8663,
Biragzang__NODE_1198_length_8681_cov_7.452817.fna,8657,
Biragzang__NODE_1199_length_8674_cov_6.183548.fna,8639,
Biragzang__NODE_119_length_27474_cov_35.903643.fna,27450,
Biragzang__NODE_11_length_53321_cov_35.227650.fna,53271,
Biragzang__NODE_1200_length_8664_cov_9.619236.fna,8640,
Biragzang__NODE_1201_length_8663_cov_8.965846.fna,8639,
Biragzang__NODE_1202_length_8659_cov_14.583333.fna,8635,
Biragzang__NODE_1203_length_8651_cov_12.139716.fna,8627,
Biragzang__NODE_1204_length_8650_cov_13.956254.fna,8626,
Biragzang__NODE_1205_length_8645_cov_6.050990.fna,8621,
Biragzang__NODE_1206_length_8643_cov_11.956567.fna,8619,
Biragzang__NODE_1207_length_8642_cov_13.947362.fna,8618,
Biragzang__NODE_1208_length_8642_cov_7.544195.fna,8618,
Biragzang__NODE_1209_length_8637_cov_14.433349.fna,8613,
Biragzang__NODE_120_length_27384_cov_28.912547.fna,27336,
Biragzang__NODE_1210_length_8635_cov_14.376224.fna,8611,
Biragzang__NODE_1211_length_8633_cov_6.003031.fna,8609,
Biragzang__NODE_1212_length_8631_cov_11.075793.fna,8328,
Biragzang__NODE_1213_length_8629_cov_12.344063.fna,8605,
Biragzang__NODE_1214_length_8624_cov_46.664722.fna,8600,
Biragzang__NODE_1215_length_8623_cov_6.901611.fna,8599,
Biragzang__NODE_1216_length_8623_cov_4.903828.fna,8599,
Biragzang__NODE_1217_length_8621_cov_9.201261.fna,8597,
Biragzang__NODE_1218_length_8619_cov_35.390939.fna,8595,
Biragzang__NODE_1219_length_8617_cov_13.642140.fna,8593,
Biragzang__NODE_121_length_27283_cov_35.384163.fna,27116,
Biragzang__NODE_1220_length_8614_cov_11.858745.fna,8590,
Biragzang__NODE_1221_length_8611_cov_7.843502.fna,8587,
Biragzang__NODE_1222_length_8603_cov_45.065863.fna,8579,
Biragzang__NODE_1223_length_8602_cov_15.203931.fna,8578,
Biragzang__NODE_1224_length_8596_cov_36.309566.fna,8572,
Biragzang__NODE_1225_length_8596_cov_11.361550.fna,8572,
Biragzang__NODE_1226_length_8595_cov_10.702810.fna,8571,
Biragzang__NODE_1227_length_8592_cov_3.892351.fna,8568,
Biragzang__NODE_1228_length_8589_cov_9.974455.fna,8565,
Biragzang__NODE_1229_length_8583_cov_7.225492.fna,8559,
Biragzang__NODE_122_length_27122_cov_42.576606.fna,27037,
Biragzang__NODE_1230_length_8581_cov_11.888576.fna,8557,
Biragzang__NODE_1231_length_8574_cov_12.445357.fna,8550,
Biragzang__NODE_1232_length_8572_cov_58.212399.fna,8424,
Biragzang__NODE_1233_length_8572_cov_46.122813.fna,8548,
Biragzang__NODE_1234_length_8570_cov_5.141867.fna,8391,
Biragzang__NODE_1235_length_8570_cov_4.828068.fna,8546,
Biragzang__NODE_1236_length_8561_cov_54.298613.fna,8537,
Biragzang__NODE_1237_length_8557_cov_20.168313.fna,8533,
Biragzang__NODE_1238_length_8554_cov_9.457819.fna,8530,
Biragzang__NODE_1239_length_8553_cov_8.235703.fna,8529,
Biragzang__NODE_123_length_27045_cov_10.877844.fna,27021,
Biragzang__NODE_1240_length_8550_cov_10.307710.fna,8526,
Biragzang__NODE_1241_length_8549_cov_49.764657.fna,8525,
Biragzang__NODE_1242_length_8524_cov_9.866926.fna,8500,
Biragzang__NODE_1243_length_8513_cov_8.838614.fna,8489,
Biragzang__NODE_1244_length_8511_cov_13.358444.fna,8487,
Biragzang__NODE_1245_length_8509_cov_27.258339.fna,8485,
Biragzang__NODE_1246_length_8503_cov_5.985322.fna,8479,
Biragzang__NODE_1247_length_8497_cov_43.656716.fna,8473,
Biragzang__NODE_1248_length_8496_cov_10.150101.fna,8472,
Biragzang__NODE_1249_length_8496_cov_9.289539.fna,8472,
Biragzang__NODE_124_length_26958_cov_32.714641.fna,26933,
Biragzang__NODE_1250_length_8495_cov_42.389336.fna,8471,
Biragzang__NODE_1251_length_8494_cov_35.811115.fna,8470,
Biragzang__NODE_1252_length_8482_cov_9.956568.fna,8458,
Biragzang__NODE_1253_length_8481_cov_10.737954.fna,8178,
Biragzang__NODE_1254_length_8479_cov_13.042854.fna,8455,
Biragzang__NODE_1255_length_8479_cov_10.786562.fna,8455,
Biragzang__NODE_1256_length_8471_cov_9.391635.fna,8447,
Biragzang__NODE_1257_length_8468_cov_6.869131.fna,8444,
Biragzang__NODE_1258_length_8466_cov_8.292117.fna,8442,
Biragzang__NODE_1259_length_8460_cov_7.131588.fna,8436,
Biragzang__NODE_125_length_26947_cov_52.042169.fna,26922,
Biragzang__NODE_1260_length_8457_cov_17.951797.fna,8433,
Biragzang__NODE_1261_length_8454_cov_48.221693.fna,8430,
Biragzang__NODE_1262_length_8451_cov_6.291687.fna,8423,
Biragzang__NODE_1263_length_8449_cov_59.486300.fna,8425,
Biragzang__NODE_1264_length_8447_cov_9.827812.fna,8423,
Biragzang__NODE_1265_length_8447_cov_9.331387.fna,8423,
Biragzang__NODE_1266_length_8445_cov_7.299523.fna,8421,
Biragzang__NODE_1267_length_8441_cov_27.622705.fna,8417,
Biragzang__NODE_1268_length_8440_cov_8.489088.fna,8416,
Biragzang__NODE_1269_length_8437_cov_6.311978.fna,8413,
Biragzang__NODE_126_length_26923_cov_10.955672.fna,26851,
Biragzang__NODE_1270_length_8436_cov_10.946904.fna,8412,
Biragzang__NODE_1271_length_8435_cov_7.345107.fna,8411,
Biragzang__NODE_1272_length_8426_cov_11.821527.fna,8402,
Biragzang__NODE_1273_length_8421_cov_8.099689.fna,8397,
Biragzang__NODE_1274_length_8418_cov_35.842401.fna,8378,
Biragzang__NODE_1275_length_8417_cov_37.392849.fna,8272,
Biragzang__NODE_1276_length_8416_cov_9.922139.fna,8392,
Biragzang__NODE_1277_length_8412_cov_9.339476.fna,8275,
Biragzang__NODE_1278_length_8411_cov_11.613092.fna,8387,
Biragzang__NODE_1279_length_8407_cov_14.701269.fna,8383,
Biragzang__NODE_127_length_26910_cov_87.160678.fna,26854,
Biragzang__NODE_1280_length_8406_cov_7.368100.fna,8382,
Biragzang__NODE_1281_length_8403_cov_10.573551.fna,8379,7:3,
Biragzang__NODE_1282_length_8398_cov_13.089896.fna,8374,
Biragzang__NODE_1283_length_8398_cov_10.312837.fna,8374,
Biragzang__NODE_1284_length_8390_cov_6.225915.fna,8349,
Biragzang__NODE_1285_length_8388_cov_7.814113.fna,8364,
Biragzang__NODE_1286_length_8385_cov_38.920408.fna,8361,
Biragzang__NODE_1287_length_8377_cov_30.259913.fna,8353,
Biragzang__NODE_1288_length_8371_cov_6.042929.fna,8347,
Biragzang__NODE_1289_length_8369_cov_6.325114.fna,8345,
Biragzang__NODE_128_length_26886_cov_11.573329.fna,26862,
Biragzang__NODE_1290_length_8364_cov_9.598628.fna,8340,
Biragzang__NODE_1291_length_8358_cov_20.862218.fna,8334,
Biragzang__NODE_1292_length_8350_cov_29.196022.fna,8284,
Biragzang__NODE_1293_length_8346_cov_5.897841.fna,8322,
Biragzang__NODE_1294_length_8344_cov_12.233683.fna,8320,
Biragzang__NODE_1295_length_8339_cov_11.334862.fna,8315,
Biragzang__NODE_1296_length_8339_cov_7.097537.fna,8315,
Biragzang__NODE_1297_length_8329_cov_6.446701.fna,8305,
Biragzang__NODE_1298_length_8326_cov_29.731592.fna,8302,
Biragzang__NODE_1299_length_8323_cov_10.606555.fna,8299,
Biragzang__NODE_129_length_26874_cov_41.778553.fna,26785,
Biragzang__NODE_12_length_52480_cov_57.744130.fna,52211,
Biragzang__NODE_1300_length_8323_cov_9.117078.fna,8299,
Biragzang__NODE_1301_length_8321_cov_14.370070.fna,8297,
Biragzang__NODE_1302_length_8320_cov_17.486146.fna,8296,
Biragzang__NODE_1303_length_8315_cov_12.446973.fna,8291,
Biragzang__NODE_1304_length_8309_cov_30.330749.fna,8285,
Biragzang__NODE_1305_length_8308_cov_6.976736.fna,8284,
Biragzang__NODE_1306_length_8305_cov_15.116000.fna,8281,
Biragzang__NODE_1307_length_8304_cov_6.905322.fna,8280,
Biragzang__NODE_1308_length_8304_cov_6.351315.fna,8280,
Biragzang__NODE_1309_length_8294_cov_25.028523.fna,8270,
Biragzang__NODE_130_length_26790_cov_42.138769.fna,26766,
Biragzang__NODE_1310_length_8288_cov_6.774930.fna,8264,
Biragzang__NODE_1311_length_8283_cov_7.061133.fna,8259,
Biragzang__NODE_1312_length_8280_cov_12.479027.fna,8256,
Biragzang__NODE_1313_length_8279_cov_56.600559.fna,8254,
Biragzang__NODE_1314_length_8272_cov_16.368139.fna,8124,
Biragzang__NODE_1315_length_8269_cov_9.065620.fna,8245,
Biragzang__NODE_1316_length_8268_cov_6.270060.fna,8244,
Biragzang__NODE_1317_length_8267_cov_9.747077.fna,8243,
Biragzang__NODE_1318_length_8266_cov_19.377421.fna,8242,
Biragzang__NODE_1319_length_8253_cov_12.149427.fna,8229,
Biragzang__NODE_131_length_26768_cov_40.976116.fna,26732,
Biragzang__NODE_1320_length_8252_cov_57.300232.fna,8228,
Biragzang__NODE_1321_length_8252_cov_48.723801.fna,8228,
Biragzang__NODE_1322_length_8251_cov_8.934846.fna,8227,
Biragzang__NODE_1323_length_8249_cov_42.719429.fna,8225,
Biragzang__NODE_1324_length_8247_cov_12.613525.fna,8223,
Biragzang__NODE_1325_length_8244_cov_35.819148.fna,8220,
Biragzang__NODE_1326_length_8241_cov_49.967139.fna,8035,
Biragzang__NODE_1327_length_8240_cov_12.664020.fna,8216,
Biragzang__NODE_1328_length_8237_cov_17.486923.fna,8213,
Biragzang__NODE_1329_length_8231_cov_68.035837.fna,7963,
Biragzang__NODE_132_length_26638_cov_12.012489.fna,26614,
Biragzang__NODE_1330_length_8228_cov_10.870549.fna,8204,
Biragzang__NODE_1331_length_8228_cov_6.705371.fna,8204,
Biragzang__NODE_1332_length_8227_cov_54.577827.fna,8203,
Biragzang__NODE_1333_length_8209_cov_15.199289.fna,8185,
Biragzang__NODE_1334_length_8193_cov_4.992873.fna,8169,
Biragzang__NODE_1335_length_8191_cov_14.127950.fna,8167,
Biragzang__NODE_1336_length_8185_cov_28.580812.fna,8161,
Biragzang__NODE_1337_length_8183_cov_9.207800.fna,8159,
Biragzang__NODE_1338_length_8182_cov_5.410114.fna,8158,
Biragzang__NODE_1339_length_8181_cov_11.399089.fna,8157,
Biragzang__NODE_133_length_26449_cov_44.765932.fna,26425,
Biragzang__NODE_1340_length_8176_cov_7.086935.fna,8152,
Biragzang__NODE_1341_length_8173_cov_17.759177.fna,7937,
Biragzang__NODE_1342_length_8171_cov_10.229423.fna,7992,
Biragzang__NODE_1343_length_8163_cov_13.006167.fna,8110,
Biragzang__NODE_1344_length_8161_cov_11.017148.fna,8137,
Biragzang__NODE_1345_length_8155_cov_9.673457.fna,8131,
Biragzang__NODE_1346_length_8149_cov_11.240796.fna,7945,
Biragzang__NODE_1347_length_8145_cov_12.005068.fna,7997,
Biragzang__NODE_1348_length_8144_cov_50.662505.fna,8120,
Biragzang__NODE_1349_length_8137_cov_9.843108.fna,8113,
Biragzang__NODE_134_length_26238_cov_33.962877.fna,26214,
Biragzang__NODE_1350_length_8132_cov_7.644422.fna,8108,
Biragzang__NODE_1351_length_8122_cov_5.989587.fna,8098,
Biragzang__NODE_1352_length_8120_cov_7.630998.fna,8096,
Biragzang__NODE_1353_length_8117_cov_10.978789.fna,8093,
Biragzang__NODE_1354_length_8113_cov_36.718292.fna,8089,
Biragzang__NODE_1355_length_8113_cov_14.341400.fna,8089,
Biragzang__NODE_1356_length_8113_cov_9.396997.fna,8089,
Biragzang__NODE_1357_length_8107_cov_11.669399.fna,8083,
Biragzang__NODE_1358_length_8103_cov_9.324428.fna,8079,
Biragzang__NODE_1359_length_8101_cov_47.161322.fna,8077,
Biragzang__NODE_135_length_26216_cov_38.169909.fna,26107,
Biragzang__NODE_1360_length_8097_cov_47.104452.fna,7866,
Biragzang__NODE_1361_length_8094_cov_6.551561.fna,8063,
Biragzang__NODE_1362_length_8088_cov_23.297025.fna,8064,
Biragzang__NODE_1363_length_8086_cov_37.582493.fna,8062,
Biragzang__NODE_1364_length_8083_cov_7.278899.fna,8059,
Biragzang__NODE_1365_length_8082_cov_11.327893.fna,8058,
Biragzang__NODE_1366_length_8081_cov_10.290057.fna,8057,
Biragzang__NODE_1367_length_8076_cov_12.516145.fna,8052,
Biragzang__NODE_1368_length_8076_cov_10.849021.fna,8052,
Biragzang__NODE_1369_length_8068_cov_36.571072.fna,8044,
Biragzang__NODE_136_length_26174_cov_59.137716.fna,25662,
Biragzang__NODE_1370_length_8066_cov_14.979903.fna,8042,
Biragzang__NODE_1371_length_8066_cov_11.053427.fna,8042,
Biragzang__NODE_1372_length_8065_cov_6.029338.fna,8041,
Biragzang__NODE_1373_length_8059_cov_12.594703.fna,8022,
Biragzang__NODE_1374_length_8058_cov_29.313008.fna,8007,
Biragzang__NODE_1375_length_8056_cov_10.028746.fna,8032,
Biragzang__NODE_1376_length_8055_cov_6.947250.fna,8031,
Biragzang__NODE_1377_length_8048_cov_12.424496.fna,8024,
Biragzang__NODE_1378_length_8046_cov_6.047053.fna,8020,
Biragzang__NODE_1379_length_8043_cov_35.952429.fna,8019,
Biragzang__NODE_137_length_26131_cov_33.558866.fna,26107,
Biragzang__NODE_1380_length_8042_cov_44.184926.fna,8018,
Biragzang__NODE_1381_length_8040_cov_11.742142.fna,8016,
Biragzang__NODE_1382_length_8035_cov_10.174311.fna,8011,
Biragzang__NODE_1383_length_8023_cov_63.626506.fna,7994,
Biragzang__NODE_1384_length_8021_cov_6.256214.fna,7997,
Biragzang__NODE_1385_length_8020_cov_7.509605.fna,7996,
Biragzang__NODE_1386_length_8016_cov_32.523175.fna,7992,
Biragzang__NODE_1387_length_8011_cov_7.631850.fna,7972,
Biragzang__NODE_1388_length_8009_cov_18.514584.fna,7985,
Biragzang__NODE_1389_length_8008_cov_32.338111.fna,7984,
Biragzang__NODE_138_length_26128_cov_11.916235.fna,26104,
Biragzang__NODE_1390_length_8008_cov_8.475041.fna,7984,
Biragzang__NODE_1391_length_8004_cov_57.697446.fna,7980,
Biragzang__NODE_1392_length_8001_cov_7.297634.fna,7977,
Biragzang__NODE_1393_length_8000_cov_6.091126.fna,7976,
Biragzang__NODE_1394_length_7996_cov_8.028586.fna,7972,
Biragzang__NODE_1395_length_7993_cov_10.104560.fna,7969,
Biragzang__NODE_1396_length_7993_cov_7.785336.fna,7969,
Biragzang__NODE_1397_length_7990_cov_12.884184.fna,7966,
Biragzang__NODE_1398_length_7988_cov_10.888693.fna,7964,
Biragzang__NODE_1399_length_7978_cov_9.305061.fna,7954,
Biragzang__NODE_139_length_26080_cov_37.382709.fna,26056,
Biragzang__NODE_13_length_52248_cov_12.253770.fna,52218,
Biragzang__NODE_1400_length_7976_cov_6.217018.fna,7952,
Biragzang__NODE_1401_length_7970_cov_24.231586.fna,7946,21:7,
Biragzang__NODE_1402_length_7970_cov_10.408718.fna,7946,
Biragzang__NODE_1403_length_7967_cov_7.939459.fna,7943,
Biragzang__NODE_1404_length_7967_cov_6.904323.fna,7943,
Biragzang__NODE_1405_length_7967_cov_5.420627.fna,7943,
Biragzang__NODE_1406_length_7963_cov_7.912241.fna,7939,
Biragzang__NODE_1407_length_7952_cov_36.863366.fna,7928,
Biragzang__NODE_1408_length_7948_cov_10.610288.fna,7924,
Biragzang__NODE_1409_length_7947_cov_5.590345.fna,7923,
Biragzang__NODE_140_length_25912_cov_54.351356.fna,25888,
Biragzang__NODE_1410_length_7943_cov_12.763058.fna,7919,11:5,
Biragzang__NODE_1411_length_7941_cov_11.548187.fna,7917,
Biragzang__NODE_1412_length_7935_cov_12.288325.fna,7911,
Biragzang__NODE_1413_length_7925_cov_15.700889.fna,7901,
Biragzang__NODE_1414_length_7922_cov_6.977247.fna,7898,
Biragzang__NODE_1415_length_7921_cov_15.613272.fna,7897,
Biragzang__NODE_1416_length_7921_cov_6.229596.fna,7897,
Biragzang__NODE_1417_length_7920_cov_15.144819.fna,7896,
Biragzang__NODE_1418_length_7916_cov_11.201628.fna,7892,
Biragzang__NODE_1419_length_7915_cov_24.633079.fna,7891,
Biragzang__NODE_141_length_25819_cov_45.611085.fna,25470,
Biragzang__NODE_1420_length_7912_cov_23.690594.fna,7888,
Biragzang__NODE_1421_length_7906_cov_24.393326.fna,7882,
Biragzang__NODE_1422_length_7906_cov_16.416507.fna,7882,
Biragzang__NODE_1423_length_7901_cov_5.945322.fna,7877,
Biragzang__NODE_1424_length_7900_cov_7.469089.fna,7876,
Biragzang__NODE_1425_length_7889_cov_13.328568.fna,7865,
Biragzang__NODE_1426_length_7882_cov_15.110004.fna,7858,
Biragzang__NODE_1427_length_7879_cov_13.637270.fna,7516,
Biragzang__NODE_1428_length_7879_cov_6.086273.fna,7855,
Biragzang__NODE_1429_length_7876_cov_8.761284.fna,7850,
Biragzang__NODE_142_length_25777_cov_10.843636.fna,25725,
Biragzang__NODE_1430_length_7873_cov_19.403044.fna,7849,
Biragzang__NODE_1431_length_7868_cov_49.976194.fna,7844,
Biragzang__NODE_1432_length_7859_cov_8.437340.fna,7835,
Biragzang__NODE_1433_length_7858_cov_4.426631.fna,7825,
Biragzang__NODE_1434_length_7851_cov_5.020523.fna,7827,
Biragzang__NODE_1435_length_7843_cov_7.862481.fna,7819,
Biragzang__NODE_1436_length_7835_cov_40.211311.fna,7811,
Biragzang__NODE_1437_length_7825_cov_9.695367.fna,7801,
Biragzang__NODE_1438_length_7817_cov_36.826720.fna,7453,
Biragzang__NODE_1439_length_7813_cov_33.116396.fna,7789,
Biragzang__NODE_143_length_25743_cov_40.352382.fna,25710,
Biragzang__NODE_1440_length_7813_cov_6.878061.fna,7789,
Biragzang__NODE_1441_length_7808_cov_48.566877.fna,7660,
Biragzang__NODE_1442_length_7808_cov_6.661937.fna,7750,
Biragzang__NODE_1443_length_7807_cov_6.344943.fna,7783,
Biragzang__NODE_1444_length_7806_cov_5.310928.fna,7782,
Biragzang__NODE_1445_length_7803_cov_8.640552.fna,7779,
Biragzang__NODE_1446_length_7801_cov_35.846501.fna,7777,
Biragzang__NODE_1447_length_7799_cov_10.931043.fna,7775,
Biragzang__NODE_1448_length_7799_cov_4.631586.fna,7775,
Biragzang__NODE_1449_length_7797_cov_45.230044.fna,7773,
Biragzang__NODE_144_length_25681_cov_41.989971.fna,25495,
Biragzang__NODE_1450_length_7790_cov_15.487783.fna,7766,
Biragzang__NODE_1451_length_7788_cov_30.459847.fna,7764,
Biragzang__NODE_1452_length_7787_cov_9.687144.fna,7763,
Biragzang__NODE_1453_length_7779_cov_9.493786.fna,7734,
Biragzang__NODE_1454_length_7776_cov_31.573889.fna,7628,
Biragzang__NODE_1455_length_7759_cov_12.766485.fna,7735,
Biragzang__NODE_1456_length_7756_cov_9.580574.fna,7732,
Biragzang__NODE_1457_length_7752_cov_22.725867.fna,7728,
Biragzang__NODE_1458_length_7751_cov_9.369413.fna,7727,
Biragzang__NODE_1459_length_7748_cov_9.642142.fna,7724,
Biragzang__NODE_145_length_25658_cov_48.062766.fna,25623,
Biragzang__NODE_1460_length_7747_cov_6.265081.fna,7723,
Biragzang__NODE_1461_length_7743_cov_53.227497.fna,7719,
Biragzang__NODE_1462_length_7742_cov_10.136334.fna,7718,
Biragzang__NODE_1463_length_7741_cov_10.600312.fna,7712,
Biragzang__NODE_1464_length_7741_cov_6.325137.fna,7717,
Biragzang__NODE_1465_length_7729_cov_9.499088.fna,7705,
Biragzang__NODE_1466_length_7729_cov_9.140865.fna,7705,
Biragzang__NODE_1467_length_7723_cov_6.904408.fna,7699,
Biragzang__NODE_1468_length_7720_cov_63.367123.fna,6685,
Biragzang__NODE_1469_length_7717_cov_11.628426.fna,7693,
Biragzang__NODE_146_length_25644_cov_51.258627.fna,25620,
Biragzang__NODE_1470_length_7716_cov_9.456859.fna,7537,
Biragzang__NODE_1471_length_7710_cov_9.748922.fna,7686,3:7,
Biragzang__NODE_1472_length_7704_cov_12.070336.fna,7680,
Biragzang__NODE_1473_length_7694_cov_6.483833.fna,7670,
Biragzang__NODE_1474_length_7691_cov_13.825563.fna,7667,
Biragzang__NODE_1475_length_7690_cov_12.694434.fna,7666,
Biragzang__NODE_1476_length_7687_cov_59.672825.fna,7663,
Biragzang__NODE_1477_length_7687_cov_56.904350.fna,7632,
Biragzang__NODE_1478_length_7681_cov_11.114215.fna,7657,
Biragzang__NODE_1479_length_7679_cov_9.793284.fna,7655,
Biragzang__NODE_147_length_25610_cov_29.264214.fna,25586,
Biragzang__NODE_1480_length_7675_cov_68.579265.fna,7259,
Biragzang__NODE_1481_length_7673_cov_34.124836.fna,7649,
Biragzang__NODE_1482_length_7673_cov_10.386847.fna,7649,
Biragzang__NODE_1483_length_7672_cov_6.236051.fna,7648,
Biragzang__NODE_1484_length_7653_cov_12.793367.fna,7629,
Biragzang__NODE_1485_length_7638_cov_5.940789.fna,7614,
Biragzang__NODE_1486_length_7636_cov_11.991030.fna,7488,
Biragzang__NODE_1487_length_7633_cov_10.863552.fna,7609,
Biragzang__NODE_1488_length_7629_cov_13.624637.fna,7605,
Biragzang__NODE_1489_length_7628_cov_10.107883.fna,7604,
Biragzang__NODE_148_length_25461_cov_33.072857.fna,25437,
Biragzang__NODE_1490_length_7624_cov_12.252874.fna,7574,
Biragzang__NODE_1491_length_7622_cov_6.351262.fna,7598,
Biragzang__NODE_1492_length_7619_cov_6.364754.fna,7595,
Biragzang__NODE_1493_length_7617_cov_12.721634.fna,7575,
Biragzang__NODE_1494_length_7617_cov_5.956890.fna,7593,
Biragzang__NODE_1495_length_7610_cov_36.040900.fna,7549,
Biragzang__NODE_1496_length_7608_cov_13.150669.fna,7584,
Biragzang__NODE_1497_length_7605_cov_6.653642.fna,7581,
Biragzang__NODE_1498_length_7603_cov_9.953498.fna,7579,
Biragzang__NODE_1499_length_7600_cov_8.703645.fna,7576,
Biragzang__NODE_149_length_25428_cov_33.960154.fna,25404,
Biragzang__NODE_14_length_51151_cov_36.436844.fna,51127,
Biragzang__NODE_1500_length_7591_cov_14.346736.fna,7567,
Biragzang__NODE_1501_length_7591_cov_11.840366.fna,7567,
Biragzang__NODE_1502_length_7589_cov_30.863950.fna,7565,
Biragzang__NODE_1503_length_7583_cov_34.180393.fna,7559,
Biragzang__NODE_1504_length_7580_cov_11.064585.fna,7556,
Biragzang__NODE_1505_length_7580_cov_8.346047.fna,7556,
Biragzang__NODE_1506_length_7575_cov_6.245745.fna,7551,
Biragzang__NODE_1507_length_7574_cov_53.048411.fna,7550,
Biragzang__NODE_1508_length_7573_cov_7.087390.fna,7549,
Biragzang__NODE_1509_length_7572_cov_47.997339.fna,7548,
Biragzang__NODE_150_length_25226_cov_39.560566.fna,25202,
Biragzang__NODE_1510_length_7572_cov_47.691366.fna,7548,
Biragzang__NODE_1511_length_7571_cov_37.986296.fna,7547,
Biragzang__NODE_1512_length_7570_cov_6.145975.fna,7546,
Biragzang__NODE_1513_length_7565_cov_9.541278.fna,7541,
Biragzang__NODE_1514_length_7564_cov_11.243841.fna,7454,
Biragzang__NODE_1515_length_7563_cov_45.813799.fna,7407,
Biragzang__NODE_1516_length_7562_cov_7.771946.fna,7454,
Biragzang__NODE_1517_length_7550_cov_11.675517.fna,7526,
Biragzang__NODE_1518_length_7537_cov_11.611868.fna,7513,
Biragzang__NODE_1519_length_7527_cov_10.123260.fna,7503,
Biragzang__NODE_151_length_25225_cov_11.703258.fna,25199,
Biragzang__NODE_1520_length_7519_cov_13.707931.fna,7489,
Biragzang__NODE_1521_length_7513_cov_27.802628.fna,7489,
Biragzang__NODE_1522_length_7511_cov_14.486856.fna,7487,
Biragzang__NODE_1523_length_7510_cov_17.854594.fna,7486,
Biragzang__NODE_1524_length_7505_cov_11.717718.fna,7481,
Biragzang__NODE_1525_length_7503_cov_13.001208.fna,7479,
Biragzang__NODE_1526_length_7496_cov_11.963849.fna,7472,
Biragzang__NODE_1527_length_7494_cov_14.046243.fna,7470,
Biragzang__NODE_1528_length_7493_cov_15.831406.fna,7469,
Biragzang__NODE_1529_length_7486_cov_9.945499.fna,7307,
Biragzang__NODE_152_length_25140_cov_12.127566.fna,25116,
Biragzang__NODE_1530_length_7484_cov_4.781397.fna,7460,
Biragzang__NODE_1531_length_7481_cov_12.542957.fna,7457,
Biragzang__NODE_1532_length_7478_cov_23.746464.fna,7454,
Biragzang__NODE_1533_length_7475_cov_12.496765.fna,7327,
Biragzang__NODE_1534_length_7472_cov_16.933531.fna,7448,
Biragzang__NODE_1535_length_7468_cov_9.380278.fna,7399,
Biragzang__NODE_1536_length_7456_cov_14.866910.fna,7432,
Biragzang__NODE_1537_length_7453_cov_31.728035.fna,7429,
Biragzang__NODE_1538_length_7447_cov_31.298837.fna,7423,
Biragzang__NODE_1539_length_7446_cov_9.051143.fna,7417,
Biragzang__NODE_153_length_25106_cov_39.589038.fna,25040,
Biragzang__NODE_1540_length_7445_cov_17.153857.fna,7421,
Biragzang__NODE_1541_length_7443_cov_36.579589.fna,7403,
Biragzang__NODE_1542_length_7442_cov_45.322594.fna,7418,
Biragzang__NODE_1543_length_7441_cov_14.177904.fna,7417,
Biragzang__NODE_1544_length_7436_cov_45.704512.fna,7257,
Biragzang__NODE_1545_length_7432_cov_54.587773.fna,7408,
Biragzang__NODE_1546_length_7426_cov_11.341745.fna,3701,
Biragzang__NODE_1547_length_7425_cov_41.505427.fna,7400,
Biragzang__NODE_1548_length_7422_cov_35.647482.fna,7398,
Biragzang__NODE_1549_length_7422_cov_5.706801.fna,7398,
Biragzang__NODE_154_length_25042_cov_10.020931.fna,25006,
Biragzang__NODE_1550_length_7421_cov_7.183275.fna,7397,
Biragzang__NODE_1551_length_7413_cov_51.721799.fna,7389,
Biragzang__NODE_1552_length_7411_cov_29.199157.fna,7387,
Biragzang__NODE_1553_length_7404_cov_7.781331.fna,7380,
Biragzang__NODE_1554_length_7402_cov_14.657003.fna,7378,
Biragzang__NODE_1555_length_7396_cov_12.596104.fna,7372,
Biragzang__NODE_1556_length_7395_cov_5.710763.fna,7371,
Biragzang__NODE_1557_length_7392_cov_31.249012.fna,7363,
Biragzang__NODE_1558_length_7387_cov_9.920486.fna,7363,
Biragzang__NODE_1559_length_7387_cov_6.710720.fna,7363,
Biragzang__NODE_155_length_24983_cov_52.931162.fna,24957,
Biragzang__NODE_1560_length_7384_cov_12.831764.fna,7360,
Biragzang__NODE_1561_length_7382_cov_36.022383.fna,7358,
Biragzang__NODE_1562_length_7376_cov_37.089878.fna,7352,
Biragzang__NODE_1563_length_7372_cov_5.209239.fna,7348,
Biragzang__NODE_1564_length_7368_cov_7.210994.fna,7344,
Biragzang__NODE_1565_length_7367_cov_14.301696.fna,7343,
Biragzang__NODE_1566_length_7364_cov_28.636339.fna,7340,
Biragzang__NODE_1567_length_7364_cov_6.401149.fna,7340,3:3,
Biragzang__NODE_1568_length_7357_cov_53.830868.fna,7333,
Biragzang__NODE_1569_length_7357_cov_15.978499.fna,7333,
Biragzang__NODE_156_length_24900_cov_30.662950.fna,24876,
Biragzang__NODE_1570_length_7356_cov_11.794001.fna,7332,
Biragzang__NODE_1571_length_7355_cov_17.564658.fna,7331,
Biragzang__NODE_1572_length_7354_cov_11.376079.fna,7330,
Biragzang__NODE_1573_length_7352_cov_6.819378.fna,7328,
Biragzang__NODE_1574_length_7352_cov_6.487735.fna,7328,
Biragzang__NODE_1575_length_7350_cov_7.908019.fna,7326,
Biragzang__NODE_1576_length_7346_cov_11.933068.fna,7322,
Biragzang__NODE_1577_length_7343_cov_10.111004.fna,7319,
Biragzang__NODE_1578_length_7342_cov_6.868670.fna,7318,
Biragzang__NODE_1579_length_7338_cov_41.739393.fna,7314,
Biragzang__NODE_157_length_24774_cov_37.542700.fna,24747,
Biragzang__NODE_1580_length_7338_cov_28.592201.fna,7314,
Biragzang__NODE_1581_length_7335_cov_10.471566.fna,7311,
Biragzang__NODE_1582_length_7334_cov_12.397033.fna,7302,
Biragzang__NODE_1583_length_7333_cov_36.793487.fna,7309,
Biragzang__NODE_1584_length_7331_cov_16.772677.fna,7307,
Biragzang__NODE_1585_length_7326_cov_47.536515.fna,7302,
Biragzang__NODE_1586_length_7325_cov_39.240853.fna,7301,
Biragzang__NODE_1587_length_7322_cov_34.844503.fna,7298,
Biragzang__NODE_1588_length_7319_cov_7.310022.fna,7295,
Biragzang__NODE_1589_length_7310_cov_52.056099.fna,7286,
Biragzang__NODE_158_length_24773_cov_45.655676.fna,24688,
Biragzang__NODE_1590_length_7308_cov_10.778850.fna,7284,
Biragzang__NODE_1591_length_7308_cov_10.489728.fna,7160,
Biragzang__NODE_1592_length_7306_cov_8.174735.fna,7282,
Biragzang__NODE_1593_length_7305_cov_13.335586.fna,7281,
Biragzang__NODE_1594_length_7299_cov_120.919658.fna,7275,
Biragzang__NODE_1595_length_7292_cov_18.339920.fna,7268,
Biragzang__NODE_1596_length_7292_cov_9.006771.fna,7268,
Biragzang__NODE_1597_length_7288_cov_34.504217.fna,7264,
Biragzang__NODE_1598_length_7286_cov_6.419859.fna,7262,
Biragzang__NODE_1599_length_7282_cov_3.727826.fna,7190,
Biragzang__NODE_159_length_24765_cov_55.323675.fna,24716,
Biragzang__NODE_15_length_49941_cov_30.881911.fna,49883,
Biragzang__NODE_1600_length_7279_cov_46.431340.fna,7241,
Biragzang__NODE_1601_length_7270_cov_29.472072.fna,7246,
Biragzang__NODE_1602_length_7269_cov_11.934156.fna,7059,
Biragzang__NODE_1603_length_7266_cov_14.620164.fna,7242,
Biragzang__NODE_1604_length_7264_cov_6.592038.fna,7240,
Biragzang__NODE_1605_length_7253_cov_15.779800.fna,7229,
Biragzang__NODE_1606_length_7250_cov_7.876859.fna,7225,
Biragzang__NODE_1607_length_7249_cov_41.895885.fna,7225,
Biragzang__NODE_1608_length_7248_cov_30.019307.fna,7211,
Biragzang__NODE_1609_length_7246_cov_51.655542.fna,7222,
Biragzang__NODE_160_length_24605_cov_43.873727.fna,24581,
Biragzang__NODE_1610_length_7246_cov_9.407732.fna,7222,
Biragzang__NODE_1611_length_7243_cov_18.292849.fna,7219,
Biragzang__NODE_1612_length_7241_cov_12.273309.fna,7217,
Biragzang__NODE_1613_length_7239_cov_5.919961.fna,7215,
Biragzang__NODE_1614_length_7238_cov_42.053738.fna,7214,
Biragzang__NODE_1615_length_7236_cov_44.903356.fna,7206,
Biragzang__NODE_1616_length_7231_cov_29.062291.fna,7175,
Biragzang__NODE_1617_length_7231_cov_6.410953.fna,7207,
Biragzang__NODE_1618_length_7230_cov_5.800976.fna,7197,
Biragzang__NODE_1619_length_7225_cov_22.373361.fna,7201,
Biragzang__NODE_161_length_24563_cov_41.671373.fna,24539,
Biragzang__NODE_1620_length_7220_cov_28.371389.fna,7191,
Biragzang__NODE_1621_length_7219_cov_11.365299.fna,7195,
Biragzang__NODE_1622_length_7215_cov_42.177793.fna,7191,
Biragzang__NODE_1623_length_7215_cov_16.005168.fna,7191,
Biragzang__NODE_1624_length_7211_cov_31.345584.fna,7182,
Biragzang__NODE_1625_length_7206_cov_10.866732.fna,7182,
Biragzang__NODE_1626_length_7199_cov_17.980683.fna,7175,
Biragzang__NODE_1627_length_7195_cov_25.529972.fna,7171,
Biragzang__NODE_1628_length_7195_cov_6.178011.fna,7171,
Biragzang__NODE_1629_length_7194_cov_12.351030.fna,7170,
Biragzang__NODE_162_length_24494_cov_32.208887.fna,24470,
Biragzang__NODE_1630_length_7193_cov_6.759036.fna,7169,
Biragzang__NODE_1631_length_7192_cov_36.673392.fna,7154,
Biragzang__NODE_1632_length_7192_cov_6.958386.fna,7168,
Biragzang__NODE_1633_length_7190_cov_52.567344.fna,7166,
Biragzang__NODE_1634_length_7187_cov_9.392316.fna,7163,
Biragzang__NODE_1635_length_7185_cov_8.582328.fna,7161,
Biragzang__NODE_1636_length_7181_cov_11.115633.fna,7157,
Biragzang__NODE_1637_length_7174_cov_11.304678.fna,7116,
Biragzang__NODE_1638_length_7172_cov_9.500070.fna,7145,
Biragzang__NODE_1639_length_7154_cov_20.343429.fna,7130,
Biragzang__NODE_163_length_24444_cov_12.613227.fna,24420,
Biragzang__NODE_1640_length_7152_cov_31.618994.fna,7128,
Biragzang__NODE_1641_length_7147_cov_38.842499.fna,6958,
Biragzang__NODE_1642_length_7147_cov_10.989989.fna,7123,
Biragzang__NODE_1643_length_7146_cov_18.353829.fna,7122,
Biragzang__NODE_1644_length_7143_cov_31.906744.fna,7119,
Biragzang__NODE_1645_length_7140_cov_45.551729.fna,7108,
Biragzang__NODE_1646_length_7135_cov_4.833192.fna,7111,
Biragzang__NODE_1647_length_7134_cov_44.957904.fna,7110,
Biragzang__NODE_1648_length_7129_cov_14.622279.fna,7105,
Biragzang__NODE_1649_length_7125_cov_10.733098.fna,7101,
Biragzang__NODE_164_length_24268_cov_46.736051.fna,24049,
Biragzang__NODE_1650_length_7121_cov_11.879989.fna,7097,
Biragzang__NODE_1651_length_7119_cov_7.004813.fna,7095,
Biragzang__NODE_1652_length_7118_cov_9.395158.fna,7094,
Biragzang__NODE_1653_length_7117_cov_20.510903.fna,7093,
Biragzang__NODE_1654_length_7114_cov_12.774047.fna,7090,11:2,
Biragzang__NODE_1655_length_7113_cov_20.211108.fna,7089,
Biragzang__NODE_1656_length_7113_cov_6.144659.fna,7089,
Biragzang__NODE_1657_length_7109_cov_37.144457.fna,7085,
Biragzang__NODE_1658_length_7108_cov_5.467461.fna,7084,
Biragzang__NODE_1659_length_7104_cov_8.003972.fna,7080,
Biragzang__NODE_165_length_24258_cov_43.681197.fna,24031,
Biragzang__NODE_1660_length_7104_cov_7.093630.fna,7080,
Biragzang__NODE_1661_length_7102_cov_45.045977.fna,7078,
Biragzang__NODE_1662_length_7101_cov_27.079336.fna,7077,
Biragzang__NODE_1663_length_7101_cov_11.312092.fna,7077,
Biragzang__NODE_1664_length_7100_cov_22.983818.fna,7076,
Biragzang__NODE_1665_length_7099_cov_10.752839.fna,7075,
Biragzang__NODE_1666_length_7097_cov_16.031241.fna,7073,
Biragzang__NODE_1667_length_7097_cov_7.974013.fna,7073,
Biragzang__NODE_1668_length_7095_cov_6.805398.fna,7071,
Biragzang__NODE_1669_length_7089_cov_11.979102.fna,7065,
Biragzang__NODE_166_length_24234_cov_46.419165.fna,24210,
Biragzang__NODE_1670_length_7086_cov_10.400796.fna,7062,
Biragzang__NODE_1671_length_7083_cov_21.767501.fna,7059,
Biragzang__NODE_1672_length_7070_cov_30.039202.fna,6994,
Biragzang__NODE_1673_length_7067_cov_8.444381.fna,7043,
Biragzang__NODE_1674_length_7067_cov_5.113662.fna,6888,
Biragzang__NODE_1675_length_7063_cov_48.864013.fna,7039,
Biragzang__NODE_1676_length_7063_cov_7.615868.fna,7039,
Biragzang__NODE_1677_length_7055_cov_24.572000.fna,7008,
Biragzang__NODE_1678_length_7051_cov_23.893654.fna,7027,
Biragzang__NODE_1679_length_7049_cov_5.519016.fna,7025,
Biragzang__NODE_167_length_24221_cov_38.610279.fna,24176,
Biragzang__NODE_1680_length_7046_cov_29.321842.fna,7022,
Biragzang__NODE_1681_length_7046_cov_8.967101.fna,7022,
Biragzang__NODE_1682_length_7045_cov_6.138484.fna,7021,
Biragzang__NODE_1683_length_7044_cov_9.679210.fna,7020,
Biragzang__NODE_1684_length_7041_cov_14.253221.fna,7017,
Biragzang__NODE_1685_length_7036_cov_7.265721.fna,7001,
Biragzang__NODE_1686_length_7035_cov_4.659885.fna,7011,
Biragzang__NODE_1687_length_7034_cov_44.873334.fna,6979,
Biragzang__NODE_1688_length_7034_cov_39.425849.fna,7010,
Biragzang__NODE_1689_length_7033_cov_51.480224.fna,7009,
Biragzang__NODE_168_length_24220_cov_39.870681.fna,23990,
Biragzang__NODE_1690_length_7031_cov_39.178612.fna,7007,
Biragzang__NODE_1691_length_7030_cov_16.186523.fna,7006,
Biragzang__NODE_1692_length_7029_cov_6.512618.fna,7005,
Biragzang__NODE_1693_length_7028_cov_45.890721.fna,7004,
Biragzang__NODE_1694_length_7028_cov_16.619676.fna,7004,
Biragzang__NODE_1695_length_7025_cov_11.035725.fna,7001,
Biragzang__NODE_1696_length_7025_cov_11.020803.fna,7001,
Biragzang__NODE_1697_length_7023_cov_32.911596.fna,6999,
Biragzang__NODE_1698_length_7023_cov_9.818599.fna,6999,
Biragzang__NODE_1699_length_7023_cov_8.071183.fna,6999,
Biragzang__NODE_169_length_24140_cov_10.362383.fna,24066,
Biragzang__NODE_16_length_49649_cov_11.287797.fna,49579,
Biragzang__NODE_1700_length_7023_cov_5.650976.fna,6999,
Biragzang__NODE_1701_length_7015_cov_49.144397.fna,6991,
Biragzang__NODE_1702_length_7013_cov_8.090543.fna,6989,
Biragzang__NODE_1703_length_7013_cov_6.706812.fna,6989,
Biragzang__NODE_1704_length_7009_cov_32.809318.fna,6985,
Biragzang__NODE_1705_length_7006_cov_36.639476.fna,6982,
Biragzang__NODE_1706_length_7006_cov_6.719177.fna,6982,
Biragzang__NODE_1707_length_7005_cov_14.344029.fna,6981,
Biragzang__NODE_1708_length_7002_cov_50.787390.fna,6823,
Biragzang__NODE_1709_length_6995_cov_8.499712.fna,6971,
Biragzang__NODE_170_length_24073_cov_10.868349.fna,24049,
Biragzang__NODE_1710_length_6990_cov_6.940447.fna,6966,
Biragzang__NODE_1711_length_6987_cov_9.373053.fna,6963,
Biragzang__NODE_1712_length_6985_cov_5.264358.fna,6961,
Biragzang__NODE_1713_length_6982_cov_12.972138.fna,6958,
Biragzang__NODE_1714_length_6979_cov_12.624206.fna,6955,
Biragzang__NODE_1715_length_6975_cov_11.378468.fna,6951,
Biragzang__NODE_1716_length_6973_cov_5.336224.fna,6943,
Biragzang__NODE_1717_length_6972_cov_8.872777.fna,6948,
Biragzang__NODE_1718_length_6970_cov_5.764859.fna,6946,
Biragzang__NODE_1719_length_6969_cov_23.244432.fna,6945,
Biragzang__NODE_171_length_24062_cov_10.370392.fna,24038,
Biragzang__NODE_1720_length_6969_cov_11.303153.fna,6945,
Biragzang__NODE_1721_length_6967_cov_15.523872.fna,6943,
Biragzang__NODE_1722_length_6965_cov_3.771346.fna,6941,
Biragzang__NODE_1723_length_6964_cov_12.886670.fna,6889,
Biragzang__NODE_1724_length_6959_cov_13.634125.fna,6935,
Biragzang__NODE_1725_length_6959_cov_11.718424.fna,6935,
Biragzang__NODE_1726_length_6949_cov_19.092544.fna,6925,
Biragzang__NODE_1727_length_6949_cov_13.334204.fna,6925,
Biragzang__NODE_1728_length_6948_cov_5.705934.fna,6890,
Biragzang__NODE_1729_length_6946_cov_10.510086.fna,6922,
Biragzang__NODE_172_length_23867_cov_40.026751.fna,23843,
Biragzang__NODE_1730_length_6945_cov_11.153266.fna,6921,
Biragzang__NODE_1731_length_6941_cov_10.315858.fna,6906,
Biragzang__NODE_1732_length_6938_cov_9.707976.fna,6913,
Biragzang__NODE_1733_length_6938_cov_5.427866.fna,6914,
Biragzang__NODE_1734_length_6932_cov_12.427076.fna,6908,
Biragzang__NODE_1735_length_6928_cov_11.751782.fna,6904,
Biragzang__NODE_1736_length_6928_cov_11.012367.fna,6898,
Biragzang__NODE_1737_length_6927_cov_11.476572.fna,6903,76:47,
Biragzang__NODE_1738_length_6927_cov_10.873836.fna,6903,
Biragzang__NODE_1739_length_6926_cov_24.943094.fna,6902,
Biragzang__NODE_173_length_23808_cov_12.709426.fna,23725,
Biragzang__NODE_1740_length_6926_cov_6.584922.fna,6902,
Biragzang__NODE_1741_length_6922_cov_14.323577.fna,6898,
Biragzang__NODE_1742_length_6918_cov_11.343436.fna,6894,
Biragzang__NODE_1743_length_6916_cov_7.459700.fna,6876,
Biragzang__NODE_1744_length_6911_cov_9.534568.fna,6887,
Biragzang__NODE_1745_length_6902_cov_6.253396.fna,6878,
Biragzang__NODE_1746_length_6898_cov_6.310682.fna,6874,
Biragzang__NODE_1747_length_6896_cov_9.217220.fna,6872,
Biragzang__NODE_1748_length_6895_cov_10.190936.fna,6871,
Biragzang__NODE_1749_length_6894_cov_9.766486.fna,6870,
Biragzang__NODE_174_length_23802_cov_42.543269.fna,23778,
Biragzang__NODE_1750_length_6890_cov_8.339576.fna,6866,21:2,
Biragzang__NODE_1751_length_6889_cov_8.089113.fna,6865,
Biragzang__NODE_1752_length_6888_cov_36.469633.fna,6709,
Biragzang__NODE_1753_length_6887_cov_7.748683.fna,6863,
Biragzang__NODE_1754_length_6885_cov_49.292679.fna,6861,
Biragzang__NODE_1755_length_6885_cov_30.933089.fna,6861,
Biragzang__NODE_1756_length_6885_cov_14.878477.fna,6861,
Biragzang__NODE_1757_length_6885_cov_5.006296.fna,6861,
Biragzang__NODE_1758_length_6883_cov_11.898946.fna,6859,
Biragzang__NODE_1759_length_6882_cov_16.418632.fna,6858,
Biragzang__NODE_175_length_23714_cov_45.329938.fna,23677,
Biragzang__NODE_1760_length_6881_cov_41.625256.fna,6857,
Biragzang__NODE_1761_length_6879_cov_45.143904.fna,6855,
Biragzang__NODE_1762_length_6878_cov_11.134985.fna,6849,
Biragzang__NODE_1763_length_6878_cov_6.885241.fna,6854,
Biragzang__NODE_1764_length_6874_cov_9.026250.fna,6850,
Biragzang__NODE_1765_length_6870_cov_7.466324.fna,6846,
Biragzang__NODE_1766_length_6869_cov_44.538891.fna,6814,
Biragzang__NODE_1767_length_6867_cov_6.466823.fna,6843,
Biragzang__NODE_1768_length_6864_cov_10.747246.fna,6840,
Biragzang__NODE_1769_length_6863_cov_7.050382.fna,6839,
Biragzang__NODE_176_length_23432_cov_52.968131.fna,23253,
Biragzang__NODE_1770_length_6862_cov_6.015572.fna,6838,
Biragzang__NODE_1771_length_6858_cov_8.920035.fna,6834,
Biragzang__NODE_1772_length_6857_cov_15.261688.fna,6823,
Biragzang__NODE_1773_length_6854_cov_11.608325.fna,6830,
Biragzang__NODE_1774_length_6850_cov_46.698160.fna,6826,
Biragzang__NODE_1775_length_6850_cov_15.008094.fna,6826,
Biragzang__NODE_1776_length_6847_cov_13.379417.fna,6699,
Biragzang__NODE_1777_length_6846_cov_10.061552.fna,6822,
Biragzang__NODE_1778_length_6844_cov_7.541464.fna,6820,
Biragzang__NODE_1779_length_6842_cov_9.356859.fna,6818,
Biragzang__NODE_177_length_23373_cov_52.273308.fna,23267,
Biragzang__NODE_1780_length_6841_cov_8.364721.fna,6817,
Biragzang__NODE_1781_length_6840_cov_8.458511.fna,6816,
Biragzang__NODE_1782_length_6834_cov_6.619413.fna,6810,
Biragzang__NODE_1783_length_6833_cov_7.464149.fna,6809,
Biragzang__NODE_1784_length_6831_cov_13.616440.fna,6807,
Biragzang__NODE_1785_length_6829_cov_30.447298.fna,6774,
Biragzang__NODE_1786_length_6828_cov_11.038831.fna,6804,
Biragzang__NODE_1787_length_6827_cov_7.407265.fna,6803,
Biragzang__NODE_1788_length_6827_cov_6.884672.fna,6679,
Biragzang__NODE_1789_length_6824_cov_5.296499.fna,6800,
Biragzang__NODE_178_length_23343_cov_55.074674.fna,23142,
Biragzang__NODE_1790_length_6822_cov_41.989951.fna,6798,
Biragzang__NODE_1791_length_6821_cov_7.255838.fna,6797,
Biragzang__NODE_1792_length_6821_cov_6.912208.fna,6797,
Biragzang__NODE_1793_length_6816_cov_5.841739.fna,6792,
Biragzang__NODE_1794_length_6813_cov_11.903670.fna,6789,
Biragzang__NODE_1795_length_6813_cov_5.721071.fna,6789,
Biragzang__NODE_1796_length_6810_cov_10.775870.fna,6786,
Biragzang__NODE_1797_length_6808_cov_12.909670.fna,6784,
Biragzang__NODE_1798_length_6799_cov_6.127966.fna,6775,
Biragzang__NODE_1799_length_6798_cov_16.414652.fna,6774,
Biragzang__NODE_179_length_23200_cov_11.602031.fna,23176,
Biragzang__NODE_17_length_48952_cov_39.249075.fna,48738,
Biragzang__NODE_1800_length_6797_cov_7.807920.fna,6773,
Biragzang__NODE_1801_length_6793_cov_15.313595.fna,6769,
Biragzang__NODE_1802_length_6793_cov_5.604185.fna,6769,
Biragzang__NODE_1803_length_6792_cov_5.224878.fna,6768,
Biragzang__NODE_1804_length_6792_cov_4.537034.fna,6768,
Biragzang__NODE_1805_length_6791_cov_13.702197.fna,6767,
Biragzang__NODE_1806_length_6791_cov_11.699525.fna,6767,
Biragzang__NODE_1807_length_6789_cov_37.098604.fna,6757,
Biragzang__NODE_1808_length_6785_cov_54.174146.fna,6761,
Biragzang__NODE_1809_length_6784_cov_46.686283.fna,6636,
Biragzang__NODE_180_length_22976_cov_11.633611.fna,22952,
Biragzang__NODE_1810_length_6782_cov_17.278430.fna,6758,
Biragzang__NODE_1811_length_6778_cov_13.832069.fna,6754,
Biragzang__NODE_1812_length_6777_cov_36.751116.fna,6753,
Biragzang__NODE_1813_length_6776_cov_10.027972.fna,6752,
Biragzang__NODE_1814_length_6774_cov_12.916654.fna,6750,
Biragzang__NODE_1815_length_6773_cov_5.735933.fna,6749,
Biragzang__NODE_1816_length_6769_cov_7.246500.fna,6724,
Biragzang__NODE_1817_length_6766_cov_52.092237.fna,6742,
Biragzang__NODE_1818_length_6765_cov_14.253651.fna,6741,
Biragzang__NODE_1819_length_6763_cov_51.898927.fna,6739,
Biragzang__NODE_181_length_22944_cov_29.508104.fna,22920,
Biragzang__NODE_1820_length_6763_cov_9.349434.fna,6739,
Biragzang__NODE_1821_length_6763_cov_7.510137.fna,6739,
Biragzang__NODE_1822_length_6763_cov_7.348390.fna,6739,70:1,
Biragzang__NODE_1823_length_6762_cov_7.970330.fna,6738,
Biragzang__NODE_1824_length_6762_cov_7.774564.fna,6738,
Biragzang__NODE_1825_length_6761_cov_7.040561.fna,6709,
Biragzang__NODE_1826_length_6758_cov_21.680143.fna,6734,
Biragzang__NODE_1827_length_6757_cov_14.388988.fna,6733,
Biragzang__NODE_1828_length_6754_cov_10.510972.fna,6730,
Biragzang__NODE_1829_length_6751_cov_5.558841.fna,6727,
Biragzang__NODE_182_length_22902_cov_26.074058.fna,22720,
Biragzang__NODE_1830_length_6746_cov_7.222388.fna,6722,
Biragzang__NODE_1831_length_6745_cov_5.204484.fna,6721,
Biragzang__NODE_1832_length_6744_cov_10.358350.fna,6596,
Biragzang__NODE_1833_length_6742_cov_11.341110.fna,6718,
Biragzang__NODE_1834_length_6741_cov_19.564613.fna,6717,
Biragzang__NODE_1835_length_6740_cov_10.436051.fna,6716,
Biragzang__NODE_1836_length_6738_cov_21.374233.fna,6714,
Biragzang__NODE_1837_length_6735_cov_7.724401.fna,6711,
Biragzang__NODE_1838_length_6733_cov_13.374513.fna,6709,
Biragzang__NODE_1839_length_6723_cov_10.220756.fna,6689,
Biragzang__NODE_183_length_22800_cov_11.772214.fna,22776,16:1,
Biragzang__NODE_1840_length_6717_cov_7.128790.fna,6693,
Biragzang__NODE_1841_length_6715_cov_8.646847.fna,6691,
Biragzang__NODE_1842_length_6714_cov_53.920859.fna,6690,
Biragzang__NODE_1843_length_6713_cov_6.285822.fna,6689,
Biragzang__NODE_1844_length_6711_cov_6.407001.fna,6687,
Biragzang__NODE_1845_length_6709_cov_8.864893.fna,6685,
Biragzang__NODE_1846_length_6707_cov_14.524504.fna,6683,
Biragzang__NODE_1847_length_6705_cov_10.502707.fna,6681,
Biragzang__NODE_1848_length_6704_cov_6.872011.fna,6680,
Biragzang__NODE_1849_length_6699_cov_31.285671.fna,6609,
Biragzang__NODE_184_length_22795_cov_34.987995.fna,22771,
Biragzang__NODE_1850_length_6698_cov_29.709168.fna,6674,
Biragzang__NODE_1851_length_6697_cov_51.167871.fna,6508,
Biragzang__NODE_1852_length_6692_cov_5.641103.fna,6668,
Biragzang__NODE_1853_length_6683_cov_16.039378.fna,6659,
Biragzang__NODE_1854_length_6681_cov_4.090251.fna,6657,
Biragzang__NODE_1855_length_6679_cov_11.409118.fna,6500,
Biragzang__NODE_1856_length_6678_cov_6.750113.fna,6654,
Biragzang__NODE_1857_length_6669_cov_7.156033.fna,6645,
Biragzang__NODE_1858_length_6665_cov_12.209682.fna,6641,
Biragzang__NODE_1859_length_6664_cov_11.894689.fna,6483,
Biragzang__NODE_185_length_22776_cov_40.235289.fna,22752,
Biragzang__NODE_1860_length_6663_cov_42.215648.fna,6515,
Biragzang__NODE_1861_length_6662_cov_8.026033.fna,6638,
Biragzang__NODE_1862_length_6661_cov_10.557978.fna,6637,
Biragzang__NODE_1863_length_6661_cov_5.078262.fna,6637,
Biragzang__NODE_1864_length_6657_cov_34.194184.fna,6633,
Biragzang__NODE_1865_length_6649_cov_35.432969.fna,6625,
Biragzang__NODE_1866_length_6648_cov_11.402093.fna,6624,
Biragzang__NODE_1867_length_6648_cov_5.893523.fna,6624,
Biragzang__NODE_1868_length_6645_cov_10.776935.fna,6621,
Biragzang__NODE_1869_length_6643_cov_19.909988.fna,6619,
Biragzang__NODE_186_length_22776_cov_39.947273.fna,22752,
Biragzang__NODE_1870_length_6640_cov_12.660289.fna,6616,
Biragzang__NODE_1871_length_6637_cov_48.706776.fna,6613,
Biragzang__NODE_1872_length_6637_cov_38.498633.fna,6613,
Biragzang__NODE_1873_length_6633_cov_6.339465.fna,6609,
Biragzang__NODE_1874_length_6631_cov_7.774027.fna,6607,
Biragzang__NODE_1875_length_6630_cov_11.246084.fna,6606,
Biragzang__NODE_1876_length_6623_cov_14.586632.fna,6599,
Biragzang__NODE_1877_length_6623_cov_10.322168.fna,6599,
Biragzang__NODE_1878_length_6620_cov_10.666870.fna,6596,
Biragzang__NODE_1879_length_6619_cov_5.996648.fna,6595,
Biragzang__NODE_187_length_22727_cov_44.405875.fna,22465,
Biragzang__NODE_1880_length_6617_cov_11.050442.fna,6553,
Biragzang__NODE_1881_length_6617_cov_5.872752.fna,6593,
Biragzang__NODE_1882_length_6616_cov_48.599909.fna,6592,
Biragzang__NODE_1883_length_6613_cov_5.731930.fna,6589,
Biragzang__NODE_1884_length_6612_cov_6.538661.fna,6588,
Biragzang__NODE_1885_length_6610_cov_10.605034.fna,6586,
Biragzang__NODE_1886_length_6609_cov_7.356881.fna,6585,
Biragzang__NODE_1887_length_6607_cov_6.467796.fna,6583,
Biragzang__NODE_1888_length_6606_cov_35.564189.fna,6582,11:3,
Biragzang__NODE_1889_length_6603_cov_7.363928.fna,6579,
Biragzang__NODE_188_length_22727_cov_36.447601.fna,22680,
Biragzang__NODE_1890_length_6602_cov_10.088590.fna,6578,
Biragzang__NODE_1891_length_6598_cov_7.366957.fna,6569,
Biragzang__NODE_1892_length_6595_cov_6.594037.fna,6571,
Biragzang__NODE_1893_length_6594_cov_11.149717.fna,6446,
Biragzang__NODE_1894_length_6588_cov_18.411756.fna,6564,
Biragzang__NODE_1895_length_6587_cov_37.103337.fna,6563,
Biragzang__NODE_1896_length_6585_cov_5.901991.fna,6561,
Biragzang__NODE_1897_length_6584_cov_13.438811.fna,6560,
Biragzang__NODE_1898_length_6584_cov_5.969827.fna,6542,
Biragzang__NODE_1899_length_6582_cov_40.062663.fna,6558,
Biragzang__NODE_189_length_22680_cov_50.972685.fna,21160,
Biragzang__NODE_18_length_48658_cov_12.255437.fna,48634,11:11,
Biragzang__NODE_1900_length_6580_cov_10.257471.fna,6556,
Biragzang__NODE_1901_length_6576_cov_11.767674.fna,6552,
Biragzang__NODE_1902_length_6571_cov_9.369245.fna,6271,
Biragzang__NODE_1903_length_6570_cov_18.043745.fna,6546,
Biragzang__NODE_1904_length_6570_cov_11.887183.fna,6546,
Biragzang__NODE_1905_length_6569_cov_15.599478.fna,6545,
Biragzang__NODE_1906_length_6569_cov_9.785692.fna,6545,
Biragzang__NODE_1907_length_6568_cov_4.455858.fna,6544,
Biragzang__NODE_1908_length_6558_cov_50.067200.fna,6534,
Biragzang__NODE_1909_length_6557_cov_7.489388.fna,6532,
Biragzang__NODE_190_length_22661_cov_51.331284.fna,22617,
Biragzang__NODE_1910_length_6553_cov_4.751462.fna,6529,
Biragzang__NODE_1911_length_6549_cov_4.199877.fna,6525,
Biragzang__NODE_1912_length_6545_cov_7.053313.fna,6521,
Biragzang__NODE_1913_length_6542_cov_3.925235.fna,6518,
Biragzang__NODE_1914_length_6539_cov_11.337138.fna,6515,
Biragzang__NODE_1915_length_6535_cov_7.189969.fna,6511,
Biragzang__NODE_1916_length_6531_cov_10.318715.fna,6507,
Biragzang__NODE_1917_length_6531_cov_4.159666.fna,6507,
Biragzang__NODE_1918_length_6530_cov_26.993359.fna,6501,
Biragzang__NODE_1919_length_6526_cov_13.451708.fna,6502,
Biragzang__NODE_191_length_22618_cov_63.520055.fna,22342,
Biragzang__NODE_1920_length_6525_cov_6.482535.fna,6501,
Biragzang__NODE_1921_length_6524_cov_5.642139.fna,6500,
Biragzang__NODE_1922_length_6518_cov_11.802104.fna,6494,
Biragzang__NODE_1923_length_6516_cov_20.593716.fna,6337,
Biragzang__NODE_1924_length_6514_cov_10.372813.fna,6490,
Biragzang__NODE_1925_length_6512_cov_10.788756.fna,6488,
Biragzang__NODE_1926_length_6512_cov_8.922720.fna,6487,
Biragzang__NODE_1927_length_6507_cov_83.989771.fna,6428,
Biragzang__NODE_1928_length_6507_cov_12.964197.fna,6483,
Biragzang__NODE_1929_length_6505_cov_13.019845.fna,6478,
Biragzang__NODE_192_length_22599_cov_48.912482.fna,22067,
Biragzang__NODE_1930_length_6504_cov_9.162506.fna,6480,
Biragzang__NODE_1931_length_6503_cov_5.681141.fna,6479,
Biragzang__NODE_1932_length_6502_cov_10.539010.fna,6478,
Biragzang__NODE_1933_length_6501_cov_19.324077.fna,6477,
Biragzang__NODE_1934_length_6495_cov_58.549224.fna,6430,
Biragzang__NODE_1935_length_6493_cov_52.254116.fna,6469,
Biragzang__NODE_1936_length_6492_cov_5.358397.fna,6468,
Biragzang__NODE_1937_length_6491_cov_6.239124.fna,6467,
Biragzang__NODE_1938_length_6489_cov_15.292042.fna,6465,
Biragzang__NODE_1939_length_6489_cov_6.238732.fna,6465,
Biragzang__NODE_193_length_22543_cov_43.568792.fna,22519,
Biragzang__NODE_1940_length_6483_cov_11.179371.fna,6459,
Biragzang__NODE_1941_length_6476_cov_10.801589.fna,6452,2:3,
Biragzang__NODE_1942_length_6465_cov_13.410764.fna,6441,
Biragzang__NODE_1943_length_6463_cov_5.812734.fna,6439,
Biragzang__NODE_1944_length_6462_cov_45.407523.fna,6112,
Biragzang__NODE_1945_length_6461_cov_10.136591.fna,6436,
Biragzang__NODE_1946_length_6460_cov_6.626854.fna,6436,
Biragzang__NODE_1947_length_6457_cov_22.086223.fna,6433,
Biragzang__NODE_1948_length_6456_cov_5.026246.fna,6432,
Biragzang__NODE_1949_length_6455_cov_32.788125.fna,6431,
Biragzang__NODE_194_length_22536_cov_11.776967.fna,22504,
Biragzang__NODE_1950_length_6453_cov_12.261332.fna,6429,
Biragzang__NODE_1951_length_6452_cov_5.362045.fna,6428,
Biragzang__NODE_1952_length_6449_cov_9.831717.fna,6425,
Biragzang__NODE_1953_length_6446_cov_9.981693.fna,6422,
Biragzang__NODE_1954_length_6445_cov_7.131142.fna,6416,
Biragzang__NODE_1955_length_6444_cov_13.333229.fna,6420,
Biragzang__NODE_1956_length_6443_cov_6.799624.fna,6419,
Biragzang__NODE_1957_length_6442_cov_8.359167.fna,6418,
Biragzang__NODE_1958_length_6442_cov_6.165023.fna,6418,
Biragzang__NODE_1959_length_6440_cov_6.148943.fna,6416,
Biragzang__NODE_195_length_22528_cov_51.540693.fna,22123,
Biragzang__NODE_1960_length_6437_cov_10.063303.fna,6258,
Biragzang__NODE_1961_length_6436_cov_26.949224.fna,6257,
Biragzang__NODE_1962_length_6433_cov_6.397460.fna,6409,
Biragzang__NODE_1963_length_6432_cov_10.897444.fna,6408,
Biragzang__NODE_1964_length_6429_cov_10.270003.fna,6405,
Biragzang__NODE_1965_length_6427_cov_40.086158.fna,6403,
Biragzang__NODE_1966_length_6426_cov_11.995762.fna,6402,
Biragzang__NODE_1967_length_6426_cov_6.043164.fna,6402,
Biragzang__NODE_1968_length_6423_cov_57.891332.fna,6399,
Biragzang__NODE_1969_length_6422_cov_28.961206.fna,6398,
Biragzang__NODE_196_length_22524_cov_11.952201.fna,22500,
Biragzang__NODE_1970_length_6422_cov_11.771792.fna,6398,
Biragzang__NODE_1971_length_6421_cov_7.536915.fna,6397,
Biragzang__NODE_1972_length_6420_cov_10.983032.fna,6396,
Biragzang__NODE_1973_length_6419_cov_30.661691.fna,6395,
Biragzang__NODE_1974_length_6418_cov_56.132956.fna,6394,
Biragzang__NODE_1975_length_6414_cov_15.003617.fna,6390,
Biragzang__NODE_1976_length_6412_cov_6.481674.fna,6176,
Biragzang__NODE_1977_length_6408_cov_10.307729.fna,6384,
Biragzang__NODE_1978_length_6397_cov_12.660990.fna,6373,
Biragzang__NODE_1979_length_6395_cov_25.141325.fna,6371,
Biragzang__NODE_197_length_22450_cov_52.414869.fna,22426,
Biragzang__NODE_1980_length_6393_cov_11.788419.fna,6369,
Biragzang__NODE_1981_length_6393_cov_6.678132.fna,6369,
Biragzang__NODE_1982_length_6391_cov_11.941288.fna,6367,
Biragzang__NODE_1983_length_6391_cov_11.425505.fna,6367,
Biragzang__NODE_1984_length_6391_cov_9.867740.fna,6367,
Biragzang__NODE_1985_length_6389_cov_5.613988.fna,6365,
Biragzang__NODE_1986_length_6386_cov_57.661823.fna,6135,
Biragzang__NODE_1987_length_6386_cov_7.374980.fna,6351,
Biragzang__NODE_1988_length_6383_cov_39.572061.fna,6359,
Biragzang__NODE_1989_length_6382_cov_14.714715.fna,6358,
Biragzang__NODE_198_length_22272_cov_46.732592.fna,22221,
Biragzang__NODE_1990_length_6381_cov_35.450206.fna,6357,
Biragzang__NODE_1991_length_6379_cov_6.391366.fna,6355,
Biragzang__NODE_1992_length_6375_cov_11.695095.fna,6351,
Biragzang__NODE_1993_length_6372_cov_7.622289.fna,6348,
Biragzang__NODE_1994_length_6372_cov_6.733576.fna,6348,
Biragzang__NODE_1995_length_6371_cov_11.576472.fna,6347,
Biragzang__NODE_1996_length_6369_cov_46.646817.fna,6345,
Biragzang__NODE_1997_length_6368_cov_14.505782.fna,6344,
Biragzang__NODE_1998_length_6367_cov_10.233840.fna,6343,
Biragzang__NODE_1999_length_6364_cov_9.544143.fna,6148,
Biragzang__NODE_199_length_22252_cov_39.600396.fna,22222,
Biragzang__NODE_19_length_47740_cov_11.208682.fna,47382,
Biragzang__NODE_1_length_90607_cov_59.369511.fna,89117,
Biragzang__NODE_2000_length_6354_cov_13.631688.fna,6330,
Biragzang__NODE_2001_length_6353_cov_7.403303.fna,6329,
Biragzang__NODE_2002_length_6351_cov_13.135801.fna,6327,
Biragzang__NODE_2003_length_6350_cov_18.377760.fna,6326,
Biragzang__NODE_2004_length_6349_cov_10.899905.fna,6318,
Biragzang__NODE_2005_length_6347_cov_8.161157.fna,6323,
Biragzang__NODE_2006_length_6347_cov_6.288144.fna,6323,
Biragzang__NODE_2007_length_6344_cov_15.715058.fna,6320,
Biragzang__NODE_2008_length_6344_cov_9.211480.fna,6320,
Biragzang__NODE_2009_length_6339_cov_9.583864.fna,6315,
Biragzang__NODE_200_length_22248_cov_37.512234.fna,22224,
Biragzang__NODE_2010_length_6336_cov_10.400414.fna,6312,
Biragzang__NODE_2011_length_6335_cov_6.922611.fna,6311,
Biragzang__NODE_2012_length_6334_cov_21.590062.fna,6310,
Biragzang__NODE_2013_length_6334_cov_9.067049.fna,6310,
Biragzang__NODE_2014_length_6324_cov_39.440262.fna,6297,11:3,
Biragzang__NODE_2015_length_6324_cov_6.816877.fna,6300,
Biragzang__NODE_2016_length_6323_cov_6.097160.fna,6299,
Biragzang__NODE_2017_length_6321_cov_6.105490.fna,6292,
Biragzang__NODE_2018_length_6320_cov_55.017877.fna,6296,
Biragzang__NODE_2019_length_6316_cov_18.705159.fna,6292,
Biragzang__NODE_201_length_22209_cov_12.574118.fna,22175,12:1,
Biragzang__NODE_2020_length_6310_cov_14.737330.fna,6286,
Biragzang__NODE_2021_length_6307_cov_16.112284.fna,6281,
Biragzang__NODE_2022_length_6306_cov_22.591905.fna,6282,
Biragzang__NODE_2023_length_6306_cov_10.693809.fna,6282,
Biragzang__NODE_2024_length_6305_cov_8.487200.fna,6281,
Biragzang__NODE_2025_length_6302_cov_12.375220.fna,6278,
Biragzang__NODE_2026_length_6299_cov_10.576714.fna,6275,
Biragzang__NODE_2027_length_6294_cov_8.957205.fna,6270,
Biragzang__NODE_2028_length_6292_cov_26.695366.fna,6268,
Biragzang__NODE_2029_length_6290_cov_6.457257.fna,6266,
Biragzang__NODE_202_length_22189_cov_12.456447.fna,22165,
Biragzang__NODE_2030_length_6289_cov_31.984119.fna,6265,
Biragzang__NODE_2031_length_6289_cov_12.912576.fna,6265,
Biragzang__NODE_2032_length_6289_cov_9.437600.fna,6265,
Biragzang__NODE_2033_length_6289_cov_8.130735.fna,6255,
Biragzang__NODE_2034_length_6288_cov_9.018129.fna,6264,
Biragzang__NODE_2035_length_6287_cov_9.761553.fna,6263,
Biragzang__NODE_2036_length_6285_cov_9.671429.fna,6249,
Biragzang__NODE_2037_length_6278_cov_8.127752.fna,6254,
Biragzang__NODE_2038_length_6269_cov_15.874316.fna,6245,
Biragzang__NODE_2039_length_6268_cov_8.735072.fna,6244,
Biragzang__NODE_203_length_22152_cov_15.911436.fna,22117,
Biragzang__NODE_2040_length_6268_cov_5.796234.fna,6244,
Biragzang__NODE_2041_length_6267_cov_7.369124.fna,6243,
Biragzang__NODE_2042_length_6267_cov_5.849485.fna,6243,
Biragzang__NODE_2043_length_6265_cov_7.547504.fna,6229,
Biragzang__NODE_2044_length_6265_cov_6.072625.fna,6241,
Biragzang__NODE_2045_length_6263_cov_9.478576.fna,6226,
Biragzang__NODE_2046_length_6263_cov_7.224227.fna,6239,
Biragzang__NODE_2047_length_6256_cov_11.116272.fna,6232,
Biragzang__NODE_2048_length_6253_cov_52.446273.fna,6229,
Biragzang__NODE_2049_length_6247_cov_7.774709.fna,5935,
Biragzang__NODE_204_length_22110_cov_36.988257.fna,22086,
Biragzang__NODE_2050_length_6244_cov_6.862983.fna,6220,
Biragzang__NODE_2051_length_6243_cov_8.148190.fna,6219,
Biragzang__NODE_2052_length_6243_cov_5.609890.fna,6219,
Biragzang__NODE_2053_length_6238_cov_9.158176.fna,6214,
Biragzang__NODE_2054_length_6237_cov_44.373504.fna,6211,
Biragzang__NODE_2055_length_6236_cov_5.170037.fna,6212,
Biragzang__NODE_2056_length_6232_cov_4.773838.fna,6201,
Biragzang__NODE_2057_length_6231_cov_17.465997.fna,6207,
Biragzang__NODE_2058_length_6229_cov_54.233236.fna,6205,
Biragzang__NODE_2059_length_6229_cov_14.461775.fna,6205,
Biragzang__NODE_205_length_21924_cov_12.417074.fna,21900,
Biragzang__NODE_2060_length_6229_cov_6.617266.fna,6199,
Biragzang__NODE_2061_length_6226_cov_7.084751.fna,6202,
Biragzang__NODE_2062_length_6225_cov_10.378768.fna,6201,
Biragzang__NODE_2063_length_6222_cov_5.580023.fna,6198,
Biragzang__NODE_2064_length_6218_cov_58.770566.fna,6194,
Biragzang__NODE_2065_length_6217_cov_34.489614.fna,6144,
Biragzang__NODE_2066_length_6217_cov_10.938494.fna,6193,
Biragzang__NODE_2067_length_6212_cov_12.552217.fna,6188,
Biragzang__NODE_2068_length_6211_cov_5.840156.fna,6187,
Biragzang__NODE_2069_length_6210_cov_13.825183.fna,6186,
Biragzang__NODE_206_length_21894_cov_17.610055.fna,21820,
Biragzang__NODE_2070_length_6208_cov_31.705997.fna,6184,
Biragzang__NODE_2071_length_6206_cov_40.541375.fna,6182,
Biragzang__NODE_2072_length_6206_cov_7.809787.fna,6182,
Biragzang__NODE_2073_length_6204_cov_17.633762.fna,6180,
Biragzang__NODE_2074_length_6203_cov_11.971861.fna,6179,
Biragzang__NODE_2075_length_6202_cov_11.150155.fna,6178,
Biragzang__NODE_2076_length_6200_cov_7.982262.fna,6176,
Biragzang__NODE_2077_length_6200_cov_6.810252.fna,6176,
Biragzang__NODE_2078_length_6198_cov_5.534592.fna,6174,
Biragzang__NODE_2079_length_6196_cov_16.678391.fna,6172,
Biragzang__NODE_207_length_21835_cov_43.358173.fna,21784,
Biragzang__NODE_2080_length_6194_cov_9.714286.fna,6170,
Biragzang__NODE_2081_length_6193_cov_20.773868.fna,6169,
Biragzang__NODE_2082_length_6189_cov_14.870558.fna,6165,
Biragzang__NODE_2083_length_6189_cov_9.930062.fna,6165,
Biragzang__NODE_2084_length_6188_cov_12.836785.fna,6164,
Biragzang__NODE_2085_length_6186_cov_14.017289.fna,6162,
Biragzang__NODE_2086_length_6186_cov_8.887947.fna,6162,
Biragzang__NODE_2087_length_6184_cov_30.735846.fna,6160,
Biragzang__NODE_2088_length_6183_cov_14.057768.fna,6159,
Biragzang__NODE_2089_length_6182_cov_6.658397.fna,6158,
Biragzang__NODE_208_length_21825_cov_9.994718.fna,21801,
Biragzang__NODE_2090_length_6181_cov_13.240451.fna,6157,
Biragzang__NODE_2091_length_6179_cov_12.247061.fna,6155,
Biragzang__NODE_2092_length_6179_cov_8.691052.fna,6155,
Biragzang__NODE_2093_length_6178_cov_6.742447.fna,6154,
Biragzang__NODE_2094_length_6177_cov_57.488402.fna,6029,
Biragzang__NODE_2095_length_6177_cov_12.948710.fna,6150,
Biragzang__NODE_2096_length_6177_cov_7.724273.fna,6153,
Biragzang__NODE_2097_length_6173_cov_5.483328.fna,6149,
Biragzang__NODE_2098_length_6173_cov_5.320039.fna,6149,
Biragzang__NODE_2099_length_6172_cov_11.416054.fna,6148,
Biragzang__NODE_209_length_21722_cov_11.586099.fna,21698,
Biragzang__NODE_20_length_47489_cov_48.150525.fna,46107,
Biragzang__NODE_2100_length_6171_cov_34.531066.fna,6147,
Biragzang__NODE_2101_length_6170_cov_21.085037.fna,6146,
Biragzang__NODE_2102_length_6170_cov_12.041864.fna,6146,
Biragzang__NODE_2103_length_6169_cov_7.589303.fna,6145,
Biragzang__NODE_2104_length_6164_cov_11.369782.fna,6140,
Biragzang__NODE_2105_length_6162_cov_8.903717.fna,6138,
Biragzang__NODE_2106_length_6156_cov_19.890674.fna,6132,
Biragzang__NODE_2107_length_6156_cov_6.238158.fna,6132,
Biragzang__NODE_2108_length_6155_cov_5.466393.fna,6131,
Biragzang__NODE_2109_length_6150_cov_15.846760.fna,6126,
Biragzang__NODE_210_length_21654_cov_41.848280.fna,21423,
Biragzang__NODE_2110_length_6148_cov_11.813557.fna,6124,
Biragzang__NODE_2111_length_6147_cov_48.660703.fna,5999,
Biragzang__NODE_2112_length_6147_cov_19.981123.fna,6123,
Biragzang__NODE_2113_length_6139_cov_10.761506.fna,5960,
Biragzang__NODE_2114_length_6135_cov_13.043914.fna,5868,
Biragzang__NODE_2115_length_6131_cov_12.674951.fna,6107,
Biragzang__NODE_2116_length_6127_cov_10.808136.fna,6103,
Biragzang__NODE_2117_length_6125_cov_26.731301.fna,6089,
Biragzang__NODE_2118_length_6119_cov_35.913588.fna,6095,
Biragzang__NODE_2119_length_6119_cov_10.283641.fna,5940,
Biragzang__NODE_211_length_21596_cov_51.668771.fna,21551,
Biragzang__NODE_2120_length_6118_cov_9.116609.fna,6094,
Biragzang__NODE_2121_length_6117_cov_13.142857.fna,6093,
Biragzang__NODE_2122_length_6117_cov_6.368360.fna,6093,
Biragzang__NODE_2123_length_6116_cov_5.524006.fna,6092,
Biragzang__NODE_2124_length_6113_cov_11.053153.fna,6089,
Biragzang__NODE_2125_length_6113_cov_5.930670.fna,6089,
Biragzang__NODE_2126_length_6112_cov_48.705465.fna,6088,
Biragzang__NODE_2127_length_6112_cov_13.615651.fna,6088,
Biragzang__NODE_2128_length_6111_cov_43.663639.fna,6079,
Biragzang__NODE_2129_length_6111_cov_18.436592.fna,6087,
Biragzang__NODE_212_length_21585_cov_10.977706.fna,21561,
Biragzang__NODE_2130_length_6109_cov_15.380079.fna,6085,
Biragzang__NODE_2131_length_6104_cov_12.029592.fna,6080,
Biragzang__NODE_2132_length_6103_cov_12.645833.fna,6079,
Biragzang__NODE_2133_length_6102_cov_10.974864.fna,6078,
Biragzang__NODE_2134_length_6100_cov_8.312159.fna,6076,
Biragzang__NODE_2135_length_6098_cov_12.331458.fna,6074,
Biragzang__NODE_2136_length_6097_cov_11.742966.fna,6073,
Biragzang__NODE_2137_length_6096_cov_7.782321.fna,6072,
Biragzang__NODE_2138_length_6095_cov_35.691722.fna,6071,
Biragzang__NODE_2139_length_6095_cov_12.791887.fna,6071,
Biragzang__NODE_213_length_21470_cov_12.554798.fna,21445,
Biragzang__NODE_2140_length_6094_cov_10.668157.fna,6070,
Biragzang__NODE_2141_length_6090_cov_13.406297.fna,6066,
Biragzang__NODE_2142_length_6087_cov_5.719662.fna,6061,
Biragzang__NODE_2143_length_6086_cov_24.886918.fna,6062,
Biragzang__NODE_2144_length_6085_cov_31.810116.fna,6061,
Biragzang__NODE_2145_length_6085_cov_4.372471.fna,6061,
Biragzang__NODE_2146_length_6082_cov_10.985731.fna,6058,
Biragzang__NODE_2147_length_6077_cov_7.028230.fna,6053,
Biragzang__NODE_2148_length_6074_cov_7.885529.fna,6050,
Biragzang__NODE_2149_length_6072_cov_12.808044.fna,6048,
Biragzang__NODE_214_length_21443_cov_44.922480.fna,21220,
Biragzang__NODE_2150_length_6066_cov_19.984362.fna,6042,
Biragzang__NODE_2151_length_6065_cov_9.005324.fna,6041,
Biragzang__NODE_2152_length_6064_cov_9.621734.fna,6040,
Biragzang__NODE_2153_length_6063_cov_10.660453.fna,6011,
Biragzang__NODE_2154_length_6062_cov_13.352922.fna,5992,
Biragzang__NODE_2155_length_6061_cov_6.675824.fna,6037,
Biragzang__NODE_2156_length_6061_cov_6.214119.fna,6037,
Biragzang__NODE_2157_length_6058_cov_6.181576.fna,6034,
Biragzang__NODE_2158_length_6056_cov_11.297617.fna,6032,
Biragzang__NODE_2159_length_6055_cov_7.123667.fna,6031,
Biragzang__NODE_215_length_21442_cov_12.260859.fna,21418,
Biragzang__NODE_2160_length_6054_cov_11.688948.fna,6030,
Biragzang__NODE_2161_length_6052_cov_10.101718.fna,6028,
Biragzang__NODE_2162_length_6051_cov_15.764009.fna,5984,
Biragzang__NODE_2163_length_6051_cov_12.950133.fna,6027,
Biragzang__NODE_2164_length_6049_cov_39.152819.fna,6025,
Biragzang__NODE_2165_length_6046_cov_18.803038.fna,6022,
Biragzang__NODE_2166_length_6044_cov_15.725330.fna,6020,
Biragzang__NODE_2167_length_6042_cov_12.761984.fna,6018,
Biragzang__NODE_2168_length_6039_cov_21.500668.fna,6015,
Biragzang__NODE_2169_length_6039_cov_6.153910.fna,6011,
Biragzang__NODE_216_length_21378_cov_10.464194.fna,21354,
Biragzang__NODE_2170_length_6037_cov_13.040789.fna,6013,
Biragzang__NODE_2171_length_6037_cov_5.865931.fna,6013,
Biragzang__NODE_2172_length_6033_cov_8.138341.fna,6009,
Biragzang__NODE_2173_length_6032_cov_6.541074.fna,6008,
Biragzang__NODE_2174_length_6030_cov_43.832301.fna,6006,
Biragzang__NODE_2175_length_6027_cov_10.549565.fna,6003,
Biragzang__NODE_2176_length_6024_cov_11.791087.fna,6000,
Biragzang__NODE_2177_length_6024_cov_3.402412.fna,6000,
Biragzang__NODE_2178_length_6023_cov_9.306300.fna,5999,
Biragzang__NODE_2179_length_6021_cov_5.535032.fna,5997,
Biragzang__NODE_217_length_21251_cov_13.107001.fna,21227,
Biragzang__NODE_2180_length_6020_cov_5.864543.fna,5979,
Biragzang__NODE_2181_length_6017_cov_16.865817.fna,5993,
Biragzang__NODE_2182_length_6017_cov_10.674438.fna,5993,
Biragzang__NODE_2183_length_6017_cov_7.379067.fna,5993,
Biragzang__NODE_2184_length_6014_cov_13.369189.fna,5990,
Biragzang__NODE_2185_length_6012_cov_10.293101.fna,5988,
Biragzang__NODE_2186_length_6011_cov_14.105776.fna,5987,
Biragzang__NODE_2187_length_6008_cov_6.929783.fna,5984,
Biragzang__NODE_2188_length_6007_cov_41.808132.fna,5983,
Biragzang__NODE_2189_length_6007_cov_40.912298.fna,5983,
Biragzang__NODE_218_length_21238_cov_37.987160.fna,21193,
Biragzang__NODE_2190_length_6006_cov_11.031591.fna,5972,
Biragzang__NODE_2191_length_6006_cov_6.004873.fna,5982,
Biragzang__NODE_2192_length_6004_cov_44.438561.fna,5956,
Biragzang__NODE_2193_length_6001_cov_37.696435.fna,5977,
Biragzang__NODE_2194_length_6001_cov_20.736798.fna,5977,
Biragzang__NODE_2195_length_5998_cov_12.758876.fna,5974,
Biragzang__NODE_2196_length_5997_cov_9.844160.fna,5849,
Biragzang__NODE_2197_length_5994_cov_4.869675.fna,5970,
Biragzang__NODE_2198_length_5993_cov_6.673291.fna,5969,
Biragzang__NODE_2199_length_5992_cov_15.499747.fna,5946,
Biragzang__NODE_219_length_21171_cov_31.461356.fna,21147,
Biragzang__NODE_21_length_46771_cov_41.076055.fna,46676,
Biragzang__NODE_2200_length_5990_cov_9.484414.fna,5966,
Biragzang__NODE_2201_length_5990_cov_7.189553.fna,5932,
Biragzang__NODE_2202_length_5984_cov_57.974026.fna,5960,
Biragzang__NODE_2203_length_5983_cov_16.792510.fna,5959,
Biragzang__NODE_2204_length_5982_cov_9.947191.fna,5958,
Biragzang__NODE_2205_length_5982_cov_6.409988.fna,5958,
Biragzang__NODE_2206_length_5981_cov_10.245697.fna,5957,
Biragzang__NODE_2207_length_5981_cov_9.950726.fna,5957,
Biragzang__NODE_2208_length_5976_cov_13.507178.fna,5937,
Biragzang__NODE_2209_length_5976_cov_8.440128.fna,5952,
Biragzang__NODE_220_length_21126_cov_6.523468.fna,21102,
Biragzang__NODE_2210_length_5974_cov_10.594357.fna,5826,
Biragzang__NODE_2211_length_5967_cov_10.821888.fna,5819,
Biragzang__NODE_2212_length_5966_cov_7.856031.fna,5942,
Biragzang__NODE_2213_length_5966_cov_6.366605.fna,5942,
Biragzang__NODE_2214_length_5965_cov_10.031303.fna,5941,
Biragzang__NODE_2215_length_5965_cov_9.869543.fna,5941,
Biragzang__NODE_2216_length_5962_cov_10.007449.fna,5938,
Biragzang__NODE_2217_length_5961_cov_12.638165.fna,5937,
Biragzang__NODE_2218_length_5961_cov_12.440061.fna,5937,
Biragzang__NODE_2219_length_5960_cov_7.439627.fna,5934,
Biragzang__NODE_221_length_21110_cov_17.261791.fna,21086,
Biragzang__NODE_2220_length_5958_cov_7.331188.fna,5934,
Biragzang__NODE_2221_length_5956_cov_8.642433.fna,5932,
Biragzang__NODE_2222_length_5952_cov_6.778701.fna,5928,
Biragzang__NODE_2223_length_5949_cov_10.235833.fna,5925,
Biragzang__NODE_2224_length_5948_cov_14.461565.fna,5924,
Biragzang__NODE_2225_length_5948_cov_11.163584.fna,5924,
Biragzang__NODE_2226_length_5948_cov_10.509927.fna,5902,
Biragzang__NODE_2227_length_5946_cov_7.630114.fna,5922,
Biragzang__NODE_2228_length_5941_cov_38.544682.fna,5917,
Biragzang__NODE_2229_length_5940_cov_13.517077.fna,5916,
Biragzang__NODE_222_length_21039_cov_9.981796.fna,21015,
Biragzang__NODE_2230_length_5931_cov_4.538291.fna,5907,
Biragzang__NODE_2231_length_5929_cov_6.257235.fna,5905,
Biragzang__NODE_2232_length_5928_cov_50.890346.fna,5896,
Biragzang__NODE_2233_length_5927_cov_17.788999.fna,5903,
Biragzang__NODE_2234_length_5927_cov_11.937841.fna,5872,
Biragzang__NODE_2235_length_5926_cov_12.321581.fna,5902,
Biragzang__NODE_2236_length_5926_cov_6.659002.fna,5902,
Biragzang__NODE_2237_length_5925_cov_13.242760.fna,5901,
Biragzang__NODE_2238_length_5925_cov_12.802896.fna,5777,
Biragzang__NODE_2239_length_5922_cov_6.251236.fna,5898,
Biragzang__NODE_223_length_20991_cov_45.994125.fna,20967,
Biragzang__NODE_2240_length_5920_cov_29.758227.fna,5896,
Biragzang__NODE_2241_length_5920_cov_8.401705.fna,5741,
Biragzang__NODE_2242_length_5919_cov_8.420532.fna,5895,
Biragzang__NODE_2243_length_5917_cov_13.096213.fna,5893,
Biragzang__NODE_2244_length_5912_cov_18.326276.fna,5888,
Biragzang__NODE_2245_length_5912_cov_17.408742.fna,5888,
Biragzang__NODE_2246_length_5910_cov_8.606319.fna,5886,
Biragzang__NODE_2247_length_5907_cov_43.122522.fna,5883,
Biragzang__NODE_2248_length_5906_cov_11.990429.fna,5882,
Biragzang__NODE_2249_length_5905_cov_5.020684.fna,5881,
Biragzang__NODE_224_length_20989_cov_35.352011.fna,20948,
Biragzang__NODE_2250_length_5898_cov_16.453534.fna,5874,
Biragzang__NODE_2251_length_5898_cov_5.341776.fna,5874,
Biragzang__NODE_2252_length_5894_cov_5.575955.fna,5870,
Biragzang__NODE_2253_length_5893_cov_5.217883.fna,5869,
Biragzang__NODE_2254_length_5890_cov_6.565553.fna,5866,
Biragzang__NODE_2255_length_5887_cov_10.294582.fna,5863,
Biragzang__NODE_2256_length_5886_cov_50.229120.fna,5745,
Biragzang__NODE_2257_length_5886_cov_33.641056.fna,5862,
Biragzang__NODE_2258_length_5885_cov_6.096741.fna,5861,
Biragzang__NODE_2259_length_5882_cov_27.713746.fna,5841,
Biragzang__NODE_225_length_20954_cov_24.617207.fna,20929,
Biragzang__NODE_2260_length_5880_cov_31.866266.fna,5856,
Biragzang__NODE_2261_length_5878_cov_8.240598.fna,5854,
Biragzang__NODE_2262_length_5874_cov_34.086269.fna,5850,
Biragzang__NODE_2263_length_5874_cov_7.735350.fna,5833,
Biragzang__NODE_2264_length_5872_cov_52.058106.fna,5724,
Biragzang__NODE_2265_length_5871_cov_11.814649.fna,5847,
Biragzang__NODE_2266_length_5869_cov_57.410733.fna,5721,
Biragzang__NODE_2267_length_5868_cov_9.115947.fna,5844,
Biragzang__NODE_2268_length_5866_cov_7.205989.fna,5842,
Biragzang__NODE_2269_length_5866_cov_6.022199.fna,5842,
Biragzang__NODE_226_length_20953_cov_35.224710.fna,20896,
Biragzang__NODE_2270_length_5864_cov_5.962128.fna,5840,
Biragzang__NODE_2271_length_5863_cov_12.408747.fna,5839,
Biragzang__NODE_2272_length_5861_cov_6.498622.fna,5837,
Biragzang__NODE_2273_length_5858_cov_8.387558.fna,5732,
Biragzang__NODE_2274_length_5857_cov_26.548604.fna,5833,
Biragzang__NODE_2275_length_5856_cov_10.319772.fna,5832,
Biragzang__NODE_2276_length_5856_cov_5.056887.fna,5832,
Biragzang__NODE_2277_length_5856_cov_4.061541.fna,5832,
Biragzang__NODE_2278_length_5853_cov_40.872025.fna,5829,
Biragzang__NODE_2279_length_5853_cov_8.206278.fna,5829,
Biragzang__NODE_227_length_20951_cov_31.545320.fna,20927,
Biragzang__NODE_2280_length_5848_cov_9.931469.fna,5824,
Biragzang__NODE_2281_length_5847_cov_11.507079.fna,5823,
Biragzang__NODE_2282_length_5846_cov_16.033500.fna,5822,
Biragzang__NODE_2283_length_5843_cov_8.011921.fna,5819,
Biragzang__NODE_2284_length_5842_cov_9.063072.fna,5818,
Biragzang__NODE_2285_length_5839_cov_43.396957.fna,5815,
Biragzang__NODE_2286_length_5838_cov_9.592253.fna,5814,
Biragzang__NODE_2287_length_5836_cov_13.850199.fna,5812,
Biragzang__NODE_2288_length_5833_cov_13.507269.fna,5641,
Biragzang__NODE_2289_length_5833_cov_6.108861.fna,5809,
Biragzang__NODE_228_length_20941_cov_11.128986.fna,20917,
Biragzang__NODE_2290_length_5832_cov_17.564134.fna,5808,
Biragzang__NODE_2291_length_5832_cov_9.126363.fna,5808,
Biragzang__NODE_2292_length_5831_cov_23.992209.fna,5807,
Biragzang__NODE_2293_length_5827_cov_38.386521.fna,5803,
Biragzang__NODE_2294_length_5825_cov_6.448007.fna,5801,
Biragzang__NODE_2295_length_5824_cov_13.822673.fna,5676,
Biragzang__NODE_2296_length_5824_cov_6.081470.fna,5800,
Biragzang__NODE_2297_length_5823_cov_31.847434.fna,5799,
Biragzang__NODE_2298_length_5822_cov_58.611063.fna,5798,
Biragzang__NODE_2299_length_5822_cov_7.135426.fna,5798,
Biragzang__NODE_229_length_20813_cov_33.877252.fna,20789,
Biragzang__NODE_22_length_46395_cov_43.173198.fna,46089,
Biragzang__NODE_2300_length_5820_cov_16.134258.fna,5796,
Biragzang__NODE_2301_length_5817_cov_6.822284.fna,5793,
Biragzang__NODE_2302_length_5815_cov_7.802604.fna,5543,
Biragzang__NODE_2303_length_5814_cov_13.570238.fna,5790,
Biragzang__NODE_2304_length_5814_cov_5.171558.fna,5790,
Biragzang__NODE_2305_length_5813_cov_19.243314.fna,5781,
Biragzang__NODE_2306_length_5813_cov_6.984891.fna,5789,
Biragzang__NODE_2307_length_5811_cov_7.118833.fna,5787,
Biragzang__NODE_2308_length_5809_cov_5.299270.fna,5785,
Biragzang__NODE_2309_length_5804_cov_15.354322.fna,5780,
Biragzang__NODE_230_length_20804_cov_47.285170.fna,20408,
Biragzang__NODE_2310_length_5804_cov_9.218821.fna,5780,
Biragzang__NODE_2311_length_5804_cov_6.883458.fna,5780,
Biragzang__NODE_2312_length_5803_cov_14.258525.fna,5779,
Biragzang__NODE_2313_length_5802_cov_11.357926.fna,5765,
Biragzang__NODE_2314_length_5801_cov_7.493735.fna,5777,
Biragzang__NODE_2315_length_5798_cov_6.639561.fna,5774,
Biragzang__NODE_2316_length_5797_cov_5.397771.fna,5773,
Biragzang__NODE_2317_length_5794_cov_8.102631.fna,5770,
Biragzang__NODE_2318_length_5793_cov_8.793656.fna,5769,
Biragzang__NODE_2319_length_5793_cov_7.709481.fna,5769,
Biragzang__NODE_231_length_20786_cov_32.853263.fna,20762,
Biragzang__NODE_2320_length_5790_cov_7.405057.fna,5766,
Biragzang__NODE_2321_length_5788_cov_31.241584.fna,5764,
Biragzang__NODE_2322_length_5787_cov_45.585834.fna,5763,
Biragzang__NODE_2323_length_5784_cov_6.283819.fna,5760,
Biragzang__NODE_2324_length_5783_cov_36.890363.fna,5759,
Biragzang__NODE_2325_length_5781_cov_34.933811.fna,5757,
Biragzang__NODE_2326_length_5781_cov_6.365700.fna,5757,
Biragzang__NODE_2327_length_5779_cov_6.546296.fna,5755,
Biragzang__NODE_2328_length_5779_cov_5.794724.fna,5755,
Biragzang__NODE_2329_length_5774_cov_14.174681.fna,5750,
Biragzang__NODE_232_length_20696_cov_27.707330.fna,20667,
Biragzang__NODE_2330_length_5772_cov_6.398286.fna,5748,
Biragzang__NODE_2331_length_5771_cov_20.107768.fna,5615,
Biragzang__NODE_2332_length_5771_cov_15.447166.fna,5747,
Biragzang__NODE_2333_length_5768_cov_5.780676.fna,5744,
Biragzang__NODE_2334_length_5768_cov_5.706809.fna,5719,
Biragzang__NODE_2335_length_5767_cov_8.013480.fna,5743,
Biragzang__NODE_2336_length_5766_cov_6.833304.fna,5742,
Biragzang__NODE_2337_length_5766_cov_5.391175.fna,5742,
Biragzang__NODE_2338_length_5764_cov_10.898932.fna,5740,
Biragzang__NODE_2339_length_5763_cov_31.918711.fna,5715,
Biragzang__NODE_233_length_20692_cov_39.337016.fna,20650,
Biragzang__NODE_2340_length_5763_cov_7.148388.fna,5739,
Biragzang__NODE_2341_length_5761_cov_42.934805.fna,5737,
Biragzang__NODE_2342_length_5759_cov_6.271739.fna,5735,
Biragzang__NODE_2343_length_5757_cov_12.435637.fna,5733,
Biragzang__NODE_2344_length_5757_cov_5.868292.fna,5733,
Biragzang__NODE_2345_length_5756_cov_28.363620.fna,5732,
Biragzang__NODE_2346_length_5756_cov_6.205227.fna,5732,
Biragzang__NODE_2347_length_5756_cov_6.106999.fna,5732,
Biragzang__NODE_2348_length_5753_cov_12.151281.fna,5729,
Biragzang__NODE_2349_length_5752_cov_45.969984.fna,5728,
Biragzang__NODE_234_length_20637_cov_36.293946.fna,20233,
Biragzang__NODE_2350_length_5752_cov_31.097069.fna,5728,
Biragzang__NODE_2351_length_5751_cov_18.580056.fna,5727,
Biragzang__NODE_2352_length_5750_cov_6.687094.fna,5720,
Biragzang__NODE_2353_length_5747_cov_8.862614.fna,5691,
Biragzang__NODE_2354_length_5745_cov_9.008963.fna,5693,
Biragzang__NODE_2355_length_5741_cov_44.855259.fna,5717,
Biragzang__NODE_2356_length_5739_cov_7.080929.fna,5715,
Biragzang__NODE_2357_length_5737_cov_24.021471.fna,5713,
Biragzang__NODE_2358_length_5732_cov_47.326052.fna,5708,
Biragzang__NODE_2359_length_5732_cov_25.418707.fna,5708,
Biragzang__NODE_235_length_20567_cov_11.481377.fna,20543,
Biragzang__NODE_2360_length_5732_cov_15.094945.fna,5708,
Biragzang__NODE_2361_length_5730_cov_9.256035.fna,5706,
Biragzang__NODE_2362_length_5729_cov_9.176595.fna,5705,
Biragzang__NODE_2363_length_5724_cov_35.962427.fna,5700,
Biragzang__NODE_2364_length_5723_cov_7.517114.fna,5699,
Biragzang__NODE_2365_length_5722_cov_6.774484.fna,5698,
Biragzang__NODE_2366_length_5718_cov_12.628112.fna,5694,
Biragzang__NODE_2367_length_5718_cov_9.743069.fna,5694,
Biragzang__NODE_2368_length_5716_cov_9.299064.fna,5568,
Biragzang__NODE_2369_length_5710_cov_5.685765.fna,5686,
Biragzang__NODE_236_length_20536_cov_32.792686.fna,20500,
Biragzang__NODE_2370_length_5710_cov_3.882051.fna,5686,
Biragzang__NODE_2371_length_5708_cov_4.587476.fna,5684,
Biragzang__NODE_2372_length_5707_cov_6.685952.fna,5680,
Biragzang__NODE_2373_length_5707_cov_6.672151.fna,5683,
Biragzang__NODE_2374_length_5706_cov_14.192532.fna,5682,
Biragzang__NODE_2375_length_5706_cov_4.952044.fna,5682,
Biragzang__NODE_2376_length_5705_cov_7.121593.fna,5681,
Biragzang__NODE_2377_length_5704_cov_46.590901.fna,5680,
Biragzang__NODE_2378_length_5704_cov_6.762082.fna,5680,
Biragzang__NODE_2379_length_5702_cov_12.234992.fna,5678,
Biragzang__NODE_237_length_20513_cov_53.167221.fna,20334,
Biragzang__NODE_2380_length_5702_cov_6.863290.fna,5678,
Biragzang__NODE_2381_length_5701_cov_27.445094.fna,5677,
Biragzang__NODE_2382_length_5700_cov_47.067493.fna,5676,
Biragzang__NODE_2383_length_5699_cov_5.336641.fna,5675,
Biragzang__NODE_2384_length_5698_cov_10.343789.fna,5674,
Biragzang__NODE_2385_length_5698_cov_7.306929.fna,5674,
Biragzang__NODE_2386_length_5697_cov_9.678483.fna,5673,
Biragzang__NODE_2387_length_5696_cov_15.905513.fna,5672,
Biragzang__NODE_2388_length_5694_cov_6.742508.fna,5670,
Biragzang__NODE_2389_length_5692_cov_10.092425.fna,5544,
Biragzang__NODE_238_length_20491_cov_46.838080.fna,20467,
Biragzang__NODE_2390_length_5689_cov_6.299432.fna,5665,
Biragzang__NODE_2391_length_5685_cov_8.396625.fna,5643,
Biragzang__NODE_2392_length_5684_cov_14.245159.fna,5584,
Biragzang__NODE_2393_length_5684_cov_12.158465.fna,5660,
Biragzang__NODE_2394_length_5684_cov_9.133239.fna,5660,
Biragzang__NODE_2395_length_5684_cov_6.096998.fna,5660,
Biragzang__NODE_2396_length_5684_cov_5.915793.fna,5660,
Biragzang__NODE_2397_length_5683_cov_13.777186.fna,5659,
Biragzang__NODE_2398_length_5681_cov_18.043903.fna,5657,
Biragzang__NODE_2399_length_5677_cov_5.336179.fna,5653,
Biragzang__NODE_239_length_20490_cov_10.928799.fna,20466,
Biragzang__NODE_23_length_46257_cov_64.316631.fna,45928,
Biragzang__NODE_2400_length_5676_cov_13.775129.fna,5652,
Biragzang__NODE_2401_length_5675_cov_16.825267.fna,5651,
Biragzang__NODE_2402_length_5673_cov_9.498576.fna,5649,
Biragzang__NODE_2403_length_5670_cov_12.556189.fna,5646,
Biragzang__NODE_2404_length_5669_cov_34.218561.fna,5645,
Biragzang__NODE_2405_length_5668_cov_14.547835.fna,5644,
Biragzang__NODE_2406_length_5668_cov_6.914841.fna,5644,
Biragzang__NODE_2407_length_5667_cov_13.147897.fna,5643,
Biragzang__NODE_2408_length_5667_cov_11.949751.fna,5643,
Biragzang__NODE_2409_length_5664_cov_11.009271.fna,5485,
Biragzang__NODE_240_length_20422_cov_38.170423.fna,20398,
Biragzang__NODE_2410_length_5663_cov_14.211305.fna,5639,
Biragzang__NODE_2411_length_5662_cov_36.204744.fna,5498,
Biragzang__NODE_2412_length_5661_cov_12.077239.fna,5637,
Biragzang__NODE_2413_length_5660_cov_50.558787.fna,5636,
Biragzang__NODE_2414_length_5659_cov_6.405068.fna,5635,
Biragzang__NODE_2415_length_5658_cov_4.209709.fna,5634,
Biragzang__NODE_2416_length_5655_cov_6.346250.fna,5631,
Biragzang__NODE_2417_length_5653_cov_4.573062.fna,5629,
Biragzang__NODE_2418_length_5649_cov_59.442975.fna,5625,
Biragzang__NODE_2419_length_5647_cov_8.698498.fna,5623,
Biragzang__NODE_241_length_20335_cov_39.363264.fna,20311,
Biragzang__NODE_2420_length_5644_cov_5.437824.fna,5620,
Biragzang__NODE_2421_length_5641_cov_66.292517.fna,5617,
Biragzang__NODE_2422_length_5639_cov_7.264864.fna,5615,
Biragzang__NODE_2423_length_5636_cov_13.183480.fna,5612,
Biragzang__NODE_2424_length_5633_cov_48.845823.fna,5609,
Biragzang__NODE_2425_length_5632_cov_6.692846.fna,5608,
Biragzang__NODE_2426_length_5627_cov_55.333632.fna,5603,
Biragzang__NODE_2427_length_5627_cov_41.849964.fna,5603,
Biragzang__NODE_2428_length_5627_cov_18.189878.fna,5603,
Biragzang__NODE_2429_length_5627_cov_17.329505.fna,5603,
Biragzang__NODE_242_length_20290_cov_34.208500.fna,20266,
Biragzang__NODE_2430_length_5624_cov_43.583229.fna,5600,
Biragzang__NODE_2431_length_5621_cov_6.531261.fna,5597,
Biragzang__NODE_2432_length_5621_cov_6.461013.fna,5597,
Biragzang__NODE_2433_length_5621_cov_6.287819.fna,5597,
Biragzang__NODE_2434_length_5619_cov_51.542955.fna,5595,
Biragzang__NODE_2435_length_5617_cov_8.293420.fna,5593,
Biragzang__NODE_2436_length_5614_cov_5.020148.fna,5590,
Biragzang__NODE_2437_length_5612_cov_8.592586.fna,5588,
Biragzang__NODE_2438_length_5611_cov_13.161627.fna,5587,
Biragzang__NODE_2439_length_5610_cov_11.295050.fna,5586,
Biragzang__NODE_243_length_20268_cov_35.916390.fna,20054,
Biragzang__NODE_2440_length_5609_cov_9.467951.fna,5585,
Biragzang__NODE_2441_length_5607_cov_26.168588.fna,5580,
Biragzang__NODE_2442_length_5606_cov_6.743470.fna,5582,
Biragzang__NODE_2443_length_5605_cov_12.945405.fna,5581,
Biragzang__NODE_2444_length_5605_cov_5.863784.fna,5581,
Biragzang__NODE_2445_length_5603_cov_47.315609.fna,5579,
Biragzang__NODE_2446_length_5603_cov_31.925739.fna,5577,
Biragzang__NODE_2447_length_5602_cov_13.651523.fna,5578,
Biragzang__NODE_2448_length_5600_cov_6.257529.fna,5576,
Biragzang__NODE_2449_length_5600_cov_5.630298.fna,5576,
Biragzang__NODE_244_length_20183_cov_44.163255.fna,20123,
Biragzang__NODE_2450_length_5599_cov_10.164683.fna,5575,
Biragzang__NODE_2451_length_5597_cov_10.205521.fna,5573,
Biragzang__NODE_2452_length_5595_cov_7.393863.fna,5571,
Biragzang__NODE_2453_length_5594_cov_20.461275.fna,5570,
Biragzang__NODE_2454_length_5593_cov_23.333153.fna,5569,
Biragzang__NODE_2455_length_5593_cov_9.440592.fna,5569,
Biragzang__NODE_2456_length_5590_cov_5.814995.fna,5566,
Biragzang__NODE_2457_length_5589_cov_12.021323.fna,5441,
Biragzang__NODE_2458_length_5589_cov_10.486990.fna,5317,
Biragzang__NODE_2459_length_5586_cov_9.654674.fna,5562,18:1,
Biragzang__NODE_245_length_20154_cov_41.540723.fna,20129,
Biragzang__NODE_2460_length_5583_cov_4.999276.fna,5559,
Biragzang__NODE_2461_length_5579_cov_22.348479.fna,5555,
Biragzang__NODE_2462_length_5577_cov_7.056320.fna,5553,
Biragzang__NODE_2463_length_5574_cov_8.663707.fna,5550,
Biragzang__NODE_2464_length_5573_cov_10.801377.fna,5549,
Biragzang__NODE_2465_length_5573_cov_7.084270.fna,5515,
Biragzang__NODE_2466_length_5571_cov_49.135062.fna,5547,
Biragzang__NODE_2467_length_5567_cov_11.586357.fna,5543,
Biragzang__NODE_2468_length_5566_cov_8.320269.fna,5542,
Biragzang__NODE_2469_length_5564_cov_10.779996.fna,5540,
Biragzang__NODE_246_length_20141_cov_44.291397.fna,20117,
Biragzang__NODE_2470_length_5563_cov_45.139252.fna,5539,
Biragzang__NODE_2471_length_5563_cov_6.898330.fna,5539,
Biragzang__NODE_2472_length_5557_cov_6.269720.fna,5533,
Biragzang__NODE_2473_length_5556_cov_29.375932.fna,5532,
Biragzang__NODE_2474_length_5555_cov_22.238000.fna,5531,
Biragzang__NODE_2475_length_5555_cov_6.194182.fna,5531,
Biragzang__NODE_2476_length_5553_cov_5.261004.fna,5529,
Biragzang__NODE_2477_length_5548_cov_60.216639.fna,5491,
Biragzang__NODE_2478_length_5542_cov_11.223255.fna,5518,
Biragzang__NODE_2479_length_5538_cov_7.938902.fna,5514,
Biragzang__NODE_247_length_20128_cov_10.439297.fna,20104,
Biragzang__NODE_2480_length_5538_cov_6.896042.fna,5514,
Biragzang__NODE_2481_length_5536_cov_8.378945.fna,5512,
Biragzang__NODE_2482_length_5534_cov_46.527651.fna,5510,
Biragzang__NODE_2483_length_5530_cov_37.497534.fna,5506,
Biragzang__NODE_2484_length_5529_cov_11.088053.fna,5505,
Biragzang__NODE_2485_length_5529_cov_8.209536.fna,5505,
Biragzang__NODE_2486_length_5529_cov_7.251370.fna,5505,
Biragzang__NODE_2487_length_5527_cov_21.979349.fna,5503,
Biragzang__NODE_2488_length_5527_cov_12.529240.fna,5503,
Biragzang__NODE_2489_length_5526_cov_6.030159.fna,5502,
Biragzang__NODE_248_length_20120_cov_28.405383.fna,20096,
Biragzang__NODE_2490_length_5523_cov_8.655816.fna,5499,
Biragzang__NODE_2491_length_5521_cov_12.357300.fna,5342,
Biragzang__NODE_2492_length_5519_cov_9.800146.fna,5495,
Biragzang__NODE_2493_length_5518_cov_12.254073.fna,5494,
Biragzang__NODE_2494_length_5517_cov_12.448920.fna,5493,
Biragzang__NODE_2495_length_5515_cov_5.827289.fna,5491,
Biragzang__NODE_2496_length_5514_cov_8.882946.fna,5490,
Biragzang__NODE_2497_length_5513_cov_31.191279.fna,5489,
Biragzang__NODE_2498_length_5513_cov_14.976915.fna,5489,
Biragzang__NODE_2499_length_5513_cov_8.780506.fna,5489,
Biragzang__NODE_249_length_20090_cov_57.661492.fna,19745,
Biragzang__NODE_24_length_45630_cov_11.032781.fna,45585,
Biragzang__NODE_2500_length_5511_cov_56.252749.fna,5347,
Biragzang__NODE_2501_length_5511_cov_5.344391.fna,5487,
Biragzang__NODE_2502_length_5505_cov_4.516881.fna,5481,
Biragzang__NODE_2503_length_5504_cov_80.458066.fna,5229,
Biragzang__NODE_2504_length_5503_cov_16.364354.fna,5479,
Biragzang__NODE_2505_length_5502_cov_3.843584.fna,5478,
Biragzang__NODE_2506_length_5500_cov_17.704132.fna,5476,
Biragzang__NODE_2507_length_5500_cov_8.730028.fna,5476,
Biragzang__NODE_2508_length_5497_cov_7.281882.fna,5473,
Biragzang__NODE_2509_length_5496_cov_9.771182.fna,5472,
Biragzang__NODE_250_length_20067_cov_13.157855.fna,20043,
Biragzang__NODE_2510_length_5495_cov_46.225919.fna,5471,
Biragzang__NODE_2511_length_5491_cov_9.230500.fna,5467,
Biragzang__NODE_2512_length_5487_cov_13.158689.fna,5463,
Biragzang__NODE_2513_length_5485_cov_11.691897.fna,5461,
Biragzang__NODE_2514_length_5479_cov_12.013643.fna,5455,
Biragzang__NODE_2515_length_5479_cov_6.241150.fna,5455,
Biragzang__NODE_2516_length_5477_cov_10.741608.fna,5298,
Biragzang__NODE_2517_length_5477_cov_4.447252.fna,5453,
Biragzang__NODE_2518_length_5475_cov_16.865314.fna,5451,
Biragzang__NODE_2519_length_5475_cov_11.999446.fna,5451,
Biragzang__NODE_251_length_19959_cov_9.339630.fna,19823,
Biragzang__NODE_2520_length_5471_cov_15.390694.fna,5447,
Biragzang__NODE_2521_length_5469_cov_45.659956.fna,5445,
Biragzang__NODE_2522_length_5468_cov_55.612045.fna,5444,
Biragzang__NODE_2523_length_5467_cov_32.392461.fna,5443,
Biragzang__NODE_2524_length_5465_cov_46.982070.fna,5272,
Biragzang__NODE_2525_length_5465_cov_28.810351.fna,5441,
Biragzang__NODE_2526_length_5464_cov_6.330930.fna,5440,
Biragzang__NODE_2527_length_5460_cov_10.856429.fna,5436,
Biragzang__NODE_2528_length_5457_cov_12.092373.fna,5433,
Biragzang__NODE_2529_length_5455_cov_5.960185.fna,5431,
Biragzang__NODE_252_length_19904_cov_12.092952.fna,19879,
Biragzang__NODE_2530_length_5453_cov_48.249907.fna,5429,
Biragzang__NODE_2531_length_5452_cov_21.108394.fna,5428,
Biragzang__NODE_2532_length_5450_cov_5.636886.fna,5426,
Biragzang__NODE_2533_length_5448_cov_12.321157.fna,5414,
Biragzang__NODE_2534_length_5448_cov_6.437604.fna,5424,
Biragzang__NODE_2535_length_5447_cov_16.163390.fna,5423,
Biragzang__NODE_2536_length_5447_cov_11.375556.fna,5365,
Biragzang__NODE_2537_length_5447_cov_9.436016.fna,5423,
Biragzang__NODE_2538_length_5446_cov_37.127991.fna,5422,
Biragzang__NODE_2539_length_5443_cov_8.962324.fna,5419,
Biragzang__NODE_253_length_19894_cov_10.887646.fna,19870,
Biragzang__NODE_2540_length_5442_cov_43.986634.fna,5418,
Biragzang__NODE_2541_length_5440_cov_11.798143.fna,5416,
Biragzang__NODE_2542_length_5440_cov_10.783101.fna,5416,
Biragzang__NODE_2543_length_5439_cov_129.738670.fna,5211,
Biragzang__NODE_2544_length_5439_cov_21.056649.fna,5415,
Biragzang__NODE_2545_length_5438_cov_11.968976.fna,5414,
Biragzang__NODE_2546_length_5436_cov_13.610481.fna,5412,
Biragzang__NODE_2547_length_5435_cov_5.328439.fna,5411,4:1,
Biragzang__NODE_2548_length_5433_cov_15.093343.fna,5409,
Biragzang__NODE_2549_length_5432_cov_53.883206.fna,5408,
Biragzang__NODE_254_length_19887_cov_13.241025.fna,19863,
Biragzang__NODE_2550_length_5432_cov_10.468291.fna,5408,
Biragzang__NODE_2551_length_5429_cov_15.729810.fna,5405,
Biragzang__NODE_2552_length_5428_cov_9.147590.fna,5404,
Biragzang__NODE_2553_length_5426_cov_10.748092.fna,5402,
Biragzang__NODE_2554_length_5424_cov_50.465264.fna,5400,
Biragzang__NODE_2555_length_5424_cov_3.492270.fna,5400,
Biragzang__NODE_2556_length_5423_cov_10.891021.fna,5399,
Biragzang__NODE_2557_length_5423_cov_8.435171.fna,5399,
Biragzang__NODE_2558_length_5419_cov_7.186614.fna,5395,
Biragzang__NODE_2559_length_5417_cov_5.008019.fna,5393,
Biragzang__NODE_255_length_19884_cov_16.018710.fna,19860,
Biragzang__NODE_2560_length_5416_cov_64.316918.fna,5392,
Biragzang__NODE_2561_length_5416_cov_33.136728.fna,5391,
Biragzang__NODE_2562_length_5412_cov_14.339556.fna,5388,
Biragzang__NODE_2563_length_5410_cov_14.368814.fna,5366,
Biragzang__NODE_2564_length_5409_cov_58.420994.fna,5385,
Biragzang__NODE_2565_length_5409_cov_12.580314.fna,5385,
Biragzang__NODE_2566_length_5407_cov_45.875374.fna,5383,
Biragzang__NODE_2567_length_5407_cov_8.700859.fna,5383,
Biragzang__NODE_2568_length_5406_cov_23.727714.fna,5382,
Biragzang__NODE_2569_length_5406_cov_5.268174.fna,5382,
Biragzang__NODE_256_length_19856_cov_11.379627.fna,19832,
Biragzang__NODE_2570_length_5405_cov_6.684112.fna,5381,
Biragzang__NODE_2571_length_5403_cov_11.196148.fna,5379,
Biragzang__NODE_2572_length_5402_cov_22.949317.fna,5378,
Biragzang__NODE_2573_length_5402_cov_12.314943.fna,5323,
Biragzang__NODE_2574_length_5402_cov_6.699645.fna,5378,
Biragzang__NODE_2575_length_5402_cov_5.780251.fna,5378,
Biragzang__NODE_2576_length_5401_cov_15.199027.fna,5377,
Biragzang__NODE_2577_length_5401_cov_6.974186.fna,5346,
Biragzang__NODE_2578_length_5399_cov_14.679079.fna,5375,
Biragzang__NODE_2579_length_5397_cov_17.607638.fna,5373,
Biragzang__NODE_257_length_19853_cov_39.046621.fna,19829,
Biragzang__NODE_2580_length_5397_cov_7.624860.fna,5373,
Biragzang__NODE_2581_length_5393_cov_38.512926.fna,5369,
Biragzang__NODE_2582_length_5393_cov_5.316598.fna,5369,
Biragzang__NODE_2583_length_5391_cov_7.960270.fna,5367,
Biragzang__NODE_2584_length_5391_cov_7.406297.fna,5367,
Biragzang__NODE_2585_length_5389_cov_10.251219.fna,5358,
Biragzang__NODE_2586_length_5389_cov_6.968316.fna,5365,
Biragzang__NODE_2587_length_5389_cov_4.620172.fna,5365,
Biragzang__NODE_2588_length_5387_cov_38.417479.fna,5363,
Biragzang__NODE_2589_length_5387_cov_5.211553.fna,5363,
Biragzang__NODE_258_length_19843_cov_11.013392.fna,19815,
Biragzang__NODE_2590_length_5386_cov_27.439130.fna,5362,
Biragzang__NODE_2591_length_5386_cov_5.356781.fna,5362,
Biragzang__NODE_2592_length_5383_cov_3.942380.fna,5359,
Biragzang__NODE_2593_length_5375_cov_14.336842.fna,5351,
Biragzang__NODE_2594_length_5370_cov_6.416745.fna,5346,
Biragzang__NODE_2595_length_5369_cov_6.259315.fna,5345,
Biragzang__NODE_2596_length_5367_cov_12.576431.fna,5343,
Biragzang__NODE_2597_length_5367_cov_9.258471.fna,5343,
Biragzang__NODE_2598_length_5366_cov_8.406703.fna,5342,
Biragzang__NODE_2599_length_5365_cov_16.863653.fna,4914,
Biragzang__NODE_259_length_19834_cov_12.082663.fna,19562,
Biragzang__NODE_25_length_45057_cov_38.605395.fna,45033,
Biragzang__NODE_2600_length_5364_cov_8.191750.fna,5340,
Biragzang__NODE_2601_length_5357_cov_7.910977.fna,5333,
Biragzang__NODE_2602_length_5356_cov_54.565365.fna,5208,
Biragzang__NODE_2603_length_5352_cov_51.761941.fna,5328,
Biragzang__NODE_2604_length_5350_cov_13.083097.fna,5326,
Biragzang__NODE_2605_length_5350_cov_11.061568.fna,5326,
Biragzang__NODE_2606_length_5346_cov_32.110187.fna,5322,
Biragzang__NODE_2607_length_5344_cov_5.804689.fna,5320,
Biragzang__NODE_2608_length_5342_cov_6.598260.fna,5318,
Biragzang__NODE_2609_length_5342_cov_6.036694.fna,5318,
Biragzang__NODE_260_length_19819_cov_31.474347.fna,19795,
Biragzang__NODE_2610_length_5340_cov_38.453359.fna,5316,
Biragzang__NODE_2611_length_5340_cov_10.355345.fna,5316,
Biragzang__NODE_2612_length_5339_cov_57.642127.fna,5315,
Biragzang__NODE_2613_length_5339_cov_22.375284.fna,5315,
Biragzang__NODE_2614_length_5339_cov_14.672218.fna,5315,
Biragzang__NODE_2615_length_5338_cov_39.952678.fna,5311,
Biragzang__NODE_2616_length_5338_cov_6.124172.fna,5314,
Biragzang__NODE_2617_length_5337_cov_33.023097.fna,5091,
Biragzang__NODE_2618_length_5337_cov_12.190647.fna,5313,
Biragzang__NODE_2619_length_5337_cov_11.909504.fna,5313,
Biragzang__NODE_261_length_19804_cov_16.573447.fna,19780,
Biragzang__NODE_2620_length_5334_cov_5.965524.fna,5310,
Biragzang__NODE_2621_length_5333_cov_21.245169.fna,5309,
Biragzang__NODE_2622_length_5332_cov_9.029941.fna,5299,
Biragzang__NODE_2623_length_5332_cov_6.999052.fna,5308,
Biragzang__NODE_2624_length_5330_cov_34.671090.fna,5306,
Biragzang__NODE_2625_length_5330_cov_13.294976.fna,5306,
Biragzang__NODE_2626_length_5330_cov_6.201327.fna,5306,
Biragzang__NODE_2627_length_5329_cov_36.113007.fna,5305,
Biragzang__NODE_2628_length_5329_cov_11.305650.fna,5181,
Biragzang__NODE_2629_length_5329_cov_11.127228.fna,5305,
Biragzang__NODE_262_length_19732_cov_46.595264.fna,19708,
Biragzang__NODE_2630_length_5329_cov_10.919606.fna,5305,
Biragzang__NODE_2631_length_5328_cov_4.036602.fna,5304,
Biragzang__NODE_2632_length_5327_cov_5.040781.fna,5303,
Biragzang__NODE_2633_length_5325_cov_11.314991.fna,5301,
Biragzang__NODE_2634_length_5325_cov_7.449336.fna,5301,
Biragzang__NODE_2635_length_5324_cov_4.352249.fna,5300,
Biragzang__NODE_2636_length_5323_cov_7.435649.fna,5299,
Biragzang__NODE_2637_length_5322_cov_15.641921.fna,5298,
Biragzang__NODE_2638_length_5322_cov_7.515474.fna,5293,
Biragzang__NODE_2639_length_5320_cov_5.524786.fna,5296,
Biragzang__NODE_263_length_19640_cov_15.806127.fna,19563,
Biragzang__NODE_2640_length_5318_cov_39.116854.fna,5294,
Biragzang__NODE_2641_length_5317_cov_14.312239.fna,5293,
Biragzang__NODE_2642_length_5316_cov_8.294431.fna,5292,
Biragzang__NODE_2643_length_5313_cov_44.164701.fna,5289,
Biragzang__NODE_2644_length_5313_cov_15.260555.fna,5289,
Biragzang__NODE_2645_length_5313_cov_4.685051.fna,5289,
Biragzang__NODE_2646_length_5311_cov_50.812215.fna,5287,
Biragzang__NODE_2647_length_5310_cov_12.289629.fna,5286,
Biragzang__NODE_2648_length_5309_cov_9.394937.fna,5285,
Biragzang__NODE_2649_length_5309_cov_5.873049.fna,5285,
Biragzang__NODE_264_length_19619_cov_34.906512.fna,19595,
Biragzang__NODE_2650_length_5309_cov_5.703083.fna,5285,
Biragzang__NODE_2651_length_5307_cov_8.307883.fna,5283,
Biragzang__NODE_2652_length_5307_cov_6.103199.fna,5283,
Biragzang__NODE_2653_length_5306_cov_6.488669.fna,5282,
Biragzang__NODE_2654_length_5305_cov_5.951810.fna,5281,
Biragzang__NODE_2655_length_5304_cov_7.147647.fna,5280,
Biragzang__NODE_2656_length_5304_cov_6.183654.fna,5280,
Biragzang__NODE_2657_length_5302_cov_5.984563.fna,5278,
Biragzang__NODE_2658_length_5300_cov_7.604004.fna,5276,
Biragzang__NODE_2659_length_5299_cov_6.032990.fna,5275,
Biragzang__NODE_265_length_19591_cov_10.692721.fna,19567,
Biragzang__NODE_2660_length_5295_cov_12.669656.fna,5271,
Biragzang__NODE_2661_length_5295_cov_4.166603.fna,5271,
Biragzang__NODE_2662_length_5294_cov_4.344341.fna,5270,
Biragzang__NODE_2663_length_5293_cov_11.399198.fna,5269,
Biragzang__NODE_2664_length_5293_cov_7.597556.fna,5269,
Biragzang__NODE_2665_length_5292_cov_8.084590.fna,5268,
Biragzang__NODE_2666_length_5291_cov_6.267571.fna,5267,
Biragzang__NODE_2667_length_5291_cov_3.995034.fna,5267,
Biragzang__NODE_2668_length_5288_cov_50.855150.fna,5264,
Biragzang__NODE_2669_length_5286_cov_5.576563.fna,5262,
Biragzang__NODE_266_length_19584_cov_13.421578.fna,19560,
Biragzang__NODE_2670_length_5283_cov_46.631217.fna,5259,
Biragzang__NODE_2671_length_5281_cov_9.429200.fna,5257,
Biragzang__NODE_2672_length_5280_cov_14.695885.fna,5256,
Biragzang__NODE_2673_length_5280_cov_11.405933.fna,5250,
Biragzang__NODE_2674_length_5280_cov_8.615885.fna,5256,
Biragzang__NODE_2675_length_5278_cov_5.065288.fna,5254,
Biragzang__NODE_2676_length_5277_cov_40.563386.fna,5224,
Biragzang__NODE_2677_length_5274_cov_8.300057.fna,5250,
Biragzang__NODE_2678_length_5273_cov_23.692794.fna,5249,
Biragzang__NODE_2679_length_5273_cov_7.228248.fna,5218,
Biragzang__NODE_267_length_19513_cov_45.131925.fna,19484,
Biragzang__NODE_2680_length_5272_cov_40.070730.fna,5248,
Biragzang__NODE_2681_length_5270_cov_7.884947.fna,5246,
Biragzang__NODE_2682_length_5269_cov_19.478519.fna,5245,
Biragzang__NODE_2683_length_5268_cov_5.910224.fna,5244,
Biragzang__NODE_2684_length_5268_cov_4.308076.fna,5244,
Biragzang__NODE_2685_length_5266_cov_45.240261.fna,5242,
Biragzang__NODE_2686_length_5266_cov_10.364230.fna,5242,
Biragzang__NODE_2687_length_5265_cov_11.746641.fna,5241,
Biragzang__NODE_2688_length_5263_cov_6.534370.fna,5239,
Biragzang__NODE_2689_length_5261_cov_13.394929.fna,5237,
Biragzang__NODE_268_length_19489_cov_49.241175.fna,19465,
Biragzang__NODE_2690_length_5260_cov_9.758694.fna,5236,
Biragzang__NODE_2691_length_5259_cov_13.011145.fna,5235,
Biragzang__NODE_2692_length_5258_cov_10.281184.fna,5234,
Biragzang__NODE_2693_length_5256_cov_17.211690.fna,5232,
Biragzang__NODE_2694_length_5256_cov_11.042300.fna,5232,
Biragzang__NODE_2695_length_5254_cov_6.678784.fna,5230,
Biragzang__NODE_2696_length_5249_cov_8.617251.fna,5225,
Biragzang__NODE_2697_length_5248_cov_37.657231.fna,5224,
Biragzang__NODE_2698_length_5248_cov_10.390141.fna,5224,
Biragzang__NODE_2699_length_5248_cov_4.975159.fna,5224,
Biragzang__NODE_269_length_19438_cov_11.467214.fna,19414,
Biragzang__NODE_26_length_44779_cov_38.540515.fna,44600,3:6,
Biragzang__NODE_2700_length_5247_cov_63.368451.fna,5122,
Biragzang__NODE_2701_length_5244_cov_6.663134.fna,5220,
Biragzang__NODE_2702_length_5241_cov_32.300039.fna,5177,
Biragzang__NODE_2703_length_5240_cov_47.298168.fna,5216,
Biragzang__NODE_2704_length_5239_cov_19.298611.fna,5215,
Biragzang__NODE_2705_length_5237_cov_40.158626.fna,5213,
Biragzang__NODE_2706_length_5237_cov_7.530297.fna,5196,
Biragzang__NODE_2707_length_5237_cov_6.289078.fna,5208,
Biragzang__NODE_2708_length_5236_cov_10.018529.fna,5212,
Biragzang__NODE_2709_length_5233_cov_48.877173.fna,5209,
Biragzang__NODE_270_length_19315_cov_11.027622.fna,19291,
Biragzang__NODE_2710_length_5231_cov_11.062983.fna,5207,
Biragzang__NODE_2711_length_5231_cov_7.707110.fna,5207,
Biragzang__NODE_2712_length_5231_cov_7.403787.fna,5207,
Biragzang__NODE_2713_length_5230_cov_15.359420.fna,5206,
Biragzang__NODE_2714_length_5229_cov_6.184383.fna,5205,
Biragzang__NODE_2715_length_5228_cov_46.793157.fna,5204,
Biragzang__NODE_2716_length_5228_cov_7.830659.fna,5204,
Biragzang__NODE_2717_length_5228_cov_5.583994.fna,5204,
Biragzang__NODE_2718_length_5228_cov_3.551324.fna,5170,
Biragzang__NODE_2719_length_5227_cov_16.089520.fna,5203,
Biragzang__NODE_271_length_19218_cov_10.803006.fna,19194,
Biragzang__NODE_2720_length_5223_cov_6.635255.fna,5199,
Biragzang__NODE_2721_length_5222_cov_4.125992.fna,5198,
Biragzang__NODE_2722_length_5220_cov_17.536108.fna,5196,
Biragzang__NODE_2723_length_5220_cov_13.666602.fna,5196,
Biragzang__NODE_2724_length_5220_cov_4.508035.fna,5191,
Biragzang__NODE_2725_length_5219_cov_48.894655.fna,5195,
Biragzang__NODE_2726_length_5219_cov_25.473277.fna,5160,
Biragzang__NODE_2727_length_5217_cov_29.364587.fna,5193,
Biragzang__NODE_2728_length_5215_cov_58.247481.fna,5191,
Biragzang__NODE_2729_length_5215_cov_10.821124.fna,5191,
Biragzang__NODE_272_length_19143_cov_33.712594.fna,19119,
Biragzang__NODE_2730_length_5214_cov_14.618143.fna,5190,
Biragzang__NODE_2731_length_5213_cov_48.162854.fna,5189,
Biragzang__NODE_2732_length_5213_cov_5.305739.fna,5189,2:4,3:10,
Biragzang__NODE_2733_length_5211_cov_33.770171.fna,5187,
Biragzang__NODE_2734_length_5211_cov_21.816524.fna,5187,
Biragzang__NODE_2735_length_5211_cov_9.665244.fna,5187,
Biragzang__NODE_2736_length_5209_cov_12.523671.fna,5169,
Biragzang__NODE_2737_length_5209_cov_11.102057.fna,5185,
Biragzang__NODE_2738_length_5207_cov_27.953610.fna,5183,
Biragzang__NODE_2739_length_5206_cov_16.787420.fna,5182,
Biragzang__NODE_273_length_19143_cov_14.581832.fna,19119,
Biragzang__NODE_2740_length_5205_cov_47.160777.fna,5181,
Biragzang__NODE_2741_length_5204_cov_6.763838.fna,5180,
Biragzang__NODE_2742_length_5203_cov_7.700466.fna,5179,
Biragzang__NODE_2743_length_5202_cov_9.848650.fna,5178,
Biragzang__NODE_2744_length_5196_cov_14.542696.fna,5172,
Biragzang__NODE_2745_length_5193_cov_10.800117.fna,5169,
Biragzang__NODE_2746_length_5190_cov_7.571762.fna,5166,
Biragzang__NODE_2747_length_5188_cov_46.604909.fna,5164,
Biragzang__NODE_2748_length_5186_cov_11.019100.fna,5162,
Biragzang__NODE_2749_length_5186_cov_5.506529.fna,5162,
Biragzang__NODE_274_length_19103_cov_37.282602.fna,19079,
Biragzang__NODE_2750_length_5185_cov_12.876998.fna,5161,
Biragzang__NODE_2751_length_5185_cov_9.392982.fna,5161,
Biragzang__NODE_2752_length_5185_cov_6.325926.fna,5161,
Biragzang__NODE_2753_length_5185_cov_3.956530.fna,5161,
Biragzang__NODE_2754_length_5183_cov_12.551677.fna,5159,
Biragzang__NODE_2755_length_5181_cov_5.466446.fna,5157,
Biragzang__NODE_2756_length_5179_cov_21.257221.fna,5126,11:1,
Biragzang__NODE_2757_length_5179_cov_7.272053.fna,5155,
Biragzang__NODE_2758_length_5176_cov_4.916813.fna,5152,
Biragzang__NODE_2759_length_5175_cov_23.230078.fna,5151,
Biragzang__NODE_275_length_19090_cov_24.952456.fna,19058,
Biragzang__NODE_2760_length_5174_cov_6.016214.fna,5150,
Biragzang__NODE_2761_length_5173_cov_13.195975.fna,5149,
Biragzang__NODE_2762_length_5171_cov_86.895231.fna,4762,
Biragzang__NODE_2763_length_5171_cov_6.149335.fna,5147,
Biragzang__NODE_2764_length_5169_cov_5.752053.fna,5111,
Biragzang__NODE_2765_length_5168_cov_6.892235.fna,5144,
Biragzang__NODE_2766_length_5167_cov_12.436620.fna,5143,
Biragzang__NODE_2767_length_5166_cov_12.979065.fna,5142,
Biragzang__NODE_2768_length_5166_cov_10.576404.fna,5018,
Biragzang__NODE_2769_length_5165_cov_5.579061.fna,5141,
Biragzang__NODE_276_length_19086_cov_39.356891.fna,19062,
Biragzang__NODE_2770_length_5161_cov_5.128672.fna,5137,
Biragzang__NODE_2771_length_5160_cov_14.717140.fna,5136,
Biragzang__NODE_2772_length_5160_cov_9.455044.fna,5000,
Biragzang__NODE_2773_length_5160_cov_6.555730.fna,5136,
Biragzang__NODE_2774_length_5159_cov_19.235502.fna,5135,
Biragzang__NODE_2775_length_5158_cov_10.507349.fna,5134,
Biragzang__NODE_2776_length_5156_cov_46.265634.fna,5132,
Biragzang__NODE_2777_length_5153_cov_17.804629.fna,5129,
Biragzang__NODE_2778_length_5152_cov_14.752992.fna,5128,
Biragzang__NODE_2779_length_5152_cov_9.811262.fna,5128,
Biragzang__NODE_277_length_19047_cov_56.326453.fna,19023,
Biragzang__NODE_2780_length_5151_cov_4.960950.fna,5127,
Biragzang__NODE_2781_length_5149_cov_5.844130.fna,5125,
Biragzang__NODE_2782_length_5144_cov_4.197288.fna,5120,
Biragzang__NODE_2783_length_5141_cov_13.673417.fna,5117,
Biragzang__NODE_2784_length_5140_cov_31.302262.fna,5116,
Biragzang__NODE_2785_length_5137_cov_10.402991.fna,4989,
Biragzang__NODE_2786_length_5136_cov_5.451092.fna,5112,
Biragzang__NODE_2787_length_5135_cov_14.458661.fna,5111,
Biragzang__NODE_2788_length_5135_cov_10.065354.fna,5111,
Biragzang__NODE_2789_length_5135_cov_8.654528.fna,5111,
Biragzang__NODE_278_length_19036_cov_14.025973.fna,19012,
Biragzang__NODE_2790_length_5134_cov_7.053160.fna,5110,
Biragzang__NODE_2791_length_5133_cov_4.020677.fna,5109,
Biragzang__NODE_2792_length_5132_cov_4.651172.fna,5108,
Biragzang__NODE_2793_length_5131_cov_9.318952.fna,5107,
Biragzang__NODE_2794_length_5130_cov_24.272118.fna,5105,
Biragzang__NODE_2795_length_5127_cov_8.592271.fna,5103,
Biragzang__NODE_2796_length_5127_cov_6.214905.fna,5103,
Biragzang__NODE_2797_length_5127_cov_5.606664.fna,5103,
Biragzang__NODE_2798_length_5126_cov_39.563400.fna,5102,
Biragzang__NODE_2799_length_5126_cov_24.230724.fna,5102,
Biragzang__NODE_279_length_19029_cov_45.166333.fna,19004,
Biragzang__NODE_27_length_44721_cov_40.593875.fna,44383,
Biragzang__NODE_2800_length_5124_cov_26.601302.fna,5100,
Biragzang__NODE_2801_length_5123_cov_29.153512.fna,5099,
Biragzang__NODE_2802_length_5122_cov_9.299980.fna,5067,
Biragzang__NODE_2803_length_5121_cov_14.702132.fna,5097,
Biragzang__NODE_2804_length_5121_cov_8.280497.fna,5097,
Biragzang__NODE_2805_length_5121_cov_7.798855.fna,5097,
Biragzang__NODE_2806_length_5121_cov_7.544809.fna,5097,
Biragzang__NODE_2807_length_5118_cov_9.410429.fna,5094,
Biragzang__NODE_2808_length_5116_cov_35.763683.fna,5092,
Biragzang__NODE_2809_length_5116_cov_28.532306.fna,5092,
Biragzang__NODE_280_length_19026_cov_10.357335.fna,19002,
Biragzang__NODE_2810_length_5115_cov_9.823715.fna,5091,
Biragzang__NODE_2811_length_5115_cov_8.397826.fna,5091,
Biragzang__NODE_2812_length_5114_cov_10.528761.fna,5090,
Biragzang__NODE_2813_length_5114_cov_7.243922.fna,5090,
Biragzang__NODE_2814_length_5113_cov_39.207197.fna,5089,
Biragzang__NODE_2815_length_5112_cov_4.821040.fna,5088,
Biragzang__NODE_2816_length_5110_cov_32.282690.fna,5086,
Biragzang__NODE_2817_length_5110_cov_5.010880.fna,5086,
Biragzang__NODE_2818_length_5108_cov_9.947754.fna,5084,
Biragzang__NODE_2819_length_5108_cov_4.671680.fna,5084,
Biragzang__NODE_281_length_18968_cov_45.935864.fna,18944,
Biragzang__NODE_2820_length_5107_cov_41.676564.fna,5083,
Biragzang__NODE_2821_length_5107_cov_8.296120.fna,5083,
Biragzang__NODE_2822_length_5104_cov_4.878986.fna,5080,
Biragzang__NODE_2823_length_5103_cov_7.103803.fna,5079,
Biragzang__NODE_2824_length_5102_cov_6.760055.fna,5078,
Biragzang__NODE_2825_length_5101_cov_24.860087.fna,5077,
Biragzang__NODE_2826_length_5100_cov_39.004955.fna,5076,
Biragzang__NODE_2827_length_5100_cov_5.681467.fna,5076,
Biragzang__NODE_2828_length_5099_cov_15.982950.fna,4934,
Biragzang__NODE_2829_length_5099_cov_6.729381.fna,5075,
Biragzang__NODE_282_length_18953_cov_40.309027.fna,18929,
Biragzang__NODE_2830_length_5097_cov_3.712416.fna,5073,
Biragzang__NODE_2831_length_5096_cov_24.116048.fna,5066,
Biragzang__NODE_2832_length_5096_cov_13.897441.fna,5072,
Biragzang__NODE_2833_length_5096_cov_5.393573.fna,5072,
Biragzang__NODE_2834_length_5095_cov_8.117857.fna,5071,
Biragzang__NODE_2835_length_5095_cov_6.695635.fna,5071,
Biragzang__NODE_2836_length_5094_cov_50.310181.fna,5070,
Biragzang__NODE_2837_length_5092_cov_22.030375.fna,5068,
Biragzang__NODE_2838_length_5092_cov_11.268414.fna,5068,
Biragzang__NODE_2839_length_5091_cov_7.810961.fna,5067,
Biragzang__NODE_283_length_18926_cov_12.597160.fna,18902,
Biragzang__NODE_2840_length_5089_cov_12.887763.fna,5062,
Biragzang__NODE_2841_length_5089_cov_10.313468.fna,5065,
Biragzang__NODE_2842_length_5086_cov_182.400914.fna,5062,
Biragzang__NODE_2843_length_5086_cov_51.479825.fna,5062,
Biragzang__NODE_2844_length_5086_cov_5.096402.fna,5062,
Biragzang__NODE_2845_length_5084_cov_41.200040.fna,5060,
Biragzang__NODE_2846_length_5084_cov_6.639491.fna,5060,
Biragzang__NODE_2847_length_5083_cov_26.660899.fna,5052,
Biragzang__NODE_2848_length_5082_cov_5.604536.fna,5058,
Biragzang__NODE_2849_length_5080_cov_32.743881.fna,5056,
Biragzang__NODE_284_length_18909_cov_12.750769.fna,18575,
Biragzang__NODE_2850_length_5080_cov_13.923582.fna,5056,
Biragzang__NODE_2851_length_5076_cov_47.165107.fna,5052,3:2,
Biragzang__NODE_2852_length_5075_cov_52.338645.fna,4896,
Biragzang__NODE_2853_length_5070_cov_9.819940.fna,5046,
Biragzang__NODE_2854_length_5067_cov_8.361133.fna,5043,
Biragzang__NODE_2855_length_5065_cov_7.561078.fna,5041,
Biragzang__NODE_2856_length_5062_cov_17.690833.fna,5038,
Biragzang__NODE_2857_length_5062_cov_10.658678.fna,5034,
Biragzang__NODE_2858_length_5062_cov_8.951268.fna,5038,
Biragzang__NODE_2859_length_5060_cov_8.446154.fna,5036,
Biragzang__NODE_285_length_18892_cov_10.483092.fna,18868,
Biragzang__NODE_2860_length_5060_cov_5.797003.fna,5036,11:3,
Biragzang__NODE_2861_length_5059_cov_11.093725.fna,5035,
Biragzang__NODE_2862_length_5059_cov_5.714229.fna,5035,
Biragzang__NODE_2863_length_5057_cov_12.918433.fna,5033,
Biragzang__NODE_2864_length_5057_cov_9.778289.fna,5024,
Biragzang__NODE_2865_length_5054_cov_11.989198.fna,5030,
Biragzang__NODE_2866_length_5054_cov_10.043809.fna,5030,
Biragzang__NODE_2867_length_5052_cov_10.979988.fna,5028,
Biragzang__NODE_2868_length_5048_cov_38.091328.fna,5015,
Biragzang__NODE_2869_length_5048_cov_9.979571.fna,5024,
Biragzang__NODE_286_length_18833_cov_34.928746.fna,18809,
Biragzang__NODE_2870_length_5047_cov_35.333934.fna,5023,
Biragzang__NODE_2871_length_5047_cov_18.545072.fna,5023,
Biragzang__NODE_2872_length_5047_cov_10.638822.fna,5023,
Biragzang__NODE_2873_length_5042_cov_18.863645.fna,5018,
Biragzang__NODE_2874_length_5041_cov_10.138187.fna,4893,
Biragzang__NODE_2875_length_5039_cov_49.838684.fna,5015,
Biragzang__NODE_2876_length_5039_cov_6.205859.fna,5015,
Biragzang__NODE_2877_length_5036_cov_9.587633.fna,5012,
Biragzang__NODE_2878_length_5036_cov_6.431239.fna,5012,
Biragzang__NODE_2879_length_5035_cov_8.082129.fna,5011,
Biragzang__NODE_287_length_18789_cov_29.080602.fna,18765,
Biragzang__NODE_2880_length_5035_cov_7.186546.fna,5011,
Biragzang__NODE_2881_length_5035_cov_5.874498.fna,5011,
Biragzang__NODE_2882_length_5033_cov_9.589795.fna,5009,
Biragzang__NODE_2883_length_5033_cov_5.768180.fna,5009,
Biragzang__NODE_2884_length_5031_cov_48.415595.fna,5007,
Biragzang__NODE_2885_length_5030_cov_57.276382.fna,5006,
Biragzang__NODE_2886_length_5030_cov_13.986131.fna,5006,
Biragzang__NODE_2887_length_5024_cov_4.805997.fna,5000,
Biragzang__NODE_2888_length_5023_cov_33.066828.fna,4999,
Biragzang__NODE_2889_length_5021_cov_10.100886.fna,4997,
Biragzang__NODE_288_length_18683_cov_11.233734.fna,18659,
Biragzang__NODE_2890_length_5020_cov_10.822759.fna,4996,
Biragzang__NODE_2891_length_5019_cov_52.158139.fna,4995,
Biragzang__NODE_2892_length_5018_cov_27.375176.fna,4994,
Biragzang__NODE_2893_length_5017_cov_34.549778.fna,4993,
Biragzang__NODE_2894_length_5015_cov_11.954839.fna,4991,
Biragzang__NODE_2895_length_5011_cov_17.599475.fna,4987,
Biragzang__NODE_2896_length_5011_cov_7.951574.fna,4987,
Biragzang__NODE_2897_length_5011_cov_5.326271.fna,4987,
Biragzang__NODE_2898_length_5011_cov_5.175141.fna,4987,
Biragzang__NODE_2899_length_5011_cov_4.494552.fna,4987,
Biragzang__NODE_289_length_18649_cov_10.674680.fna,18625,
Biragzang__NODE_28_length_44639_cov_32.878364.fna,44559,
Biragzang__NODE_2900_length_5010_cov_51.458527.fna,4830,
Biragzang__NODE_2901_length_5010_cov_12.218769.fna,4862,
Biragzang__NODE_2902_length_5009_cov_8.484861.fna,4985,
Biragzang__NODE_2903_length_5006_cov_9.396486.fna,4982,
Biragzang__NODE_2904_length_5004_cov_12.257022.fna,4980,
Biragzang__NODE_2905_length_5004_cov_4.750859.fna,4980,
Biragzang__NODE_2906_length_5003_cov_7.204729.fna,4979,
Biragzang__NODE_2907_length_5001_cov_8.068136.fna,4977,
Biragzang__NODE_290_length_18632_cov_58.195241.fna,18574,
Biragzang__NODE_291_length_18593_cov_53.871022.fna,18366,
Biragzang__NODE_292_length_18577_cov_34.686211.fna,18553,
Biragzang__NODE_293_length_18517_cov_41.852508.fna,18490,
Biragzang__NODE_294_length_18473_cov_40.588663.fna,18038,
Biragzang__NODE_295_length_18371_cov_26.145883.fna,18347,
Biragzang__NODE_296_length_18362_cov_12.674878.fna,17879,
Biragzang__NODE_297_length_18344_cov_43.541746.fna,17990,
Biragzang__NODE_298_length_18294_cov_28.920774.fna,18270,
Biragzang__NODE_299_length_18291_cov_14.429041.fna,18267,
Biragzang__NODE_29_length_44261_cov_51.803352.fna,44237,
Biragzang__NODE_2_length_87057_cov_10.683548.fna,86991,
Biragzang__NODE_300_length_18288_cov_11.648001.fna,18264,
Biragzang__NODE_301_length_18281_cov_33.136508.fna,18257,
Biragzang__NODE_302_length_18270_cov_10.879824.fna,18226,
Biragzang__NODE_303_length_18257_cov_10.243160.fna,18233,
Biragzang__NODE_304_length_18188_cov_35.719682.fna,17977,
Biragzang__NODE_305_length_18121_cov_46.121001.fna,18097,
Biragzang__NODE_306_length_18102_cov_12.157422.fna,17923,
Biragzang__NODE_307_length_18100_cov_47.378886.fna,18076,
Biragzang__NODE_308_length_17999_cov_44.398295.fna,17933,
Biragzang__NODE_309_length_17985_cov_43.906581.fna,17960,
Biragzang__NODE_30_length_43882_cov_53.822301.fna,43644,
Biragzang__NODE_310_length_17968_cov_14.493496.fna,17944,
Biragzang__NODE_311_length_17938_cov_50.900073.fna,17914,
Biragzang__NODE_312_length_17842_cov_28.650194.fna,17818,
Biragzang__NODE_313_length_17823_cov_50.924752.fna,17794,
Biragzang__NODE_314_length_17800_cov_10.593801.fna,17776,
Biragzang__NODE_315_length_17758_cov_33.112354.fna,17734,
Biragzang__NODE_316_length_17742_cov_34.730423.fna,17718,
Biragzang__NODE_317_length_17730_cov_33.014597.fna,17706,
Biragzang__NODE_318_length_17702_cov_34.356831.fna,17678,
Biragzang__NODE_319_length_17693_cov_53.322032.fna,17669,
Biragzang__NODE_31_length_43265_cov_11.704814.fna,43226,
Biragzang__NODE_320_length_17647_cov_11.298033.fna,17623,
Biragzang__NODE_321_length_17636_cov_9.212957.fna,17612,
Biragzang__NODE_322_length_17621_cov_11.565638.fna,17597,
Biragzang__NODE_323_length_17563_cov_6.317226.fna,17539,
Biragzang__NODE_324_length_17551_cov_42.309042.fna,17516,
Biragzang__NODE_325_length_17525_cov_30.501030.fna,17476,
Biragzang__NODE_326_length_17432_cov_11.634920.fna,17408,
Biragzang__NODE_327_length_17419_cov_45.662635.fna,17395,
Biragzang__NODE_328_length_17380_cov_9.803579.fna,17077,
Biragzang__NODE_329_length_17379_cov_13.141480.fna,17355,
Biragzang__NODE_32_length_43028_cov_55.872338.fna,42387,
Biragzang__NODE_330_length_17329_cov_41.003184.fna,17305,
Biragzang__NODE_331_length_17305_cov_10.934145.fna,17281,
Biragzang__NODE_332_length_17296_cov_22.177832.fna,17272,
Biragzang__NODE_333_length_17278_cov_51.717703.fna,17030,
Biragzang__NODE_334_length_17277_cov_11.074382.fna,17252,
Biragzang__NODE_335_length_17221_cov_52.234359.fna,17197,
Biragzang__NODE_336_length_17176_cov_49.013375.fna,17079,
Biragzang__NODE_337_length_17125_cov_11.247042.fna,17101,
Biragzang__NODE_338_length_17113_cov_13.923965.fna,17015,
Biragzang__NODE_339_length_17080_cov_10.669310.fna,17056,
Biragzang__NODE_33_length_42650_cov_10.899073.fna,42595,
Biragzang__NODE_340_length_17065_cov_41.621693.fna,16971,
Biragzang__NODE_341_length_17035_cov_54.764075.fna,16981,
Biragzang__NODE_342_length_16995_cov_57.591204.fna,16767,
Biragzang__NODE_343_length_16942_cov_53.842246.fna,16918,
Biragzang__NODE_344_length_16921_cov_6.109214.fna,16897,
Biragzang__NODE_345_length_16893_cov_30.075900.fna,16869,
Biragzang__NODE_346_length_16736_cov_33.623344.fna,16712,
Biragzang__NODE_347_length_16708_cov_51.050081.fna,16481,
Biragzang__NODE_348_length_16706_cov_45.686205.fna,16672,
Biragzang__NODE_349_length_16697_cov_19.911669.fna,16656,
Biragzang__NODE_34_length_42056_cov_38.320040.fna,42032,
Biragzang__NODE_350_length_16651_cov_6.258014.fna,16627,
Biragzang__NODE_351_length_16641_cov_31.944351.fna,16617,
Biragzang__NODE_352_length_16554_cov_39.282441.fna,16530,
Biragzang__NODE_353_length_16533_cov_11.542663.fna,16509,76:80,
Biragzang__NODE_354_length_16489_cov_11.668675.fna,16465,
Biragzang__NODE_355_length_16467_cov_44.712771.fna,16359,
Biragzang__NODE_356_length_16437_cov_51.033329.fna,16412,
Biragzang__NODE_357_length_16427_cov_13.432507.fna,16397,
Biragzang__NODE_358_length_16420_cov_59.024381.fna,16396,
Biragzang__NODE_359_length_16418_cov_12.945609.fna,16394,
Biragzang__NODE_35_length_41885_cov_40.874372.fna,41848,
Biragzang__NODE_360_length_16400_cov_44.688590.fna,16376,
Biragzang__NODE_361_length_16374_cov_34.123353.fna,16350,
Biragzang__NODE_362_length_16361_cov_11.953330.fna,15907,
Biragzang__NODE_363_length_16339_cov_39.299803.fna,16116,
Biragzang__NODE_364_length_16255_cov_10.977840.fna,16231,
Biragzang__NODE_365_length_16247_cov_47.226285.fna,16223,
Biragzang__NODE_366_length_16236_cov_55.659415.fna,15512,
Biragzang__NODE_367_length_16202_cov_10.007741.fna,16178,
Biragzang__NODE_368_length_16175_cov_11.760670.fna,16151,
Biragzang__NODE_369_length_16152_cov_39.049264.fna,16128,
Biragzang__NODE_36_length_41705_cov_38.946146.fna,41681,
Biragzang__NODE_370_length_16151_cov_55.404945.fna,15941,
Biragzang__NODE_371_length_16136_cov_44.948386.fna,16112,
Biragzang__NODE_372_length_16132_cov_12.450395.fna,16108,
Biragzang__NODE_373_length_16109_cov_52.825589.fna,16085,
Biragzang__NODE_374_length_16059_cov_81.080042.fna,15762,
Biragzang__NODE_375_length_15968_cov_20.423050.fna,15944,
Biragzang__NODE_376_length_15909_cov_25.075754.fna,15885,
Biragzang__NODE_377_length_15859_cov_41.762402.fna,15653,
Biragzang__NODE_378_length_15793_cov_9.554835.fna,15769,
Biragzang__NODE_379_length_15739_cov_10.182288.fna,15715,
Biragzang__NODE_37_length_41489_cov_39.591133.fna,41441,
Biragzang__NODE_380_length_15717_cov_15.008939.fna,15693,
Biragzang__NODE_381_length_15710_cov_14.902843.fna,15686,
Biragzang__NODE_382_length_15680_cov_11.125824.fna,15651,
Biragzang__NODE_383_length_15661_cov_49.958926.fna,15475,
Biragzang__NODE_384_length_15660_cov_55.170715.fna,15636,
Biragzang__NODE_385_length_15659_cov_13.256345.fna,15635,
Biragzang__NODE_386_length_15647_cov_11.593509.fna,15623,
Biragzang__NODE_387_length_15635_cov_9.734596.fna,15611,
Biragzang__NODE_388_length_15620_cov_37.408802.fna,15578,
Biragzang__NODE_389_length_15578_cov_11.494170.fna,14953,
Biragzang__NODE_38_length_40980_cov_11.384899.fna,40934,11:3,
Biragzang__NODE_390_length_15564_cov_40.123864.fna,15540,
Biragzang__NODE_391_length_15564_cov_27.218647.fna,15540,
Biragzang__NODE_392_length_15516_cov_42.221978.fna,15489,
Biragzang__NODE_393_length_15471_cov_71.615464.fna,15447,
Biragzang__NODE_394_length_15450_cov_42.228970.fna,15021,
Biragzang__NODE_395_length_15413_cov_23.769762.fna,15384,
Biragzang__NODE_396_length_15407_cov_7.863666.fna,15382,
Biragzang__NODE_397_length_15405_cov_41.205081.fna,15381,
Biragzang__NODE_398_length_15391_cov_5.657212.fna,15367,
Biragzang__NODE_399_length_15385_cov_11.432355.fna,15361,
Biragzang__NODE_39_length_40875_cov_12.509775.fna,40851,
Biragzang__NODE_3_length_72593_cov_10.665541.fna,72567,
Biragzang__NODE_400_length_15376_cov_7.567522.fna,15352,
Biragzang__NODE_401_length_15361_cov_11.521952.fna,15337,
Biragzang__NODE_402_length_15358_cov_17.628374.fna,15334,
Biragzang__NODE_403_length_15279_cov_10.299002.fna,15255,
Biragzang__NODE_404_length_15257_cov_36.314564.fna,15109,
Biragzang__NODE_405_length_15238_cov_7.644010.fna,15212,
Biragzang__NODE_406_length_15237_cov_30.394019.fna,15213,
Biragzang__NODE_407_length_15171_cov_41.569000.fna,15147,
Biragzang__NODE_408_length_15142_cov_13.276728.fna,15118,
Biragzang__NODE_409_length_15119_cov_40.822292.fna,15095,
Biragzang__NODE_40_length_40372_cov_48.565196.fna,40348,
Biragzang__NODE_410_length_15111_cov_26.023180.fna,15014,
Biragzang__NODE_411_length_15059_cov_11.230605.fna,15020,
Biragzang__NODE_412_length_15048_cov_31.166278.fna,15024,
Biragzang__NODE_413_length_15039_cov_39.722838.fna,15015,
Biragzang__NODE_414_length_15038_cov_7.346993.fna,15014,
Biragzang__NODE_415_length_15023_cov_8.813870.fna,14999,
Biragzang__NODE_416_length_14987_cov_9.164881.fna,14963,
Biragzang__NODE_417_length_14975_cov_12.632239.fna,14951,
Biragzang__NODE_418_length_14965_cov_45.365929.fna,14755,
Biragzang__NODE_419_length_14964_cov_9.083574.fna,14933,
Biragzang__NODE_41_length_40344_cov_44.137333.fna,40061,
Biragzang__NODE_420_length_14939_cov_69.328541.fna,14725,
Biragzang__NODE_421_length_14937_cov_32.769386.fna,14913,
Biragzang__NODE_422_length_14912_cov_9.706536.fna,14888,
Biragzang__NODE_423_length_14899_cov_11.538804.fna,14875,
Biragzang__NODE_424_length_14881_cov_65.356333.fna,14857,
Biragzang__NODE_425_length_14874_cov_48.659559.fna,14845,
Biragzang__NODE_426_length_14864_cov_11.841043.fna,14840,
Biragzang__NODE_427_length_14858_cov_41.151794.fna,14834,
Biragzang__NODE_428_length_14833_cov_10.493639.fna,14323,
Biragzang__NODE_429_length_14789_cov_13.413058.fna,14765,
Biragzang__NODE_42_length_39433_cov_36.033445.fna,39328,
Biragzang__NODE_430_length_14778_cov_13.456157.fna,14754,
Biragzang__NODE_431_length_14777_cov_54.302337.fna,14750,
Biragzang__NODE_432_length_14739_cov_13.916167.fna,14715,
Biragzang__NODE_433_length_14710_cov_34.098465.fna,14657,
Biragzang__NODE_434_length_14690_cov_13.984558.fna,14666,
Biragzang__NODE_435_length_14665_cov_10.238261.fna,14352,
Biragzang__NODE_436_length_14648_cov_49.845954.fna,14624,
Biragzang__NODE_437_length_14627_cov_17.088595.fna,14603,
Biragzang__NODE_438_length_14625_cov_42.339327.fna,14601,
Biragzang__NODE_439_length_14622_cov_47.972884.fna,14149,
Biragzang__NODE_43_length_39358_cov_12.776582.fna,39150,
Biragzang__NODE_440_length_14622_cov_12.656964.fna,14598,
Biragzang__NODE_441_length_14587_cov_98.220341.fna,14549,
Biragzang__NODE_442_length_14571_cov_9.984638.fna,14547,
Biragzang__NODE_443_length_14563_cov_29.495520.fna,14539,
Biragzang__NODE_444_length_14557_cov_39.231141.fna,14533,
Biragzang__NODE_445_length_14557_cov_10.882154.fna,14533,
Biragzang__NODE_446_length_14548_cov_47.719589.fna,14524,
Biragzang__NODE_447_length_14547_cov_7.808308.fna,14523,
Biragzang__NODE_448_length_14519_cov_32.907702.fna,14494,
Biragzang__NODE_449_length_14514_cov_7.921156.fna,14490,
Biragzang__NODE_44_length_38352_cov_45.830561.fna,38328,
Biragzang__NODE_450_length_14512_cov_55.306357.fna,14488,
Biragzang__NODE_451_length_14505_cov_12.403183.fna,14481,
Biragzang__NODE_452_length_14491_cov_35.449293.fna,14399,
Biragzang__NODE_453_length_14484_cov_24.174648.fna,14460,
Biragzang__NODE_454_length_14473_cov_14.226453.fna,14449,
Biragzang__NODE_455_length_14459_cov_54.813385.fna,14424,
Biragzang__NODE_456_length_14455_cov_12.295694.fna,14431,
Biragzang__NODE_457_length_14446_cov_11.174415.fna,14422,17:1,
Biragzang__NODE_458_length_14444_cov_10.382028.fna,14420,
Biragzang__NODE_459_length_14413_cov_45.537679.fna,14389,
Biragzang__NODE_45_length_38029_cov_33.943303.fna,38005,
Biragzang__NODE_460_length_14389_cov_12.427515.fna,14365,
Biragzang__NODE_461_length_14384_cov_13.100077.fna,14333,
Biragzang__NODE_462_length_14371_cov_46.196004.fna,14347,
Biragzang__NODE_463_length_14366_cov_19.928027.fna,14342,
Biragzang__NODE_464_length_14365_cov_47.386233.fna,14341,
Biragzang__NODE_465_length_14358_cov_33.958470.fna,14329,
Biragzang__NODE_466_length_14357_cov_6.621871.fna,14333,
Biragzang__NODE_467_length_14322_cov_72.468984.fna,13696,
Biragzang__NODE_468_length_14291_cov_13.922310.fna,14060,
Biragzang__NODE_469_length_14290_cov_15.052828.fna,14266,
Biragzang__NODE_46_length_37424_cov_25.718162.fna,37327,
Biragzang__NODE_470_length_14288_cov_7.746856.fna,14264,
Biragzang__NODE_471_length_14285_cov_43.756852.fna,14261,
Biragzang__NODE_472_length_14283_cov_12.051940.fna,14257,
Biragzang__NODE_473_length_14283_cov_10.382626.fna,14155,
Biragzang__NODE_474_length_14211_cov_49.056231.fna,14187,
Biragzang__NODE_475_length_14202_cov_10.687213.fna,14178,
Biragzang__NODE_476_length_14198_cov_56.688044.fna,14150,34:2,
Biragzang__NODE_477_length_14195_cov_11.303890.fna,14047,
Biragzang__NODE_478_length_14188_cov_16.461473.fna,14164,
Biragzang__NODE_479_length_14181_cov_32.265185.fna,14151,
Biragzang__NODE_47_length_37115_cov_38.233864.fna,36857,
Biragzang__NODE_480_length_14164_cov_11.993125.fna,14140,
Biragzang__NODE_481_length_14153_cov_9.886863.fna,14129,
Biragzang__NODE_482_length_14095_cov_36.472009.fna,14019,
Biragzang__NODE_483_length_14058_cov_14.117046.fna,14034,
Biragzang__NODE_484_length_14053_cov_51.726247.fna,14029,
Biragzang__NODE_485_length_14046_cov_46.121221.fna,14022,
Biragzang__NODE_486_length_14026_cov_10.128194.fna,14002,
Biragzang__NODE_487_length_14008_cov_35.654985.fna,13959,
Biragzang__NODE_488_length_13990_cov_46.664657.fna,13966,
Biragzang__NODE_489_length_13988_cov_9.488193.fna,13964,
Biragzang__NODE_48_length_37007_cov_41.210083.fna,36983,
Biragzang__NODE_490_length_13976_cov_34.574097.fna,13952,
Biragzang__NODE_491_length_13973_cov_6.888346.fna,13949,
Biragzang__NODE_492_length_13969_cov_11.305232.fna,13945,
Biragzang__NODE_493_length_13941_cov_39.717197.fna,13917,
Biragzang__NODE_494_length_13929_cov_45.742108.fna,13905,
Biragzang__NODE_495_length_13908_cov_40.420559.fna,13884,
Biragzang__NODE_496_length_13898_cov_17.881023.fna,13864,
Biragzang__NODE_497_length_13886_cov_38.791411.fna,13827,
Biragzang__NODE_498_length_13852_cov_28.414945.fna,13828,
Biragzang__NODE_499_length_13847_cov_14.516676.fna,13823,
Biragzang__NODE_49_length_36852_cov_37.813545.fna,36785,
Biragzang__NODE_4_length_72549_cov_54.213066.fna,71637,
Biragzang__NODE_500_length_13835_cov_10.639115.fna,13810,
Biragzang__NODE_501_length_13815_cov_8.489244.fna,13791,
Biragzang__NODE_502_length_13812_cov_10.324489.fna,13788,
Biragzang__NODE_503_length_13758_cov_10.675691.fna,13734,
Biragzang__NODE_504_length_13737_cov_10.079301.fna,13713,
Biragzang__NODE_505_length_13714_cov_12.608244.fna,13525,
Biragzang__NODE_506_length_13708_cov_12.303303.fna,13684,
Biragzang__NODE_507_length_13707_cov_45.338705.fna,13683,
Biragzang__NODE_508_length_13706_cov_32.604791.fna,13682,
Biragzang__NODE_509_length_13700_cov_38.019494.fna,13657,
Biragzang__NODE_50_length_36496_cov_11.076343.fna,36453,
Biragzang__NODE_510_length_13688_cov_23.181691.fna,13664,
Biragzang__NODE_511_length_13660_cov_13.501507.fna,13636,
Biragzang__NODE_512_length_13634_cov_50.748509.fna,13610,
Biragzang__NODE_513_length_13600_cov_26.928977.fna,13563,
Biragzang__NODE_514_length_13599_cov_32.606394.fna,13575,
Biragzang__NODE_515_length_13572_cov_9.341570.fna,13548,
Biragzang__NODE_516_length_13542_cov_12.417736.fna,13518,
Biragzang__NODE_517_length_13520_cov_50.743632.fna,13479,
Biragzang__NODE_518_length_13467_cov_62.416194.fna,13423,
Biragzang__NODE_519_length_13467_cov_10.833433.fna,13421,
Biragzang__NODE_51_length_36471_cov_41.726906.fna,36447,
Biragzang__NODE_520_length_13463_cov_6.348523.fna,13439,
Biragzang__NODE_521_length_13454_cov_10.936861.fna,13235,
Biragzang__NODE_522_length_13451_cov_43.860257.fna,12955,
Biragzang__NODE_523_length_13448_cov_46.149332.fna,13424,
Biragzang__NODE_524_length_13442_cov_10.643908.fna,13418,
Biragzang__NODE_525_length_13437_cov_11.842326.fna,13413,
Biragzang__NODE_526_length_13427_cov_46.908017.fna,13403,
Biragzang__NODE_527_length_13423_cov_22.842160.fna,13399,
Biragzang__NODE_528_length_13413_cov_40.478664.fna,13389,
Biragzang__NODE_529_length_13392_cov_52.500637.fna,13089,
Biragzang__NODE_52_length_36272_cov_11.190601.fna,36213,
Biragzang__NODE_530_length_13362_cov_46.205305.fna,13338,
Biragzang__NODE_531_length_13344_cov_36.970953.fna,13165,
Biragzang__NODE_532_length_13336_cov_39.725774.fna,13312,
Biragzang__NODE_533_length_13333_cov_45.183913.fna,13123,
Biragzang__NODE_534_length_13330_cov_9.932655.fna,13306,
Biragzang__NODE_535_length_13324_cov_18.745120.fna,13300,
Biragzang__NODE_536_length_13313_cov_10.061321.fna,13289,
Biragzang__NODE_537_length_13307_cov_11.333459.fna,13283,
Biragzang__NODE_538_length_13305_cov_14.740453.fna,13281,
Biragzang__NODE_539_length_13286_cov_12.150253.fna,13253,
Biragzang__NODE_53_length_36160_cov_39.244287.fna,36136,
Biragzang__NODE_540_length_13277_cov_38.672818.fna,13253,
Biragzang__NODE_541_length_13234_cov_16.677593.fna,13062,
Biragzang__NODE_542_length_13224_cov_6.626927.fna,13192,
Biragzang__NODE_543_length_13176_cov_10.679293.fna,13152,
Biragzang__NODE_544_length_13175_cov_14.813034.fna,13151,
Biragzang__NODE_545_length_13164_cov_34.171180.fna,13129,
Biragzang__NODE_546_length_13153_cov_12.574210.fna,13129,
Biragzang__NODE_547_length_13152_cov_40.091929.fna,13128,
Biragzang__NODE_548_length_13141_cov_7.099190.fna,13117,
Biragzang__NODE_549_length_13131_cov_8.746788.fna,13107,
Biragzang__NODE_54_length_35994_cov_28.142714.fna,35123,
Biragzang__NODE_550_length_13125_cov_12.328615.fna,13101,
Biragzang__NODE_551_length_13124_cov_10.806259.fna,13100,
Biragzang__NODE_552_length_13122_cov_10.480370.fna,13098,
Biragzang__NODE_553_length_13117_cov_42.783111.fna,13093,
Biragzang__NODE_554_length_13116_cov_11.654850.fna,13092,
Biragzang__NODE_555_length_13111_cov_10.391238.fna,13087,
Biragzang__NODE_556_length_13098_cov_50.890593.fna,13074,
Biragzang__NODE_557_length_13073_cov_18.674681.fna,13045,
Biragzang__NODE_558_length_13066_cov_67.689570.fna,13009,
Biragzang__NODE_559_length_13063_cov_10.376153.fna,13039,
Biragzang__NODE_55_length_35795_cov_53.700755.fna,35771,
Biragzang__NODE_560_length_13059_cov_10.413488.fna,13035,
Biragzang__NODE_561_length_13049_cov_35.546252.fna,13025,
Biragzang__NODE_562_length_13043_cov_36.202495.fna,13005,
Biragzang__NODE_563_length_13003_cov_36.395660.fna,12968,
Biragzang__NODE_564_length_13000_cov_12.598532.fna,12976,
Biragzang__NODE_565_length_12994_cov_25.029446.fna,12970,
Biragzang__NODE_566_length_12986_cov_10.625938.fna,12948,
Biragzang__NODE_567_length_12978_cov_10.538420.fna,12954,
Biragzang__NODE_568_length_12940_cov_42.928133.fna,12916,
Biragzang__NODE_569_length_12931_cov_6.428627.fna,12904,
Biragzang__NODE_56_length_35672_cov_35.337114.fna,35648,
Biragzang__NODE_570_length_12923_cov_38.891669.fna,12899,
Biragzang__NODE_571_length_12921_cov_14.350459.fna,12897,
Biragzang__NODE_572_length_12914_cov_6.532234.fna,12890,
Biragzang__NODE_573_length_12905_cov_11.741634.fna,12881,
Biragzang__NODE_574_length_12902_cov_71.427181.fna,12585,
Biragzang__NODE_575_length_12858_cov_14.485824.fna,12834,
Biragzang__NODE_576_length_12855_cov_43.243906.fna,12831,
Biragzang__NODE_577_length_12786_cov_43.131412.fna,12762,
Biragzang__NODE_578_length_12778_cov_57.254736.fna,12138,
Biragzang__NODE_579_length_12775_cov_33.187186.fna,12751,
Biragzang__NODE_57_length_35007_cov_38.424611.fna,34586,
Biragzang__NODE_580_length_12773_cov_11.681632.fna,12749,
Biragzang__NODE_581_length_12769_cov_11.845367.fna,12745,11:2,
Biragzang__NODE_582_length_12753_cov_43.974799.fna,12677,
Biragzang__NODE_583_length_12742_cov_32.240719.fna,12718,
Biragzang__NODE_584_length_12737_cov_11.464201.fna,12711,
Biragzang__NODE_585_length_12724_cov_62.481648.fna,12696,
Biragzang__NODE_586_length_12721_cov_6.142113.fna,12697,
Biragzang__NODE_587_length_12668_cov_11.022120.fna,12644,
Biragzang__NODE_588_length_12662_cov_45.715951.fna,12638,
Biragzang__NODE_589_length_12647_cov_6.058370.fna,12623,
Biragzang__NODE_58_length_34868_cov_30.995576.fna,34838,
Biragzang__NODE_590_length_12645_cov_43.247657.fna,12621,
Biragzang__NODE_591_length_12641_cov_7.032894.fna,12591,
Biragzang__NODE_592_length_12637_cov_8.725640.fna,12613,
Biragzang__NODE_593_length_12626_cov_37.576088.fna,12602,
Biragzang__NODE_594_length_12622_cov_47.022997.fna,12596,
Biragzang__NODE_595_length_12613_cov_44.814700.fna,12589,
Biragzang__NODE_596_length_12613_cov_33.779742.fna,12589,
Biragzang__NODE_597_length_12588_cov_34.626985.fna,12564,
Biragzang__NODE_598_length_12572_cov_51.766637.fna,12541,
Biragzang__NODE_599_length_12568_cov_37.949413.fna,12543,
Biragzang__NODE_59_length_34861_cov_40.330862.fna,34330,
Biragzang__NODE_5_length_64333_cov_51.837907.fna,63832,
Biragzang__NODE_600_length_12562_cov_11.807948.fna,12538,
Biragzang__NODE_601_length_12541_cov_11.823482.fna,12517,
Biragzang__NODE_602_length_12534_cov_11.491706.fna,12510,
Biragzang__NODE_603_length_12533_cov_39.939494.fna,12354,
Biragzang__NODE_604_length_12513_cov_21.118558.fna,11802,
Biragzang__NODE_605_length_12500_cov_30.300522.fna,12476,
Biragzang__NODE_606_length_12430_cov_6.248404.fna,12406,
Biragzang__NODE_607_length_12423_cov_49.783473.fna,12399,
Biragzang__NODE_608_length_12411_cov_6.231143.fna,12353,
Biragzang__NODE_609_length_12410_cov_11.822258.fna,12370,
Biragzang__NODE_60_length_34594_cov_47.013087.fna,34570,
Biragzang__NODE_610_length_12402_cov_7.908156.fna,12378,
Biragzang__NODE_611_length_12396_cov_9.770602.fna,12372,
Biragzang__NODE_612_length_12394_cov_48.841154.fna,12370,
Biragzang__NODE_613_length_12386_cov_12.990755.fna,12341,
Biragzang__NODE_614_length_12354_cov_25.249045.fna,12330,
Biragzang__NODE_615_length_12349_cov_12.821214.fna,11969,
Biragzang__NODE_616_length_12349_cov_9.789247.fna,12325,
Biragzang__NODE_617_length_12348_cov_33.569999.fna,12324,
Biragzang__NODE_618_length_12338_cov_35.562322.fna,12314,
Biragzang__NODE_619_length_12325_cov_9.529177.fna,12301,
Biragzang__NODE_61_length_34555_cov_39.459101.fna,34517,
Biragzang__NODE_620_length_12300_cov_41.897999.fna,12276,
Biragzang__NODE_621_length_12292_cov_10.322301.fna,12268,
Biragzang__NODE_622_length_12273_cov_12.062694.fna,12247,
Biragzang__NODE_623_length_12270_cov_16.201228.fna,12246,
Biragzang__NODE_624_length_12250_cov_60.321771.fna,12162,
Biragzang__NODE_625_length_12245_cov_48.824118.fna,12180,
Biragzang__NODE_626_length_12239_cov_23.956418.fna,12007,
Biragzang__NODE_627_length_12234_cov_9.128828.fna,12173,
Biragzang__NODE_628_length_12223_cov_11.258958.fna,12199,
Biragzang__NODE_629_length_12193_cov_54.669962.fna,11970,
Biragzang__NODE_62_length_34510_cov_51.733856.fna,34213,
Biragzang__NODE_630_length_12180_cov_48.320330.fna,11889,
Biragzang__NODE_631_length_12172_cov_9.059751.fna,12148,
Biragzang__NODE_632_length_12159_cov_56.346827.fna,12135,
Biragzang__NODE_633_length_12150_cov_8.866970.fna,12091,
Biragzang__NODE_634_length_12138_cov_63.766366.fna,12072,
Biragzang__NODE_635_length_12133_cov_49.870591.fna,12109,
Biragzang__NODE_636_length_12111_cov_12.128235.fna,12087,
Biragzang__NODE_637_length_12110_cov_44.840896.fna,11829,
Biragzang__NODE_638_length_12108_cov_19.869327.fna,12084,
Biragzang__NODE_639_length_12094_cov_41.868428.fna,12070,
Biragzang__NODE_63_length_34210_cov_38.579242.fna,33067,
Biragzang__NODE_640_length_12078_cov_8.169342.fna,12054,
Biragzang__NODE_641_length_12060_cov_29.602082.fna,12034,
Biragzang__NODE_642_length_12059_cov_20.672526.fna,12035,
Biragzang__NODE_643_length_12054_cov_11.585132.fna,12030,
Biragzang__NODE_644_length_12050_cov_47.421592.fna,12026,
Biragzang__NODE_645_length_12038_cov_10.813903.fna,12014,
Biragzang__NODE_646_length_12026_cov_6.141425.fna,12002,
Biragzang__NODE_647_length_12002_cov_12.743785.fna,11978,
Biragzang__NODE_648_length_11984_cov_16.498449.fna,11960,
Biragzang__NODE_649_length_11972_cov_9.849878.fna,11948,
Biragzang__NODE_64_length_33687_cov_11.626576.fna,33659,
Biragzang__NODE_650_length_11967_cov_7.886501.fna,11137,
Biragzang__NODE_651_length_11965_cov_16.014945.fna,11941,
Biragzang__NODE_652_length_11964_cov_6.595936.fna,11932,
Biragzang__NODE_653_length_11958_cov_5.579182.fna,11934,
Biragzang__NODE_654_length_11953_cov_13.426794.fna,11774,
Biragzang__NODE_655_length_11944_cov_46.591219.fna,11810,
Biragzang__NODE_656_length_11932_cov_14.809632.fna,11908,
Biragzang__NODE_657_length_11926_cov_17.251790.fna,11902,
Biragzang__NODE_658_length_11925_cov_12.300842.fna,11898,3:8,
Biragzang__NODE_659_length_11916_cov_34.607875.fna,11874,
Biragzang__NODE_65_length_33635_cov_10.816557.fna,33605,
Biragzang__NODE_660_length_11902_cov_8.740187.fna,11878,
Biragzang__NODE_661_length_11896_cov_16.911410.fna,11872,
Biragzang__NODE_662_length_11884_cov_41.718150.fna,11860,
Biragzang__NODE_663_length_11882_cov_7.279276.fna,11858,
Biragzang__NODE_664_length_11878_cov_8.581409.fna,11854,
Biragzang__NODE_665_length_11875_cov_12.139086.fna,11851,
Biragzang__NODE_666_length_11875_cov_9.779103.fna,11851,
Biragzang__NODE_667_length_11867_cov_52.324670.fna,11843,
Biragzang__NODE_668_length_11867_cov_47.180156.fna,11843,
Biragzang__NODE_669_length_11856_cov_28.811626.fna,11832,
Biragzang__NODE_66_length_33495_cov_38.904037.fna,33463,
Biragzang__NODE_670_length_11855_cov_9.478729.fna,11831,
Biragzang__NODE_671_length_11852_cov_6.961685.fna,11828,
Biragzang__NODE_672_length_11845_cov_6.747752.fna,11821,
Biragzang__NODE_673_length_11832_cov_9.960771.fna,11808,
Biragzang__NODE_674_length_11823_cov_25.092539.fna,11799,
Biragzang__NODE_675_length_11819_cov_31.940326.fna,11795,
Biragzang__NODE_676_length_11814_cov_28.417978.fna,11790,
Biragzang__NODE_677_length_11800_cov_11.809110.fna,11776,
Biragzang__NODE_678_length_11799_cov_12.470964.fna,11775,
Biragzang__NODE_679_length_11794_cov_13.438368.fna,11584,
Biragzang__NODE_67_length_33403_cov_34.954780.fna,33241,
Biragzang__NODE_680_length_11787_cov_47.481248.fna,11763,
Biragzang__NODE_681_length_11774_cov_10.404727.fna,11750,
Biragzang__NODE_682_length_11772_cov_39.503030.fna,11748,
Biragzang__NODE_683_length_11761_cov_34.145310.fna,11695,
Biragzang__NODE_684_length_11756_cov_9.577216.fna,11732,
Biragzang__NODE_685_length_11742_cov_60.589544.fna,11718,
Biragzang__NODE_686_length_11741_cov_9.160021.fna,11717,
Biragzang__NODE_687_length_11740_cov_11.901070.fna,11716,
Biragzang__NODE_688_length_11738_cov_21.518103.fna,11714,
Biragzang__NODE_689_length_11736_cov_28.674514.fna,11712,
Biragzang__NODE_68_length_33203_cov_45.314981.fna,33142,
Biragzang__NODE_690_length_11723_cov_38.556479.fna,11246,
Biragzang__NODE_691_length_11688_cov_11.596579.fna,11664,
Biragzang__NODE_692_length_11684_cov_21.288933.fna,11642,
Biragzang__NODE_693_length_11673_cov_46.026511.fna,11647,
Biragzang__NODE_694_length_11668_cov_16.497632.fna,11644,
Biragzang__NODE_695_length_11657_cov_54.658766.fna,11633,
Biragzang__NODE_696_length_11647_cov_46.195307.fna,11623,
Biragzang__NODE_697_length_11643_cov_12.745254.fna,11593,
Biragzang__NODE_698_length_11638_cov_27.960373.fna,11614,
Biragzang__NODE_699_length_11636_cov_12.774631.fna,11612,
Biragzang__NODE_69_length_33152_cov_27.947760.fna,33128,
Biragzang__NODE_6_length_63067_cov_30.681934.fna,63013,
Biragzang__NODE_700_length_11633_cov_14.355070.fna,11609,
Biragzang__NODE_701_length_11630_cov_38.961210.fna,11497,
Biragzang__NODE_702_length_11619_cov_44.422951.fna,11595,
Biragzang__NODE_703_length_11609_cov_11.127402.fna,11585,
Biragzang__NODE_704_length_11604_cov_45.235605.fna,11580,
Biragzang__NODE_705_length_11598_cov_7.778394.fna,11574,
Biragzang__NODE_706_length_11597_cov_37.178825.fna,11573,
Biragzang__NODE_707_length_11581_cov_41.228006.fna,11557,
Biragzang__NODE_708_length_11575_cov_15.415451.fna,11551,
Biragzang__NODE_709_length_11560_cov_11.623816.fna,11536,
Biragzang__NODE_70_length_32961_cov_35.773993.fna,32934,
Biragzang__NODE_710_length_11542_cov_54.438496.fna,11270,
Biragzang__NODE_711_length_11535_cov_35.456010.fna,10952,
Biragzang__NODE_712_length_11516_cov_31.437571.fna,11473,
Biragzang__NODE_713_length_11503_cov_38.440077.fna,11476,
Biragzang__NODE_714_length_11500_cov_41.358410.fna,11476,
Biragzang__NODE_715_length_11483_cov_11.531677.fna,11459,
Biragzang__NODE_716_length_11472_cov_43.929404.fna,11448,
Biragzang__NODE_717_length_11471_cov_13.363525.fna,11447,
Biragzang__NODE_718_length_11468_cov_11.539735.fna,11444,
Biragzang__NODE_719_length_11464_cov_9.712508.fna,11440,
Biragzang__NODE_71_length_32938_cov_39.241219.fna,32914,
Biragzang__NODE_720_length_11458_cov_10.174515.fna,11412,
Biragzang__NODE_721_length_11454_cov_9.820598.fna,11430,
Biragzang__NODE_722_length_11443_cov_46.690288.fna,11419,
Biragzang__NODE_723_length_11425_cov_34.679859.fna,11361,
Biragzang__NODE_724_length_11424_cov_11.414548.fna,11400,
Biragzang__NODE_725_length_11421_cov_8.986979.fna,11397,
Biragzang__NODE_726_length_11414_cov_52.770754.fna,11161,
Biragzang__NODE_727_length_11412_cov_15.345162.fna,11264,
Biragzang__NODE_728_length_11406_cov_36.855696.fna,11382,
Biragzang__NODE_729_length_11405_cov_10.287048.fna,11381,
Biragzang__NODE_72_length_32738_cov_34.030658.fna,32714,
Biragzang__NODE_730_length_11370_cov_29.119487.fna,11346,
Biragzang__NODE_731_length_11369_cov_7.743062.fna,11345,
Biragzang__NODE_732_length_11361_cov_28.542367.fna,11337,
Biragzang__NODE_733_length_11360_cov_6.133746.fna,11336,
Biragzang__NODE_734_length_11359_cov_5.511854.fna,11335,
Biragzang__NODE_735_length_11355_cov_8.669292.fna,11331,
Biragzang__NODE_736_length_11320_cov_50.312739.fna,11115,
Biragzang__NODE_737_length_11302_cov_18.639904.fna,11278,
Biragzang__NODE_738_length_11301_cov_13.458919.fna,11277,
Biragzang__NODE_739_length_11298_cov_34.822823.fna,11274,
Biragzang__NODE_73_length_32735_cov_10.550428.fna,32682,
Biragzang__NODE_740_length_11297_cov_19.073652.fna,11254,
Biragzang__NODE_741_length_11297_cov_14.509785.fna,11273,
Biragzang__NODE_742_length_11293_cov_25.546539.fna,11269,
Biragzang__NODE_743_length_11269_cov_11.521491.fna,11245,
Biragzang__NODE_744_length_11264_cov_31.210634.fna,11240,
Biragzang__NODE_745_length_11249_cov_48.152492.fna,11219,
Biragzang__NODE_746_length_11238_cov_67.400250.fna,11214,
Biragzang__NODE_747_length_11234_cov_8.823329.fna,11210,
Biragzang__NODE_748_length_11220_cov_5.952620.fna,11196,
Biragzang__NODE_749_length_11217_cov_7.295019.fna,11193,
Biragzang__NODE_74_length_32637_cov_39.758640.fna,32611,
Biragzang__NODE_750_length_11212_cov_52.379224.fna,11188,
Biragzang__NODE_751_length_11212_cov_9.748230.fna,11188,
Biragzang__NODE_752_length_11210_cov_12.235320.fna,11180,
Biragzang__NODE_753_length_11210_cov_8.112954.fna,11186,
Biragzang__NODE_754_length_11203_cov_38.668640.fna,11177,
Biragzang__NODE_755_length_11200_cov_12.114132.fna,11176,
Biragzang__NODE_756_length_11171_cov_7.006837.fna,11147,
Biragzang__NODE_757_length_11167_cov_18.440515.fna,11088,
Biragzang__NODE_758_length_11166_cov_11.975520.fna,11142,
Biragzang__NODE_759_length_11159_cov_33.021073.fna,11132,
Biragzang__NODE_75_length_32634_cov_36.453083.fna,32610,
Biragzang__NODE_760_length_11153_cov_11.411155.fna,11129,
Biragzang__NODE_761_length_11151_cov_36.073720.fna,11127,
Biragzang__NODE_762_length_11150_cov_10.937720.fna,11126,
Biragzang__NODE_763_length_11148_cov_34.292166.fna,11122,
Biragzang__NODE_764_length_11133_cov_11.426160.fna,11109,
Biragzang__NODE_765_length_11125_cov_72.701084.fna,10792,
Biragzang__NODE_766_length_11125_cov_34.827642.fna,11101,
Biragzang__NODE_767_length_11121_cov_7.477770.fna,11097,
Biragzang__NODE_768_length_11100_cov_21.461023.fna,11076,
Biragzang__NODE_769_length_11097_cov_11.500000.fna,11073,
Biragzang__NODE_76_length_32615_cov_41.818857.fna,32436,
Biragzang__NODE_770_length_11087_cov_43.384790.fna,11063,
Biragzang__NODE_771_length_11079_cov_9.260250.fna,11055,
Biragzang__NODE_772_length_11067_cov_11.126952.fna,10996,
Biragzang__NODE_773_length_11067_cov_6.343898.fna,11043,
Biragzang__NODE_774_length_11060_cov_8.676420.fna,11036,
Biragzang__NODE_775_length_11055_cov_5.927909.fna,11031,
Biragzang__NODE_776_length_11049_cov_13.634892.fna,11025,
Biragzang__NODE_777_length_11049_cov_6.862107.fna,11025,
Biragzang__NODE_778_length_11045_cov_31.845678.fna,11021,
Biragzang__NODE_779_length_11037_cov_33.721726.fna,11013,
Biragzang__NODE_77_length_32394_cov_40.964377.fna,32366,
Biragzang__NODE_780_length_11020_cov_34.453260.fna,10868,
Biragzang__NODE_781_length_11018_cov_45.890267.fna,10994,
Biragzang__NODE_782_length_11018_cov_30.354647.fna,10994,
Biragzang__NODE_783_length_11016_cov_16.870906.fna,10992,
Biragzang__NODE_784_length_11013_cov_12.139168.fna,10989,
Biragzang__NODE_785_length_11005_cov_8.292877.fna,10538,
Biragzang__NODE_786_length_10997_cov_11.119631.fna,10973,
Biragzang__NODE_787_length_10997_cov_6.748401.fna,10973,
Biragzang__NODE_788_length_10985_cov_9.453156.fna,10961,
Biragzang__NODE_789_length_10983_cov_17.399433.fna,10959,
Biragzang__NODE_78_length_32345_cov_42.577547.fna,32195,
Biragzang__NODE_790_length_10977_cov_7.247299.fna,10944,
Biragzang__NODE_791_length_10963_cov_16.336175.fna,10939,
Biragzang__NODE_792_length_10948_cov_12.561461.fna,10924,
Biragzang__NODE_793_length_10947_cov_12.402864.fna,10923,
Biragzang__NODE_794_length_10939_cov_10.473815.fna,10913,
Biragzang__NODE_795_length_10921_cov_9.059267.fna,10865,
Biragzang__NODE_796_length_10912_cov_15.987474.fna,10888,
Biragzang__NODE_797_length_10907_cov_43.367306.fna,10883,
Biragzang__NODE_798_length_10906_cov_26.086444.fna,10882,
Biragzang__NODE_799_length_10905_cov_54.956221.fna,10757,
Biragzang__NODE_79_length_32316_cov_37.627755.fna,32292,
Biragzang__NODE_7_length_61587_cov_49.254778.fna,61562,
Biragzang__NODE_800_length_10884_cov_11.147013.fna,10860,
Biragzang__NODE_801_length_10858_cov_13.617791.fna,10834,
Biragzang__NODE_802_length_10848_cov_6.403410.fna,10824,
Biragzang__NODE_803_length_10817_cov_6.132317.fna,10793,
Biragzang__NODE_804_length_10813_cov_41.514315.fna,10731,
Biragzang__NODE_805_length_10812_cov_14.142419.fna,10788,
Biragzang__NODE_806_length_10807_cov_16.858259.fna,10783,
Biragzang__NODE_807_length_10804_cov_55.904363.fna,10769,
Biragzang__NODE_808_length_10793_cov_32.181784.fna,10769,
Biragzang__NODE_809_length_10791_cov_11.834855.fna,10767,
Biragzang__NODE_80_length_32296_cov_34.817282.fna,32272,
Biragzang__NODE_810_length_10788_cov_13.061958.fna,10764,
Biragzang__NODE_811_length_10786_cov_12.491753.fna,10762,
Biragzang__NODE_812_length_10783_cov_11.579884.fna,10759,
Biragzang__NODE_813_length_10781_cov_15.775219.fna,10757,
Biragzang__NODE_814_length_10778_cov_7.059125.fna,10754,
Biragzang__NODE_815_length_10753_cov_9.984203.fna,10729,
Biragzang__NODE_816_length_10748_cov_15.015805.fna,10724,
Biragzang__NODE_817_length_10727_cov_52.501406.fna,10703,
Biragzang__NODE_818_length_10716_cov_9.610731.fna,10692,
Biragzang__NODE_819_length_10683_cov_38.531615.fna,10659,
Biragzang__NODE_81_length_32239_cov_41.006028.fna,31977,
Biragzang__NODE_820_length_10681_cov_8.051478.fna,10629,
Biragzang__NODE_821_length_10679_cov_50.900038.fna,10655,
Biragzang__NODE_822_length_10675_cov_11.867891.fna,10651,
Biragzang__NODE_823_length_10675_cov_8.154520.fna,10651,
Biragzang__NODE_824_length_10672_cov_10.098992.fna,10648,
Biragzang__NODE_825_length_10671_cov_10.655237.fna,10598,
Biragzang__NODE_826_length_10653_cov_38.975844.fna,10629,
Biragzang__NODE_827_length_10647_cov_40.176548.fna,10293,
Biragzang__NODE_828_length_10642_cov_11.830547.fna,10618,
Biragzang__NODE_829_length_10641_cov_43.751370.fna,10617,
Biragzang__NODE_82_length_32153_cov_11.203159.fna,32129,
Biragzang__NODE_830_length_10637_cov_11.528161.fna,10613,
Biragzang__NODE_831_length_10634_cov_12.300123.fna,10610,
Biragzang__NODE_832_length_10625_cov_5.688363.fna,10601,
Biragzang__NODE_833_length_10613_cov_35.367020.fna,10589,
Biragzang__NODE_834_length_10606_cov_25.886172.fna,10582,
Biragzang__NODE_835_length_10604_cov_64.745379.fna,10580,
Biragzang__NODE_836_length_10586_cov_34.106543.fna,10562,
Biragzang__NODE_837_length_10582_cov_32.202812.fna,10558,
Biragzang__NODE_838_length_10573_cov_35.421848.fna,10542,
Biragzang__NODE_839_length_10572_cov_16.211467.fna,10548,
Biragzang__NODE_83_length_31887_cov_38.974177.fna,31863,
Biragzang__NODE_840_length_10567_cov_47.475552.fna,10543,
Biragzang__NODE_841_length_10547_cov_27.651544.fna,10523,
Biragzang__NODE_842_length_10538_cov_31.286559.fna,10514,
Biragzang__NODE_843_length_10536_cov_26.909551.fna,10512,
Biragzang__NODE_844_length_10515_cov_5.990249.fna,10491,
Biragzang__NODE_845_length_10514_cov_10.143130.fna,10490,
Biragzang__NODE_846_length_10514_cov_7.054499.fna,10405,
Biragzang__NODE_847_length_10505_cov_6.178756.fna,10481,
Biragzang__NODE_848_length_10492_cov_12.808566.fna,10461,
Biragzang__NODE_849_length_10488_cov_8.429119.fna,10464,
Biragzang__NODE_84_length_31861_cov_38.303025.fna,31419,
Biragzang__NODE_850_length_10477_cov_48.039628.fna,10162,
Biragzang__NODE_851_length_10468_cov_6.477672.fna,10444,
Biragzang__NODE_852_length_10462_cov_39.170654.fna,10438,
Biragzang__NODE_853_length_10460_cov_23.733205.fna,10426,
Biragzang__NODE_854_length_10456_cov_8.633497.fna,10432,
Biragzang__NODE_855_length_10449_cov_43.985761.fna,10411,
Biragzang__NODE_856_length_10447_cov_50.972768.fna,10406,
Biragzang__NODE_857_length_10430_cov_43.566843.fna,10406,
Biragzang__NODE_858_length_10418_cov_11.150922.fna,10393,
Biragzang__NODE_859_length_10416_cov_10.150275.fna,10392,
Biragzang__NODE_85_length_31517_cov_37.371941.fna,31493,
Biragzang__NODE_860_length_10410_cov_9.021149.fna,10386,
Biragzang__NODE_861_length_10406_cov_48.350014.fna,10382,
Biragzang__NODE_862_length_10406_cov_7.113033.fna,10377,
Biragzang__NODE_863_length_10392_cov_7.983941.fna,10368,
Biragzang__NODE_864_length_10385_cov_8.589158.fna,10361,
Biragzang__NODE_865_length_10376_cov_9.398605.fna,10318,
Biragzang__NODE_866_length_10372_cov_56.394979.fna,10348,
Biragzang__NODE_867_length_10363_cov_11.989329.fna,10339,
Biragzang__NODE_868_length_10357_cov_8.222772.fna,10333,
Biragzang__NODE_869_length_10351_cov_50.100233.fna,10079,
Biragzang__NODE_86_length_31212_cov_50.995057.fna,30909,
Biragzang__NODE_870_length_10345_cov_25.213508.fna,10321,
Biragzang__NODE_871_length_10343_cov_47.149495.fna,10318,
Biragzang__NODE_872_length_10336_cov_28.992121.fna,10312,
Biragzang__NODE_873_length_10318_cov_50.292897.fna,10112,
Biragzang__NODE_874_length_10286_cov_44.662887.fna,10251,
Biragzang__NODE_875_length_10284_cov_6.031479.fna,10260,
Biragzang__NODE_876_length_10274_cov_10.556415.fna,10250,
Biragzang__NODE_877_length_10269_cov_14.725181.fna,10245,
Biragzang__NODE_878_length_10267_cov_15.371230.fna,10243,
Biragzang__NODE_879_length_10256_cov_10.516812.fna,10139,3:5,
Biragzang__NODE_87_length_31156_cov_36.477477.fna,31132,
Biragzang__NODE_880_length_10252_cov_9.656468.fna,10073,
Biragzang__NODE_881_length_10247_cov_12.236754.fna,9975,
Biragzang__NODE_882_length_10244_cov_32.639709.fna,10220,
Biragzang__NODE_883_length_10238_cov_12.184032.fna,10214,
Biragzang__NODE_884_length_10232_cov_7.582392.fna,10208,
Biragzang__NODE_885_length_10229_cov_50.448300.fna,10050,
Biragzang__NODE_886_length_10220_cov_13.598819.fna,10196,
Biragzang__NODE_887_length_10201_cov_9.046915.fna,10177,
Biragzang__NODE_888_length_10197_cov_11.219976.fna,10173,
Biragzang__NODE_889_length_10178_cov_25.823570.fna,10154,
Biragzang__NODE_88_length_31095_cov_11.253963.fna,31070,
Biragzang__NODE_890_length_10177_cov_8.094547.fna,10153,
Biragzang__NODE_891_length_10176_cov_11.838059.fna,10152,
Biragzang__NODE_892_length_10167_cov_31.498220.fna,10143,
Biragzang__NODE_893_length_10164_cov_46.507172.fna,10125,
Biragzang__NODE_894_length_10162_cov_35.722371.fna,10111,
Biragzang__NODE_895_length_10152_cov_6.801228.fna,10128,
Biragzang__NODE_896_length_10149_cov_28.846741.fna,10125,
Biragzang__NODE_897_length_10133_cov_41.095753.fna,10109,
Biragzang__NODE_898_length_10131_cov_12.019849.fna,10107,
Biragzang__NODE_899_length_10127_cov_7.883539.fna,10103,
Biragzang__NODE_89_length_31067_cov_37.859442.fna,30919,
Biragzang__NODE_8_length_60711_cov_11.773740.fna,60618,
Biragzang__NODE_900_length_10115_cov_12.918588.fna,10091,
Biragzang__NODE_901_length_10109_cov_10.550229.fna,10085,
Biragzang__NODE_902_length_10098_cov_48.465100.fna,9826,
Biragzang__NODE_903_length_10093_cov_7.274258.fna,10069,
Biragzang__NODE_904_length_10091_cov_7.638900.fna,10067,
Biragzang__NODE_905_length_10091_cov_6.245018.fna,10067,
Biragzang__NODE_906_length_10089_cov_66.612916.fna,10065,
Biragzang__NODE_907_length_10084_cov_48.763785.fna,9812,
Biragzang__NODE_908_length_10062_cov_13.835515.fna,10038,
Biragzang__NODE_909_length_10036_cov_39.861136.fna,10012,
Biragzang__NODE_90_length_31003_cov_47.015510.fna,30331,
Biragzang__NODE_910_length_10029_cov_12.354923.fna,10005,
Biragzang__NODE_911_length_10012_cov_7.421613.fna,9988,
Biragzang__NODE_912_length_10011_cov_14.189634.fna,9987,
Biragzang__NODE_913_length_10004_cov_5.827118.fna,9980,
Biragzang__NODE_914_length_9998_cov_40.139797.fna,9974,
Biragzang__NODE_915_length_9996_cov_6.949804.fna,9972,
Biragzang__NODE_916_length_9995_cov_11.110463.fna,9971,
Biragzang__NODE_917_length_9994_cov_10.925445.fna,9846,
Biragzang__NODE_918_length_9987_cov_8.988321.fna,9963,
Biragzang__NODE_919_length_9976_cov_43.541578.fna,9952,
Biragzang__NODE_91_length_30995_cov_41.858209.fna,30971,
Biragzang__NODE_920_length_9976_cov_14.571515.fna,9952,
Biragzang__NODE_921_length_9976_cov_14.024292.fna,9952,
Biragzang__NODE_922_length_9974_cov_8.502672.fna,9948,
Biragzang__NODE_923_length_9972_cov_11.419683.fna,9948,
Biragzang__NODE_924_length_9960_cov_13.241494.fna,9936,
Biragzang__NODE_925_length_9954_cov_13.437317.fna,9930,
Biragzang__NODE_926_length_9951_cov_53.047898.fna,9927,
Biragzang__NODE_927_length_9931_cov_17.571081.fna,9907,
Biragzang__NODE_928_length_9929_cov_10.273243.fna,9905,
Biragzang__NODE_929_length_9929_cov_7.240024.fna,9905,
Biragzang__NODE_92_length_30796_cov_29.426954.fna,30772,
Biragzang__NODE_930_length_9914_cov_48.591541.fna,9890,
Biragzang__NODE_931_length_9897_cov_12.936700.fna,9863,
Biragzang__NODE_932_length_9864_cov_14.917219.fna,9840,
Biragzang__NODE_933_length_9856_cov_15.851648.fna,9824,
Biragzang__NODE_934_length_9851_cov_35.164149.fna,9827,
Biragzang__NODE_935_length_9850_cov_5.559775.fna,9826,
Biragzang__NODE_936_length_9845_cov_40.083759.fna,9821,
Biragzang__NODE_937_length_9844_cov_15.286853.fna,9820,
Biragzang__NODE_938_length_9843_cov_8.021046.fna,9819,
Biragzang__NODE_939_length_9836_cov_41.411001.fna,9812,
Biragzang__NODE_93_length_30741_cov_41.619631.fna,30709,
Biragzang__NODE_940_length_9836_cov_37.455270.fna,9810,
Biragzang__NODE_941_length_9824_cov_7.006551.fna,9800,
Biragzang__NODE_942_length_9822_cov_11.829835.fna,9701,
Biragzang__NODE_943_length_9819_cov_17.300184.fna,9795,
Biragzang__NODE_944_length_9817_cov_13.682647.fna,9793,
Biragzang__NODE_945_length_9805_cov_11.260615.fna,9781,
Biragzang__NODE_946_length_9796_cov_27.821374.fna,9768,
Biragzang__NODE_947_length_9793_cov_6.277983.fna,9769,
Biragzang__NODE_948_length_9789_cov_14.739984.fna,9765,
Biragzang__NODE_949_length_9783_cov_14.926295.fna,9759,
Biragzang__NODE_94_length_30569_cov_56.937406.fna,30291,
Biragzang__NODE_950_length_9782_cov_27.434975.fna,9758,
Biragzang__NODE_951_length_9776_cov_12.955766.fna,9668,
Biragzang__NODE_952_length_9772_cov_27.380158.fna,9748,
Biragzang__NODE_953_length_9771_cov_14.441231.fna,9747,
Biragzang__NODE_954_length_9769_cov_19.362467.fna,9735,
Biragzang__NODE_955_length_9764_cov_10.120713.fna,9740,
Biragzang__NODE_956_length_9746_cov_9.463832.fna,9722,
Biragzang__NODE_957_length_9739_cov_6.414188.fna,9715,
Biragzang__NODE_958_length_9725_cov_50.947880.fna,9701,
Biragzang__NODE_959_length_9705_cov_37.659793.fna,9681,
Biragzang__NODE_95_length_30510_cov_11.509506.fna,30484,
Biragzang__NODE_960_length_9695_cov_9.226349.fna,9671,
Biragzang__NODE_961_length_9694_cov_27.791161.fna,9670,
Biragzang__NODE_962_length_9692_cov_7.366504.fna,9668,
Biragzang__NODE_963_length_9677_cov_7.041675.fna,9653,
Biragzang__NODE_964_length_9662_cov_9.949308.fna,9638,
Biragzang__NODE_965_length_9658_cov_6.654587.fna,9634,
Biragzang__NODE_966_length_9650_cov_43.142157.fna,9626,
Biragzang__NODE_967_length_9648_cov_26.195455.fna,9624,
Biragzang__NODE_968_length_9637_cov_8.035901.fna,9613,
Biragzang__NODE_969_length_9636_cov_19.844380.fna,9612,
Biragzang__NODE_96_length_30481_cov_49.600145.fna,30439,
Biragzang__NODE_970_length_9634_cov_11.786512.fna,9610,
Biragzang__NODE_971_length_9613_cov_7.642498.fna,9550,
Biragzang__NODE_972_length_9606_cov_42.606219.fna,9553,
Biragzang__NODE_973_length_9605_cov_35.501361.fna,9581,
Biragzang__NODE_974_length_9604_cov_49.746675.fna,9580,
Biragzang__NODE_975_length_9603_cov_9.620758.fna,9579,
Biragzang__NODE_976_length_9602_cov_6.912014.fna,9578,
Biragzang__NODE_977_length_9591_cov_11.290373.fna,9558,
Biragzang__NODE_978_length_9588_cov_14.046470.fna,9564,
Biragzang__NODE_979_length_9579_cov_11.351953.fna,9555,
Biragzang__NODE_97_length_30330_cov_39.284393.fna,30306,
Biragzang__NODE_980_length_9576_cov_55.018170.fna,9552,
Biragzang__NODE_981_length_9560_cov_6.316465.fna,9536,
Biragzang__NODE_982_length_9543_cov_15.783621.fna,9519,
Biragzang__NODE_983_length_9528_cov_13.359548.fna,9501,
Biragzang__NODE_984_length_9511_cov_43.073393.fna,9487,
Biragzang__NODE_985_length_9499_cov_16.490576.fna,9475,
Biragzang__NODE_986_length_9497_cov_6.466109.fna,9473,
Biragzang__NODE_987_length_9488_cov_27.599809.fna,9448,
Biragzang__NODE_988_length_9486_cov_8.382462.fna,9434,
Biragzang__NODE_989_length_9485_cov_14.846766.fna,9461,
Biragzang__NODE_98_length_30252_cov_16.125774.fna,30228,
Biragzang__NODE_990_length_9483_cov_10.045397.fna,9459,
Biragzang__NODE_991_length_9479_cov_49.344228.fna,9455,
Biragzang__NODE_992_length_9476_cov_10.106358.fna,9452,
Biragzang__NODE_993_length_9469_cov_39.031443.fna,9443,
Biragzang__NODE_994_length_9468_cov_25.344205.fna,9444,
Biragzang__NODE_995_length_9463_cov_13.159864.fna,9439,
Biragzang__NODE_996_length_9459_cov_7.042110.fna,9435,
Biragzang__NODE_997_length_9457_cov_10.180068.fna,9433,
Biragzang__NODE_998_length_9457_cov_7.926505.fna,9433,
Biragzang__NODE_999_length_9456_cov_13.198702.fna,9401,
Biragzang__NODE_99_length_30078_cov_49.148086.fna,29888,
Biragzang__NODE_9_length_55626_cov_43.150960.fna,55602,
cell-4122-0-22_S11__NODE_100_length_8719_cov_15.941367.fna,8695,
cell-4122-0-22_S11__NODE_101_length_8689_cov_14.223651.fna,8665,
cell-4122-0-22_S11__NODE_102_length_8666_cov_15.344908.fna,8642,
cell-4122-0-22_S11__NODE_103_length_8618_cov_12.604344.fna,8575,
cell-4122-0-22_S11__NODE_104_length_8597_cov_11.154765.fna,8573,
cell-4122-0-22_S11__NODE_105_length_8506_cov_12.243285.fna,8482,
cell-4122-0-22_S11__NODE_106_length_8499_cov_12.178944.fna,8475,
cell-4122-0-22_S11__NODE_107_length_8463_cov_11.776522.fna,8439,
cell-4122-0-22_S11__NODE_108_length_8448_cov_10.883355.fna,8424,
cell-4122-0-22_S11__NODE_109_length_8382_cov_12.428966.fna,8358,
cell-4122-0-22_S11__NODE_10_length_20561_cov_10.614552.fna,20537,
cell-4122-0-22_S11__NODE_110_length_8349_cov_11.262238.fna,8325,
cell-4122-0-22_S11__NODE_111_length_8312_cov_10.079206.fna,8288,
cell-4122-0-22_S11__NODE_112_length_8271_cov_13.560005.fna,8247,
cell-4122-0-22_S11__NODE_113_length_8247_cov_10.996704.fna,8223,
cell-4122-0-22_S11__NODE_114_length_8233_cov_9.282221.fna,8209,
cell-4122-0-22_S11__NODE_115_length_8126_cov_17.071119.fna,8102,
cell-4122-0-22_S11__NODE_116_length_8108_cov_10.747423.fna,8076,
cell-4122-0-22_S11__NODE_117_length_8102_cov_12.399776.fna,8077,
cell-4122-0-22_S11__NODE_118_length_8087_cov_12.405876.fna,8063,
cell-4122-0-22_S11__NODE_119_length_8084_cov_12.140366.fna,8060,
cell-4122-0-22_S11__NODE_11_length_20402_cov_13.339952.fna,20351,
cell-4122-0-22_S11__NODE_120_length_8018_cov_13.237850.fna,7994,
cell-4122-0-22_S11__NODE_121_length_8000_cov_9.155821.fna,7976,
cell-4122-0-22_S11__NODE_122_length_7977_cov_10.686695.fna,7953,
cell-4122-0-22_S11__NODE_123_length_7968_cov_10.013269.fna,7944,
cell-4122-0-22_S11__NODE_124_length_7955_cov_10.905823.fna,7931,
cell-4122-0-22_S11__NODE_125_length_7916_cov_10.852563.fna,7892,
cell-4122-0-22_S11__NODE_126_length_7894_cov_10.604414.fna,7870,
cell-4122-0-22_S11__NODE_127_length_7829_cov_11.892076.fna,7805,
cell-4122-0-22_S11__NODE_128_length_7824_cov_13.110825.fna,7800,
cell-4122-0-22_S11__NODE_129_length_7805_cov_14.695226.fna,7770,
cell-4122-0-22_S11__NODE_12_length_20237_cov_14.808840.fna,20213,
cell-4122-0-22_S11__NODE_130_length_7785_cov_13.697671.fna,7761,
cell-4122-0-22_S11__NODE_131_length_7750_cov_9.871605.fna,7726,
cell-4122-0-22_S11__NODE_132_length_7749_cov_14.134260.fna,7725,
cell-4122-0-22_S11__NODE_133_length_7717_cov_10.925998.fna,7693,
cell-4122-0-22_S11__NODE_134_length_7714_cov_11.011620.fna,7690,
cell-4122-0-22_S11__NODE_135_length_7697_cov_12.974876.fna,7673,
cell-4122-0-22_S11__NODE_136_length_7662_cov_15.201525.fna,7638,
cell-4122-0-22_S11__NODE_137_length_7605_cov_13.762517.fna,7581,
cell-4122-0-22_S11__NODE_138_length_7580_cov_26.091694.fna,7556,
cell-4122-0-22_S11__NODE_139_length_7527_cov_8.508298.fna,7503,
cell-4122-0-22_S11__NODE_13_length_20143_cov_11.237654.fna,20119,
cell-4122-0-22_S11__NODE_140_length_7524_cov_13.757129.fna,7500,
cell-4122-0-22_S11__NODE_141_length_7481_cov_14.372744.fna,7457,
cell-4122-0-22_S11__NODE_142_length_7422_cov_10.138591.fna,7398,
cell-4122-0-22_S11__NODE_143_length_7411_cov_12.430669.fna,7387,
cell-4122-0-22_S11__NODE_144_length_7385_cov_12.717326.fna,7333,
cell-4122-0-22_S11__NODE_145_length_7380_cov_12.677133.fna,7356,
cell-4122-0-22_S11__NODE_146_length_7354_cov_13.403891.fna,7330,
cell-4122-0-22_S11__NODE_147_length_7269_cov_10.220266.fna,7245,
cell-4122-0-22_S11__NODE_148_length_7207_cov_10.669044.fna,7183,
cell-4122-0-22_S11__NODE_149_length_7155_cov_10.890423.fna,7131,
cell-4122-0-22_S11__NODE_14_length_20033_cov_14.219291.fna,20009,
cell-4122-0-22_S11__NODE_150_length_7151_cov_7.841319.fna,7127,
cell-4122-0-22_S11__NODE_151_length_7137_cov_11.416831.fna,7113,
cell-4122-0-22_S11__NODE_152_length_7134_cov_11.480153.fna,7110,
cell-4122-0-22_S11__NODE_153_length_7076_cov_13.434696.fna,7052,
cell-4122-0-22_S11__NODE_154_length_7045_cov_11.627325.fna,7021,
cell-4122-0-22_S11__NODE_155_length_7040_cov_9.683178.fna,7014,
cell-4122-0-22_S11__NODE_156_length_6993_cov_15.091813.fna,6969,
cell-4122-0-22_S11__NODE_157_length_6960_cov_12.709920.fna,6936,
cell-4122-0-22_S11__NODE_158_length_6897_cov_13.071032.fna,6873,
cell-4122-0-22_S11__NODE_159_length_6839_cov_21.447229.fna,6815,
cell-4122-0-22_S11__NODE_15_length_19073_cov_12.805973.fna,19049,
cell-4122-0-22_S11__NODE_160_length_6827_cov_6.744684.fna,6803,
cell-4122-0-22_S11__NODE_161_length_6785_cov_10.750074.fna,6753,
cell-4122-0-22_S11__NODE_162_length_6784_cov_11.943231.fna,6760,11:3,26:7,
cell-4122-0-22_S11__NODE_163_length_6779_cov_13.598156.fna,6755,
cell-4122-0-22_S11__NODE_164_length_6774_cov_15.493972.fna,6750,
cell-4122-0-22_S11__NODE_165_length_6735_cov_10.433683.fna,6711,
cell-4122-0-22_S11__NODE_166_length_6726_cov_18.242093.fna,6702,
cell-4122-0-22_S11__NODE_167_length_6678_cov_14.155519.fna,6654,
cell-4122-0-22_S11__NODE_168_length_6656_cov_15.009847.fna,6632,
cell-4122-0-22_S11__NODE_169_length_6645_cov_10.739605.fna,6621,
cell-4122-0-22_S11__NODE_16_length_18879_cov_13.478432.fna,18832,
cell-4122-0-22_S11__NODE_170_length_6636_cov_14.314542.fna,6612,
cell-4122-0-22_S11__NODE_171_length_6614_cov_10.428267.fna,6590,
cell-4122-0-22_S11__NODE_172_length_6606_cov_11.476111.fna,6582,
cell-4122-0-22_S11__NODE_173_length_6603_cov_11.798259.fna,6579,
cell-4122-0-22_S11__NODE_174_length_6554_cov_10.439914.fna,6499,
cell-4122-0-22_S11__NODE_175_length_6544_cov_10.382185.fna,6520,
cell-4122-0-22_S11__NODE_176_length_6541_cov_13.624113.fna,6517,
cell-4122-0-22_S11__NODE_177_length_6532_cov_10.237919.fna,6508,
cell-4122-0-22_S11__NODE_178_length_6530_cov_12.783475.fna,6506,
cell-4122-0-22_S11__NODE_179_length_6470_cov_15.669992.fna,6446,
cell-4122-0-22_S11__NODE_17_length_18229_cov_12.114944.fna,18205,
cell-4122-0-22_S11__NODE_180_length_6355_cov_8.641270.fna,6331,
cell-4122-0-22_S11__NODE_181_length_6328_cov_9.574207.fna,6304,
cell-4122-0-22_S11__NODE_182_length_6327_cov_11.133131.fna,6303,
cell-4122-0-22_S11__NODE_183_length_6326_cov_9.006219.fna,6302,
cell-4122-0-22_S11__NODE_184_length_6308_cov_11.394850.fna,6284,
cell-4122-0-22_S11__NODE_185_length_6285_cov_13.444623.fna,6261,
cell-4122-0-22_S11__NODE_186_length_6281_cov_12.317379.fna,6257,
cell-4122-0-22_S11__NODE_187_length_6254_cov_13.214712.fna,6230,
cell-4122-0-22_S11__NODE_188_length_6235_cov_12.241262.fna,6211,
cell-4122-0-22_S11__NODE_189_length_6219_cov_14.268981.fna,6195,
cell-4122-0-22_S11__NODE_18_length_18031_cov_14.452603.fna,18007,
cell-4122-0-22_S11__NODE_190_length_6206_cov_8.195578.fna,6182,
cell-4122-0-22_S11__NODE_191_length_6193_cov_12.365266.fna,6169,
cell-4122-0-22_S11__NODE_192_length_6191_cov_9.999674.fna,6167,
cell-4122-0-22_S11__NODE_193_length_6183_cov_10.236782.fna,6159,
cell-4122-0-22_S11__NODE_194_length_6163_cov_16.759659.fna,6103,
cell-4122-0-22_S11__NODE_195_length_6138_cov_11.160612.fna,6114,
cell-4122-0-22_S11__NODE_196_length_6125_cov_13.070840.fna,6101,
cell-4122-0-22_S11__NODE_197_length_6125_cov_11.984349.fna,6101,
cell-4122-0-22_S11__NODE_198_length_6083_cov_11.935634.fna,6028,
cell-4122-0-22_S11__NODE_199_length_6049_cov_12.965966.fna,6025,
cell-4122-0-22_S11__NODE_19_length_17339_cov_13.188440.fna,17315,
cell-4122-0-22_S11__NODE_1_length_28923_cov_14.607247.fna,28896,
cell-4122-0-22_S11__NODE_200_length_5986_cov_11.059686.fna,5962,
cell-4122-0-22_S11__NODE_201_length_5985_cov_11.520911.fna,5940,
cell-4122-0-22_S11__NODE_202_length_5969_cov_14.091140.fna,5945,
cell-4122-0-22_S11__NODE_203_length_5969_cov_13.542442.fna,5914,
cell-4122-0-22_S11__NODE_204_length_5942_cov_10.626635.fna,5918,
cell-4122-0-22_S11__NODE_205_length_5916_cov_11.285787.fna,5892,
cell-4122-0-22_S11__NODE_206_length_5913_cov_12.836292.fna,5889,
cell-4122-0-22_S11__NODE_207_length_5902_cov_12.376261.fna,5878,
cell-4122-0-22_S11__NODE_208_length_5800_cov_9.562576.fna,5776,
cell-4122-0-22_S11__NODE_209_length_5786_cov_11.588553.fna,5762,
cell-4122-0-22_S11__NODE_20_length_16924_cov_12.814571.fna,16853,
cell-4122-0-22_S11__NODE_210_length_5778_cov_10.545343.fna,5754,
cell-4122-0-22_S11__NODE_211_length_5774_cov_13.363001.fna,5750,
cell-4122-0-22_S11__NODE_212_length_5758_cov_11.735227.fna,5734,
cell-4122-0-22_S11__NODE_213_length_5701_cov_12.786575.fna,5677,
cell-4122-0-22_S11__NODE_214_length_5672_cov_11.896920.fna,5648,
cell-4122-0-22_S11__NODE_215_length_5653_cov_12.622722.fna,5629,
cell-4122-0-22_S11__NODE_216_length_5631_cov_13.525646.fna,5607,
cell-4122-0-22_S11__NODE_217_length_5625_cov_12.722621.fna,5601,
cell-4122-0-22_S11__NODE_218_length_5599_cov_14.053211.fna,5575,
cell-4122-0-22_S11__NODE_219_length_5553_cov_11.513641.fna,5529,
cell-4122-0-22_S11__NODE_21_length_16916_cov_12.748591.fna,16861,
cell-4122-0-22_S11__NODE_220_length_5485_cov_8.562247.fna,5461,
cell-4122-0-22_S11__NODE_221_length_5465_cov_10.246950.fna,5441,11:6,
cell-4122-0-22_S11__NODE_222_length_5446_cov_11.415693.fna,5422,
cell-4122-0-22_S11__NODE_223_length_5434_cov_10.978992.fna,5410,14:3,
cell-4122-0-22_S11__NODE_224_length_5422_cov_12.899571.fna,5398,
cell-4122-0-22_S11__NODE_225_length_5397_cov_10.222576.fna,5373,
cell-4122-0-22_S11__NODE_226_length_5324_cov_13.539951.fna,5300,
cell-4122-0-22_S11__NODE_227_length_5293_cov_10.560328.fna,5269,
cell-4122-0-22_S11__NODE_228_length_5248_cov_9.659542.fna,5224,
cell-4122-0-22_S11__NODE_229_length_5244_cov_11.907497.fna,5220,
cell-4122-0-22_S11__NODE_22_length_16824_cov_15.723180.fna,16800,
cell-4122-0-22_S11__NODE_230_length_5235_cov_13.159459.fna,5211,
cell-4122-0-22_S11__NODE_231_length_5214_cov_22.572010.fna,5190,
cell-4122-0-22_S11__NODE_232_length_5208_cov_9.844557.fna,5184,
cell-4122-0-22_S11__NODE_233_length_5187_cov_13.495908.fna,5163,
cell-4122-0-22_S11__NODE_234_length_5171_cov_13.699765.fna,5147,
cell-4122-0-22_S11__NODE_235_length_5158_cov_12.579463.fna,5134,
cell-4122-0-22_S11__NODE_236_length_5144_cov_14.583022.fna,5063,
cell-4122-0-22_S11__NODE_237_length_5134_cov_13.817484.fna,5110,
cell-4122-0-22_S11__NODE_238_length_5115_cov_14.084387.fna,5091,
cell-4122-0-22_S11__NODE_239_length_5104_cov_11.714201.fna,5080,
cell-4122-0-22_S11__NODE_23_length_16320_cov_11.540178.fna,16296,
cell-4122-0-22_S11__NODE_240_length_5096_cov_10.486213.fna,5072,
cell-4122-0-22_S11__NODE_241_length_5093_cov_17.242755.fna,5069,
cell-4122-0-22_S11__NODE_242_length_5093_cov_10.583168.fna,5069,
cell-4122-0-22_S11__NODE_243_length_5078_cov_14.810671.fna,5054,
cell-4122-0-22_S11__NODE_244_length_5072_cov_14.280845.fna,5048,
cell-4122-0-22_S11__NODE_245_length_5066_cov_11.738376.fna,5042,
cell-4122-0-22_S11__NODE_246_length_5044_cov_10.816597.fna,5020,
cell-4122-0-22_S11__NODE_247_length_5042_cov_8.910367.fna,5018,
cell-4122-0-22_S11__NODE_24_length_16314_cov_12.833139.fna,16290,
cell-4122-0-22_S11__NODE_25_length_16210_cov_10.140452.fna,16186,
cell-4122-0-22_S11__NODE_26_length_16203_cov_11.478140.fna,16179,11:9,
cell-4122-0-22_S11__NODE_27_length_16152_cov_12.592781.fna,16128,
cell-4122-0-22_S11__NODE_28_length_16096_cov_10.920516.fna,16072,
cell-4122-0-22_S11__NODE_29_length_15423_cov_155.543922.fna,15399,
cell-4122-0-22_S11__NODE_2_length_26343_cov_13.709259.fna,26303,
cell-4122-0-22_S11__NODE_30_length_14885_cov_12.732771.fna,8241,
cell-4122-0-22_S11__NODE_31_length_14855_cov_14.100878.fna,14818,
cell-4122-0-22_S11__NODE_32_length_14721_cov_12.862471.fna,14670,
cell-4122-0-22_S11__NODE_33_length_14483_cov_13.908719.fna,14459,
cell-4122-0-22_S11__NODE_34_length_14446_cov_17.781461.fna,14422,
cell-4122-0-22_S11__NODE_35_length_14168_cov_13.938567.fna,14144,
cell-4122-0-22_S11__NODE_36_length_13858_cov_14.203144.fna,13824,
cell-4122-0-22_S11__NODE_37_length_13740_cov_13.053635.fna,13716,
cell-4122-0-22_S11__NODE_38_length_13711_cov_12.691857.fna,13687,
cell-4122-0-22_S11__NODE_39_length_13657_cov_12.154610.fna,13628,
cell-4122-0-22_S11__NODE_3_length_24742_cov_24.652084.fna,24692,
cell-4122-0-22_S11__NODE_40_length_13368_cov_12.543679.fna,13344,
cell-4122-0-22_S11__NODE_41_length_12949_cov_10.800217.fna,12923,
cell-4122-0-22_S11__NODE_42_length_12916_cov_13.593655.fna,12886,
cell-4122-0-22_S11__NODE_43_length_12785_cov_14.075412.fna,12761,
cell-4122-0-22_S11__NODE_44_length_12709_cov_10.904141.fna,12685,
cell-4122-0-22_S11__NODE_45_length_12465_cov_10.736261.fna,12441,
cell-4122-0-22_S11__NODE_46_length_12351_cov_12.618494.fna,12327,
cell-4122-0-22_S11__NODE_47_length_12180_cov_11.762639.fna,12156,
cell-4122-0-22_S11__NODE_48_length_12146_cov_11.560665.fna,12122,
cell-4122-0-22_S11__NODE_49_length_12014_cov_9.424952.fna,11990,
cell-4122-0-22_S11__NODE_4_length_24241_cov_13.066940.fna,24217,
cell-4122-0-22_S11__NODE_50_length_11979_cov_12.796209.fna,11955,
cell-4122-0-22_S11__NODE_51_length_11846_cov_12.787719.fna,11805,
cell-4122-0-22_S11__NODE_52_length_11799_cov_11.802878.fna,11775,
cell-4122-0-22_S11__NODE_53_length_11586_cov_18.863672.fna,11561,
cell-4122-0-22_S11__NODE_54_length_11579_cov_12.586775.fna,11555,
cell-4122-0-22_S11__NODE_55_length_11568_cov_13.957266.fna,11544,
cell-4122-0-22_S11__NODE_56_length_11489_cov_12.161623.fna,11465,
cell-4122-0-22_S11__NODE_57_length_11369_cov_12.120912.fna,11345,
cell-4122-0-22_S11__NODE_58_length_11270_cov_10.936514.fna,11212,
cell-4122-0-22_S11__NODE_59_length_11265_cov_10.072703.fna,11241,
cell-4122-0-22_S11__NODE_5_length_23516_cov_14.195985.fna,23471,
cell-4122-0-22_S11__NODE_60_length_11189_cov_13.962637.fna,11165,
cell-4122-0-22_S11__NODE_61_length_11135_cov_12.107401.fna,11086,
cell-4122-0-22_S11__NODE_62_length_11105_cov_11.336018.fna,11081,
cell-4122-0-22_S11__NODE_63_length_10747_cov_12.534605.fna,10723,
cell-4122-0-22_S11__NODE_64_length_10693_cov_14.543147.fna,10669,
cell-4122-0-22_S11__NODE_65_length_10573_cov_11.057425.fna,10549,
cell-4122-0-22_S11__NODE_66_length_10561_cov_14.520750.fna,10524,
cell-4122-0-22_S11__NODE_67_length_10549_cov_13.899180.fna,10504,
cell-4122-0-22_S11__NODE_68_length_10489_cov_10.349243.fna,10465,
cell-4122-0-22_S11__NODE_69_length_10469_cov_10.880545.fna,10445,
cell-4122-0-22_S11__NODE_6_length_23087_cov_18.312826.fna,22943,
cell-4122-0-22_S11__NODE_70_length_10437_cov_13.859565.fna,10413,
cell-4122-0-22_S11__NODE_71_length_10277_cov_13.737038.fna,10253,
cell-4122-0-22_S11__NODE_72_length_10232_cov_12.224133.fna,10208,
cell-4122-0-22_S11__NODE_73_length_10169_cov_11.500692.fna,10145,
cell-4122-0-22_S11__NODE_74_length_10118_cov_12.280135.fna,10094,
cell-4122-0-22_S11__NODE_75_length_10100_cov_12.676456.fna,10076,
cell-4122-0-22_S11__NODE_76_length_10000_cov_13.828457.fna,9976,
cell-4122-0-22_S11__NODE_77_length_9970_cov_11.791326.fna,9946,
cell-4122-0-22_S11__NODE_78_length_9958_cov_11.038372.fna,9933,
cell-4122-0-22_S11__NODE_79_length_9828_cov_12.410109.fna,9804,
cell-4122-0-22_S11__NODE_7_length_22269_cov_13.639011.fna,22245,
cell-4122-0-22_S11__NODE_80_length_9806_cov_11.794278.fna,9782,
cell-4122-0-22_S11__NODE_81_length_9764_cov_18.981975.fna,9740,
cell-4122-0-22_S11__NODE_82_length_9674_cov_13.751222.fna,9650,
cell-4122-0-22_S11__NODE_83_length_9634_cov_165.785051.fna,9607,
cell-4122-0-22_S11__NODE_84_length_9505_cov_13.156508.fna,9448,
cell-4122-0-22_S11__NODE_85_length_9435_cov_11.075800.fna,9411,
cell-4122-0-22_S11__NODE_86_length_9392_cov_12.952661.fna,9349,
cell-4122-0-22_S11__NODE_87_length_9385_cov_11.824866.fna,9361,
cell-4122-0-22_S11__NODE_88_length_9377_cov_12.569406.fna,9353,
cell-4122-0-22_S11__NODE_89_length_9300_cov_17.494646.fna,9276,
cell-4122-0-22_S11__NODE_8_length_21332_cov_14.779245.fna,21308,
cell-4122-0-22_S11__NODE_90_length_9299_cov_11.715383.fna,9275,
cell-4122-0-22_S11__NODE_91_length_9276_cov_12.776705.fna,9252,
cell-4122-0-22_S11__NODE_92_length_9103_cov_12.522878.fna,9079,
cell-4122-0-22_S11__NODE_93_length_9082_cov_21.863410.fna,9055,
cell-4122-0-22_S11__NODE_94_length_8953_cov_14.030007.fna,8929,
cell-4122-0-22_S11__NODE_95_length_8950_cov_14.075998.fna,8926,
cell-4122-0-22_S11__NODE_96_length_8897_cov_25.647478.fna,8873,
cell-4122-0-22_S11__NODE_97_length_8869_cov_14.132970.fna,8845,
cell-4122-0-22_S11__NODE_98_length_8792_cov_14.879364.fna,8748,
cell-4122-0-22_S11__NODE_99_length_8740_cov_12.283132.fna,8647,
cell-4122-0-22_S11__NODE_9_length_21088_cov_12.065611.fna,21064,
cell-4122-0-44_S10__NODE_100_length_14938_cov_39.756232.fna,14914,
cell-4122-0-44_S10__NODE_101_length_14926_cov_36.867057.fna,14902,
cell-4122-0-44_S10__NODE_102_length_14854_cov_565.979931.fna,14799,
cell-4122-0-44_S10__NODE_103_length_14805_cov_21.147254.fna,14774,
cell-4122-0-44_S10__NODE_104_length_14717_cov_14.692607.fna,14693,
cell-4122-0-44_S10__NODE_105_length_14692_cov_91.481314.fna,14668,
cell-4122-0-44_S10__NODE_106_length_14680_cov_17.161915.fna,14656,
cell-4122-0-44_S10__NODE_107_length_14566_cov_19.721659.fna,14425,
cell-4122-0-44_S10__NODE_108_length_14433_cov_45.871609.fna,14409,
cell-4122-0-44_S10__NODE_109_length_14409_cov_432.549046.fna,14385,
cell-4122-0-44_S10__NODE_10_length_98740_cov_670.203293.fna,98706,11:9,
cell-4122-0-44_S10__NODE_110_length_14291_cov_1190.374965.fna,14267,
cell-4122-0-44_S10__NODE_111_length_14274_cov_42.843730.fna,14250,
cell-4122-0-44_S10__NODE_112_length_14178_cov_66.577427.fna,14154,
cell-4122-0-44_S10__NODE_113_length_14022_cov_55.429011.fna,13964,
cell-4122-0-44_S10__NODE_114_length_13985_cov_18.165183.fna,13959,
cell-4122-0-44_S10__NODE_115_length_13983_cov_58.597430.fna,13959,
cell-4122-0-44_S10__NODE_116_length_13967_cov_12.299885.fna,13933,
cell-4122-0-44_S10__NODE_117_length_13964_cov_14.839744.fna,13940,
cell-4122-0-44_S10__NODE_118_length_13713_cov_42.899985.fna,13689,
cell-4122-0-44_S10__NODE_119_length_13630_cov_48.605746.fna,13606,
cell-4122-0-44_S10__NODE_11_length_96191_cov_596.114473.fna,96115,
cell-4122-0-44_S10__NODE_120_length_13614_cov_82.799100.fna,13590,
cell-4122-0-44_S10__NODE_121_length_13555_cov_52.109556.fna,13531,
cell-4122-0-44_S10__NODE_122_length_13520_cov_40.768288.fna,13496,
cell-4122-0-44_S10__NODE_123_length_13394_cov_12.520054.fna,13368,
cell-4122-0-44_S10__NODE_124_length_13389_cov_13.500225.fna,13365,
cell-4122-0-44_S10__NODE_125_length_13376_cov_612.034757.fna,13352,
cell-4122-0-44_S10__NODE_126_length_13236_cov_16.757454.fna,13212,
cell-4122-0-44_S10__NODE_127_length_13227_cov_50.879821.fna,13203,
cell-4122-0-44_S10__NODE_128_length_13199_cov_383.144020.fna,13175,
cell-4122-0-44_S10__NODE_129_length_13198_cov_35.423952.fna,13174,
cell-4122-0-44_S10__NODE_12_length_95464_cov_625.492029.fna,95420,
cell-4122-0-44_S10__NODE_130_length_13147_cov_15.537427.fna,13123,
cell-4122-0-44_S10__NODE_131_length_13028_cov_424.197718.fna,13004,
cell-4122-0-44_S10__NODE_132_length_13024_cov_15.519392.fna,13000,11:1,
cell-4122-0-44_S10__NODE_133_length_12879_cov_772.161650.fna,12855,
cell-4122-0-44_S10__NODE_134_length_12855_cov_15.301406.fna,12831,
cell-4122-0-44_S10__NODE_135_length_12816_cov_17.153436.fna,12792,
cell-4122-0-44_S10__NODE_136_length_12708_cov_16.100688.fna,12684,
cell-4122-0-44_S10__NODE_137_length_12603_cov_23.918393.fna,12570,66:3,
cell-4122-0-44_S10__NODE_138_length_12518_cov_39.292947.fna,12494,
cell-4122-0-44_S10__NODE_139_length_12406_cov_18.908105.fna,12382,
cell-4122-0-44_S10__NODE_13_length_88735_cov_624.612066.fna,88408,
cell-4122-0-44_S10__NODE_140_length_12399_cov_43.422634.fna,12375,
cell-4122-0-44_S10__NODE_141_length_12301_cov_12.689613.fna,12277,
cell-4122-0-44_S10__NODE_142_length_12291_cov_15.674894.fna,12228,
cell-4122-0-44_S10__NODE_143_length_12251_cov_18.265087.fna,12227,
cell-4122-0-44_S10__NODE_144_length_12214_cov_14.718809.fna,12190,
cell-4122-0-44_S10__NODE_145_length_12179_cov_43.463461.fna,12155,
cell-4122-0-44_S10__NODE_146_length_12136_cov_12.455426.fna,12112,
cell-4122-0-44_S10__NODE_147_length_12016_cov_14.765153.fna,11992,
cell-4122-0-44_S10__NODE_148_length_11962_cov_54.009406.fna,11938,
cell-4122-0-44_S10__NODE_149_length_11949_cov_12.692030.fna,10483,
cell-4122-0-44_S10__NODE_14_length_87399_cov_613.114295.fna,87328,
cell-4122-0-44_S10__NODE_150_length_11870_cov_15.239949.fna,11846,
cell-4122-0-44_S10__NODE_151_length_11868_cov_12.338525.fna,11818,
cell-4122-0-44_S10__NODE_152_length_11837_cov_34.542862.fna,11813,
cell-4122-0-44_S10__NODE_153_length_11758_cov_14.459711.fna,11734,
cell-4122-0-44_S10__NODE_154_length_11723_cov_68.146726.fna,11699,
cell-4122-0-44_S10__NODE_155_length_11715_cov_14.821527.fna,11691,
cell-4122-0-44_S10__NODE_156_length_11702_cov_18.684296.fna,11678,
cell-4122-0-44_S10__NODE_157_length_11680_cov_43.131527.fna,11656,
cell-4122-0-44_S10__NODE_158_length_11672_cov_17.863476.fna,11648,
cell-4122-0-44_S10__NODE_159_length_11668_cov_853.141996.fna,11644,
cell-4122-0-44_S10__NODE_15_length_78725_cov_550.097521.fna,78700,
cell-4122-0-44_S10__NODE_160_length_11639_cov_53.192766.fna,11615,
cell-4122-0-44_S10__NODE_161_length_11595_cov_14.205113.fna,11571,
cell-4122-0-44_S10__NODE_162_length_11573_cov_12.840945.fna,11549,
cell-4122-0-44_S10__NODE_163_length_11543_cov_17.026985.fna,11519,
cell-4122-0-44_S10__NODE_164_length_11542_cov_17.388352.fna,11518,
cell-4122-0-44_S10__NODE_165_length_11511_cov_15.464036.fna,11487,
cell-4122-0-44_S10__NODE_166_length_11478_cov_10.141381.fna,11454,
cell-4122-0-44_S10__NODE_167_length_11459_cov_49.401877.fna,11435,
cell-4122-0-44_S10__NODE_168_length_11454_cov_51.145627.fna,11430,
cell-4122-0-44_S10__NODE_169_length_11435_cov_53.438840.fna,11411,
cell-4122-0-44_S10__NODE_16_length_68042_cov_661.266507.fna,67973,
cell-4122-0-44_S10__NODE_170_length_11423_cov_21.058761.fna,11399,
cell-4122-0-44_S10__NODE_171_length_11297_cov_17.804928.fna,11273,
cell-4122-0-44_S10__NODE_172_length_11216_cov_20.524595.fna,11192,
cell-4122-0-44_S10__NODE_173_length_11168_cov_42.282732.fna,11144,
cell-4122-0-44_S10__NODE_174_length_11108_cov_47.267167.fna,11084,
cell-4122-0-44_S10__NODE_175_length_10965_cov_640.705500.fna,10941,
cell-4122-0-44_S10__NODE_176_length_10961_cov_18.755914.fna,10901,
cell-4122-0-44_S10__NODE_177_length_10951_cov_18.389042.fna,10927,
cell-4122-0-44_S10__NODE_178_length_10886_cov_81.482319.fna,10862,
cell-4122-0-44_S10__NODE_179_length_10824_cov_26.671743.fna,10796,
cell-4122-0-44_S10__NODE_17_length_67777_cov_656.508697.fna,67713,
cell-4122-0-44_S10__NODE_180_length_10820_cov_58.589131.fna,10796,
cell-4122-0-44_S10__NODE_181_length_10813_cov_12.036717.fna,10777,
cell-4122-0-44_S10__NODE_182_length_10790_cov_20.538891.fna,10766,
cell-4122-0-44_S10__NODE_183_length_10706_cov_14.701624.fna,10682,
cell-4122-0-44_S10__NODE_184_length_10669_cov_13.842190.fna,10634,
cell-4122-0-44_S10__NODE_185_length_10644_cov_20.013127.fna,10619,
cell-4122-0-44_S10__NODE_186_length_10604_cov_54.743104.fna,10580,
cell-4122-0-44_S10__NODE_187_length_10592_cov_67.956724.fna,10568,
cell-4122-0-44_S10__NODE_188_length_10566_cov_51.148796.fna,10542,
cell-4122-0-44_S10__NODE_189_length_10519_cov_516.845757.fna,10493,
cell-4122-0-44_S10__NODE_18_length_65290_cov_593.383230.fna,65206,3:4,
cell-4122-0-44_S10__NODE_190_length_10514_cov_43.605412.fna,10485,
cell-4122-0-44_S10__NODE_191_length_10470_cov_68.609602.fna,10446,
cell-4122-0-44_S10__NODE_192_length_10448_cov_19.912922.fna,10424,
cell-4122-0-44_S10__NODE_193_length_10394_cov_14.748912.fna,10370,
cell-4122-0-44_S10__NODE_194_length_10385_cov_750.506292.fna,10361,
cell-4122-0-44_S10__NODE_195_length_10377_cov_59.963670.fna,10353,
cell-4122-0-44_S10__NODE_196_length_10352_cov_52.946975.fna,10328,
cell-4122-0-44_S10__NODE_197_length_10334_cov_27.849791.fna,10310,
cell-4122-0-44_S10__NODE_198_length_10333_cov_26.070734.fna,10309,
cell-4122-0-44_S10__NODE_199_length_10313_cov_40.125171.fna,10289,
cell-4122-0-44_S10__NODE_19_length_59362_cov_715.358491.fna,58969,
cell-4122-0-44_S10__NODE_1_length_365826_cov_606.839892.fna,365386,
cell-4122-0-44_S10__NODE_200_length_10207_cov_9.648739.fna,10183,
cell-4122-0-44_S10__NODE_201_length_10203_cov_69.872093.fna,10179,
cell-4122-0-44_S10__NODE_202_length_10200_cov_70.531395.fna,10176,
cell-4122-0-44_S10__NODE_203_length_10195_cov_61.450099.fna,10171,
cell-4122-0-44_S10__NODE_204_length_10144_cov_53.442462.fna,10120,
cell-4122-0-44_S10__NODE_205_length_10038_cov_11.420815.fna,10008,
cell-4122-0-44_S10__NODE_206_length_10032_cov_15.105242.fna,9977,
cell-4122-0-44_S10__NODE_207_length_9946_cov_12.593368.fna,9922,
cell-4122-0-44_S10__NODE_208_length_9913_cov_29.531447.fna,9889,
cell-4122-0-44_S10__NODE_209_length_9908_cov_52.564194.fna,9884,
cell-4122-0-44_S10__NODE_20_length_55167_cov_656.760415.fna,55119,
cell-4122-0-44_S10__NODE_210_length_9847_cov_44.878574.fna,9823,
cell-4122-0-44_S10__NODE_211_length_9844_cov_40.870875.fna,9820,
cell-4122-0-44_S10__NODE_212_length_9841_cov_61.445126.fna,9817,
cell-4122-0-44_S10__NODE_213_length_9811_cov_46.382124.fna,9787,
cell-4122-0-44_S10__NODE_214_length_9801_cov_20.498461.fna,9777,
cell-4122-0-44_S10__NODE_215_length_9742_cov_15.072778.fna,9718,
cell-4122-0-44_S10__NODE_216_length_9709_cov_15.827533.fna,9685,
cell-4122-0-44_S10__NODE_217_length_9681_cov_13.589653.fna,9657,
cell-4122-0-44_S10__NODE_218_length_9664_cov_45.119055.fna,9640,
cell-4122-0-44_S10__NODE_219_length_9633_cov_284.786594.fna,9606,
cell-4122-0-44_S10__NODE_21_length_48646_cov_541.704328.fna,48613,
cell-4122-0-44_S10__NODE_220_length_9583_cov_44.038413.fna,9546,
cell-4122-0-44_S10__NODE_221_length_9579_cov_16.859513.fna,9555,
cell-4122-0-44_S10__NODE_222_length_9575_cov_14.680777.fna,9551,
cell-4122-0-44_S10__NODE_223_length_9575_cov_14.182458.fna,9551,
cell-4122-0-44_S10__NODE_224_length_9518_cov_57.433583.fna,9494,
cell-4122-0-44_S10__NODE_225_length_9506_cov_10.085599.fna,9425,
cell-4122-0-44_S10__NODE_226_length_9494_cov_13.186990.fna,9470,
cell-4122-0-44_S10__NODE_227_length_9435_cov_40.007569.fna,9411,
cell-4122-0-44_S10__NODE_228_length_9429_cov_12.764135.fna,9405,
cell-4122-0-44_S10__NODE_229_length_9389_cov_24.575745.fna,9365,
cell-4122-0-44_S10__NODE_22_length_43789_cov_467.380436.fna,43765,
cell-4122-0-44_S10__NODE_230_length_9386_cov_15.302647.fna,9362,
cell-4122-0-44_S10__NODE_231_length_9357_cov_10.986347.fna,9333,
cell-4122-0-44_S10__NODE_232_length_9303_cov_69.462370.fna,9279,
cell-4122-0-44_S10__NODE_233_length_9269_cov_12.030606.fna,9245,
cell-4122-0-44_S10__NODE_234_length_9260_cov_15.125910.fna,9236,
cell-4122-0-44_S10__NODE_235_length_9175_cov_33.355702.fna,9151,
cell-4122-0-44_S10__NODE_236_length_9174_cov_13.219542.fna,9150,
cell-4122-0-44_S10__NODE_237_length_9169_cov_14.859118.fna,9145,
cell-4122-0-44_S10__NODE_238_length_9158_cov_15.705262.fna,9134,
cell-4122-0-44_S10__NODE_239_length_9133_cov_12.184071.fna,9109,
cell-4122-0-44_S10__NODE_23_length_41352_cov_524.202896.fna,41289,11:1,
cell-4122-0-44_S10__NODE_240_length_9082_cov_8.945608.fna,9051,
cell-4122-0-44_S10__NODE_241_length_9031_cov_13.903409.fna,9007,
cell-4122-0-44_S10__NODE_242_length_9027_cov_38.795586.fna,9003,
cell-4122-0-44_S10__NODE_243_length_9017_cov_15.573979.fna,8993,
cell-4122-0-44_S10__NODE_244_length_9017_cov_11.252845.fna,8993,
cell-4122-0-44_S10__NODE_245_length_9013_cov_25.964054.fna,8989,
cell-4122-0-44_S10__NODE_246_length_9001_cov_61.395819.fna,8977,
cell-4122-0-44_S10__NODE_247_length_8986_cov_14.194603.fna,8962,
cell-4122-0-44_S10__NODE_248_length_8944_cov_23.380133.fna,8920,
cell-4122-0-44_S10__NODE_249_length_8933_cov_61.035030.fna,8909,
cell-4122-0-44_S10__NODE_24_length_41240_cov_653.001093.fna,40780,
cell-4122-0-44_S10__NODE_250_length_8924_cov_42.124479.fna,8900,
cell-4122-0-44_S10__NODE_251_length_8891_cov_23.998642.fna,8867,
cell-4122-0-44_S10__NODE_252_length_8880_cov_82.558414.fna,8856,
cell-4122-0-44_S10__NODE_253_length_8879_cov_7.793404.fna,8855,
cell-4122-0-44_S10__NODE_254_length_8859_cov_25.277828.fna,8821,
cell-4122-0-44_S10__NODE_255_length_8858_cov_71.168692.fna,8834,
cell-4122-0-44_S10__NODE_256_length_8834_cov_59.299806.fna,8810,
cell-4122-0-44_S10__NODE_257_length_8804_cov_42.114527.fna,8780,
cell-4122-0-44_S10__NODE_258_length_8798_cov_16.223036.fna,8770,
cell-4122-0-44_S10__NODE_259_length_8775_cov_50.874427.fna,8751,
cell-4122-0-44_S10__NODE_25_length_39992_cov_411.001427.fna,39960,
cell-4122-0-44_S10__NODE_260_length_8730_cov_834.544323.fna,8706,
cell-4122-0-44_S10__NODE_261_length_8730_cov_11.228588.fna,8706,
cell-4122-0-44_S10__NODE_262_length_8716_cov_23.381942.fna,8692,
cell-4122-0-44_S10__NODE_263_length_8706_cov_14.102300.fna,8682,
cell-4122-0-44_S10__NODE_264_length_8697_cov_23.871673.fna,8673,
cell-4122-0-44_S10__NODE_265_length_8660_cov_59.036026.fna,8636,
cell-4122-0-44_S10__NODE_266_length_8625_cov_12.331505.fna,8601,
cell-4122-0-44_S10__NODE_267_length_8599_cov_11.710557.fna,8575,
cell-4122-0-44_S10__NODE_268_length_8526_cov_9.504309.fna,8502,
cell-4122-0-44_S10__NODE_269_length_8522_cov_22.880359.fna,8498,
cell-4122-0-44_S10__NODE_26_length_39625_cov_558.985039.fna,39590,
cell-4122-0-44_S10__NODE_270_length_8496_cov_64.334202.fna,8472,
cell-4122-0-44_S10__NODE_271_length_8487_cov_23.735531.fna,8463,
cell-4122-0-44_S10__NODE_272_length_8443_cov_17.693133.fna,8419,
cell-4122-0-44_S10__NODE_273_length_8422_cov_26.625075.fna,8398,
cell-4122-0-44_S10__NODE_274_length_8375_cov_17.692909.fna,8345,
cell-4122-0-44_S10__NODE_275_length_8347_cov_14.683550.fna,8323,
cell-4122-0-44_S10__NODE_276_length_8326_cov_15.834240.fna,8302,
cell-4122-0-44_S10__NODE_277_length_8316_cov_12.895049.fna,8292,
cell-4122-0-44_S10__NODE_278_length_8265_cov_13.045676.fna,8241,
cell-4122-0-44_S10__NODE_279_length_8239_cov_13.382576.fna,8215,
cell-4122-0-44_S10__NODE_27_length_38516_cov_575.372455.fna,38338,
cell-4122-0-44_S10__NODE_280_length_8236_cov_18.644664.fna,8212,
cell-4122-0-44_S10__NODE_281_length_8229_cov_23.412283.fna,8194,
cell-4122-0-44_S10__NODE_282_length_8188_cov_19.683389.fna,8164,
cell-4122-0-44_S10__NODE_283_length_8181_cov_12.814669.fna,8157,
cell-4122-0-44_S10__NODE_284_length_8179_cov_40.650295.fna,8155,
cell-4122-0-44_S10__NODE_285_length_8169_cov_14.339044.fna,8145,
cell-4122-0-44_S10__NODE_286_length_8166_cov_16.676735.fna,8142,
cell-4122-0-44_S10__NODE_287_length_8123_cov_10.910759.fna,8099,
cell-4122-0-44_S10__NODE_288_length_8123_cov_8.065568.fna,8099,
cell-4122-0-44_S10__NODE_289_length_8105_cov_12.443851.fna,8081,
cell-4122-0-44_S10__NODE_28_length_38013_cov_1387.913457.fna,37838,
cell-4122-0-44_S10__NODE_290_length_8103_cov_12.063370.fna,8079,
cell-4122-0-44_S10__NODE_291_length_8046_cov_32.726067.fna,8022,
cell-4122-0-44_S10__NODE_292_length_7989_cov_9.679859.fna,7965,
cell-4122-0-44_S10__NODE_293_length_7978_cov_40.923009.fna,7954,
cell-4122-0-44_S10__NODE_294_length_7958_cov_12.488802.fna,7934,
cell-4122-0-44_S10__NODE_295_length_7915_cov_23.231552.fna,7891,
cell-4122-0-44_S10__NODE_296_length_7879_cov_17.368482.fna,7847,
cell-4122-0-44_S10__NODE_297_length_7842_cov_516.592783.fna,7818,
cell-4122-0-44_S10__NODE_298_length_7842_cov_14.284834.fna,7818,
cell-4122-0-44_S10__NODE_299_length_7838_cov_16.061287.fna,7814,
cell-4122-0-44_S10__NODE_29_length_36446_cov_35.724767.fna,36422,
cell-4122-0-44_S10__NODE_2_length_258152_cov_535.101380.fna,258117,
cell-4122-0-44_S10__NODE_300_length_7824_cov_22.367615.fna,7800,
cell-4122-0-44_S10__NODE_301_length_7821_cov_10.270796.fna,7797,
cell-4122-0-44_S10__NODE_302_length_7795_cov_32.253488.fna,7771,
cell-4122-0-44_S10__NODE_303_length_7786_cov_11.469280.fna,7762,
cell-4122-0-44_S10__NODE_304_length_7774_cov_12.577147.fna,7750,
cell-4122-0-44_S10__NODE_305_length_7749_cov_10.877047.fna,7725,
cell-4122-0-44_S10__NODE_306_length_7748_cov_24.056675.fna,7724,
cell-4122-0-44_S10__NODE_307_length_7736_cov_9.923057.fna,7712,
cell-4122-0-44_S10__NODE_308_length_7719_cov_12.855297.fna,7695,
cell-4122-0-44_S10__NODE_309_length_7709_cov_15.641756.fna,7685,
cell-4122-0-44_S10__NODE_30_length_36395_cov_531.337149.fna,36371,
cell-4122-0-44_S10__NODE_310_length_7638_cov_1517.774891.fna,7614,
cell-4122-0-44_S10__NODE_311_length_7635_cov_14.456464.fna,7611,
cell-4122-0-44_S10__NODE_312_length_7618_cov_21.668782.fna,7594,
cell-4122-0-44_S10__NODE_313_length_7597_cov_19.853752.fna,7573,
cell-4122-0-44_S10__NODE_314_length_7591_cov_14.583599.fna,7567,
cell-4122-0-44_S10__NODE_315_length_7569_cov_43.451291.fna,7542,
cell-4122-0-44_S10__NODE_316_length_7565_cov_11.689481.fna,7511,
cell-4122-0-44_S10__NODE_317_length_7527_cov_15.518870.fna,7500,
cell-4122-0-44_S10__NODE_318_length_7515_cov_12.640349.fna,7491,
cell-4122-0-44_S10__NODE_319_length_7510_cov_10.023608.fna,7486,
cell-4122-0-44_S10__NODE_31_length_35454_cov_49.532699.fna,35430,
cell-4122-0-44_S10__NODE_320_length_7507_cov_37.740338.fna,7421,
cell-4122-0-44_S10__NODE_321_length_7495_cov_77.797849.fna,7471,
cell-4122-0-44_S10__NODE_322_length_7488_cov_14.430916.fna,7464,
cell-4122-0-44_S10__NODE_323_length_7469_cov_13.925142.fna,7445,
cell-4122-0-44_S10__NODE_324_length_7452_cov_10.364472.fna,7428,
cell-4122-0-44_S10__NODE_325_length_7432_cov_702.137590.fna,7359,
cell-4122-0-44_S10__NODE_326_length_7386_cov_15.306097.fna,7362,
cell-4122-0-44_S10__NODE_327_length_7386_cov_8.422180.fna,7362,
cell-4122-0-44_S10__NODE_328_length_7347_cov_10.511794.fna,7323,
cell-4122-0-44_S10__NODE_329_length_7309_cov_18.985250.fna,7285,
cell-4122-0-44_S10__NODE_32_length_34151_cov_49.177557.fna,34127,
cell-4122-0-44_S10__NODE_330_length_7224_cov_17.066397.fna,7200,
cell-4122-0-44_S10__NODE_331_length_7196_cov_63.410727.fna,7172,
cell-4122-0-44_S10__NODE_332_length_7175_cov_15.229213.fna,7151,
cell-4122-0-44_S10__NODE_333_length_7113_cov_21.363134.fna,7089,
cell-4122-0-44_S10__NODE_334_length_7108_cov_11.514958.fna,7084,
cell-4122-0-44_S10__NODE_335_length_7097_cov_12.033371.fna,7073,
cell-4122-0-44_S10__NODE_336_length_7096_cov_15.569947.fna,7072,
cell-4122-0-44_S10__NODE_337_length_7091_cov_10.999005.fna,7067,
cell-4122-0-44_S10__NODE_338_length_7081_cov_35.533590.fna,7057,
cell-4122-0-44_S10__NODE_339_length_7051_cov_10.545740.fna,7027,
cell-4122-0-44_S10__NODE_33_length_33593_cov_537.073379.fna,33500,14:3,
cell-4122-0-44_S10__NODE_340_length_7049_cov_16.181870.fna,7015,
cell-4122-0-44_S10__NODE_341_length_7040_cov_11.561489.fna,7016,
cell-4122-0-44_S10__NODE_342_length_7038_cov_9.689102.fna,7014,
cell-4122-0-44_S10__NODE_343_length_7017_cov_13.040218.fna,6993,
cell-4122-0-44_S10__NODE_344_length_7016_cov_20.003160.fna,6992,
cell-4122-0-44_S10__NODE_345_length_7006_cov_18.861890.fna,6982,
cell-4122-0-44_S10__NODE_346_length_6951_cov_14.409803.fna,6927,
cell-4122-0-44_S10__NODE_347_length_6938_cov_22.791661.fna,6914,
cell-4122-0-44_S10__NODE_348_length_6914_cov_13.632162.fna,6890,
cell-4122-0-44_S10__NODE_349_length_6912_cov_25.244276.fna,6888,
cell-4122-0-44_S10__NODE_34_length_31580_cov_641.513751.fna,31556,
cell-4122-0-44_S10__NODE_350_length_6902_cov_12.689499.fna,6878,
cell-4122-0-44_S10__NODE_351_length_6888_cov_10.788526.fna,6864,
cell-4122-0-44_S10__NODE_352_length_6884_cov_15.927369.fna,6860,
cell-4122-0-44_S10__NODE_353_length_6873_cov_49.440158.fna,6849,
cell-4122-0-44_S10__NODE_354_length_6860_cov_13.736958.fna,6810,
cell-4122-0-44_S10__NODE_355_length_6846_cov_21.074805.fna,6822,
cell-4122-0-44_S10__NODE_356_length_6830_cov_12.009594.fna,6806,
cell-4122-0-44_S10__NODE_357_length_6826_cov_40.793384.fna,6802,
cell-4122-0-44_S10__NODE_358_length_6812_cov_15.225396.fna,6788,
cell-4122-0-44_S10__NODE_359_length_6803_cov_37.976289.fna,6779,
cell-4122-0-44_S10__NODE_35_length_30946_cov_78.815286.fna,30922,
cell-4122-0-44_S10__NODE_360_length_6779_cov_11.956722.fna,6755,
cell-4122-0-44_S10__NODE_361_length_6769_cov_18.008490.fna,6745,
cell-4122-0-44_S10__NODE_362_length_6759_cov_14.333831.fna,6735,
cell-4122-0-44_S10__NODE_363_length_6734_cov_12.704746.fna,6689,
cell-4122-0-44_S10__NODE_364_length_6733_cov_20.330788.fna,6709,
cell-4122-0-44_S10__NODE_365_length_6721_cov_38.060456.fna,6697,
cell-4122-0-44_S10__NODE_366_length_6684_cov_11.797104.fna,6660,
cell-4122-0-44_S10__NODE_367_length_6682_cov_7.919270.fna,6658,
cell-4122-0-44_S10__NODE_368_length_6677_cov_31.949109.fna,6653,
cell-4122-0-44_S10__NODE_369_length_6675_cov_21.737613.fna,6639,
cell-4122-0-44_S10__NODE_36_length_30711_cov_618.072253.fna,30687,
cell-4122-0-44_S10__NODE_370_length_6625_cov_18.319482.fna,6601,
cell-4122-0-44_S10__NODE_371_length_6593_cov_9.924748.fna,6569,
cell-4122-0-44_S10__NODE_372_length_6581_cov_15.239350.fna,6557,
cell-4122-0-44_S10__NODE_373_length_6577_cov_80.370898.fna,6553,
cell-4122-0-44_S10__NODE_374_length_6572_cov_18.429952.fna,6548,
cell-4122-0-44_S10__NODE_375_length_6561_cov_468.765294.fna,6537,
cell-4122-0-44_S10__NODE_376_length_6556_cov_16.140286.fna,6532,
cell-4122-0-44_S10__NODE_377_length_6552_cov_20.717254.fna,6528,
cell-4122-0-44_S10__NODE_378_length_6538_cov_13.738084.fna,6514,
cell-4122-0-44_S10__NODE_379_length_6532_cov_80.519222.fna,6508,
cell-4122-0-44_S10__NODE_37_length_30362_cov_39.358036.fna,30275,
cell-4122-0-44_S10__NODE_380_length_6525_cov_16.042349.fna,6501,
cell-4122-0-44_S10__NODE_381_length_6520_cov_33.176798.fna,6496,
cell-4122-0-44_S10__NODE_382_length_6514_cov_70.427620.fna,6490,
cell-4122-0-44_S10__NODE_383_length_6461_cov_15.732907.fna,6437,
cell-4122-0-44_S10__NODE_384_length_6461_cov_12.877771.fna,6437,
cell-4122-0-44_S10__NODE_385_length_6452_cov_9.223542.fna,6428,
cell-4122-0-44_S10__NODE_386_length_6443_cov_10.764559.fna,6419,
cell-4122-0-44_S10__NODE_387_length_6441_cov_630.987003.fna,6417,
cell-4122-0-44_S10__NODE_388_length_6440_cov_67.118559.fna,6416,
cell-4122-0-44_S10__NODE_389_length_6438_cov_281.282939.fna,6414,
cell-4122-0-44_S10__NODE_38_length_29372_cov_607.733977.fna,29348,
cell-4122-0-44_S10__NODE_390_length_6432_cov_21.215148.fna,6408,
cell-4122-0-44_S10__NODE_391_length_6418_cov_40.075750.fna,6394,
cell-4122-0-44_S10__NODE_392_length_6416_cov_48.041817.fna,6392,
cell-4122-0-44_S10__NODE_393_length_6412_cov_26.656442.fna,6388,
cell-4122-0-44_S10__NODE_394_length_6399_cov_8.220681.fna,6375,
cell-4122-0-44_S10__NODE_395_length_6348_cov_12.430796.fna,6324,
cell-4122-0-44_S10__NODE_396_length_6333_cov_19.473558.fna,6196,
cell-4122-0-44_S10__NODE_397_length_6328_cov_15.154790.fna,6304,
cell-4122-0-44_S10__NODE_398_length_6319_cov_13.377395.fna,6295,
cell-4122-0-44_S10__NODE_399_length_6299_cov_19.825112.fna,6275,
cell-4122-0-44_S10__NODE_39_length_29241_cov_550.532550.fna,29192,
cell-4122-0-44_S10__NODE_3_length_257420_cov_587.591090.fna,257281,
cell-4122-0-44_S10__NODE_400_length_6285_cov_708.099037.fna,6261,
cell-4122-0-44_S10__NODE_401_length_6269_cov_16.398133.fna,6245,
cell-4122-0-44_S10__NODE_402_length_6248_cov_13.197158.fna,6224,
cell-4122-0-44_S10__NODE_403_length_6238_cov_78.769529.fna,6214,
cell-4122-0-44_S10__NODE_404_length_6222_cov_53.799741.fna,6198,
cell-4122-0-44_S10__NODE_405_length_6184_cov_15.303475.fna,6160,
cell-4122-0-44_S10__NODE_406_length_6180_cov_68.227265.fna,6156,
cell-4122-0-44_S10__NODE_407_length_6176_cov_19.248816.fna,6152,
cell-4122-0-44_S10__NODE_408_length_6171_cov_1274.385546.fna,6147,
cell-4122-0-44_S10__NODE_409_length_6144_cov_11.095254.fna,6120,
cell-4122-0-44_S10__NODE_40_length_27943_cov_673.513339.fna,27877,
cell-4122-0-44_S10__NODE_410_length_6138_cov_22.701627.fna,6114,
cell-4122-0-44_S10__NODE_411_length_6136_cov_21.472455.fna,6112,
cell-4122-0-44_S10__NODE_412_length_6136_cov_14.536754.fna,6112,
cell-4122-0-44_S10__NODE_413_length_6134_cov_16.839447.fna,6110,
cell-4122-0-44_S10__NODE_414_length_6110_cov_13.489348.fna,6086,
cell-4122-0-44_S10__NODE_415_length_6101_cov_46.445915.fna,6077,
cell-4122-0-44_S10__NODE_416_length_6092_cov_11.234554.fna,6068,
cell-4122-0-44_S10__NODE_417_length_6078_cov_20.659472.fna,6054,
cell-4122-0-44_S10__NODE_418_length_6064_cov_15.670494.fna,6040,
cell-4122-0-44_S10__NODE_419_length_6050_cov_15.152627.fna,6026,
cell-4122-0-44_S10__NODE_41_length_27709_cov_475.303609.fna,27654,
cell-4122-0-44_S10__NODE_420_length_6039_cov_9.161765.fna,6015,
cell-4122-0-44_S10__NODE_421_length_6035_cov_11.660033.fna,6011,
cell-4122-0-44_S10__NODE_422_length_6029_cov_156.669233.fna,5962,
cell-4122-0-44_S10__NODE_423_length_6029_cov_34.451958.fna,6005,
cell-4122-0-44_S10__NODE_424_length_6024_cov_13.932149.fna,6000,
cell-4122-0-44_S10__NODE_425_length_6018_cov_890.627369.fna,5994,
cell-4122-0-44_S10__NODE_426_length_6011_cov_12.956179.fna,5987,
cell-4122-0-44_S10__NODE_427_length_6008_cov_13.301193.fna,5984,
cell-4122-0-44_S10__NODE_428_length_5999_cov_9.494448.fna,5975,
cell-4122-0-44_S10__NODE_429_length_5998_cov_43.236244.fna,5974,
cell-4122-0-44_S10__NODE_42_length_27243_cov_41.219876.fna,27214,
cell-4122-0-44_S10__NODE_430_length_5996_cov_618.122538.fna,5972,
cell-4122-0-44_S10__NODE_431_length_5996_cov_19.389328.fna,5972,
cell-4122-0-44_S10__NODE_432_length_5978_cov_44.644268.fna,5937,
cell-4122-0-44_S10__NODE_433_length_5977_cov_18.899865.fna,5953,
cell-4122-0-44_S10__NODE_434_length_5955_cov_14.810508.fna,5931,
cell-4122-0-44_S10__NODE_435_length_5953_cov_13.315531.fna,5919,
cell-4122-0-44_S10__NODE_436_length_5949_cov_20.518493.fna,5925,
cell-4122-0-44_S10__NODE_437_length_5947_cov_9.944671.fna,5923,
cell-4122-0-44_S10__NODE_438_length_5941_cov_9.341998.fna,5917,
cell-4122-0-44_S10__NODE_439_length_5923_cov_13.905249.fna,5899,
cell-4122-0-44_S10__NODE_43_length_27037_cov_594.223594.fna,26977,
cell-4122-0-44_S10__NODE_440_length_5922_cov_9.601670.fna,5898,
cell-4122-0-44_S10__NODE_441_length_5921_cov_22.733890.fna,5897,
cell-4122-0-44_S10__NODE_442_length_5921_cov_11.142346.fna,5897,
cell-4122-0-44_S10__NODE_443_length_5920_cov_41.641091.fna,5896,
cell-4122-0-44_S10__NODE_444_length_5913_cov_7.721407.fna,5889,
cell-4122-0-44_S10__NODE_445_length_5903_cov_14.690663.fna,5879,
cell-4122-0-44_S10__NODE_446_length_5883_cov_14.960021.fna,5849,
cell-4122-0-44_S10__NODE_447_length_5880_cov_9.699571.fna,5856,
cell-4122-0-44_S10__NODE_448_length_5862_cov_35.900809.fna,5838,
cell-4122-0-44_S10__NODE_449_length_5860_cov_13.964169.fna,5836,
cell-4122-0-44_S10__NODE_44_length_26779_cov_1074.789889.fna,26698,
cell-4122-0-44_S10__NODE_450_length_5858_cov_14.805962.fna,5834,
cell-4122-0-44_S10__NODE_451_length_5841_cov_7.397684.fna,5817,
cell-4122-0-44_S10__NODE_452_length_5835_cov_7.049654.fna,5811,
cell-4122-0-44_S10__NODE_453_length_5822_cov_4.118953.fna,5798,
cell-4122-0-44_S10__NODE_454_length_5802_cov_30.111884.fna,5778,
cell-4122-0-44_S10__NODE_455_length_5801_cov_34.639575.fna,5777,
cell-4122-0-44_S10__NODE_456_length_5800_cov_1156.660400.fna,5776,
cell-4122-0-44_S10__NODE_457_length_5798_cov_14.315863.fna,5774,
cell-4122-0-44_S10__NODE_458_length_5788_cov_9.878423.fna,5764,
cell-4122-0-44_S10__NODE_459_length_5759_cov_9.809081.fna,5735,
cell-4122-0-44_S10__NODE_45_length_26697_cov_16.981007.fna,26673,
cell-4122-0-44_S10__NODE_460_length_5758_cov_11.159565.fna,5734,
cell-4122-0-44_S10__NODE_461_length_5757_cov_10.925289.fna,5733,
cell-4122-0-44_S10__NODE_462_length_5756_cov_35.074198.fna,5701,
cell-4122-0-44_S10__NODE_463_length_5752_cov_15.439354.fna,5728,
cell-4122-0-44_S10__NODE_464_length_5749_cov_17.509132.fna,5725,
cell-4122-0-44_S10__NODE_465_length_5736_cov_24.121105.fna,5712,
cell-4122-0-44_S10__NODE_466_length_5731_cov_13.020613.fna,5707,
cell-4122-0-44_S10__NODE_467_length_5725_cov_66.723810.fna,5700,
cell-4122-0-44_S10__NODE_468_length_5722_cov_41.257279.fna,5698,
cell-4122-0-44_S10__NODE_469_length_5719_cov_15.673199.fna,5695,
cell-4122-0-44_S10__NODE_46_length_25340_cov_18.244176.fna,25316,
cell-4122-0-44_S10__NODE_470_length_5705_cov_13.530796.fna,5681,
cell-4122-0-44_S10__NODE_471_length_5687_cov_10.122869.fna,5663,
cell-4122-0-44_S10__NODE_472_length_5642_cov_2003.902452.fna,5618,
cell-4122-0-44_S10__NODE_473_length_5630_cov_13.069417.fna,5606,
cell-4122-0-44_S10__NODE_474_length_5621_cov_8.249551.fna,5597,
cell-4122-0-44_S10__NODE_475_length_5606_cov_17.119438.fna,5582,
cell-4122-0-44_S10__NODE_476_length_5599_cov_12.327201.fna,5575,
cell-4122-0-44_S10__NODE_477_length_5593_cov_13.819610.fna,5569,
cell-4122-0-44_S10__NODE_478_length_5589_cov_18.730575.fna,5534,
cell-4122-0-44_S10__NODE_479_length_5568_cov_18.053873.fna,5544,
cell-4122-0-44_S10__NODE_47_length_25007_cov_47.217698.fna,24887,
cell-4122-0-44_S10__NODE_480_length_5565_cov_22.892196.fna,5528,
cell-4122-0-44_S10__NODE_481_length_5552_cov_87.913953.fna,5528,
cell-4122-0-44_S10__NODE_482_length_5542_cov_15.108438.fna,5518,
cell-4122-0-44_S10__NODE_483_length_5538_cov_22.530731.fna,5514,
cell-4122-0-44_S10__NODE_484_length_5528_cov_16.841586.fna,5504,
cell-4122-0-44_S10__NODE_485_length_5528_cov_13.941166.fna,5504,
cell-4122-0-44_S10__NODE_486_length_5525_cov_15.331444.fna,5501,
cell-4122-0-44_S10__NODE_487_length_5511_cov_61.318548.fna,5486,
cell-4122-0-44_S10__NODE_488_length_5509_cov_14.390356.fna,5485,
cell-4122-0-44_S10__NODE_489_length_5504_cov_20.577537.fna,5480,
cell-4122-0-44_S10__NODE_48_length_24920_cov_38.943012.fna,24896,
cell-4122-0-44_S10__NODE_490_length_5489_cov_254.518403.fna,5465,
cell-4122-0-44_S10__NODE_491_length_5481_cov_9.872466.fna,5457,
cell-4122-0-44_S10__NODE_492_length_5474_cov_10.888909.fna,5450,
cell-4122-0-44_S10__NODE_493_length_5467_cov_17.747413.fna,5443,
cell-4122-0-44_S10__NODE_494_length_5466_cov_23.674552.fna,5442,
cell-4122-0-44_S10__NODE_495_length_5462_cov_20.275754.fna,5438,
cell-4122-0-44_S10__NODE_496_length_5461_cov_24.626711.fna,5437,
cell-4122-0-44_S10__NODE_497_length_5461_cov_12.360155.fna,5437,
cell-4122-0-44_S10__NODE_498_length_5460_cov_10.748566.fna,5436,
cell-4122-0-44_S10__NODE_499_length_5448_cov_16.716299.fna,5424,
cell-4122-0-44_S10__NODE_49_length_24757_cov_32.465549.fna,24733,
cell-4122-0-44_S10__NODE_4_length_229683_cov_605.599269.fna,229598,
cell-4122-0-44_S10__NODE_500_length_5446_cov_12.217028.fna,5422,
cell-4122-0-44_S10__NODE_501_length_5444_cov_40.899610.fna,5347,
cell-4122-0-44_S10__NODE_502_length_5443_cov_13.439310.fna,5419,
cell-4122-0-44_S10__NODE_503_length_5433_cov_8.042395.fna,5409,
cell-4122-0-44_S10__NODE_504_length_5415_cov_12.626306.fna,5391,
cell-4122-0-44_S10__NODE_505_length_5408_cov_60.098076.fna,5384,
cell-4122-0-44_S10__NODE_506_length_5397_cov_13.296331.fna,5373,
cell-4122-0-44_S10__NODE_507_length_5388_cov_9.724358.fna,5364,
cell-4122-0-44_S10__NODE_508_length_5380_cov_23.820469.fna,5356,
cell-4122-0-44_S10__NODE_509_length_5377_cov_12.819053.fna,5353,
cell-4122-0-44_S10__NODE_50_length_24096_cov_32.582754.fna,12036,
cell-4122-0-44_S10__NODE_510_length_5374_cov_49.406655.fna,5350,
cell-4122-0-44_S10__NODE_511_length_5347_cov_17.858088.fna,5323,
cell-4122-0-44_S10__NODE_512_length_5338_cov_8.074011.fna,5314,
cell-4122-0-44_S10__NODE_513_length_5315_cov_44.643726.fna,5291,
cell-4122-0-44_S10__NODE_514_length_5312_cov_27.252996.fna,5288,
cell-4122-0-44_S10__NODE_515_length_5309_cov_29.940997.fna,5285,
cell-4122-0-44_S10__NODE_516_length_5307_cov_13.113671.fna,5283,
cell-4122-0-44_S10__NODE_517_length_5305_cov_29.414476.fna,5281,
cell-4122-0-44_S10__NODE_518_length_5291_cov_30.714286.fna,5267,
cell-4122-0-44_S10__NODE_519_length_5289_cov_67.124570.fna,5265,
cell-4122-0-44_S10__NODE_51_length_23787_cov_40.772838.fna,23763,
cell-4122-0-44_S10__NODE_520_length_5270_cov_17.358006.fna,5246,
cell-4122-0-44_S10__NODE_521_length_5267_cov_12.856869.fna,5243,
cell-4122-0-44_S10__NODE_522_length_5235_cov_19.894981.fna,5194,
cell-4122-0-44_S10__NODE_523_length_5235_cov_17.398069.fna,5211,
cell-4122-0-44_S10__NODE_524_length_5229_cov_12.774256.fna,5205,
cell-4122-0-44_S10__NODE_525_length_5225_cov_16.128820.fna,5201,
cell-4122-0-44_S10__NODE_526_length_5205_cov_18.396117.fna,5181,
cell-4122-0-44_S10__NODE_527_length_5199_cov_19.667963.fna,5175,
cell-4122-0-44_S10__NODE_528_length_5197_cov_13.509529.fna,5173,
cell-4122-0-44_S10__NODE_529_length_5196_cov_10.424431.fna,5172,
cell-4122-0-44_S10__NODE_52_length_23599_cov_48.505394.fna,23575,
cell-4122-0-44_S10__NODE_530_length_5186_cov_11.744299.fna,5162,
cell-4122-0-44_S10__NODE_531_length_5183_cov_12.506240.fna,4948,
cell-4122-0-44_S10__NODE_532_length_5180_cov_45.820488.fna,5156,
cell-4122-0-44_S10__NODE_533_length_5175_cov_15.049609.fna,5151,
cell-4122-0-44_S10__NODE_534_length_5162_cov_22.372626.fna,5138,
cell-4122-0-44_S10__NODE_535_length_5159_cov_10.712970.fna,5135,
cell-4122-0-44_S10__NODE_536_length_5138_cov_58.319890.fna,5114,
cell-4122-0-44_S10__NODE_537_length_5131_cov_30.060678.fna,5103,
cell-4122-0-44_S10__NODE_538_length_5126_cov_20.184382.fna,5102,
cell-4122-0-44_S10__NODE_539_length_5123_cov_21.920876.fna,5099,
cell-4122-0-44_S10__NODE_53_length_22987_cov_48.668411.fna,22960,
cell-4122-0-44_S10__NODE_540_length_5118_cov_14.436895.fna,5094,
cell-4122-0-44_S10__NODE_541_length_5114_cov_16.467484.fna,5090,
cell-4122-0-44_S10__NODE_542_length_5114_cov_13.049022.fna,5080,
cell-4122-0-44_S10__NODE_543_length_5105_cov_16.185545.fna,5081,
cell-4122-0-44_S10__NODE_544_length_5101_cov_27.302616.fna,5077,
cell-4122-0-44_S10__NODE_545_length_5093_cov_10.768162.fna,5069,
cell-4122-0-44_S10__NODE_546_length_5083_cov_17.354813.fna,5059,
cell-4122-0-44_S10__NODE_547_length_5075_cov_16.916335.fna,5051,
cell-4122-0-44_S10__NODE_548_length_5071_cov_20.960726.fna,5047,
cell-4122-0-44_S10__NODE_549_length_5068_cov_23.987233.fna,5044,
cell-4122-0-44_S10__NODE_54_length_22856_cov_14.291391.fna,22832,
cell-4122-0-44_S10__NODE_550_length_5061_cov_14.104475.fna,5037,
cell-4122-0-44_S10__NODE_551_length_5054_cov_15.786357.fna,5030,
cell-4122-0-44_S10__NODE_552_length_5049_cov_55.324189.fna,5025,
cell-4122-0-44_S10__NODE_553_length_5046_cov_22.535764.fna,5022,
cell-4122-0-44_S10__NODE_554_length_5043_cov_41.325782.fna,5019,
cell-4122-0-44_S10__NODE_555_length_5040_cov_60.534604.fna,5016,
cell-4122-0-44_S10__NODE_556_length_5039_cov_36.051164.fna,5015,
cell-4122-0-44_S10__NODE_557_length_5039_cov_9.672552.fna,5015,
cell-4122-0-44_S10__NODE_558_length_5019_cov_42.990330.fna,4995,
cell-4122-0-44_S10__NODE_559_length_5012_cov_18.422433.fna,4988,
cell-4122-0-44_S10__NODE_55_length_21619_cov_397.839687.fna,21583,
cell-4122-0-44_S10__NODE_560_length_5003_cov_15.321948.fna,4979,
cell-4122-0-44_S10__NODE_561_length_5000_cov_69.308999.fna,4968,
cell-4122-0-44_S10__NODE_56_length_20926_cov_58.928705.fna,20902,
cell-4122-0-44_S10__NODE_57_length_20520_cov_984.915661.fna,20496,
cell-4122-0-44_S10__NODE_58_length_20514_cov_15.229581.fna,20490,
cell-4122-0-44_S10__NODE_59_length_20382_cov_673.933537.fna,20353,
cell-4122-0-44_S10__NODE_5_length_177758_cov_542.156812.fna,176963,11:3,26:7,
cell-4122-0-44_S10__NODE_60_length_19979_cov_14.987804.fna,19955,
cell-4122-0-44_S10__NODE_61_length_19914_cov_21.162949.fna,19890,
cell-4122-0-44_S10__NODE_62_length_19794_cov_40.969198.fna,19770,
cell-4122-0-44_S10__NODE_63_length_19337_cov_11.651800.fna,19313,
cell-4122-0-44_S10__NODE_64_length_18884_cov_90.680387.fna,18860,
cell-4122-0-44_S10__NODE_65_length_18724_cov_46.101398.fna,18700,
cell-4122-0-44_S10__NODE_66_length_18712_cov_40.598703.fna,18688,
cell-4122-0-44_S10__NODE_67_length_18506_cov_13.763753.fna,18482,
cell-4122-0-44_S10__NODE_68_length_18350_cov_12.917628.fna,18326,
cell-4122-0-44_S10__NODE_69_length_17866_cov_14.281118.fna,17842,
cell-4122-0-44_S10__NODE_6_length_143912_cov_589.700758.fna,143781,11:2,
cell-4122-0-44_S10__NODE_70_length_17603_cov_53.994073.fna,17579,
cell-4122-0-44_S10__NODE_71_length_17503_cov_39.291323.fna,17479,
cell-4122-0-44_S10__NODE_72_length_17429_cov_30.974445.fna,17387,
cell-4122-0-44_S10__NODE_73_length_17114_cov_13.333607.fna,17090,
cell-4122-0-44_S10__NODE_74_length_17102_cov_15.465419.fna,17078,
cell-4122-0-44_S10__NODE_75_length_16920_cov_19.067536.fna,16896,
cell-4122-0-44_S10__NODE_76_length_16878_cov_12.158414.fna,16854,
cell-4122-0-44_S10__NODE_77_length_16858_cov_11.905374.fna,16834,
cell-4122-0-44_S10__NODE_78_length_16710_cov_708.893425.fna,16685,
cell-4122-0-44_S10__NODE_79_length_16668_cov_29.446518.fna,16644,
cell-4122-0-44_S10__NODE_7_length_135821_cov_546.300237.fna,135406,
cell-4122-0-44_S10__NODE_80_length_16361_cov_1183.702012.fna,16337,
cell-4122-0-44_S10__NODE_81_length_16357_cov_46.276162.fna,16256,
cell-4122-0-44_S10__NODE_82_length_16245_cov_13.852934.fna,16221,
cell-4122-0-44_S10__NODE_83_length_16171_cov_71.877451.fna,16147,
cell-4122-0-44_S10__NODE_84_length_16168_cov_966.618817.fna,16141,
cell-4122-0-44_S10__NODE_85_length_15855_cov_57.819747.fna,15831,
cell-4122-0-44_S10__NODE_86_length_15629_cov_66.384808.fna,15605,
cell-4122-0-44_S10__NODE_87_length_15564_cov_16.607841.fna,15540,
cell-4122-0-44_S10__NODE_88_length_15526_cov_270.121841.fna,15471,
cell-4122-0-44_S10__NODE_89_length_15277_cov_411.056891.fna,15247,71:1,
cell-4122-0-44_S10__NODE_8_length_132317_cov_640.299580.fna,132252,
cell-4122-0-44_S10__NODE_90_length_15214_cov_43.094531.fna,15190,
cell-4122-0-44_S10__NODE_91_length_15197_cov_15.567626.fna,15148,
cell-4122-0-44_S10__NODE_92_length_15189_cov_45.314061.fna,15165,
cell-4122-0-44_S10__NODE_93_length_15126_cov_53.267467.fna,15102,
cell-4122-0-44_S10__NODE_94_length_15121_cov_43.750299.fna,15097,
cell-4122-0-44_S10__NODE_95_length_15084_cov_57.278462.fna,15060,
cell-4122-0-44_S10__NODE_96_length_15053_cov_15.445259.fna,15029,
cell-4122-0-44_S10__NODE_97_length_15004_cov_19.253729.fna,14980,
cell-4122-0-44_S10__NODE_98_length_14982_cov_692.056542.fna,14669,
cell-4122-0-44_S10__NODE_99_length_14953_cov_72.454826.fna,14929,
cell-4122-0-44_S10__NODE_9_length_101246_cov_573.773784.fna,101201,11:6,
cell-4125-0-22_S17__NODE_10_length_5528_cov_11.198611.fna,5504,
cell-4125-0-22_S17__NODE_11_length_5513_cov_18.680469.fna,5489,
cell-4125-0-22_S17__NODE_12_length_5383_cov_10.818318.fna,5359,
cell-4125-0-22_S17__NODE_13_length_5255_cov_5.680577.fna,5231,
cell-4125-0-22_S17__NODE_14_length_5137_cov_11.219599.fna,5113,
cell-4125-0-22_S17__NODE_15_length_5001_cov_11.137889.fna,4977,
cell-4125-0-22_S17__NODE_1_length_13610_cov_8.858945.fna,13586,
cell-4125-0-22_S17__NODE_2_length_7303_cov_16.391280.fna,7279,
cell-4125-0-22_S17__NODE_3_length_7190_cov_13.714646.fna,7166,
cell-4125-0-22_S17__NODE_4_length_7067_cov_13.359669.fna,7036,
cell-4125-0-22_S17__NODE_5_length_6701_cov_8.006470.fna,6677,
cell-4125-0-22_S17__NODE_6_length_6417_cov_16.966520.fna,6393,
cell-4125-0-22_S17__NODE_7_length_6167_cov_11.783868.fna,6143,
cell-4125-0-22_S17__NODE_8_length_5925_cov_12.072061.fna,5901,
cell-4125-0-22_S17__NODE_9_length_5905_cov_12.392650.fna,5881,
cell-4125-0-44_S16__NODE_100_length_10006_cov_6.524068.fna,9982,
cell-4125-0-44_S16__NODE_101_length_9944_cov_8.979270.fna,9920,
cell-4125-0-44_S16__NODE_102_length_9930_cov_7.824506.fna,9906,
cell-4125-0-44_S16__NODE_103_length_9924_cov_11.383119.fna,9900,
cell-4125-0-44_S16__NODE_104_length_9894_cov_7.913914.fna,9870,
cell-4125-0-44_S16__NODE_105_length_9885_cov_6.950763.fna,9861,
cell-4125-0-44_S16__NODE_106_length_9841_cov_6.751788.fna,9817,
cell-4125-0-44_S16__NODE_107_length_9798_cov_20.242123.fna,9774,
cell-4125-0-44_S16__NODE_108_length_9790_cov_5.757884.fna,9766,
cell-4125-0-44_S16__NODE_109_length_9749_cov_11.402311.fna,9725,
cell-4125-0-44_S16__NODE_10_length_20055_cov_10.214000.fna,20031,
cell-4125-0-44_S16__NODE_110_length_9733_cov_9.519116.fna,9709,
cell-4125-0-44_S16__NODE_111_length_9730_cov_7.581189.fna,9706,
cell-4125-0-44_S16__NODE_112_length_9702_cov_8.738572.fna,9678,
cell-4125-0-44_S16__NODE_113_length_9684_cov_25.434001.fna,9660,
cell-4125-0-44_S16__NODE_114_length_9645_cov_6.735871.fna,9621,
cell-4125-0-44_S16__NODE_115_length_9639_cov_9.823560.fna,9615,
cell-4125-0-44_S16__NODE_116_length_9579_cov_8.292524.fna,9555,
cell-4125-0-44_S16__NODE_117_length_9509_cov_8.332663.fna,9485,
cell-4125-0-44_S16__NODE_118_length_9471_cov_8.230140.fna,9447,
cell-4125-0-44_S16__NODE_119_length_9399_cov_18.974422.fna,9344,
cell-4125-0-44_S16__NODE_11_length_19781_cov_10.160043.fna,19757,
cell-4125-0-44_S16__NODE_120_length_9373_cov_10.025005.fna,9349,
cell-4125-0-44_S16__NODE_121_length_9372_cov_8.323709.fna,9348,
cell-4125-0-44_S16__NODE_122_length_9354_cov_7.113883.fna,9323,
cell-4125-0-44_S16__NODE_123_length_9347_cov_11.586418.fna,9323,
cell-4125-0-44_S16__NODE_124_length_9330_cov_9.045283.fna,9306,
cell-4125-0-44_S16__NODE_125_length_9328_cov_6.975952.fna,9304,
cell-4125-0-44_S16__NODE_126_length_9256_cov_6.996522.fna,9232,
cell-4125-0-44_S16__NODE_127_length_9207_cov_7.383960.fna,9183,
cell-4125-0-44_S16__NODE_128_length_9189_cov_6.589774.fna,9165,
cell-4125-0-44_S16__NODE_129_length_9167_cov_6.071005.fna,9143,11:11,
cell-4125-0-44_S16__NODE_12_length_19611_cov_10.395071.fna,19587,
cell-4125-0-44_S16__NODE_130_length_9146_cov_7.283357.fna,9122,
cell-4125-0-44_S16__NODE_131_length_9130_cov_9.633719.fna,9106,
cell-4125-0-44_S16__NODE_132_length_9106_cov_7.671749.fna,9082,
cell-4125-0-44_S16__NODE_133_length_9103_cov_9.300508.fna,9079,11:5,
cell-4125-0-44_S16__NODE_134_length_9090_cov_7.633094.fna,9066,
cell-4125-0-44_S16__NODE_135_length_9057_cov_8.402799.fna,9028,
cell-4125-0-44_S16__NODE_136_length_9028_cov_8.135629.fna,9004,
cell-4125-0-44_S16__NODE_137_length_9005_cov_12.724804.fna,8981,
cell-4125-0-44_S16__NODE_138_length_8995_cov_5.577629.fna,8971,
cell-4125-0-44_S16__NODE_139_length_8994_cov_5.395122.fna,8970,
cell-4125-0-44_S16__NODE_13_length_19476_cov_11.304928.fna,19452,11:96,28:25,48:7,
cell-4125-0-44_S16__NODE_140_length_8983_cov_6.903786.fna,8959,
cell-4125-0-44_S16__NODE_141_length_8890_cov_10.083418.fna,8866,
cell-4125-0-44_S16__NODE_142_length_8853_cov_9.169357.fna,8829,
cell-4125-0-44_S16__NODE_143_length_8849_cov_6.438708.fna,8825,
cell-4125-0-44_S16__NODE_144_length_8841_cov_11.443660.fna,8817,
cell-4125-0-44_S16__NODE_145_length_8790_cov_9.631368.fna,8766,
cell-4125-0-44_S16__NODE_146_length_8724_cov_10.831238.fna,8700,
cell-4125-0-44_S16__NODE_147_length_8723_cov_8.634864.fna,8699,
cell-4125-0-44_S16__NODE_148_length_8674_cov_5.875740.fna,8650,
cell-4125-0-44_S16__NODE_149_length_8667_cov_7.580121.fna,8643,
cell-4125-0-44_S16__NODE_14_length_19160_cov_7.187019.fna,19136,
cell-4125-0-44_S16__NODE_150_length_8657_cov_6.481400.fna,8633,
cell-4125-0-44_S16__NODE_151_length_8635_cov_9.939860.fna,8611,
cell-4125-0-44_S16__NODE_152_length_8624_cov_8.943634.fna,8600,
cell-4125-0-44_S16__NODE_153_length_8586_cov_4.725706.fna,8562,
cell-4125-0-44_S16__NODE_154_length_8552_cov_9.895846.fna,8514,
cell-4125-0-44_S16__NODE_155_length_8544_cov_6.193309.fna,8520,
cell-4125-0-44_S16__NODE_156_length_8520_cov_10.906202.fna,8496,
cell-4125-0-44_S16__NODE_157_length_8500_cov_8.357963.fna,8476,
cell-4125-0-44_S16__NODE_158_length_8463_cov_11.797217.fna,8439,
cell-4125-0-44_S16__NODE_159_length_8459_cov_6.232746.fna,8435,
cell-4125-0-44_S16__NODE_15_length_17922_cov_10.843063.fna,17898,
cell-4125-0-44_S16__NODE_160_length_8446_cov_9.211298.fna,8422,
cell-4125-0-44_S16__NODE_161_length_8442_cov_10.418863.fna,8418,
cell-4125-0-44_S16__NODE_162_length_8422_cov_9.930919.fna,8398,
cell-4125-0-44_S16__NODE_163_length_8422_cov_9.675511.fna,8398,
cell-4125-0-44_S16__NODE_164_length_8422_cov_9.242859.fna,8398,
cell-4125-0-44_S16__NODE_165_length_8413_cov_13.494975.fna,8389,
cell-4125-0-44_S16__NODE_166_length_8413_cov_11.152668.fna,8389,
cell-4125-0-44_S16__NODE_167_length_8412_cov_8.044633.fna,8381,
cell-4125-0-44_S16__NODE_168_length_8379_cov_6.688731.fna,8355,
cell-4125-0-44_S16__NODE_169_length_8377_cov_8.328286.fna,8353,
cell-4125-0-44_S16__NODE_16_length_17834_cov_10.423927.fna,17810,
cell-4125-0-44_S16__NODE_170_length_8375_cov_10.464063.fna,8351,
cell-4125-0-44_S16__NODE_171_length_8364_cov_4.867252.fna,8340,
cell-4125-0-44_S16__NODE_172_length_8345_cov_5.457419.fna,8321,
cell-4125-0-44_S16__NODE_173_length_8319_cov_8.376331.fna,8295,
cell-4125-0-44_S16__NODE_174_length_8275_cov_10.772384.fna,8251,
cell-4125-0-44_S16__NODE_175_length_8245_cov_5.781929.fna,8221,
cell-4125-0-44_S16__NODE_176_length_8218_cov_10.208869.fna,8194,
cell-4125-0-44_S16__NODE_177_length_8189_cov_9.556553.fna,8165,
cell-4125-0-44_S16__NODE_178_length_8178_cov_7.618737.fna,8154,
cell-4125-0-44_S16__NODE_179_length_8177_cov_11.949520.fna,8153,
cell-4125-0-44_S16__NODE_17_length_17201_cov_11.089059.fna,17177,
cell-4125-0-44_S16__NODE_180_length_8149_cov_5.351371.fna,8125,
cell-4125-0-44_S16__NODE_181_length_8125_cov_10.699133.fna,8101,
cell-4125-0-44_S16__NODE_182_length_8125_cov_6.969641.fna,8101,
cell-4125-0-44_S16__NODE_183_length_8123_cov_8.312469.fna,8099,
cell-4125-0-44_S16__NODE_184_length_8106_cov_9.414234.fna,8082,
cell-4125-0-44_S16__NODE_185_length_8092_cov_5.960682.fna,8068,
cell-4125-0-44_S16__NODE_186_length_8075_cov_6.244638.fna,8051,
cell-4125-0-44_S16__NODE_187_length_8051_cov_9.952851.fna,8027,
cell-4125-0-44_S16__NODE_188_length_8046_cov_7.042298.fna,8022,
cell-4125-0-44_S16__NODE_189_length_8043_cov_7.685528.fna,7998,
cell-4125-0-44_S16__NODE_18_length_17039_cov_10.518547.fna,17015,
cell-4125-0-44_S16__NODE_190_length_8034_cov_9.318962.fna,8010,
cell-4125-0-44_S16__NODE_191_length_8024_cov_33.434433.fna,7987,
cell-4125-0-44_S16__NODE_192_length_8014_cov_11.483855.fna,7990,
cell-4125-0-44_S16__NODE_193_length_8010_cov_10.267002.fna,7986,
cell-4125-0-44_S16__NODE_194_length_8000_cov_8.208055.fna,7976,
cell-4125-0-44_S16__NODE_195_length_7978_cov_10.971223.fna,7954,
cell-4125-0-44_S16__NODE_196_length_7975_cov_10.247222.fna,7951,
cell-4125-0-44_S16__NODE_197_length_7929_cov_7.255525.fna,7905,
cell-4125-0-44_S16__NODE_198_length_7922_cov_16.228295.fna,7898,
cell-4125-0-44_S16__NODE_199_length_7907_cov_10.834947.fna,7883,
cell-4125-0-44_S16__NODE_19_length_15780_cov_11.480064.fna,14864,
cell-4125-0-44_S16__NODE_1_length_28055_cov_10.234893.fna,28031,
cell-4125-0-44_S16__NODE_200_length_7839_cov_5.898253.fna,7815,
cell-4125-0-44_S16__NODE_201_length_7832_cov_8.210492.fna,7808,
cell-4125-0-44_S16__NODE_202_length_7789_cov_7.002715.fna,7765,
cell-4125-0-44_S16__NODE_203_length_7783_cov_6.833333.fna,7759,
cell-4125-0-44_S16__NODE_204_length_7775_cov_7.720855.fna,7742,
cell-4125-0-44_S16__NODE_205_length_7742_cov_7.233121.fna,7718,
cell-4125-0-44_S16__NODE_206_length_7726_cov_7.616478.fna,7702,
cell-4125-0-44_S16__NODE_207_length_7689_cov_11.680639.fna,7665,
cell-4125-0-44_S16__NODE_208_length_7661_cov_14.361820.fna,7637,
cell-4125-0-44_S16__NODE_209_length_7650_cov_10.305596.fna,7626,
cell-4125-0-44_S16__NODE_20_length_15740_cov_10.811922.fna,15716,
cell-4125-0-44_S16__NODE_210_length_7644_cov_5.973251.fna,7547,
cell-4125-0-44_S16__NODE_211_length_7626_cov_10.008982.fna,7602,
cell-4125-0-44_S16__NODE_212_length_7619_cov_5.987969.fna,7595,
cell-4125-0-44_S16__NODE_213_length_7608_cov_9.917251.fna,7584,
cell-4125-0-44_S16__NODE_214_length_7586_cov_8.323330.fna,7562,
cell-4125-0-44_S16__NODE_215_length_7580_cov_4.853289.fna,7556,
cell-4125-0-44_S16__NODE_216_length_7567_cov_10.147098.fna,7543,
cell-4125-0-44_S16__NODE_217_length_7566_cov_9.200373.fna,7542,
cell-4125-0-44_S16__NODE_218_length_7557_cov_6.858838.fna,7533,
cell-4125-0-44_S16__NODE_219_length_7547_cov_15.717432.fna,7523,
cell-4125-0-44_S16__NODE_21_length_15637_cov_11.047170.fna,15613,
cell-4125-0-44_S16__NODE_220_length_7541_cov_11.383382.fna,7517,
cell-4125-0-44_S16__NODE_221_length_7535_cov_9.358021.fna,7511,
cell-4125-0-44_S16__NODE_222_length_7522_cov_9.931030.fna,7498,
cell-4125-0-44_S16__NODE_223_length_7518_cov_7.428112.fna,7482,
cell-4125-0-44_S16__NODE_224_length_7488_cov_17.236782.fna,7464,
cell-4125-0-44_S16__NODE_225_length_7484_cov_5.771436.fna,7460,
cell-4125-0-44_S16__NODE_226_length_7482_cov_8.246398.fna,7453,
cell-4125-0-44_S16__NODE_227_length_7449_cov_6.719097.fna,7425,
cell-4125-0-44_S16__NODE_228_length_7432_cov_16.053951.fna,7408,
cell-4125-0-44_S16__NODE_229_length_7430_cov_5.064136.fna,7406,
cell-4125-0-44_S16__NODE_22_length_15116_cov_11.054113.fna,15089,
cell-4125-0-44_S16__NODE_230_length_7412_cov_6.091613.fna,7388,
cell-4125-0-44_S16__NODE_231_length_7380_cov_10.141160.fna,7356,
cell-4125-0-44_S16__NODE_232_length_7363_cov_7.049261.fna,7339,
cell-4125-0-44_S16__NODE_233_length_7343_cov_9.539929.fna,7281,
cell-4125-0-44_S16__NODE_234_length_7342_cov_11.860436.fna,7318,
cell-4125-0-44_S16__NODE_235_length_7333_cov_6.967161.fna,7309,
cell-4125-0-44_S16__NODE_236_length_7333_cov_6.919896.fna,7309,
cell-4125-0-44_S16__NODE_237_length_7324_cov_7.082267.fna,7300,
cell-4125-0-44_S16__NODE_238_length_7318_cov_6.151315.fna,7294,
cell-4125-0-44_S16__NODE_239_length_7313_cov_11.027556.fna,7289,
cell-4125-0-44_S16__NODE_23_length_14728_cov_26.167110.fna,14704,
cell-4125-0-44_S16__NODE_240_length_7309_cov_5.411635.fna,7285,
cell-4125-0-44_S16__NODE_241_length_7298_cov_11.037001.fna,7274,
cell-4125-0-44_S16__NODE_242_length_7297_cov_10.568075.fna,7273,
cell-4125-0-44_S16__NODE_243_length_7293_cov_7.218431.fna,7269,
cell-4125-0-44_S16__NODE_244_length_7267_cov_11.399750.fna,7243,
cell-4125-0-44_S16__NODE_245_length_7252_cov_9.623732.fna,7228,
cell-4125-0-44_S16__NODE_246_length_7250_cov_8.256845.fna,7226,
cell-4125-0-44_S16__NODE_247_length_7239_cov_5.446409.fna,7215,
cell-4125-0-44_S16__NODE_248_length_7222_cov_5.171620.fna,7198,
cell-4125-0-44_S16__NODE_249_length_7217_cov_6.935772.fna,7193,
cell-4125-0-44_S16__NODE_24_length_14606_cov_10.458594.fna,14582,
cell-4125-0-44_S16__NODE_250_length_7204_cov_10.076934.fna,7180,
cell-4125-0-44_S16__NODE_251_length_7201_cov_9.513434.fna,7177,
cell-4125-0-44_S16__NODE_252_length_7161_cov_10.082888.fna,7137,
cell-4125-0-44_S16__NODE_253_length_7151_cov_7.670378.fna,7083,
cell-4125-0-44_S16__NODE_254_length_7143_cov_7.233916.fna,7119,
cell-4125-0-44_S16__NODE_255_length_7129_cov_5.144614.fna,7105,
cell-4125-0-44_S16__NODE_256_length_7128_cov_5.784533.fna,7104,
cell-4125-0-44_S16__NODE_257_length_7110_cov_9.277534.fna,7086,
cell-4125-0-44_S16__NODE_258_length_7109_cov_10.418769.fna,7085,
cell-4125-0-44_S16__NODE_259_length_7108_cov_7.889125.fna,7083,
cell-4125-0-44_S16__NODE_25_length_14537_cov_14.780141.fna,14513,
cell-4125-0-44_S16__NODE_260_length_7108_cov_7.734723.fna,7084,
cell-4125-0-44_S16__NODE_261_length_7101_cov_6.205365.fna,7077,
cell-4125-0-44_S16__NODE_262_length_7094_cov_9.693991.fna,7070,
cell-4125-0-44_S16__NODE_263_length_7085_cov_5.609815.fna,7061,
cell-4125-0-44_S16__NODE_264_length_7085_cov_4.914225.fna,7061,
cell-4125-0-44_S16__NODE_265_length_7080_cov_11.655089.fna,7056,
cell-4125-0-44_S16__NODE_266_length_7078_cov_9.944326.fna,7039,
cell-4125-0-44_S16__NODE_267_length_7072_cov_8.417272.fna,7048,
cell-4125-0-44_S16__NODE_268_length_7068_cov_10.148866.fna,7044,
cell-4125-0-44_S16__NODE_269_length_7066_cov_9.821566.fna,7042,
cell-4125-0-44_S16__NODE_26_length_14536_cov_9.796975.fna,14512,
cell-4125-0-44_S16__NODE_270_length_7062_cov_5.345654.fna,7038,
cell-4125-0-44_S16__NODE_271_length_7052_cov_6.267400.fna,7028,
cell-4125-0-44_S16__NODE_272_length_7043_cov_5.598311.fna,7019,
cell-4125-0-44_S16__NODE_273_length_7042_cov_6.039788.fna,7018,
cell-4125-0-44_S16__NODE_274_length_7014_cov_9.037649.fna,6990,
cell-4125-0-44_S16__NODE_275_length_6995_cov_5.487896.fna,6971,26:20,
cell-4125-0-44_S16__NODE_276_length_6976_cov_8.926456.fna,6952,
cell-4125-0-44_S16__NODE_277_length_6976_cov_5.394307.fna,6952,
cell-4125-0-44_S16__NODE_278_length_6969_cov_8.287677.fna,6945,
cell-4125-0-44_S16__NODE_279_length_6966_cov_6.595862.fna,6942,
cell-4125-0-44_S16__NODE_27_length_14471_cov_10.552511.fna,14447,
cell-4125-0-44_S16__NODE_280_length_6937_cov_7.671752.fna,6913,
cell-4125-0-44_S16__NODE_281_length_6933_cov_5.265630.fna,6909,
cell-4125-0-44_S16__NODE_282_length_6930_cov_8.699055.fna,6906,
cell-4125-0-44_S16__NODE_283_length_6925_cov_8.940175.fna,6901,
cell-4125-0-44_S16__NODE_284_length_6907_cov_7.705779.fna,6883,
cell-4125-0-44_S16__NODE_285_length_6906_cov_11.792001.fna,6882,
cell-4125-0-44_S16__NODE_286_length_6901_cov_5.848817.fna,6877,
cell-4125-0-44_S16__NODE_287_length_6888_cov_11.105664.fna,6864,
cell-4125-0-44_S16__NODE_288_length_6885_cov_9.737775.fna,6861,
cell-4125-0-44_S16__NODE_289_length_6836_cov_6.084353.fna,6812,
cell-4125-0-44_S16__NODE_28_length_14396_cov_9.277317.fna,14372,
cell-4125-0-44_S16__NODE_290_length_6827_cov_10.336090.fna,6803,
cell-4125-0-44_S16__NODE_291_length_6800_cov_9.640474.fna,6776,
cell-4125-0-44_S16__NODE_292_length_6781_cov_15.220190.fna,6757,
cell-4125-0-44_S16__NODE_293_length_6766_cov_8.901058.fna,6742,
cell-4125-0-44_S16__NODE_294_length_6755_cov_6.421642.fna,6731,
cell-4125-0-44_S16__NODE_295_length_6753_cov_13.857719.fna,6729,
cell-4125-0-44_S16__NODE_296_length_6744_cov_7.106742.fna,6720,
cell-4125-0-44_S16__NODE_297_length_6743_cov_5.422847.fna,6719,
cell-4125-0-44_S16__NODE_298_length_6696_cov_7.363801.fna,6672,
cell-4125-0-44_S16__NODE_299_length_6682_cov_12.413913.fna,6658,
cell-4125-0-44_S16__NODE_29_length_14344_cov_8.461404.fna,14320,
cell-4125-0-44_S16__NODE_2_length_26278_cov_11.092285.fna,26254,
cell-4125-0-44_S16__NODE_300_length_6679_cov_8.703653.fna,6653,
cell-4125-0-44_S16__NODE_301_length_6677_cov_10.275899.fna,6653,
cell-4125-0-44_S16__NODE_302_length_6676_cov_5.576046.fna,6652,
cell-4125-0-44_S16__NODE_303_length_6670_cov_5.798186.fna,6646,
cell-4125-0-44_S16__NODE_304_length_6663_cov_12.523305.fna,6639,
cell-4125-0-44_S16__NODE_305_length_6660_cov_7.479939.fna,6636,
cell-4125-0-44_S16__NODE_306_length_6658_cov_4.272300.fna,6634,
cell-4125-0-44_S16__NODE_307_length_6629_cov_8.347581.fna,6605,
cell-4125-0-44_S16__NODE_308_length_6628_cov_7.467519.fna,6604,
cell-4125-0-44_S16__NODE_309_length_6626_cov_6.252473.fna,6602,
cell-4125-0-44_S16__NODE_30_length_14304_cov_10.366201.fna,14280,
cell-4125-0-44_S16__NODE_310_length_6618_cov_9.755752.fna,6594,
cell-4125-0-44_S16__NODE_311_length_6617_cov_9.959311.fna,6593,
cell-4125-0-44_S16__NODE_312_length_6612_cov_8.070154.fna,6583,
cell-4125-0-44_S16__NODE_313_length_6606_cov_9.028545.fna,6529,
cell-4125-0-44_S16__NODE_314_length_6594_cov_9.309986.fna,6569,
cell-4125-0-44_S16__NODE_315_length_6584_cov_4.731199.fna,6560,
cell-4125-0-44_S16__NODE_316_length_6574_cov_6.796748.fna,6550,
cell-4125-0-44_S16__NODE_317_length_6558_cov_11.194526.fna,6534,
cell-4125-0-44_S16__NODE_318_length_6548_cov_8.018481.fna,6524,
cell-4125-0-44_S16__NODE_319_length_6543_cov_8.119297.fna,6519,
cell-4125-0-44_S16__NODE_31_length_14279_cov_8.300197.fna,14248,
cell-4125-0-44_S16__NODE_320_length_6541_cov_10.986432.fna,6517,
cell-4125-0-44_S16__NODE_321_length_6531_cov_13.925263.fna,6507,
cell-4125-0-44_S16__NODE_322_length_6531_cov_5.873533.fna,6507,
cell-4125-0-44_S16__NODE_323_length_6527_cov_6.290173.fna,6503,
cell-4125-0-44_S16__NODE_324_length_6524_cov_7.300819.fna,6500,
cell-4125-0-44_S16__NODE_325_length_6523_cov_5.929499.fna,6499,
cell-4125-0-44_S16__NODE_326_length_6517_cov_7.392912.fna,6493,
cell-4125-0-44_S16__NODE_327_length_6517_cov_7.196998.fna,6493,
cell-4125-0-44_S16__NODE_328_length_6516_cov_8.973843.fna,6492,
cell-4125-0-44_S16__NODE_329_length_6495_cov_4.136801.fna,6419,
cell-4125-0-44_S16__NODE_32_length_14247_cov_10.468926.fna,14223,
cell-4125-0-44_S16__NODE_330_length_6494_cov_4.896102.fna,6470,
cell-4125-0-44_S16__NODE_331_length_6489_cov_9.031085.fna,6352,
cell-4125-0-44_S16__NODE_332_length_6481_cov_6.502490.fna,6457,
cell-4125-0-44_S16__NODE_333_length_6478_cov_6.341585.fna,6454,
cell-4125-0-44_S16__NODE_334_length_6469_cov_12.301372.fna,6445,
cell-4125-0-44_S16__NODE_335_length_6467_cov_9.912820.fna,6443,
cell-4125-0-44_S16__NODE_336_length_6456_cov_9.571161.fna,6432,
cell-4125-0-44_S16__NODE_337_length_6451_cov_10.931207.fna,6425,
cell-4125-0-44_S16__NODE_338_length_6451_cov_5.972483.fna,6427,
cell-4125-0-44_S16__NODE_339_length_6434_cov_8.702618.fna,6410,
cell-4125-0-44_S16__NODE_33_length_14104_cov_10.062994.fna,14080,
cell-4125-0-44_S16__NODE_340_length_6428_cov_5.705319.fna,6404,
cell-4125-0-44_S16__NODE_341_length_6425_cov_11.633595.fna,6319,
cell-4125-0-44_S16__NODE_342_length_6420_cov_9.823409.fna,6396,
cell-4125-0-44_S16__NODE_343_length_6411_cov_7.954059.fna,6387,
cell-4125-0-44_S16__NODE_344_length_6410_cov_10.637136.fna,6386,
cell-4125-0-44_S16__NODE_345_length_6385_cov_7.200316.fna,6230,
cell-4125-0-44_S16__NODE_346_length_6368_cov_9.655473.fna,6344,
cell-4125-0-44_S16__NODE_347_length_6361_cov_33.644941.fna,6306,
cell-4125-0-44_S16__NODE_348_length_6353_cov_11.196729.fna,6329,
cell-4125-0-44_S16__NODE_349_length_6349_cov_5.862409.fna,6325,
cell-4125-0-44_S16__NODE_34_length_13996_cov_10.299763.fna,13972,
cell-4125-0-44_S16__NODE_350_length_6348_cov_17.152392.fna,6324,
cell-4125-0-44_S16__NODE_351_length_6340_cov_8.043437.fna,6316,12:1,
cell-4125-0-44_S16__NODE_352_length_6337_cov_7.709647.fna,6313,
cell-4125-0-44_S16__NODE_353_length_6332_cov_204.931655.fna,6291,
cell-4125-0-44_S16__NODE_354_length_6331_cov_12.188177.fna,6307,
cell-4125-0-44_S16__NODE_355_length_6319_cov_4.797254.fna,6295,
cell-4125-0-44_S16__NODE_356_length_6318_cov_9.930544.fna,6294,
cell-4125-0-44_S16__NODE_357_length_6314_cov_8.118709.fna,6290,
cell-4125-0-44_S16__NODE_358_length_6308_cov_9.181993.fna,6284,
cell-4125-0-44_S16__NODE_359_length_6301_cov_9.417867.fna,6277,
cell-4125-0-44_S16__NODE_35_length_13972_cov_9.611626.fna,13948,
cell-4125-0-44_S16__NODE_360_length_6293_cov_9.129849.fna,6268,
cell-4125-0-44_S16__NODE_361_length_6279_cov_11.340135.fna,6255,
cell-4125-0-44_S16__NODE_362_length_6274_cov_8.934877.fna,6250,
cell-4125-0-44_S16__NODE_363_length_6268_cov_14.916948.fna,6244,
cell-4125-0-44_S16__NODE_364_length_6268_cov_5.963303.fna,6244,
cell-4125-0-44_S16__NODE_365_length_6266_cov_4.979230.fna,6242,
cell-4125-0-44_S16__NODE_366_length_6265_cov_7.026409.fna,6241,
cell-4125-0-44_S16__NODE_367_length_6264_cov_7.688678.fna,6240,
cell-4125-0-44_S16__NODE_368_length_6257_cov_11.767333.fna,6231,
cell-4125-0-44_S16__NODE_369_length_6256_cov_7.340106.fna,6232,
cell-4125-0-44_S16__NODE_36_length_13559_cov_12.248963.fna,13534,
cell-4125-0-44_S16__NODE_370_length_6253_cov_7.426428.fna,6229,
cell-4125-0-44_S16__NODE_371_length_6252_cov_8.822817.fna,6225,
cell-4125-0-44_S16__NODE_372_length_6250_cov_5.978692.fna,6226,
cell-4125-0-44_S16__NODE_373_length_6247_cov_6.749354.fna,6223,
cell-4125-0-44_S16__NODE_374_length_6242_cov_9.630677.fna,6218,
cell-4125-0-44_S16__NODE_375_length_6233_cov_6.761250.fna,6209,
cell-4125-0-44_S16__NODE_376_length_6231_cov_7.524288.fna,6207,
cell-4125-0-44_S16__NODE_377_length_6229_cov_8.936022.fna,6205,
cell-4125-0-44_S16__NODE_378_length_6202_cov_5.032048.fna,6178,
cell-4125-0-44_S16__NODE_379_length_6194_cov_8.315035.fna,6170,
cell-4125-0-44_S16__NODE_37_length_13526_cov_7.166357.fna,13502,
cell-4125-0-44_S16__NODE_380_length_6188_cov_4.843796.fna,6164,
cell-4125-0-44_S16__NODE_381_length_6185_cov_5.620881.fna,6161,
cell-4125-0-44_S16__NODE_382_length_6183_cov_7.185542.fna,6159,
cell-4125-0-44_S16__NODE_383_length_6182_cov_6.913498.fna,6158,
cell-4125-0-44_S16__NODE_384_length_6175_cov_7.133660.fna,6151,
cell-4125-0-44_S16__NODE_385_length_6172_cov_10.540461.fna,6148,
cell-4125-0-44_S16__NODE_386_length_6164_cov_6.142577.fna,6140,
cell-4125-0-44_S16__NODE_387_length_6161_cov_6.812643.fna,6137,
cell-4125-0-44_S16__NODE_388_length_6148_cov_9.471196.fna,6124,
cell-4125-0-44_S16__NODE_389_length_6136_cov_8.805295.fna,6112,
cell-4125-0-44_S16__NODE_38_length_13330_cov_8.752844.fna,13306,
cell-4125-0-44_S16__NODE_390_length_6135_cov_10.677303.fna,6111,
cell-4125-0-44_S16__NODE_391_length_6131_cov_8.893845.fna,6107,
cell-4125-0-44_S16__NODE_392_length_6115_cov_11.180198.fna,6091,
cell-4125-0-44_S16__NODE_393_length_6107_cov_9.131692.fna,6070,
cell-4125-0-44_S16__NODE_394_length_6098_cov_9.859507.fna,6074,
cell-4125-0-44_S16__NODE_395_length_6095_cov_5.858775.fna,6071,
cell-4125-0-44_S16__NODE_396_length_6086_cov_5.698723.fna,6057,
cell-4125-0-44_S16__NODE_397_length_6085_cov_10.398342.fna,6061,
cell-4125-0-44_S16__NODE_398_length_6079_cov_6.975432.fna,6053,
cell-4125-0-44_S16__NODE_399_length_6073_cov_10.217182.fna,6047,
cell-4125-0-44_S16__NODE_39_length_13195_cov_10.382192.fna,13171,
cell-4125-0-44_S16__NODE_3_length_24469_cov_10.203326.fna,24432,
cell-4125-0-44_S16__NODE_400_length_6056_cov_4.927012.fna,6032,
cell-4125-0-44_S16__NODE_401_length_6051_cov_5.804703.fna,6027,
cell-4125-0-44_S16__NODE_402_length_6043_cov_9.135438.fna,6019,76:62,
cell-4125-0-44_S16__NODE_403_length_6039_cov_7.482787.fna,6015,58:21,61:27,
cell-4125-0-44_S16__NODE_404_length_6031_cov_5.767905.fna,6007,
cell-4125-0-44_S16__NODE_405_length_6029_cov_14.047205.fna,6005,
cell-4125-0-44_S16__NODE_406_length_6025_cov_8.961809.fna,6001,
cell-4125-0-44_S16__NODE_407_length_6025_cov_5.908710.fna,6001,
cell-4125-0-44_S16__NODE_408_length_6024_cov_10.248115.fna,6000,
cell-4125-0-44_S16__NODE_409_length_6022_cov_6.554718.fna,5998,
cell-4125-0-44_S16__NODE_40_length_12954_cov_10.670129.fna,12928,93:2,
cell-4125-0-44_S16__NODE_410_length_6002_cov_5.880948.fna,5978,
cell-4125-0-44_S16__NODE_411_length_5998_cov_5.852095.fna,5974,
cell-4125-0-44_S16__NODE_412_length_5993_cov_9.487538.fna,5969,
cell-4125-0-44_S16__NODE_413_length_5993_cov_5.292018.fna,5969,
cell-4125-0-44_S16__NODE_414_length_5992_cov_5.961260.fna,5968,
cell-4125-0-44_S16__NODE_415_length_5990_cov_8.686773.fna,5966,
cell-4125-0-44_S16__NODE_416_length_5978_cov_10.427824.fna,5954,
cell-4125-0-44_S16__NODE_417_length_5978_cov_6.417356.fna,5954,
cell-4125-0-44_S16__NODE_418_length_5977_cov_11.933975.fna,5953,
cell-4125-0-44_S16__NODE_419_length_5974_cov_7.387397.fna,5950,
cell-4125-0-44_S16__NODE_41_length_12930_cov_7.914563.fna,12906,
cell-4125-0-44_S16__NODE_420_length_5973_cov_6.812268.fna,5949,
cell-4125-0-44_S16__NODE_421_length_5969_cov_5.515894.fna,5945,
cell-4125-0-44_S16__NODE_422_length_5958_cov_5.714891.fna,5934,
cell-4125-0-44_S16__NODE_423_length_5956_cov_6.851551.fna,5932,
cell-4125-0-44_S16__NODE_424_length_5930_cov_8.629617.fna,5906,
cell-4125-0-44_S16__NODE_425_length_5923_cov_6.036980.fna,5899,
cell-4125-0-44_S16__NODE_426_length_5911_cov_6.661885.fna,5887,
cell-4125-0-44_S16__NODE_427_length_5906_cov_9.507606.fna,5882,
cell-4125-0-44_S16__NODE_428_length_5903_cov_11.216142.fna,5879,
cell-4125-0-44_S16__NODE_429_length_5903_cov_11.173393.fna,5879,
cell-4125-0-44_S16__NODE_42_length_12836_cov_10.460762.fna,12812,
cell-4125-0-44_S16__NODE_430_length_5901_cov_6.615635.fna,5877,
cell-4125-0-44_S16__NODE_431_length_5900_cov_8.729170.fna,5876,
cell-4125-0-44_S16__NODE_432_length_5897_cov_5.770284.fna,5873,
cell-4125-0-44_S16__NODE_433_length_5896_cov_5.910803.fna,5872,
cell-4125-0-44_S16__NODE_434_length_5893_cov_6.116478.fna,5869,
cell-4125-0-44_S16__NODE_435_length_5893_cov_5.747688.fna,5869,
cell-4125-0-44_S16__NODE_436_length_5891_cov_6.046436.fna,5867,
cell-4125-0-44_S16__NODE_437_length_5890_cov_9.111054.fna,5866,
cell-4125-0-44_S16__NODE_438_length_5880_cov_8.852876.fna,5856,
cell-4125-0-44_S16__NODE_439_length_5879_cov_6.814560.fna,5855,
cell-4125-0-44_S16__NODE_43_length_12775_cov_10.476808.fna,12751,
cell-4125-0-44_S16__NODE_440_length_5877_cov_10.211439.fna,5842,
cell-4125-0-44_S16__NODE_441_length_5873_cov_6.494500.fna,5849,
cell-4125-0-44_S16__NODE_442_length_5869_cov_10.754214.fna,5845,
cell-4125-0-44_S16__NODE_443_length_5865_cov_11.213253.fna,5841,
cell-4125-0-44_S16__NODE_444_length_5856_cov_6.299086.fna,5832,
cell-4125-0-44_S16__NODE_445_length_5854_cov_11.509226.fna,5823,
cell-4125-0-44_S16__NODE_446_length_5852_cov_14.149215.fna,5828,
cell-4125-0-44_S16__NODE_447_length_5850_cov_10.803969.fna,5826,
cell-4125-0-44_S16__NODE_448_length_5846_cov_9.089795.fna,5822,
cell-4125-0-44_S16__NODE_449_length_5845_cov_5.614508.fna,5821,
cell-4125-0-44_S16__NODE_44_length_12724_cov_10.204989.fna,12700,
cell-4125-0-44_S16__NODE_450_length_5842_cov_11.885606.fna,5818,
cell-4125-0-44_S16__NODE_451_length_5841_cov_6.424646.fna,5817,
cell-4125-0-44_S16__NODE_452_length_5840_cov_4.760415.fna,5816,11:6,
cell-4125-0-44_S16__NODE_453_length_5828_cov_9.401005.fna,5804,
cell-4125-0-44_S16__NODE_454_length_5812_cov_10.475074.fna,5788,
cell-4125-0-44_S16__NODE_455_length_5810_cov_8.275413.fna,5786,
cell-4125-0-44_S16__NODE_456_length_5805_cov_8.682087.fna,5781,
cell-4125-0-44_S16__NODE_457_length_5805_cov_6.305913.fna,5781,
cell-4125-0-44_S16__NODE_458_length_5802_cov_6.905168.fna,5778,
cell-4125-0-44_S16__NODE_459_length_5788_cov_14.214373.fna,5764,
cell-4125-0-44_S16__NODE_45_length_12714_cov_9.676989.fna,12690,
cell-4125-0-44_S16__NODE_460_length_5784_cov_5.885669.fna,5760,
cell-4125-0-44_S16__NODE_461_length_5783_cov_21.039106.fna,5752,
cell-4125-0-44_S16__NODE_462_length_5780_cov_9.553013.fna,5756,
cell-4125-0-44_S16__NODE_463_length_5778_cov_6.803774.fna,5754,
cell-4125-0-44_S16__NODE_464_length_5766_cov_9.773595.fna,5742,
cell-4125-0-44_S16__NODE_465_length_5763_cov_7.845305.fna,5739,
cell-4125-0-44_S16__NODE_466_length_5762_cov_9.132469.fna,5738,
cell-4125-0-44_S16__NODE_467_length_5761_cov_7.282510.fna,5737,
cell-4125-0-44_S16__NODE_468_length_5751_cov_4.547928.fna,5727,
cell-4125-0-44_S16__NODE_469_length_5749_cov_11.253073.fna,5725,
cell-4125-0-44_S16__NODE_46_length_12512_cov_13.275508.fna,12488,
cell-4125-0-44_S16__NODE_470_length_5749_cov_6.319810.fna,5725,
cell-4125-0-44_S16__NODE_471_length_5732_cov_10.168223.fna,5708,
cell-4125-0-44_S16__NODE_472_length_5731_cov_4.451903.fna,5707,
cell-4125-0-44_S16__NODE_473_length_5726_cov_8.926292.fna,5702,
cell-4125-0-44_S16__NODE_474_length_5715_cov_10.650530.fna,5691,
cell-4125-0-44_S16__NODE_475_length_5701_cov_6.824478.fna,5677,
cell-4125-0-44_S16__NODE_476_length_5698_cov_9.225058.fna,5674,
cell-4125-0-44_S16__NODE_477_length_5697_cov_6.062389.fna,5673,
cell-4125-0-44_S16__NODE_478_length_5696_cov_6.844354.fna,5672,
cell-4125-0-44_S16__NODE_479_length_5696_cov_5.705903.fna,5672,
cell-4125-0-44_S16__NODE_47_length_12482_cov_10.247847.fna,12458,
cell-4125-0-44_S16__NODE_480_length_5691_cov_5.651526.fna,5667,
cell-4125-0-44_S16__NODE_481_length_5687_cov_5.255504.fna,5663,
cell-4125-0-44_S16__NODE_482_length_5686_cov_5.010833.fna,5662,
cell-4125-0-44_S16__NODE_483_length_5681_cov_5.170281.fna,5657,
cell-4125-0-44_S16__NODE_484_length_5677_cov_10.065101.fna,5653,
cell-4125-0-44_S16__NODE_485_length_5664_cov_10.034944.fna,5640,
cell-4125-0-44_S16__NODE_486_length_5662_cov_5.815231.fna,5638,
cell-4125-0-44_S16__NODE_487_length_5660_cov_9.466905.fna,5636,
cell-4125-0-44_S16__NODE_488_length_5650_cov_9.350492.fna,5626,
cell-4125-0-44_S16__NODE_489_length_5646_cov_16.257915.fna,5622,
cell-4125-0-44_S16__NODE_48_length_12420_cov_10.683623.fna,12396,
cell-4125-0-44_S16__NODE_490_length_5636_cov_6.294392.fna,5612,
cell-4125-0-44_S16__NODE_491_length_5620_cov_10.226774.fna,5596,
cell-4125-0-44_S16__NODE_492_length_5619_cov_5.832315.fna,5595,
cell-4125-0-44_S16__NODE_493_length_5614_cov_5.159741.fna,5590,
cell-4125-0-44_S16__NODE_494_length_5612_cov_3.737988.fna,5588,
cell-4125-0-44_S16__NODE_495_length_5610_cov_11.907831.fna,5586,
cell-4125-0-44_S16__NODE_496_length_5606_cov_71.590344.fna,5582,
cell-4125-0-44_S16__NODE_497_length_5589_cov_12.541019.fna,5534,
cell-4125-0-44_S16__NODE_498_length_5588_cov_10.340502.fna,5564,
cell-4125-0-44_S16__NODE_499_length_5584_cov_5.592150.fna,5560,
cell-4125-0-44_S16__NODE_49_length_12369_cov_11.278951.fna,12345,
cell-4125-0-44_S16__NODE_4_length_23405_cov_10.669593.fna,23379,
cell-4125-0-44_S16__NODE_500_length_5582_cov_7.535915.fna,5558,
cell-4125-0-44_S16__NODE_501_length_5546_cov_4.836278.fna,5522,
cell-4125-0-44_S16__NODE_502_length_5541_cov_5.864200.fna,5517,
cell-4125-0-44_S16__NODE_503_length_5538_cov_7.972643.fna,5514,
cell-4125-0-44_S16__NODE_504_length_5524_cov_6.715122.fna,5500,
cell-4125-0-44_S16__NODE_505_length_5523_cov_6.383504.fna,5499,
cell-4125-0-44_S16__NODE_506_length_5513_cov_10.147673.fna,5489,
cell-4125-0-44_S16__NODE_507_length_5509_cov_9.462963.fna,5485,
cell-4125-0-44_S16__NODE_508_length_5497_cov_6.080853.fna,5473,
cell-4125-0-44_S16__NODE_509_length_5494_cov_7.201140.fna,5470,
cell-4125-0-44_S16__NODE_50_length_12332_cov_10.744970.fna,12308,
cell-4125-0-44_S16__NODE_510_length_5493_cov_8.351968.fna,5459,
cell-4125-0-44_S16__NODE_511_length_5492_cov_5.852676.fna,5468,
cell-4125-0-44_S16__NODE_512_length_5488_cov_9.092766.fna,5451,
cell-4125-0-44_S16__NODE_513_length_5481_cov_7.646148.fna,5457,
cell-4125-0-44_S16__NODE_514_length_5479_cov_5.240229.fna,5455,
cell-4125-0-44_S16__NODE_515_length_5477_cov_5.270749.fna,5451,
cell-4125-0-44_S16__NODE_516_length_5475_cov_9.425461.fna,5451,
cell-4125-0-44_S16__NODE_517_length_5474_cov_11.011072.fna,5450,
cell-4125-0-44_S16__NODE_518_length_5472_cov_7.017168.fna,5448,
cell-4125-0-44_S16__NODE_519_length_5468_cov_9.387955.fna,5444,
cell-4125-0-44_S16__NODE_51_length_12209_cov_7.699029.fna,12185,
cell-4125-0-44_S16__NODE_520_length_5464_cov_6.779072.fna,5440,
cell-4125-0-44_S16__NODE_521_length_5463_cov_8.955436.fna,5439,
cell-4125-0-44_S16__NODE_522_length_5461_cov_6.487051.fna,5437,
cell-4125-0-44_S16__NODE_523_length_5460_cov_6.649399.fna,5436,
cell-4125-0-44_S16__NODE_524_length_5456_cov_5.410294.fna,5432,
cell-4125-0-44_S16__NODE_525_length_5455_cov_6.566481.fna,5431,
cell-4125-0-44_S16__NODE_526_length_5455_cov_4.810556.fna,5431,
cell-4125-0-44_S16__NODE_527_length_5450_cov_8.045042.fna,5426,
cell-4125-0-44_S16__NODE_528_length_5446_cov_7.112410.fna,5422,
cell-4125-0-44_S16__NODE_529_length_5445_cov_6.813173.fna,5421,
cell-4125-0-44_S16__NODE_52_length_12111_cov_11.597462.fna,12087,
cell-4125-0-44_S16__NODE_530_length_5437_cov_19.884430.fna,5413,
cell-4125-0-44_S16__NODE_531_length_5434_cov_6.436141.fna,5400,
cell-4125-0-44_S16__NODE_532_length_5428_cov_7.647683.fna,5393,
cell-4125-0-44_S16__NODE_533_length_5427_cov_7.057520.fna,5403,
cell-4125-0-44_S16__NODE_534_length_5420_cov_8.453495.fna,5396,
cell-4125-0-44_S16__NODE_535_length_5419_cov_8.070097.fna,5395,
cell-4125-0-44_S16__NODE_536_length_5417_cov_9.354718.fna,5389,
cell-4125-0-44_S16__NODE_537_length_5416_cov_7.954113.fna,5380,
cell-4125-0-44_S16__NODE_538_length_5415_cov_7.884701.fna,5391,
cell-4125-0-44_S16__NODE_539_length_5409_cov_10.648674.fna,5385,
cell-4125-0-44_S16__NODE_53_length_12055_cov_11.381917.fna,12031,
cell-4125-0-44_S16__NODE_540_length_5408_cov_13.540631.fna,5384,
cell-4125-0-44_S16__NODE_541_length_5402_cov_11.924631.fna,5378,
cell-4125-0-44_S16__NODE_542_length_5402_cov_7.079671.fna,5378,
cell-4125-0-44_S16__NODE_543_length_5392_cov_4.992693.fna,5357,
cell-4125-0-44_S16__NODE_544_length_5390_cov_9.333458.fna,5366,
cell-4125-0-44_S16__NODE_545_length_5380_cov_4.761690.fna,5356,
cell-4125-0-44_S16__NODE_546_length_5377_cov_8.274521.fna,5353,
cell-4125-0-44_S16__NODE_547_length_5374_cov_4.211694.fna,5350,
cell-4125-0-44_S16__NODE_548_length_5368_cov_11.453793.fna,5344,
cell-4125-0-44_S16__NODE_549_length_5368_cov_6.571805.fna,5344,
cell-4125-0-44_S16__NODE_54_length_12024_cov_10.572813.fna,12000,
cell-4125-0-44_S16__NODE_550_length_5368_cov_5.974967.fna,5330,
cell-4125-0-44_S16__NODE_551_length_5366_cov_5.214272.fna,5342,
cell-4125-0-44_S16__NODE_552_length_5360_cov_6.888030.fna,5336,
cell-4125-0-44_S16__NODE_553_length_5346_cov_6.987148.fna,5322,
cell-4125-0-44_S16__NODE_554_length_5342_cov_5.763004.fna,5316,
cell-4125-0-44_S16__NODE_555_length_5340_cov_8.844465.fna,5316,
cell-4125-0-44_S16__NODE_556_length_5338_cov_5.131175.fna,5314,
cell-4125-0-44_S16__NODE_557_length_5333_cov_7.069913.fna,5304,
cell-4125-0-44_S16__NODE_558_length_5328_cov_11.686327.fna,5304,
cell-4125-0-44_S16__NODE_559_length_5325_cov_5.505882.fna,5301,
cell-4125-0-44_S16__NODE_55_length_12002_cov_10.790324.fna,11978,
cell-4125-0-44_S16__NODE_560_length_5323_cov_9.930524.fna,5299,
cell-4125-0-44_S16__NODE_561_length_5323_cov_5.108580.fna,5299,
cell-4125-0-44_S16__NODE_562_length_5319_cov_10.484233.fna,5295,
cell-4125-0-44_S16__NODE_563_length_5318_cov_7.272848.fna,5294,
cell-4125-0-44_S16__NODE_564_length_5317_cov_5.980236.fna,5293,
cell-4125-0-44_S16__NODE_565_length_5317_cov_5.271950.fna,5293,
cell-4125-0-44_S16__NODE_566_length_5314_cov_5.949990.fna,5290,
cell-4125-0-44_S16__NODE_567_length_5309_cov_11.190331.fna,5285,
cell-4125-0-44_S16__NODE_568_length_5309_cov_6.066235.fna,5285,
cell-4125-0-44_S16__NODE_569_length_5304_cov_10.958278.fna,5280,
cell-4125-0-44_S16__NODE_56_length_11902_cov_10.714949.fna,11878,
cell-4125-0-44_S16__NODE_570_length_5303_cov_7.654535.fna,5279,
cell-4125-0-44_S16__NODE_571_length_5302_cov_5.655613.fna,5278,
cell-4125-0-44_S16__NODE_572_length_5301_cov_7.406786.fna,5275,
cell-4125-0-44_S16__NODE_573_length_5300_cov_6.588561.fna,5276,
cell-4125-0-44_S16__NODE_574_length_5298_cov_8.453557.fna,5274,
cell-4125-0-44_S16__NODE_575_length_5294_cov_11.275816.fna,5270,
cell-4125-0-44_S16__NODE_576_length_5292_cov_7.115142.fna,5268,
cell-4125-0-44_S16__NODE_577_length_5286_cov_10.076658.fna,5262,
cell-4125-0-44_S16__NODE_578_length_5283_cov_6.011668.fna,5259,
cell-4125-0-44_S16__NODE_579_length_5273_cov_7.700268.fna,5249,
cell-4125-0-44_S16__NODE_57_length_11814_cov_11.838167.fna,11790,
cell-4125-0-44_S16__NODE_580_length_5270_cov_8.686481.fna,5246,
cell-4125-0-44_S16__NODE_581_length_5269_cov_7.937284.fna,5245,
cell-4125-0-44_S16__NODE_582_length_5262_cov_8.980795.fna,5238,
cell-4125-0-44_S16__NODE_583_length_5260_cov_6.712584.fna,5236,
cell-4125-0-44_S16__NODE_584_length_5257_cov_9.134564.fna,5233,
cell-4125-0-44_S16__NODE_585_length_5251_cov_6.921671.fna,5227,
cell-4125-0-44_S16__NODE_586_length_5249_cov_5.356758.fna,5225,
cell-4125-0-44_S16__NODE_587_length_5246_cov_7.935851.fna,5222,
cell-4125-0-44_S16__NODE_588_length_5244_cov_4.535941.fna,5220,
cell-4125-0-44_S16__NODE_589_length_5242_cov_6.112204.fna,5218,
cell-4125-0-44_S16__NODE_58_length_11668_cov_10.126238.fna,11644,
cell-4125-0-44_S16__NODE_590_length_5239_cov_5.707755.fna,5215,
cell-4125-0-44_S16__NODE_591_length_5217_cov_4.992251.fna,5193,
cell-4125-0-44_S16__NODE_592_length_5214_cov_4.941268.fna,5190,
cell-4125-0-44_S16__NODE_593_length_5213_cov_24.524622.fna,5183,
cell-4125-0-44_S16__NODE_594_length_5212_cov_4.698856.fna,5188,
cell-4125-0-44_S16__NODE_595_length_5210_cov_8.117168.fna,5186,
cell-4125-0-44_S16__NODE_596_length_5209_cov_5.458091.fna,5178,
cell-4125-0-44_S16__NODE_597_length_5205_cov_9.874369.fna,5181,
cell-4125-0-44_S16__NODE_598_length_5194_cov_7.828955.fna,5170,
cell-4125-0-44_S16__NODE_599_length_5185_cov_9.168421.fna,5161,
cell-4125-0-44_S16__NODE_59_length_11626_cov_9.126178.fna,11602,7:1,
cell-4125-0-44_S16__NODE_5_length_22021_cov_10.474779.fna,21997,
cell-4125-0-44_S16__NODE_600_length_5178_cov_5.902401.fna,5154,
cell-4125-0-44_S16__NODE_601_length_5177_cov_7.055838.fna,5153,
cell-4125-0-44_S16__NODE_602_length_5175_cov_4.362305.fna,5151,
cell-4125-0-44_S16__NODE_603_length_5162_cov_5.965146.fna,5121,
cell-4125-0-44_S16__NODE_604_length_5161_cov_10.055033.fna,5137,
cell-4125-0-44_S16__NODE_605_length_5160_cov_7.893634.fna,5136,
cell-4125-0-44_S16__NODE_606_length_5158_cov_9.070155.fna,5134,
cell-4125-0-44_S16__NODE_607_length_5156_cov_10.727896.fna,5132,
cell-4125-0-44_S16__NODE_608_length_5151_cov_5.017465.fna,5127,
cell-4125-0-44_S16__NODE_609_length_5148_cov_9.417828.fna,5122,
cell-4125-0-44_S16__NODE_60_length_11621_cov_10.877053.fna,11597,
cell-4125-0-44_S16__NODE_610_length_5148_cov_4.052425.fna,5124,
cell-4125-0-44_S16__NODE_611_length_5135_cov_6.012205.fna,5111,
cell-4125-0-44_S16__NODE_612_length_5130_cov_7.909951.fna,5106,
cell-4125-0-44_S16__NODE_613_length_5127_cov_8.053628.fna,5103,
cell-4125-0-44_S16__NODE_614_length_5127_cov_5.189274.fna,5103,
cell-4125-0-44_S16__NODE_615_length_5125_cov_10.881065.fna,5101,
cell-4125-0-44_S16__NODE_616_length_5125_cov_7.821696.fna,5101,
cell-4125-0-44_S16__NODE_617_length_5118_cov_5.035355.fna,5094,
cell-4125-0-44_S16__NODE_618_length_5118_cov_4.969386.fna,5094,
cell-4125-0-44_S16__NODE_619_length_5117_cov_5.582181.fna,5093,
cell-4125-0-44_S16__NODE_61_length_11550_cov_10.186429.fna,11524,
cell-4125-0-44_S16__NODE_620_length_5110_cov_7.404748.fna,5086,
cell-4125-0-44_S16__NODE_621_length_5105_cov_5.614257.fna,5081,
cell-4125-0-44_S16__NODE_622_length_5104_cov_8.807487.fna,5080,
cell-4125-0-44_S16__NODE_623_length_5104_cov_6.500891.fna,5080,
cell-4125-0-44_S16__NODE_624_length_5103_cov_7.362322.fna,5079,
cell-4125-0-44_S16__NODE_625_length_5094_cov_15.208375.fna,5070,
cell-4125-0-44_S16__NODE_626_length_5091_cov_5.291898.fna,5067,
cell-4125-0-44_S16__NODE_627_length_5088_cov_11.736141.fna,5064,
cell-4125-0-44_S16__NODE_628_length_5086_cov_17.622341.fna,5062,
cell-4125-0-44_S16__NODE_629_length_5083_cov_9.543954.fna,5059,
cell-4125-0-44_S16__NODE_62_length_11518_cov_10.306726.fna,11494,
cell-4125-0-44_S16__NODE_630_length_5083_cov_6.807478.fna,5059,
cell-4125-0-44_S16__NODE_631_length_5080_cov_5.528159.fna,5056,
cell-4125-0-44_S16__NODE_632_length_5073_cov_6.117178.fna,5049,
cell-4125-0-44_S16__NODE_633_length_5065_cov_7.514770.fna,5041,
cell-4125-0-44_S16__NODE_634_length_5063_cov_5.461861.fna,5039,
cell-4125-0-44_S16__NODE_635_length_5059_cov_7.187650.fna,5035,
cell-4125-0-44_S16__NODE_636_length_5058_cov_14.010594.fna,5034,
cell-4125-0-44_S16__NODE_637_length_5058_cov_10.564261.fna,5034,
cell-4125-0-44_S16__NODE_638_length_5054_cov_7.968994.fna,5030,
cell-4125-0-44_S16__NODE_639_length_5052_cov_7.897939.fna,5028,
cell-4125-0-44_S16__NODE_63_length_11485_cov_9.392476.fna,11460,
cell-4125-0-44_S16__NODE_640_length_5050_cov_9.955956.fna,5025,
cell-4125-0-44_S16__NODE_641_length_5047_cov_8.520433.fna,5023,
cell-4125-0-44_S16__NODE_642_length_5047_cov_7.571715.fna,5023,
cell-4125-0-44_S16__NODE_643_length_5047_cov_5.329527.fna,5023,
cell-4125-0-44_S16__NODE_644_length_5043_cov_4.230152.fna,5019,
cell-4125-0-44_S16__NODE_645_length_5041_cov_9.597673.fna,5017,93:2,
cell-4125-0-44_S16__NODE_646_length_5040_cov_5.349047.fna,5016,
cell-4125-0-44_S16__NODE_647_length_5038_cov_8.933373.fna,5014,
cell-4125-0-44_S16__NODE_648_length_5029_cov_8.253719.fna,5005,
cell-4125-0-44_S16__NODE_649_length_5029_cov_5.334741.fna,5005,
cell-4125-0-44_S16__NODE_64_length_11406_cov_9.289226.fna,11382,
cell-4125-0-44_S16__NODE_650_length_5028_cov_5.855620.fna,5004,
cell-4125-0-44_S16__NODE_651_length_5020_cov_8.262638.fna,4996,
cell-4125-0-44_S16__NODE_652_length_5020_cov_6.025378.fna,4996,
cell-4125-0-44_S16__NODE_653_length_5019_cov_8.019541.fna,4995,
cell-4125-0-44_S16__NODE_654_length_5014_cov_5.695301.fna,4990,
cell-4125-0-44_S16__NODE_655_length_5006_cov_5.287619.fna,4982,
cell-4125-0-44_S16__NODE_656_length_5005_cov_6.341616.fna,4981,
cell-4125-0-44_S16__NODE_657_length_5002_cov_7.671922.fna,4978,
cell-4125-0-44_S16__NODE_658_length_5001_cov_9.583906.fna,4977,
cell-4125-0-44_S16__NODE_659_length_5001_cov_5.439749.fna,4977,
cell-4125-0-44_S16__NODE_65_length_11368_cov_10.360470.fna,11344,
cell-4125-0-44_S16__NODE_660_length_5000_cov_9.734075.fna,4976,
cell-4125-0-44_S16__NODE_661_length_5000_cov_4.553084.fna,4951,
cell-4125-0-44_S16__NODE_66_length_11348_cov_9.660675.fna,11324,
cell-4125-0-44_S16__NODE_67_length_11294_cov_6.655307.fna,11256,
cell-4125-0-44_S16__NODE_68_length_11262_cov_6.872847.fna,11238,
cell-4125-0-44_S16__NODE_69_length_11211_cov_11.574131.fna,11187,
cell-4125-0-44_S16__NODE_6_length_21106_cov_10.244501.fna,21082,
cell-4125-0-44_S16__NODE_70_length_11162_cov_11.907086.fna,11138,
cell-4125-0-44_S16__NODE_71_length_11122_cov_8.834734.fna,11098,
cell-4125-0-44_S16__NODE_72_length_10890_cov_10.690540.fna,10866,
cell-4125-0-44_S16__NODE_73_length_10888_cov_9.373673.fna,10864,
cell-4125-0-44_S16__NODE_74_length_10858_cov_9.181894.fna,10834,
cell-4125-0-44_S16__NODE_75_length_10831_cov_9.987101.fna,10807,
cell-4125-0-44_S16__NODE_76_length_10785_cov_12.444175.fna,10759,
cell-4125-0-44_S16__NODE_77_length_10753_cov_14.616844.fna,10729,
cell-4125-0-44_S16__NODE_78_length_10752_cov_7.782649.fna,10728,
cell-4125-0-44_S16__NODE_79_length_10742_cov_10.138954.fna,10718,
cell-4125-0-44_S16__NODE_7_length_20973_cov_10.467779.fna,20946,
cell-4125-0-44_S16__NODE_80_length_10707_cov_7.134059.fna,10683,
cell-4125-0-44_S16__NODE_81_length_10693_cov_7.986840.fna,10669,
cell-4125-0-44_S16__NODE_82_length_10687_cov_9.055963.fna,10663,86:31,
cell-4125-0-44_S16__NODE_83_length_10673_cov_7.815125.fna,10649,
cell-4125-0-44_S16__NODE_84_length_10646_cov_7.061184.fna,10622,
cell-4125-0-44_S16__NODE_85_length_10556_cov_9.191125.fna,10532,
cell-4125-0-44_S16__NODE_86_length_10509_cov_11.066099.fna,10485,
cell-4125-0-44_S16__NODE_87_length_10425_cov_9.809740.fna,10401,
cell-4125-0-44_S16__NODE_88_length_10375_cov_12.031783.fna,10351,
cell-4125-0-44_S16__NODE_89_length_10362_cov_7.833802.fna,10338,
cell-4125-0-44_S16__NODE_8_length_20609_cov_9.431643.fna,20585,
cell-4125-0-44_S16__NODE_90_length_10352_cov_6.615616.fna,10328,
cell-4125-0-44_S16__NODE_91_length_10219_cov_11.156828.fna,10195,
cell-4125-0-44_S16__NODE_92_length_10214_cov_9.815139.fna,10190,
cell-4125-0-44_S16__NODE_93_length_10167_cov_5.869264.fna,10143,
cell-4125-0-44_S16__NODE_94_length_10140_cov_6.460387.fna,10116,
cell-4125-0-44_S16__NODE_95_length_10095_cov_6.980478.fna,10071,3:8,
cell-4125-0-44_S16__NODE_96_length_10081_cov_10.445242.fna,10057,
cell-4125-0-44_S16__NODE_97_length_10061_cov_7.182990.fna,10018,57:1,
cell-4125-0-44_S16__NODE_98_length_10042_cov_6.913287.fna,10018,
cell-4125-0-44_S16__NODE_99_length_10008_cov_10.019090.fna,9984,
cell-4125-0-44_S16__NODE_9_length_20565_cov_11.052365.fna,20541,
