sample	candidate_id	decision	reason	vs_score	vs_hallmark	checkv_quality_before_trimming	completeness_before_trimming	completeness_method	viral_genes_before_trimming	host_genes_before_trimming	checkv_warnings	input_length	retained_length	output_regions	checkv_trimmed
MV-4122_S12	NODE_1_length_347332_cov_162.618440||0_partial	strict_supported	VS_support_and_CheckV_viral_gene	0.953	9	Complete	100.0	Provirus (medium-confidence)	16	5		51316	39529	1	Yes
MV-4122_S12	NODE_5_length_250913_cov_121.761750||0_partial	review	CheckV_warning_requires_review	0.920	9	Low-quality	30.74	AAI-based (medium-confidence)	13	12	low-confidence Provirus	35066	15335	1	Yes
MV-4122_S12	NODE_26_length_151132_cov_95.491233||0_partial	strict_supported	VS_support_and_CheckV_viral_gene	0.933	6	Low-quality	20.47	HMM-based (lower-bound)	13	12		26794	14079	1	Yes
MV-4122_S12	NODE_37_length_131343_cov_196.227919||0_partial	review	CheckV_warning_requires_review	0.973	5	Medium-quality	63.24	HMM-based (lower-bound)	18	14	low-confidence Provirus	58833	43364	1	Yes
MV-4122_S12	NODE_74_length_92715_cov_81.746903||0_partial	strict_supported	VS_support_and_CheckV_viral_gene	0.993	1	Low-quality	5.87	HMM-based (lower-bound)	1	0		7593	7593	1	No
MV-4122_S12	NODE_79_length_88798_cov_36.475621||0_partial	strict_supported	VS_support_and_CheckV_viral_gene	0.947	8	High-quality	100.0	AAI-based (high-confidence)	20	16		63092	43643	1	Yes
MV-4122_S12	NODE_271_length_41564_cov_9.960804||0_partial	strict_supported	VS_support_and_CheckV_viral_gene	0.953	1	Low-quality	12.94	HMM-based (lower-bound)	1	1		8069	8069	1	No
MV-4122_S12	NODE_305_length_38149_cov_45.168215||0_partial	strict_supported	VS_support_and_CheckV_viral_gene	0.907	2	Low-quality	13.13	HMM-based (lower-bound)	2	4		16292	8169	1	Yes
MV-4122_S12	NODE_846_length_16143_cov_28.500746||0_partial	review	no_CheckV_viral_genes;insufficient_support	0.947	1	Not-determined	NA	NA	0	0	no viral genes detected	13543	13543	1	No
MV-4122_S12	NODE_223_length_47124_cov_249.707345||full	review	CheckV_warning_requires_review	0.967	9	Medium-quality	51.76	HMM-based (lower-bound)	21	6	low-confidence Provirus	47124	38829	1	Yes
MV-4122_S12	NODE_264_length_42130_cov_34.003636||full	strict_supported	VS_support_and_CheckV_viral_gene	0.993	9	High-quality	95.77	AAI-based (high-confidence)	25	0		42130	42130	1	No
MV-4122_S12	NODE_277_length_40752_cov_24.280438||full	strict_supported	VS_support_and_CheckV_viral_gene	1.000	5	Medium-quality	85.56	AAI-based (medium-confidence)	7	0		40752	40752	1	No
MV-4122_S12	NODE_400_length_30910_cov_29.638243||full	strict_supported	VS_support_and_CheckV_viral_gene	0.993	17	Medium-quality	72.01	AAI-based (medium-confidence)	24	5		30910	25184	1	Yes
MV-4122_S12	NODE_467_length_27200_cov_22.006705||full	strict_supported	VS_support_and_CheckV_viral_gene	1.000	5	Medium-quality	67.08	AAI-based (medium-confidence)	5	0		27200	27200	1	No
MV-4122_S12	NODE_483_length_26567_cov_28.514673||full	strict_supported	VS_support_and_CheckV_viral_gene	0.993	5	Low-quality	44.24	AAI-based (medium-confidence)	24	0		26567	26567	1	No
MV-4122_S12	NODE_500_length_25921_cov_24.009743||full	review	CheckV_warning_requires_review	0.880	6	Low-quality	23.81	AAI-based (medium-confidence)	9	9	low-confidence Provirus	25921	12909	1	Yes
MV-4122_S12	NODE_517_length_25277_cov_17.470859||full	review	VS_support_below_working_threshold	0.673	2	Low-quality	39.63	HMM-based (lower-bound)	1	2		25277	25277	1	No
MV-4122_S12	NODE_649_length_21189_cov_8.708053||full	review	VS_support_below_working_threshold	0.847	0	Low-quality	23.29	HMM-based (lower-bound)	7	0		21189	21189	1	No
MV-4122_S12	NODE_671_length_20481_cov_34.576569||full	review	VS_support_below_working_threshold	0.573	2	Low-quality	14.09	HMM-based (lower-bound)	2	7		20481	8817	1	Yes
MV-4122_S12	NODE_691_length_19802_cov_26.363245||full	strict_supported	VS_support_and_CheckV_viral_gene	0.980	2	Low-quality	25.82	HMM-based (lower-bound)	10	1		19802	19802	1	No
MV-4122_S12	NODE_716_length_19268_cov_30.342268||full	strict_supported	VS_support_and_CheckV_viral_gene	0.993	4	Low-quality	38.42	AAI-based (medium-confidence)	11	0		19268	19268	1	No
MV-4122_S12	NODE_756_length_18293_cov_12.390558||full	review	VS_support_below_working_threshold	0.633	0	Low-quality	31.05	AAI-based (medium-confidence)	1	0		18293	18293	1	No
MV-4122_S12	NODE_767_length_18031_cov_12.216455||full	exclude_strict	no_CheckV_viral_genes;host_genes_present	0.587	2	Not-determined	NA	NA	0	7	no viral genes detected	18031	18031	1	No
MV-4122_S12	NODE_824_length_16631_cov_10.014720||full	strict_supported	VS_support_and_CheckV_viral_gene	0.980	7	Low-quality	30.96	AAI-based (medium-confidence)	18	0		16631	16631	1	No
MV-4122_S12	NODE_827_length_16581_cov_8.773327||full	strict_supported	VS_support_and_CheckV_viral_gene	0.853	1	Low-quality	26.59	HMM-based (lower-bound)	1	4		16581	16581	1	No
MV-4122_S12	NODE_829_length_16471_cov_34.382493||full	strict_supported	VS_support_and_CheckV_viral_gene	0.980	7	Low-quality	31.18	AAI-based (medium-confidence)	9	0		16471	16471	1	No
MV-4122_S12	NODE_832_length_16437_cov_29.122207||full	strict_supported	VS_support_and_CheckV_viral_gene	0.993	2	Low-quality	26.92	AAI-based (medium-confidence)	11	0		16437	16437	1	No
MV-4122_S12	NODE_854_length_16097_cov_13.038025||full	strict_supported	VS_support_and_CheckV_viral_gene	0.773	6	Low-quality	26.6	AAI-based (medium-confidence)	9	2		16097	14391	1	Yes
MV-4122_S12	NODE_860_length_15987_cov_9.805423||full	strict_supported	VS_support_and_CheckV_viral_gene	0.967	5	Low-quality	39.87	AAI-based (medium-confidence)	9	0		15987	15987	1	No
MV-4122_S12	NODE_887_length_15483_cov_77.281436||full	strict_supported	VS_support_and_CheckV_viral_gene	0.980	6	Low-quality	33.15	AAI-based (medium-confidence)	9	0		15483	15483	1	No
MV-4122_S12	NODE_948_length_14551_cov_44.090508||full	exclude_strict	no_CheckV_viral_genes;host_genes_present	0.513	0	Not-determined	NA	NA	0	12	no viral genes detected	14551	14551	1	No
MV-4122_S12	NODE_986_length_14134_cov_12.305419||full	strict_supported	VS_support_and_CheckV_viral_gene	0.967	2	Low-quality	32.99	AAI-based (medium-confidence)	4	0		14134	14134	1	No
MV-4122_S12	NODE_1007_length_13868_cov_8.435170||full	strict_supported	VS_support_and_CheckV_viral_gene	0.993	2	Low-quality	18.9	HMM-based (lower-bound)	3	0		13868	13868	1	No
MV-4122_S12	NODE_1069_length_13171_cov_36.742986||full	review	VS_support_below_working_threshold	0.827	0	Low-quality	26.34	AAI-based (medium-confidence)	5	1		13171	13171	1	No
MV-4122_S12	NODE_1135_length_12332_cov_210.473568||full	exclude_strict	no_CheckV_viral_genes;host_genes_present	0.533	2	Not-determined	NA	NA	0	9	no viral genes detected	12332	12332	1	No
MV-4122_S12	NODE_1180_length_11918_cov_17.317036||full	exclude_strict	no_CheckV_viral_genes;host_genes_present	1.000	1	Not-determined	NA	NA	0	1	no viral genes detected	11918	11918	1	No
MV-4122_S12	NODE_1181_length_11914_cov_43.765916||full	strict_supported	VS_support_and_CheckV_viral_gene	0.920	1	Low-quality	13.62	HMM-based (lower-bound)	6	1		11914	11914	1	No
MV-4122_S12	NODE_1184_length_11850_cov_7.900212||full	review	VS_support_below_working_threshold	0.873	0	Low-quality	15.41	HMM-based (lower-bound)	1	0		11850	11850	1	No
MV-4122_S12	NODE_1198_length_11756_cov_28.947782||full	exclude_strict	no_CheckV_viral_genes;host_genes_present	0.633	0	Not-determined	NA	NA	0	1	no viral genes detected	11756	11756	1	No
MV-4122_S12	NODE_1214_length_11534_cov_8.995644||full	exclude_strict	no_CheckV_viral_genes;host_genes_present	0.533	0	Low-quality	11.68	AAI-based (medium-confidence)	0	4	no viral genes detected	11534	11534	1	No
MV-4122_S12	NODE_1217_length_11512_cov_15.107969||full	exclude_strict	no_CheckV_viral_genes;host_genes_present	0.647	0	Not-determined	NA	NA	0	6	no viral genes detected	11512	11512	1	No
MV-4122_S12	NODE_1230_length_11399_cov_30.884785||full	review	VS_support_below_working_threshold	0.680	0	Low-quality	15.95	HMM-based (lower-bound)	1	0		11399	11399	1	No
MV-4122_S12	NODE_1271_length_10994_cov_21.207332||full	exclude_strict	no_CheckV_viral_genes;host_genes_present	0.767	0	Not-determined	NA	NA	0	8	no viral genes detected	10994	10994	1	No
MV-4122_S12	NODE_1306_length_10734_cov_9.159940||full	strict_supported	VS_support_and_CheckV_viral_gene	1.000	4	Low-quality	20.31	AAI-based (medium-confidence)	9	0		10734	10734	1	No
MV-4122_S12	NODE_1429_length_9843_cov_7.395484||full	strict_supported	VS_support_and_CheckV_viral_gene	1.000	4	Low-quality	23.49	AAI-based (high-confidence)	4	0		9843	9843	1	No
MV-4122_S12	NODE_1453_length_9642_cov_7.815166||full	strict_supported	VS_support_and_CheckV_viral_gene	0.953	0	Low-quality	11.76	HMM-based (lower-bound)	4	0		9642	9642	1	No
MV-4122_S12	NODE_1457_length_9622_cov_13.420403||full	exclude_strict	no_CheckV_viral_genes;host_genes_present	0.567	0	Low-quality	6.56	AAI-based (high-confidence)	0	3	no viral genes detected	9622	9622	1	No
MV-4122_S12	NODE_1458_length_9606_cov_8.548948||full	strict_supported	VS_support_and_CheckV_viral_gene	0.987	1	Low-quality	23.52	AAI-based (medium-confidence)	1	0		9606	9606	1	No
MV-4122_S12	NODE_1466_length_9547_cov_26.682786||full	exclude_strict	no_CheckV_viral_genes;host_genes_present	0.540	0	Not-determined	NA	NA	0	6	no viral genes detected	9547	9547	1	No
MV-4122_S12	NODE_1485_length_9400_cov_9.174853||full	review	VS_support_below_working_threshold	0.740	0	Low-quality	7.94	AAI-based (medium-confidence)	1	1		9400	3923	1	Yes
MV-4122_S12	NODE_1503_length_9309_cov_13.417981||full	exclude_strict	no_CheckV_viral_genes;host_genes_present	0.627	0	Not-determined	NA	NA	0	4	no viral genes detected	9309	9309	1	No
MV-4122_S12	NODE_1510_length_9268_cov_28.739173||full	strict_supported	VS_support_and_CheckV_viral_gene	0.993	2	Low-quality	19.13	AAI-based (high-confidence)	5	0		9268	9268	1	No
MV-4122_S12	NODE_1539_length_9111_cov_29.734982||full	strict_supported	VS_support_and_CheckV_viral_gene	0.973	6	Low-quality	21.96	AAI-based (medium-confidence)	8	0		9111	9111	1	No
MV-4122_S12	NODE_1555_length_8997_cov_9.138224||full	review	VS_support_below_working_threshold	0.867	0	Low-quality	4.12	HMM-based (lower-bound)	3	0		8997	8997	1	No
MV-4122_S12	NODE_1593_length_8783_cov_26.674610||full	strict_supported	VS_support_and_CheckV_viral_gene	0.953	0	Low-quality	28.36	HMM-based (lower-bound)	3	0		8783	8783	1	No
MV-4122_S12	NODE_1606_length_8731_cov_14.883126||full	exclude_strict	no_CheckV_viral_genes;host_genes_present	0.547	0	Not-determined	NA	NA	0	1	no viral genes detected	8731	8731	1	No
MV-4122_S12	NODE_1641_length_8571_cov_12.647605||full	exclude_strict	no_CheckV_viral_genes;host_genes_present	0.680	0	Not-determined	NA	NA	0	1	no viral genes detected	8571	8571	1	No
MV-4122_S12	NODE_1644_length_8553_cov_6.314309||full	review	VS_support_below_working_threshold	0.580	0	Low-quality	10.57	HMM-based (lower-bound)	1	0		8553	8553	1	No
MV-4122_S12	NODE_1647_length_8539_cov_5.120344||full	strict_supported	VS_support_and_CheckV_viral_gene	0.940	0	Low-quality	17.66	AAI-based (medium-confidence)	5	0		8539	8539	1	No
MV-4122_S12	NODE_1663_length_8453_cov_7.082520||full	review	no_CheckV_viral_genes;insufficient_support	0.973	1	Not-determined	NA	NA	0	0	no viral genes detected	8453	8453	1	No
MV-4122_S12	NODE_1675_length_8379_cov_32.637914||full	exclude_strict	no_CheckV_viral_genes;host_genes_present	0.567	0	Low-quality	13.26	AAI-based (high-confidence)	0	3	no viral genes detected	8379	8379	1	No
MV-4122_S12	NODE_1764_length_7813_cov_31.790281||full	review	VS_support_below_working_threshold	0.813	0	Low-quality	19.53	HMM-based (lower-bound)	2	0		7813	7813	1	No
MV-4122_S12	NODE_1781_length_7727_cov_19.344760||full	strict_supported	CheckV_Complete_or_High_quality_exception	0.693	0	High-quality	100.0	AAI-based (medium-confidence)	2	0		7727	7727	1	No
MV-4122_S12	NODE_1813_length_7570_cov_8.540519||full	strict_supported	VS_support_and_CheckV_viral_gene	0.960	0	Low-quality	9.38	AAI-based (medium-confidence)	1	1		7570	7570	1	No
MV-4122_S12	NODE_1824_length_7482_cov_7.037700||full	exclude_strict	no_CheckV_viral_genes;host_genes_present	0.627	0	Low-quality	6.69	AAI-based (medium-confidence)	0	3	no viral genes detected	7482	7482	1	No
MV-4122_S12	NODE_1830_length_7457_cov_19.703864||full	strict_supported	VS_support_and_CheckV_viral_gene	0.860	1	Low-quality	5.89	HMM-based (lower-bound)	3	0		7457	7457	1	No
MV-4122_S12	NODE_1894_length_7144_cov_8.200592||full	review	no_CheckV_viral_genes;insufficient_support	0.973	0	Not-determined	NA	NA	0	0	no viral genes detected	7144	7144	1	No
MV-4122_S12	NODE_1928_length_7001_cov_18.047941||full	strict_supported	VS_support_and_CheckV_viral_gene	0.960	1	Low-quality	12.13	AAI-based (medium-confidence)	1	0		7001	7001	1	No
MV-4122_S12	NODE_2013_length_6650_cov_9.067627||full	review	no_CheckV_viral_genes;insufficient_support	0.920	1	Not-determined	NA	NA	0	0	no viral genes detected	6650	6650	1	No
MV-4122_S12	NODE_2021_length_6634_cov_15.820641||full	review	no_CheckV_viral_genes;insufficient_support	0.900	0	Not-determined	NA	NA	0	0	no viral genes detected	6634	6634	1	No
MV-4122_S12	NODE_2042_length_6502_cov_17.350396||full	review	no_CheckV_viral_genes;insufficient_support	0.780	0	Not-determined	NA	NA	0	0	no viral genes detected	6502	6502	1	No
MV-4122_S12	NODE_2068_length_6406_cov_5.925366||full	strict_supported	VS_support_and_CheckV_viral_gene	0.993	2	Low-quality	15.41	AAI-based (high-confidence)	4	0		6406	6406	1	No
MV-4122_S12	NODE_2075_length_6393_cov_48.959766||full	strict_supported	VS_support_and_CheckV_viral_gene	0.933	3	Low-quality	13.64	AAI-based (medium-confidence)	4	0		6393	6393	1	No
MV-4122_S12	NODE_2083_length_6366_cov_12.596419||full	exclude_strict	no_CheckV_viral_genes;host_genes_present	0.507	0	Not-determined	NA	NA	0	5	no viral genes detected	6366	6366	1	No
MV-4122_S12	NODE_2100_length_6307_cov_37.972169||full	exclude_strict	no_CheckV_viral_genes;host_genes_present	0.840	1	Not-determined	NA	NA	0	2	no viral genes detected	6307	6307	1	No
MV-4122_S12	NODE_2114_length_6246_cov_8.643999||full	strict_supported	VS_support_and_CheckV_viral_gene	0.993	3	Low-quality	12.77	AAI-based (high-confidence)	4	0		6246	6246	1	No
MV-4122_S12	NODE_2132_length_6183_cov_4.819191||full	strict_supported	VS_support_and_CheckV_viral_gene	0.960	0	Low-quality	11.53	HMM-based (lower-bound)	3	0		6183	6183	1	No
MV-4122_S12	NODE_2137_length_6165_cov_14.482160||full	exclude_strict	no_CheckV_viral_genes;host_genes_present	0.887	0	Not-determined	NA	NA	0	5	no viral genes detected	6165	6165	1	No
MV-4122_S12	NODE_2163_length_6100_cov_9.710174||full	strict_supported	VS_support_and_CheckV_viral_gene	0.940	2	Low-quality	12.63	AAI-based (high-confidence)	3	0		6100	6100	1	No
MV-4122_S12	NODE_2167_length_6092_cov_42.774557||full	strict_supported	VS_support_and_CheckV_viral_gene	1.000	1	Low-quality	6.04	HMM-based (lower-bound)	5	0		6092	6092	1	No
MV-4122_S12	NODE_2202_length_5967_cov_10.133627||full	strict_supported	VS_support_and_CheckV_viral_gene	0.987	1	Low-quality	12.54	HMM-based (lower-bound)	1	0		5967	5967	1	No
MV-4122_S12	NODE_2224_length_5886_cov_21.770880||full	strict_supported	VS_support_and_CheckV_viral_gene	0.987	1	Low-quality	3.96	HMM-based (lower-bound)	4	0		5886	5886	1	No
MV-4122_S12	NODE_2256_length_5800_cov_7.992341||full	strict_supported	VS_support_and_CheckV_viral_gene	0.987	1	Low-quality	12.18	HMM-based (lower-bound)	1	0		5800	5800	1	No
MV-4122_S12	NODE_2257_length_5797_cov_52.872518||full	exclude_strict	no_CheckV_viral_genes;host_genes_present	0.527	0	Not-determined	NA	NA	0	3	no viral genes detected	5797	5797	1	No
MV-4122_S12	NODE_2273_length_5760_cov_9.433304||full	strict_supported	VS_support_and_CheckV_viral_gene	1.000	2	Low-quality	6.5	HMM-based (lower-bound)	1	0		5760	5760	1	No
MV-4122_S12	NODE_2279_length_5750_cov_88.295874||full	review	VS_support_below_working_threshold	0.660	0	Low-quality	2.62	HMM-based (lower-bound)	1	0		5750	5750	1	No
MV-4122_S12	NODE_2294_length_5702_cov_10.309014||full	strict_supported	VS_support_and_CheckV_viral_gene	0.993	1	Low-quality	4.11	HMM-based (lower-bound)	2	0		5702	5702	1	No
MV-4122_S12	NODE_2308_length_5669_cov_7.828108||full	strict_supported	VS_support_and_CheckV_viral_gene	0.993	4	Low-quality	10.53	AAI-based (medium-confidence)	4	0		5669	5669	1	No
MV-4122_S12	NODE_2317_length_5652_cov_7.599250||full	strict_supported	VS_support_and_CheckV_viral_gene	0.913	0	Low-quality	11.13	AAI-based (medium-confidence)	1	0		5652	5652	1	No
MV-4122_S12	NODE_2338_length_5579_cov_36.306662||full	review	no_CheckV_viral_genes;insufficient_support	0.933	0	Low-quality	8.94	AAI-based (medium-confidence)	0	0	no viral genes detected	5579	5579	1	No
MV-4122_S12	NODE_2365_length_5494_cov_80.207575||full	exclude_strict	ribosomal_hit_in_candidate;no_CheckV_viral_genes;host_genes_present;no_VS_hallmark	0.580	0	Not-determined	NA	NA	0	4	no viral genes detected	5494	5494	1	No
MV-4122_S12	NODE_2392_length_5415_cov_20.102799||full	strict_supported	VS_support_and_CheckV_viral_gene	0.953	0	Low-quality	13.35	AAI-based (medium-confidence)	1	0		5415	5415	1	No
MV-4122_S12	NODE_2396_length_5403_cov_5.230180||full	strict_supported	VS_support_and_CheckV_viral_gene	0.967	1	Low-quality	11.3	AAI-based (medium-confidence)	3	0		5403	5403	1	No
MV-4122_S12	NODE_2426_length_5341_cov_4.953462||full	strict_supported	VS_support_and_CheckV_viral_gene	0.953	2	Low-quality	11.32	AAI-based (medium-confidence)	5	0		5341	5341	1	No
MV-4122_S12	NODE_2476_length_5235_cov_5.253668||full	strict_supported	VS_support_and_CheckV_viral_gene	1.000	1	Low-quality	9.43	AAI-based (medium-confidence)	2	0		5235	5235	1	No
MV-4122_S12	NODE_2485_length_5204_cov_11.535444||full	strict_supported	VS_support_and_CheckV_viral_gene	0.787	2	Low-quality	4.49	HMM-based (lower-bound)	2	0		5204	5204	1	No
MV-4122_S12	NODE_2491_length_5194_cov_4.531232||full	strict_supported	VS_support_and_CheckV_viral_gene	0.987	1	Low-quality	10.3	AAI-based (medium-confidence)	5	0		5194	5194	1	No
MV-4122_S12	NODE_2527_length_5100_cov_6.290585||full	exclude_strict	no_CheckV_viral_genes;host_genes_present	0.580	0	Not-determined	NA	NA	0	4	no viral genes detected	5100	5100	1	No
MV-4122_S12	NODE_2530_length_5093_cov_7.689559||full	strict_supported	VS_support_and_CheckV_viral_gene	0.960	5	Low-quality	7.18	HMM-based (lower-bound)	5	0		5093	5093	1	No
MV-4122_S12	NODE_2535_length_5079_cov_25.233479||full	exclude_strict	no_CheckV_viral_genes;host_genes_present	0.533	0	Not-determined	NA	NA	0	4	no viral genes detected	5079	5079	1	No
MV-4122_S12	NODE_2563_length_5029_cov_91.526940||full	exclude_strict	no_CheckV_viral_genes;host_genes_present	0.547	0	Not-determined	NA	NA	0	3	no viral genes detected	5029	5029	1	No
MV-4122_S12	NODE_2564_length_5029_cov_9.686570||full	exclude_strict	no_CheckV_viral_genes;host_genes_present	0.753	0	Not-determined	NA	NA	0	5	no viral genes detected	5029	5029	1	No
MV-4122_S12	NODE_2570_length_5026_cov_40.022933||full	review	no_CheckV_viral_genes;insufficient_support	0.647	0	Not-determined	NA	NA	0	0	no viral genes detected	5026	5026	1	No
MV-4122_S12	NODE_2587_length_4983_cov_8.588271||full	exclude_strict	no_CheckV_viral_genes;host_genes_present	0.713	0	Not-determined	NA	NA	0	5	no viral genes detected	4983	4983	1	No
MV-4122_S12	NODE_2620_length_4921_cov_30.692561||full	exclude_strict	no_CheckV_viral_genes;host_genes_present	0.580	0	Low-quality	1.63	AAI-based (medium-confidence)	0	5	no viral genes detected	4921	4921	1	No
MV-4122_S12	NODE_2654_length_4842_cov_9.212241||full	review	no_CheckV_viral_genes;insufficient_support	0.900	0	Not-determined	NA	NA	0	0	no viral genes detected	4842	4842	1	No
MV-4122_S12	NODE_2702_length_4730_cov_16.962567||full	review	VS_support_below_working_threshold	0.680	0	Low-quality	0.38	HMM-based (lower-bound)	1	0		4730	4730	1	No
MV-4122_S12	NODE_2706_length_4724_cov_29.644463||full	review	no_CheckV_viral_genes;insufficient_support	0.840	0	Low-quality	8.64	AAI-based (high-confidence)	0	0	no viral genes detected	4724	4724	1	No
MV-4122_S12	NODE_2711_length_4718_cov_10.677675||full	exclude_strict	no_CheckV_viral_genes;host_genes_present	0.860	0	Low-quality	4.0	AAI-based (high-confidence)	0	4	no viral genes detected	4718	4718	1	No
MV-4122_S12	NODE_2712_length_4717_cov_5.598670||full	exclude_strict	no_CheckV_viral_genes;host_genes_present	0.747	0	Low-quality	5.11	AAI-based (medium-confidence)	0	2	no viral genes detected	4717	4717	1	No
MV-4122_S12	NODE_2725_length_4696_cov_10.558285||full	review	VS_support_below_working_threshold	0.867	0	Low-quality	2.16	HMM-based (lower-bound)	2	0		4696	4696	1	No
MV-4122_S12	NODE_2735_length_4673_cov_27.127761||full	exclude_strict	no_CheckV_viral_genes;host_genes_present	0.647	0	Not-determined	NA	NA	0	4	no viral genes detected	4673	4673	1	No
MV-4122_S12	NODE_2800_length_4526_cov_36.963766||full	exclude_strict	no_CheckV_viral_genes;host_genes_present	0.773	0	Low-quality	7.34	AAI-based (medium-confidence)	0	2	no viral genes detected	4526	4526	1	No
MV-4122_S12	NODE_2825_length_4471_cov_7.403986||full	exclude_strict	no_CheckV_viral_genes;host_genes_present	0.913	1	Not-determined	NA	NA	0	2	no viral genes detected	4471	4471	1	No
MV-4122_S12	NODE_2831_length_4461_cov_13.166364||full	strict_supported	VS_support_and_CheckV_viral_gene	0.867	1	Low-quality	9.91	AAI-based (medium-confidence)	1	0		4461	4461	1	No
MV-4122_S12	NODE_2873_length_4389_cov_11.331795||full	exclude_strict	no_CheckV_viral_genes;host_genes_present	0.793	0	Not-determined	NA	NA	0	4	no viral genes detected	4389	4389	1	No
MV-4122_S12	NODE_2893_length_4352_cov_66.990691||full	exclude_strict	no_CheckV_viral_genes;host_genes_present	0.567	0	Not-determined	NA	NA	0	1	no viral genes detected	4352	4352	1	No
MV-4122_S12	NODE_2932_length_4280_cov_6.056331||full	strict_supported	VS_support_and_CheckV_viral_gene	0.900	0	Low-quality	8.87	AAI-based (high-confidence)	1	0		4280	4280	1	No
MV-4122_S12	NODE_2938_length_4270_cov_8.953025||full	exclude_strict	no_CheckV_viral_genes;host_genes_present	0.720	0	Not-determined	NA	NA	0	2	no viral genes detected	4270	4270	1	No
MV-4122_S12	NODE_2948_length_4237_cov_3.896700||full	review	VS_support_below_working_threshold	0.813	0	Low-quality	2.21	AAI-based (medium-confidence)	1	1		4237	2181	1	Yes
MV-4122_S12	NODE_2951_length_4233_cov_6.965055||full	review	no_CheckV_viral_genes;insufficient_support	0.640	0	Not-determined	NA	NA	0	0	no viral genes detected	4233	4233	1	No
MV-4122_S12	NODE_2979_length_4186_cov_17.626241||full	review	VS_support_below_working_threshold	0.560	0	Low-quality	2.42	HMM-based (lower-bound)	1	0		4186	4186	1	No
MV-4122_S12	NODE_2982_length_4180_cov_6.548364||full	strict_supported	VS_support_and_CheckV_viral_gene	0.980	1	Low-quality	2.8	HMM-based (lower-bound)	1	0		4180	4180	1	No
MV-4122_S12	NODE_2985_length_4173_cov_32.340942||full	exclude_strict	no_CheckV_viral_genes;host_genes_present	0.887	0	Not-determined	NA	NA	0	4	no viral genes detected	4173	4173	1	No
MV-4122_S12	NODE_2986_length_4171_cov_55.271137||full	exclude_strict	no_CheckV_viral_genes;host_genes_present	0.767	0	Not-determined	NA	NA	0	3	no viral genes detected	4171	4171	1	No
MV-4122_S12	NODE_2992_length_4161_cov_10.183147||full	exclude_strict	no_CheckV_viral_genes;host_genes_present	0.740	0	Not-determined	NA	NA	0	1	no viral genes detected	4161	4161	1	No
MV-4122_S12	NODE_3009_length_4122_cov_54.006147||full	exclude_strict	no_CheckV_viral_genes;host_genes_present	0.680	0	Low-quality	4.55	AAI-based (medium-confidence)	0	2	no viral genes detected	4122	4122	1	No
MV-4122_S12	NODE_3014_length_4119_cov_4.346457||full	review	VS_support_below_working_threshold	0.853	0	Low-quality	5.09	AAI-based (medium-confidence)	2	0		4119	4119	1	No
MV-4122_S12	NODE_3060_length_4045_cov_12.325815||full	exclude_strict	no_CheckV_viral_genes;host_genes_present	0.667	0	Not-determined	NA	NA	0	1	no viral genes detected	4045	4045	1	No
MV-4122_S12	NODE_3070_length_4026_cov_100.432385||full	exclude_strict	no_CheckV_viral_genes;host_genes_present	0.753	0	Not-determined	NA	NA	0	3	no viral genes detected	4026	4026	1	No
MV-4122_S12	NODE_3073_length_4022_cov_10.834384||full	review	no_CheckV_viral_genes;insufficient_support	0.560	0	Not-determined	NA	NA	0	0	no viral genes detected	4022	4022	1	No
MV-4122_S12	NODE_3078_length_4019_cov_7.397326||full	exclude_strict	no_CheckV_viral_genes;host_genes_present	0.793	0	Not-determined	NA	NA	0	1	no viral genes detected	4019	4019	1	No
MV-4122_S12	NODE_3083_length_4008_cov_4.922337||full	review	no_CheckV_viral_genes;insufficient_support	0.800	0	Low-quality	7.58	AAI-based (medium-confidence)	0	0	no viral genes detected	4008	4008	1	No
MV-4122_S12	NODE_3091_length_4003_cov_4.956180||full	review	VS_support_below_working_threshold	0.767	0	Low-quality	7.32	AAI-based (high-confidence)	1	0		4003	4003	1	No
MV-4122_S12	NODE_3151_length_3896_cov_16.703463||full	strict_supported	VS_support_and_CheckV_viral_gene	0.947	0	Low-quality	3.94	HMM-based (lower-bound)	1	0		3896	3896	1	No
MV-4122_S12	NODE_3177_length_3860_cov_9.996058||full	exclude_strict	no_CheckV_viral_genes;host_genes_present	0.747	0	Not-determined	NA	NA	0	3	no viral genes detected	3860	3860	1	No
MV-4122_S12	NODE_3191_length_3839_cov_51.586681||full	review	VS_support_below_working_threshold	0.760	0	Low-quality	1.73	HMM-based (lower-bound)	1	0		3839	3839	1	No
MV-4122_S12	NODE_3209_length_3809_cov_7.265051||full	strict_supported	VS_support_and_CheckV_viral_gene	0.980	0	Low-quality	3.44	HMM-based (lower-bound)	1	0		3809	3809	1	No
MV-4122_S12	NODE_3229_length_3784_cov_4.221775||full	exclude_strict	no_CheckV_viral_genes;host_genes_present	0.620	0	Not-determined	NA	NA	0	2	no viral genes detected	3784	3784	1	No
MV-4122_S12	NODE_3284_length_3724_cov_4.830744||full	exclude_strict	no_CheckV_viral_genes;host_genes_present	0.693	0	Not-determined	NA	NA	0	3	no viral genes detected	3724	3724	1	No
MV-4122_S12	NODE_3289_length_3717_cov_6.216002||full	review	VS_support_below_working_threshold	0.513	0	Low-quality	5.2	HMM-based (lower-bound)	1	0		3717	3717	1	No
MV-4122_S12	NODE_3314_length_3673_cov_5.035655||full	exclude_strict	no_CheckV_viral_genes;host_genes_present	0.860	0	Not-determined	NA	NA	0	3	no viral genes detected	3673	3673	1	No
MV-4122_S12	NODE_3370_length_3609_cov_3.940630||full	review	no_CheckV_viral_genes;insufficient_support	0.793	0	Low-quality	4.56	AAI-based (medium-confidence)	0	0	no viral genes detected	3609	3609	1	No
MV-4122_S12	NODE_3401_length_3580_cov_4.531064||full	strict_supported	VS_support_and_CheckV_viral_gene	1.000	2	Low-quality	7.97	AAI-based (high-confidence)	2	0		3580	3580	1	No
MV-4122_S12	NODE_3427_length_3540_cov_4.228407||full	review	no_CheckV_viral_genes;insufficient_support	0.807	1	Not-determined	NA	NA	0	0	no viral genes detected	3540	3540	1	No
MV-4122_S12	NODE_3445_length_3517_cov_6.850376||full	review	VS_support_below_working_threshold	0.647	0	Low-quality	6.61	HMM-based (lower-bound)	1	0		3517	3517	1	No
MV-4122_S12	NODE_3462_length_3500_cov_4.740784||full	review	no_CheckV_viral_genes;insufficient_support	0.973	0	Not-determined	NA	NA	0	0	no viral genes detected	3500	3500	1	No
MV-4122_S12	NODE_3474_length_3486_cov_4.088895||full	exclude_strict	no_CheckV_viral_genes;host_genes_present	0.767	0	Not-determined	NA	NA	0	1	no viral genes detected	3486	3486	1	No
MV-4122_S12	NODE_3476_length_3482_cov_13.574847||full	exclude_strict	no_CheckV_viral_genes;host_genes_present	0.813	0	Low-quality	1.94	AAI-based (medium-confidence)	0	3	no viral genes detected	3482	3482	1	No
MV-4122_S12	NODE_3509_length_3451_cov_23.904888||full	exclude_strict	no_CheckV_viral_genes;host_genes_present	0.593	0	Not-determined	NA	NA	0	3	no viral genes detected	3451	3451	1	No
MV-4122_S12	NODE_3523_length_3432_cov_23.011845||full	strict_supported	VS_support_and_CheckV_viral_gene	0.953	0	Low-quality	5.4	HMM-based (lower-bound)	1	0		3432	3432	1	No
MV-4122_S12	NODE_3531_length_3425_cov_23.382493||full	review	VS_support_below_working_threshold	0.840	0	Low-quality	6.25	AAI-based (medium-confidence)	1	0		3425	3425	1	No
MV-4122_S12	NODE_3541_length_3401_cov_8.134190||full	review	no_CheckV_viral_genes;insufficient_support	0.573	0	Low-quality	6.39	AAI-based (medium-confidence)	0	0	no viral genes detected	3401	3401	1	No
MV-4122_S12	NODE_3558_length_3380_cov_7.205714||full	exclude_strict	ribosomal_hit_in_candidate;no_CheckV_viral_genes;host_genes_present;no_VS_hallmark	0.740	0	Not-determined	NA	NA	0	2	no viral genes detected	3380	3380	1	No
MV-4122_S12	NODE_3561_length_3379_cov_4.684116||full	exclude_strict	no_CheckV_viral_genes;host_genes_present	0.733	0	Not-determined	NA	NA	0	3	no viral genes detected	3379	3379	1	No
MV-4122_S12	NODE_3585_length_3360_cov_24.025113||full	review	no_CheckV_viral_genes;insufficient_support	0.720	0	Low-quality	3.3	AAI-based (high-confidence)	0	0	no viral genes detected	3360	3360	1	No
MV-4122_S12	NODE_3609_length_3333_cov_4.569250||full	strict_supported	VS_support_and_CheckV_viral_gene	1.000	2	Low-quality	6.73	AAI-based (medium-confidence)	2	0		3333	3333	1	No
MV-4122_S12	NODE_3630_length_3311_cov_13.604423||full	review	no_CheckV_viral_genes;insufficient_support	1.000	0	Not-determined	NA	NA	0	0	no viral genes detected	3311	3311	1	No
MV-4122_S12	NODE_3654_length_3275_cov_5.159317||full	review	no_CheckV_viral_genes;insufficient_support	0.947	0	Low-quality	8.93	AAI-based (medium-confidence)	0	0	no viral genes detected	3275	3275	1	No
MV-4122_S12	NODE_3659_length_3269_cov_5.257001||full	strict_supported	VS_support_and_CheckV_viral_gene	0.960	2	Low-quality	7.83	AAI-based (medium-confidence)	2	0		3269	3269	1	No
MV-4122_S12	NODE_3665_length_3262_cov_3.099782||full	exclude_strict	no_CheckV_viral_genes;host_genes_present	0.620	0	Low-quality	6.82	AAI-based (medium-confidence)	0	1	no viral genes detected	3262	3262	1	No
MV-4122_S12	NODE_3699_length_3229_cov_8.215816||full	exclude_strict	no_CheckV_viral_genes;host_genes_present	0.933	0	Not-determined	NA	NA	0	2	no viral genes detected	3229	3229	1	No
MV-4122_S12	NODE_3714_length_3215_cov_8.611076||full	exclude_strict	no_CheckV_viral_genes;host_genes_present	0.860	0	Not-determined	NA	NA	0	1	no viral genes detected	3215	3215	1	No
MV-4122_S12	NODE_3762_length_3170_cov_13.075120||full	exclude_strict	no_CheckV_viral_genes;host_genes_present	0.613	0	Not-determined	NA	NA	0	1	no viral genes detected	3170	3170	1	No
MV-4122_S12	NODE_3772_length_3162_cov_5.154490||full	review	no_CheckV_viral_genes;insufficient_support	0.780	0	Not-determined	NA	NA	0	0	no viral genes detected	3162	3162	1	No
MV-4122_S12	NODE_3799_length_3134_cov_10.271842||full	strict_supported	VS_support_and_CheckV_viral_gene	0.993	1	Low-quality	2.42	HMM-based (lower-bound)	4	0		3134	3134	1	No
MV-4122_S12	NODE_3809_length_3127_cov_28.955404||full	exclude_strict	no_CheckV_viral_genes;host_genes_present	0.613	0	Not-determined	NA	NA	0	3	no viral genes detected	3127	3127	1	No
MV-4122_S12	NODE_3821_length_3116_cov_2.163999||full	review	no_CheckV_viral_genes;insufficient_support	0.900	0	Not-determined	NA	NA	0	0	no viral genes detected	3116	3116	1	No
MV-4122_S12	NODE_3840_length_3087_cov_19.054749||full	strict_supported	VS_support_and_CheckV_viral_gene	0.993	0	Low-quality	5.82	HMM-based (lower-bound)	1	0		3087	3087	1	No
MV-4122_S12	NODE_3868_length_3066_cov_8.902026||full	review	no_CheckV_viral_genes;insufficient_support	0.593	0	Low-quality	7.13	AAI-based (high-confidence)	0	0	no viral genes detected	3066	3066	1	No
MV-4122_S12	NODE_3881_length_3053_cov_12.051701||full	exclude_strict	no_CheckV_viral_genes;host_genes_present	0.607	0	Not-determined	NA	NA	0	2	no viral genes detected	3053	3053	1	No
MV-4122_S12	NODE_3897_length_3046_cov_10.404213||full	strict_supported	VS_support_and_CheckV_viral_gene	0.980	3	Low-quality	4.59	HMM-based (lower-bound)	2	0		3046	3046	1	No
MV-4122_S12	NODE_3948_length_3001_cov_91.410387||full	exclude_strict	no_CheckV_viral_genes;host_genes_present	0.500	0	Not-determined	NA	NA	0	2	no viral genes detected	3001	3001	1	No
MV-4122_S12	NODE_3966_length_2987_cov_4.084243||full	review	VS_support_below_working_threshold	0.880	0	Low-quality	6.16	AAI-based (medium-confidence)	1	0		2987	2987	1	No
MV-4122_S12	NODE_3985_length_2969_cov_8.907687||lt2gene	review	VS_support_below_working_threshold	nan	1	Low-quality	6.84	AAI-based (medium-confidence)	1	0		2969	2969	1	No
MV-4122_S12	NODE_3994_length_2961_cov_9.933586||full	strict_supported	VS_support_and_CheckV_viral_gene	0.933	0	Low-quality	1.8	HMM-based (lower-bound)	2	0		2961	2961	1	No
MV-4122_S12	NODE_3996_length_2959_cov_15.889807||full	review	VS_support_below_working_threshold	0.853	0	Low-quality	4.74	HMM-based (lower-bound)	1	0		2959	2959	1	No
MV-4122_S12	NODE_3998_length_2959_cov_4.851928||full	exclude_strict	no_CheckV_viral_genes;host_genes_present	0.520	0	Not-determined	NA	NA	0	2	no viral genes detected	2959	2959	1	No
MV-4122_S12	NODE_4014_length_2943_cov_3.115305||full	exclude_strict	no_CheckV_viral_genes;host_genes_present	0.680	0	Not-determined	NA	NA	0	3	no viral genes detected	2943	2943	1	No
MV-4122_S12	NODE_4067_length_2906_cov_4.130831||full	strict_supported	VS_support_and_CheckV_viral_gene	0.733	2	Low-quality	2.95	HMM-based (lower-bound)	3	0		2906	2906	1	No
MV-4122_S12	NODE_4070_length_2901_cov_9.981729||full	exclude_strict	no_CheckV_viral_genes;host_genes_present	0.800	0	Not-determined	NA	NA	0	1	no viral genes detected	2901	2901	1	No
MV-4122_S12	NODE_4106_length_2875_cov_4.731560||full	strict_supported	VS_support_and_CheckV_viral_gene	0.960	2	Low-quality	3.8	AAI-based (medium-confidence)	1	1		2875	1538	1	Yes
MV-4122_S12	NODE_4178_length_2811_cov_6.079826||full	strict_supported	VS_support_and_CheckV_viral_gene	1.000	1	Low-quality	4.0	HMM-based (lower-bound)	1	0		2811	2811	1	No
MV-4122_S12	NODE_4179_length_2811_cov_5.963353||full	exclude_strict	no_CheckV_viral_genes;host_genes_present	0.893	1	Not-determined	NA	NA	0	1	no viral genes detected	2811	2811	1	No
MV-4122_S12	NODE_4185_length_2809_cov_20.196442||full	exclude_strict	no_CheckV_viral_genes;host_genes_present	0.947	0	Not-determined	NA	NA	0	2	no viral genes detected	2809	2809	1	No
MV-4122_S12	NODE_4197_length_2795_cov_5.828467||full	strict_supported	VS_support_and_CheckV_viral_gene	0.900	1	Low-quality	5.7	AAI-based (medium-confidence)	1	0		2795	2795	1	No
MV-4122_S12	NODE_4199_length_2793_cov_4.317020||full	strict_supported	VS_support_and_CheckV_viral_gene	0.953	1	Low-quality	5.1	HMM-based (lower-bound)	1	0		2793	2793	1	No
MV-4122_S12	NODE_4203_length_2789_cov_37.003658||full	exclude_strict	no_CheckV_viral_genes;host_genes_present	0.753	1	Low-quality	3.0	AAI-based (medium-confidence)	0	2	no viral genes detected	2789	2789	1	No
MV-4122_S12	NODE_4249_length_2762_cov_3.294052||full	strict_supported	VS_support_and_CheckV_viral_gene	0.973	0	Low-quality	6.38	AAI-based (medium-confidence)	3	0		2762	2762	1	No
MV-4122_S12	NODE_4251_length_2760_cov_4.336784||full	exclude_strict	no_CheckV_viral_genes;host_genes_present	0.740	0	Not-determined	NA	NA	0	2	no viral genes detected	2760	2760	1	No
MV-4122_S12	NODE_4295_length_2731_cov_97.361734||full	review	no_CheckV_viral_genes;insufficient_support	0.880	0	Not-determined	NA	NA	0	0	no viral genes detected	2731	2731	1	No
MV-4122_S12	NODE_4319_length_2717_cov_14.113824||full	exclude_strict	no_CheckV_viral_genes;host_genes_present	0.580	0	Not-determined	NA	NA	0	2	no viral genes detected	2717	2717	1	No
MV-4122_S12	NODE_4324_length_2711_cov_5.119352||full	review	no_CheckV_viral_genes;insufficient_support	0.620	0	Low-quality	5.93	AAI-based (medium-confidence)	0	0	no viral genes detected	2711	2711	1	No
MV-4122_S12	NODE_4341_length_2702_cov_8.032867||full	review	no_CheckV_viral_genes;insufficient_support	0.740	0	Not-determined	NA	NA	0	0	no viral genes detected	2702	2702	1	No
MV-4122_S12	NODE_4390_length_2670_cov_4.153346||full	exclude_strict	no_CheckV_viral_genes;host_genes_present	0.533	0	Not-determined	NA	NA	0	2	no viral genes detected	2670	2670	1	No
MV-4122_S12	NODE_4439_length_2637_cov_4.986832||full	exclude_strict	no_CheckV_viral_genes;host_genes_present	0.667	0	Not-determined	NA	NA	0	2	no viral genes detected	2637	2637	1	No
MV-4122_S12	NODE_4445_length_2632_cov_3.604191||full	exclude_strict	no_CheckV_viral_genes;host_genes_present	0.587	0	Not-determined	NA	NA	0	3	no viral genes detected	2632	2632	1	No
MV-4122_S12	NODE_4459_length_2625_cov_3.091440||full	exclude_strict	no_CheckV_viral_genes;host_genes_present	0.747	0	Not-determined	NA	NA	0	1	no viral genes detected	2625	2625	1	No
MV-4122_S12	NODE_4522_length_2587_cov_15.914692||lt2gene	review	VS_support_below_working_threshold	nan	1	Low-quality	1.73	HMM-based (lower-bound)	1	0		2587	2587	1	No
MV-4122_S12	NODE_4526_length_2585_cov_4.545850||full	exclude_strict	no_CheckV_viral_genes;host_genes_present	0.773	0	Not-determined	NA	NA	0	2	no viral genes detected	2585	2585	1	No
MV-4122_S12	NODE_4530_length_2581_cov_6.654394||full	review	no_CheckV_viral_genes;insufficient_support	0.887	1	Not-determined	NA	NA	0	0	no viral genes detected	2581	2581	1	No
MV-4122_S12	NODE_4544_length_2571_cov_10.022258||full	exclude_strict	no_CheckV_viral_genes;host_genes_present	0.560	0	Not-determined	NA	NA	0	3	no viral genes detected	2571	2571	1	No
MV-4122_S12	NODE_4554_length_2562_cov_7.618269||full	review	VS_support_below_working_threshold	0.567	0	Low-quality	5.09	AAI-based (high-confidence)	2	0		2562	2562	1	No
MV-4122_S12	NODE_4556_length_2561_cov_21.756983||full	strict_supported	VS_support_and_CheckV_viral_gene	1.000	2	Low-quality	3.78	AAI-based (medium-confidence)	2	0		2561	2561	1	No
MV-4122_S12	NODE_4572_length_2555_cov_6.403600||full	exclude_strict	no_CheckV_viral_genes;host_genes_present	0.767	0	Low-quality	4.84	AAI-based (medium-confidence)	0	1	no viral genes detected	2555	2555	1	No
MV-4122_S12	NODE_4576_length_2553_cov_8.995997||full	strict_supported	VS_support_and_CheckV_viral_gene	0.873	1	Low-quality	5.0	AAI-based (high-confidence)	3	0		2553	2553	1	No
MV-4122_S12	NODE_4583_length_2548_cov_25.684316||full	review	no_CheckV_viral_genes;insufficient_support	0.940	0	Low-quality	3.12	AAI-based (medium-confidence)	0	0	no viral genes detected	2548	2548	1	No
MV-4122_S12	NODE_4612_length_2534_cov_5.153288||full	exclude_strict	no_CheckV_viral_genes;host_genes_present	0.560	0	Not-determined	NA	NA	0	3	no viral genes detected	2534	2534	1	No
MV-4122_S12	NODE_4615_length_2532_cov_9.009285||full	exclude_strict	no_CheckV_viral_genes;host_genes_present	0.753	0	Not-determined	NA	NA	0	2	no viral genes detected	2532	2532	1	No
MV-4122_S12	NODE_4696_length_2477_cov_3.881503||full	review	no_CheckV_viral_genes;insufficient_support	0.793	0	Not-determined	NA	NA	0	0	no viral genes detected	2477	2477	1	No
MV-4122_S12	NODE_4724_length_2463_cov_32.857973||full	review	VS_support_below_working_threshold	0.613	0	Low-quality	1.75	AAI-based (medium-confidence)	1	1		2463	1062	1	Yes
MV-4122_S12	NODE_4751_length_2451_cov_16.497913||full	exclude_strict	no_CheckV_viral_genes;host_genes_present	0.807	0	Not-determined	NA	NA	0	2	no viral genes detected	2451	2451	1	No
MV-4122_S12	NODE_4791_length_2430_cov_4.279579||full	review	VS_support_below_working_threshold	0.727	0	Low-quality	5.7	HMM-based (lower-bound)	1	0		2430	2430	1	No
MV-4122_S12	NODE_4823_length_2412_cov_5.855325||full	review	no_CheckV_viral_genes;insufficient_support	0.547	0	Low-quality	5.16	AAI-based (medium-confidence)	0	0	no viral genes detected	2412	2412	1	No
MV-4122_S12	NODE_4829_length_2409_cov_11.442226||full	exclude_strict	no_CheckV_viral_genes;host_genes_present	0.693	0	Low-quality	1.18	AAI-based (medium-confidence)	0	2	no viral genes detected	2409	2409	1	No
MV-4122_S12	NODE_4842_length_2402_cov_5.762250||full	review	VS_support_below_working_threshold	0.840	0	Low-quality	2.66	HMM-based (lower-bound)	1	0		2402	2402	1	No
MV-4122_S12	NODE_4844_length_2401_cov_17.602302||full	strict_supported	VS_support_and_CheckV_viral_gene	0.927	0	Low-quality	3.22	HMM-based (lower-bound)	1	0		2401	2401	1	No
MV-4122_S12	NODE_4864_length_2393_cov_2.790847||full	exclude_strict	no_CheckV_viral_genes;host_genes_present	0.880	0	Not-determined	NA	NA	0	2	no viral genes detected	2393	2393	1	No
MV-4122_S12	NODE_4871_length_2388_cov_76.868838||full	exclude_strict	no_CheckV_viral_genes;host_genes_present	0.547	0	Not-determined	NA	NA	0	3	no viral genes detected	2388	2388	1	No
MV-4122_S12	NODE_4891_length_2376_cov_3.342956||full	strict_supported	VS_support_and_CheckV_viral_gene	0.973	1	Low-quality	6.11	AAI-based (high-confidence)	1	0		2376	2376	1	No
MV-4122_S12	NODE_4893_length_2374_cov_10.376024||full	review	no_CheckV_viral_genes;insufficient_support	0.960	0	Not-determined	NA	NA	0	0	no viral genes detected	2374	2374	1	No
MV-4122_S12	NODE_4905_length_2371_cov_3.579879||full	strict_supported	VS_support_and_CheckV_viral_gene	0.947	0	Low-quality	3.89	AAI-based (medium-confidence)	1	0		2371	2371	1	No
MV-4122_S12	NODE_4925_length_2362_cov_10.135241||full	strict_supported	VS_support_and_CheckV_viral_gene	1.000	1	Low-quality	2.65	HMM-based (lower-bound)	1	0		2362	2362	1	No
MV-4122_S12	NODE_4939_length_2357_cov_5.618593||full	exclude_strict	no_CheckV_viral_genes;host_genes_present	0.773	0	Low-quality	3.64	AAI-based (medium-confidence)	0	1	no viral genes detected	2357	2357	1	No
MV-4122_S12	NODE_5045_length_2308_cov_8.558810||full	strict_supported	VS_support_and_CheckV_viral_gene	0.993	0	Low-quality	3.78	AAI-based (medium-confidence)	3	0		2308	2308	1	No
MV-4122_S12	NODE_5047_length_2307_cov_4.766874||full	review	no_CheckV_viral_genes;insufficient_support	1.000	0	Low-quality	4.19	AAI-based (medium-confidence)	0	0	no viral genes detected	2307	2307	1	No
MV-4122_S12	NODE_5048_length_2307_cov_4.635435||full	strict_supported	VS_support_and_CheckV_viral_gene	0.993	4	Low-quality	6.1	AAI-based (high-confidence)	3	0		2307	2307	1	No
MV-4122_S12	NODE_5051_length_2303_cov_264.227758||full	exclude_strict	no_CheckV_viral_genes;host_genes_present	0.520	0	Not-determined	NA	NA	0	1	no viral genes detected	2303	2303	1	No
MV-4122_S12	NODE_5066_length_2293_cov_5.407060||full	review	no_CheckV_viral_genes;insufficient_support	0.660	0	Low-quality	5.28	AAI-based (medium-confidence)	0	0	no viral genes detected	2293	2293	1	No
MV-4122_S12	NODE_5086_length_2283_cov_36.776930||full	review	no_CheckV_viral_genes;insufficient_support	0.993	0	Low-quality	4.92	AAI-based (high-confidence)	0	0	no viral genes detected	2283	2283	1	No
MV-4122_S12	NODE_5096_length_2279_cov_106.975719||full	exclude_strict	no_CheckV_viral_genes;host_genes_present	0.527	1	Not-determined	NA	NA	0	2	no viral genes detected	2279	2279	1	No
MV-4122_S12	NODE_5117_length_2270_cov_4.461851||full	exclude_strict	no_CheckV_viral_genes;host_genes_present	0.567	0	Not-determined	NA	NA	0	2	no viral genes detected	2270	2270	1	No
MV-4122_S12	NODE_5124_length_2267_cov_4.422242||full	review	VS_support_below_working_threshold	0.680	0	Low-quality	2.62	AAI-based (medium-confidence)	1	0		2267	2267	1	No
MV-4122_S12	NODE_5138_length_2262_cov_26.898958||full	review	no_CheckV_viral_genes;insufficient_support	0.840	0	Not-determined	NA	NA	0	0	no viral genes detected	2262	2262	1	No
MV-4122_S12	NODE_5146_length_2259_cov_9.667423||full	exclude_strict	no_CheckV_viral_genes;host_genes_present	0.773	0	Not-determined	NA	NA	0	2	no viral genes detected	2259	2259	1	No
MV-4122_S12	NODE_5158_length_2254_cov_13.061392||full	strict_supported	VS_support_and_CheckV_viral_gene	0.980	1	Low-quality	2.72	AAI-based (medium-confidence)	2	0		2254	2254	1	No
MV-4122_S12	NODE_5160_length_2254_cov_4.140064||full	exclude_strict	no_CheckV_viral_genes;host_genes_present	0.773	0	Not-determined	NA	NA	0	2	no viral genes detected	2254	2254	1	No
MV-4122_S12	NODE_5163_length_2253_cov_3.696997||full	exclude_strict	no_CheckV_viral_genes;host_genes_present	0.580	0	Not-determined	NA	NA	0	1	no viral genes detected	2253	2253	1	No
MV-4122_S12	NODE_5210_length_2231_cov_6.427390||full	exclude_strict	no_CheckV_viral_genes;host_genes_present	0.500	0	Low-quality	1.27	AAI-based (high-confidence)	0	3	no viral genes detected	2231	2231	1	No
MV-4122_S12	NODE_5239_length_2217_cov_3.987049||full	exclude_strict	no_CheckV_viral_genes;host_genes_present	0.987	0	Not-determined	NA	NA	0	3	no viral genes detected	2217	2217	1	No
MV-4122_S12	NODE_5266_length_2205_cov_3.672558||full	review	VS_support_below_working_threshold	0.713	0	Low-quality	1.2	HMM-based (lower-bound)	1	0		2205	2205	1	No
MV-4122_S12	NODE_5268_length_2204_cov_3.374593||full	review	no_CheckV_viral_genes;insufficient_support	0.933	0	Low-quality	5.81	AAI-based (medium-confidence)	0	0	no viral genes detected	2204	2204	1	No
MV-4122_S12	NODE_5345_length_2167_cov_8.193655||full	exclude_strict	no_CheckV_viral_genes;host_genes_present	0.733	0	Not-determined	NA	NA	0	1	no viral genes detected	2167	2167	1	No
MV-4122_S12	NODE_5365_length_2156_cov_11.251309||full	exclude_strict	no_CheckV_viral_genes;host_genes_present	0.693	0	Not-determined	NA	NA	0	2	no viral genes detected	2156	2156	1	No
MV-4122_S12	NODE_5385_length_2147_cov_3.107075||full	strict_supported	VS_support_and_CheckV_viral_gene	0.987	1	Low-quality	4.23	AAI-based (high-confidence)	1	0		2147	2147	1	No
MV-4122_S12	NODE_5390_length_2145_cov_3.914833||full	exclude_strict	no_CheckV_viral_genes;host_genes_present	0.607	0	Low-quality	0.58	AAI-based (medium-confidence)	0	1	no viral genes detected	2145	2145	1	No
MV-4122_S12	NODE_5401_length_2139_cov_21.279750||full	exclude_strict	no_CheckV_viral_genes;host_genes_present	0.700	0	Not-determined	NA	NA	0	2	no viral genes detected	2139	2139	1	No
MV-4122_S12	NODE_5403_length_2139_cov_4.583973||full	exclude_strict	no_CheckV_viral_genes;host_genes_present	0.867	0	Not-determined	NA	NA	0	2	no viral genes detected	2139	2139	1	No
MV-4122_S12	NODE_5410_length_2135_cov_4.606250||full	exclude_strict	no_CheckV_viral_genes;host_genes_present	0.867	0	Not-determined	NA	NA	0	2	no viral genes detected	2135	2135	1	No
MV-4122_S12	NODE_5419_length_2131_cov_41.141137||full	exclude_strict	no_CheckV_viral_genes;host_genes_present	0.827	0	Not-determined	NA	NA	0	1	no viral genes detected	2131	2131	1	No
MV-4122_S12	NODE_5434_length_2126_cov_6.084017||full	review	no_CheckV_viral_genes;insufficient_support	0.653	0	Low-quality	1.45	AAI-based (high-confidence)	0	0	no viral genes detected	2126	2126	1	No
MV-4122_S12	NODE_5480_length_2109_cov_4.045278||full	strict_supported	VS_support_and_CheckV_viral_gene	0.960	1	Low-quality	3.75	AAI-based (high-confidence)	1	0		2109	2109	1	No
MV-4122_S12	NODE_5504_length_2100_cov_21.710513||full	exclude_strict	no_CheckV_viral_genes;host_genes_present	0.700	0	Low-quality	4.23	AAI-based (medium-confidence)	0	1	no viral genes detected	2100	2100	1	No
MV-4122_S12	NODE_5516_length_2095_cov_9.048039||full	review	no_CheckV_viral_genes;insufficient_support	0.840	0	Low-quality	4.34	AAI-based (medium-confidence)	0	0	no viral genes detected	2095	2095	1	No
MV-4122_S12	NODE_5525_length_2094_cov_7.070132||full	review	no_CheckV_viral_genes;insufficient_support	0.860	0	Not-determined	NA	NA	0	0	no viral genes detected	2094	2094	1	No
MV-4122_S12	NODE_5545_length_2088_cov_5.513035||full	exclude_strict	no_CheckV_viral_genes;host_genes_present	0.707	0	Not-determined	NA	NA	0	1	no viral genes detected	2088	2088	1	No
MV-4122_S12	NODE_5562_length_2083_cov_16.133629||full	review	no_CheckV_viral_genes;insufficient_support	0.987	0	Not-determined	NA	NA	0	0	no viral genes detected	2083	2083	1	No
MV-4122_S12	NODE_5567_length_2082_cov_3.174149||lt2gene	review	VS_support_below_working_threshold	nan	2	Low-quality	3.54	AAI-based (medium-confidence)	2	0		2082	2082	1	No
MV-4122_S12	NODE_5585_length_2077_cov_7.491592||full	exclude_strict	no_CheckV_viral_genes;host_genes_present	0.573	0	Not-determined	NA	NA	0	1	no viral genes detected	2077	2077	1	No
MV-4122_S12	NODE_5591_length_2075_cov_3.523762||full	strict_supported	VS_support_and_CheckV_viral_gene	1.000	3	Low-quality	5.41	AAI-based (high-confidence)	2	0		2075	2075	1	No
MV-4122_S12	NODE_5592_length_2073_cov_86.994549||full	review	no_CheckV_viral_genes;insufficient_support	0.960	0	Low-quality	4.01	AAI-based (high-confidence)	0	0	no viral genes detected	2073	2073	1	No
MV-4122_S12	NODE_5596_length_2073_cov_4.485629||full	exclude_strict	no_CheckV_viral_genes;host_genes_present	0.667	0	Low-quality	1.44	AAI-based (medium-confidence)	0	1	no viral genes detected	2073	2073	1	No
MV-4122_S12	NODE_5610_length_2070_cov_2.719603||full	review	no_CheckV_viral_genes;insufficient_support	0.753	0	Not-determined	NA	NA	0	0	no viral genes detected	2070	2070	1	No
MV-4122_S12	NODE_5631_length_2060_cov_5.883791||full	exclude_strict	no_CheckV_viral_genes;host_genes_present	0.787	0	Not-determined	NA	NA	0	2	no viral genes detected	2060	2060	1	No
MV-4122_S12	NODE_5708_length_2039_cov_3.872984||full	review	VS_support_below_working_threshold	0.887	0	Low-quality	2.7	HMM-based (lower-bound)	2	0		2039	2039	1	No
MV-4122_S12	NODE_5714_length_2037_cov_3.698789||full	exclude_strict	no_CheckV_viral_genes;host_genes_present	0.687	0	Not-determined	NA	NA	0	1	no viral genes detected	2037	2037	1	No
MV-4122_S12	NODE_5747_length_2027_cov_6.865112||full	exclude_strict	no_CheckV_viral_genes;host_genes_present	0.693	0	Not-determined	NA	NA	0	1	no viral genes detected	2027	2027	1	No
MV-4122_S12	NODE_5750_length_2027_cov_2.840771||full	exclude_strict	no_CheckV_viral_genes;host_genes_present	0.773	0	Not-determined	NA	NA	0	1	no viral genes detected	2027	2027	1	No
MV-4122_S12	NODE_5765_length_2019_cov_4.511711||full	exclude_strict	no_CheckV_viral_genes;host_genes_present	0.887	0	Not-determined	NA	NA	0	2	no viral genes detected	2019	2019	1	No
MV-4122_S12	NODE_5775_length_2016_cov_3.888322||lt2gene	review	no_CheckV_viral_genes;insufficient_support	nan	1	Not-determined	NA	NA	0	0	no viral genes detected	2016	2016	1	No
MV-4122_S12	NODE_5787_length_2010_cov_9.278772||full	strict_supported	VS_support_and_CheckV_viral_gene	0.993	1	Low-quality	1.65	HMM-based (lower-bound)	1	0		2010	2010	1	No
MV-4122_S12	NODE_5817_length_2003_cov_4.028747||full	review	no_CheckV_viral_genes;insufficient_support	0.540	0	Low-quality	2.24	AAI-based (medium-confidence)	0	0	no viral genes detected	2003	2003	1	No
MV-4122_S12	NODE_5857_length_1992_cov_14.694889||full	exclude_strict	no_CheckV_viral_genes;host_genes_present	0.740	0	Low-quality	3.89	AAI-based (medium-confidence)	0	3	no viral genes detected	1992	1992	1	No
MV-4122_S12	NODE_5930_length_1974_cov_2.531006||full	exclude_strict	no_CheckV_viral_genes;host_genes_present	0.807	0	Not-determined	NA	NA	0	1	no viral genes detected	1974	1974	1	No
MV-4122_S12	NODE_5937_length_1972_cov_16.185707||full	review	no_CheckV_viral_genes;insufficient_support	0.573	0	Low-quality	3.66	AAI-based (high-confidence)	0	0	no viral genes detected	1972	1972	1	No
MV-4122_S12	NODE_5974_length_1957_cov_10.008938||full	review	no_CheckV_viral_genes;insufficient_support	0.760	0	Not-determined	NA	NA	0	0	no viral genes detected	1957	1957	1	No
MV-4122_S12	NODE_5977_length_1957_cov_4.228707||full	strict_supported	VS_support_and_CheckV_viral_gene	0.993	1	Low-quality	3.4	AAI-based (high-confidence)	1	0		1957	1957	1	No
MV-4122_S12	NODE_5981_length_1955_cov_18.051579||full	review	no_CheckV_viral_genes;insufficient_support	0.933	0	Not-determined	NA	NA	0	0	no viral genes detected	1955	1955	1	No
MV-4122_S12	NODE_6021_length_1946_cov_4.139080||full	strict_supported	VS_support_and_CheckV_viral_gene	0.953	0	Low-quality	4.67	AAI-based (medium-confidence)	1	0		1946	1946	1	No
MV-4122_S12	NODE_6058_length_1934_cov_12.755189||full	exclude_strict	no_CheckV_viral_genes;host_genes_present	0.720	0	Not-determined	NA	NA	0	1	no viral genes detected	1934	1934	1	No
MV-4122_S12	NODE_6084_length_1924_cov_4.738898||full	strict_supported	VS_support_and_CheckV_viral_gene	0.947	1	Low-quality	3.87	HMM-based (lower-bound)	2	0		1924	1924	1	No
MV-4122_S12	NODE_6103_length_1919_cov_12.764485||full	strict_supported	VS_support_and_CheckV_viral_gene	0.740	2	Low-quality	3.37	HMM-based (lower-bound)	1	0		1919	1919	1	No
MV-4122_S12	NODE_6127_length_1915_cov_94.446237||full	exclude_strict	no_CheckV_viral_genes;host_genes_present	0.747	0	Low-quality	0.84	AAI-based (medium-confidence)	0	2	no viral genes detected	1915	1915	1	No
MV-4122_S12	NODE_6130_length_1914_cov_8.657881||full	review	no_CheckV_viral_genes;insufficient_support	0.987	0	Low-quality	3.42	AAI-based (medium-confidence)	0	0	no viral genes detected	1914	1914	1	No
MV-4122_S12	NODE_6138_length_1912_cov_5.299946||full	strict_supported	VS_support_and_CheckV_viral_gene	0.880	3	Low-quality	1.85	HMM-based (lower-bound)	3	0		1912	1912	1	No
MV-4122_S12	NODE_6212_length_1889_cov_5.003817||full	review	no_CheckV_viral_genes;insufficient_support	0.873	0	Not-determined	NA	NA	0	0	no viral genes detected	1889	1889	1	No
MV-4122_S12	NODE_6246_length_1878_cov_42.189248||full	review	no_CheckV_viral_genes;insufficient_support	0.760	0	Low-quality	1.63	AAI-based (medium-confidence)	0	0	no viral genes detected	1878	1878	1	No
MV-4122_S12	NODE_6268_length_1873_cov_3.269527||lt2gene	exclude_strict	no_CheckV_viral_genes;host_genes_present	nan	1	Not-determined	NA	NA	0	1	no viral genes detected	1873	1873	1	No
MV-4122_S12	NODE_6286_length_1868_cov_18.025372||full	review	no_CheckV_viral_genes;insufficient_support	0.860	0	Low-quality	3.89	AAI-based (high-confidence)	0	0	no viral genes detected	1868	1868	1	No
MV-4122_S12	NODE_6306_length_1864_cov_5.964621||full	exclude_strict	no_CheckV_viral_genes;host_genes_present	0.887	0	Low-quality	3.97	AAI-based (medium-confidence)	0	1	no viral genes detected	1864	1864	1	No
MV-4122_S12	NODE_6308_length_1863_cov_16.221239||full	review	no_CheckV_viral_genes;insufficient_support	0.753	0	Not-determined	NA	NA	0	0	no viral genes detected	1863	1863	1	No
MV-4122_S12	NODE_6313_length_1862_cov_8.246265||full	review	no_CheckV_viral_genes;insufficient_support	0.647	0	Not-determined	NA	NA	0	0	no viral genes detected	1862	1862	1	No
MV-4122_S12	NODE_6435_length_1827_cov_15.532167||full	exclude_strict	no_CheckV_viral_genes;host_genes_present	0.633	0	Not-determined	NA	NA	0	2	no viral genes detected	1827	1827	1	No
MV-4122_S12	NODE_6436_length_1827_cov_10.914786||full	exclude_strict	no_CheckV_viral_genes;host_genes_present	0.787	0	Not-determined	NA	NA	0	1	no viral genes detected	1827	1827	1	No
MV-4122_S12	NODE_6455_length_1823_cov_3.474548||full	review	no_CheckV_viral_genes;insufficient_support	0.793	0	Low-quality	2.54	AAI-based (medium-confidence)	0	0	no viral genes detected	1823	1823	1	No
MV-4122_S12	NODE_6511_length_1812_cov_4.022766||full	review	no_CheckV_viral_genes;insufficient_support	1.000	1	Low-quality	2.57	AAI-based (medium-confidence)	0	0	no viral genes detected	1812	1812	1	No
MV-4122_S12	NODE_6533_length_1805_cov_50.926286||full	review	no_CheckV_viral_genes;insufficient_support	0.713	0	Low-quality	3.64	AAI-based (high-confidence)	0	0	no viral genes detected	1805	1805	1	No
MV-4122_S12	NODE_6551_length_1801_cov_8.516037||full	review	no_CheckV_viral_genes;insufficient_support	0.893	0	Not-determined	NA	NA	0	0	no viral genes detected	1801	1801	1	No
MV-4122_S12	NODE_6587_length_1792_cov_4.831318||full	review	no_CheckV_viral_genes;insufficient_support	0.920	0	Not-determined	NA	NA	0	0	no viral genes detected	1792	1792	1	No
MV-4122_S12	NODE_6629_length_1783_cov_4.778935||full	exclude_strict	no_CheckV_viral_genes;host_genes_present	0.953	0	Not-determined	NA	NA	0	3	no viral genes detected	1783	1783	1	No
MV-4122_S12	NODE_6633_length_1781_cov_13.925261||full	exclude_strict	no_CheckV_viral_genes;host_genes_present	0.867	0	Low-quality	3.42	AAI-based (medium-confidence)	0	1	no viral genes detected	1781	1781	1	No
MV-4122_S12	NODE_6644_length_1778_cov_8.423680||full	strict_supported	VS_support_and_CheckV_viral_gene	0.927	0	Low-quality	2.91	AAI-based (high-confidence)	1	0		1778	1778	1	No
MV-4122_S12	NODE_6646_length_1778_cov_3.537435||full	exclude_strict	no_CheckV_viral_genes;host_genes_present	0.533	0	Low-quality	1.16	AAI-based (high-confidence)	0	3	no viral genes detected	1778	1778	1	No
MV-4122_S12	NODE_6748_length_1752_cov_4.895698||full	review	no_CheckV_viral_genes;insufficient_support	0.613	0	Low-quality	3.76	AAI-based (high-confidence)	0	0	no viral genes detected	1752	1752	1	No
MV-4122_S12	NODE_6754_length_1751_cov_4.438090||full	review	no_CheckV_viral_genes;insufficient_support	0.647	0	Not-determined	NA	NA	0	0	no viral genes detected	1751	1751	1	No
MV-4122_S12	NODE_6787_length_1743_cov_2.948460||full	strict_supported	VS_support_and_CheckV_viral_gene	0.980	1	Low-quality	2.14	HMM-based (lower-bound)	1	0		1743	1743	1	No
MV-4122_S12	NODE_6790_length_1741_cov_9.055753||full	exclude_strict	no_CheckV_viral_genes;host_genes_present	0.833	0	Not-determined	NA	NA	0	1	no viral genes detected	1741	1741	1	No
MV-4122_S12	NODE_6791_length_1741_cov_8.835113||full	review	no_CheckV_viral_genes;insufficient_support	0.940	0	Not-determined	NA	NA	0	0	no viral genes detected	1741	1741	1	No
MV-4122_S12	NODE_6795_length_1741_cov_4.187426||full	review	no_CheckV_viral_genes;insufficient_support	0.887	0	Not-determined	NA	NA	0	0	no viral genes detected	1741	1741	1	No
MV-4122_S12	NODE_6819_length_1734_cov_7.767123||full	exclude_strict	no_CheckV_viral_genes;host_genes_present	0.540	0	Low-quality	1.19	AAI-based (medium-confidence)	0	2	no viral genes detected	1734	1734	1	No
MV-4122_S12	NODE_6822_length_1734_cov_4.048243||full	exclude_strict	no_CheckV_viral_genes;host_genes_present	0.587	0	Not-determined	NA	NA	0	3	no viral genes detected	1734	1734	1	No
MV-4122_S12	NODE_6832_length_1732_cov_11.700656||full	exclude_strict	no_CheckV_viral_genes;host_genes_present	0.907	0	Not-determined	NA	NA	0	1	no viral genes detected	1732	1732	1	No
MV-4122_S12	NODE_6840_length_1730_cov_4.583284||full	review	VS_support_below_working_threshold	0.787	0	Low-quality	2.88	AAI-based (medium-confidence)	1	0		1730	1730	1	No
MV-4122_S12	NODE_6873_length_1723_cov_5.871703||full	exclude_strict	no_CheckV_viral_genes;host_genes_present	0.593	0	Not-determined	NA	NA	0	1	no viral genes detected	1723	1723	1	No
MV-4122_S12	NODE_6875_length_1723_cov_4.261391||full	strict_supported	VS_support_and_CheckV_viral_gene	0.900	1	Low-quality	1.41	HMM-based (lower-bound)	1	0		1723	1723	1	No
MV-4122_S12	NODE_6892_length_1718_cov_69.340349||full	exclude_strict	no_CheckV_viral_genes;host_genes_present	0.773	0	Not-determined	NA	NA	0	4	no viral genes detected	1718	1718	1	No
MV-4122_S12	NODE_6903_length_1716_cov_3.845274||full	exclude_strict	no_CheckV_viral_genes;host_genes_present	0.633	0	Not-determined	NA	NA	0	1	no viral genes detected	1716	1716	1	No
MV-4122_S12	NODE_6905_length_1716_cov_3.594220||full	review	no_CheckV_viral_genes;insufficient_support	0.633	0	Not-determined	NA	NA	0	0	no viral genes detected	1716	1716	1	No
MV-4122_S12	NODE_6927_length_1712_cov_2.012674||full	exclude_strict	no_CheckV_viral_genes;host_genes_present	0.793	0	Not-determined	NA	NA	0	1	no viral genes detected	1712	1712	1	No
MV-4122_S12	NODE_7024_length_1687_cov_3.674020||full	review	VS_support_below_working_threshold	0.527	0	Low-quality	3.12	AAI-based (medium-confidence)	2	0		1687	1687	1	No
MV-4122_S12	NODE_7033_length_1686_cov_3.663397||full	exclude_strict	no_CheckV_viral_genes;host_genes_present	0.587	0	Not-determined	NA	NA	0	1	no viral genes detected	1686	1686	1	No
MV-4122_S12	NODE_7042_length_1684_cov_4.246777||full	exclude_strict	no_CheckV_viral_genes;host_genes_present	0.660	0	Not-determined	NA	NA	0	1	no viral genes detected	1684	1684	1	No
MV-4122_S12	NODE_7043_length_1683_cov_8.630221||full	exclude_strict	no_CheckV_viral_genes;host_genes_present	1.000	0	Not-determined	NA	NA	0	1	no viral genes detected	1683	1683	1	No
MV-4122_S12	NODE_7044_length_1683_cov_5.708231||full	strict_supported	VS_support_and_CheckV_viral_gene	0.967	0	Low-quality	2.03	AAI-based (medium-confidence)	1	0		1683	1683	1	No
MV-4122_S12	NODE_7048_length_1682_cov_6.623848||full	review	no_CheckV_viral_genes;insufficient_support	0.667	0	Not-determined	NA	NA	0	0	no viral genes detected	1682	1682	1	No
MV-4122_S12	NODE_7095_length_1671_cov_29.245050||full	strict_supported	VS_support_and_CheckV_viral_gene	0.960	0	Low-quality	3.0	HMM-based (lower-bound)	1	0		1671	1671	1	No
MV-4122_S12	NODE_7109_length_1669_cov_7.587980||lt2gene	review	VS_support_below_working_threshold	nan	1	Low-quality	1.53	HMM-based (lower-bound)	1	0		1669	1669	1	No
MV-4122_S12	NODE_7119_length_1668_cov_2.821451||full	exclude_strict	no_CheckV_viral_genes;host_genes_present	0.820	0	Not-determined	NA	NA	0	2	no viral genes detected	1668	1668	1	No
MV-4122_S12	NODE_7123_length_1667_cov_4.220223||full	strict_supported	VS_support_and_CheckV_viral_gene	0.800	2	Low-quality	3.25	AAI-based (high-confidence)	2	0		1667	1667	1	No
MV-4122_S12	NODE_7148_length_1661_cov_5.800125||full	review	no_CheckV_viral_genes;insufficient_support	1.000	0	Low-quality	3.28	AAI-based (medium-confidence)	0	0	no viral genes detected	1661	1661	1	No
MV-4122_S12	NODE_7160_length_1659_cov_2.379676||full	review	no_CheckV_viral_genes;insufficient_support	0.940	0	Not-determined	NA	NA	0	0	no viral genes detected	1659	1659	1	No
MV-4122_S12	NODE_7164_length_1657_cov_9.527466||full	exclude_strict	no_CheckV_viral_genes;host_genes_present	0.733	0	Not-determined	NA	NA	0	1	no viral genes detected	1657	1657	1	No
MV-4122_S12	NODE_7171_length_1656_cov_5.829482||full	review	no_CheckV_viral_genes;insufficient_support	0.913	0	Low-quality	3.72	AAI-based (medium-confidence)	0	0	no viral genes detected	1656	1656	1	No
MV-4122_S12	NODE_7174_length_1655_cov_5.659375||full	review	no_CheckV_viral_genes;insufficient_support	0.993	0	Not-determined	NA	NA	0	0	no viral genes detected	1655	1655	1	No
MV-4122_S12	NODE_7216_length_1647_cov_6.643216||full	review	no_CheckV_viral_genes;insufficient_support	0.780	0	Low-quality	2.7	AAI-based (medium-confidence)	0	0	no viral genes detected	1647	1647	1	No
MV-4122_S12	NODE_7231_length_1645_cov_4.049057||full	review	no_CheckV_viral_genes;insufficient_support	0.607	0	Not-determined	NA	NA	0	0	no viral genes detected	1645	1645	1	No
MV-4122_S12	NODE_7244_length_1643_cov_6.965365||full	review	no_CheckV_viral_genes;insufficient_support	1.000	0	Low-quality	2.4	AAI-based (high-confidence)	0	0	no viral genes detected	1643	1643	1	No
MV-4122_S12	NODE_7246_length_1643_cov_4.287154||full	exclude_strict	no_CheckV_viral_genes;host_genes_present	0.673	0	Low-quality	1.18	AAI-based (medium-confidence)	0	1	no viral genes detected	1643	1643	1	No
MV-4122_S12	NODE_7310_length_1630_cov_3.399365||full	exclude_strict	no_CheckV_viral_genes;host_genes_present	0.747	0	Low-quality	1.04	AAI-based (medium-confidence)	0	1	no viral genes detected	1630	1630	1	No
MV-4122_S12	NODE_7327_length_1627_cov_3.489822||full	review	VS_support_below_working_threshold	0.753	0	Low-quality	1.2	HMM-based (lower-bound)	1	0		1627	1627	1	No
MV-4122_S12	NODE_7331_length_1627_cov_2.216921||full	review	no_CheckV_viral_genes;insufficient_support	0.720	0	Not-determined	NA	NA	0	0	no viral genes detected	1627	1627	1	No
MV-4122_S12	NODE_7338_length_1625_cov_25.813376||full	exclude_strict	no_CheckV_viral_genes;host_genes_present	0.933	0	Low-quality	0.57	AAI-based (medium-confidence)	0	1	no viral genes detected	1625	1625	1	No
MV-4122_S12	NODE_7355_length_1624_cov_3.591460||full	review	no_CheckV_viral_genes;insufficient_support	0.920	0	Not-determined	NA	NA	0	0	no viral genes detected	1624	1624	1	No
MV-4122_S12	NODE_7417_length_1613_cov_12.639281||full	exclude_strict	no_CheckV_viral_genes;host_genes_present	0.840	0	Not-determined	NA	NA	0	2	no viral genes detected	1613	1613	1	No
MV-4122_S12	NODE_7425_length_1612_cov_6.806037||full	review	no_CheckV_viral_genes;insufficient_support	1.000	1	Low-quality	2.87	AAI-based (high-confidence)	0	0	no viral genes detected	1612	1612	1	No
MV-4122_S12	NODE_7437_length_1611_cov_3.724936||full	review	VS_support_below_working_threshold	0.867	0	Low-quality	1.92	HMM-based (lower-bound)	1	0		1611	1611	1	No
MV-4122_S12	NODE_7449_length_1608_cov_4.687057||full	strict_supported	VS_support_and_CheckV_viral_gene	0.993	0	Low-quality	3.45	HMM-based (lower-bound)	2	0		1608	1608	1	No
MV-4122_S12	NODE_7462_length_1605_cov_5.008387||full	review	no_CheckV_viral_genes;insufficient_support	0.913	0	Not-determined	NA	NA	0	0	no viral genes detected	1605	1605	1	No
MV-4122_S12	NODE_7491_length_1600_cov_9.799353||full	review	no_CheckV_viral_genes;insufficient_support	0.860	0	Not-determined	NA	NA	0	0	no viral genes detected	1600	1600	1	No
MV-4122_S12	NODE_7576_length_1586_cov_4.300457||full	strict_supported	VS_support_and_CheckV_viral_gene	0.987	0	Low-quality	2.9	AAI-based (high-confidence)	1	0		1586	1586	1	No
MV-4122_S12	NODE_7583_length_1585_cov_8.559477||full	review	no_CheckV_viral_genes;insufficient_support	0.953	0	Not-determined	NA	NA	0	0	no viral genes detected	1585	1585	1	No
MV-4122_S12	NODE_7642_length_1577_cov_7.455979||full	review	no_CheckV_viral_genes;insufficient_support	0.993	0	Low-quality	2.9	AAI-based (high-confidence)	0	0	no viral genes detected	1577	1577	1	No
MV-4122_S12	NODE_7663_length_1574_cov_10.385780||full	review	no_CheckV_viral_genes;insufficient_support	0.973	1	Low-quality	2.0	AAI-based (medium-confidence)	0	0	no viral genes detected	1574	1574	1	No
MV-4122_S12	NODE_7723_length_1563_cov_4.026525||full	exclude_strict	no_CheckV_viral_genes;host_genes_present	0.967	0	Not-determined	NA	NA	0	1	no viral genes detected	1563	1563	1	No
MV-4122_S12	NODE_7726_length_1562_cov_4.918381||full	review	no_CheckV_viral_genes;insufficient_support	0.853	0	Low-quality	4.48	AAI-based (medium-confidence)	0	0	no viral genes detected	1562	1562	1	No
MV-4122_S12	NODE_7785_length_1550_cov_20.328428||full	review	no_CheckV_viral_genes;insufficient_support	0.913	0	Not-determined	NA	NA	0	0	no viral genes detected	1550	1550	1	No
MV-4122_S12	NODE_7789_length_1549_cov_3.271084||full	exclude_strict	no_CheckV_viral_genes;host_genes_present	0.627	0	Not-determined	NA	NA	0	2	no viral genes detected	1549	1549	1	No
MV-4122_S12	NODE_7814_length_1545_cov_2.963758||full	exclude_strict	no_CheckV_viral_genes;host_genes_present	0.773	0	Not-determined	NA	NA	0	2	no viral genes detected	1545	1545	1	No
MV-4122_S12	NODE_7840_length_1540_cov_24.964310||full	exclude_strict	no_CheckV_viral_genes;host_genes_present	0.953	0	Not-determined	NA	NA	0	1	no viral genes detected	1540	1540	1	No
MV-4122_S12	NODE_7857_length_1538_cov_4.099123||full	review	no_CheckV_viral_genes;insufficient_support	0.640	0	Low-quality	0.98	AAI-based (medium-confidence)	0	0	no viral genes detected	1538	1538	1	No
MV-4122_S12	NODE_7903_length_1529_cov_5.675712||full	exclude_strict	no_CheckV_viral_genes;host_genes_present	0.560	0	Not-determined	NA	NA	0	3	no viral genes detected	1529	1529	1	No
MV-4122_S12	NODE_7912_length_1527_cov_3.613451||full	review	no_CheckV_viral_genes;insufficient_support	0.933	0	Low-quality	3.08	AAI-based (medium-confidence)	0	0	no viral genes detected	1527	1527	1	No
MV-4122_S12	NODE_7913_length_1527_cov_2.331522||full	exclude_strict	no_CheckV_viral_genes;host_genes_present	0.953	0	Low-quality	4.09	AAI-based (medium-confidence)	0	1	no viral genes detected	1527	1527	1	No
MV-4122_S12	NODE_7927_length_1524_cov_10.520082||full	exclude_strict	no_CheckV_viral_genes;host_genes_present	0.553	0	Not-determined	NA	NA	0	2	no viral genes detected	1524	1524	1	No
MV-4122_S12	NODE_7972_length_1517_cov_4.284542||full	strict_supported	VS_support_and_CheckV_viral_gene	0.880	1	Low-quality	3.74	AAI-based (medium-confidence)	2	0		1517	1517	1	No
MV-4125_S18	NODE_44_length_72013_cov_269.769240||0_partial	strict_supported	VS_support_and_CheckV_viral_gene	0.940	5	Low-quality	46.21	HMM-based (lower-bound)	8	24		56800	23934	1	Yes
MV-4125_S18	NODE_179_length_37735_cov_19.758519||0_partial	strict_supported	VS_support_and_CheckV_viral_gene	0.980	2	High-quality	100.0	AAI-based (medium-confidence)	6	1		17956	17956	1	No
MV-4125_S18	NODE_31_length_85557_cov_63.526303||full	strict_supported	VS_support_and_CheckV_viral_gene	0.953	5	Medium-quality	63.4	HMM-based (lower-bound)	18	26		85557	43474	1	Yes
MV-4125_S18	NODE_99_length_51627_cov_80.732316||full	review	CheckV_warning_requires_review	0.953	9	Medium-quality	51.76	HMM-based (lower-bound)	21	10	low-confidence Provirus	51627	38829	1	Yes
MV-4125_S18	NODE_167_length_39590_cov_73.593120||full	review	CheckV_warning_requires_review	0.567	5	Low-quality	29.42	AAI-based (medium-confidence)	9	15	low-confidence Provirus	39590	16412	1	Yes
MV-4125_S18	NODE_182_length_37015_cov_36.646023||full	exclude_strict	no_CheckV_viral_genes;host_genes_present	0.867	2	Not-determined	NA	NA	0	10	no viral genes detected	37015	37015	1	No
MV-4125_S18	NODE_192_length_36032_cov_194.343914||full	strict_supported	VS_support_and_CheckV_viral_gene	0.987	10	Medium-quality	80.52	AAI-based (medium-confidence)	19	1		36032	36032	1	No
MV-4125_S18	NODE_195_length_35915_cov_21.249247||full	strict_supported	VS_support_and_CheckV_viral_gene	0.993	7	Medium-quality	78.64	AAI-based (medium-confidence)	14	1		35915	35915	1	No
MV-4125_S18	NODE_264_length_29536_cov_160.334656||full	strict_supported	VS_support_and_CheckV_viral_gene	1.000	4	Medium-quality	54.75	AAI-based (medium-confidence)	10	1		29536	29536	1	No
MV-4125_S18	NODE_320_length_26064_cov_24.608905||full	strict_supported	VS_support_and_CheckV_viral_gene	0.807	5	Low-quality	27.0	HMM-based (lower-bound)	4	14		26064	26064	1	No
MV-4125_S18	NODE_378_length_23580_cov_22.248247||full	strict_supported	VS_support_and_CheckV_viral_gene	0.987	5	Medium-quality	59.1	AAI-based (medium-confidence)	12	1		23580	23580	1	No
MV-4125_S18	NODE_418_length_22031_cov_283.621451||full	strict_supported	VS_support_and_CheckV_viral_gene	0.920	9	Low-quality	33.26	AAI-based (medium-confidence)	10	7		22031	15147	1	Yes
MV-4125_S18	NODE_427_length_21710_cov_21.756869||full	exclude_strict	no_CheckV_viral_genes;host_genes_present	0.540	0	Not-determined	NA	NA	0	11	no viral genes detected	21710	21710	1	No
MV-4125_S18	NODE_523_length_18801_cov_19.978342||full	strict_supported	VS_support_and_CheckV_viral_gene	0.973	9	Low-quality	42.06	AAI-based (medium-confidence)	16	0		18801	18801	1	No
MV-4125_S18	NODE_560_length_17688_cov_16.352464||full	strict_supported	VS_support_and_CheckV_viral_gene	0.987	7	Low-quality	33.49	AAI-based (medium-confidence)	10	1		17688	17688	1	No
MV-4125_S18	NODE_573_length_17263_cov_8.254998||full	strict_supported	VS_support_and_CheckV_viral_gene	0.933	6	Low-quality	20.86	AAI-based (medium-confidence)	8	5		17263	9323	1	Yes
MV-4125_S18	NODE_636_length_15578_cov_10.995942||full	strict_supported	VS_support_and_CheckV_viral_gene	0.993	5	Low-quality	34.14	AAI-based (medium-confidence)	8	0		15578	15578	1	No
MV-4125_S18	NODE_730_length_13955_cov_49.059281||full	exclude_strict	no_CheckV_viral_genes;host_genes_present	0.727	0	Not-determined	NA	NA	0	1	no viral genes detected	13955	13955	1	No
MV-4125_S18	NODE_786_length_13336_cov_20.694225||full	strict_supported	VS_support_and_CheckV_viral_gene	0.753	2	Low-quality	11.53	HMM-based (lower-bound)	2	3		13336	7783	1	Yes
MV-4125_S18	NODE_792_length_13205_cov_217.630570||full	strict_supported	VS_support_and_CheckV_viral_gene	0.967	2	Low-quality	28.72	HMM-based (lower-bound)	2	0		13205	13205	1	No
MV-4125_S18	NODE_824_length_12829_cov_21.030922||full	review	no_CheckV_viral_genes;insufficient_support	0.587	0	Not-determined	NA	NA	0	0	no viral genes detected	12829	12829	1	No
MV-4125_S18	NODE_842_length_12646_cov_16.005004||full	strict_supported	VS_support_and_CheckV_viral_gene	1.000	8	Low-quality	23.72	AAI-based (medium-confidence)	11	0		12646	12646	1	No
MV-4125_S18	NODE_848_length_12556_cov_10.932405||full	strict_supported	VS_support_and_CheckV_viral_gene	1.000	1	Low-quality	28.52	AAI-based (medium-confidence)	8	0		12556	12556	1	No
MV-4125_S18	NODE_896_length_11997_cov_15.072517||full	review	no_CheckV_viral_genes;insufficient_support	0.913	0	Not-determined	NA	NA	0	0	no viral genes detected	11997	11997	1	No
MV-4125_S18	NODE_922_length_11680_cov_21.891097||full	strict_supported	VS_support_and_CheckV_viral_gene	0.807	5	Low-quality	15.37	AAI-based (medium-confidence)	6	2		11680	7007	1	Yes
MV-4125_S18	NODE_948_length_11464_cov_8.061180||full	strict_supported	VS_support_and_CheckV_viral_gene	0.947	2	Low-quality	29.49	AAI-based (medium-confidence)	1	0		11464	11464	1	No
MV-4125_S18	NODE_979_length_11202_cov_17.887862||full	strict_supported	VS_support_and_CheckV_viral_gene	0.920	0	Low-quality	15.39	HMM-based (lower-bound)	4	0		11202	11202	1	No
MV-4125_S18	NODE_1098_length_10075_cov_28.315868||full	exclude_strict	no_CheckV_viral_genes;host_genes_present	0.607	0	Not-determined	NA	NA	0	1	no viral genes detected	10075	10075	1	No
MV-4125_S18	NODE_1133_length_9875_cov_178.616293||full	review	VS_support_below_working_threshold	0.853	0	Low-quality	14.06	HMM-based (lower-bound)	3	0		9875	9875	1	No
MV-4125_S18	NODE_1159_length_9638_cov_12.392257||full	strict_supported	VS_support_and_CheckV_viral_gene	0.913	1	Low-quality	7.22	HMM-based (lower-bound)	4	1		9638	9638	1	No
MV-4125_S18	NODE_1172_length_9560_cov_18.875539||full	exclude_strict	no_CheckV_viral_genes;host_genes_present	0.640	0	Low-quality	11.08	AAI-based (medium-confidence)	0	7	no viral genes detected	9560	9560	1	No
MV-4125_S18	NODE_1200_length_9348_cov_6.731949||full	strict_supported	VS_support_and_CheckV_viral_gene	0.967	1	Low-quality	21.58	AAI-based (medium-confidence)	5	0		9348	9348	1	No
MV-4125_S18	NODE_1256_length_9000_cov_34.589603||full	review	no_CheckV_viral_genes;insufficient_support	0.800	0	Low-quality	11.54	AAI-based (medium-confidence)	0	0	no viral genes detected	9000	9000	1	No
MV-4125_S18	NODE_1259_length_8989_cov_12.419409||full	exclude_strict	no_CheckV_viral_genes;host_genes_present	0.533	0	Not-determined	NA	NA	0	7	no viral genes detected	8989	8989	1	No
MV-4125_S18	NODE_1262_length_8969_cov_7.885573||full	exclude_strict	no_CheckV_viral_genes;host_genes_present	0.627	0	Not-determined	NA	NA	0	5	no viral genes detected	8969	8969	1	No
MV-4125_S18	NODE_1277_length_8858_cov_9.778371||full	strict_supported	VS_support_and_CheckV_viral_gene	0.980	5	Low-quality	13.73	HMM-based (lower-bound)	8	0		8858	8858	1	No
MV-4125_S18	NODE_1302_length_8741_cov_9.203085||full	exclude_strict	no_CheckV_viral_genes;host_genes_present	0.620	0	Not-determined	NA	NA	0	5	no viral genes detected	8741	8741	1	No
MV-4125_S18	NODE_1368_length_8387_cov_15.933749||full	strict_supported	VS_support_and_CheckV_viral_gene	0.953	6	Low-quality	20.22	AAI-based (medium-confidence)	8	0		8387	8387	1	No
MV-4125_S18	NODE_1378_length_8337_cov_8.957619||full	review	VS_support_below_working_threshold	0.847	0	Low-quality	20.14	AAI-based (medium-confidence)	2	0		8337	8337	1	No
MV-4125_S18	NODE_1413_length_8185_cov_14.928044||full	exclude_strict	no_CheckV_viral_genes;host_genes_present	0.673	0	Not-determined	NA	NA	0	8	no viral genes detected	8185	8185	1	No
MV-4125_S18	NODE_1424_length_8140_cov_17.218924||full	review	VS_support_below_working_threshold	0.873	0	Low-quality	12.44	HMM-based (lower-bound)	4	0		8140	8140	1	No
MV-4125_S18	NODE_1427_length_8136_cov_15.313575||full	exclude_strict	no_CheckV_viral_genes;host_genes_present	0.593	0	Not-determined	NA	NA	0	1	no viral genes detected	8136	8136	1	No
MV-4125_S18	NODE_1436_length_8091_cov_20.625933||full	review	VS_support_below_working_threshold	0.773	0	Low-quality	14.21	AAI-based (medium-confidence)	3	1		8091	7667	1	Yes
MV-4125_S18	NODE_1456_length_8018_cov_10.468919||full	exclude_strict	no_CheckV_viral_genes;host_genes_present	0.533	2	Not-determined	NA	NA	0	5	no viral genes detected	8018	8018	1	No
MV-4125_S18	NODE_1537_length_7678_cov_4.914338||full	exclude_strict	no_CheckV_viral_genes;host_genes_present	0.573	0	Not-determined	NA	NA	0	8	no viral genes detected	7678	7678	1	No
MV-4125_S18	NODE_1571_length_7573_cov_10.957702||full	strict_supported	VS_support_and_CheckV_viral_gene	1.000	1	Low-quality	12.52	AAI-based (medium-confidence)	5	0		7573	7573	1	No
MV-4125_S18	NODE_1573_length_7565_cov_4.803728||full	strict_supported	VS_support_and_CheckV_viral_gene	1.000	1	Low-quality	16.25	AAI-based (medium-confidence)	3	0		7565	7565	1	No
MV-4125_S18	NODE_1593_length_7482_cov_17.314393||full	exclude_strict	no_CheckV_viral_genes;host_genes_present	0.633	0	Low-quality	9.54	AAI-based (medium-confidence)	0	5	no viral genes detected	7482	7482	1	No
MV-4125_S18	NODE_1595_length_7461_cov_9.573994||full	strict_supported	VS_support_and_CheckV_viral_gene	0.967	0	Low-quality	15.02	AAI-based (high-confidence)	2	0		7461	7461	1	No
MV-4125_S18	NODE_1628_length_7352_cov_10.227491||full	strict_supported	VS_support_and_CheckV_viral_gene	0.993	2	Low-quality	17.77	AAI-based (medium-confidence)	5	1		7352	7352	1	No
MV-4125_S18	NODE_1632_length_7348_cov_27.720143||full	strict_supported	VS_support_and_CheckV_viral_gene	0.953	0	Low-quality	4.35	HMM-based (lower-bound)	2	0		7348	7348	1	No
MV-4125_S18	NODE_1635_length_7338_cov_13.540162||full	exclude_strict	no_CheckV_viral_genes;host_genes_present	0.727	1	Not-determined	NA	NA	0	3	no viral genes detected	7338	7338	1	No
MV-4125_S18	NODE_1644_length_7312_cov_12.132975||full	strict_supported	VS_support_and_CheckV_viral_gene	0.953	0	Low-quality	14.04	HMM-based (lower-bound)	1	1		7312	7312	1	No
MV-4125_S18	NODE_1697_length_7142_cov_25.355722||full	strict_supported	VS_support_and_CheckV_viral_gene	0.860	4	Low-quality	12.54	AAI-based (medium-confidence)	5	0		7142	7142	1	No
MV-4125_S18	NODE_1724_length_7065_cov_13.455350||full	exclude_strict	no_CheckV_viral_genes;host_genes_present	0.527	0	Not-determined	NA	NA	0	2	no viral genes detected	7065	7065	1	No
MV-4125_S18	NODE_1759_length_6948_cov_11.298129||full	exclude_strict	ribosomal_hit_in_candidate;no_CheckV_viral_genes;host_genes_present;no_VS_hallmark	0.507	0	Not-determined	NA	NA	0	6	no viral genes detected	6948	6948	1	No
MV-4125_S18	NODE_1792_length_6857_cov_8.223905||full	exclude_strict	no_CheckV_viral_genes;host_genes_present	0.560	0	Not-determined	NA	NA	0	6	no viral genes detected	6857	6857	1	No
MV-4125_S18	NODE_1794_length_6845_cov_17.026951||full	review	no_CheckV_viral_genes;insufficient_support	0.893	0	Low-quality	15.02	AAI-based (medium-confidence)	0	0	no viral genes detected	6845	6845	1	No
MV-4125_S18	NODE_1800_length_6812_cov_7.428149||full	strict_supported	VS_support_and_CheckV_viral_gene	0.987	2	Low-quality	11.19	AAI-based (medium-confidence)	4	0		6812	6812	1	No
MV-4125_S18	NODE_1804_length_6787_cov_6.980392||full	strict_supported	VS_support_and_CheckV_viral_gene	0.973	5	Low-quality	10.41	AAI-based (medium-confidence)	6	0		6787	6787	1	No
MV-4125_S18	NODE_1810_length_6768_cov_16.431700||full	exclude_strict	no_CheckV_viral_genes;host_genes_present	0.660	0	Not-determined	NA	NA	0	1	no viral genes detected	6768	6768	1	No
MV-4125_S18	NODE_1827_length_6707_cov_22.056524||full	exclude_strict	no_CheckV_viral_genes;host_genes_present	0.533	0	Not-determined	NA	NA	0	4	no viral genes detected	6707	6707	1	No
MV-4125_S18	NODE_1857_length_6619_cov_5.702163||full	exclude_strict	no_CheckV_viral_genes;host_genes_present	0.967	0	Not-determined	NA	NA	0	1	no viral genes detected	6619	6619	1	No
MV-4125_S18	NODE_1888_length_6530_cov_23.547027||full	exclude_strict	no_CheckV_viral_genes;host_genes_present	0.513	0	Not-determined	NA	NA	0	1	no viral genes detected	6530	6530	1	No
MV-4125_S18	NODE_1902_length_6491_cov_24.423710||full	exclude_strict	no_CheckV_viral_genes;host_genes_present	0.987	1	Not-determined	NA	NA	0	2	no viral genes detected	6491	6491	1	No
MV-4125_S18	NODE_1962_length_6338_cov_17.464110||full	exclude_strict	no_CheckV_viral_genes;host_genes_present	0.667	0	Low-quality	9.78	AAI-based (medium-confidence)	0	1	no viral genes detected	6338	6338	1	No
MV-4125_S18	NODE_1964_length_6325_cov_10.363955||full	strict_supported	VS_support_and_CheckV_viral_gene	0.987	3	Low-quality	13.49	AAI-based (medium-confidence)	4	0		6325	6325	1	No
MV-4125_S18	NODE_1976_length_6297_cov_6.384652||full	strict_supported	VS_support_and_CheckV_viral_gene	0.987	4	Low-quality	17.19	AAI-based (medium-confidence)	6	0		6297	6297	1	No
MV-4125_S18	NODE_1977_length_6294_cov_24.202597||full	review	no_CheckV_viral_genes;insufficient_support	0.833	0	Not-determined	NA	NA	0	0	no viral genes detected	6294	6294	1	No
MV-4125_S18	NODE_1995_length_6237_cov_14.793271||full	exclude_strict	no_CheckV_viral_genes;host_genes_present	0.593	0	Not-determined	NA	NA	0	4	no viral genes detected	6237	6237	1	No
MV-4125_S18	NODE_2041_length_6138_cov_14.490383||full	exclude_strict	no_CheckV_viral_genes;host_genes_present	0.680	0	Not-determined	NA	NA	0	4	no viral genes detected	6138	6138	1	No
MV-4125_S18	NODE_2078_length_6041_cov_7.082025||full	exclude_strict	no_CheckV_viral_genes;host_genes_present	0.593	1	Not-determined	NA	NA	0	5	no viral genes detected	6041	6041	1	No
MV-4125_S18	NODE_2136_length_5895_cov_23.348801||full	review	VS_support_below_working_threshold	0.773	0	Low-quality	8.11	AAI-based (high-confidence)	1	1		5895	4003	1	Yes
MV-4125_S18	NODE_2208_length_5722_cov_6.725428||full	strict_supported	VS_support_and_CheckV_viral_gene	0.853	4	Low-quality	12.73	AAI-based (medium-confidence)	4	0		5722	5722	1	No
MV-4125_S18	NODE_2212_length_5709_cov_4.622037||full	review	VS_support_below_working_threshold	0.867	0	Low-quality	8.68	HMM-based (lower-bound)	1	0		5709	5709	1	No
MV-4125_S18	NODE_2214_length_5700_cov_10.156244||full	exclude_strict	no_CheckV_viral_genes;host_genes_present	0.613	0	Not-determined	NA	NA	0	4	no viral genes detected	5700	5700	1	No
MV-4125_S18	NODE_2239_length_5658_cov_13.842227||full	exclude_strict	no_CheckV_viral_genes;host_genes_present	0.527	0	Not-determined	NA	NA	0	4	no viral genes detected	5658	5658	1	No
MV-4125_S18	NODE_2278_length_5597_cov_17.188741||full	review	VS_support_below_working_threshold	0.587	0	Low-quality	11.06	AAI-based (medium-confidence)	2	0		5597	5597	1	No
MV-4125_S18	NODE_2283_length_5585_cov_18.821338||full	exclude_strict	no_CheckV_viral_genes;host_genes_present	0.607	0	Not-determined	NA	NA	0	4	no viral genes detected	5585	5585	1	No
MV-4125_S18	NODE_2330_length_5494_cov_132.858614||full	strict_supported	VS_support_and_CheckV_viral_gene	0.993	0	Low-quality	9.62	AAI-based (medium-confidence)	2	0		5494	5494	1	No
MV-4125_S18	NODE_2353_length_5455_cov_20.328333||full	review	no_CheckV_viral_genes;insufficient_support	0.960	1	Not-determined	NA	NA	0	0	no viral genes detected	5455	5455	1	No
MV-4125_S18	NODE_2373_length_5406_cov_12.669781||full	exclude_strict	no_CheckV_viral_genes;host_genes_present	0.680	0	Not-determined	NA	NA	0	2	no viral genes detected	5406	5406	1	No
MV-4125_S18	NODE_2441_length_5278_cov_5.827302||full	exclude_strict	no_CheckV_viral_genes;host_genes_present	0.627	0	Not-determined	NA	NA	0	4	no viral genes detected	5278	5278	1	No
MV-4125_S18	NODE_2467_length_5237_cov_22.871671||full	exclude_strict	no_CheckV_viral_genes;host_genes_present	0.560	0	Not-determined	NA	NA	0	3	no viral genes detected	5237	5237	1	No
MV-4125_S18	NODE_2484_length_5209_cov_3.713620||full	exclude_strict	no_CheckV_viral_genes;host_genes_present	0.560	0	Low-quality	9.97	AAI-based (medium-confidence)	0	1	no viral genes detected	5209	5209	1	No
MV-4125_S18	NODE_2520_length_5147_cov_11.377258||full	exclude_strict	no_CheckV_viral_genes;host_genes_present	0.640	0	Low-quality	5.66	AAI-based (medium-confidence)	0	2	no viral genes detected	5147	5147	1	No
MV-4125_S18	NODE_2558_length_5074_cov_7.828651||full	review	VS_support_below_working_threshold	0.580	2	Low-quality	9.14	AAI-based (medium-confidence)	4	0		5074	5074	1	No
MV-4125_S18	NODE_2649_length_4937_cov_15.560631||full	strict_supported	VS_support_and_CheckV_viral_gene	0.987	0	Low-quality	5.18	HMM-based (lower-bound)	2	0		4937	4937	1	No
MV-4125_S18	NODE_2690_length_4882_cov_16.817278||full	review	no_CheckV_viral_genes;insufficient_support	0.660	0	Not-determined	NA	NA	0	0	no viral genes detected	4882	4882	1	No
MV-4125_S18	NODE_2695_length_4876_cov_7.858950||full	strict_supported	VS_support_and_CheckV_viral_gene	0.920	1	Low-quality	9.39	HMM-based (lower-bound)	1	0		4876	4876	1	No
MV-4125_S18	NODE_2742_length_4811_cov_17.773549||full	exclude_strict	no_CheckV_viral_genes;host_genes_present	0.547	0	Not-determined	NA	NA	0	3	no viral genes detected	4811	4811	1	No
MV-4125_S18	NODE_2744_length_4809_cov_6.925116||full	strict_supported	VS_support_and_CheckV_viral_gene	0.713	2	Low-quality	7.33	AAI-based (medium-confidence)	2	1		4809	3756	1	Yes
MV-4125_S18	NODE_2784_length_4761_cov_29.406715||full	exclude_strict	no_CheckV_viral_genes;host_genes_present	0.787	0	Not-determined	NA	NA	0	1	no viral genes detected	4761	4761	1	No
MV-4125_S18	NODE_2827_length_4691_cov_251.265962||full	strict_supported	VS_support_and_CheckV_viral_gene	0.947	0	Low-quality	10.28	AAI-based (medium-confidence)	2	0		4691	4691	1	No
MV-4125_S18	NODE_2832_length_4684_cov_6.447613||full	exclude_strict	no_CheckV_viral_genes;host_genes_present	0.527	0	Low-quality	1.42	AAI-based (medium-confidence)	0	2	no viral genes detected	4684	4684	1	No
MV-4125_S18	NODE_2837_length_4676_cov_15.090457||full	exclude_strict	no_CheckV_viral_genes;host_genes_present	0.753	0	Low-quality	4.73	AAI-based (medium-confidence)	0	3	no viral genes detected	4676	4676	1	No
MV-4125_S18	NODE_2845_length_4670_cov_7.411051||full	exclude_strict	no_CheckV_viral_genes;host_genes_present	0.500	0	Not-determined	NA	NA	0	4	no viral genes detected	4670	4670	1	No
MV-4125_S18	NODE_2866_length_4650_cov_18.145375||full	review	no_CheckV_viral_genes;insufficient_support	0.853	0	Not-determined	NA	NA	0	0	no viral genes detected	4650	4650	1	No
MV-4125_S18	NODE_2869_length_4647_cov_9.492160||full	review	no_CheckV_viral_genes;insufficient_support	0.707	0	Not-determined	NA	NA	0	0	no viral genes detected	4647	4647	1	No
MV-4125_S18	NODE_2886_length_4631_cov_9.428103||full	exclude_strict	no_CheckV_viral_genes;host_genes_present	0.587	0	Low-quality	1.43	AAI-based (medium-confidence)	0	4	no viral genes detected	4631	4631	1	No
MV-4125_S18	NODE_2890_length_4629_cov_9.471797||full	exclude_strict	no_CheckV_viral_genes;host_genes_present	0.513	0	Not-determined	NA	NA	0	3	no viral genes detected	4629	4629	1	No
MV-4125_S18	NODE_2912_length_4600_cov_30.548075||full	strict_supported	VS_support_and_CheckV_viral_gene	0.853	2	Low-quality	5.59	HMM-based (lower-bound)	3	0		4600	4600	1	No
MV-4125_S18	NODE_2933_length_4573_cov_8.234396||full	exclude_strict	no_CheckV_viral_genes;host_genes_present	0.580	0	Not-determined	NA	NA	0	2	no viral genes detected	4573	4573	1	No
MV-4125_S18	NODE_2981_length_4526_cov_5.419593||full	strict_supported	VS_support_and_CheckV_viral_gene	0.993	1	Low-quality	9.87	AAI-based (medium-confidence)	5	0		4526	4526	1	No
MV-4125_S18	NODE_2987_length_4522_cov_14.811730||full	exclude_strict	no_CheckV_viral_genes;host_genes_present	0.820	0	Not-determined	NA	NA	0	1	no viral genes detected	4522	4522	1	No
MV-4125_S18	NODE_2989_length_4519_cov_25.539203||full	exclude_strict	no_CheckV_viral_genes;host_genes_present	0.887	0	Not-determined	NA	NA	0	1	no viral genes detected	4519	4519	1	No
MV-4125_S18	NODE_3003_length_4499_cov_6.380963||full	exclude_strict	no_CheckV_viral_genes;host_genes_present	0.853	0	Low-quality	2.08	AAI-based (medium-confidence)	0	4	no viral genes detected	4499	4499	1	No
MV-4125_S18	NODE_3068_length_4417_cov_13.207703||full	exclude_strict	no_CheckV_viral_genes;host_genes_present	0.860	0	Not-determined	NA	NA	0	4	no viral genes detected	4417	4417	1	No
MV-4125_S18	NODE_3103_length_4379_cov_8.596670||full	exclude_strict	no_CheckV_viral_genes;host_genes_present	0.607	0	Not-determined	NA	NA	0	3	no viral genes detected	4379	4379	1	No
MV-4125_S18	NODE_3122_length_4358_cov_6.756914||full	strict_supported	VS_support_and_CheckV_viral_gene	0.993	1	Low-quality	7.23	AAI-based (medium-confidence)	2	0		4358	4358	1	No
MV-4125_S18	NODE_3131_length_4351_cov_244.672952||full	exclude_strict	no_CheckV_viral_genes;host_genes_present	0.813	0	Not-determined	NA	NA	0	5	no viral genes detected	4351	4351	1	No
MV-4125_S18	NODE_3135_length_4346_cov_7.134934||full	strict_supported	VS_support_and_CheckV_viral_gene	0.993	3	Low-quality	10.03	AAI-based (high-confidence)	4	0		4346	4346	1	No
MV-4125_S18	NODE_3190_length_4284_cov_11.720501||full	review	no_CheckV_viral_genes;insufficient_support	0.840	0	Low-quality	6.7	AAI-based (medium-confidence)	0	0	no viral genes detected	4284	4284	1	No
MV-4125_S18	NODE_3225_length_4254_cov_16.160276||full	review	no_CheckV_viral_genes;insufficient_support	0.660	0	Not-determined	NA	NA	0	0	no viral genes detected	4254	4254	1	No
MV-4125_S18	NODE_3256_length_4223_cov_8.920585||full	review	VS_support_below_working_threshold	0.760	0	Low-quality	3.82	HMM-based (lower-bound)	1	0		4223	4223	1	No
MV-4125_S18	NODE_3285_length_4203_cov_12.515911||full	review	no_CheckV_viral_genes;insufficient_support	0.893	0	Not-determined	NA	NA	0	0	no viral genes detected	4203	4203	1	No
MV-4125_S18	NODE_3289_length_4198_cov_12.096307||full	review	no_CheckV_viral_genes;insufficient_support	0.953	0	Low-quality	7.15	AAI-based (medium-confidence)	0	0	no viral genes detected	4198	4198	1	No
MV-4125_S18	NODE_3308_length_4176_cov_6.682601||full	exclude_strict	no_CheckV_viral_genes;host_genes_present	0.773	0	Low-quality	3.19	AAI-based (medium-confidence)	0	3	no viral genes detected	4176	4176	1	No
MV-4125_S18	NODE_3360_length_4134_cov_13.034077||full	review	no_CheckV_viral_genes;insufficient_support	0.860	0	Not-determined	NA	NA	0	0	no viral genes detected	4134	4134	1	No
MV-4125_S18	NODE_3441_length_4060_cov_13.140574||full	review	VS_support_below_working_threshold	0.840	0	Low-quality	2.27	HMM-based (lower-bound)	1	0		4060	4060	1	No
MV-4125_S18	NODE_3517_length_3998_cov_10.060867||full	exclude_strict	no_CheckV_viral_genes;host_genes_present	0.800	0	Not-determined	NA	NA	0	1	no viral genes detected	3998	3998	1	No
MV-4125_S18	NODE_3520_length_3996_cov_20.496067||full	exclude_strict	no_CheckV_viral_genes;host_genes_present	0.727	0	Not-determined	NA	NA	0	4	no viral genes detected	3996	3996	1	No
MV-4125_S18	NODE_3523_length_3992_cov_8.242062||full	exclude_strict	no_CheckV_viral_genes;host_genes_present	0.567	0	Not-determined	NA	NA	0	1	no viral genes detected	3992	3992	1	No
MV-4125_S18	NODE_3533_length_3984_cov_14.257826||full	exclude_strict	no_CheckV_viral_genes;host_genes_present	0.500	0	Not-determined	NA	NA	0	2	no viral genes detected	3984	3984	1	No
MV-4125_S18	NODE_3552_length_3967_cov_5.421779||full	exclude_strict	no_CheckV_viral_genes;host_genes_present	0.560	1	Not-determined	NA	NA	0	1	no viral genes detected	3967	3967	1	No
MV-4125_S18	NODE_3572_length_3954_cov_19.470890||full	review	VS_support_below_working_threshold	0.807	0	Low-quality	2.14	HMM-based (lower-bound)	1	2		3954	3954	1	No
MV-4125_S18	NODE_3577_length_3953_cov_8.601591||full	strict_supported	VS_support_and_CheckV_viral_gene	0.993	0	Low-quality	6.37	HMM-based (lower-bound)	1	0		3953	3953	1	No
MV-4125_S18	NODE_3622_length_3912_cov_7.338346||full	exclude_strict	no_CheckV_viral_genes;host_genes_present	0.747	0	Low-quality	6.4	AAI-based (medium-confidence)	0	2	no viral genes detected	3912	3912	1	No
MV-4125_S18	NODE_3627_length_3908_cov_13.390086||full	review	VS_support_below_working_threshold	0.867	0	Low-quality	0.31	HMM-based (lower-bound)	1	0		3908	3908	1	No
MV-4125_S18	NODE_3643_length_3894_cov_70.975514||full	exclude_strict	no_CheckV_viral_genes;host_genes_present	0.787	0	Not-determined	NA	NA	0	1	no viral genes detected	3894	3894	1	No
MV-4125_S18	NODE_3686_length_3870_cov_7.672870||full	review	no_CheckV_viral_genes;insufficient_support	0.867	0	Not-determined	NA	NA	0	0	no viral genes detected	3870	3870	1	No
MV-4125_S18	NODE_3700_length_3861_cov_5.555964||full	exclude_strict	no_CheckV_viral_genes;host_genes_present	0.540	0	Not-determined	NA	NA	0	4	no viral genes detected	3861	3861	1	No
MV-4125_S18	NODE_3701_length_3861_cov_4.504992||full	review	no_CheckV_viral_genes;insufficient_support	0.593	0	Not-determined	NA	NA	0	0	no viral genes detected	3861	3861	1	No
MV-4125_S18	NODE_3708_length_3851_cov_6.218915||full	exclude_strict	no_CheckV_viral_genes;host_genes_present	0.807	0	Low-quality	2.07	AAI-based (medium-confidence)	0	3	no viral genes detected	3851	3851	1	No
MV-4125_S18	NODE_3715_length_3847_cov_5.098892||full	exclude_strict	no_CheckV_viral_genes;host_genes_present	0.787	0	Not-determined	NA	NA	0	3	no viral genes detected	3847	3847	1	No
MV-4125_S18	NODE_3771_length_3803_cov_6.357257||full	review	no_CheckV_viral_genes;insufficient_support	0.913	0	Not-determined	NA	NA	0	0	no viral genes detected	3803	3803	1	No
MV-4125_S18	NODE_3774_length_3801_cov_7.008275||full	exclude_strict	no_CheckV_viral_genes;host_genes_present	0.673	0	Not-determined	NA	NA	0	2	no viral genes detected	3801	3801	1	No
MV-4125_S18	NODE_3795_length_3782_cov_12.631876||full	exclude_strict	no_CheckV_viral_genes;host_genes_present	0.867	0	Low-quality	4.46	AAI-based (medium-confidence)	0	2	no viral genes detected	3782	3782	1	No
MV-4125_S18	NODE_3796_length_3782_cov_7.428495||full	exclude_strict	no_CheckV_viral_genes;host_genes_present	0.780	0	Not-determined	NA	NA	0	3	no viral genes detected	3782	3782	1	No
MV-4125_S18	NODE_3801_length_3779_cov_9.437164||full	review	VS_support_below_working_threshold	0.593	0	Low-quality	11.83	AAI-based (medium-confidence)	1	0		3779	3779	1	No
MV-4125_S18	NODE_3815_length_3771_cov_5.793864||full	exclude_strict	no_CheckV_viral_genes;host_genes_present	0.713	0	Not-determined	NA	NA	0	3	no viral genes detected	3771	3771	1	No
MV-4125_S18	NODE_3818_length_3769_cov_6.083199||full	exclude_strict	no_CheckV_viral_genes;host_genes_present	0.627	0	Not-determined	NA	NA	0	2	no viral genes detected	3769	3769	1	No
MV-4125_S18	NODE_3832_length_3753_cov_22.838561||full	exclude_strict	no_CheckV_viral_genes;host_genes_present	0.727	0	Not-determined	NA	NA	0	2	no viral genes detected	3753	3753	1	No
MV-4125_S18	NODE_3877_length_3713_cov_6.793603||full	exclude_strict	no_CheckV_viral_genes;host_genes_present	0.553	0	Not-determined	NA	NA	0	4	no viral genes detected	3713	3713	1	No
MV-4125_S18	NODE_3930_length_3673_cov_10.127418||full	exclude_strict	no_CheckV_viral_genes;host_genes_present	0.780	0	Not-determined	NA	NA	0	2	no viral genes detected	3673	3673	1	No
MV-4125_S18	NODE_3936_length_3668_cov_5.013285||full	strict_supported	VS_support_and_CheckV_viral_gene	0.967	0	Low-quality	14.7	AAI-based (medium-confidence)	2	0		3668	3668	1	No
MV-4125_S18	NODE_3943_length_3661_cov_7.766778||full	exclude_strict	no_CheckV_viral_genes;host_genes_present	0.593	0	Low-quality	5.38	AAI-based (medium-confidence)	0	2	no viral genes detected	3661	3661	1	No
MV-4125_S18	NODE_3956_length_3651_cov_5.238320||full	strict_supported	VS_support_and_CheckV_viral_gene	0.907	0	Low-quality	4.04	AAI-based (medium-confidence)	2	0		3651	3651	1	No
MV-4125_S18	NODE_3959_length_3649_cov_15.918753||full	exclude_strict	no_CheckV_viral_genes;host_genes_present	0.713	1	Low-quality	8.43	AAI-based (medium-confidence)	0	1	no viral genes detected	3649	3649	1	No
MV-4125_S18	NODE_3983_length_3633_cov_5.179709||full	strict_supported	VS_support_and_CheckV_viral_gene	1.000	2	Low-quality	9.69	AAI-based (medium-confidence)	3	0		3633	3633	1	No
MV-4125_S18	NODE_3991_length_3626_cov_6.035564||full	exclude_strict	no_CheckV_viral_genes;host_genes_present	0.667	0	Not-determined	NA	NA	0	2	no viral genes detected	3626	3626	1	No
MV-4125_S18	NODE_4019_length_3607_cov_9.094595||full	strict_supported	VS_support_and_CheckV_viral_gene	1.000	1	Low-quality	6.9	AAI-based (high-confidence)	3	0		3607	3607	1	No
MV-4125_S18	NODE_4026_length_3603_cov_4.397689||full	review	no_CheckV_viral_genes;insufficient_support	0.613	0	Not-determined	NA	NA	0	0	no viral genes detected	3603	3603	1	No
MV-4125_S18	NODE_4082_length_3554_cov_11.573592||full	exclude_strict	no_CheckV_viral_genes;host_genes_present	0.587	0	Not-determined	NA	NA	0	2	no viral genes detected	3554	3554	1	No
MV-4125_S18	NODE_4104_length_3539_cov_5.529851||full	exclude_strict	no_CheckV_viral_genes;host_genes_present	0.593	0	Low-quality	1.58	AAI-based (medium-confidence)	0	1	no viral genes detected	3539	3539	1	No
MV-4125_S18	NODE_4108_length_3536_cov_8.706693||full	strict_supported	VS_support_and_CheckV_viral_gene	1.000	2	Low-quality	7.77	AAI-based (medium-confidence)	2	0		3536	3536	1	No
MV-4125_S18	NODE_4159_length_3496_cov_6.775647||full	exclude_strict	no_CheckV_viral_genes;host_genes_present	0.807	1	Not-determined	NA	NA	0	2	no viral genes detected	3496	3496	1	No
MV-4125_S18	NODE_4178_length_3480_cov_4.611679||full	review	VS_support_below_working_threshold	0.793	0	Low-quality	4.03	AAI-based (medium-confidence)	1	0		3480	3480	1	No
MV-4125_S18	NODE_4182_length_3477_cov_18.059906||full	exclude_strict	no_CheckV_viral_genes;host_genes_present	0.620	0	Not-determined	NA	NA	0	1	no viral genes detected	3477	3477	1	No
MV-4125_S18	NODE_4199_length_3470_cov_4.000586||full	strict_supported	VS_support_and_CheckV_viral_gene	1.000	3	Low-quality	7.31	AAI-based (medium-confidence)	4	0		3470	3470	1	No
MV-4125_S18	NODE_4251_length_3433_cov_10.179100||full	exclude_strict	no_CheckV_viral_genes;host_genes_present	0.707	0	Not-determined	NA	NA	0	1	no viral genes detected	3433	3433	1	No
MV-4125_S18	NODE_4297_length_3400_cov_18.199103||full	exclude_strict	no_CheckV_viral_genes;host_genes_present	0.520	0	Low-quality	0.8	AAI-based (medium-confidence)	0	1	no viral genes detected	3400	3400	1	No
MV-4125_S18	NODE_4319_length_3386_cov_4.834284||full	exclude_strict	no_CheckV_viral_genes;host_genes_present	0.647	0	Not-determined	NA	NA	0	4	no viral genes detected	3386	3386	1	No
MV-4125_S18	NODE_4340_length_3374_cov_8.576077||full	exclude_strict	no_CheckV_viral_genes;host_genes_present	0.547	0	Not-determined	NA	NA	0	1	no viral genes detected	3374	3374	1	No
MV-4125_S18	NODE_4365_length_3359_cov_19.726998||full	exclude_strict	no_CheckV_viral_genes;host_genes_present	0.780	0	Not-determined	NA	NA	0	2	no viral genes detected	3359	3359	1	No
MV-4125_S18	NODE_4397_length_3335_cov_19.043293||full	exclude_strict	no_CheckV_viral_genes;host_genes_present	0.993	0	Not-determined	NA	NA	0	1	no viral genes detected	3335	3335	1	No
MV-4125_S18	NODE_4409_length_3324_cov_4.660447||full	strict_supported	VS_support_and_CheckV_viral_gene	1.000	2	Low-quality	6.83	AAI-based (medium-confidence)	2	0		3324	3324	1	No
MV-4125_S18	NODE_4414_length_3320_cov_5.839510||full	strict_supported	VS_support_and_CheckV_viral_gene	0.907	1	Low-quality	1.38	HMM-based (lower-bound)	2	0		3320	3320	1	No
MV-4125_S18	NODE_4415_length_3320_cov_3.826646||full	exclude_strict	no_CheckV_viral_genes;host_genes_present	0.727	0	Low-quality	6.31	AAI-based (medium-confidence)	0	1	no viral genes detected	3320	3320	1	No
MV-4125_S18	NODE_4418_length_3318_cov_5.099602||full	exclude_strict	no_CheckV_viral_genes;host_genes_present	0.540	0	Not-determined	NA	NA	0	3	no viral genes detected	3318	3318	1	No
MV-4125_S18	NODE_4420_length_3317_cov_4.751380||full	exclude_strict	no_CheckV_viral_genes;host_genes_present	0.713	0	Not-determined	NA	NA	0	2	no viral genes detected	3317	3317	1	No
MV-4125_S18	NODE_4441_length_3302_cov_7.658146||full	strict_supported	VS_support_and_CheckV_viral_gene	0.987	4	Low-quality	8.55	AAI-based (medium-confidence)	8	0		3302	3302	1	No
MV-4125_S18	NODE_4454_length_3297_cov_6.496915||full	exclude_strict	no_CheckV_viral_genes;host_genes_present	0.827	1	Not-determined	NA	NA	0	1	no viral genes detected	3297	3297	1	No
MV-4125_S18	NODE_4460_length_3295_cov_6.575617||full	review	VS_support_below_working_threshold	0.687	0	Low-quality	1.54	HMM-based (lower-bound)	1	0		3295	3295	1	No
MV-4125_S18	NODE_4464_length_3292_cov_11.510040||full	exclude_strict	no_CheckV_viral_genes;host_genes_present	0.727	0	Not-determined	NA	NA	0	2	no viral genes detected	3292	3292	1	No
MV-4125_S18	NODE_4480_length_3280_cov_5.752248||full	exclude_strict	no_CheckV_viral_genes;host_genes_present	0.847	0	Not-determined	NA	NA	0	3	no viral genes detected	3280	3280	1	No
MV-4125_S18	NODE_4481_length_3279_cov_16.635873||full	exclude_strict	no_CheckV_viral_genes;host_genes_present	0.607	0	Not-determined	NA	NA	0	1	no viral genes detected	3279	3279	1	No
MV-4125_S18	NODE_4511_length_3258_cov_6.609429||full	exclude_strict	no_CheckV_viral_genes;host_genes_present	0.593	0	Not-determined	NA	NA	0	1	no viral genes detected	3258	3258	1	No
MV-4125_S18	NODE_4531_length_3247_cov_3.134712||full	exclude_strict	no_CheckV_viral_genes;host_genes_present	0.720	0	Not-determined	NA	NA	0	2	no viral genes detected	3247	3247	1	No
MV-4125_S18	NODE_4553_length_3236_cov_4.496699||full	review	no_CheckV_viral_genes;insufficient_support	0.933	1	Not-determined	NA	NA	0	0	no viral genes detected	3236	3236	1	No
MV-4125_S18	NODE_4564_length_3225_cov_5.424921||full	review	no_CheckV_viral_genes;insufficient_support	0.680	0	Not-determined	NA	NA	0	0	no viral genes detected	3225	3225	1	No
MV-4125_S18	NODE_4581_length_3215_cov_3.996835||full	review	no_CheckV_viral_genes;insufficient_support	0.753	0	Not-determined	NA	NA	0	0	no viral genes detected	3215	3215	1	No
MV-4125_S18	NODE_4624_length_3191_cov_10.099171||full	review	no_CheckV_viral_genes;insufficient_support	0.727	0	Not-determined	NA	NA	0	0	no viral genes detected	3191	3191	1	No
MV-4125_S18	NODE_4673_length_3164_cov_5.592795||full	exclude_strict	no_CheckV_viral_genes;host_genes_present	0.527	0	Not-determined	NA	NA	0	3	no viral genes detected	3164	3164	1	No
MV-4125_S18	NODE_4701_length_3152_cov_16.795932||full	exclude_strict	no_CheckV_viral_genes;host_genes_present	0.793	0	Not-determined	NA	NA	0	1	no viral genes detected	3152	3152	1	No
MV-4125_S18	NODE_4739_length_3130_cov_11.536585||full	review	no_CheckV_viral_genes;insufficient_support	0.780	0	Low-quality	6.47	AAI-based (medium-confidence)	0	0	no viral genes detected	3130	3130	1	No
MV-4125_S18	NODE_4756_length_3125_cov_8.160912||full	exclude_strict	no_CheckV_viral_genes;host_genes_present	0.667	0	Not-determined	NA	NA	0	2	no viral genes detected	3125	3125	1	No
MV-4125_S18	NODE_4764_length_3121_cov_10.180691||full	exclude_strict	no_CheckV_viral_genes;host_genes_present	0.960	0	Not-determined	NA	NA	0	1	no viral genes detected	3121	3121	1	No
MV-4125_S18	NODE_4767_length_3120_cov_12.794127||full	strict_supported	VS_support_and_CheckV_viral_gene	0.907	0	Low-quality	6.15	AAI-based (medium-confidence)	2	0		3120	3120	1	No
MV-4125_S18	NODE_4786_length_3108_cov_4.840485||full	exclude_strict	no_CheckV_viral_genes;host_genes_present	0.713	0	Not-determined	NA	NA	0	3	no viral genes detected	3108	3108	1	No
MV-4125_S18	NODE_4796_length_3097_cov_7.476331||full	exclude_strict	no_CheckV_viral_genes;host_genes_present	0.973	0	Not-determined	NA	NA	0	1	no viral genes detected	3097	3097	1	No
MV-4125_S18	NODE_4797_length_3097_cov_7.220907||full	review	no_CheckV_viral_genes;insufficient_support	0.987	0	Low-quality	5.44	AAI-based (medium-confidence)	0	0	no viral genes detected	3097	3097	1	No
MV-4125_S18	NODE_4807_length_3095_cov_4.334539||full	review	no_CheckV_viral_genes;insufficient_support	0.533	0	Not-determined	NA	NA	0	0	no viral genes detected	3095	3095	1	No
MV-4125_S18	NODE_4809_length_3093_cov_5.840355||full	exclude_strict	no_CheckV_viral_genes;host_genes_present	0.613	0	Not-determined	NA	NA	0	3	no viral genes detected	3093	3093	1	No
MV-4125_S18	NODE_4819_length_3086_cov_3.561201||full	exclude_strict	no_CheckV_viral_genes;host_genes_present	0.627	0	Not-determined	NA	NA	0	4	no viral genes detected	3086	3086	1	No
MV-4125_S18	NODE_4828_length_3080_cov_5.423802||full	exclude_strict	no_CheckV_viral_genes;host_genes_present	0.913	0	Low-quality	5.41	AAI-based (medium-confidence)	0	1	no viral genes detected	3080	3080	1	No
MV-4125_S18	NODE_4841_length_3074_cov_6.998013||full	exclude_strict	no_CheckV_viral_genes;host_genes_present	0.593	0	Not-determined	NA	NA	0	3	no viral genes detected	3074	3074	1	No
MV-4125_S18	NODE_4866_length_3057_cov_6.158894||full	exclude_strict	no_CheckV_viral_genes;host_genes_present	0.513	0	Not-determined	NA	NA	0	2	no viral genes detected	3057	3057	1	No
MV-4125_S18	NODE_4869_length_3056_cov_5.228590||full	exclude_strict	no_CheckV_viral_genes;host_genes_present	0.500	0	Low-quality	1.94	AAI-based (medium-confidence)	0	2	no viral genes detected	3056	3056	1	No
MV-4125_S18	NODE_4872_length_3054_cov_6.468489||full	review	no_CheckV_viral_genes;insufficient_support	0.993	1	Not-determined	NA	NA	0	0	no viral genes detected	3054	3054	1	No
MV-4125_S18	NODE_4894_length_3044_cov_6.975243||full	exclude_strict	no_CheckV_viral_genes;host_genes_present	0.587	0	Not-determined	NA	NA	0	3	no viral genes detected	3044	3044	1	No
MV-4125_S18	NODE_4963_length_3006_cov_18.203660||full	strict_supported	VS_support_and_CheckV_viral_gene	0.947	1	Low-quality	5.76	AAI-based (medium-confidence)	2	0		3006	3006	1	No
MV-4125_S18	NODE_4982_length_2996_cov_31.291397||full	exclude_strict	no_CheckV_viral_genes;host_genes_present	0.660	0	Not-determined	NA	NA	0	2	no viral genes detected	2996	2996	1	No
MV-4125_S18	NODE_5004_length_2989_cov_3.775051||full	exclude_strict	no_CheckV_viral_genes;host_genes_present	0.520	0	Not-determined	NA	NA	0	3	no viral genes detected	2989	2989	1	No
MV-4125_S18	NODE_5011_length_2984_cov_17.588255||full	exclude_strict	no_CheckV_viral_genes;host_genes_present	0.767	0	Not-determined	NA	NA	0	1	no viral genes detected	2984	2984	1	No
MV-4125_S18	NODE_5021_length_2983_cov_4.695355||full	exclude_strict	no_CheckV_viral_genes;host_genes_present	0.627	0	Low-quality	0.83	AAI-based (medium-confidence)	0	2	no viral genes detected	2983	2983	1	No
MV-4125_S18	NODE_5027_length_2978_cov_7.287034||full	exclude_strict	no_CheckV_viral_genes;host_genes_present	0.907	0	Not-determined	NA	NA	0	2	no viral genes detected	2978	2978	1	No
MV-4125_S18	NODE_5036_length_2972_cov_7.820706||full	exclude_strict	no_CheckV_viral_genes;host_genes_present	0.573	0	Not-determined	NA	NA	0	2	no viral genes detected	2972	2972	1	No
MV-4125_S18	NODE_5057_length_2962_cov_4.682835||full	exclude_strict	no_CheckV_viral_genes;host_genes_present	0.660	0	Not-determined	NA	NA	0	1	no viral genes detected	2962	2962	1	No
MV-4125_S18	NODE_5109_length_2938_cov_8.882414||full	strict_supported	VS_support_and_CheckV_viral_gene	0.947	0	Low-quality	4.33	HMM-based (lower-bound)	1	0		2938	2938	1	No
MV-4125_S18	NODE_5139_length_2923_cov_3.703626||full	exclude_strict	no_CheckV_viral_genes;host_genes_present	0.807	0	Not-determined	NA	NA	0	1	no viral genes detected	2923	2923	1	No
MV-4125_S18	NODE_5170_length_2909_cov_4.098108||full	exclude_strict	no_CheckV_viral_genes;host_genes_present	0.700	0	Not-determined	NA	NA	0	1	no viral genes detected	2909	2909	1	No
MV-4125_S18	NODE_5185_length_2903_cov_5.229284||full	strict_supported	VS_support_and_CheckV_viral_gene	1.000	2	Low-quality	2.03	HMM-based (lower-bound)	3	0		2903	2903	1	No
MV-4125_S18	NODE_5230_length_2877_cov_13.729624||full	strict_supported	VS_support_and_CheckV_viral_gene	0.960	0	Low-quality	4.27	HMM-based (lower-bound)	2	0		2877	2877	1	No
MV-4125_S18	NODE_5275_length_2854_cov_7.731690||full	strict_supported	VS_support_and_CheckV_viral_gene	0.967	0	Low-quality	5.76	AAI-based (medium-confidence)	1	0		2854	2854	1	No
MV-4125_S18	NODE_5330_length_2829_cov_6.411680||full	strict_supported	VS_support_and_CheckV_viral_gene	0.993	1	Low-quality	5.69	AAI-based (medium-confidence)	1	0		2829	2829	1	No
MV-4125_S18	NODE_5364_length_2816_cov_13.505614||full	review	no_CheckV_viral_genes;insufficient_support	0.707	0	Not-determined	NA	NA	0	0	no viral genes detected	2816	2816	1	No
MV-4125_S18	NODE_5365_length_2816_cov_4.344440||full	strict_supported	VS_support_and_CheckV_viral_gene	0.920	0	Low-quality	0.81	HMM-based (lower-bound)	1	0		2816	2816	1	No
MV-4125_S18	NODE_5372_length_2811_cov_18.986575||full	exclude_strict	no_CheckV_viral_genes;host_genes_present	0.527	0	Not-determined	NA	NA	0	3	no viral genes detected	2811	2811	1	No
MV-4125_S18	NODE_5402_length_2800_cov_19.195993||full	exclude_strict	no_CheckV_viral_genes;host_genes_present	0.967	0	Not-determined	NA	NA	0	1	no viral genes detected	2800	2800	1	No
MV-4125_S18	NODE_5412_length_2794_cov_10.298284||full	review	no_CheckV_viral_genes;insufficient_support	0.933	0	Low-quality	5.14	AAI-based (medium-confidence)	0	0	no viral genes detected	2794	2794	1	No
MV-4125_S18	NODE_5419_length_2791_cov_4.478801||full	review	no_CheckV_viral_genes;insufficient_support	0.953	0	Not-determined	NA	NA	0	0	no viral genes detected	2791	2791	1	No
MV-4125_S18	NODE_5448_length_2778_cov_5.679765||full	review	no_CheckV_viral_genes;insufficient_support	0.867	0	Low-quality	4.4	AAI-based (medium-confidence)	0	0	no viral genes detected	2778	2778	1	No
MV-4125_S18	NODE_5454_length_2776_cov_5.040426||full	exclude_strict	no_CheckV_viral_genes;host_genes_present	0.780	0	Not-determined	NA	NA	0	2	no viral genes detected	2776	2776	1	No
MV-4125_S18	NODE_5476_length_2765_cov_4.760148||full	exclude_strict	no_CheckV_viral_genes;host_genes_present	0.687	0	Low-quality	5.6	AAI-based (medium-confidence)	0	2	no viral genes detected	2765	2765	1	No
MV-4125_S18	NODE_5530_length_2738_cov_4.333582||full	exclude_strict	no_CheckV_viral_genes;host_genes_present	0.820	0	Not-determined	NA	NA	0	1	no viral genes detected	2738	2738	1	No
MV-4125_S18	NODE_5548_length_2728_cov_5.784886||full	strict_supported	VS_support_and_CheckV_viral_gene	0.960	0	Low-quality	0.78	HMM-based (lower-bound)	1	1		2728	702	1	Yes
MV-4125_S18	NODE_5584_length_2712_cov_4.872789||full	exclude_strict	no_CheckV_viral_genes;host_genes_present	0.740	0	Not-determined	NA	NA	0	2	no viral genes detected	2712	2712	1	No
MV-4125_S18	NODE_5606_length_2703_cov_8.504154||full	exclude_strict	no_CheckV_viral_genes;host_genes_present	0.847	0	Not-determined	NA	NA	0	2	no viral genes detected	2703	2703	1	No
MV-4125_S18	NODE_5608_length_2703_cov_5.116314||full	strict_supported	VS_support_and_CheckV_viral_gene	0.840	2	Low-quality	7.74	AAI-based (medium-confidence)	3	0		2703	2703	1	No
MV-4125_S18	NODE_5613_length_2700_cov_29.366352||full	review	no_CheckV_viral_genes;insufficient_support	0.920	0	Not-determined	NA	NA	0	0	no viral genes detected	2700	2700	1	No
MV-4125_S18	NODE_5629_length_2695_cov_5.128788||full	strict_supported	VS_support_and_CheckV_viral_gene	0.993	0	Low-quality	5.34	AAI-based (high-confidence)	5	0		2695	2695	1	No
MV-4125_S18	NODE_5643_length_2688_cov_9.237372||full	exclude_strict	no_CheckV_viral_genes;host_genes_present	0.820	0	Low-quality	2.8	AAI-based (medium-confidence)	0	1	no viral genes detected	2688	2688	1	No
MV-4125_S18	NODE_5650_length_2686_cov_6.816040||lt2gene	review	VS_support_below_working_threshold	nan	2	Low-quality	4.02	HMM-based (lower-bound)	2	0		2686	2686	1	No
MV-4125_S18	NODE_5671_length_2678_cov_6.078155||full	strict_supported	VS_support_and_CheckV_viral_gene	0.980	1	Low-quality	6.81	AAI-based (high-confidence)	1	0		2678	2678	1	No
MV-4125_S18	NODE_5689_length_2672_cov_4.823080||full	exclude_strict	no_CheckV_viral_genes;host_genes_present	0.967	1	Low-quality	4.08	AAI-based (medium-confidence)	0	1	no viral genes detected	2672	2672	1	No
MV-4125_S18	NODE_5705_length_2668_cov_4.288175||lt2gene	review	no_CheckV_viral_genes;insufficient_support	nan	1	Low-quality	4.98	AAI-based (medium-confidence)	0	0	no viral genes detected	2668	2668	1	No
MV-4125_S18	NODE_5717_length_2663_cov_9.953988||full	review	no_CheckV_viral_genes;insufficient_support	0.780	0	Low-quality	2.9	AAI-based (medium-confidence)	0	0	no viral genes detected	2663	2663	1	No
MV-4125_S18	NODE_5744_length_2653_cov_5.820631||full	review	no_CheckV_viral_genes;insufficient_support	0.853	0	Low-quality	5.08	AAI-based (medium-confidence)	0	0	no viral genes detected	2653	2653	1	No
MV-4125_S18	NODE_5766_length_2646_cov_6.168275||full	review	VS_support_below_working_threshold	0.853	0	Low-quality	2.93	HMM-based (lower-bound)	1	0		2646	2646	1	No
MV-4125_S18	NODE_5767_length_2646_cov_5.915091||full	exclude_strict	no_CheckV_viral_genes;host_genes_present	0.507	0	Not-determined	NA	NA	0	3	no viral genes detected	2646	2646	1	No
MV-4125_S18	NODE_5771_length_2644_cov_8.093859||full	strict_supported	VS_support_and_CheckV_viral_gene	0.953	0	Low-quality	4.38	AAI-based (medium-confidence)	3	0		2644	2644	1	No
MV-4125_S18	NODE_5805_length_2629_cov_5.308469||full	review	no_CheckV_viral_genes;insufficient_support	0.887	0	Not-determined	NA	NA	0	0	no viral genes detected	2629	2629	1	No
MV-4125_S18	NODE_5809_length_2628_cov_5.017489||full	exclude_strict	no_CheckV_viral_genes;host_genes_present	0.580	0	Not-determined	NA	NA	0	2	no viral genes detected	2628	2628	1	No
MV-4125_S18	NODE_5810_length_2627_cov_27.582037||full	exclude_strict	no_CheckV_viral_genes;host_genes_present	0.980	0	Not-determined	NA	NA	0	1	no viral genes detected	2627	2627	1	No
MV-4125_S18	NODE_5827_length_2623_cov_13.846963||full	exclude_strict	no_CheckV_viral_genes;host_genes_present	0.520	0	Not-determined	NA	NA	0	1	no viral genes detected	2623	2623	1	No
MV-4125_S18	NODE_5841_length_2618_cov_4.776044||full	review	no_CheckV_viral_genes;insufficient_support	0.920	0	Not-determined	NA	NA	0	0	no viral genes detected	2618	2618	1	No
MV-4125_S18	NODE_5852_length_2616_cov_3.000781||full	review	VS_support_below_working_threshold	0.527	0	Low-quality	2.9	HMM-based (lower-bound)	1	0		2616	2616	1	No
MV-4125_S18	NODE_5867_length_2609_cov_24.900548||full	exclude_strict	no_CheckV_viral_genes;host_genes_present	0.693	0	Low-quality	1.33	AAI-based (medium-confidence)	0	2	no viral genes detected	2609	2609	1	No
MV-4125_S18	NODE_5876_length_2606_cov_6.151313||full	review	no_CheckV_viral_genes;insufficient_support	0.580	0	Not-determined	NA	NA	0	0	no viral genes detected	2606	2606	1	No
MV-4125_S18	NODE_5910_length_2593_cov_7.089441||full	exclude_strict	no_CheckV_viral_genes;host_genes_present	0.647	0	Not-determined	NA	NA	0	2	no viral genes detected	2593	2593	1	No
MV-4125_S18	NODE_5932_length_2583_cov_6.144383||full	exclude_strict	no_CheckV_viral_genes;host_genes_present	0.820	0	Not-determined	NA	NA	0	1	no viral genes detected	2583	2583	1	No
MV-4125_S18	NODE_5937_length_2579_cov_7.393027||full	review	no_CheckV_viral_genes;insufficient_support	0.587	0	Not-determined	NA	NA	0	0	no viral genes detected	2579	2579	1	No
MV-4125_S18	NODE_5945_length_2577_cov_7.850119||full	review	no_CheckV_viral_genes;insufficient_support	0.987	0	Not-determined	NA	NA	0	0	no viral genes detected	2577	2577	1	No
MV-4125_S18	NODE_5956_length_2571_cov_6.303657||full	review	no_CheckV_viral_genes;insufficient_support	0.540	0	Not-determined	NA	NA	0	0	no viral genes detected	2571	2571	1	No
MV-4125_S18	NODE_5966_length_2566_cov_6.763441||full	exclude_strict	no_CheckV_viral_genes;host_genes_present	0.647	0	Not-determined	NA	NA	0	4	no viral genes detected	2566	2566	1	No
MV-4125_S18	NODE_6020_length_2544_cov_5.469265||full	exclude_strict	no_CheckV_viral_genes;host_genes_present	0.920	1	Low-quality	1.23	AAI-based (medium-confidence)	0	2	no viral genes detected	2544	2544	1	No
MV-4125_S18	NODE_6054_length_2532_cov_4.197416||full	strict_supported	VS_support_and_CheckV_viral_gene	0.993	1	Low-quality	3.6	HMM-based (lower-bound)	1	0		2532	2532	1	No
MV-4125_S18	NODE_6108_length_2514_cov_6.529484||full	exclude_strict	no_CheckV_viral_genes;host_genes_present	0.653	0	Not-determined	NA	NA	0	2	no viral genes detected	2514	2514	1	No
MV-4125_S18	NODE_6130_length_2506_cov_192.864953||full	strict_supported	VS_support_and_CheckV_viral_gene	0.947	0	Low-quality	0.95	HMM-based (lower-bound)	2	0		2506	2506	1	No
MV-4125_S18	NODE_6138_length_2505_cov_5.363673||full	review	VS_support_below_working_threshold	0.833	0	Low-quality	6.64	HMM-based (lower-bound)	1	0		2505	2505	1	No
MV-4125_S18	NODE_6217_length_2479_cov_11.784241||full	exclude_strict	no_CheckV_viral_genes;host_genes_present	0.807	0	Not-determined	NA	NA	0	1	no viral genes detected	2479	2479	1	No
MV-4125_S18	NODE_6239_length_2468_cov_7.191048||full	exclude_strict	no_CheckV_viral_genes;host_genes_present	0.780	0	Not-determined	NA	NA	0	1	no viral genes detected	2468	2468	1	No
MV-4125_S18	NODE_6245_length_2466_cov_7.423061||full	exclude_strict	no_CheckV_viral_genes;host_genes_present	0.953	0	Low-quality	4.34	AAI-based (medium-confidence)	0	1	no viral genes detected	2466	2466	1	No
MV-4125_S18	NODE_6263_length_2461_cov_7.558603||full	exclude_strict	no_CheckV_viral_genes;host_genes_present	0.773	0	Not-determined	NA	NA	0	1	no viral genes detected	2461	2461	1	No
MV-4125_S18	NODE_6270_length_2459_cov_10.466306||full	strict_supported	VS_support_and_CheckV_viral_gene	0.927	3	Low-quality	4.13	HMM-based (lower-bound)	3	0		2459	2459	1	No
MV-4125_S18	NODE_6274_length_2458_cov_7.114856||full	review	no_CheckV_viral_genes;insufficient_support	1.000	0	Not-determined	NA	NA	0	0	no viral genes detected	2458	2458	1	No
MV-4125_S18	NODE_6280_length_2455_cov_7.810833||full	exclude_strict	no_CheckV_viral_genes;host_genes_present	0.673	0	Not-determined	NA	NA	0	3	no viral genes detected	2455	2455	1	No
MV-4125_S18	NODE_6285_length_2452_cov_19.783479||full	review	no_CheckV_viral_genes;insufficient_support	0.753	0	Not-determined	NA	NA	0	0	no viral genes detected	2452	2452	1	No
MV-4125_S18	NODE_6321_length_2437_cov_5.633501||full	strict_supported	VS_support_and_CheckV_viral_gene	0.780	1	Low-quality	4.28	HMM-based (lower-bound)	4	0		2437	2437	1	No
MV-4125_S18	NODE_6326_length_2435_cov_7.177311||full	exclude_strict	no_CheckV_viral_genes;host_genes_present	0.813	0	Not-determined	NA	NA	0	3	no viral genes detected	2435	2435	1	No
MV-4125_S18	NODE_6365_length_2422_cov_11.359527||full	exclude_strict	no_CheckV_viral_genes;host_genes_present	0.993	0	Not-determined	NA	NA	0	1	no viral genes detected	2422	2422	1	No
MV-4125_S18	NODE_6385_length_2417_cov_9.039797||full	strict_supported	VS_support_and_CheckV_viral_gene	0.960	2	Low-quality	3.96	HMM-based (lower-bound)	6	0		2417	2417	1	No
MV-4125_S18	NODE_6440_length_2400_cov_5.542431||full	review	no_CheckV_viral_genes;insufficient_support	0.953	0	Not-determined	NA	NA	0	0	no viral genes detected	2400	2400	1	No
MV-4125_S18	NODE_6475_length_2391_cov_5.362158||full	review	no_CheckV_viral_genes;insufficient_support	0.733	0	Low-quality	5.56	AAI-based (high-confidence)	0	0	no viral genes detected	2391	2391	1	No
MV-4125_S18	NODE_6492_length_2386_cov_7.054054||full	review	no_CheckV_viral_genes;insufficient_support	0.980	0	Not-determined	NA	NA	0	0	no viral genes detected	2386	2386	1	No
MV-4125_S18	NODE_6555_length_2369_cov_6.226880||full	exclude_strict	no_CheckV_viral_genes;host_genes_present	0.607	0	Not-determined	NA	NA	0	2	no viral genes detected	2369	2369	1	No
MV-4125_S18	NODE_6570_length_2362_cov_5.960555||full	exclude_strict	no_CheckV_viral_genes;host_genes_present	0.540	0	Not-determined	NA	NA	0	2	no viral genes detected	2362	2362	1	No
MV-4125_S18	NODE_6648_length_2338_cov_8.982041||full	exclude_strict	no_CheckV_viral_genes;host_genes_present	0.607	0	Not-determined	NA	NA	0	2	no viral genes detected	2338	2338	1	No
MV-4125_S18	NODE_6657_length_2335_cov_4.721053||full	review	no_CheckV_viral_genes;insufficient_support	0.687	0	Not-determined	NA	NA	0	0	no viral genes detected	2335	2335	1	No
MV-4125_S18	NODE_6691_length_2323_cov_17.147707||full	exclude_strict	no_CheckV_viral_genes;host_genes_present	0.620	0	Low-quality	5.42	AAI-based (medium-confidence)	0	1	no viral genes detected	2323	2323	1	No
MV-4125_S18	NODE_6703_length_2321_cov_2.682259||full	exclude_strict	no_CheckV_viral_genes;host_genes_present	0.660	0	Not-determined	NA	NA	0	2	no viral genes detected	2321	2321	1	No
MV-4125_S18	NODE_6747_length_2309_cov_4.410825||full	review	no_CheckV_viral_genes;insufficient_support	0.680	0	Not-determined	NA	NA	0	0	no viral genes detected	2309	2309	1	No
MV-4125_S18	NODE_6779_length_2301_cov_4.811220||full	exclude_strict	no_CheckV_viral_genes;host_genes_present	0.927	0	Not-determined	NA	NA	0	2	no viral genes detected	2301	2301	1	No
MV-4125_S18	NODE_6785_length_2299_cov_3.401961||full	review	VS_support_below_working_threshold	0.813	0	Low-quality	5.15	AAI-based (medium-confidence)	1	0		2299	2299	1	No
MV-4125_S18	NODE_6789_length_2298_cov_5.293357||full	review	no_CheckV_viral_genes;insufficient_support	0.900	0	Not-determined	NA	NA	0	0	no viral genes detected	2298	2298	1	No
MV-4125_S18	NODE_6820_length_2288_cov_4.192118||full	review	no_CheckV_viral_genes;insufficient_support	0.900	0	Not-determined	NA	NA	0	0	no viral genes detected	2288	2288	1	No
MV-4125_S18	NODE_6832_length_2285_cov_7.524664||full	exclude_strict	no_CheckV_viral_genes;host_genes_present	0.573	0	Low-quality	1.58	AAI-based (high-confidence)	0	1	no viral genes detected	2285	2285	1	No
MV-4125_S18	NODE_6841_length_2283_cov_5.985637||full	review	VS_support_below_working_threshold	0.707	0	Low-quality	2.86	AAI-based (medium-confidence)	1	0		2283	2283	1	No
MV-4125_S18	NODE_6853_length_2279_cov_4.017986||full	exclude_strict	no_CheckV_viral_genes;host_genes_present	0.840	0	Not-determined	NA	NA	0	2	no viral genes detected	2279	2279	1	No
MV-4125_S18	NODE_6858_length_2278_cov_5.826361||full	exclude_strict	no_CheckV_viral_genes;host_genes_present	0.827	0	Not-determined	NA	NA	0	2	no viral genes detected	2278	2278	1	No
MV-4125_S18	NODE_6886_length_2272_cov_4.388814||full	strict_supported	VS_support_and_CheckV_viral_gene	0.953	2	Low-quality	1.96	HMM-based (lower-bound)	2	0		2272	2272	1	No
MV-4125_S18	NODE_6888_length_2272_cov_3.800631||full	review	no_CheckV_viral_genes;insufficient_support	0.920	0	Not-determined	NA	NA	0	0	no viral genes detected	2272	2272	1	No
MV-4125_S18	NODE_6900_length_2268_cov_14.533665||full	review	no_CheckV_viral_genes;insufficient_support	0.933	0	Low-quality	3.26	AAI-based (medium-confidence)	0	0	no viral genes detected	2268	2268	1	No
MV-4125_S18	NODE_6907_length_2267_cov_5.220615||full	exclude_strict	no_CheckV_viral_genes;host_genes_present	0.820	0	Not-determined	NA	NA	0	3	no viral genes detected	2267	2267	1	No
MV-4125_S18	NODE_6934_length_2261_cov_4.478241||full	exclude_strict	no_CheckV_viral_genes;host_genes_present	0.820	0	Not-determined	NA	NA	0	1	no viral genes detected	2261	2261	1	No
MV-4125_S18	NODE_6951_length_2253_cov_13.585532||full	exclude_strict	no_CheckV_viral_genes;host_genes_present	0.627	0	Not-determined	NA	NA	0	1	no viral genes detected	2253	2253	1	No
MV-4125_S18	NODE_6955_length_2252_cov_146.289486||full	review	no_CheckV_viral_genes;insufficient_support	0.833	0	Low-quality	3.8	AAI-based (high-confidence)	0	0	no viral genes detected	2252	2252	1	No
MV-4125_S18	NODE_6964_length_2251_cov_7.947632||full	exclude_strict	no_CheckV_viral_genes;host_genes_present	0.580	0	Not-determined	NA	NA	0	1	no viral genes detected	2251	2251	1	No
MV-4125_S18	NODE_6977_length_2247_cov_16.279653||full	exclude_strict	no_CheckV_viral_genes;host_genes_present	0.507	0	Not-determined	NA	NA	0	2	no viral genes detected	2247	2247	1	No
MV-4125_S18	NODE_7015_length_2236_cov_4.097662||full	strict_supported	VS_support_and_CheckV_viral_gene	0.960	0	Low-quality	5.04	AAI-based (medium-confidence)	1	0		2236	2236	1	No
MV-4125_S18	NODE_7031_length_2231_cov_5.717371||full	exclude_strict	no_CheckV_viral_genes;host_genes_present	0.773	0	Not-determined	NA	NA	0	2	no viral genes detected	2231	2231	1	No
MV-4125_S18	NODE_7057_length_2223_cov_5.804428||full	exclude_strict	no_CheckV_viral_genes;host_genes_present	0.653	1	Not-determined	NA	NA	0	3	no viral genes detected	2223	2223	1	No
MV-4125_S18	NODE_7112_length_2211_cov_8.535714||full	review	no_CheckV_viral_genes;insufficient_support	0.900	0	Low-quality	4.76	AAI-based (high-confidence)	0	0	no viral genes detected	2211	2211	1	No
MV-4125_S18	NODE_7119_length_2210_cov_3.888167||lt2gene	review	no_CheckV_viral_genes;insufficient_support	nan	1	Low-quality	5.42	AAI-based (medium-confidence)	0	0	no viral genes detected	2210	2210	1	No
MV-4125_S18	NODE_7120_length_2209_cov_6.191272||lt2gene	review	VS_support_below_working_threshold	nan	1	Low-quality	3.85	AAI-based (medium-confidence)	1	0		2209	2209	1	No
MV-4125_S18	NODE_7138_length_2204_cov_5.084691||full	strict_supported	VS_support_and_CheckV_viral_gene	0.907	0	Low-quality	2.34	HMM-based (lower-bound)	1	0		2204	2204	1	No
MV-4125_S18	NODE_7157_length_2196_cov_6.012144||full	exclude_strict	no_CheckV_viral_genes;host_genes_present	0.713	0	Not-determined	NA	NA	0	2	no viral genes detected	2196	2196	1	No
MV-4125_S18	NODE_7161_length_2195_cov_4.308411||full	exclude_strict	no_CheckV_viral_genes;host_genes_present	0.753	0	Not-determined	NA	NA	0	2	no viral genes detected	2195	2195	1	No
MV-4125_S18	NODE_7279_length_2166_cov_6.278541||full	exclude_strict	no_CheckV_viral_genes;host_genes_present	0.847	0	Not-determined	NA	NA	0	1	no viral genes detected	2166	2166	1	No
MV-4125_S18	NODE_7291_length_2164_cov_11.385965||full	review	no_CheckV_viral_genes;insufficient_support	0.847	0	Not-determined	NA	NA	0	0	no viral genes detected	2164	2164	1	No
MV-4125_S18	NODE_7311_length_2159_cov_4.229563||full	review	no_CheckV_viral_genes;insufficient_support	0.733	0	Not-determined	NA	NA	0	0	no viral genes detected	2159	2159	1	No
MV-4125_S18	NODE_7367_length_2144_cov_18.261848||full	review	no_CheckV_viral_genes;insufficient_support	0.860	0	Low-quality	4.42	AAI-based (medium-confidence)	0	0	no viral genes detected	2144	2144	1	No
MV-4125_S18	NODE_7382_length_2142_cov_3.793483||full	review	no_CheckV_viral_genes;insufficient_support	0.940	0	Not-determined	NA	NA	0	0	no viral genes detected	2142	2142	1	No
MV-4125_S18	NODE_7406_length_2135_cov_5.202404||full	review	no_CheckV_viral_genes;insufficient_support	0.993	1	Not-determined	NA	NA	0	0	no viral genes detected	2135	2135	1	No
MV-4125_S18	NODE_7435_length_2128_cov_28.082972||full	exclude_strict	no_CheckV_viral_genes;host_genes_present	0.940	0	Not-determined	NA	NA	0	2	no viral genes detected	2128	2128	1	No
MV-4125_S18	NODE_7475_length_2121_cov_3.929816||full	strict_supported	VS_support_and_CheckV_viral_gene	0.940	0	Low-quality	4.33	AAI-based (high-confidence)	1	0		2121	2121	1	No
MV-4125_S18	NODE_7518_length_2107_cov_5.320663||full	review	no_CheckV_viral_genes;insufficient_support	0.840	0	Low-quality	4.39	AAI-based (high-confidence)	0	0	no viral genes detected	2107	2107	1	No
MV-4125_S18	NODE_7550_length_2100_cov_6.902689||full	review	no_CheckV_viral_genes;insufficient_support	0.933	0	Not-determined	NA	NA	0	0	no viral genes detected	2100	2100	1	No
MV-4125_S18	NODE_7577_length_2095_cov_4.035294||full	strict_supported	VS_support_and_CheckV_viral_gene	0.927	0	Low-quality	1.9	HMM-based (lower-bound)	1	0		2095	2095	1	No
MV-4125_S18	NODE_7638_length_2078_cov_9.087494||lt2gene	review	VS_support_below_working_threshold	nan	1	Low-quality	4.67	AAI-based (medium-confidence)	1	0		2078	2078	1	No
MV-4125_S18	NODE_7663_length_2071_cov_4.731647||full	review	VS_support_below_working_threshold	0.787	0	Low-quality	4.43	AAI-based (high-confidence)	3	0		2071	2071	1	No
MV-4125_S18	NODE_7664_length_2071_cov_4.691964||full	strict_supported	VS_support_and_CheckV_viral_gene	0.940	0	Low-quality	4.06	AAI-based (medium-confidence)	1	0		2071	2071	1	No
MV-4125_S18	NODE_7667_length_2070_cov_5.702730||full	review	VS_support_below_working_threshold	0.513	0	Low-quality	1.16	HMM-based (lower-bound)	1	0		2070	2070	1	No
MV-4125_S18	NODE_7668_length_2070_cov_4.621836||full	exclude_strict	no_CheckV_viral_genes;host_genes_present	0.947	0	Low-quality	1.2	AAI-based (medium-confidence)	0	1	no viral genes detected	2070	2070	1	No
MV-4125_S18	NODE_7690_length_2063_cov_3.674801||lt2gene	review	no_CheckV_viral_genes;insufficient_support	nan	1	Not-determined	NA	NA	0	0	no viral genes detected	2063	2063	1	No
MV-4125_S18	NODE_7709_length_2058_cov_8.058912||full	review	no_CheckV_viral_genes;insufficient_support	0.920	1	Not-determined	NA	NA	0	0	no viral genes detected	2058	2058	1	No
MV-4125_S18	NODE_7772_length_2045_cov_7.276382||full	strict_supported	VS_support_and_CheckV_viral_gene	0.967	2	Low-quality	5.86	AAI-based (medium-confidence)	2	0		2045	2045	1	No
MV-4125_S18	NODE_7788_length_2041_cov_2.789023||full	exclude_strict	no_CheckV_viral_genes;host_genes_present	0.740	0	Not-determined	NA	NA	0	2	no viral genes detected	2041	2041	1	No
MV-4125_S18	NODE_7832_length_2033_cov_3.769970||full	exclude_strict	no_CheckV_viral_genes;host_genes_present	0.840	0	Not-determined	NA	NA	0	2	no viral genes detected	2033	2033	1	No
MV-4125_S18	NODE_7880_length_2021_cov_5.696846||full	strict_supported	VS_support_and_CheckV_viral_gene	0.927	2	Low-quality	3.96	AAI-based (medium-confidence)	2	0		2021	2021	1	No
MV-4125_S18	NODE_7882_length_2020_cov_10.348092||full	exclude_strict	no_CheckV_viral_genes;host_genes_present	0.793	0	Not-determined	NA	NA	0	2	no viral genes detected	2020	2020	1	No
MV-4125_S18	NODE_7890_length_2017_cov_6.628440||full	strict_supported	VS_support_and_CheckV_viral_gene	0.927	1	Low-quality	5.4	AAI-based (medium-confidence)	2	0		2017	2017	1	No
MV-4125_S18	NODE_7915_length_2010_cov_5.056266||full	strict_supported	VS_support_and_CheckV_viral_gene	0.940	2	Low-quality	1.73	HMM-based (lower-bound)	2	0		2010	2010	1	No
MV-4125_S18	NODE_7938_length_2002_cov_8.361582||full	exclude_strict	no_CheckV_viral_genes;host_genes_present	0.833	0	Not-determined	NA	NA	0	2	no viral genes detected	2002	2002	1	No
MV-4125_S18	NODE_7947_length_2001_cov_4.040596||full	exclude_strict	no_CheckV_viral_genes;host_genes_present	0.767	0	Low-quality	2.58	AAI-based (medium-confidence)	0	2	no viral genes detected	2001	2001	1	No
MV-4125_S18	NODE_7955_length_1999_cov_7.197016||full	exclude_strict	no_CheckV_viral_genes;host_genes_present	0.833	0	Not-determined	NA	NA	0	2	no viral genes detected	1999	1999	1	No
MV-4125_S18	NODE_7968_length_1998_cov_5.524447||full	review	no_CheckV_viral_genes;insufficient_support	0.607	0	Low-quality	4.18	AAI-based (high-confidence)	0	0	no viral genes detected	1998	1998	1	No
MV-4125_S18	NODE_7969_length_1997_cov_6.186921||full	exclude_strict	no_CheckV_viral_genes;host_genes_present	0.627	0	Low-quality	1.88	AAI-based (medium-confidence)	0	2	no viral genes detected	1997	1997	1	No
MV-4125_S18	NODE_8007_length_1990_cov_4.972093||full	exclude_strict	no_CheckV_viral_genes;host_genes_present	0.907	0	Not-determined	NA	NA	0	1	no viral genes detected	1990	1990	1	No
MV-4125_S18	NODE_8012_length_1989_cov_7.279214||full	review	no_CheckV_viral_genes;insufficient_support	0.960	0	Low-quality	1.13	AAI-based (medium-confidence)	0	0	no viral genes detected	1989	1989	1	No
MV-4125_S18	NODE_8030_length_1987_cov_4.900621||full	review	no_CheckV_viral_genes;insufficient_support	0.593	0	Not-determined	NA	NA	0	0	no viral genes detected	1987	1987	1	No
MV-4125_S18	NODE_8067_length_1980_cov_5.044156||full	exclude_strict	no_CheckV_viral_genes;host_genes_present	0.800	0	Not-determined	NA	NA	0	3	no viral genes detected	1980	1980	1	No
MV-4125_S18	NODE_8104_length_1971_cov_4.840292||full	review	no_CheckV_viral_genes;insufficient_support	0.987	0	Not-determined	NA	NA	0	0	no viral genes detected	1971	1971	1	No
MV-4125_S18	NODE_8120_length_1968_cov_5.761108||full	review	no_CheckV_viral_genes;insufficient_support	0.600	0	Not-determined	NA	NA	0	0	no viral genes detected	1968	1968	1	No
MV-4125_S18	NODE_8128_length_1965_cov_12.464921||full	exclude_strict	no_CheckV_viral_genes;host_genes_present	0.640	0	Not-determined	NA	NA	0	2	no viral genes detected	1965	1965	1	No
MV-4125_S18	NODE_8129_length_1965_cov_8.717801||full	exclude_strict	no_CheckV_viral_genes;host_genes_present	0.647	0	Not-determined	NA	NA	0	2	no viral genes detected	1965	1965	1	No
MV-4125_S18	NODE_8138_length_1964_cov_7.603981||full	exclude_strict	no_CheckV_viral_genes;host_genes_present	0.773	0	Low-quality	5.75	AAI-based (medium-confidence)	0	1	no viral genes detected	1964	1964	1	No
MV-4125_S18	NODE_8167_length_1958_cov_3.541776||full	review	VS_support_below_working_threshold	0.887	0	Low-quality	5.03	AAI-based (medium-confidence)	2	0		1958	1958	1	No
MV-4125_S18	NODE_8184_length_1953_cov_4.736565||full	exclude_strict	no_CheckV_viral_genes;host_genes_present	0.787	0	Not-determined	NA	NA	0	1	no viral genes detected	1953	1953	1	No
MV-4125_S18	NODE_8242_length_1940_cov_8.878515||full	exclude_strict	no_CheckV_viral_genes;host_genes_present	0.820	0	Not-determined	NA	NA	0	2	no viral genes detected	1940	1940	1	No
MV-4125_S18	NODE_8249_length_1939_cov_8.724522||full	exclude_strict	no_CheckV_viral_genes;host_genes_present	0.960	0	Not-determined	NA	NA	0	2	no viral genes detected	1939	1939	1	No
MV-4125_S18	NODE_8270_length_1935_cov_8.155851||full	exclude_strict	no_CheckV_viral_genes;host_genes_present	0.880	0	Low-quality	3.17	AAI-based (medium-confidence)	0	1	no viral genes detected	1935	1935	1	No
MV-4125_S18	NODE_8271_length_1935_cov_6.007447||full	review	no_CheckV_viral_genes;insufficient_support	0.647	0	Not-determined	NA	NA	0	0	no viral genes detected	1935	1935	1	No
MV-4125_S18	NODE_8309_length_1926_cov_4.361304||full	strict_supported	VS_support_and_CheckV_viral_gene	0.907	0	Low-quality	31.1	AAI-based (high-confidence)	1	0		1926	1926	1	No
MV-4125_S18	NODE_8317_length_1924_cov_4.995185||full	review	no_CheckV_viral_genes;insufficient_support	0.907	0	Not-determined	NA	NA	0	0	no viral genes detected	1924	1924	1	No
MV-4125_S18	NODE_8338_length_1919_cov_23.055794||full	exclude_strict	no_CheckV_viral_genes;host_genes_present	0.700	0	Not-determined	NA	NA	0	2	no viral genes detected	1919	1919	1	No
MV-4125_S18	NODE_8343_length_1919_cov_4.010730||full	exclude_strict	no_CheckV_viral_genes;host_genes_present	0.580	0	Not-determined	NA	NA	0	2	no viral genes detected	1919	1919	1	No
MV-4125_S18	NODE_8385_length_1906_cov_6.601837||full	exclude_strict	no_CheckV_viral_genes;host_genes_present	0.727	0	Not-determined	NA	NA	0	1	no viral genes detected	1906	1906	1	No
MV-4125_S18	NODE_8397_length_1904_cov_3.354786||full	exclude_strict	no_CheckV_viral_genes;host_genes_present	0.740	0	Not-determined	NA	NA	0	2	no viral genes detected	1904	1904	1	No
MV-4125_S18	NODE_8398_length_1904_cov_3.114116||full	exclude_strict	no_CheckV_viral_genes;host_genes_present	0.940	0	Not-determined	NA	NA	0	1	no viral genes detected	1904	1904	1	No
MV-4125_S18	NODE_8455_length_1893_cov_3.438520||full	exclude_strict	no_CheckV_viral_genes;host_genes_present	0.787	0	Not-determined	NA	NA	0	1	no viral genes detected	1893	1893	1	No
MV-4125_S18	NODE_8459_length_1892_cov_5.077300||full	exclude_strict	no_CheckV_viral_genes;host_genes_present	0.653	0	Low-quality	0.98	AAI-based (medium-confidence)	0	2	no viral genes detected	1892	1892	1	No
MV-4125_S18	NODE_8461_length_1892_cov_3.853021||lt2gene	review	VS_support_below_working_threshold	nan	2	Low-quality	3.52	AAI-based (medium-confidence)	2	0		1892	1892	1	No
MV-4125_S18	NODE_8462_length_1891_cov_22.599673||full	exclude_strict	no_CheckV_viral_genes;host_genes_present	0.513	0	Low-quality	0.59	AAI-based (medium-confidence)	0	1	no viral genes detected	1891	1891	1	No
MV-4125_S18	NODE_8464_length_1891_cov_6.111656||full	exclude_strict	no_CheckV_viral_genes;host_genes_present	0.953	0	Not-determined	NA	NA	0	2	no viral genes detected	1891	1891	1	No
MV-4125_S18	NODE_8475_length_1888_cov_6.018549||full	exclude_strict	no_CheckV_viral_genes;host_genes_present	0.680	0	Not-determined	NA	NA	0	1	no viral genes detected	1888	1888	1	No
MV-4125_S18	NODE_8481_length_1886_cov_4.736210||full	exclude_strict	no_CheckV_viral_genes;host_genes_present	0.500	0	Not-determined	NA	NA	0	4	no viral genes detected	1886	1886	1	No
MV-4125_S18	NODE_8496_length_1882_cov_10.621784||full	review	no_CheckV_viral_genes;insufficient_support	0.927	0	Not-determined	NA	NA	0	0	no viral genes detected	1882	1882	1	No
MV-4125_S18	NODE_8506_length_1880_cov_7.263014||full	exclude_strict	no_CheckV_viral_genes;host_genes_present	0.633	0	Low-quality	3.43	AAI-based (medium-confidence)	0	3	no viral genes detected	1880	1880	1	No
MV-4125_S18	NODE_8519_length_1876_cov_5.646348||full	review	no_CheckV_viral_genes;insufficient_support	0.973	0	Not-determined	NA	NA	0	0	no viral genes detected	1876	1876	1	No
MV-4125_S18	NODE_8547_length_1869_cov_3.846196||full	exclude_strict	no_CheckV_viral_genes;host_genes_present	0.640	0	Not-determined	NA	NA	0	2	no viral genes detected	1869	1869	1	No
MV-4125_S18	NODE_8603_length_1856_cov_4.610772||lt2gene	review	VS_support_below_working_threshold	nan	1	Low-quality	3.41	AAI-based (medium-confidence)	1	0		1856	1856	1	No
MV-4125_S18	NODE_8619_length_1853_cov_3.970523||full	review	no_CheckV_viral_genes;insufficient_support	0.980	1	Low-quality	2.37	AAI-based (medium-confidence)	0	0	no viral genes detected	1853	1853	1	No
MV-4125_S18	NODE_8622_length_1852_cov_11.098497||full	strict_supported	VS_support_and_CheckV_viral_gene	0.987	2	Low-quality	3.68	AAI-based (medium-confidence)	2	0		1852	1852	1	No
MV-4125_S18	NODE_8629_length_1851_cov_13.832405||full	review	no_CheckV_viral_genes;insufficient_support	0.887	0	Not-determined	NA	NA	0	0	no viral genes detected	1851	1851	1	No
MV-4125_S18	NODE_8663_length_1845_cov_4.741899||full	review	no_CheckV_viral_genes;insufficient_support	0.900	0	Low-quality	3.37	AAI-based (medium-confidence)	0	0	no viral genes detected	1845	1845	1	No
MV-4125_S18	NODE_8683_length_1841_cov_10.465286||full	review	no_CheckV_viral_genes;insufficient_support	0.500	0	Not-determined	NA	NA	0	0	no viral genes detected	1841	1841	1	No
MV-4125_S18	NODE_8710_length_1835_cov_5.994382||full	exclude_strict	no_CheckV_viral_genes;host_genes_present	0.773	0	Low-quality	1.33	AAI-based (medium-confidence)	0	2	no viral genes detected	1835	1835	1	No
MV-4125_S18	NODE_8725_length_1832_cov_9.057963||full	exclude_strict	no_CheckV_viral_genes;host_genes_present	0.773	0	Not-determined	NA	NA	0	1	no viral genes detected	1832	1832	1	No
MV-4125_S18	NODE_8761_length_1827_cov_6.092551||lt2gene	review	VS_support_below_working_threshold	nan	2	Low-quality	4.09	AAI-based (medium-confidence)	2	0		1827	1827	1	No
MV-4125_S18	NODE_8788_length_1823_cov_6.652149||full	exclude_strict	no_CheckV_viral_genes;host_genes_present	0.760	0	Low-quality	4.11	AAI-based (medium-confidence)	0	1	no viral genes detected	1823	1823	1	No
MV-4125_S18	NODE_8812_length_1819_cov_4.191043||full	exclude_strict	no_CheckV_viral_genes;host_genes_present	0.700	0	Not-determined	NA	NA	0	2	no viral genes detected	1819	1819	1	No
MV-4125_S18	NODE_8815_length_1818_cov_5.803176||full	strict_supported	VS_support_and_CheckV_viral_gene	0.900	1	Low-quality	3.21	AAI-based (medium-confidence)	1	0		1818	1818	1	No
MV-4125_S18	NODE_8839_length_1814_cov_4.217737||full	exclude_strict	no_CheckV_viral_genes;host_genes_present	0.673	0	Low-quality	0.67	AAI-based (medium-confidence)	0	2	no viral genes detected	1814	1814	1	No
MV-4125_S18	NODE_8869_length_1808_cov_7.389618||full	review	no_CheckV_viral_genes;insufficient_support	0.567	0	Low-quality	1.44	AAI-based (medium-confidence)	0	0	no viral genes detected	1808	1808	1	No
MV-4125_S18	NODE_8906_length_1801_cov_5.969645||full	exclude_strict	no_CheckV_viral_genes;host_genes_present	0.613	0	Low-quality	0.72	AAI-based (medium-confidence)	0	2	no viral genes detected	1801	1801	1	No
MV-4125_S18	NODE_8937_length_1797_cov_3.871986||lt2gene	review	VS_support_below_working_threshold	nan	2	Low-quality	3.76	AAI-based (high-confidence)	2	0		1797	1797	1	No
MV-4125_S18	NODE_8941_length_1795_cov_6.794828||full	review	no_CheckV_viral_genes;insufficient_support	0.980	0	Not-determined	NA	NA	0	0	no viral genes detected	1795	1795	1	No
MV-4125_S18	NODE_9034_length_1775_cov_6.447674||full	exclude_strict	no_CheckV_viral_genes;host_genes_present	0.660	0	Not-determined	NA	NA	0	2	no viral genes detected	1775	1775	1	No
MV-4125_S18	NODE_9048_length_1771_cov_6.687063||full	exclude_strict	no_CheckV_viral_genes;host_genes_present	0.600	0	Low-quality	3.31	AAI-based (medium-confidence)	0	1	no viral genes detected	1771	1771	1	No
MV-4125_S18	NODE_9053_length_1771_cov_3.625874||full	strict_supported	VS_support_and_CheckV_viral_gene	0.900	0	Low-quality	2.33	AAI-based (medium-confidence)	1	0		1771	1771	1	No
MV-4125_S18	NODE_9063_length_1769_cov_4.441074||full	strict_supported	VS_support_and_CheckV_viral_gene	0.793	2	Low-quality	3.24	HMM-based (lower-bound)	3	0		1769	1769	1	No
MV-4125_S18	NODE_9139_length_1754_cov_9.849323||full	review	no_CheckV_viral_genes;insufficient_support	0.840	0	Not-determined	NA	NA	0	0	no viral genes detected	1754	1754	1	No
MV-4125_S18	NODE_9142_length_1754_cov_6.338434||full	review	no_CheckV_viral_genes;insufficient_support	0.873	0	Not-determined	NA	NA	0	0	no viral genes detected	1754	1754	1	No
MV-4125_S18	NODE_9168_length_1750_cov_7.364012||lt2gene	exclude_strict	no_CheckV_viral_genes;host_genes_present	nan	1	Not-determined	NA	NA	0	1	no viral genes detected	1750	1750	1	No
MV-4125_S18	NODE_9176_length_1749_cov_17.106257||full	exclude_strict	no_CheckV_viral_genes;host_genes_present	0.747	0	Not-determined	NA	NA	0	2	no viral genes detected	1749	1749	1	No
MV-4125_S18	NODE_9239_length_1736_cov_4.663891||full	strict_supported	VS_support_and_CheckV_viral_gene	0.967	1	Low-quality	0.78	HMM-based (lower-bound)	1	0		1736	1736	1	No
MV-4125_S18	NODE_9244_length_1735_cov_4.964881||full	exclude_strict	no_CheckV_viral_genes;host_genes_present	0.760	0	Low-quality	4.34	AAI-based (high-confidence)	0	1	no viral genes detected	1735	1735	1	No
MV-4125_S18	NODE_9246_length_1735_cov_3.927976||full	exclude_strict	no_CheckV_viral_genes;host_genes_present	0.807	0	Low-quality	3.26	AAI-based (medium-confidence)	0	1	no viral genes detected	1735	1735	1	No
MV-4125_S18	NODE_9248_length_1734_cov_15.294818||full	review	no_CheckV_viral_genes;insufficient_support	0.933	0	Low-quality	2.12	AAI-based (medium-confidence)	0	0	no viral genes detected	1734	1734	1	No
MV-4125_S18	NODE_9269_length_1731_cov_3.387232||full	exclude_strict	no_CheckV_viral_genes;host_genes_present	0.560	0	Low-quality	0.7	AAI-based (medium-confidence)	0	2	no viral genes detected	1731	1731	1	No
MV-4125_S18	NODE_9277_length_1729_cov_16.941458||full	review	no_CheckV_viral_genes;insufficient_support	0.700	0	Not-determined	NA	NA	0	0	no viral genes detected	1729	1729	1	No
MV-4125_S18	NODE_9313_length_1723_cov_4.627098||lt2gene	review	VS_support_below_working_threshold	nan	2	Low-quality	4.96	AAI-based (high-confidence)	2	0		1723	1723	1	No
MV-4125_S18	NODE_9384_length_1714_cov_4.122966||full	review	VS_support_below_working_threshold	0.580	0	Low-quality	2.23	AAI-based (medium-confidence)	1	0		1714	1714	1	No
MV-4125_S18	NODE_9426_length_1708_cov_4.282517||full	review	no_CheckV_viral_genes;insufficient_support	0.700	0	Not-determined	NA	NA	0	0	no viral genes detected	1708	1708	1	No
MV-4125_S18	NODE_9511_length_1693_cov_5.694139||full	exclude_strict	no_CheckV_viral_genes;host_genes_present	0.680	0	Not-determined	NA	NA	0	1	no viral genes detected	1693	1693	1	No
MV-4125_S18	NODE_9560_length_1683_cov_11.537469||full	exclude_strict	no_CheckV_viral_genes;host_genes_present	0.680	0	Not-determined	NA	NA	0	2	no viral genes detected	1683	1683	1	No
MV-4125_S18	NODE_9564_length_1683_cov_3.326781||full	review	no_CheckV_viral_genes;insufficient_support	0.927	0	Not-determined	NA	NA	0	0	no viral genes detected	1683	1683	1	No
MV-4125_S18	NODE_9606_length_1674_cov_3.777641||full	review	no_CheckV_viral_genes;insufficient_support	0.993	0	Not-determined	NA	NA	0	0	no viral genes detected	1674	1674	1	No
MV-4125_S18	NODE_9683_length_1660_cov_4.576324||full	review	no_CheckV_viral_genes;insufficient_support	0.840	0	Low-quality	3.55	AAI-based (medium-confidence)	0	0	no viral genes detected	1660	1660	1	No
MV-4125_S18	NODE_9691_length_1659_cov_6.773067||full	review	no_CheckV_viral_genes;insufficient_support	0.953	0	Low-quality	4.01	AAI-based (medium-confidence)	0	0	no viral genes detected	1659	1659	1	No
MV-4125_S18	NODE_9754_length_1650_cov_5.648903||full	review	no_CheckV_viral_genes;insufficient_support	0.587	0	Not-determined	NA	NA	0	0	no viral genes detected	1650	1650	1	No
MV-4125_S18	NODE_9795_length_1643_cov_5.664987||full	review	no_CheckV_viral_genes;insufficient_support	0.980	0	Not-determined	NA	NA	0	0	no viral genes detected	1643	1643	1	No
MV-4125_S18	NODE_9842_length_1637_cov_4.195322||full	review	VS_support_below_working_threshold	0.887	0	Low-quality	1.03	HMM-based (lower-bound)	1	0		1637	1637	1	No
MV-4125_S18	NODE_9894_length_1627_cov_9.110687||full	review	no_CheckV_viral_genes;insufficient_support	0.993	0	Not-determined	NA	NA	0	0	no viral genes detected	1627	1627	1	No
MV-4125_S18	NODE_9910_length_1625_cov_2.403822||full	exclude_strict	no_CheckV_viral_genes;host_genes_present	0.867	0	Low-quality	3.19	AAI-based (medium-confidence)	0	1	no viral genes detected	1625	1625	1	No
MV-4125_S18	NODE_9932_length_1619_cov_15.952685||full	review	VS_support_below_working_threshold	0.833	0	Low-quality	2.91	HMM-based (lower-bound)	1	0		1619	1619	1	No
MV-4125_S18	NODE_9946_length_1617_cov_4.909091||full	review	no_CheckV_viral_genes;insufficient_support	0.533	0	Low-quality	2.26	AAI-based (medium-confidence)	0	0	no viral genes detected	1617	1617	1	No
MV-4125_S18	NODE_9977_length_1612_cov_6.779705||full	exclude_strict	no_CheckV_viral_genes;host_genes_present	0.947	0	Not-determined	NA	NA	0	1	no viral genes detected	1612	1612	1	No
MV-4125_S18	NODE_10012_length_1609_cov_3.893822||full	exclude_strict	no_CheckV_viral_genes;host_genes_present	0.613	0	Not-determined	NA	NA	0	1	no viral genes detected	1609	1609	1	No
MV-4125_S18	NODE_10030_length_1606_cov_9.228240||full	strict_supported	VS_support_and_CheckV_viral_gene	0.987	0	Low-quality	1.17	HMM-based (lower-bound)	2	0		1606	1606	1	No
MV-4125_S18	NODE_10079_length_1597_cov_4.835279||full	exclude_strict	no_CheckV_viral_genes;host_genes_present	0.947	0	Not-determined	NA	NA	0	1	no viral genes detected	1597	1597	1	No
MV-4125_S18	NODE_10083_length_1596_cov_6.988319||full	exclude_strict	no_CheckV_viral_genes;host_genes_present	0.587	0	Low-quality	2.17	AAI-based (medium-confidence)	0	1	no viral genes detected	1596	1596	1	No
MV-4125_S18	NODE_10094_length_1595_cov_4.138312||full	strict_supported	VS_support_and_CheckV_viral_gene	0.927	0	Low-quality	2.61	AAI-based (high-confidence)	1	0		1595	1595	1	No
MV-4125_S18	NODE_10099_length_1594_cov_4.376218||full	review	no_CheckV_viral_genes;insufficient_support	0.867	0	Low-quality	3.5	AAI-based (medium-confidence)	0	0	no viral genes detected	1594	1594	1	No
MV-4125_S18	NODE_10105_length_1592_cov_6.242030||full	exclude_strict	no_CheckV_viral_genes;host_genes_present	0.880	0	Low-quality	0.64	AAI-based (medium-confidence)	0	1	no viral genes detected	1592	1592	1	No
MV-4125_S18	NODE_10112_length_1591_cov_11.227865||full	review	no_CheckV_viral_genes;insufficient_support	0.973	0	Not-determined	NA	NA	0	0	no viral genes detected	1591	1591	1	No
MV-4125_S18	NODE_10119_length_1590_cov_94.237134||full	strict_supported	VS_support_and_CheckV_viral_gene	0.933	0	Low-quality	1.01	HMM-based (lower-bound)	1	0		1590	1590	1	No
MV-4125_S18	NODE_10144_length_1587_cov_5.294386||full	exclude_strict	no_CheckV_viral_genes;host_genes_present	0.673	0	Not-determined	NA	NA	0	2	no viral genes detected	1587	1587	1	No
MV-4125_S18	NODE_10149_length_1586_cov_8.945134||full	exclude_strict	no_CheckV_viral_genes;host_genes_present	0.727	0	Not-determined	NA	NA	0	1	no viral genes detected	1586	1586	1	No
MV-4125_S18	NODE_10226_length_1573_cov_6.052701||full	exclude_strict	no_CheckV_viral_genes;host_genes_present	0.987	0	Not-determined	NA	NA	0	1	no viral genes detected	1573	1573	1	No
MV-4125_S18	NODE_10241_length_1571_cov_5.060686||full	exclude_strict	no_CheckV_viral_genes;host_genes_present	0.600	0	Low-quality	0.66	AAI-based (medium-confidence)	0	1	no viral genes detected	1571	1571	1	No
MV-4125_S18	NODE_10293_length_1562_cov_5.215660||full	exclude_strict	no_CheckV_viral_genes;host_genes_present	0.767	0	Not-determined	NA	NA	0	2	no viral genes detected	1562	1562	1	No
MV-4125_S18	NODE_10325_length_1557_cov_4.560586||full	exclude_strict	no_CheckV_viral_genes;host_genes_present	0.933	0	Low-quality	0.54	AAI-based (medium-confidence)	0	1	no viral genes detected	1557	1557	1	No
MV-4125_S18	NODE_10353_length_1553_cov_3.950601||full	review	no_CheckV_viral_genes;insufficient_support	0.853	0	Not-determined	NA	NA	0	0	no viral genes detected	1553	1553	1	No
MV-4125_S18	NODE_10363_length_1551_cov_11.678476||full	strict_supported	VS_support_and_CheckV_viral_gene	0.920	1	Low-quality	1.27	HMM-based (lower-bound)	1	0		1551	1551	1	No
MV-4125_S18	NODE_10414_length_1543_cov_3.735215||full	exclude_strict	no_CheckV_viral_genes;host_genes_present	0.673	0	Low-quality	2.04	AAI-based (medium-confidence)	0	1	no viral genes detected	1543	1543	1	No
MV-4125_S18	NODE_10457_length_1538_cov_5.086312||full	review	no_CheckV_viral_genes;insufficient_support	0.927	0	Low-quality	2.88	AAI-based (medium-confidence)	0	0	no viral genes detected	1538	1538	1	No
MV-4125_S18	NODE_10462_length_1537_cov_8.080972||full	exclude_strict	no_CheckV_viral_genes;host_genes_present	0.953	0	Not-determined	NA	NA	0	1	no viral genes detected	1537	1537	1	No
MV-4125_S18	NODE_10471_length_1536_cov_23.955436||full	review	no_CheckV_viral_genes;insufficient_support	0.640	0	Low-quality	3.01	AAI-based (medium-confidence)	0	0	no viral genes detected	1536	1536	1	No
MV-4125_S18	NODE_10489_length_1534_cov_4.941853||full	review	no_CheckV_viral_genes;insufficient_support	0.727	0	Not-determined	NA	NA	0	0	no viral genes detected	1534	1534	1	No
MV-4125_S18	NODE_10490_length_1534_cov_3.992563||full	review	no_CheckV_viral_genes;insufficient_support	0.947	0	Not-determined	NA	NA	0	0	no viral genes detected	1534	1534	1	No
MV-4125_S18	NODE_10526_length_1529_cov_4.206920||full	review	no_CheckV_viral_genes;insufficient_support	0.620	0	Not-determined	NA	NA	0	0	no viral genes detected	1529	1529	1	No
MV-4125_S18	NODE_10536_length_1527_cov_5.206522||lt2gene	review	no_CheckV_viral_genes;insufficient_support	nan	1	Not-determined	NA	NA	0	0	no viral genes detected	1527	1527	1	No
MV-4125_S18	NODE_10564_length_1523_cov_18.891008||full	review	no_CheckV_viral_genes;insufficient_support	1.000	0	Not-determined	NA	NA	0	0	no viral genes detected	1523	1523	1	No
MV-4125_S18	NODE_10593_length_1520_cov_4.376109||full	exclude_strict	no_CheckV_viral_genes;host_genes_present	0.960	0	Not-determined	NA	NA	0	1	no viral genes detected	1520	1520	1	No
MV-4125_S18	NODE_10604_length_1518_cov_6.457280||full	review	no_CheckV_viral_genes;insufficient_support	0.833	0	Not-determined	NA	NA	0	0	no viral genes detected	1518	1518	1	No
MV-4125_S18	NODE_10609_length_1518_cov_4.362953||full	exclude_strict	no_CheckV_viral_genes;host_genes_present	0.940	0	Not-determined	NA	NA	0	2	no viral genes detected	1518	1518	1	No
MV-4125_S18	NODE_10619_length_1517_cov_3.491108||full	exclude_strict	no_CheckV_viral_genes;host_genes_present	0.953	0	Not-determined	NA	NA	0	2	no viral genes detected	1517	1517	1	No
MV-4125_S18	NODE_10621_length_1516_cov_14.060233||full	strict_supported	VS_support_and_CheckV_viral_gene	0.967	0	Low-quality	3.5	AAI-based (medium-confidence)	2	0		1516	1516	1	No
MV-4125_S18	NODE_10695_length_1506_cov_15.521020||full	exclude_strict	no_CheckV_viral_genes;host_genes_present	0.507	1	Not-determined	NA	NA	0	1	no viral genes detected	1506	1506	1	No
MV-4125_S18	NODE_10726_length_1504_cov_4.053140||full	review	no_CheckV_viral_genes;insufficient_support	0.760	0	Not-determined	NA	NA	0	0	no viral genes detected	1504	1504	1	No
MV-4125_S18	NODE_10744_length_1501_cov_8.512448||full	exclude_strict	no_CheckV_viral_genes;host_genes_present	0.940	0	Not-determined	NA	NA	0	1	no viral genes detected	1501	1501	1	No
MV-4128_S29	NODE_1_length_685560_cov_728.732645||0_partial	strict_supported	VS_support_and_CheckV_viral_gene	0.900	7	Medium-quality	78.85	HMM-based (lower-bound)	10	23		71908	39533	1	Yes
MV-4128_S29	NODE_12_length_141680_cov_673.733402||0_partial	strict_supported	VS_support_and_CheckV_viral_gene	0.993	3	Medium-quality	50.16	AAI-based (medium-confidence)	7	1		22423	22423	1	No
MV-4128_S29	NODE_77_length_39259_cov_504.042343||full	strict_supported	VS_support_and_CheckV_viral_gene	1.000	4	Medium-quality	72.71	AAI-based (medium-confidence)	13	1		39259	39259	1	No
MV-4128_S29	NODE_95_length_35150_cov_35.603134||full	strict_supported	VS_support_and_CheckV_viral_gene	0.993	9	Medium-quality	76.25	AAI-based (medium-confidence)	15	0		35150	35150	1	No
MV-4128_S29	NODE_168_length_25826_cov_27.249311||full	strict_supported	VS_support_and_CheckV_viral_gene	0.847	8	Low-quality	28.3	AAI-based (medium-confidence)	11	11		25826	14847	1	Yes
MV-4128_S29	NODE_209_length_22758_cov_20.083822||full	strict_supported	VS_support_and_CheckV_viral_gene	1.000	6	Low-quality	47.33	AAI-based (medium-confidence)	8	0		22758	22758	1	No
MV-4128_S29	NODE_219_length_22136_cov_837.337666||full	strict_supported	VS_support_and_CheckV_viral_gene	0.913	9	Low-quality	33.2	AAI-based (medium-confidence)	10	7		22136	15200	1	Yes
MV-4128_S29	NODE_320_length_17349_cov_26.225165||full	review	CheckV_warning_requires_review	0.673	3	Low-quality	19.55	AAI-based (medium-confidence)	5	6	low-confidence Provirus	17349	11700	1	Yes
MV-4128_S29	NODE_385_length_15291_cov_15.441061||full	exclude_strict	no_CheckV_viral_genes;host_genes_present	0.800	2	Not-determined	NA	NA	0	10	no viral genes detected	15291	15291	1	No
MV-4128_S29	NODE_409_length_14342_cov_497.228109||full	strict_supported	VS_support_and_CheckV_viral_gene	0.973	7	Low-quality	30.07	AAI-based (medium-confidence)	12	0		14342	14342	1	No
MV-4128_S29	NODE_470_length_12571_cov_13.628875||full	strict_supported	VS_support_and_CheckV_viral_gene	0.940	5	Low-quality	28.1	AAI-based (medium-confidence)	10	0		12571	12571	1	No
MV-4128_S29	NODE_492_length_12045_cov_6.625021||full	strict_supported	VS_support_and_CheckV_viral_gene	0.973	3	Low-quality	15.76	HMM-based (lower-bound)	2	0		12045	12045	1	No
MV-4128_S29	NODE_550_length_11069_cov_18.815689||full	strict_supported	VS_support_and_CheckV_viral_gene	1.000	1	Low-quality	22.38	AAI-based (medium-confidence)	6	0		11069	11069	1	No
MV-4128_S29	NODE_557_length_10963_cov_13.663366||full	review	VS_support_below_working_threshold	0.833	0	Low-quality	12.69	HMM-based (lower-bound)	2	1		10963	10963	1	No
MV-4128_S29	NODE_575_length_10738_cov_611.299729||full	strict_supported	VS_support_and_CheckV_viral_gene	0.987	0	Low-quality	6.77	HMM-based (lower-bound)	6	1		10738	10738	1	No
MV-4128_S29	NODE_587_length_10621_cov_10.908196||full	strict_supported	VS_support_and_CheckV_viral_gene	1.000	4	Low-quality	19.64	AAI-based (medium-confidence)	2	0		10621	10621	1	No
MV-4128_S29	NODE_608_length_10436_cov_20.162508||full	review	VS_support_below_working_threshold	0.707	0	Low-quality	5.41	HMM-based (lower-bound)	2	2		10436	10436	1	No
MV-4128_S29	NODE_675_length_9378_cov_4.630376||full	strict_supported	VS_support_and_CheckV_viral_gene	1.000	3	Low-quality	20.23	AAI-based (high-confidence)	5	0		9378	9378	1	No
MV-4128_S29	NODE_698_length_9010_cov_37.020212||full	review	no_CheckV_viral_genes;insufficient_support	0.760	0	Low-quality	11.49	AAI-based (medium-confidence)	0	0	no viral genes detected	9010	9010	1	No
MV-4128_S29	NODE_708_length_8913_cov_14.136713||full	review	no_CheckV_viral_genes;insufficient_support	0.827	0	Not-determined	NA	NA	0	0	no viral genes detected	8913	8913	1	No
MV-4128_S29	NODE_718_length_8827_cov_12.505244||full	review	no_CheckV_viral_genes;insufficient_support	0.847	0	Not-determined	NA	NA	0	0	no viral genes detected	8827	8827	1	No
MV-4128_S29	NODE_726_length_8721_cov_21.411262||full	exclude_strict	ribosomal_hit_in_candidate;no_CheckV_viral_genes;host_genes_present;no_VS_hallmark	0.560	0	Not-determined	NA	NA	0	8	no viral genes detected	8721	8721	1	No
MV-4128_S29	NODE_776_length_8224_cov_17.021912||full	strict_supported	VS_support_and_CheckV_viral_gene	0.967	0	Low-quality	10.19	AAI-based (medium-confidence)	1	1		8224	8224	1	No
MV-4128_S29	NODE_781_length_8212_cov_9.316170||full	strict_supported	VS_support_and_CheckV_viral_gene	0.993	5	Low-quality	21.62	AAI-based (medium-confidence)	7	0		8212	8212	1	No
MV-4128_S29	NODE_798_length_8036_cov_6.839494||full	strict_supported	VS_support_and_CheckV_viral_gene	0.933	1	Low-quality	15.77	AAI-based (medium-confidence)	2	0		8036	8036	1	No
MV-4128_S29	NODE_810_length_7879_cov_14.016488||full	strict_supported	VS_support_and_CheckV_viral_gene	0.993	1	Low-quality	6.05	HMM-based (lower-bound)	1	0		7879	7879	1	No
MV-4128_S29	NODE_848_length_7550_cov_17.450033||full	exclude_strict	no_CheckV_viral_genes;host_genes_present	0.680	0	Not-determined	NA	NA	0	3	no viral genes detected	7550	7550	1	No
MV-4128_S29	NODE_855_length_7533_cov_26.780824||full	exclude_strict	no_CheckV_viral_genes;host_genes_present	0.507	1	Not-determined	NA	NA	0	5	no viral genes detected	7533	7533	1	No
MV-4128_S29	NODE_861_length_7488_cov_14.013723||full	exclude_strict	no_CheckV_viral_genes;host_genes_present	0.567	0	Not-determined	NA	NA	0	4	no viral genes detected	7488	7488	1	No
MV-4128_S29	NODE_862_length_7485_cov_16.476581||full	review	no_CheckV_viral_genes;insufficient_support	0.880	0	Not-determined	NA	NA	0	0	no viral genes detected	7485	7485	1	No
MV-4128_S29	NODE_865_length_7468_cov_14.707811||full	exclude_strict	no_CheckV_viral_genes;host_genes_present	0.567	1	Not-determined	NA	NA	0	5	no viral genes detected	7468	7468	1	No
MV-4128_S29	NODE_887_length_7306_cov_44.444077||full	review	no_CheckV_viral_genes;insufficient_support	0.727	0	Not-determined	NA	NA	0	0	no viral genes detected	7306	7306	1	No
MV-4128_S29	NODE_919_length_7068_cov_18.558106||full	review	no_CheckV_viral_genes;insufficient_support	0.593	0	Not-determined	NA	NA	0	0	no viral genes detected	7068	7068	1	No
MV-4128_S29	NODE_1009_length_6405_cov_9.196850||full	strict_supported	VS_support_and_CheckV_viral_gene	0.993	1	Low-quality	11.0	HMM-based (lower-bound)	2	0		6405	6405	1	No
MV-4128_S29	NODE_1015_length_6368_cov_18.924125||full	exclude_strict	no_CheckV_viral_genes;host_genes_present	0.807	1	Not-determined	NA	NA	0	1	no viral genes detected	6368	6368	1	No
MV-4128_S29	NODE_1033_length_6209_cov_404.209945||full	strict_supported	VS_support_and_CheckV_viral_gene	0.993	0	Low-quality	10.87	AAI-based (medium-confidence)	2	0		6209	6209	1	No
MV-4128_S29	NODE_1049_length_6156_cov_15.251434||full	exclude_strict	no_CheckV_viral_genes;host_genes_present	0.793	1	Low-quality	1.87	AAI-based (medium-confidence)	0	3	no viral genes detected	6156	6156	1	No
MV-4128_S29	NODE_1055_length_6125_cov_14.766392||full	exclude_strict	no_CheckV_viral_genes;host_genes_present	0.513	0	Not-determined	NA	NA	0	6	no viral genes detected	6125	6125	1	No
MV-4128_S29	NODE_1066_length_6065_cov_8.071048||full	exclude_strict	no_CheckV_viral_genes;host_genes_present	0.713	0	Low-quality	18.36	AAI-based (medium-confidence)	0	5	no viral genes detected	6065	6065	1	No
MV-4128_S29	NODE_1078_length_5969_cov_4.838688||full	strict_supported	VS_support_and_CheckV_viral_gene	0.987	3	Low-quality	13.23	AAI-based (medium-confidence)	4	0		5969	5969	1	No
MV-4128_S29	NODE_1090_length_5922_cov_14.383501||full	review	VS_support_below_working_threshold	0.753	0	Low-quality	7.76	HMM-based (lower-bound)	3	0		5922	5922	1	No
MV-4128_S29	NODE_1122_length_5775_cov_8.884441||full	exclude_strict	no_CheckV_viral_genes;host_genes_present	0.893	0	Not-determined	NA	NA	0	2	no viral genes detected	5775	5775	1	No
MV-4128_S29	NODE_1126_length_5759_cov_14.126403||full	review	no_CheckV_viral_genes;insufficient_support	0.627	0	Not-determined	NA	NA	0	0	no viral genes detected	5759	5759	1	No
MV-4128_S29	NODE_1156_length_5590_cov_12.965131||full	strict_supported	VS_support_and_CheckV_viral_gene	0.913	0	Low-quality	6.05	HMM-based (lower-bound)	2	0		5590	5590	1	No
MV-4128_S29	NODE_1193_length_5415_cov_10.741045||full	review	VS_support_below_working_threshold	0.633	0	Low-quality	11.96	HMM-based (lower-bound)	2	0		5415	5415	1	No
MV-4128_S29	NODE_1199_length_5394_cov_5.271961||full	strict_supported	VS_support_and_CheckV_viral_gene	0.860	1	Low-quality	9.03	AAI-based (medium-confidence)	2	0		5394	5394	1	No
MV-4128_S29	NODE_1203_length_5381_cov_9.021592||full	strict_supported	VS_support_and_CheckV_viral_gene	0.900	0	Low-quality	13.27	AAI-based (medium-confidence)	1	0		5381	5381	1	No
MV-4128_S29	NODE_1213_length_5328_cov_19.449839||full	exclude_strict	no_CheckV_viral_genes;host_genes_present	0.840	0	Not-determined	NA	NA	0	3	no viral genes detected	5328	5328	1	No
MV-4128_S29	NODE_1215_length_5323_cov_3.524867||full	exclude_strict	no_CheckV_viral_genes;host_genes_present	0.713	0	Not-determined	NA	NA	0	5	no viral genes detected	5323	5323	1	No
MV-4128_S29	NODE_1226_length_5275_cov_4.972797||full	strict_supported	VS_support_and_CheckV_viral_gene	0.993	0	Low-quality	4.94	HMM-based (lower-bound)	2	0		5275	5275	1	No
MV-4128_S29	NODE_1234_length_5239_cov_5.394290||full	review	VS_support_below_working_threshold	0.847	0	Low-quality	8.12	HMM-based (lower-bound)	2	0		5239	5239	1	No
MV-4128_S29	NODE_1253_length_5169_cov_10.143723||full	strict_supported	VS_support_and_CheckV_viral_gene	0.900	1	Low-quality	3.47	HMM-based (lower-bound)	1	0		5169	5169	1	No
MV-4128_S29	NODE_1257_length_5135_cov_19.258661||full	strict_supported	VS_support_and_CheckV_viral_gene	0.993	4	Low-quality	10.58	AAI-based (high-confidence)	3	0		5135	5135	1	No
MV-4128_S29	NODE_1270_length_5087_cov_7.067568||full	exclude_strict	no_CheckV_viral_genes;host_genes_present	0.833	0	Not-determined	NA	NA	0	1	no viral genes detected	5087	5087	1	No
MV-4128_S29	NODE_1294_length_5001_cov_10.687829||full	review	no_CheckV_viral_genes;insufficient_support	0.960	1	Not-determined	NA	NA	0	0	no viral genes detected	5001	5001	1	No
MV-4128_S29	NODE_1319_length_4914_cov_19.732249||full	strict_supported	VS_support_and_CheckV_viral_gene	0.960	2	Low-quality	8.82	AAI-based (medium-confidence)	2	0		4914	4914	1	No
MV-4128_S29	NODE_1320_length_4911_cov_7.300247||full	strict_supported	VS_support_and_CheckV_viral_gene	0.960	1	Low-quality	2.21	HMM-based (lower-bound)	1	0		4911	4911	1	No
MV-4128_S29	NODE_1334_length_4846_cov_13.604884||full	exclude_strict	no_CheckV_viral_genes;host_genes_present	0.567	0	Not-determined	NA	NA	0	2	no viral genes detected	4846	4846	1	No
MV-4128_S29	NODE_1339_length_4826_cov_16.242297||full	strict_supported	VS_support_and_CheckV_viral_gene	1.000	3	Low-quality	12.77	AAI-based (high-confidence)	5	0		4826	4826	1	No
MV-4128_S29	NODE_1360_length_4741_cov_5.421255||full	review	no_CheckV_viral_genes;insufficient_support	0.953	1	Not-determined	NA	NA	0	0	no viral genes detected	4741	4741	1	No
MV-4128_S29	NODE_1378_length_4692_cov_31.676515||full	exclude_strict	no_CheckV_viral_genes;host_genes_present	0.920	0	Low-quality	8.7	AAI-based (medium-confidence)	0	1	no viral genes detected	4692	4692	1	No
MV-4128_S29	NODE_1398_length_4644_cov_17.869035||full	exclude_strict	no_CheckV_viral_genes;host_genes_present	0.513	0	Low-quality	1.06	AAI-based (medium-confidence)	0	2	no viral genes detected	4644	4644	1	No
MV-4128_S29	NODE_1417_length_4607_cov_15.162566||full	review	no_CheckV_viral_genes;insufficient_support	0.907	0	Not-determined	NA	NA	0	0	no viral genes detected	4607	4607	1	No
MV-4128_S29	NODE_1421_length_4598_cov_7.594101||full	strict_supported	VS_support_and_CheckV_viral_gene	0.953	4	Low-quality	9.37	AAI-based (medium-confidence)	4	0		4598	4598	1	No
MV-4128_S29	NODE_1423_length_4596_cov_5.620348||full	exclude_strict	no_CheckV_viral_genes;host_genes_present	0.827	0	Low-quality	8.22	AAI-based (medium-confidence)	0	1	no viral genes detected	4596	4596	1	No
MV-4128_S29	NODE_1425_length_4590_cov_14.299669||full	strict_supported	VS_support_and_CheckV_viral_gene	1.000	2	Low-quality	4.98	HMM-based (lower-bound)	2	0		4590	4590	1	No
MV-4128_S29	NODE_1436_length_4561_cov_9.050377||full	strict_supported	VS_support_and_CheckV_viral_gene	0.993	1	Low-quality	6.99	HMM-based (lower-bound)	3	0		4561	4561	1	No
MV-4128_S29	NODE_1444_length_4547_cov_7.219501||full	strict_supported	VS_support_and_CheckV_viral_gene	0.940	1	Low-quality	7.61	AAI-based (high-confidence)	1	0		4547	4547	1	No
MV-4128_S29	NODE_1471_length_4451_cov_18.641720||full	exclude_strict	no_CheckV_viral_genes;host_genes_present	0.547	0	Not-determined	NA	NA	0	3	no viral genes detected	4451	4451	1	No
MV-4128_S29	NODE_1472_length_4450_cov_6.714221||full	strict_supported	VS_support_and_CheckV_viral_gene	0.967	0	Low-quality	6.16	HMM-based (lower-bound)	3	0		4450	4450	1	No
MV-4128_S29	NODE_1478_length_4434_cov_8.985385||full	strict_supported	VS_support_and_CheckV_viral_gene	1.000	1	Low-quality	11.17	AAI-based (medium-confidence)	2	0		4434	4434	1	No
MV-4128_S29	NODE_1482_length_4422_cov_3.734829||full	review	no_CheckV_viral_genes;insufficient_support	0.640	0	Low-quality	3.7	AAI-based (medium-confidence)	0	0	no viral genes detected	4422	4422	1	No
MV-4128_S29	NODE_1498_length_4367_cov_15.724026||full	strict_supported	VS_support_and_CheckV_viral_gene	0.980	2	Low-quality	10.37	AAI-based (medium-confidence)	3	0		4367	4367	1	No
MV-4128_S29	NODE_1512_length_4313_cov_6.057304||full	strict_supported	VS_support_and_CheckV_viral_gene	0.987	1	Low-quality	9.06	HMM-based (lower-bound)	1	0		4313	4313	1	No
MV-4128_S29	NODE_1516_length_4309_cov_11.224024||full	review	no_CheckV_viral_genes;insufficient_support	0.647	1	Not-determined	NA	NA	0	0	no viral genes detected	4309	4309	1	No
MV-4128_S29	NODE_1523_length_4282_cov_40.842915||full	exclude_strict	no_CheckV_viral_genes;host_genes_present	0.607	1	Not-determined	NA	NA	0	2	no viral genes detected	4282	4282	1	No
MV-4128_S29	NODE_1530_length_4265_cov_11.810214||full	review	VS_support_below_working_threshold	0.787	0	Low-quality	8.1	AAI-based (high-confidence)	3	0		4265	4265	1	No
MV-4128_S29	NODE_1531_length_4262_cov_30.169717||full	strict_supported	VS_support_and_CheckV_viral_gene	1.000	3	Low-quality	9.04	AAI-based (medium-confidence)	3	0		4262	4262	1	No
MV-4128_S29	NODE_1583_length_4126_cov_15.810120||full	exclude_strict	no_CheckV_viral_genes;host_genes_present	0.740	0	Low-quality	3.8	AAI-based (high-confidence)	0	1	no viral genes detected	4126	4126	1	No
MV-4128_S29	NODE_1610_length_4052_cov_4.021016||full	exclude_strict	no_CheckV_viral_genes;host_genes_present	0.553	0	Not-determined	NA	NA	0	3	no viral genes detected	4052	4052	1	No
MV-4128_S29	NODE_1618_length_4034_cov_41.105554||full	review	no_CheckV_viral_genes;insufficient_support	0.960	0	Low-quality	4.2	AAI-based (medium-confidence)	0	0	no viral genes detected	4034	4034	1	No
MV-4128_S29	NODE_1634_length_3994_cov_8.949987||full	exclude_strict	no_CheckV_viral_genes;host_genes_present	0.967	1	Not-determined	NA	NA	0	1	no viral genes detected	3994	3994	1	No
MV-4128_S29	NODE_1644_length_3964_cov_10.595293||full	review	no_CheckV_viral_genes;insufficient_support	0.520	0	Not-determined	NA	NA	0	0	no viral genes detected	3964	3964	1	No
MV-4128_S29	NODE_1647_length_3963_cov_5.877431||full	exclude_strict	no_CheckV_viral_genes;host_genes_present	0.820	0	Not-determined	NA	NA	0	1	no viral genes detected	3963	3963	1	No
MV-4128_S29	NODE_1663_length_3935_cov_33.591753||full	review	no_CheckV_viral_genes;insufficient_support	0.807	0	Low-quality	4.25	AAI-based (medium-confidence)	0	0	no viral genes detected	3935	3935	1	No
MV-4128_S29	NODE_1677_length_3907_cov_14.455607||full	review	VS_support_below_working_threshold	0.753	0	Low-quality	8.57	AAI-based (medium-confidence)	1	0		3907	3907	1	No
MV-4128_S29	NODE_1686_length_3883_cov_22.502351||full	review	no_CheckV_viral_genes;insufficient_support	0.740	0	Not-determined	NA	NA	0	0	no viral genes detected	3883	3883	1	No
MV-4128_S29	NODE_1691_length_3869_cov_27.135291||full	exclude_strict	no_CheckV_viral_genes;host_genes_present	0.560	1	Not-determined	NA	NA	0	3	no viral genes detected	3869	3869	1	No
MV-4128_S29	NODE_1699_length_3855_cov_8.693684||full	review	VS_support_below_working_threshold	0.820	0	Low-quality	9.5	AAI-based (high-confidence)	1	0		3855	3855	1	No
MV-4128_S29	NODE_1701_length_3849_cov_22.680812||full	strict_supported	VS_support_and_CheckV_viral_gene	0.867	2	Low-quality	8.8	AAI-based (medium-confidence)	2	0		3849	3849	1	No
MV-4128_S29	NODE_1705_length_3841_cov_5.151875||full	exclude_strict	no_CheckV_viral_genes;host_genes_present	0.560	0	Low-quality	6.31	AAI-based (medium-confidence)	0	4	no viral genes detected	3841	3841	1	No
MV-4128_S29	NODE_1713_length_3835_cov_4.661640||full	review	VS_support_below_working_threshold	0.653	0	Low-quality	6.37	AAI-based (medium-confidence)	1	0		3835	3835	1	No
MV-4128_S29	NODE_1739_length_3782_cov_8.943654||full	review	no_CheckV_viral_genes;insufficient_support	0.960	0	Not-determined	NA	NA	0	0	no viral genes detected	3782	3782	1	No
MV-4128_S29	NODE_1742_length_3771_cov_4.534715||full	exclude_strict	no_CheckV_viral_genes;host_genes_present	0.693	0	Low-quality	2.07	AAI-based (high-confidence)	0	3	no viral genes detected	3771	3771	1	No
MV-4128_S29	NODE_1752_length_3760_cov_4.049123||full	strict_supported	VS_support_and_CheckV_viral_gene	0.987	1	Low-quality	9.0	AAI-based (medium-confidence)	1	0		3760	3760	1	No
MV-4128_S29	NODE_1768_length_3734_cov_4.646099||full	review	VS_support_below_working_threshold	0.720	0	Low-quality	8.75	AAI-based (high-confidence)	2	0		3734	3734	1	No
MV-4128_S29	NODE_1786_length_3708_cov_6.681084||full	strict_supported	VS_support_and_CheckV_viral_gene	0.960	0	Low-quality	3.29	HMM-based (lower-bound)	1	0		3708	3708	1	No
MV-4128_S29	NODE_1790_length_3704_cov_14.745136||full	review	no_CheckV_viral_genes;insufficient_support	0.593	0	Low-quality	7.14	AAI-based (medium-confidence)	0	0	no viral genes detected	3704	3704	1	No
MV-4128_S29	NODE_1805_length_3676_cov_3.907484||full	strict_supported	VS_support_and_CheckV_viral_gene	0.987	1	Low-quality	5.0	HMM-based (lower-bound)	4	0		3676	3676	1	No
MV-4128_S29	NODE_1830_length_3637_cov_5.015355||full	exclude_strict	no_CheckV_viral_genes;host_genes_present	0.827	0	Not-determined	NA	NA	0	1	no viral genes detected	3637	3637	1	No
MV-4128_S29	NODE_1859_length_3586_cov_10.937978||full	strict_supported	VS_support_and_CheckV_viral_gene	0.980	1	Low-quality	8.86	AAI-based (medium-confidence)	2	0		3586	3586	1	No
MV-4128_S29	NODE_1872_length_3557_cov_9.293261||full	exclude_strict	no_CheckV_viral_genes;host_genes_present	0.867	0	Not-determined	NA	NA	0	1	no viral genes detected	3557	3557	1	No
MV-4128_S29	NODE_1881_length_3541_cov_3.825875||full	strict_supported	VS_support_and_CheckV_viral_gene	1.000	4	Low-quality	5.44	AAI-based (medium-confidence)	4	0		3541	3541	1	No
MV-4128_S29	NODE_1918_length_3467_cov_15.081184||full	exclude_strict	no_CheckV_viral_genes;host_genes_present	0.833	0	Not-determined	NA	NA	0	1	no viral genes detected	3467	3467	1	No
MV-4128_S29	NODE_1936_length_3439_cov_5.167553||full	exclude_strict	no_CheckV_viral_genes;host_genes_present	0.507	0	Not-determined	NA	NA	0	3	no viral genes detected	3439	3439	1	No
MV-4128_S29	NODE_1946_length_3425_cov_3.975964||full	exclude_strict	no_CheckV_viral_genes;host_genes_present	0.560	0	Not-determined	NA	NA	0	4	no viral genes detected	3425	3425	1	No
MV-4128_S29	NODE_1952_length_3411_cov_15.082837||full	review	no_CheckV_viral_genes;insufficient_support	0.720	0	Not-determined	NA	NA	0	0	no viral genes detected	3411	3411	1	No
MV-4128_S29	NODE_1962_length_3395_cov_7.533234||full	strict_supported	VS_support_and_CheckV_viral_gene	0.880	1	Low-quality	2.47	HMM-based (lower-bound)	2	1		3395	1850	1	Yes
MV-4128_S29	NODE_1964_length_3394_cov_11.029051||lt2gene	review	no_CheckV_viral_genes;insufficient_support	nan	1	Not-determined	NA	NA	0	0	no viral genes detected	3394	3394	1	No
MV-4128_S29	NODE_1987_length_3364_cov_10.265941||full	exclude_strict	no_CheckV_viral_genes;host_genes_present	0.593	0	Not-determined	NA	NA	0	3	no viral genes detected	3364	3364	1	No
MV-4128_S29	NODE_2008_length_3342_cov_16.375418||full	exclude_strict	no_CheckV_viral_genes;host_genes_present	0.520	0	Low-quality	6.67	AAI-based (medium-confidence)	0	1	no viral genes detected	3342	3342	1	No
MV-4128_S29	NODE_2020_length_3319_cov_3.905025||full	review	no_CheckV_viral_genes;insufficient_support	0.580	1	Not-determined	NA	NA	0	0	no viral genes detected	3319	3319	1	No
MV-4128_S29	NODE_2034_length_3297_cov_10.411474||full	strict_supported	VS_support_and_CheckV_viral_gene	0.873	1	Low-quality	7.67	AAI-based (medium-confidence)	6	0		3297	3297	1	No
MV-4128_S29	NODE_2038_length_3294_cov_25.207471||full	review	VS_support_below_working_threshold	0.513	1	Low-quality	1.94	HMM-based (lower-bound)	1	1		3294	1511	1	Yes
MV-4128_S29	NODE_2053_length_3281_cov_25.074086||full	exclude_strict	no_CheckV_viral_genes;host_genes_present	0.753	0	Not-determined	NA	NA	0	1	no viral genes detected	3281	3281	1	No
MV-4128_S29	NODE_2057_length_3279_cov_62.660468||full	exclude_strict	no_CheckV_viral_genes;host_genes_present	0.607	0	Not-determined	NA	NA	0	1	no viral genes detected	3279	3279	1	No
MV-4128_S29	NODE_2066_length_3271_cov_26.202736||full	review	no_CheckV_viral_genes;insufficient_support	0.593	0	Low-quality	6.09	AAI-based (medium-confidence)	0	0	no viral genes detected	3271	3271	1	No
MV-4128_S29	NODE_2073_length_3264_cov_15.588657||full	exclude_strict	no_CheckV_viral_genes;host_genes_present	0.673	0	Not-determined	NA	NA	0	3	no viral genes detected	3264	3264	1	No
MV-4128_S29	NODE_2083_length_3252_cov_20.223022||full	review	no_CheckV_viral_genes;insufficient_support	0.773	0	Not-determined	NA	NA	0	0	no viral genes detected	3252	3252	1	No
MV-4128_S29	NODE_2090_length_3247_cov_2.834586||full	exclude_strict	no_CheckV_viral_genes;host_genes_present	0.760	0	Not-determined	NA	NA	0	1	no viral genes detected	3247	3247	1	No
MV-4128_S29	NODE_2107_length_3227_cov_4.817150||full	strict_supported	VS_support_and_CheckV_viral_gene	0.980	1	Low-quality	5.25	AAI-based (medium-confidence)	1	0		3227	3227	1	No
MV-4128_S29	NODE_2108_length_3227_cov_4.023329||full	strict_supported	VS_support_and_CheckV_viral_gene	0.967	0	Low-quality	4.04	HMM-based (lower-bound)	2	0		3227	3227	1	No
MV-4128_S29	NODE_2127_length_3205_cov_5.965714||full	strict_supported	VS_support_and_CheckV_viral_gene	0.993	1	Low-quality	6.63	AAI-based (medium-confidence)	1	0		3205	3205	1	No
MV-4128_S29	NODE_2143_length_3178_cov_4.007045||full	exclude_strict	no_CheckV_viral_genes;host_genes_present	0.513	0	Not-determined	NA	NA	0	3	no viral genes detected	3178	3178	1	No
MV-4128_S29	NODE_2144_length_3174_cov_11.054184||lt2gene	review	no_CheckV_viral_genes;insufficient_support	nan	1	Low-quality	7.82	AAI-based (medium-confidence)	0	0	no viral genes detected	3174	3174	1	No
MV-4128_S29	NODE_2158_length_3143_cov_6.755181||full	exclude_strict	no_CheckV_viral_genes;host_genes_present	0.733	0	Not-determined	NA	NA	0	2	no viral genes detected	3143	3143	1	No
MV-4128_S29	NODE_2190_length_3099_cov_21.842641||full	review	VS_support_below_working_threshold	0.760	0	Low-quality	7.95	AAI-based (medium-confidence)	2	0		3099	3099	1	No
MV-4128_S29	NODE_2199_length_3087_cov_9.164248||full	exclude_strict	no_CheckV_viral_genes;host_genes_present	0.760	0	Not-determined	NA	NA	0	4	no viral genes detected	3087	3087	1	No
MV-4128_S29	NODE_2212_length_3067_cov_8.823373||full	review	VS_support_below_working_threshold	0.627	0	Low-quality	5.82	AAI-based (high-confidence)	1	0		3067	3067	1	No
MV-4128_S29	NODE_2219_length_3057_cov_6.585610||full	strict_supported	VS_support_and_CheckV_viral_gene	0.953	1	Low-quality	7.12	AAI-based (medium-confidence)	1	0		3057	3057	1	No
MV-4128_S29	NODE_2230_length_3038_cov_19.382166||full	review	no_CheckV_viral_genes;insufficient_support	0.927	0	Low-quality	6.24	AAI-based (medium-confidence)	0	0	no viral genes detected	3038	3038	1	No
MV-4128_S29	NODE_2247_length_3026_cov_7.426456||full	review	VS_support_below_working_threshold	0.553	0	Low-quality	7.1	AAI-based (medium-confidence)	1	0		3026	3026	1	No
MV-4128_S29	NODE_2257_length_3008_cov_13.644091||full	exclude_strict	no_CheckV_viral_genes;host_genes_present	0.833	0	Not-determined	NA	NA	0	1	no viral genes detected	3008	3008	1	No
MV-4128_S29	NODE_2258_length_3007_cov_6.572493||full	exclude_strict	no_CheckV_viral_genes;host_genes_present	0.867	0	Not-determined	NA	NA	0	3	no viral genes detected	3007	3007	1	No
MV-4128_S29	NODE_2263_length_3004_cov_12.958969||full	strict_supported	VS_support_and_CheckV_viral_gene	0.947	1	Low-quality	5.76	AAI-based (medium-confidence)	2	0		3004	3004	1	No
MV-4128_S29	NODE_2266_length_3001_cov_9.629328||full	review	VS_support_below_working_threshold	0.847	0	Low-quality	3.78	HMM-based (lower-bound)	1	0		3001	3001	1	No
MV-4128_S29	NODE_2269_length_3000_cov_7.297453||full	review	no_CheckV_viral_genes;insufficient_support	0.833	0	Not-determined	NA	NA	0	0	no viral genes detected	3000	3000	1	No
MV-4128_S29	NODE_2271_length_2997_cov_42.141400||full	strict_supported	VS_support_and_CheckV_viral_gene	0.993	1	Low-quality	4.06	HMM-based (lower-bound)	1	0		2997	2997	1	No
MV-4128_S29	NODE_2279_length_2992_cov_34.103847||full	review	no_CheckV_viral_genes;insufficient_support	0.507	0	Not-determined	NA	NA	0	0	no viral genes detected	2992	2992	1	No
MV-4128_S29	NODE_2313_length_2952_cov_3.990680||full	strict_supported	VS_support_and_CheckV_viral_gene	0.973	0	Low-quality	4.99	AAI-based (high-confidence)	1	0		2952	2952	1	No
MV-4128_S29	NODE_2322_length_2942_cov_3.921718||full	strict_supported	VS_support_and_CheckV_viral_gene	0.907	0	Low-quality	4.96	AAI-based (high-confidence)	2	0		2942	2942	1	No
MV-4128_S29	NODE_2325_length_2940_cov_5.528250||full	review	no_CheckV_viral_genes;insufficient_support	0.980	1	Not-determined	NA	NA	0	0	no viral genes detected	2940	2940	1	No
MV-4128_S29	NODE_2338_length_2927_cov_13.084610||full	review	no_CheckV_viral_genes;insufficient_support	0.747	0	Not-determined	NA	NA	0	0	no viral genes detected	2927	2927	1	No
MV-4128_S29	NODE_2351_length_2911_cov_5.737045||full	review	VS_support_below_working_threshold	0.847	0	Low-quality	7.25	AAI-based (medium-confidence)	1	0		2911	2911	1	No
MV-4128_S29	NODE_2352_length_2910_cov_11.149212||full	strict_supported	VS_support_and_CheckV_viral_gene	0.993	0	Low-quality	2.02	HMM-based (lower-bound)	2	0		2910	2910	1	No
MV-4128_S29	NODE_2355_length_2906_cov_7.973693||full	review	no_CheckV_viral_genes;insufficient_support	0.733	0	Not-determined	NA	NA	0	0	no viral genes detected	2906	2906	1	No
MV-4128_S29	NODE_2356_length_2905_cov_14.241053||full	review	VS_support_below_working_threshold	0.887	0	Low-quality	5.92	HMM-based (lower-bound)	1	0		2905	2905	1	No
MV-4128_S29	NODE_2366_length_2894_cov_5.968651||full	exclude_strict	no_CheckV_viral_genes;host_genes_present	0.847	0	Not-determined	NA	NA	0	1	no viral genes detected	2894	2894	1	No
MV-4128_S29	NODE_2380_length_2884_cov_8.465536||full	exclude_strict	no_CheckV_viral_genes;host_genes_present	0.880	0	Not-determined	NA	NA	0	2	no viral genes detected	2884	2884	1	No
MV-4128_S29	NODE_2386_length_2878_cov_23.341126||full	review	no_CheckV_viral_genes;insufficient_support	0.893	0	Not-determined	NA	NA	0	0	no viral genes detected	2878	2878	1	No
MV-4128_S29	NODE_2414_length_2855_cov_12.847500||full	exclude_strict	no_CheckV_viral_genes;host_genes_present	0.693	0	Low-quality	1.06	AAI-based (medium-confidence)	0	1	no viral genes detected	2855	2855	1	No
MV-4128_S29	NODE_2440_length_2833_cov_4.539237||full	exclude_strict	no_CheckV_viral_genes;host_genes_present	0.933	0	Not-determined	NA	NA	0	1	no viral genes detected	2833	2833	1	No
MV-4128_S29	NODE_2450_length_2821_cov_36.129429||full	exclude_strict	no_CheckV_viral_genes;host_genes_present	0.727	0	Not-determined	NA	NA	0	2	no viral genes detected	2821	2821	1	No
MV-4128_S29	NODE_2461_length_2813_cov_6.768310||full	review	no_CheckV_viral_genes;insufficient_support	0.820	0	Low-quality	3.06	AAI-based (medium-confidence)	0	0	no viral genes detected	2813	2813	1	No
MV-4128_S29	NODE_2468_length_2803_cov_15.062955||full	strict_supported	VS_support_and_CheckV_viral_gene	0.900	3	Low-quality	6.2	AAI-based (medium-confidence)	4	0		2803	2803	1	No
MV-4128_S29	NODE_2484_length_2786_cov_23.277920||full	strict_supported	VS_support_and_CheckV_viral_gene	0.907	0	Low-quality	3.08	HMM-based (lower-bound)	1	0		2786	2786	1	No
MV-4128_S29	NODE_2496_length_2775_cov_3.880515||full	exclude_strict	no_CheckV_viral_genes;host_genes_present	0.627	0	Not-determined	NA	NA	0	1	no viral genes detected	2775	2775	1	No
MV-4128_S29	NODE_2513_length_2756_cov_3.429471||full	strict_supported	VS_support_and_CheckV_viral_gene	0.953	1	Low-quality	1.76	HMM-based (lower-bound)	3	0		2756	2756	1	No
MV-4128_S29	NODE_2519_length_2749_cov_6.642910||full	exclude_strict	no_CheckV_viral_genes;host_genes_present	0.633	0	Not-determined	NA	NA	0	3	no viral genes detected	2749	2749	1	No
MV-4128_S29	NODE_2526_length_2738_cov_4.923593||full	strict_supported	VS_support_and_CheckV_viral_gene	0.927	1	Low-quality	6.46	AAI-based (high-confidence)	1	0		2738	2738	1	No
MV-4128_S29	NODE_2531_length_2729_cov_4.931937||full	strict_supported	VS_support_and_CheckV_viral_gene	0.960	0	Low-quality	4.45	AAI-based (medium-confidence)	4	0		2729	2729	1	No
MV-4128_S29	NODE_2548_length_2714_cov_11.797668||full	exclude_strict	no_CheckV_viral_genes;host_genes_present	0.547	0	Not-determined	NA	NA	0	3	no viral genes detected	2714	2714	1	No
MV-4128_S29	NODE_2552_length_2710_cov_7.039925||full	strict_supported	VS_support_and_CheckV_viral_gene	1.000	1	Low-quality	5.96	AAI-based (medium-confidence)	1	0		2710	2710	1	No
MV-4128_S29	NODE_2560_length_2702_cov_4.553079||full	strict_supported	VS_support_and_CheckV_viral_gene	0.967	0	Low-quality	4.31	HMM-based (lower-bound)	1	0		2702	2702	1	No
MV-4128_S29	NODE_2567_length_2695_cov_19.014773||full	review	no_CheckV_viral_genes;insufficient_support	0.920	0	Not-determined	NA	NA	0	0	no viral genes detected	2695	2695	1	No
MV-4128_S29	NODE_2570_length_2693_cov_3.127748||full	strict_supported	VS_support_and_CheckV_viral_gene	0.960	1	Low-quality	1.97	HMM-based (lower-bound)	2	0		2693	2693	1	No
MV-4128_S29	NODE_2573_length_2688_cov_31.835549||full	exclude_strict	no_CheckV_viral_genes;host_genes_present	0.820	0	Low-quality	2.8	AAI-based (medium-confidence)	0	1	no viral genes detected	2688	2688	1	No
MV-4128_S29	NODE_2578_length_2684_cov_21.030049||full	exclude_strict	no_CheckV_viral_genes;host_genes_present	0.733	0	Not-determined	NA	NA	0	1	no viral genes detected	2684	2684	1	No
MV-4128_S29	NODE_2588_length_2677_cov_48.880625||full	strict_supported	VS_support_and_CheckV_viral_gene	0.940	0	Low-quality	1.58	HMM-based (lower-bound)	2	0		2677	2677	1	No
MV-4128_S29	NODE_2592_length_2674_cov_4.342497||full	strict_supported	VS_support_and_CheckV_viral_gene	1.000	1	Low-quality	2.38	HMM-based (lower-bound)	1	0		2674	2674	1	No
MV-4128_S29	NODE_2617_length_2653_cov_4.046959||full	strict_supported	VS_support_and_CheckV_viral_gene	0.960	0	Low-quality	3.24	HMM-based (lower-bound)	1	0		2653	2653	1	No
MV-4128_S29	NODE_2629_length_2642_cov_4.026285||full	exclude_strict	no_CheckV_viral_genes;host_genes_present	0.680	0	Not-determined	NA	NA	0	2	no viral genes detected	2642	2642	1	No
MV-4128_S29	NODE_2640_length_2635_cov_6.937209||full	review	no_CheckV_viral_genes;insufficient_support	0.933	1	Not-determined	NA	NA	0	0	no viral genes detected	2635	2635	1	No
MV-4128_S29	NODE_2661_length_2618_cov_24.756535||full	review	no_CheckV_viral_genes;insufficient_support	0.667	0	Low-quality	6.67	AAI-based (medium-confidence)	0	0	no viral genes detected	2618	2618	1	No
MV-4128_S29	NODE_2709_length_2575_cov_3.230159||full	exclude_strict	no_CheckV_viral_genes;host_genes_present	0.607	0	Not-determined	NA	NA	0	1	no viral genes detected	2575	2575	1	No
MV-4128_S29	NODE_2718_length_2567_cov_4.963376||full	exclude_strict	no_CheckV_viral_genes;host_genes_present	0.920	0	Not-determined	NA	NA	0	1	no viral genes detected	2567	2567	1	No
MV-4128_S29	NODE_2733_length_2554_cov_25.006002||full	strict_supported	VS_support_and_CheckV_viral_gene	0.993	3	Low-quality	4.04	AAI-based (medium-confidence)	3	0		2554	2554	1	No
MV-4128_S29	NODE_2741_length_2548_cov_14.365423||full	exclude_strict	no_CheckV_viral_genes;host_genes_present	0.553	0	Not-determined	NA	NA	0	1	no viral genes detected	2548	2548	1	No
MV-4128_S29	NODE_2766_length_2530_cov_3.555152||full	exclude_strict	no_CheckV_viral_genes;host_genes_present	0.860	0	Not-determined	NA	NA	0	1	no viral genes detected	2530	2530	1	No
MV-4128_S29	NODE_2767_length_2528_cov_2.982208||full	review	no_CheckV_viral_genes;insufficient_support	0.713	0	Not-determined	NA	NA	0	0	no viral genes detected	2528	2528	1	No
MV-4128_S29	NODE_2770_length_2524_cov_4.088700||full	exclude_strict	no_CheckV_viral_genes;host_genes_present	0.620	1	Not-determined	NA	NA	0	2	no viral genes detected	2524	2524	1	No
MV-4128_S29	NODE_2807_length_2503_cov_3.523693||full	exclude_strict	no_CheckV_viral_genes;host_genes_present	0.793	0	Not-determined	NA	NA	0	2	no viral genes detected	2503	2503	1	No
MV-4128_S29	NODE_2823_length_2495_cov_5.429508||full	exclude_strict	no_CheckV_viral_genes;host_genes_present	0.633	0	Not-determined	NA	NA	0	2	no viral genes detected	2495	2495	1	No
MV-4128_S29	NODE_2868_length_2465_cov_6.472199||full	exclude_strict	no_CheckV_viral_genes;host_genes_present	0.800	0	Low-quality	0.99	AAI-based (medium-confidence)	0	3	no viral genes detected	2465	2465	1	No
MV-4128_S29	NODE_2871_length_2463_cov_581.349668||full	review	no_CheckV_viral_genes;insufficient_support	0.800	0	Not-determined	NA	NA	0	0	no viral genes detected	2463	2463	1	No
MV-4128_S29	NODE_2900_length_2442_cov_3.767910||full	review	no_CheckV_viral_genes;insufficient_support	0.813	0	Not-determined	NA	NA	0	0	no viral genes detected	2442	2442	1	No
MV-4128_S29	NODE_2911_length_2436_cov_25.319194||full	strict_supported	VS_support_and_CheckV_viral_gene	0.980	1	Low-quality	2.2	HMM-based (lower-bound)	1	0		2436	2436	1	No
MV-4128_S29	NODE_2931_length_2426_cov_17.264867||full	strict_supported	VS_support_and_CheckV_viral_gene	0.927	1	Low-quality	5.62	AAI-based (medium-confidence)	3	0		2426	2426	1	No
MV-4128_S29	NODE_2934_length_2424_cov_3.011397||full	exclude_strict	no_CheckV_viral_genes;host_genes_present	0.987	0	Not-determined	NA	NA	0	2	no viral genes detected	2424	2424	1	No
MV-4128_S29	NODE_2936_length_2422_cov_4.842417||full	exclude_strict	no_CheckV_viral_genes;host_genes_present	0.953	0	Not-determined	NA	NA	0	1	no viral genes detected	2422	2422	1	No
MV-4128_S29	NODE_2939_length_2421_cov_5.402367||full	review	no_CheckV_viral_genes;insufficient_support	0.707	0	Not-determined	NA	NA	0	0	no viral genes detected	2421	2421	1	No
MV-4128_S29	NODE_2956_length_2410_cov_4.468790||full	review	VS_support_below_working_threshold	0.667	0	Low-quality	4.68	AAI-based (medium-confidence)	1	0		2410	2410	1	No
MV-4128_S29	NODE_2973_length_2395_cov_9.884615||full	strict_supported	VS_support_and_CheckV_viral_gene	0.993	1	Low-quality	4.69	AAI-based (medium-confidence)	2	0		2395	2395	1	No
MV-4128_S29	NODE_3003_length_2377_cov_7.350560||full	review	no_CheckV_viral_genes;insufficient_support	0.687	0	Not-determined	NA	NA	0	0	no viral genes detected	2377	2377	1	No
MV-4128_S29	NODE_3004_length_2377_cov_2.847976||full	exclude_strict	no_CheckV_viral_genes;host_genes_present	0.680	0	Low-quality	4.35	AAI-based (medium-confidence)	0	1	no viral genes detected	2377	2377	1	No
MV-4128_S29	NODE_3027_length_2360_cov_4.710195||full	exclude_strict	no_CheckV_viral_genes;host_genes_present	0.667	0	Low-quality	1.41	AAI-based (high-confidence)	0	2	no viral genes detected	2360	2360	1	No
MV-4128_S29	NODE_3034_length_2357_cov_4.175934||full	review	VS_support_below_working_threshold	0.587	0	Low-quality	1.32	HMM-based (lower-bound)	1	0		2357	2357	1	No
MV-4128_S29	NODE_3040_length_2352_cov_3.975185||full	strict_supported	VS_support_and_CheckV_viral_gene	0.973	1	Low-quality	3.21	HMM-based (lower-bound)	2	0		2352	2352	1	No
MV-4128_S29	NODE_3043_length_2350_cov_4.718954||full	strict_supported	VS_support_and_CheckV_viral_gene	0.980	1	Low-quality	0.98	HMM-based (lower-bound)	1	0		2350	2350	1	No
MV-4128_S29	NODE_3045_length_2349_cov_23.472101||full	exclude_strict	no_CheckV_viral_genes;host_genes_present	0.760	0	Low-quality	1.33	AAI-based (medium-confidence)	0	1	no viral genes detected	2349	2349	1	No
MV-4128_S29	NODE_3047_length_2348_cov_109.518535||full	review	no_CheckV_viral_genes;insufficient_support	0.920	0	Not-determined	NA	NA	0	0	no viral genes detected	2348	2348	1	No
MV-4128_S29	NODE_3054_length_2345_cov_5.424017||full	exclude_strict	no_CheckV_viral_genes;host_genes_present	0.900	0	Low-quality	3.85	AAI-based (medium-confidence)	0	2	no viral genes detected	2345	2345	1	No
MV-4128_S29	NODE_3063_length_2341_cov_2.304024||full	strict_supported	VS_support_and_CheckV_viral_gene	0.987	1	Low-quality	6.22	AAI-based (medium-confidence)	2	0		2341	2341	1	No
MV-4128_S29	NODE_3067_length_2338_cov_7.628997||full	strict_supported	VS_support_and_CheckV_viral_gene	0.947	0	Low-quality	1.27	HMM-based (lower-bound)	1	0		2338	2338	1	No
MV-4128_S29	NODE_3078_length_2334_cov_3.000878||full	review	no_CheckV_viral_genes;insufficient_support	1.000	2	Not-determined	NA	NA	0	0	no viral genes detected	2334	2334	1	No
MV-4128_S29	NODE_3084_length_2326_cov_15.331572||full	strict_supported	VS_support_and_CheckV_viral_gene	0.880	1	Low-quality	6.06	AAI-based (medium-confidence)	1	0		2326	2326	1	No
MV-4128_S29	NODE_3101_length_2318_cov_4.203712||full	exclude_strict	no_CheckV_viral_genes;host_genes_present	0.620	0	Not-determined	NA	NA	0	1	no viral genes detected	2318	2318	1	No
MV-4128_S29	NODE_3126_length_2303_cov_16.100089||full	review	no_CheckV_viral_genes;insufficient_support	0.513	0	Not-determined	NA	NA	0	0	no viral genes detected	2303	2303	1	No
MV-4128_S29	NODE_3133_length_2300_cov_4.842762||full	review	VS_support_below_working_threshold	0.880	0	Low-quality	3.36	HMM-based (lower-bound)	1	0		2300	2300	1	No
MV-4128_S29	NODE_3156_length_2289_cov_5.848702||full	review	no_CheckV_viral_genes;insufficient_support	0.647	0	Low-quality	2.4	AAI-based (medium-confidence)	0	0	no viral genes detected	2289	2289	1	No
MV-4128_S29	NODE_3190_length_2269_cov_4.002258||full	exclude_strict	no_CheckV_viral_genes;host_genes_present	0.640	0	Not-determined	NA	NA	0	2	no viral genes detected	2269	2269	1	No
MV-4128_S29	NODE_3213_length_2257_cov_10.679837||full	strict_supported	VS_support_and_CheckV_viral_gene	0.920	0	Low-quality	3.64	HMM-based (lower-bound)	1	0		2257	2257	1	No
MV-4128_S29	NODE_3235_length_2247_cov_2.898266||full	exclude_strict	no_CheckV_viral_genes;host_genes_present	0.547	0	Not-determined	NA	NA	0	2	no viral genes detected	2247	2247	1	No
MV-4128_S29	NODE_3238_length_2245_cov_4.733333||full	review	no_CheckV_viral_genes;insufficient_support	0.693	0	Low-quality	4.16	AAI-based (medium-confidence)	0	0	no viral genes detected	2245	2245	1	No
MV-4128_S29	NODE_3246_length_2242_cov_3.468221||full	exclude_strict	no_CheckV_viral_genes;host_genes_present	0.827	0	Not-determined	NA	NA	0	2	no viral genes detected	2242	2242	1	No
MV-4128_S29	NODE_3249_length_2240_cov_3.223799||full	exclude_strict	no_CheckV_viral_genes;host_genes_present	0.933	0	Low-quality	1.01	AAI-based (medium-confidence)	0	1	no viral genes detected	2240	2240	1	No
MV-4128_S29	NODE_3257_length_2236_cov_7.854195||full	exclude_strict	no_CheckV_viral_genes;host_genes_present	0.767	0	Not-determined	NA	NA	0	2	no viral genes detected	2236	2236	1	No
MV-4128_S29	NODE_3262_length_2234_cov_4.341900||full	strict_supported	VS_support_and_CheckV_viral_gene	0.900	0	Low-quality	3.26	HMM-based (lower-bound)	1	0		2234	2234	1	No
MV-4128_S29	NODE_3269_length_2233_cov_4.345730||full	review	no_CheckV_viral_genes;insufficient_support	0.913	0	Not-determined	NA	NA	0	0	no viral genes detected	2233	2233	1	No
MV-4128_S29	NODE_3285_length_2227_cov_3.466390||full	exclude_strict	no_CheckV_viral_genes;host_genes_present	0.860	1	Not-determined	NA	NA	0	3	no viral genes detected	2227	2227	1	No
MV-4128_S29	NODE_3290_length_2223_cov_41.785055||full	strict_supported	VS_support_and_CheckV_viral_gene	0.940	2	Low-quality	1.91	HMM-based (lower-bound)	2	0		2223	2223	1	No
MV-4128_S29	NODE_3298_length_2215_cov_28.073148||full	exclude_strict	no_CheckV_viral_genes;host_genes_present	0.553	0	Not-determined	NA	NA	0	3	no viral genes detected	2215	2215	1	No
MV-4128_S29	NODE_3304_length_2213_cov_4.540315||full	exclude_strict	no_CheckV_viral_genes;host_genes_present	0.800	0	Not-determined	NA	NA	0	1	no viral genes detected	2213	2213	1	No
MV-4128_S29	NODE_3365_length_2179_cov_4.495763||full	strict_supported	VS_support_and_CheckV_viral_gene	0.960	1	Low-quality	2.86	HMM-based (lower-bound)	1	0		2179	2179	1	No
MV-4128_S29	NODE_3379_length_2175_cov_3.962264||full	exclude_strict	no_CheckV_viral_genes;host_genes_present	0.627	0	Not-determined	NA	NA	0	3	no viral genes detected	2175	2175	1	No
MV-4128_S29	NODE_3384_length_2171_cov_4.552457||full	exclude_strict	no_CheckV_viral_genes;host_genes_present	0.513	0	Not-determined	NA	NA	0	1	no viral genes detected	2171	2171	1	No
MV-4128_S29	NODE_3390_length_2169_cov_4.217124||full	review	no_CheckV_viral_genes;insufficient_support	0.980	1	Not-determined	NA	NA	0	0	no viral genes detected	2169	2169	1	No
MV-4128_S29	NODE_3405_length_2162_cov_28.439013||full	exclude_strict	no_CheckV_viral_genes;host_genes_present	0.627	0	Not-determined	NA	NA	0	2	no viral genes detected	2162	2162	1	No
MV-4128_S29	NODE_3407_length_2162_cov_4.351210||full	exclude_strict	no_CheckV_viral_genes;host_genes_present	0.667	0	Low-quality	3.66	AAI-based (medium-confidence)	0	2	no viral genes detected	2162	2162	1	No
MV-4128_S29	NODE_3447_length_2141_cov_6.366251||full	exclude_strict	no_CheckV_viral_genes;host_genes_present	0.993	0	Not-determined	NA	NA	0	1	no viral genes detected	2141	2141	1	No
MV-4128_S29	NODE_3456_length_2137_cov_3.452450||full	strict_supported	VS_support_and_CheckV_viral_gene	0.987	1	Low-quality	5.81	AAI-based (high-confidence)	1	0		2137	2137	1	No
MV-4128_S29	NODE_3479_length_2123_cov_3.421663||full	review	VS_support_below_working_threshold	0.787	0	Low-quality	2.63	AAI-based (medium-confidence)	1	1		2123	1495	1	Yes
MV-4128_S29	NODE_3485_length_2119_cov_3.042636||full	exclude_strict	no_CheckV_viral_genes;host_genes_present	0.547	0	Not-determined	NA	NA	0	1	no viral genes detected	2119	2119	1	No
MV-4128_S29	NODE_3495_length_2115_cov_3.856311||full	exclude_strict	no_CheckV_viral_genes;host_genes_present	0.533	0	Not-determined	NA	NA	0	2	no viral genes detected	2115	2115	1	No
MV-4128_S29	NODE_3498_length_2113_cov_5.700194||full	exclude_strict	no_CheckV_viral_genes;host_genes_present	0.720	0	Not-determined	NA	NA	0	2	no viral genes detected	2113	2113	1	No
MV-4128_S29	NODE_3516_length_2104_cov_3.395803||full	strict_supported	VS_support_and_CheckV_viral_gene	0.893	1	Low-quality	4.25	HMM-based (lower-bound)	1	0		2104	2104	1	No
MV-4128_S29	NODE_3572_length_2078_cov_4.154226||full	review	VS_support_below_working_threshold	0.840	0	Low-quality	1.86	HMM-based (lower-bound)	1	0		2078	2078	1	No
MV-4128_S29	NODE_3627_length_2059_cov_4.632735||lt2gene	review	VS_support_below_working_threshold	nan	1	Low-quality	4.28	AAI-based (high-confidence)	1	0		2059	2059	1	No
MV-4128_S29	NODE_3629_length_2059_cov_4.237525||full	exclude_strict	no_CheckV_viral_genes;host_genes_present	0.960	0	Not-determined	NA	NA	0	1	no viral genes detected	2059	2059	1	No
MV-4128_S29	NODE_3641_length_2055_cov_4.466500||full	review	VS_support_below_working_threshold	0.693	0	Low-quality	3.83	AAI-based (high-confidence)	1	0		2055	2055	1	No
MV-4128_S29	NODE_3647_length_2051_cov_23.138277||full	exclude_strict	no_CheckV_viral_genes;host_genes_present	0.893	0	Not-determined	NA	NA	0	1	no viral genes detected	2051	2051	1	No
MV-4128_S29	NODE_3652_length_2049_cov_8.125376||full	exclude_strict	no_CheckV_viral_genes;host_genes_present	0.607	0	Not-determined	NA	NA	0	1	no viral genes detected	2049	2049	1	No
MV-4128_S29	NODE_3663_length_2042_cov_18.450428||full	strict_supported	VS_support_and_CheckV_viral_gene	0.953	0	Low-quality	4.23	AAI-based (high-confidence)	2	0		2042	2042	1	No
MV-4128_S29	NODE_3691_length_2030_cov_4.541772||full	exclude_strict	no_CheckV_viral_genes;host_genes_present	0.553	0	Low-quality	2.32	AAI-based (medium-confidence)	0	1	no viral genes detected	2030	2030	1	No
MV-4128_S29	NODE_3701_length_2027_cov_21.364604||full	exclude_strict	no_CheckV_viral_genes;host_genes_present	0.893	0	Not-determined	NA	NA	0	1	no viral genes detected	2027	2027	1	No
MV-4128_S29	NODE_3717_length_2022_cov_4.347229||full	strict_supported	VS_support_and_CheckV_viral_gene	0.993	1	Low-quality	3.04	HMM-based (lower-bound)	1	0		2022	2022	1	No
MV-4128_S29	NODE_3720_length_2020_cov_3.283969||full	review	no_CheckV_viral_genes;insufficient_support	0.600	0	Not-determined	NA	NA	0	0	no viral genes detected	2020	2020	1	No
MV-4128_S29	NODE_3724_length_2018_cov_5.961793||full	exclude_strict	no_CheckV_viral_genes;host_genes_present	0.927	0	Not-determined	NA	NA	0	2	no viral genes detected	2018	2018	1	No
MV-4128_S29	NODE_3732_length_2015_cov_16.728061||full	exclude_strict	no_CheckV_viral_genes;host_genes_present	0.673	0	Not-determined	NA	NA	0	1	no viral genes detected	2015	2015	1	No
MV-4128_S29	NODE_3733_length_2015_cov_3.786735||full	strict_supported	VS_support_and_CheckV_viral_gene	0.913	0	Low-quality	3.88	AAI-based (medium-confidence)	1	0		2015	2015	1	No
MV-4128_S29	NODE_3742_length_2013_cov_14.783963||full	review	no_CheckV_viral_genes;insufficient_support	0.813	0	Low-quality	4.15	AAI-based (medium-confidence)	0	0	no viral genes detected	2013	2013	1	No
MV-4128_S29	NODE_3752_length_2010_cov_3.676726||full	exclude_strict	no_CheckV_viral_genes;host_genes_present	0.847	0	Low-quality	0.84	AAI-based (medium-confidence)	0	1	no viral genes detected	2010	2010	1	No
MV-4128_S29	NODE_3765_length_2006_cov_2.357765||full	review	VS_support_below_working_threshold	0.793	0	Low-quality	3.12	AAI-based (medium-confidence)	1	0		2006	2006	1	No
MV-4128_S29	NODE_3789_length_1996_cov_5.701700||full	review	no_CheckV_viral_genes;insufficient_support	0.580	0	Not-determined	NA	NA	0	0	no viral genes detected	1996	1996	1	No
MV-4128_S29	NODE_3806_length_1988_cov_2.713399||full	strict_supported	VS_support_and_CheckV_viral_gene	0.953	1	Low-quality	3.97	AAI-based (medium-confidence)	1	0		1988	1988	1	No
MV-4128_S29	NODE_3811_length_1985_cov_3.670466||full	exclude_strict	no_CheckV_viral_genes;host_genes_present	0.587	0	Not-determined	NA	NA	0	1	no viral genes detected	1985	1985	1	No
MV-4128_S29	NODE_3841_length_1976_cov_2.878709||full	review	no_CheckV_viral_genes;insufficient_support	0.760	0	Not-determined	NA	NA	0	0	no viral genes detected	1976	1976	1	No
MV-4128_S29	NODE_3865_length_1967_cov_3.711820||full	review	VS_support_below_working_threshold	0.827	0	Low-quality	4.21	AAI-based (medium-confidence)	1	0		1967	1967	1	No
MV-4128_S29	NODE_3869_length_1966_cov_2.950811||full	review	no_CheckV_viral_genes;insufficient_support	0.640	0	Low-quality	2.23	AAI-based (medium-confidence)	0	0	no viral genes detected	1966	1966	1	No
MV-4128_S29	NODE_3874_length_1964_cov_6.874804||full	review	VS_support_below_working_threshold	0.833	0	Low-quality	1.93	HMM-based (lower-bound)	1	0		1964	1964	1	No
MV-4128_S29	NODE_3875_length_1964_cov_3.017810||full	exclude_strict	no_CheckV_viral_genes;host_genes_present	0.647	0	Not-determined	NA	NA	0	1	no viral genes detected	1964	1964	1	No
MV-4128_S29	NODE_3902_length_1951_cov_4.434072||full	exclude_strict	no_CheckV_viral_genes;host_genes_present	0.647	0	Not-determined	NA	NA	0	1	no viral genes detected	1951	1951	1	No
MV-4128_S29	NODE_3910_length_1948_cov_3.806656||full	review	VS_support_below_working_threshold	0.887	0	Low-quality	3.72	AAI-based (medium-confidence)	1	0		1948	1948	1	No
MV-4128_S29	NODE_3923_length_1942_cov_3.143084||full	strict_supported	VS_support_and_CheckV_viral_gene	0.953	0	Low-quality	1.49	HMM-based (lower-bound)	2	0		1942	1942	1	No
MV-4128_S29	NODE_3939_length_1936_cov_2.935141||full	strict_supported	VS_support_and_CheckV_viral_gene	0.987	0	Low-quality	2.87	HMM-based (lower-bound)	1	0		1936	1936	1	No
MV-4128_S29	NODE_3941_length_1935_cov_7.088298||full	exclude_strict	no_CheckV_viral_genes;host_genes_present	0.513	0	Low-quality	3.7	AAI-based (medium-confidence)	0	1	no viral genes detected	1935	1935	1	No
MV-4128_S29	NODE_3943_length_1934_cov_8.497605||full	review	no_CheckV_viral_genes;insufficient_support	0.913	0	Not-determined	NA	NA	0	0	no viral genes detected	1934	1934	1	No
MV-4128_S29	NODE_3962_length_1928_cov_6.651361||full	exclude_strict	no_CheckV_viral_genes;host_genes_present	0.900	0	Low-quality	0.9	AAI-based (high-confidence)	0	1	no viral genes detected	1928	1928	1	No
MV-4128_S29	NODE_3974_length_1925_cov_5.412834||full	review	no_CheckV_viral_genes;insufficient_support	0.567	0	Not-determined	NA	NA	0	0	no viral genes detected	1925	1925	1	No
MV-4128_S29	NODE_3976_length_1923_cov_6.501071||full	strict_supported	VS_support_and_CheckV_viral_gene	0.887	1	Low-quality	4.4	AAI-based (high-confidence)	1	0		1923	1923	1	No
MV-4128_S29	NODE_3997_length_1917_cov_13.027390||full	exclude_strict	no_CheckV_viral_genes;host_genes_present	0.767	0	Not-determined	NA	NA	0	1	no viral genes detected	1917	1917	1	No
MV-4128_S29	NODE_4007_length_1913_cov_3.951561||full	strict_supported	VS_support_and_CheckV_viral_gene	1.000	2	Low-quality	4.39	AAI-based (high-confidence)	2	0		1913	1913	1	No
MV-4128_S29	NODE_4019_length_1906_cov_16.278228||full	exclude_strict	no_CheckV_viral_genes;host_genes_present	0.740	0	Low-quality	2.34	AAI-based (medium-confidence)	0	1	no viral genes detected	1906	1906	1	No
MV-4128_S29	NODE_4041_length_1899_cov_4.535249||full	strict_supported	VS_support_and_CheckV_viral_gene	0.860	1	Low-quality	2.49	HMM-based (lower-bound)	1	0		1899	1899	1	No
MV-4128_S29	NODE_4047_length_1897_cov_6.492400||full	exclude_strict	no_CheckV_viral_genes;host_genes_present	0.780	0	Not-determined	NA	NA	0	2	no viral genes detected	1897	1897	1	No
MV-4128_S29	NODE_4084_length_1884_cov_4.289776||full	review	VS_support_below_working_threshold	0.647	0	Low-quality	0.5	HMM-based (lower-bound)	1	0		1884	1884	1	No
MV-4128_S29	NODE_4108_length_1874_cov_3.777900||full	exclude_strict	no_CheckV_viral_genes;host_genes_present	0.947	0	Low-quality	1.27	AAI-based (high-confidence)	0	1	no viral genes detected	1874	1874	1	No
MV-4128_S29	NODE_4121_length_1869_cov_4.966924||full	exclude_strict	no_CheckV_viral_genes;host_genes_present	0.953	0	Not-determined	NA	NA	0	2	no viral genes detected	1869	1869	1	No
MV-4128_S29	NODE_4125_length_1868_cov_4.175951||full	strict_supported	VS_support_and_CheckV_viral_gene	0.953	0	Low-quality	3.74	AAI-based (medium-confidence)	1	0		1868	1868	1	No
MV-4128_S29	NODE_4127_length_1867_cov_14.217439||lt2gene	review	no_CheckV_viral_genes;insufficient_support	nan	1	Not-determined	NA	NA	0	0	no viral genes detected	1867	1867	1	No
MV-4128_S29	NODE_4158_length_1856_cov_3.542476||full	review	VS_support_below_working_threshold	0.853	0	Low-quality	3.18	AAI-based (medium-confidence)	2	0		1856	1856	1	No
MV-4128_S29	NODE_4172_length_1853_cov_3.166852||full	review	no_CheckV_viral_genes;insufficient_support	0.827	0	Low-quality	3.79	AAI-based (high-confidence)	0	0	no viral genes detected	1853	1853	1	No
MV-4128_S29	NODE_4217_length_1838_cov_4.029164||full	exclude_strict	no_CheckV_viral_genes;host_genes_present	0.960	0	Not-determined	NA	NA	0	3	no viral genes detected	1838	1838	1	No
MV-4128_S29	NODE_4229_length_1834_cov_8.076447||full	review	no_CheckV_viral_genes;insufficient_support	0.947	0	Low-quality	3.78	AAI-based (medium-confidence)	0	0	no viral genes detected	1834	1834	1	No
MV-4128_S29	NODE_4244_length_1829_cov_5.485908||lt2gene	exclude_strict	no_CheckV_viral_genes;host_genes_present	nan	1	Not-determined	NA	NA	0	1	no viral genes detected	1829	1829	1	No
MV-4128_S29	NODE_4260_length_1824_cov_5.975692||full	review	VS_support_below_working_threshold	0.813	0	Low-quality	3.66	AAI-based (medium-confidence)	1	0		1824	1824	1	No
MV-4128_S29	NODE_4274_length_1819_cov_3.226757||lt2gene	review	no_CheckV_viral_genes;insufficient_support	nan	1	Not-determined	NA	NA	0	0	no viral genes detected	1819	1819	1	No
MV-4128_S29	NODE_4280_length_1814_cov_3.047754||lt2gene	review	VS_support_below_working_threshold	nan	2	Low-quality	3.49	AAI-based (high-confidence)	2	0		1814	1814	1	No
MV-4128_S29	NODE_4292_length_1809_cov_6.159065||full	exclude_strict	no_CheckV_viral_genes;host_genes_present	0.973	0	Not-determined	NA	NA	0	1	no viral genes detected	1809	1809	1	No
MV-4128_S29	NODE_4328_length_1797_cov_4.933410||full	review	VS_support_below_working_threshold	0.587	0	Low-quality	2.33	AAI-based (medium-confidence)	2	0		1797	1797	1	No
MV-4128_S29	NODE_4331_length_1797_cov_3.547072||full	review	no_CheckV_viral_genes;insufficient_support	0.560	0	Not-determined	NA	NA	0	0	no viral genes detected	1797	1797	1	No
MV-4128_S29	NODE_4358_length_1788_cov_3.138488||full	exclude_strict	no_CheckV_viral_genes;host_genes_present	0.660	0	Low-quality	1.31	AAI-based (high-confidence)	0	2	no viral genes detected	1788	1788	1	No
MV-4128_S29	NODE_4367_length_1784_cov_4.345865||full	review	no_CheckV_viral_genes;insufficient_support	0.647	0	Not-determined	NA	NA	0	0	no viral genes detected	1784	1784	1	No
MV-4128_S29	NODE_4370_length_1783_cov_8.567708||full	exclude_strict	no_CheckV_viral_genes;host_genes_present	0.900	0	Not-determined	NA	NA	0	1	no viral genes detected	1783	1783	1	No
MV-4128_S29	NODE_4386_length_1779_cov_3.218097||full	review	VS_support_below_working_threshold	0.813	0	Not-determined	NA	NA	1	2		1779	801	1	Yes
MV-4128_S29	NODE_4388_length_1778_cov_3.954730||full	review	no_CheckV_viral_genes;insufficient_support	0.967	0	Not-determined	NA	NA	0	0	no viral genes detected	1778	1778	1	No
MV-4128_S29	NODE_4428_length_1766_cov_5.477499||full	review	no_CheckV_viral_genes;insufficient_support	0.860	0	Low-quality	2.88	AAI-based (medium-confidence)	0	0	no viral genes detected	1766	1766	1	No
MV-4128_S29	NODE_4459_length_1760_cov_3.005279||full	review	no_CheckV_viral_genes;insufficient_support	0.907	0	Not-determined	NA	NA	0	0	no viral genes detected	1760	1760	1	No
MV-4128_S29	NODE_4475_length_1754_cov_6.054149||full	exclude_strict	no_CheckV_viral_genes;host_genes_present	0.913	0	Low-quality	1.03	AAI-based (medium-confidence)	0	1	no viral genes detected	1754	1754	1	No
MV-4128_S29	NODE_4501_length_1745_cov_6.963905||full	strict_supported	VS_support_and_CheckV_viral_gene	1.000	2	Low-quality	3.51	HMM-based (lower-bound)	1	0		1745	1745	1	No
MV-4128_S29	NODE_4528_length_1735_cov_25.961905||full	review	no_CheckV_viral_genes;insufficient_support	0.673	0	Not-determined	NA	NA	0	0	no viral genes detected	1735	1735	1	No
MV-4128_S29	NODE_4560_length_1725_cov_4.871856||full	review	no_CheckV_viral_genes;insufficient_support	0.653	0	Not-determined	NA	NA	0	0	no viral genes detected	1725	1725	1	No
MV-4128_S29	NODE_4565_length_1724_cov_5.352906||full	strict_supported	VS_support_and_CheckV_viral_gene	0.967	0	Low-quality	3.71	AAI-based (medium-confidence)	1	0		1724	1724	1	No
MV-4128_S29	NODE_4590_length_1716_cov_3.979530||full	exclude_strict	no_CheckV_viral_genes;host_genes_present	0.800	0	Not-determined	NA	NA	0	1	no viral genes detected	1716	1716	1	No
MV-4128_S29	NODE_4593_length_1715_cov_4.969880||full	review	no_CheckV_viral_genes;insufficient_support	1.000	0	Low-quality	3.06	AAI-based (medium-confidence)	0	0	no viral genes detected	1715	1715	1	No
MV-4128_S29	NODE_4607_length_1711_cov_15.555556||full	review	VS_support_below_working_threshold	0.860	0	Low-quality	2.8	AAI-based (high-confidence)	1	0		1711	1711	1	No
MV-4128_S29	NODE_4657_length_1699_cov_3.431873||full	review	no_CheckV_viral_genes;insufficient_support	0.873	0	Low-quality	3.46	AAI-based (high-confidence)	0	0	no viral genes detected	1699	1699	1	No
MV-4128_S29	NODE_4658_length_1699_cov_3.352190||full	review	VS_support_below_working_threshold	0.753	0	Low-quality	3.86	AAI-based (high-confidence)	1	0		1699	1699	1	No
MV-4128_S29	NODE_4709_length_1686_cov_2.515635||full	review	no_CheckV_viral_genes;insufficient_support	0.653	0	Not-determined	NA	NA	0	0	no viral genes detected	1686	1686	1	No
MV-4128_S29	NODE_4729_length_1681_cov_4.588561||full	review	no_CheckV_viral_genes;insufficient_support	0.967	0	Not-determined	NA	NA	0	0	no viral genes detected	1681	1681	1	No
MV-4128_S29	NODE_4732_length_1681_cov_2.569496||full	review	VS_support_below_working_threshold	0.887	0	Low-quality	2.39	HMM-based (lower-bound)	1	0		1681	1681	1	No
MV-4128_S29	NODE_4766_length_1671_cov_4.671411||full	exclude_strict	no_CheckV_viral_genes;host_genes_present	0.847	1	Not-determined	NA	NA	0	1	no viral genes detected	1671	1671	1	No
MV-4128_S29	NODE_4769_length_1671_cov_3.447401||full	strict_supported	VS_support_and_CheckV_viral_gene	0.980	1	Low-quality	4.07	AAI-based (medium-confidence)	1	0		1671	1671	1	No
MV-4128_S29	NODE_4784_length_1668_cov_4.866708||full	strict_supported	VS_support_and_CheckV_viral_gene	1.000	0	Low-quality	3.15	AAI-based (medium-confidence)	1	0		1668	1668	1	No
MV-4128_S29	NODE_4785_length_1668_cov_3.337260||full	review	VS_support_below_working_threshold	0.840	0	Low-quality	3.66	AAI-based (medium-confidence)	1	0		1668	1668	1	No
MV-4128_S29	NODE_4796_length_1666_cov_4.233395||full	review	VS_support_below_working_threshold	0.887	0	Low-quality	3.58	AAI-based (high-confidence)	3	0		1666	1666	1	No
MV-4128_S29	NODE_4812_length_1661_cov_5.632005||full	exclude_strict	no_CheckV_viral_genes;host_genes_present	0.587	0	Not-determined	NA	NA	0	1	no viral genes detected	1661	1661	1	No
MV-4128_S29	NODE_4853_length_1650_cov_2.603762||lt2gene	exclude_strict	no_CheckV_viral_genes;host_genes_present	nan	1	Not-determined	NA	NA	0	1	no viral genes detected	1650	1650	1	No
MV-4128_S29	NODE_4861_length_1647_cov_16.332915||full	exclude_strict	no_CheckV_viral_genes;host_genes_present	0.620	0	Not-determined	NA	NA	0	1	no viral genes detected	1647	1647	1	No
MV-4128_S29	NODE_4865_length_1646_cov_3.660591||full	exclude_strict	no_CheckV_viral_genes;host_genes_present	0.533	0	Not-determined	NA	NA	0	2	no viral genes detected	1646	1646	1	No
MV-4128_S29	NODE_4873_length_1642_cov_4.753623||full	review	VS_support_below_working_threshold	0.640	0	Low-quality	3.16	HMM-based (lower-bound)	1	0		1642	1642	1	No
MV-4128_S29	NODE_4955_length_1624_cov_19.585723||full	review	no_CheckV_viral_genes;insufficient_support	0.760	0	Low-quality	1.27	AAI-based (medium-confidence)	0	0	no viral genes detected	1624	1624	1	No
MV-4128_S29	NODE_4963_length_1622_cov_3.941289||lt2gene	review	VS_support_below_working_threshold	nan	1	Low-quality	2.7	AAI-based (high-confidence)	1	0		1622	1622	1	No
MV-4128_S29	NODE_4975_length_1620_cov_3.228754||full	review	no_CheckV_viral_genes;insufficient_support	0.953	1	Not-determined	NA	NA	0	0	no viral genes detected	1620	1620	1	No
MV-4128_S29	NODE_4982_length_1618_cov_7.303263||full	review	no_CheckV_viral_genes;insufficient_support	0.967	0	Not-determined	NA	NA	0	0	no viral genes detected	1618	1618	1	No
MV-4128_S29	NODE_4996_length_1615_cov_15.346795||full	exclude_strict	no_CheckV_viral_genes;host_genes_present	0.673	0	Low-quality	2.13	AAI-based (medium-confidence)	0	1	no viral genes detected	1615	1615	1	No
MV-4128_S29	NODE_5013_length_1612_cov_4.252408||full	review	no_CheckV_viral_genes;insufficient_support	0.853	0	Not-determined	NA	NA	0	0	no viral genes detected	1612	1612	1	No
MV-4128_S29	NODE_5051_length_1605_cov_2.536774||full	strict_supported	VS_support_and_CheckV_viral_gene	0.920	1	Low-quality	3.99	AAI-based (medium-confidence)	1	0		1605	1605	1	No
MV-4128_S29	NODE_5077_length_1598_cov_8.230071||full	exclude_strict	no_CheckV_viral_genes;host_genes_present	0.800	0	Not-determined	NA	NA	0	1	no viral genes detected	1598	1598	1	No
MV-4128_S29	NODE_5143_length_1586_cov_5.061398||full	review	VS_support_below_working_threshold	0.573	0	Low-quality	3.05	AAI-based (high-confidence)	2	0		1586	1586	1	No
MV-4128_S29	NODE_5208_length_1568_cov_4.920687||full	review	no_CheckV_viral_genes;insufficient_support	0.813	0	Not-determined	NA	NA	0	0	no viral genes detected	1568	1568	1	No
MV-4128_S29	NODE_5209_length_1568_cov_4.820225||full	review	no_CheckV_viral_genes;insufficient_support	0.860	0	Low-quality	3.72	AAI-based (medium-confidence)	0	0	no viral genes detected	1568	1568	1	No
MV-4128_S29	NODE_5228_length_1563_cov_7.980106||full	review	no_CheckV_viral_genes;insufficient_support	0.947	0	Low-quality	2.77	AAI-based (medium-confidence)	0	0	no viral genes detected	1563	1563	1	No
MV-4128_S29	NODE_5262_length_1558_cov_3.340652||full	review	no_CheckV_viral_genes;insufficient_support	0.760	1	Not-determined	NA	NA	0	0	no viral genes detected	1558	1558	1	No
MV-4128_S29	NODE_5266_length_1557_cov_24.682423||full	review	no_CheckV_viral_genes;insufficient_support	0.653	0	Low-quality	3.59	AAI-based (high-confidence)	0	0	no viral genes detected	1557	1557	1	No
MV-4128_S29	NODE_5319_length_1544_cov_3.028207||full	exclude_strict	no_CheckV_viral_genes;host_genes_present	0.687	0	Not-determined	NA	NA	0	2	no viral genes detected	1544	1544	1	No
MV-4128_S29	NODE_5324_length_1543_cov_3.472446||full	review	no_CheckV_viral_genes;insufficient_support	0.920	0	Not-determined	NA	NA	0	0	no viral genes detected	1543	1543	1	No
MV-4128_S29	NODE_5362_length_1535_cov_4.020270||full	strict_supported	VS_support_and_CheckV_viral_gene	0.947	0	Low-quality	2.9	AAI-based (medium-confidence)	1	0		1535	1535	1	No
MV-4128_S29	NODE_5420_length_1523_cov_2.145777||lt2gene	review	VS_support_below_working_threshold	nan	1	Low-quality	3.41	AAI-based (high-confidence)	1	0		1523	1523	1	No
MV-4128_S29	NODE_5422_length_1522_cov_5.083163||full	exclude_strict	no_CheckV_viral_genes;host_genes_present	0.860	0	Low-quality	3.26	AAI-based (medium-confidence)	0	3	no viral genes detected	1522	1522	1	No
MV-4128_S29	NODE_5431_length_1520_cov_46.352218||full	strict_supported	VS_support_and_CheckV_viral_gene	0.913	0	Low-quality	1.95	AAI-based (medium-confidence)	2	0		1520	1520	1	No
MV-4128_S29	NODE_5475_length_1512_cov_3.816747||full	exclude_strict	no_CheckV_viral_genes;host_genes_present	0.507	0	Not-determined	NA	NA	0	2	no viral genes detected	1512	1512	1	No
MV-4128_S29	NODE_5491_length_1507_cov_4.047521||lt2gene	review	VS_support_below_working_threshold	nan	1	Low-quality	2.25	HMM-based (lower-bound)	1	0		1507	1507	1	No
