vOTU_002	NODE_1302_length_950_cov_9.717318	86.047	86	43474	950	43384	43469	904	821	1.17e-17	95.1	74	8CAAG21T-1GT4TG3CA1A-22CATA1ACAG7GT6
vOTU_006	NODE_2276_length_586_cov_1.651601	68.898	254	39529	586	24029	24282	511	258	7.17e-20	103	175	7GC3CG2CG2CATGGC3CG3CTGTCG2TGGC1CGGA7AG2GCGACTCT5CG1TA3CG3CT1GA7GT3CG7CGAG11CGGCCATGCTGT2TG5GTCG2AC2GA5CATCTG3TC2GA2CA1CT3AT2AG2GA2CG2GT8GTCGTAGT2GC1TC12CG2CA2GC1GCGC2AGTC1CGTG1CG5CG8GA2CAGT1AGTG4GT1GA6GA1CTGC2TC5
vOTU_007	NODE_234_length_5171_cov_13.699765	73.596	178	39259	5171	27502	27679	1391	1215	5.85e-21	106	131	19GCAG4GT4GA13CT6TGGA4CGTAGT2CG4AGAG4CAGA5GC2TG8GA2CA2CGTCGTCT2GC9CGTAAC1GA3CGGCCTCG2CG4TC5TGCG1CTTG1CT3GC5CG2GA1GT1AGTC3GC2A-7
vOTU_007	NODE_25386_length_212_cov_1.133758	73.188	138	39259	212	27535	27671	34	170	9.90e-12	76.1	101	2GC15TGGA4CGTAGC2CG4AGAG4CAGC1GCTC2GC2TC8GCTGCTCG8G-2CT1-C1GA3CT1AC5CG1CA14TG3TG2CG2GC2TC2CG2GC2GC1TG3GC2
vOTU_007	NODE_5360_length_356_cov_1.392027	66.447	304	39259	356	2924	3225	302	1	9.90e-12	75.2	202	6GT1GA1ACCG2CT2TC3GATC3GA2GAGC1AG4TCCT2TCAG10GA4CTACTA1AC2GA5GTCGTCTG2ATA-5CTGCAGTC2-C3AG1CG5GACG1TC2GATA1GC7GT1GACT11GCGA2AT5GA5AG2CAG-1GT1TA4AG2GA1-C3GT2CG2CT5GTGACG1AGCGGT2ATAT7GA2AG3GATCCG4TCTG2CT2GT2CG2AG2CATGCT3CA2ACGTCT3GC1CG1GC1CT2TG1TG3GCCG1GC2TC1TCGA8GA11CG2CGGT1TG5
vOTU_008	NODE_81_length_9764_cov_18.981975	67.033	364	36032	9764	22224	22576	2862	3214	9.70e-18	96.0	244	2GC8GCCA1GC4AC12GCTCCG2TC4CTGTACATCG3AC3TGCGGA2C-G-T-A-3TG1-T1AG2-G-T-C4AG9TA1GT1TC1GT1CAGC3TC10TCTG1CA1TCGA3AGCTCG1GT3CGAG1GC2GCTG1GC4GTCG2CGTC3GATC2CGAG1CGGCCG4CT1GTAG7AT3GT1GC5GTGT6TA3GCCG1TC2TG2CAGA7TC11TA2GC2C-A-A-A-T-1TC3A-4AC2CTTC6TC2-G-C-T2CT1-A-A-GGC5GA2CG1ATCGATTACA2CG23GC1-G1GC1TC1C-7AT1TC3GC2GC5AGGC1CT1GC6
vOTU_008	NODE_123_length_7968_cov_10.013269	70.874	206	36032	7968	22250	22453	2624	2421	1.18e-16	92.4	146	6GCTG4CGGC4AC1CG3AG3TGCGGA2CG2AG2CG2GC1CGGC4AG9TA1GT1TG15TG13AGCTCA1GT3CGAG5TG1GC4GT5GTCG1G-1TCCT1AGCT5T-5-T-G1GC5AT3GA1GC2AG2GCGT4GC1TC2GAGCCG1TC2TG2CGGACT6TC2CG5GA2
vOTU_008	NODE_179_length_6470_cov_15.669992	72.917	144	36032	6470	22406	22549	3816	3959	1.75e-14	85.1	105	2GT12CG1GTGCCGCTTC2TG14CGGAGC3GA2TGTCCT2GT1ACAGAG2TA6TGGCAG5CG4TCCG1TGGCCGAT13AT1CG4TA3GA10TC8CTGCGT2CA7
vOTU_011	NODE_26_length_16203_cov_11.478140	69.485	1301	26064	16203	20342	21627	10711	9429	9.71e-143	510	904	4GC2TC4CTGT2GCAG4AG20CA2GA8CT2CT6TC4GCAG1CA2GC5CTAG2GA3TC6CT5GC2AG8CG5TC5TG2CGGA1GC6AGAT3CG1ATTC5GCGACGGCTC7GCATGCCG3GA1GC4AGGC2-T-G-G4CACT1TACGGCAG1CG5TC2CT5TG2CGGC1CG2TC2CT3CGACTG3GC1CGGT1AG2GA5GC3AC1-G2AC3G-2AG2CG2CGCAGCCG2CTATGCCG5TCGATATC3AC1CG5GC2CA2TCGA1CGTCGCTG12AG1CG3C-C-4-A-A6GCTGGC2GC2AC6GCCA1GA2AG1TG1CT1C-C-G-G-G-C-3CAGAGA8GC5GC11GC5CT5GA8CG2GT2GC3GA1GCAG1CG5CGTGGCTC2CT6AGGA2CACA1ACGCGAACCG2GCAG1GCGC1CGACAG1AC1CG2TC2TC4GT12TCCG8GCTGGC2GT15AG1CG4CG2ACCG6CATAGA2ACCGACGA9AG1CG2CA3AC2AG1CG7AT2TCGCCA6CT4CAGAC-1TA3GT2TA1-G4CG7ACCG2GA6GA1GC11CG2CG2GA2GCGT1CG2CG5CT2GC3CTAT12CG1AT6GC5GC5GCGC1CG2AG2CGCAAT3CG2GCGA1GC2GCTA4AGAC1CG6CAGC2GCCGGA1CT1GACT1ATTC8GC5CG11GC2AC2GC2GT2CT8CG2TCGC1CGTGGCTG2GA3ATAT5ACGC1TACT2GCCG1GC1AGCG4CGGC2GCGCTG3AC1GA4GT1CT2-C-A-C3CG1A-T-A-1CG2TG2GCCACA6GC5AC5CT2TC5TG8CG3TA1GCGTTGGC2GC1TC2AG4AG1CGGAAC3TC5CG11GT14GCCT1GC5GCTC4GA15C-G-4-T-G5GCCGAT1GCTG15GCTA2AGGC1-G1TC2AT1GACA1CAAG1GC1ACTG2-T1CA1G-A-4GA1GT1TA6GACA2GCAC7ATGCCG2GA2GC2GC2GA2CT2GC7TGCGAGACGC6ACACCG1CGCGAGACTG2CG32-C1GA4G-8CG12ATGCCG2GA5GC2CG2CT5CTAC2AG3GCAC5CG3
vOTU_011	NODE_221_length_5465_cov_10.246950	70.913	832	26064	5465	22595	23414	826	1	5.38e-108	395	590	7GCGCCG2TC3AC2TC8GC2GC2GC16CT15AG1CT3TGTCGTAGCGCT2CAGC2CA5GC2GC2CG2GC5GT3TGTAAC5AG4CGGCGATC3GA4GCTGTCTG3CG2AG3GT5TA1CGTGGC3CG2CT1CGTCTACG7-G1TG1AGTC-C3GCAT2GC1TGT-T-3TG2CGGCAGGC2CG2CAAT1GAGT1GAGT1TGTG1TC3GTACA-A-C-A-2CT2GC1-T1GA2GCGT10CT7CG-C-G-T-G-C-T2TC3AG5AC1CA2GCCG1GC2GTCG17CG4TC1-G-A-A2GC2AG10TC1GA1GC2GT2CGTGCTCT2GC2GC3CTCT3TG1TCGAGCTG3GA3GCCGGC2AG1GC2GT6ACTC4GA8CT2GC1AGGC2CGGCAC2TC2GT1CGTC30CT5CG3GCCTCG5TG4TGCT5GC1GACA5GCCGTAGC17GA8GC2AG11GC5GA2CG5GC5GA5GT5AG2GA2TGTCTGCT2GC2GC11GC9CG4TG12CG1GCATTG5GA15AG8GA5GT3AG1GC1GAGC2AC5TGGCAT3CG2AC1GTGCCTGTAG2GC5TGTGCTGC1GC9CA3GATC3GA8TC6AT1CT2CT2GT3TGTGGCGT13TC5GT2TC2GCGTAG2GTAG5CGGTAT3TG8AC2
vOTU_011	NODE_14414_length_249_cov_0.989691	82.500	240	26064	249	22979	23218	10	249	6.15e-63	244	198	4AGTC16GAAT4CGGCAC5GTGCCGTACT2GC35GC1CACG2GT2TG4TG6GC8GCCGTAGC8GA13ACGA5AG14GA5CG5GC11GT5AG5TCTCTG3GC2GC17GA3CG4TG2AG7
vOTU_011	NODE_162_length_6784_cov_11.943231	72.383	449	26064	6784	11064	11504	5193	5636	7.50e-62	241	325	14GT2CT5CGCA2GC10CGTG1TG2CGAG1CG8CT1ATTA2-G-G-C4GC1GTG-C-C-3ATACCG9CT10CT2CGAC5TACGGC2TG2CGCA1GT6GC5CTGC7GC2CTGC2-A-A-C5GT1CG2AT4TACT2TC1TG4AGAT1GACA4CA3CACG1AC1GAGAGC3TCCA3GC3GCCG16CA2TC7CG2CG2GCCT17AG1CG1GTGCAT1CG2GCGACGGT2GC5CG2C-A-2GACG1GA1-A-C4CG1TG8CGAC1GC9CA1GC2CT5GC8AGCAAT1TC2CA13CG22GACG8TCGCCGCG2CG4GTGT2CGGCGT6GTGT4CG6CG5
vOTU_011	NODE_162_length_6784_cov_11.943231	63.589	964	26064	6784	7768	8675	3483	4423	2.45e-17	93.3	613	5CGGA9CG2AG8AGCT8GC1CG4AG1AG1GA5CGTC1TG1CTCG8CGGC1GT3GC4CA6AC7AG6CG4CG1GCAC4CT3CT2AGT-T-3T-2CGTAGA1CT1CG2CGCACACG1-T-G-G-A3CG1GCTC1CGTG1TA1G-1ATCG3ACGAGA4GC7CT5GA1GA1TGGC2CG4TA1AG16CA1GACGCACA1AG4CG1CT1TC3-A1AG2GA2GTC-2GACA1CA1GCGCGC1GTGC10GAAC1ACGA2GCTGGC1CA3CG1GT2GC2T-G-2CG1CG1-G-T5TG1AGCG1GCGTGCCG2TC3AGCACGCG1TACG2AC1CGGCAGAG1TG3CT2AC2GC10CG1GCCG7CT2AGTAGA6AC2GT1CG3AG-A-T-G1AG2CA2TG2CG4TGCG-A1GA1GCCG2A-G-3-G4CACGCGAC6CG-C-T4CG1CT2CG1G-G-2TACA4GAAG1AC27CT5CGGA7-G-G-T-C-G-G1TC1CATA2CT2CG2CTGC10GT-G-C-T-G-T-G-A-C-C-G-A-C-G-G-G-C3AC-G-C5GT1CG5CGTGATTG7CACG2CTCGGCGCAT4G-1GT1GC1GC2GC-A2GC2CT2TCGAGC6CG2TG1TC2TC1-A-T-T1CA4GC2GCCA2AG1GC1GTTGTGC-A-A-3CG1CA2AG1GC1CGAG4CG4CT6GA2CG5ATAC4GC-G-A-A-T3-T-G1CT2TG2TA1GACT1CG1GCGC1-G1GT5GCATGT2A-G-3T-G-A-A-2T-3TG6CGGC1CA1TG6CGGT2TCCG14CG11CT8GC5-G2TG1CAAT5ACCG1CG2TGTGCGCGTC1C-3TG5ACGC4-G-T-G-C-C-G4GA1CGCATC1GCGACAAG2GT2GCCTCG2ACGAGA2CG6GT7CTCG2CT2CG12AT1CGAC3GACT6
vOTU_011	NODE_25472_length_211_cov_2.211538	82.353	204	26064	211	2928	3131	8	211	1.55e-51	206	168	2TA13GC14GA14AG3CAAC2ATCG1GT6AG5GC18GCAT5TC3GAGATGGC3CA1GC5GCTGCAGC1TGGC1TGTC2CG7GACG2CT5CG11CG1TG33CG10
vOTU_011	NODE_8_length_21332_cov_14.779245	69.057	488	26064	21332	19304	19788	8207	7723	2.80e-48	196	337	13CT8GC2GC3GACT3TGTA5GTGCCG3TC7AC2TC6CG1GAGA2GC4GA1TGCG2GA1AGTC2CT3CG1GCAGCG5CTCGCAACGC2CT3CGGT1GA1TG2CG6AC1TG2GTCG1CG1A-A-A-1CGCG2GA2-A-A-G2GC4GAGC3GC2CA1GCCGCTGC2CTAT1GCGAGCCAGT8CTCTGT3ACAGGC2CT8TCCA10GC2GC2GC6GTTGGC2GCGC7CT1CG3CTTGTCCG3TC4CG2CT2AGAGGC3GT3GATCGC8TC2GC11GC15GCAC4CGCA12CG5AG3TACGGT1TGCG7CT6GC2AC4CG2GC1ACTACT5CGGTCTCGGACT9GC8CG2GA8CA1CG1CT1TC2GC2GCCG8GC4CG3GA1CTCT1GC2CGCA3CT2ACAC6
vOTU_011	NODE_25679_length_211_cov_1.160256	80.473	169	26064	211	20339	20507	23	191	2.45e-36	157	136	2TA4GA5GA2GA2GC5AC2CG2GA11GA4AG19TC2TG1GCAG1CG2GC14GC2GC8GC2AG2CT2CT5CT8TG5GC1AG2GACG2GT5TC6GT2TC4GC2
vOTU_011	NODE_34_length_14446_cov_17.781461	66.267	750	26064	14446	15774	16496	4378	3647	8.56e-36	154	497	2GA4GC2GC2G-2GA4-C4GC2CT5GC3GT4CT5TC5TCCTATTC4CG3AC3TAGAGC4CT3CG3GTGCCA2CT5GC5CTGTGT2GA1G-G-C-1TACT1ACCA1CAGT5G-T-T-3GA2-C-T5CGGC4-T-A-T-G-A-C2-C9GCCACGAG1CGCA1GC3GT7GC2GA2GC19CG1GAACGCGT1GC5GCGT1GT2GC3GACTGAAC1GC2AG6CAAG3CTAGCG3CTCGACT-3GA1GA1AC2-T4AG5GCGCTC7CA1GCGCTG2GC7TA5GC1TG2CTCTATTCGA1TC2AC9AGATCGAGGAAG4CG1ATCT1CG5CG1CA9GCGA1ATTCGC2GA7GAGC2GC5GATC1CG2TC3GC1CG3GA1GC5AG2GCGA1GC2TCGCCA3CG2TC6GT4TC2CG2GAATGCCGCTGC7G-G-G-2GCCA4CG1TA2CT1AT1-G-C-G3GCGTTG3AC2CT2CTCGGC3GC5-C2GCAT1CTG-5GA3GAT-3GAAC-C6TGCG2GT2GT5GC5TC2CGGA4GTCG2CA1TC5TC2GC1CGGT6GC1GT1CT1GC1AG2TA-T-G-C-G-C-C6TAGC6CT8CA2TC2G-G-5CT2GC1CG2-C-T1GA4CT6GA6-G-T3GA1G-C-4-C1CG1AT1T-2AC6TC3AC12CG1GC2AT1AT3
vOTU_011	NODE_34_length_14446_cov_17.781461	77.419	93	26064	14446	14876	14968	5427	5335	2.30e-11	74.3	72	3GC1TA9CG2CT2TC2GC5AC9CG6GCACCA1GC11GCGC7GA2GCGACG3TC2AG5TC2
vOTU_011	NODE_241_length_5093_cov_17.242755	72.069	290	26064	5093	25135	25422	656	943	2.99e-35	153	209	6GC5GACT2GATC3GC9GTTG3TCTGCTGC1TC1TCCT3GC1TCGCGT1AG3AT1GC2CG1AC2GA3GAGTCGGA2GC10AT3GT3GA1GC4TGGA1CGAG2GC14CG1GTGC20ATGTCT1AG1AC5GC1T-G-2GC3-A-C2GCCG13GAGTCG3GC2GC5CG5GC6TGCT9CG2CG2CG5GCGA1GCGA4GC3GA3CG5CT2TC3AG5AG2CGTG1GA5
vOTU_011	NODE_12049_length_260_cov_0.936585	72.973	259	26064	260	20898	21155	258	1	4.43e-33	145	189	9ACCG1GT4TGGC5CT2CTCG1GCATATGCAG9ATTC1TCGCCA6CT8TATC2GCGAAGTCCG4CA2-T2GA2A-3GC5CTGA1GT8AG5CG5GC1CTCA2CG2GC3GA1GC19ATTC5GC5GC5GCGA4AG2CTCGAT3CG4CGGT2GT2CG2ACAC1CG6CTGC11ATTC8GC4TC6CG2TC2GC2
vOTU_011	NODE_22509_length_220_cov_1.163636	82.143	140	26064	220	8223	8362	140	1	1.89e-31	141	115	5CTAC2AG1CG26GC4AGTG5TC2TC6AG1CG8GC7AG7CAGACA4ATTC2GC17GCCA7GC6GAAGTC5
vOTU_011	NODE_275_length_4598_cov_30.572749	66.027	730	26064	4598	15791	16499	4568	3854	2.30e-30	137	482	2TC5GC8GC3GT4CT5TC5-C-T4G-T-2CG3AC3TAGAGC3CACT3CACA1GCGTGC3CT5GC5CGGTGT2-A2GAGTCG1T-3CT2GC2CG3TGTC1GCAC2GC1GACT2CAGC2TC1CG10GCCACAAT1CGCA1GC5GC2CT2GC11CT12-A3GC1GAGC2GAAT1CGGC1GA1GA2G-3GA1GCAC4AGCT5CAAC3CTAGCGGC1CG1CT5GA2GCACCA5AG2CT3GT10G-1TCCA4G-G-4CG2AG1GACA2ACCG3-T-T-CGA1TC2AT9AGATCGAGGA5CGCTAG1GACT1CT2CACG1CT5GT3GCGA1ATTC3GA2GC3CT4GC5GA2CG2TC3GC1CG2CT2GC5AT2GCGA1GC2TCGCCA6TC2CG3GT7CG3-TAC1CT2C-2GA3GCGA1TG4GTCTCA1TCTATC3ACCG3GCGTTG3AC5CTCGGC3GC5-C2GCAT2G-2GC2GA2G-GATAGC3-TAC1GT4TGCG2GT2GT2GC2GCAC4TC2CG6CA2CG4TCGA1TC1GCGC6CG1GCGA1GC1CT4-A-A-C-T-G-C1ACTG6TAGC21G-1CT1TC2CT4-A-A-G4G-C-4GA5GT1CG2-C-GTG4GA1G-C-4GCCGCGACGT3AC2TC3TC3AC3GCCA7CG1GC2AT1AT3GT2
vOTU_011	NODE_18_length_18031_cov_14.452603	65.406	714	26064	18031	15791	16485	8430	9130	9.77e-29	132	467	2TC5GC2CT5GT3GT1CG3GACG3TC5-C-T4G-T-2CG3AC3TAGAGC3CACT3CGCG2GTGC9GC4GCCGGTGTCT1GA1GCGA6CT5CG3TGTCCGGCACGC1GC1GACT2CAGT2TC1CGGCGA8GCCACAAT2CA1GC11GC8CT16CG1GCAC1GA1GC5GC1-A1GA2G-3GA1GCAC1GC2AG6CAAC3CTAGCGGC2CTCT1TCGA2GA1GAGCACCA5AG6GT11GCTACA2CT6TACGGC3GC1TG3CT1TCGA4AC2CG1GC4AGATCGAGGA5CGCTAT4CA2CACG1CG5GA3GCGAAGATTCGC5GCAT2CT4GC5GATC1CG2TC3GC10CT2AC2GCGA1GC2TCGCCA3CG2TC2CG3GTTA6CG3ATGCCGCTGC7G-G-G-TC2CA6TA1-C-A-C3ACCG3GCGTTG3AC6CGGC3GC5-C2GCAC1C-GT8G-1TAGC2GTACTG2AT1TC1CG3-T2GTGACTGC3AC1CG5CGGA4GCCACG6TC2TC1GCGACT1GC3CG1-CGA1AC1GTCG1GC2GAAC3-G-C-G-G-T4TAGC6CT2GC12GTCTTC5-A-C-ACG4A-G-G-7CA3GT1CG2-C-GTG4GA1G-C-4GCCGCGACGT3AC6TC3ACCT11
vOTU_011	NODE_712_length_1789_cov_15.844291	65.284	651	26064	1789	15779	16416	713	70	1.45e-26	124	425	2GC2GT3CG1GC2TC5GC8GC3GT1CG8TC5-C-T4G-T-2CG3AC3TAGAGC3CACT1CG2CG1GAGTGC3CT5GC5CGGTGTCT1GACTGCGA6CT2GC3CATCGCTGTC1GCACGT1GCGAGACT2CAGT2TC1CG10GCCACAAT1CGCA1GC8CT2GC5GC19CG1GC2GA1GT5-C1GA1GA2G-3GA1GCAC1GC9CAAC3CTAGCGGC1CG1CT5GA2GCACCG3GA1AG5GCGT7TC3GCTACG1GCCT6TACGGC2CTGC1TG3CT1TCGA4AC2CG6AGATCGAGGA1AG3CGCGATCTGCCG4CGCG1CT9GCGAAGATTCGA9CT4GC5GATC1CG2TC3GC1CG2CT2GC5AT2GCGA1GC2TCGCCA3CG8CTGT4T-5GA1GT1CGGT1-G2GA3GCGA1TG4GCCTCA1TCTATC2CGACCG3GTGTTG3AG5CTCGGCGC2GC4-G4AT1C-GT2GC6G-T-GA1TGGT2GCCTAG2TCCT4AT1-C-T11TC2CG6CG1CTCG1TC2TC1GCTC1GCGT6CG1GCGA1GT1CTGC2AC2-C-T-G-C-G-CTC6TAGC22GTCTTC5
vOTU_011	NODE_305_length_4228_cov_11.508267	75.723	173	26064	4228	2999	3171	3624	3796	1.45e-26	123	131	7CT10GCAT2CTGC1TG2GCGAGATA4CGAT5CT1TGCT1AGTCGC1TA4TGTC7ACGA6CG3AT9TGGA25GT3GT6TG1TC5GC1ATGCGACG9GC2GC2AG5GTAT7CG2
vOTU_011	NODE_305_length_4228_cov_11.508267	73.913	184	26064	4228	2115	2298	2722	2905	2.15e-24	116	136	7CG1AT3GC4GCGC7CT3GA17CA2GC1TG2GCGC11GAGTACTGTC4CA1GTCA2TC1CG2GA1TATG3GC2CG2GT4TC9AG14GC2CG1CT5TGAG4CA1GTGCCGTCTGGC4GT1GACTGC2GC8GC5
vOTU_011	NODE_8384_length_282_cov_1.691630	72.273	220	26064	282	20830	21049	63	282	5.06e-26	123	159	2TC2TG4GT12TCCG8GCTGGC13AC4AG1CG4CGGT1AC7CATAGA2ATCGAC1CT6AC1AG1CG2CG3AC2AG1CG10TCGCCA4GA1CT4CAGACAGA1TA2GCGA1TCCG1GA5GC2GC1AC3GC6GA1GC5CT2AG5CG2GA2GCGT1CG2CG5CT2GC3CTAT11
vOTU_011	NODE_511_length_2469_cov_11.345070	66.306	555	26064	2469	15941	16480	135	680	5.06e-26	122	368	8CG2GC5GC1TACT7TACT2TC1CA1AT1-G-C-C8ACC-C-G-1GTCT7GCCG1AC1GC1CAAG6CAAC4AGCG3CTCT4CT3GCACCT5AT1TACT2GCGATA10GATACAGA11ACATCG1CATA2CT2TC2TG3CACT7AGATCGAC1ACAGGC4AGCT3CG2CGCG10GAGCGAAGATTC10CT4GT5GA1TACT2TC2CT5CGGC5CAGAAG8TC1CA6TCGATACG2CTGC7CG2G-1GT1CGGT2A-3-T2-AGT1TC6CGCG1TA3CG1CA4GCTG3AC2CT2CT1GT7CAGT2GA1ATCAGC3GCAG4GA2CGTC1AGTC1CT3-GTG1GA1-C-A3GTGA8A-A-T-2CG6CG1CGCG7TC9CG1GC2-T-A-T4-C-A-C1CGAGGC3CTCG3TGGC6CT5GA2CA1AT4GTCA4C-4CAACAGGA1CT4-G2CT4CG5CG2GAACGACACT1GAGC2CGAC1TC2AG2TC3TC11
vOTU_011	NODE_2130_length_616_cov_2.042781	74.719	178	26064	616	2144	2321	182	359	6.16e-25	119	133	3TA1GC1GT7CGTA6GA2CG1GCGT6TG1GA3GTAC2CG6CGTGCATC6TATAGC2GC2CG5CG8AG2AG8CT5GC2CT7TGAG2CG5CGTCTG3CG1GAGCGACG11GAGT1GA12TG5CG7
vOTU_011	NODE_135_length_7697_cov_12.974876	68.702	262	26064	7697	25799	26060	4129	3868	1.36e-20	104	180	6CA2GTTG4GA22GCGAGT1GCGA1GT1ACCG2CGGAGC6AC1AG1GCATCG2CA2AG2CGTG2CGAT7TG1CT1GCGC1AGGA3TA1CTAT4GA1CGCG1TCGA5GC2CG3TA1GC5CT5AGTA1GTGTCT6AG8GCCTCTCG2CG2TC1CGGCGACT1AGGC2CT3CG4TA1GTCGGC2CG2GC2GC5GC3TCTAGA16TC6GC2GA2GCTAGT13
vOTU_011	NODE_51_length_11846_cov_12.787719	70.270	222	26064	11846	18652	18870	7123	6905	1.65e-19	100	156	6CGGC1ACCT6CG3GCTA3CT2CGAGAC6GCAGAC13AC1CG11AG1AGAT2ACTGCA3CGAG1TC1GACTAGAG1GA5GCAC1GC17GAACAG3AGACGACG2GC1GCGC8GCTG4ACCGGC5CG2GT1CA4-A-T-C4CT2TCG-G-A-6CG3TA2GC2CGCA3TG11CG9
vOTU_011	NODE_51_length_11846_cov_12.787719	74.405	168	26064	11846	18238	18402	7540	7376	2.01e-18	97.8	125	17GT1TA7CA5A-AC1GC3TA1-C9ACAT8GA1AG2AG10CG1ACGC2GA6-G-C2GCAC2AG1T-G-CAGT4TA3TC3AC1CGGAGACA2TC5GA1ACGC2GC1CGGC8TC2CG11TC3
vOTU_011	NODE_277_length_4590_cov_16.881367	64.835	546	26064	4590	15534	16063	3908	4447	5.77e-19	99.6	354	6G-G-G-5GCCT2AC1GC2GTCA3CT1TC10GCCT1GC2GCGTCGCT2AC1AC1AG6CG2-T-C-G3GC1CT1GCTC7GC2GC6CAGT6GC5CG1CTAC3GA1TC1CGGTGTAC1GA2GAGC2TA10GA1GC2CGTC1CGCAGA1AG1AGTC10ACTGGTCG2GC2GCGA1GCGC1GC5GA3GATC1GACACGCA1GCTGCG6TG1CG15-C1GT3-C-C-AGCGCGA1GC2CG3GA1-G-G-G-T-C-G5GT3CTTAGT2TC5GT2CT5GC3GT4CT2CG2TC5-C-T3T-G-3CG3AC2CTTAGAGC3CACT3CGCG1GCGTGC9GC6GTGTCT1GA1GCGACTCGTC3CT2GC2CG3TGTC1GCACGC1GC1GACT2CAGC2TC1CG10GCCACAAT1CGCA1GC3GA1GC2CT2GC11CG8TC3AT2GCAC1GA1GC5-C1GA1GA2G-3GA1GCAC4AG2GA3CAAC4AGCGGC1CG1CT5GA2GCACCG3GA1AG6GT8CT2
vOTU_011	NODE_17954_length_235_cov_1.066667	74.026	154	26064	235	22609	22762	191	38	5.77e-19	98.7	114	2AC2TC2CT2GA5GC1GT17CTGC2CT12CT4TGTC1AGCG1GC1CAGC2CA5GC2GC4CG3GA5CGTCTGAC1GAGC2AG2CT3GA9GCTC2CT2CG2AG3GT5TA1CG1GC8
vOTU_011	NODE_19_length_17339_cov_13.188440	69.318	264	26064	17339	5410	5672	8622	8363	5.77e-19	98.7	183	7GCATTGAG1GC10GCGCGACAGC2GC5GA4ACAG2CT8TC11AGTA1GTAC1GC6CA3CA1AG1CT2CGAG5TA1TGTG3GACA2TG3CTA-G-4GCCAGCACGA2GC2GT4AG1GACA1G-7TG1AT6CACAGCGC3GCCG1AT1CGGT1CGAG1TC5AG6AGGTCGGA13CT2GC12CA1GC7-A4G-GC1CGGAACGC3GC1TC3CG7CT4
vOTU_011	NODE_6382_length_326_cov_1.416974	75.410	122	26064	326	2137	2258	63	184	3.64e-15	86.0	92	5CG15GCCGTA2CTCA1GC12GATGCA4GCAG2CT4ACGACG9TCTA1TACGGT1GTCG1TC3CG1TG3CG2AG1CG20CG5
vOTU_011	NODE_885_length_1437_cov_15.091172	65.210	572	26064	1437	14892	15450	372	921	3.64e-15	86.0	373	8GC5AC3GA5CG5G-G-4-C-T12GC4GC6GT4TC2AG3T-4G-C-G-A-2GC3GT1GCTC2GACT4GATCGA1TC1-C-C4AGCT1GT1CG2GCAG2GC4TAGCCGCA7CG1GCGCGT4GC7TCGTCTTAGC8AC1CTGC4TCGACAGAGACAGC5G-C-1TG1AG1GA1G-2CGCTAT4AG5TC2GC2-C-G-C2ATTA2CT2GT1G-C-3G-1GC2CT3TGTA3TG2AG2GC4AG3GC7ATAGTGGC4AGAC1CG1GTAGACGCCA1GC4AG7AG1CG1GC13AGGACT2GAAC4CG2TCGAAGGT6AG1CG2GC3GAGACG6C-1GT2-CGA1AC4GA1GC2GA1AT3CG3A-C-C-5CG3GACAAC2GCCG4TC2GAGT1GACGAC3CA1ACTGCG4C-T-C-G-3GT4-TGC6-A-A-G4CTCT2CT11GTTG4CTGTAT1ATGC3CGCGGT6CGGA1GCGCCA2ACAGCA1GC8-C6GC1C-GA5CGCT1GCCT4TG3GC1CGTA1CG7
vOTU_011	NODE_25952_length_210_cov_1.238710	71.023	176	26064	210	20742	20912	210	40	5.41e-13	79.7	125	6GT8TC14GC13G-G-5-A-TTG5GC2-C-G-A2GTTCGC3AC1G-A-C-2GC2GC1TG9TG2TG2GC1GTGC2GC2TC3GA2CG7CGGCTGGC5GC2GC2GC2GT1CA1AG1CT1AC1CG2GCAG4CGTC2TA2CAAC5
vOTU_011	NODE_427_length_3030_cov_15.183193	64.786	585	26064	3030	14882	15450	1955	2514	5.41e-13	78.8	379	7ACCTCT14AC3GA1TC2GTCG5G-G-4-C-T2CT9GC7GA3GT1CG2TC2AG2CG2T-C-G-G-2AC2G-3GT1GCTC2GACT4GATCGA1T-2ACAC2CGCG6AT1GC3TC1-G1GACA1-G-A7CG1GCGCGT4GC2GA4TCGCCTTAGT2CA5AG1CT5T-G-C-G-G-C-G-1GC1CA1GA2T-2CT4-G-T-A-T-G1CGCTAT4AC5TC2GC3AG-T-C2-C5GTGAG-C-3GC2G-1CT2GCTGTA3TA2AG2GC4AG11ATAGTGGC4AGAC1CG2AGACGCCA1GT4AG7AG1CG1GC13AGGACT3AC4CG2TCGAAGGT6AG1CG2GC3GAGACG6CGGTGTCGGCGA1AC4GA1GC4AT3CG3A-C-C-5CG4CAAT2GCCG3ACTG5GCCGACGC4ACTGCG5TACGGC2GA1CT2-A-C2GC1TA1G-C-4CT3CT11GTTG1GC2CTGTAT1ATGCTG2CG1GT7GA1GCGCCA2ACAGCA1GC8-C3CA2GC1C-6CACT1GCCT4TG3GC1CGTA1CG7
vOTU_011	NODE_22617_length_220_cov_1.139394	77.670	103	26064	220	22615	22715	124	24	1.89e-12	77.9	80	2CT11GA11GA2GA5CT10CTACCT2TA3G-A-1CG1GT2-A-A2CT2CT5GC5GC2GA2GT3TG1AC8
vOTU_011	NODE_21995_length_222_cov_1.137725	73.387	124	26064	222	2135	2258	208	85	6.59e-12	76.1	91	2GC4CG5CA3GA5GCCGTA5GC3CG9TGCGGCTC2GCATTG2CG1GACG1GACG2TC2CG3TATC2CT9CG5CG2AG2AG5CG11CG1CG5
vOTU_011	NODE_2897_length_501_cov_4.919283	80.233	86	26064	501	14882	14965	362	445	2.30e-11	74.3	69	3CT3ACCT15AC3GA5CG4G-G-5-C-C12GC7GA2GAGT1CG2TC2AG5
vOTU_011	NODE_616_length_2077_cov_11.183976	77.419	93	26064	2077	14858	14950	1046	954	2.30e-11	74.3	72	2TG4AG2GA4CAACGCTG2GC1TA7AGCTCT12TA1AC9CG6GCAGCG4CT9GA1GT8
vOTU_011	NODE_15582_length_244_cov_1.015873	74.219	128	26064	244	20099	20225	147	23	2.30e-11	73.4	95	4CA2GA4C-A-4TA8ACAC9AG3CGCT2C-2AC3-G3AC1GC11AC1GCCG9GA1CG1ACGC2CT3AGGCGC5GCGAGCCG2CG5GC8GC2
vOTU_011	NODE_301_length_4250_cov_10.281526	76.147	109	26064	4250	2216	2323	2574	2681	2.30e-11	73.4	83	2GT4TC9AG14GC4CG5TCAG2C-4GC2TGGAGC1-G3GCGACGGTCTGT3CA2CGAT1GC1GC12TG12GA2
vOTU_014	NODE_223_length_5434_cov_10.978992	67.763	304	22758	5434	21585	21887	54	356	1.44e-19	100	206	2GC4GC4CT3CG4ATCGCT4GT2GCTGTC3TCTGCA2TG3CT5CT2CG5CT1GCGATAAG1CT4TC4CT1ATGA4TG4CG2CT2CG1TG6CT1TG4AG1GA1CTGC1CT1CGAC3GACTCTGT8GA3AG1GC2GTTGTA1GTCG27GC1TA1TGTC6CGTCTG3TG1CTCT2GC1TA1AG1CG2CG2G-GCAC1AC3ATCT1-A1GC7TC3GACT1GC1CG1GATATAGCAT3GC1TCCT2AC2AG5CG11CG2CG1GT3CG3CT6
vOTU_019	NODE_394_length_3325_cov_23.440673	67.102	459	17688	3325	11553	12005	1489	1941	1.78e-23	113	308	4CT3TCCGTG4ATCT11GC1CGCT3CGGCAG19CT1AG1CT2CG2CG2AC1TACT2GC1AGCG6-T2CAAT1GT1CGTGT-1GACAGT6CA2CGAG7G-G-5-G-A4TC3CA3ACT-2GTCT2GT-C14AC3CAAGAG2CTGTG-2TC2GC1TATC3CGCA-T4GATC1GC2GC1TAGCTCCGGC1-G2ACAGAC5C-1TGGC2CG2CGAGGTCG4CTAG6TGTC3CG1CT3CG5TCGACT3AG2GC1TC3GC2GCTGTA1TCTG6CGTGGC2ACAG8CG5ATCTGC3GC1TGGCTGCA1GATG3GCAGCA3GC18AC4AGCTCT2TA2CG4GC1AG2TA4CT3GA2GTCG1GT2GCCG1AG2CT3GATG4TG1CG5TC7CG7CG8AGCATA4TC5
vOTU_019	NODE_64_length_10693_cov_14.543147	64.874	595	17688	10693	14545	15132	8072	8659	7.56e-22	108	386	2CG8CG1GC1TATG5TC3CGTCTG4CTCGCGTGTC7GAAG2TATC2GCTG1GTGTTC9CG5GA5GT2GT2AG2CG2GCCGTACGAG8CG4GA13CACG1ATTG1TACG1-G2AC1CG2CGATGA1CA1G-5TC2T-G-4-G-C12TC4GTAG2AC4CT7TG4ACCT4CGTGGA3GC1CT7TC1GCCGTC3CG1TGAC1CAAC2AG5CT2CG5CT8CGGT1CA2AG1ATCTGT1TG7TGGC2AG2AG2GC2C-G-T-2TG1GCAGACAG1CG2-G-C-G3CGAGTC2TGCTCT2TA1GC6ATTG3GCTGACCG1TG3GC2AC2GC2ACTGTCGC2GA9TA1AG2TG1CTGCAC5ATATCGGC1AC5CG1AT1AGTC9CTAG1GCCG7CG1CACGGA1CG1CTTGTCCG2-G1GAAT1ATGC1GTGCAGAC5G-2TC1GAGC1AG6TG2TC5GC1GT3CA2TC2CG2GCCGTCGC2GC2CACT1AC2GC5CT5GC2GC1AC1ACCG1GCAC2CAAC5GC4TGTC2AG2AC7CG3CG3AG5GTGCCG2GA6
vOTU_019	NODE_406_length_3193_cov_34.643403	66.667	459	17688	3193	11553	12005	1609	2061	9.21e-21	104	306	4CT3TCCGTG4ATCT2GC2AG2GA2GC1CG4CGGCAG19CT1AG1CT2CG2CG2AC1TACT2GC1AGCG6-T2CAAT1GT1CGTGT-1GACAGT6CA2CGAG7G-G-5-G-A4TC3CA3ACT-2GTCT2GT-C14AC3CAAGAG2CTGTG-2TC2GC1TATC3CGCA-T4GATC1GC2GC1TAGCTCCGGC1-G2ACAGAC5C-1TGGC2CG2CGAGGTCG4CTAG6TGTC3CG1CT3CG5TCGACT3AG2GC1TC3GC2GCTGTA1TCTG6CGTGGC2ACAG8CG5ATCTGC3GC1TGGCTGCA1GATG3GCAGCA3GC18AC4AGCTCT2TA2CG4GC1AG2TA4CT3GA2GTCG1GT2GCCG1AG2CT3GATG4TG1CG5TC7CG7CG8AGCATA4TC5
vOTU_019	NODE_406_length_3193_cov_34.643403	64.493	690	17688	3193	12176	12846	2217	2881	2.47e-15	86.0	445	2TG2AC1GA3GA2AG8GCCTTGCA2CG1AGAC1CG9GC4GT1AG1CGCG4GA1CACG4GAAC5CG2GC1TA7CG3GC-G-A4C-C-4TAAT2CTAG4TGGC2AT2GC1CTCT2CG5TC2AG2A-C-3CTGT2TCACGCCGGA1GA1AGGC3TGTA1AC1C-G-G-1CT1AC1C-13TCTGCG3CAAG12TGGA4CACTTGAG2GT2ACGCCG3AG2CT8GTGTCG6GCTAACAG5GA2TG1CG1-T-C1GA1GCTG2ATGT4-T2GATG3G-T-C-AC5CT2AC2CG5ACTAATTC2AC1GC3AC9GATC2-G-GTC3GC1C-GT3GC1C-2AG2CG1TGGC2GA1TA3GC1CG4CA4GA4-T2AT2T-1GC8GC2-G1ACTG1TGTG1TG1T-4GA6GA10CGGC2AC2AG2GA2CG5TG2AG6-G-C-CCA4GC1AG1AC1AC1CGAC1TCGCAGGC1GT2GTAT2G-A-A-1AC3TGTG1TGTCCTCGTC3CGTG3GA1CTGTCG2CGTC7AG1CT3AG2-G-G-T-G-T-TCG6GC2GC1G-A-A-C-T-C-GT2GA1CT7CTCT16TCCT1TAACGC8AG8AGATCT2AT1G-3AG4GTAG1CG4-CAG1GT1GACG9GA2AGCGTC3GC4GT1TG7
vOTU_019	NODE_659_length_1959_cov_23.523634	69.912	226	17688	1959	11780	12005	772	547	3.21e-20	102	158	4CTAG6TGTC3CG1CT3CG5TCGACT3AG2GC1TC3GC2GCTGTA1TCTG6CGTGGC2ACAG8CG5ATCTGC3GC1TGGCTGCA1GATG3GCAGCA3GC18AC4AGCTCT2TA2CG4GC1AG2TA4CT3GA2GTCG1GT2GCCG1AG2CT3GATG4TG1CG5TC7CG7CG8AGCATA4TC5
vOTU_019	NODE_244_length_5072_cov_14.280845	71.429	175	17688	5072	11817	11991	4284	4458	5.81e-17	91.5	125	3TC2TGGC3TCTC2TG6CGTGGC3AG1CT6CG5ACCTGC3GC1TGGCTGCACAGA4GCAGCT12GT5CG3AGCT3AG5GC1CG4GC4TG2GC5GC2GCCG4GCCGACAG2CT3GATG4TG4AG2TC7CG7CG7
vOTU_019	NODE_244_length_5072_cov_14.280845	65.510	490	17688	5072	12155	12640	4592	5070	2.47e-15	86.9	321	4GT3AC2C-4GT-T6TC2AC5GC12CATGCG2CG1AGACAGCT14GT1AG1CACGGCCT2GA1CA5GA6CG2GC1TA6-A3CTTC1CA3C-CG4TAAG6CG2GC6GC1CA5CG2TG2AG2A-CG1GT1CTGC1GCTC3G-C-G-GC4GCTCTGTG1GT3GT1-A2T-C-G-11AGTCTGCG3CAAG12TGGA4CG1TGAG5AGGC1GA2AG2CT5GC2GCGTCGGA5GCTAAGACTCTCGCCG2TCTCTG1CGGC2CG3GCAG1GT1GC1ATGAGT2GAGA1TGCGAC5CT2AC1ACCA5ACTAATTC2AC2CT2AC1AG3CA2CA4TGCAACTCGA2GTCT1AT1GCCG5CG1TGGA10CT3CGCA1CT5GC1CAAC2AGTA1GT8-C1GC2ACTC1TGTG1TG1T-4GAGC2GA5GA7CG3AC2AG2GA2CG2CA2TG2AG6C-5
vOTU_019	NODE_545_length_2339_cov_16.577496	77.528	89	17688	2339	13963	14051	1944	1856	5.44e-11	71.6	69	7CTCGGAAC5ACCT11CG11GA4CGGC5AG1GT7GCGCCT5GA4TC3GC2GC2AC2
vOTU_021	NODE_14899_length_247_cov_1.000000	84.375	128	16581	247	1825	1952	2	129	3.43e-32	141	108	5CT8GA11TG5CG5CT2GA1TG6CG23GC5GC4GTCG4CT11GCGA2GT2CG5GC5GA2GC2
vOTU_021	NODE_25303_length_212_cov_1.222930	77.119	118	16581	212	3214	3331	58	175	5.45e-17	92.4	91	9TAAGGC2CG2GC17CG5GC5GA10GA3CG2CG2CT3GTTGGC1GTCG7GTCGTG1GCCT4GA5GCCGGT6AG7
vOTU_021	NODE_15897_length_243_cov_1.021277	73.571	140	16581	243	3139	3278	184	45	2.32e-15	86.9	103	4CT12CG2CG2CA1CT3AG2GAGA3CTCG1CT6GCGCTGGC2CG1CTGCTCCA1TC4ACAGGC2TG1AGAC3CT6TA1GC2CG2GC8CG5GT5GA14CG5GA5
vOTU_021	NODE_6190_length_331_cov_2.456522	74.603	126	16581	331	1830	1954	149	25	1.20e-12	77.0	94	12GC5GA2TG2GCATATCG2CT2CT4TGGC3TG4AG10GA4TAATGA4CT2T-1AC1GT1GC2CA1TC1-G9CG5GT3CGCACA5AG6GC3
vOTU_023	NODE_2276_length_586_cov_1.651601	68.293	205	15987	586	12642	12846	474	270	1.16e-12	77.9	140	4CG6TAGTCT6CGGAGC2CG2GCCT1GA7GT11CG6GC6GCCAAGCTGTCG7GTCG1GCGCGT1GA5CATCTG3TC2GA2CA1CTGCGTCGGT5GA2CG2GT5CG2CT2GT2GC1TC6CGCTCTTC2CG2GA5GC4GTCGTG1CG3TAGACG5TC2GA2GA8GT1GA3CG2
vOTU_026	NODE_162_length_6784_cov_11.943231	70.896	402	15200	6784	11838	12233	5774	5376	1.03e-44	184	285	15GC6TC1GCCGTC3CTATAGGCCT1TG5GC3TA1GC4GACA2GC1TG4CT1GA2GC6AG1-G-C-G1GA2ATGC1GA7GAGCG-1AG1CTCG1TACA1GT3-C4CACA4TA2GC1CG1GC3AGGTGC1TC1GT1TG2CGGA9GAGA1TC4GAAGTC2CACA1CG2TC2GC2AG10TGGA2AG11CG2GA2GC5CA1GTGC2GC1GT15CG2GA6GA4GA18GT1TC2CGAG1-C-T2CT2C-A-2GC8GAGCCT5TACG1GAGC1TC2GT2CG2GT3TGGTTCAC1GA3GC2TC20AG14GCGTCG1ATAG1CT1CG8TC2
vOTU_026	NODE_162_length_6784_cov_11.943231	71.429	175	15200	6784	14369	14543	3974	3800	5.00e-17	91.5	125	4GC11GC5CGGA1GC2CGACCT2AGTCGTCT3GCGA2AG2CT3CG9AC2GC1AG1TAGTAC2GCTGGA8AGAC8GCAG4GCGT1AC1GACG3TACGGC2CTGT1AC1TA31GCCG5CGGC1TC1GT2GT4AG2
vOTU_026	NODE_11910_length_260_cov_1.873171	75.720	243	15200	260	10240	10481	258	17	2.77e-39	166	184	5ACTG1GC5C-3-C11GA8CG2CG2CG17CG2GC3GA13CG5CG4CT15AG1TCCGGTATAG1TGGC3GATC2CAATTC5AG4AG5CT2GA8GA2AGTA1GA2CG3GCCTAG6CG1CGAGCT1GC7CG7TG7CG1CG2AG2CGGCAT3GC1GCGAAT1AG1TC9
vOTU_026	NODE_5361_length_356_cov_1.295681	74.909	275	15200	356	6522	6784	290	22	2.77e-39	166	206	5CG20CT5CG2-G2CTCT2C-3GA1TG1GC2GCCT2AC3T-T-7TC1CG-C-G-T-T-G1CT12GC5AG7CG1CGCA3GA2AGAGCG2-G1TA2-G-T1GT5A-C-G-1TG7GC1GC13GC3AC11CA2AGAG10CGCT1CGGT1CG5CT8AG2CG15GACG3-C-G-A1AG7CG4GA1GATGCGGC1CG11
vOTU_026	NODE_17904_length_235_cov_1.288889	75.105	237	15200	235	13371	13605	1	235	7.42e-34	148	178	2AG5AG20AGCGCTAG2CGGC1TCGC2AG2GTCA6CA1CT1GC8GC2-A3A-3C-3-TCT14GC8TGTGTCCG1CT2CGCTGT1CGGA4TC2CT5CG5GTGT3GT3TGTC4CG5TC15TCCGGC2CA1TC1GC4GC1CG1ACCG1CG4CT2CG8CG14GA2CG4
vOTU_026	NODE_9981_length_271_cov_1.250000	72.797	261	15200	271	5625	5884	271	12	9.04e-33	144	190	7CGATAG4GACT12CA3GTCGGC5AC4TGGA2AG11GA5CG5CGTC1AG1GAGC1TCGC2CT2AG4CTCG2CGAC1ATTG4AG1TC1GC1CG1GT6CG5CT5GA2CGAG4CATCGCCG4GA9CGGC5ATCG3GCGTCG7GA1CG1-T1AGTCTG5C-3GAAT2CT1CG2CG1GCCG8CG8CG11GC8CG2CG6
vOTU_026	NODE_218_length_5599_cov_14.053211	68.698	361	15200	5599	9520	9875	1127	773	5.34e-23	112	248	3CA4CGCA2C-1AC6CGTC9CT4GA12CGTG1GAGA1AG1TC1GCATCG2GACTAC6GC2GC6GC1CG5GA2ACTATGGC2GAATAG7TGTCGC1TAAGTA1AC2AG8AC1TC1ACCG1GATGCG2GCCG13CGAGGT6CGG-C-2TG1-C-A4TCGA2GA2CG2GC4-C1CT2AG1TAG-5GC5AG14CG2CATACTGC1TG12GC1GT2AG1GCTG7GTTCCA5GC1TC3GC1TCCGGTGC2CA4-A4AC3G-2GA2AGTA2GTTC3GC1AT6GC1T-1CG2GA2AG2-G2GTCT3CAAG11
vOTU_026	NODE_20841_length_225_cov_1.929412	75.148	169	15200	225	4123	4283	191	27	7.93e-21	104	127	7TGCT1GT7TG6AGCTAG17GC7CG1AG1GC4TCGCGC7AG1C-A-3ACGCCATG2AT1A-T-1GC5-C-C-A-T7-T-C-G4AT8CTCG5GC12CG9-C2CA4TG1CG1AC3
vOTU_027	NODE_34_length_14446_cov_17.781461	64.470	1973	14847	14446	8347	10256	5797	3876	1.82e-79	298	1272	7TCCG4CG2GCAG1GC2AG3TCC-G-G-2CA2TA5-G-C-C5GA5TGCGCTTG5CG3GC1CT8CGGA1CG2GCCA1GC2GC3GA1GC11CG2GCCGGACT4TGGC3CG2GATCG-T-C-C-T-A-2GA3GC3GAGC1G-1CAGA4CG1C-G-8CT4C-G-T-C-2AG2CG1ACC-G-C-C-G-3A-C-C-4CACAGA5-G-A-G3ACGT5CACT2CGATAC1AT7CG1GCCG8GA9GA2TGTG1GA1GCCG5AG14CAGA2ACGACA1CG2CTCA1CG5GC5GCATTGCG3GTTGCGCT3GC3CT1CG5ACTG3GAAC9GTCT1GC4TC7GAAT3AG4GC1CA1GCGA19CG2CT3AG12GACT2TG2AG2CG2GCCA1GC11GC5TG2GA3TACGGC8GCGT1GC5CGGC2AGGC1-G2GCGC2-A-CGA4GCCG1CA1-G-A-C2-A-C-C2GC6CAACGCGC7CG1GCGCGT1CG9GATCCT6CA1GC2CT2C-A-G-GT3T-2GCTACACATG2-A4CTAG1CTAG1GCTA1CT1GTGCCG1CG1TA5GT1CA2CGAC5A-G-G-3-A3-G-C1GC3TAGTGC1ATAC1CTCGTG1CA2CG3GCCG8GC1CA2TGGC4CGGC1CG1GC2GACA1GC3GA10AGTG1GC8AC1CA9GC2GT1AGCGCGGT4CATA3CGGATACG3AGAGGC6AGAT1AG2-T-C-C-A-A-A-GGCACTA2GA1TA2TC3-A-A-C-T1AGGT2AGCT2CA2G-A-5-A7-C-ATA5GACTGCCT2A-G-G-C-C-2CA1TC3CGTACT2G-G-C-A-3GA1GA3CGGC1CA1CT15CGTG5ATCTCTAG1GC5CGGCCA8GA3CGCA2CAGA1TG1AG2CT2TG3GCCG6GCCT4CT6AC1CG1AT7AG1TG12GAGC3GA3GA6-A-C-A-G-C1GC1TAGAGT2GC2-C-A-C-GAC2AG4GA2CT3CTAT3CG5CG2CG2CG5GTGTTGGTGT1GA6CG4GACT1GT1CTGC2GC1C-G-C-3ATTC1GA2CA1CA1GT1-G-T-A8GA2GCCACA2AGCTGC3GC2CG5CGAG1CG2TGCAGCCG2CGTGCGCGGA1CT4CG4AT1CG6GACG3GC4ATTCGA1GC2ACCT2GC1-C-A-GGC2GT3TGCGGT8TCTA1CG9CT1CT2CGGCCA3CTGTCG1AGTCCG2GT5CT2CG2GC2CTAG1GCCT1GCGC8TA4AGCA1CGGCTC3GC6CAGC1GA1GC6-A5G-GA2GATC6GC2GC2GTGA3ACGCCT1GCGATA1GA1GC2GC5GC5CGCA2GACG3GC2-C5CT3G-3CAGA4AGCG3CT5TC6AT4GA3GTGT2CG4GCTA3-G-C-A-ACGGA3-C2-C2AC2ACCG1GCCTGACT4CAGC15GT3CA1CG1GCGACA7GTCTGC3TGCGGC6GACAGC1GAGCTCGT7GT1CA2CT8TC2CTGTCT2CA3CT2GA2CT1-C1GCGT2CAGA3CTCG2T-1GT3CA1-C-T-AGT4CG6CT4TA3CGGAGAGC1CTGCGT4AC2GC2GA2GC1AT5AGCG1CT3CT3GAAG1GA1GCGT1TC1CAAC3AT1GT6GA1GA2GC3GC1CG4CG3CT2C-1CG2AG4-A5CT1TGCG2CG1AT13CA2GCCGGC1GCAC6GA1CGCA1GC2CG2CTGTCTGCGA1GC3GCTCGC5CG2-G-GCA3TCTG2CTCT4C-G-4TCCA8CG1GA3GC2GA2CG3TCGAGCCT3AC3GAGC13GCGA11GA5GCGA8CT4CTCT3TC2CG2GA3GTTCGC3GA1ACCTGT1CATC4CTCAGT5CG6ATCG6CT3
vOTU_027	NODE_34_length_14446_cov_17.781461	73.381	139	14847	14446	12200	12337	1940	1803	1.08e-12	77.9	102	3CG2CT2GATG1GC2AG5CT2GC21GCCT8CGGCCA1CG3GCGAGA3GT1CG1TC1GC3CACT3G-1TC3-C2GC9CG1GC1CGGC2GC1GC3GC5CT3TC7CG2
vOTU_027	NODE_18_length_18031_cov_14.452603	64.643	1779	14847	18031	8531	10255	7169	8911	1.40e-74	283	1150	7A-C-C-6GA1GC3-G-A-A4GT3CT2CG3ATAC1AT4CG5CG3TAGC6CG6GA2TGTG1GA1GCCG1CG14TC3CAGAGAGCAC1CA1CG3CA1CG5GC5GCATTGCG3GTTGCGCT3GC3CAAT1CG4AT4GAAC9GCCT1GC4TCCA4A-3GT2AG1CG2GT4GC-A1GT2TG8CA2CTACCTCG5CTAG1CG2GC6GAGC3TA2AC2CGGA1GCCG1GC12CA1GC2TG5CG2GC8GCGT1-C5CG1GTTG1ACGCCG1CT1GC2-A-C-A-C-C4CA1-G-G-C1AT12GCCAACGCGA9GCGCGT1CG10TC7CA1G-G-A-1GT1CGAGGT4TA2-A-A1TA2-G-A3G-3CGATGC2CGGT4G-G-C-3TA4C-1GT2CACTA-2TG1-T2-C2CA1GA1CAAC4CTTCGT5CTCT2CG2CA3GCCG4CG3GCCG3TGGC4CGGC1CG3ACGCCA1GC3GA4CG2CG2AGTG1GC8AC1CA3CT10AG1CAGACT3CATC3CGGCTGCG2CG5CG3AGATTCAG1CG1A-T-2GACATGCA1TGGA1CT1AT2GC2GTA-4ATGCCG2CGGACA3GTCG1CG5CG2GC1ACGA2CGTC1CG2CGGA2TACGGC1GA1CGAT3GC3CAGACGGC1CG1CT9CA2GA2CGTG1CA3ATCT1AT7CGGCCA3GC4GA2AC1CA1GCCAGA1TG1AG5TGCT2GCCGCG2CG3CT4CT2CG3AC1CGCAAT7AG1TC5CG2CG2CTGAGC7GA6GAGTCTTC2-A-C-A-A-T2GC2ACCG1AT1CT1-G-G-A-C2CG1CA4AT15CG5GCGTTGGCGT1GC2GA3CG1CA2GTCT1GC1CT7CGCT3T-G-G-2CA1-A4-A-A4GT2AG3-C-A1CG3ACCA1G-G-1GACT4CT4CA3TCCAGTCG2CG3GA5AG2GA1GTAT5GAACGCGA6GCCT1A-T-G-C-G-10-G-A-C-C-G1GT3TGCGGTCT1GC5TCTA1CGGA1GC5CTCT1CT2CTGCCA4GTCGCTAGTCCT5GA5CG2GC3AG1GCCT1GCGC7CA6CA1CG12CAGCCAGA1GC2A-T-1CA6-C-C1GC1GATC6GC2GT2GC2CG1ACGC3GATA10GT4CT2CG8GC2GC3CG3CG4CAGA3CTAGCG6CA1CGTG6AT7CTGTGT2CG4GCTA3CG1CGGC2-T-G-G-G-A-C3AC2ATCG1GCCTGACT4CAGC11CT3GT1CG1CAT-C-1GA2-A-A7GTCTGCGA2TGCGGC6GACAGC1GAGCTAGT4CG2GT13TC1GCCGGTCTCT1CA4GCCTGC2CT7GT3CG1GC1TG2GACTGCCTTAGT4CG1GA4CT4TAGAGT2GAGAGC1CTGC5AC2GC7ATCT4AGCG1CT3CT3GAAG1GC2GA1TC1CAAC3-G2GA1C-4GATCGC2GC3GC1CG8CT5CT3GA4GA2CA1TGCG2CG1AT3CGCTCT9CGGCCAGA2AT6GACG1CA1GC2CG3GTCAGCGA1GT3GCTC2GC3CG2CG1-A-A2TCTG1CTCT2G-C-2GA2CA1TCCG5GA2CG1GAAG2GC6AT5CT3AC3GAGC10GC2GC2CG2CT2GC3GA5GCGA8CTCG3CTCA6CG6GTTCGC3G-G-A-CA5CA4GC1-A-T-CTA10ATCG9
vOTU_027	NODE_18_length_18031_cov_14.452603	75.229	109	14847	18031	7768	7876	6432	6540	3.76e-12	76.1	82	3AC15GA1CG1CTGCGATA3TACGGCCT2ACAGGC5GC8CT5GT7TC15GC1CAGTGC1TGCG1GT2CG9GC3
vOTU_027	NODE_277_length_4590_cov_16.881367	63.451	1866	14847	4590	8382	10189	2789	4590	7.73e-59	230	1184	3TG4CA2GA3GA1TGCGCTTG5CG3GC1CT5CT2CGGA1CG5GT2GC3GA1GC14GCCGGACT2CT5GACG5TACA1T-A-C-A-G-G-2GCAT2GA1CTGT4GCC-G-C-T-C-G-8CT4CG1TC2C-A-G-T-C-G-A-C-G-C-C-G-A-A-G-2CG6GA1GC3-G-A-A3ACGT10ATAC1AT4CG5CG3TAGC3GAGTGCCG6GA2TGTG1GA1GCCG1CG14TC3CA1GTGCAC1CA1CG5CG5GC5GCATTGCG3GTTGCGCT2CTGC4AGCACT4ACTG2GAGAACGCGC1CG6CT1GC4TC7GAAT3AC3GAG-4GC-A1GC2TG12ACCTCT5CTAG1CG9GAGACT2TG2AG2CGGA1GCCG1GC11GC5TG2GA3TACGGC6GA1GCGT1GTC-6TC-T-G-C-C-C2GT1AC2GA1-A-C5CA-A-G-G2ATCG4GA3CG3CAAC1GA7CG1GCGCGT1CG10TCCT6CA1GC2CT1CT1A-1GT1TA1TCCAGA1TA2-G-A4C-4GCCG1-G-T-T2TG3GA1CACA3GC3C-1GC2CT1A-4CAAT1G-C-4A-2GAAT4GCAGA-1CTCG2CG6GCCG3GCCG3GCCG3TGGC4CGGC1CG3ACGCCA1GC3GA4CG2CG2AGTG10ACAGCA3CT5GC4AG1CAGACT3CATCGC2CGGCTGCG12-G-T-C-G-C-G-G-C-C2TG3-A-C-G1ATTG6CTTG1CT2AGGTC-G-A-C-2CA3AT1CT1TG3CG2GCCA2GACG1CAGC2CGGT2G-G-C-C-2CA3GATGCA3-A5CA1A-G-G-G-3C-G-C-C-1CTCT8CA2GA2CGTG4CTATCT1AT7CGGCCA4AG1CT1GA2ACCGCA1GCCAGA1TG1AG5TG3GCCGCG2CG3CT4CT2CA3AC1CGCAAT7AG1TG5CG2CG3GAGC3GC3GA8CTTCGC1GA1GA-A-C3-T-C2AG-T-G-T-C-G1CT3CG6ATCG2CG5CG5CG5GCGTTGGTGT1GA2GT2GCCG1CT3CT1GC9CGCT3TCGAGACG2-C-G-C3GC2GC2GCGA2GCCA2CT2TC1C-G-G-3CT1CT5CG2CT2TGCAGC4TG1CGGA5AG1CGGA1GCAT4CTGAACGAGA1CG2GC1GTCG1AGTGGA1GC2ATCGCGGC5GC3TGCGGCCT8TA1CG9CT1CT3GTCA4GTCGCTAGTC12CG2GC2CTAG1GCCT1GCGC10GC2AGCA1CGGA4GT2GC2CGCAG-C-G-T-G-8GACG3-T-T-C-C-A2GATC12GCGA3AC4GATAGA17CG8GC2GC5GA1CGGC2CGCAGA4AGCG3CT2CG1CGTG6AT1CG2GA3GTGT2CG4-C-A-T-C-C-G1TG1CGCA2CG1GTAC3AG2ATCG2CTGACT4CAGC2CT12GT3CA1CG2GACA7GTCTGCGA2TGCGGC5CTGACAGC1GAGCTAGT4CG1GCGT13TC3GTCTCT1CA3CT2GC2CT2GC4GT5GC1TG2GACTGCCTTAGC4CGCG5CT4TAGAGT1CGGAGAGC1CTGCGA1GC2AT2GC7AT3CG1AGCG1CT7GTAC1GC2GA1TC1CAAC3-G2GA1C-4GATCGC6GC1CA13CG3CT8CG1TGCGGA1CG1AT3CGCTCT7CT1CGGCCA2GCAT6GCCACACA1GC2CG2CTGTCTGCGA1GC3GCTC6CG4-A-A3TG1C-C-CT1GC1CG1GA2CA1TCCT3GA1GA2CG1GA6GA2CTAC5CT3AC3GAGC13GT8GT3GA5GCGA6
vOTU_027	NODE_277_length_4590_cov_16.881367	73.810	126	14847	4590	7746	7871	2161	2283	1.08e-12	77.9	93	5TC3C-G-A-3CA2ACTG1CG3AC1CT5GA7GA1CG1CTGCGATG3TACGGC3ACAGGC14CT5GC7TC15GA1CAGT2TGCG4CG2CA5
vOTU_027	NODE_712_length_1789_cov_15.844291	64.813	989	14847	1789	9255	10211	1235	264	5.21e-42	174	641	5TG3GCCGCG2CG3CT4CT2CG3AC1CGCAAT7AG1TG7GA4GAGC7GA4CG1-A-T-T-C-C1GA1TAGAGT2GA2ACCG1AT1CT1AG1CA1-A-A-G-C5ATCG2CT5CG5CG5GCGTTGGCGT4GA2GACG1CT3CT1GC5GCTA1GACGCT3TC-A-A3ACCAGC2G-G-11GCCACG2ATCGGC3GCCT4CT8TCCAGCCG3TG1CAGA5AG1CG2GTAT5GAACGTGA1CG4GCCG1A-T-G-C-G-7CT2AC4TACT-T-G-G-G3-T6TGTA1CGGA1GC5CTCT5GCCA4GTCGCT1TCCT5GA5CG2GC2CTAG1GCCT1GCGC13AGCA1CGGA4GT5CGCAG-C-G-T-G-7CGGACG3-T2GA2-C-A-C-A8GT2GTGA3AC4GATA18CG8GT2GT5GA1CGGC2CGCAGA4AGCG3CT5TC6AT1CA2GA3GTGT2CG4GCTA4-A-G-C-G-A-T1CG1GTAC3AC2ATCG2CGGT5CAGC5TC9GT1CG1CATCCG1GCGACA7GTCTGCGA2TGCGGC6-AGA1GTTAGCGA6C-1GAGT4CT8TC2CGGTCTCT1CACT3GCCTGC2CT2GC2GCCAGCGC4G-2CGGCGACAGT2-AGT4CGCG5CT4TAGAGT1CGGAGAGC1CTGC5AT2GC5GC1AT5AGCG1CT3CT3GAAG1GCCA1GA3CAAC3-G2GA1C-4GATCGC2GC2GAGC1CG8CT4CG3CT8CG1TGCGGA1CG1AT4CTCT6TC2CGGCCA2GCAT6GACG1CA1GT2CG3GTCAGCGA1GT3GCTC6CG2CG2G-T-TA1CG1CG2-T-T1CG1GC2CG1TCCT8CG1GAAG2GA5CG6CT3AC3GAGC13GT8GT3GA5GCGA6CT1CT3CTCTCT3TC2CA2GA3
vOTU_027	NODE_712_length_1789_cov_15.844291	71.038	183	14847	1789	8733	8905	1760	1579	7.25e-15	84.2	130	2TG12ACCTCT5CTAG11GAGA6AGCT1CGGA1GCCG1GC17TG5CG2GC6GA1GCGT1-C4-C-G-C-T-G4-A-T-C-CTC2G-6GC1CACA1CG2ATCG4GA3CG3CAAC1GA7CG1GCGCGT1CG10TCCT6CA1GC2
vOTU_027	NODE_427_length_3030_cov_15.183193	63.686	1454	14847	3030	8403	9798	1641	3030	9.43e-39	163	926	5CG3GC7CT2CGGA1CG5GC2GC3GA1GC14GTCGGACT3CA1GT3CG5TAC-C-T-3GC1AT3C-C-G-1CTGT4GAC-G-C-T-C-G-8CT4CG1TC2C-A-G-T-C-G-A-C-G-C-C-G-A-A-G-2CG6GA5-G-A-A3ACGT3CT6ATACCGAT4CG5CG3TAGC3GA1GCCG5CTGA2TGTG1GA1GCCG1CG11CG2TC3CA1GTGCAC1CA1CG5CG8GC2GCATTGCG3GTTGCGCT2CTGC4AGCACT4ACTG2GAGAACGCGC8CT1GC4TCCG6GAAT3AC1CAC-1GA4GC-A1GC2TG12ACCTCT5CTAG1CG9GAGA6AG2CGGA1GCCG1GT2CT14TG2GA2CG11G-2GT7-C2-C-C-C-G-A-T-C-C-CAGGA6GC1CACG1CG2ATCG8CG2GACAAC1GA7CG1GCGCGT1CG5GA4TC6CACA1GC2C-1CGCTAG1GT1TA1TCCAGA1TA2-G-A4C-2CT1GTCG1C-2CT3G-C-3TA3C-2GT2CA1AGGT1TAGT1A-G-4CACT3-C-C-C2CTTCGTGC2AG1CTCA2CG6GCCG4CG3GCCG3T-4G-4-C-G3ACGCCA1GT3GA4CG2CG2AGTG10ACAGCA3CT5GC4AG1CA1CT3CATC3CGGCTG13AGAT1AG1-A-G-C-C-ACA2TC1-A2CG1CG1TC2CT1AT1C-1AT2A-CG4-T-G4CG2-G5T-4CGGC1GC3AT1G-C-CA2CA1TC1GATACG3-A5C-G-A-G-GA4C-G-C-C-1CT6CT8CTTG4CTATCT1AT5GC1CGGCCA3GC4GA2ACCGCA1GCCAGA1TG1AG5TGCA2GCCGCG2CG2GACT4CT2CG3AC1CGCAAT7AG1TG5-G-GCT2CAAT3G-C-6GA4-G-T-A-T-T1TC1GA1TAGAGC5ATCG1-T-G-T-CAG1CG3CG4CTCTATCG2CG5CG2CACA1CG5GCGTTGGCGT4GT3CG1CT2GCCT1GTGT8CACTGT2TCGAGACG2GCCG1GCGC7AG3GCCACG2ACCGGC3GTCT7CG2CT2TCCAGT3CG3GA5AG1CA3AT1CG3GAACGCGA1CA4GCCG1A-T-G-C-G-7-C-G-G-C-A4GT3TGCGGCCT7TGTA1CGGA1GC6CT5GCCA4GTCGCTAGTC12CG2GC2CTAG1GCCT1GCGC7CA2GC2AGCA1CG6CT5C-G-C-G-T-GA6-G-C-A6-C-CGA2GATC6GC2GA2GCGA3ACGA3GATA1GA16CG8GT2GT5GA1CGGC2CGCAGAGA2CTAGCG3CT5TC6AT1CG2GA3GTGT2CG4GCTA5CGGC2-T-G-G-A-T-C3AC2ATCG2CTGACT4CAGC5TC9GT3
vOTU_027	NODE_427_length_3030_cov_15.183193	74.803	127	14847	3030	7746	7872	989	1112	7.25e-15	84.2	95	5TC3C-G-A-7TG5AC1CT13GA1CG1CTGCGATG3TACGGC3ACAGGC5GT8CT5GT2CT2CG1TC15GC1CAGT2TGCG4CGGA8
vOTU_027	NODE_885_length_1437_cov_15.091172	63.282	1438	14847	1437	8403	9798	48	1437	1.15e-37	159	910	5CG3GC1CT8CGGA1CG3CA1GT2GC3GA1GC14GCCGGA3CT5GACG4G-T-C-C-T-A-2GAGC3AT2GA1CTGT1C-5C-T-C-G-G-4GA2CT4C-G-T-C-2A-G-T-C-G-A-C-G-2GC3A-C-C-6GA1GC3-G-A-A3ACGT6CG2CTATACCGAT4CG5CG3TAGC3GA5GC2CTGA2TGTG1GA1GCCG1CG11CG2TC3CA1GTGCAC1CA1CG5CG8GC2GCATTGCG3GTTGCGCT2CTGC4AGCACT4AC3GAGAACGCGC8CT1GC4TCCG6GAAT3AG2CTGAG-4GC-A1GC2TG8CT3ACCTCT5CTAG11GAGACT2TG2AG2CGGA1GCCG1GT17TC5CG2GC8G-GC1GT7-C2-C-C-C-G-A-T-C-C-CAGGA3GC2GC1CACA1CGGT1ATCG8CG3CAAC1GA7CG1GCGCGT1CG10TCCT2TC3CA1GC4CT1A-1GT1TA1TACAGAGATA2TGGA5C-A-4-G-A2CT3-C-G-G-A1CACA3GC3C-G-2ACCACT5CAAT1G-C-4A-2GAAT2G-3AG1CTCG2CG6GCCG3GCCG3GCCG3T-4G-4TC1GTAT2-C-A1GC3GA4CG2CG2AGTG10ACAGCA3CT2GA2GC4AG1CA1CT3CATC3CGGCTG13A-A-TGAT1CGGC1TG2GACATGCA1TCGA1CA1AT2GCAG1G-ATCG3ATGCCG2CGGACA3GCCG1CG1CA3CAGT1GA1AC3CATC1CG2CGGA2TACGGT1GC1CGAT3GT3CAGACGGC1CG1CTCT5CT8CTTG1CG2CTATCT1AT1GT5CGGCCA8GA2ACCGCA1GCCAGA1TG1AG5TG3GCCGCA2CG3CT4CT2CG3AC1CGCAAT7AG1TG13GTCG6GA4-G-T-A-T-T1TC1GA1-A-A-T-GTC2GC3CG1CTGCAG1CG3CG6ATCG2CG5CG2CG2CG5GCGTTGGTGT4GT3CG1CG2GTCT1GC5GA3CGCT3TCGAGACG2GCCG1GCGC7AG3GCCACG2ACCGGCGT2GCCT7CG2CG2TGCAGC3CGTG1CGGA5AG1CG3AT1CG3GAACGCGA1CG4GCCG1AGTGGA1GC2ACCGCGGC5GT3TGCGGCCA1GC5TGTA1CGGA1GC5CTCT5GCCA4GTCGCTAGTCCT5GA8GC2CTAG1GCCT1GCGC13AGCA1CGGA4GC6C-G-C-G-T-GA7CGGACGCT2-T-G-C-C-A2GATG9GA2GCGA3ACGT3GATA15CT2CG8GC2GC2GTCG3CGGC3CAGA4AGCG3CT12AT1CG2GA2CTGTGT2CGCG2CTGCTA5CGGC2-T-G-G-A-T-C3AC2ATCG2CTGACT4CAGC5TC9GT3
vOTU_027	NODE_218_length_5599_cov_14.053211	66.720	628	14847	5599	4229	4843	2652	3260	7.25e-34	148	419	16CA7CT3-C-T5CGATCG3TG2CA-A4TA1GA2GA3TCCG2CG9CTGCCG1AGGC5CT11GAGA4CG2CT2CG3-A-G1AC2CGGACA3C-C-2GC2GCCG16GT2CG7CG7CTGC3AGGTGCGAGA1GTAT1CG5CG2CGAG1CG2CTTC4CT1ACGCGACAGCGA6CA2TG2TCCG2GC3GA1GCCT1GC2CT1AG2AG2TACGAG1CG1GCCG1CACT1GTGT14CG2CT8CG8AG2CG2CT2CG2CTTA2AGGC1CA1GCCG4-T-T4-CGA2GT2CA1T-G-C-GC7TC3GC1TACT5CG2CG4ACGCATGCCG5AT1CT3CGGA1CG2CT2CG2CG6GT1A-C-CGGT2C-A-T-G-GA2ACAT1CA4A-C-2GC2-A-G-T-G1AC3C-A-1CT1CG1GTTGCG2CG1GT1G-G-2AC3TACT1C-AT3T-1TAGACG11CG2TG11CG5CG3TC1CG1GA1GATC2AG1GTACCG3CAATGC1CAGC4GT1CG1AG7GA2AC3CG3CT1CTGT1GC2CG6CG2GC1CG8CG1CT3CG2CGCT12AG1-T5
vOTU_027	NODE_218_length_5599_cov_14.053211	64.299	549	14847	5599	1440	1982	587	1111	1.71e-16	89.7	353	2CT2CT3GA2AG7GC1CA6CTAC2AG3-A-C-C4C-A-A-3CG2CG2GAGT2AGGTTC3GA10GCAC1CG4TACT5CAAT1GC2TA1TC8GA3CTCG1CG2CGGCCTCG5C-T-C-G-A-C-G-4T-G-G-G-G-C-C-G-T-C-C-4CT1CA1GCAG1CT5CGAG4CT6AG1GCCGGCGCGA4CT3CGACGC5GCTACAGT5CG6CTGC3GA2-C2AC1TGCTC-3AG1CG6CA1CG4CAGC1GT1AGCACT3GCAGAG1AT1AT5-T1AG1CA2CGC-8TC3CTCG2ACACCG2CGACCGCG8AC1TA4CG2GC1CGGAATGT2GC11GC5CT2CG2GCGA1CT2GCATCAGTCG1CGGA1CG5CT2CT2CT2CTCGGC1CA1GC5CTCATC1GA1GC1TCGC2CG2GCGCTC2GA1GC1CGAC13TC2CG1ATTC2CG8CGTC1CT8CT2CTAG1GC1CGGC5CG10GACT2G-3-C5CT1ACTC2CG8CGCT4GA4GCCGAGCT7
vOTU_027	NODE_275_length_4598_cov_30.572749	66.599	491	14847	4598	9774	10256	4568	4086	2.37e-27	125	327	4CAGC5TC9GT3CA1CG1GCGACA7GTCTGCGA2TGCGGC6GACAGC1GAGCTAGT3GACA1GCGT4CT8TC2CGGTCT2CACG2CT2GC2CT2GC4GT5G-C-T-5CA1GC-T-A-C4CGCG5CT4TAGAGT1CGGAGAGC1CTGC2GC2AT2GC7AT3CT1AGCG1CT3CT3GA2GC1GAGA1TC1CAAT3-G2GA3C-2GATCGC6GT1CG8CT4CG3CT8CA1TGCG2CG1ATCT2CGCTCT9CGGCCA2GCAT6GACG1CA1GT2CG2CTGTCTGCGA1GC2CTGCTCGC5CG2CG2GATAT-2CGCGGT2CA-T1GT2CA1TCCT5GT2CG1GA6GA9CT3AC3GAGT13GT8GT3GA5GCGA3GC4CTCG3CTCT6CG6GTTC3G-G-G-1CA3TA1CGCT3GT1-A-C-CTA10ATCG10
vOTU_027	NODE_616_length_2077_cov_11.183976	67.641	479	14847	2077	9274	9738	465	1	3.52e-25	119	324	15AT6-T2TG1CTCG2CGC-5CT3CT2CT1GT2CT6-A-G1TG6C-1CT2GT1C-4CG1CTCG1ATCG2CA8CG2CG5GAGC6CA6CG4TA6GCTA-G5G-1TCGC1CA2GTC-C-G-4CT5CA5-A-G-G1AGCGGC4CT1CT8CG2TG1GACG1CA3CG2CT2CT3GATC1AGCTCT4AG1GCCACG3AGGT4GT4AG3GACAGT2GA3TCCG1CTTAGT2CG2TG3GA1GC5CTCT4CGGA1CG2CTGTCG1AGT-3-T3GC2CT2CG5CTAG2CT1GCGTTGGC12CA1C-1TCCG4-G3CG2GAC-G-T-G-C-8CG-T-G6TA1-A-G-T1AT12CG1AC1CT1GAGCTG1GCCAGA8GA2CG2CG2CG1CA3GT10CAGCATCG1CAGA1AC1CG5CT2CG2TA6AT6
vOTU_027	NODE_616_length_2077_cov_11.183976	78.761	113	14847	2077	8715	8827	1048	936	1.15e-18	96.9	89	5AG1CTCG3CA4GA2TG12AGCTCT5CTAG1CG3TA6GACT2TG2AG2CG3CG4CT9CA1GT2TG5CT17
vOTU_027	NODE_616_length_2077_cov_11.183976	70.423	213	14847	2077	7740	7947	1976	1769	5.96e-16	87.8	150	2AC6CT11CG2AGTACGCT17CTCGGTCA2CTGCGATG2CGTG2CG2ACAGGC4TC3CGTAGCCG2CT2CT8CGGC7CG2CT5GC6CTTGGC2CGGC10-G4-TCG3AG1A-G-4TA3CA7GT4AGGC2GTCG2-G-G-C7GTATGT4C-G-C-1AC3GA2GC6
vOTU_027	NODE_2897_length_501_cov_4.919283	70.229	262	14847	501	8572	8832	193	452	5.22e-23	111	184	4CG2CG2CG3TAGCCA2GA1GCCG6GA2TGTG1GA1GCCG1CG18CA1GTGCAC1CA1CG5CG8GC2GCATTGCG3GTTGCGCT2CTGC3CAAT6AGTG2GAGAACGC2CG6CT1GC4TCCA6GAAT3AC3G-GA4-CGA1GC2TG8CT3ACCT6CTAG1CG9GAGACT2TG2AG2CGGA1GCCG1GC17TG2GA2CA11G-GC1GT7
vOTU_027	NODE_511_length_2469_cov_11.345070	66.514	436	14847	2469	9836	10263	50	474	1.82e-22	110	290	12CT13CACTGA4CT2GC2CT4C-2GT2C-C-CG1CG4CTGACTTAGCGA3CTCG1CA7CATA4GAGAGT1CTGC5AG2GC5GC2CT4AGCG1CACT4-A-C-T-C-G-C4CG5T-G-C-A-C-G-CGATCT3CG3GCTG3GC1CA1GC1CG11CG2CT2CT2CTAG4CT1TGCG2CT2CT3CACA9CGGACAGAGA1AC6GT1CG1AT1CGCACA2CTGCCAGC5CAGA1GC5CG2-G2AC1TCTC1C-3GTCG5CG1TC9CA1GAAG8CG6CT1CT1AC3GAGTTAGT5CTCG1GC3GC1CG3CAGA3CG2CG4GA3GC3GACACG2CT1CT6CG2GA3GTTC4-TGC2CT1C-7CG2TACT2CGCAGA3CGACCG6CT10
vOTU_027	NODE_33_length_14483_cov_13.908719	65.563	453	14847	14483	8382	8830	6715	7142	7.75e-21	104	297	14CT2TGCGCTTG5CG3GC1CG1AT6CGGA1CG2GCCA1GC2GC3GA1GC11CT3CGGACT4TGGC2GACG4G-T-C-C-T-A-2GAGC6GA2G-1CA5CG1C-G-5GA3GA3CG1T-C-G-C-A-G-T-C-G-A-C-G-6A-C-C-6GA1GC3-G-A-A2CTACGT3CT1CACT4AG1AT7CG1GCCG2GC5GA3CGCA4GA2TGTG1GA1GTCG1CACA1CGAG1CG8TC3CAGAGAGCAC1CA1CG3CA1CG2CT1GAGC6ATTGCG3GTTGCGCT3GCCG2CG1CA5ACTG2GAGTACGCGC4TC3CT1GC3GTTCCG6GAAT3AC2CG1GC1CA1GCGA1GC23CTAG4GC7GACA2TGGACAAC3-A5G-11GC5TG3CA2TACGGC2CT6GT1GC2CG2
vOTU_027	NODE_33_length_14483_cov_13.908719	76.842	95	14847	14483	12185	12279	10541	10635	1.31e-11	73.4	73	3TG9GCCTGC2CAGT1CG3TG13GC14CG5CGGCCT3CG5GCCA1CG3GCGA4GT1CG3GC3
vOTU_027	NODE_162_length_6784_cov_11.943231	66.583	398	14847	6784	203	587	6165	6552	2.08e-15	86.0	265	8CT3ATGCCG7AG1-C1TG3C-2CT1TACG3CG1TG2CT1CT4ACTA1CG9TACT1CG1GAACGC6CAGA1CGGC2GT2GCCA5GC3GCTG3CG-G-T-C-A-A-G5CG8CT5CG1GCCG6CA1GC4CTCT3-G2CG2CG1T-6GA4ACGCCAGA6CG1TACT3CA-A1TG4CGC-C-T-C-1AT3CGTG1-A-G-A6CG2GC1CG8TC1CGATCG2CG6-G9G-1CG2CT2CT2CG14CT3GA1C-G-TG1ATCG2CGCG4CAGC1AC1CA2C-1GC1CACG3ACTACACA1CG1GT3CTAG2CGGA1GC4CG2CT6AG1CG2CG2CG5CA6CA1CG2GT2TCCG1GA2CG2CG4
vOTU_027	NODE_166_length_6726_cov_18.242093	71.895	153	14847	6726	12185	12337	4953	4801	2.53e-14	83.3	110	3TG9GCCT3CAGT1CG3TG10CT17CG5CGGCCT3CG6CA1CG2GCGCGA3GCGT1CG2CGGC1CG1CA3CG3GCCT3GAAG1GC2GA3CG1GC1CGGC4GCCA2GC2CT5GC3CA4CA2
vOTU_027	NODE_128_length_7824_cov_13.110825	66.877	317	14847	7824	7559	7875	6998	7291	3.08e-13	79.7	212	6AT8AG2CGTC1CG9ACCG2GAAC4ATCT5CTCGAC2CT6CT5CG6CA4GT2CG2CGAC1CG2CT1TCCG2CG5GC1CACT3CTACCGGA1GC2TC6GAG-C-2GC1A-C-2CG2CTAG2C-T-C-T-T-C-C-4AT1G-3CG1ATCG1ACT-G-2CAGT2A-C-2T-5AT1C-G-G-4TC3C-G-A-3CA2ACTG1CG3AC1CT13GACTCG1CTGCGATG3TACGGCCT2ACAGGC5GA8CT5GT2CT2CG1TC15GC1CAGC3CG4CA9GC2
vOTU_028	NODE_162_length_6784_cov_11.943231	69.048	630	14391	6784	1750	2367	5181	5804	5.05e-61	238	435	2TC6ACCA9CT5CTCT1GT6CA2GC4AG5CGTG1TG3AG1CG2CT5CT1ATCA2-G-G-C4GC1CTGTCGCG1GC3C-A-T-7CT2AGGA6GT9TACGGC5TGCA1GT2TC2CTGC1GC1CG1CTGC7GC2CTGC1TC-A-A-C4GCGT1CG2GT4TACT2GCACCG4AGATAGGACA4CA3CA5GA4TCCA3TC2AGGCCG6GC8CGCA2TC7AG2CG2GCCT17AG1TG2GC2CG2GCGACGGT2GC2-G2AGCT4TG1G-2GAGC4CG1TG11AC5CT3TA1GC2CT2CT2GC9CAAT4CA7CT5AG5GC5CT10GATG8TCGCCG3CG4GTGT3GCGT6GTAT1CG9CG1GC3AGCT1GA1CG1GC3CGCG2AT1CGGCGAAT7GC1-A-G-T-T-T3AC3AGCA4AG1C-TG1CA1CTATTG2AC3G-8GTACCA3TG5CTCT2CGAC2CTCG5GC3GCCACG1TAGA9CG4CG6AGGACT8CAGAAT2AC3GACAGA5GT1AT2GCCT4
vOTU_028	NODE_162_length_6784_cov_11.943231	67.455	550	14391	6784	13	551	3381	3919	1.11e-37	160	371	5GA4G-2G-C-4CG5CG3CGCAGA3CA1GTCG1CTGC1TG15AG1CGGTAT3-C1CA1TATG3G-4ACGTGA3ATTG7GC1GC1GAGT2AG7TACA1AGTG4T-G-T-2AG4-C-A-A4CT10CG5AC2GA5CG4CTCG9GC1AT2TC5GA2TCTC16TCCG3ACCG7CT3CT3TC1C-TG3-ACACG3CAGA5CT2GACA4TCTCCTTG2CA4TC3GAGAAT1GC1GC1TC2AC2CT5GA1CAGAAGTC5TG1TA2CT15CAAC2CACAGCCGAT3CG1CT5GAAGAG1CGCA1GTAT2GACA1GA1GC2GC3GA6CTGC2GC1GAGC3AC1GA2GC1CAGT1ACGC3GCAG2ACCGAT5TG5GTGC5GT2CA2GAGACG2AC2ACCG2TGTC2CT8AG7AG1GCCG7CT4TA4A-G-G-5-T-T-G-G-A-G3CGTC3CA2CG1GCTG8TACTACCG1AC8CA1CGGC4
vOTU_028	NODE_162_length_6784_cov_11.943231	69.588	388	14391	6784	2740	3111	6158	6538	1.19e-24	117	270	4AG1CG8CT5CG4GTGC2C-1TC4-T4TA1AGAG13GCCA1CGGC6GC1TACT1CG1GAAC3TC3-A-A-G4GT1AG1CA1GC3-C-G5-C1AG2GCCAGA7CTAGCG5CT2ACA-G-4-C2CA1TC2-A4GC2CT9AG2GCTGCG2GA2TC1ACGCCAGATC2CG4TACT2GCCAGACG8CTGCAT2-C1CGTA3CG1GCCG2AC4C-2TG1TG2CG1GT7ACGTCGCGGC3GA6CA1GT2CT14AC1TACT6G-1GT4C-4-A-A5GC2ACCAGA1TGTG2-A-A-A2GC4GTA-4GA1-C7GT20GA2TC8GT2
vOTU_028	NODE_218_length_5599_cov_14.053211	69.961	516	14391	5599	4848	5349	600	1101	6.57e-47	190	361	13CG2CT6TC1TCGCA-C-A-T-2TG2CGGT1AG3-A-A-T2AG2AT3AC-C6GA1GCAC1CG5CT5CA2GC2TA10CA3CT2CGTG2ACCTCG3CG8CGGT1CA1GCAG1CT6AG9CTCGAG1GC3CAAGGC5GCCG1GC4GCGCCAGAGT12-T3-A-A-A-C3A-4CGTC2A-C-G-G-8TA1CG5TCGACTGC2CT3ACAGCG1ATTCAT1CG3AT2CG-A3CGGC1CG5C-3CT3AC4CGAC1CG3CA13CGA-1CT2GTATTG1-C3AGCA6GC5CT8CTAGGC1GTCAGT5TG5CT2CT2CT2-T-G6C-G-5CATCGC4TC3CG2GCGC1CG1GA1GC19CG1ATTC4TC6CGTC10CT2CTAG1GC1CG6CG10GAGT2G-3-CAG4CT1AC3CG6GC2AT4GA5
vOTU_028	NODE_218_length_5599_cov_14.053211	65.745	651	14391	5599	6699	7327	2638	3254	9.77e-26	121	428	5CT1CTAG3CAGA3GC8GTTC2CA1GC3AC1CT1GA1-C-T6GT1A-G-A-G-C-3AG1GCCAGA4CACG2GCGA1GC9AC4-C-T-C3GC1CTGC1TG2C-G-C-1GC5GCCGGAGA2AG5CT5GCGAAG1GCGTCG2CA2CT5ACCG1GC8AG5GT2CG8CG12GT1GAGA1GT5TCCGAC3CG11CT2GCGACA1TA1GC4CA1ACCGCGAGTCCG3GC2GA7CT2GCCGAGGC4CT2GC1CGGACT1GTGT1GA1CG5GA1GC3GA1CT9CG2GC5GC4CT1TA1GA1GT2GC2GCCA1GC2AG3GT5G-3-T1TCGA1AC10GC2TACT1CA5GCCG6ATGCCG2CG2CT1ATAGGC1CGGAGC4GA7TG3C-C-T-3G-G-G-C-T-T-3GA1GC1GTAT2C-G-G-2T-C-G-6G-G-C-CA6GA1G-5CT2GACT2-TGC4AC1GAGTCG2TGGC1-A-A-G5CG8TGGC8AC1CG7GC5G-G-C-TA3GC3A-3GC1-G-A-T-C2AC4CT2CA3-G-T-T-C2TG5C-2CG2CTGTGT3TC1-C-G-C3CG2A-1CT1TG2-C6CT5TG1CT10GC3
vOTU_028	NODE_34_length_14446_cov_17.781461	72.830	265	14391	14446	10978	11236	5591	5327	4.73e-36	155	193	8CG2CG2TG9GCAC4GAACTC2GCGA1GC2GC2TCAG10CT3CA2CG1GA5CTCA4GC6GA1GC1AGTG3GTTG1CT3GC3CTGA1GCCGCA2ACTG6CG7CTCT1GC4ACGC2GCGATA1GAAT6GCTG1-C-A-A-C-A-C3CT11GC5CT2TC2GC22AC1CA1TC1AT6TC2AC1CT6GA2GC17TC1GCCG4
vOTU_028	NODE_34_length_14446_cov_17.781461	65.272	789	14391	14446	12036	12799	4425	3654	2.80e-26	123	515	3CT2GC2GC8GC6GTCT1TG1TC4GAGC3GC1GA2TC2-C1TG3GC4G-1GC1CAGT17GC3GT1GC3CG1GCGACA6TC1AT13TAGAGC3GCCT4AC2GTGCCA2CT5G-G-C-G-G-G-3GC2CTGTGT2TAGCGC1CT2CA3-G1TC2GC5-C-T4GT2-G-A-T1GT2-G-A3-C1AC7GCCA4CA1GCGA2GT10GA2GC14CT3GA2GAAC1GTACAC2TC3GTACGT2GC3GA1CA2GCTA2GC1CGGA2GATG3C-ATCG2CG1CTAGTC3GA1GA1AC1-T11GCACTC7CA1GCGCTG2GC7TA2CA1TCGC1AG2CTCTAT3TC2GC2GC5CG2C-A-2CAAGGA5CT1-G-G4GC2CA5TG3GCGAGAATTCGC2GA7GATCCT1GC5GATC1CG2GC3GC4GCGA1GC2TC2CG3GA4TCTCCA3CG2-C-G3GTTC3A-G-5CG2GAATGCCG5AG3GTCT1CATC4CTCACT1ATTC3-CAG3-CGT3A-A-1GC2CT2CTCGGC3GC6CGGCGCGTCAGTGC4GA2G-1TA3GAAC1-T5TGCG1AGCT3CG1AG2GC5TC3GA1GC2CT1AC1GA8A-5-T6GC1GT1GTAGGC4-A-T-G-C-G-C7TAGC6CT8CA2TC2GCGTCTCT2TC2GC1CAGAGCCT2ACGCAGCAGT6GA4CT1CGCTTC2GACA6AGTCGTCG5CT7AC3TG1G-3GT2AG4
vOTU_028	NODE_712_length_1789_cov_15.844291	65.335	776	14391	1789	12036	12785	765	10	8.56e-33	143	507	3CT2GC2GC8GA6GTCT1TG1TC4GAGC2GCGAAGGC5AG5-C2CT1GTTG3G-11TC5GC3GT4TCCG1GCGACA6TC1AT1GA11TAGAGC3GACT1CG1GCAG1GAGTGC3CT5GC1-A4CT-T-T2GTGCGA1GCGT2TAGT1AC4GAACTC-G-C1TC3GC2GTGCGTGACTC-G-G-C-C-2TC1CG2AC7GCCAGAGT2CA1GCGA7CT8GC14CT3GA2GC1CGGAACAT2TC5GCGACGGC3GATC3GCTA1GAGC1CGGA2GATC3CTAGCGGC1CG1CT5GA2GCACCG3GA7GCAT7TC3GCTACG1GCCT6TACGGCCA2GC1AG3CT7GC8CG2C-A-2CA6-G-TCT1TG7CT5TG3GCGA1ATTCGA9CT1TGCT1GC5GATC1CG2GC3GC4GT2GC2TC2CT3GA4TCTCCA3CG3CG1GC3CTATGC5CA2GAATGCCG2CG6GCCACGCG4GCCTCA1TC1TC3-CAG3-TGT3A-A-7CTCGGCGC2GC3C-G-C-6-T-A-TGC1GC5G-G-T-G-C-T-4CT2-C-T-G3-T-G-G1AGCT1AC1CG1AG8TC5GC2CG1ACCT5TC1GC1AGGCGT6CG1GCGA1GT1GTAC2GC2-C-T-G-C-G-C7TAGC22GTCT7GCCA3GC1-GAC3G-GA5GT1CG4CG1TC2GACA6AGTCGTCG13AC3
vOTU_028	NODE_712_length_1789_cov_15.844291	77.419	93	14391	1789	11134	11226	1760	1668	1.27e-11	74.3	72	2CG11GCACCTGT8GC9GA1TC2GT3CT2GAAC1CG1TC1AT6TC2AG1CT10ATGC7GA5
vOTU_028	NODE_18_length_18031_cov_14.452603	66.441	590	14391	18031	11986	12561	8316	8888	1.55e-29	132	392	2TG6GT1CG2-T4C-1GC2GC3GC4AGCG3AGCGGATC4CA1GTTGCG6GA1CG9GC2AG2CTGTCT1TG1TC4GAGC4AGGC5AGTA4G-A-2GA4GT-A-T17GT3GT4T-C-1GA2-A-A6TC1AT1GA11TAGAGC3GACT4AG2GTGC9GC1CAGC1GCCGGTATGT1GA1GCGA1GC1GC2CT2CG1ACTG2C-T-G-G-A-A-2GC3GC2-G-A-T1GT2-G-A3GC1-C7GCCAGAGT1GCCA1GCGA19CT11CT3GA2G-AC3-CAC2TC5GCGACGGC3GATC3GCTA2GC1CGGA2GATC3CTAGCGGC2CTCT1TCGA2GA1GAGCACCA12AT11GCTACA2CT6TACGGCCA1TCGC1AG3CT7GC4GC3CG2C-A-2CA1GA4-T-T1CGTC1CA2GA2CG5TA3GCGA1ATTCGC5GCAT2CT1TGCT1GC5GATC1CG2GC3GC1GC2GC12GA4TCTCCA3CG2TCCG4TCCT1GC2CT2CG3ATGCCG5AG2C-G-C-4CA8
vOTU_028	NODE_18_length_18031_cov_14.452603	72.685	216	14391	18031	11017	11226	7248	7463	2.30e-27	125	157	5TC15CA1GA9CA4GC6GA1GC1AGTG3GTTG1CT3GC3CAGTGC1CGCA2AT7CG8CT1GC4ACGA2GCGATG1GAAT8-C-C-A-G-C-A1GT2CG8CA2GTACCT12GC6GAACTC2GA2GC3GAAC1CG1TC1AT6TC2AGCACTGC9ATGC13
vOTU_028	NODE_275_length_4598_cov_30.572749	64.777	741	14391	4598	12079	12799	4589	3864	1.89e-28	129	480	11GCAGCAGT4CAGT11TC5GC3GT1GC3CG1GCGACA6TC1AT1GA11TAGAGC3GACT3GA2GCGTGC3CT4G-G-G-C-G-G-4GC2CGGTGT2TA1GC1CT6CGTC1TGGC1ACAT2GCGC5-G-A-T-C-T-A3TC1CG2AC7GCCAGAGT2CA1GCGA4GC2CT14CT8CT3GAGA1G-A-1GC2-C-C8GCGACGGC3GATC4TA2GT1CGGA2GATC3CTAGCGGC1CG1CT5GA2GCACCA8CT3AT11GCTACG1GCCT6TACGGCCA2GC1AG2CTCTAT3TC2GT2GC5CG2C-A-2CA1GA3-G-T2CA2CT2GA2CT9GCGAGAATTC3GA2GC3CT1TGCT1GC5GA2CG2GC3GC4GT2GC2TC2CT3GA4TCTCCA6TCCG4TCCTATGC2CT2CG3ATGCCG2CG6GCCACGCG4GTCTCA1TC1TC2G-A-1GC1GC3-T-GAGAC1GC5CTCGGC3GC6CGGCGCGTCAGCGC1GC2GA2G-GATAGC3AT1-TGT4TGCG1AGCT3CG1AC2GCAC4TC5GC2CGGAAC3CT2TCGA2AGGCGC6CG1GCGA1GC1GTAG2GAGA2-T-G-C-G-C-G6TAGC22GTCT7GCCAGA2GA1-GAC3G-GA5GT1CG4CGCGTC2GACA6AGTCGTCT13AC3T-1GA3GT2AG4
vOTU_028	NODE_277_length_4590_cov_16.881367	66.229	533	14391	4590	11986	12506	4061	4581	6.58e-28	127	353	2TG8CG2-C4C-1GC2GC3GC4AG2GA1AG1GATCCG3CA1GCTGCG3CT4CG16GTCT1TG1TC4GAGT4AGGC2TC2AG6AGCAGT4CAGT8CT8GC3GT1GC3CG2GACA6TC1AT1GA10CTTAGAGC3GACT4AG1GCGTGC8G-G-G-C-G-G-4G-G-G-4GT1GT3-C-A-T6CGTC1TGGC1ACAT2GCGC2GC2-G-A-T-C-T-A3TC1CG2AC7GCCAGAGT2CA1GCGA2GA1GC2CT14CG12G-GT1GCAC3-CAC2TC5GCGACGGC3GATC4TA2GC1CAGA2GATC4AGCGGC1CG1CT5GA2GCACCG3GA8AT8CT2GCTACG1GCCT6TCCAGACA1TCGC1AG2CTCTAT3TC2GC8CG3A-1GACA2-T1CGGT3TG1CA2GA2CT3GA1TA3GCGAGAATTC3GA2GTAC2CT1TGCT1GC5GATC1CG2GC3GC4GT2GC2TC2CT3GA4
vOTU_028	NODE_277_length_4590_cov_16.881367	72.093	215	14391	4590	11017	11225	2993	3207	3.41e-25	119	155	5TC15CAAGGT14GC6GA1GC1AGTG3GTTG1CT2CTGC5GAGTCGCA2ACTG2GA2GC2CG5CGCT1GC4ACGC2GCGATA1GAAT3GC2GCTA1GC-A-G-C-A-C-C2CG11GCACCTGT18GA11GAAC1CG1TC1AT6TC2AC1CT6GA2GC9GA4
vOTU_028	NODE_885_length_1437_cov_15.091172	72.222	216	14391	1437	11017	11226	231	446	9.77e-26	121	156	5TC8CG6CAAGGT14GC2CG2GCGA1GC1AGTG3GTTG1CT2CTGC5GAGTCGCA2AC3GA2GC8CGCT1GC4AC3GCGATA1GAAT6GTTA1GC-A-G-C-A-C-C2CG8CT2GCACCTGT8GC9GA11GAAC1CG3AT6TC2AG1CT3GC6ATGC13
vOTU_028	NODE_20841_length_225_cov_1.929412	71.983	232	14391	225	9281	9509	1	223	4.15e-24	114	167	6CT2ACAG4TC5CT9GC6AT5ACAGGC2GC5GC1AG3TG1ATAG1CAT-C-T-G-1CA2CA4G-C-3TC-A-C-G4TAGT1AT4GA2A-C-5AGA-2CGGATC5GCCGGACG9CGAGACCG6AC4TG8GT3GCAT6TC5CG2TC8TCGA15TCCG2CG5GA2CT4GACG5
vOTU_028	NODE_33_length_14483_cov_13.908719	69.732	261	14391	14483	10975	11228	6880	7139	1.77e-22	109	182	2TC8CG2CG2TC15GAACTC2GCGA1GT2GACA1TGAG1CG12CA1GA9CA4GT1GA4GA3AGTG3GTTG1CT3G-3CG1GAGA1CG-A2ACTG2GAAT1GC5TC2CGCT1GC3GTAC3GCGATA1GAAT3GC3TG1GC-A-A-C-A-C-C2CT11GC2GC8GC2GC8TA3GACAGC2GCGAAG1CG1TC1AT6TC2AC1CT7CA1GC5CT5CG5
vOTU_028	NODE_33_length_14483_cov_13.908719	65.344	479	14391	14483	12037	12506	8056	8525	9.15e-20	101	313	2CT5GC15GTCT1TG1TC4GAGT2GT1ACGC2TC2AC6AGCAGC2GC1CTGC11TC5GC3GT1GT2TCCG1GCGACA4GA1TC1AT1GA10CTTAGAGC3GACT4AC2GTGC3CT5GC1-A4CTGTAC1GAGT1GAG-2TCGT7ACTG2C-T-G-G-A-A-2GC3GT2CG-A-T-T-T-A-T2TC1CG3CG6GCCAGAGT1GCCA1GCGA2GA1GC8GA2GC5CT8CT3GA3AC1GCATAT5CAGAACGCGA5GATA3GCTA2GC1CGGA2GATC3CTAGCGGT2CTCGACTG1GC1GA1GAGCACCA5GC5GCAT11GCTG2GCCG6TCCAGACA1TCGC1AG3CTAT3TC2GC12A-G-1CAAGGA5-A1TG1-ACG5CA5TG3GCGA1ATTCGC9CT1TGCT1GT2CG2GATC1CG6GC5GA1GT9GA4
vOTU_028	NODE_427_length_3030_cov_15.183193	69.907	216	14391	3030	11017	11226	1824	2039	3.19e-19	98.7	151	5TC8CG6CAAGGT14GC2CG2GCGA1GC1AGTG3GTTG1CT2CTGC5GAGTCGCA2ACTG2GA2GC8CGCT1GC4AC3GCGATA1GAAT3GC1CA1TA1GC-A-G-C-A-C-C2CG11GCACCTGT18GA1TC2GT6GAAC1CG3ATCT5TC2AG1CT6GA3ATGCCG8CG3
vOTU_028	NODE_427_length_3030_cov_15.183193	70.414	169	14391	3030	10208	10376	988	1153	2.99e-13	78.8	119	9AC1C-G-G-2GC2CACGGC12CG2TC2TC1GAGCCG7GCTACGGC3ACAGGC2CG1ATGT2GCGTCGGC2CT2TC2GT2GT4TCTG6CG1TC8GT1CT3CG3CA1GC6GA1AG3GA1TC5CG5CT1CG3CT4CG9
vOTU_028	NODE_427_length_3030_cov_15.183193	67.025	279	14391	3030	11437	11713	2250	2523	1.27e-11	73.4	187	5TC8CG1GCCG18AC1AC2CG3CAAG3TCCAGC4ACAGGC2GCGAGACG2GC4GTGTCGGC2AC6GC4CT5AT1A-C-C-8CG1CAAT2TCCG3GCCG5GC1AC5ACTGTG4-CTATG1GC1CA1C-ATTC2GC2TCGACA5CT6CT2GC6TG1GC2CTGTATGCATGCCG2AG1GT6GCGA1GCGCCACG3CA1GC5-G1AGAC3GA2GC1A-3CG2CACT11GC1CGTA1CG8AGGC6
vOTU_028	NODE_616_length_2077_cov_11.183976	65.885	384	14391	2077	10855	11222	1321	942	7.03e-15	85.1	253	2GT2CT2TC4CT3TG3AG1AG15GT2GA6TA6GACGGTGTAGATCG2-G3AT1A-3CT2GC6AGCG1GAGC3GA1GAAG-C-C4TA1GC2AC3-T-T-T-T8CG1GC2TCTA1CG2CG2CG2CA5CT1ACAG5GA2CAGAACTG1GC5GA3TG2CT5CG2CT2CGC-A-1CT3-G-C-T2GCAG2TCGA2GA1GT1GTTGGAGA1GC1AGT-2CG2GTCT3GCCG4GAGCCGCAGA1ATTG3ACCT3CA2TC2CGCATAGA11GC7CT1TG-G-C-A-A-G-G1GA2CG11GCAGCTGT12TA18ACCGCG1TG1ATCT5TC2AGCACTGT8GTATGCCG8
vOTU_028	NODE_2897_length_501_cov_4.919283	68.056	216	14391	501	11017	11226	231	446	8.57e-14	80.6	147	5TC11CT3CAAGGT14GC2CG2GCGA1GC1AGTG3GTTG1CT2CTGC3CAGTGCGCCGCA2AGTG2GA2GCCG1CG5CGCT1GC4ACGA2GCGATA1GAAT3GC2GCTA1GC-A-G-C-A-C-C2CG8CT2GCACCTGC18GA11GAAC1CG1TC1AT6TC2AG1CT6GA2GAATGCCG12
vOTU_032	NODE_18_length_18031_cov_14.452603	67.414	669	12646	18031	2422	3074	8845	8184	7.04e-46	187	451	2GC10CTCG2CGTCTG3GC2CG2CG1CG3CG4AG3CG10TACG6CGTA1CTCG3CT8AT2CT4TA3AGTC1GTCTGC3TC2CG5CG2GA1CTAG1GA4CGAGAG1GT10-C-C4GAAG2G-T-10AGTA1GC5CT2CT1CTCG1CTAG14AG2GC4ATAG2CGAGGT3CGGC1TGATGCTG7CTGCTGCGAG5GA2AGTA16CG8CG1CTAG3CGGAATGTCG2AG3AGTGCTCGAC1CG2GA3-ACT1AG1TGCGAG1-G3TG1C-A-8CGCA1AG2CGCT1CAGATA1CG15CA2GC6AG2AG8CG2CG1CTCGGACAAG4-T-G1CT2CT1GT1G-A-2CA3CA2TC10-G4GT1-G2TA1TCTG1-C-C-G-TGC6GC2-G-G-G4AG3CGGA8CGTA6GCGC1GT2AG3GCTCCA1GT9GCAG6CG2CTAGCG1CG5CA2ACCGTA10ATCT3CG3TG4GAAGACCG3AT2CG2TGTCCGCG1CG2CG1CT3CG1CTATTG1CG8AGCAGC3CT5GT5GC1CGCG1GACG2AG5GC2CG2GT3T-3-G1GAGC1AG2CGCTCGCA11CG1CT3
vOTU_032	NODE_162_length_6784_cov_11.943231	72.500	360	12646	6784	11657	12009	5629	5271	8.57e-45	184	261	8GC1TACA1GC3ACTA1GC2CACA1CG1GA12TC2GCGTCGGAATGA6GA2TG3TGTCGA2GC5TA7GT6GC8AG2GA2CA2CG1GTCG2GA2AC2CG2TC5AC2AC1TC5CT2C-1AC5-C8GA1GTTG5TG1GA1GC1GC2GC1TG11GACG2GC5GC11TC12GCCGGC5GCGTAG1ATAG3CGTG4GC1GT4CT2TATCGC5CG2GAAT8TGCA6-T-T2-GTATC2GC3-T2CG3-C-GGCAG6CA1GT6AG2TC2TC5CA8GC1GA9
vOTU_032	NODE_218_length_5599_cov_14.053211	67.978	534	12646	5599	9457	9985	1101	573	5.41e-41	170	363	5CT4GA9AC3TG2TA5GCCT2TCGACT7AC8CGGC1CG1TC8AG5AG7CGTCGCCGTA18GC1TG2CG1CT2TG4GC3AG1AG2CGAGGT3AG4GTCGTGTCGA2GA5GA2CG2GC4A-3CA1AGGCTA3-G4GA2AG1TC15CAT-C-G-1CT3TCTA1-C-G2-T7GC1AG3GC3TGTGGCCT1GATC6TCGC1CGTCGC2GTGC1TGGA6AGTA1ACTCTGGC2GA3GACTAG5GC1GT8GCCG2GA2CGT-2AGCGCT2GT2-A8GCCGCA1GACT4AG2CGTGGCCG2GA2AG1CT3CG1TC2AGAC14GA1TCCG1GT6GCCGTCGC5GCCATG5GCCA1GACGGT1AG8GT2AG1TAGT2GC1TC3CG2GC5CG6CG5CATC2CACT1CGGC5AC1ACAC1TGCGGTCG2TC2AG3GC13TC1GA4GA2GA2GC1TCCG1CTAG7
vOTU_032	NODE_218_length_5599_cov_14.053211	74.390	164	12646	5599	6443	6602	4100	3938	2.80e-19	98.7	122	6GA3CG3CT-T-T-G3GC2GC5TG8CA2GA4AC3CT20CT13GACA3A-TC4TGGCGC2-G6GA2AGTCAT1CG1CG5CG1CTAC1TC3GC2TG2TC1TGGC5AC1CGGCGA6CG4
vOTU_032	NODE_218_length_5599_cov_14.053211	72.340	141	12646	5599	7163	7303	3254	3114	2.63e-13	79.7	102	3AG11TC6CA3AGTC1TG4GATG2ACAG2CG4CTCG2CA1CA3TC2GCCG2GTACAG8GCGA3AGCGCT1CG1CT3ACTGCAGC2CG1CT2GC4CGGC2TC9CG20
vOTU_032	NODE_218_length_5599_cov_14.053211	65.421	321	12646	5599	7539	7858	2957	2638	3.90e-11	72.5	210	5GA15GATCCG2AG4CTAC2CG1GT5AC3CACA1GA1TC1CG1AC1TCGCGTTC4GC7CG1GT1GTCGCG2GCAGTC1TC2GT4CG1ATCGGTCTAGCG4CGTCTGGA8GC2CG2GCCGTATA1CTCT5GCCGGA2TG6GCCG1GC5CA4AGTC2CG5CG1GCCG5GA6TA2TCCTCG3GATC3GC2GCCG1CTGT1CG2AG5C-GA1CTAG1CT2CG2-ACG1TC6TC5CG1CTCG3ATACAG2GTCTTG5ACCA2ACCG2TA4GA5CG1AT3CA1TG9AGCT1CT3GA7
vOTU_032	NODE_712_length_1789_cov_15.844291	66.261	658	12646	1789	2404	3042	269	915	2.62e-32	141	436	4C-4CACA3AG1TC3GC10CTCG2CATCTGAG5CA4CG3CG4AG3CG17GTCGTA1CTCG9CA2AC2C-4TA3-C-GACTC1GT1G-3TC2CGGC4CG2GA1CTAG1GA4CGAG2GT10TGTCGCCT1AC1TG9CG2AGTA1GC1CT8CTCG5AGGC10AG2GC2CT1ATAG2CGAGGT3CGGC1TGATGCTG5GA1CTGC1CGAG5GA2AGTA7AG2CG5CG2GA5CG1CTAG2G-3-TGTCG2AG3AGTG2AC1CG2GA3C-C-1CT1-G2-G-G-GCG1CGAG1C-C-AG2CG5CGCA1AG2CACT1CAGATA12GA4CACT1GCCG1GC3AG2AG8CG2CG1CTCGGACAAG5C-1CTCT4-TAC2CA3CG2TC2AG8AG4AC1TATCTA3-C-C-C-G-A-C5-G-C-T2CGCG4AG3CGGA1AG2CT2GTCGTA16GCTCCG1GT3GC2CG2GTAGCG3GA1CGGA1CTAGCG1CG5CG2ACCGTC10ATCT6CGTGCTGA2GAAGAC4AT1GTCG2-G-A1TG1CA4CT1C-G-2CG1CTACTG7CA2AGCAGT15GC1CGCG1GACG8GC2CG2GT3
vOTU_032	NODE_511_length_2469_cov_11.345070	69.577	378	12646	2469	2422	2792	400	33	1.66e-28	130	263	7GC3GC8AG2GC1CG3CG2GA2CG2CAAT4CG2GA14GCCGTA1CTCGCT8CG2AC6GATCAGCG1AGTGTC6T-7-AGTCT2GC2AG2-A-T2GT3A-T-1GCCGTA6AGTC1GTCTGTAC1TGGA6ATATCG5GA5CA5CA8GC2AG5AG2GC3GTATAG3AC6TCTC1-A-C1TC2-CGC4C-1TCCG1C-T-1GT14AT1CG5CG2GC5CG1CT4CGGCACGTCT2AGAG2AG5CG1CT3G-C-CT2TCCG4A-T-4-C7CGCGGC3CGCGCTCAGTTCCG2GA8GA14AG2AG8CT2
vOTU_032	NODE_616_length_2077_cov_11.183976	72.273	220	12646	2077	2870	3087	1	218	1.05e-24	117	159	5CGTA6GT2GC15-C-A4CG1AC3CA2C-G-1CTAGCT10ATCGTC6CTGTCG1ACCGCT1GA4TG1GC2GCAGAC6GA4TCCG5CA5CG1CTAC1TGCGGC3GCCG2AC5CT12ACCACG1GA6GC2GC2CA6TA2AG2GC5CGCT3AG8CG1CTCG1TA1TC11
vOTU_032	NODE_616_length_2077_cov_11.183976	66.292	445	12646	2077	3084	3510	280	710	5.07e-16	88.7	295	3CT4CA3CA1-G1TCAG6GCCG3GT1CT5GCCG1CA1ATCT2AG4G-2AC1-G2AC8TC5TCGT1ACT-1AC2AGCT-G10CG5CT2ACTAAG1GA1TC1CG3CA2GACT2-G-C-C4CTACTC1TG2GA2TA1CA2GACG5CG2AC3GAGA1ATCG8TG3CG1GACG2AG2AG1TA1GA5-T2A-A-4ACCAGC2CTC-3AGAG3-T-T6CT2TCGT1CG1GT5ACCA7ACTC5AT9GA1GC1GA2CGGC2AG2ACT-G-G-A-A-G-G-4CGA-C-10CG1ATCG-C-C-T3TC1AC1CG2CA2GCAC3TC1-G-C-C1AG1TCCA3GC-A-T-C2TC3AC1AG2GCCA4TC3GTCG3AG3CTGTCG4CG10GTAGTC5AG8AG11GC1CACA10CA4
vOTU_032	NODE_616_length_2077_cov_11.183976	73.239	142	12646	2077	4566	4707	1826	1967	1.77e-15	86.0	104	3CG1GC5TCAC5GC2TC2CGTG4AGTC1CA1GC3CG5CA14CG5GA5GCCGAT4AG5ACCGAC1GC2AC9CTCAGC6AC5CG1ATACAC1CAGCCT7GT1CG6
vOTU_032	NODE_33_length_14483_cov_13.908719	64.435	672	12646	14483	2422	3074	8534	7873	4.44e-23	112	433	2GC10CTCG2CGTCTG3GA1CT5CG8AG6GA15CGTA1CTCG9CT2AC3GT4AG2AGTC1GCCTGCCG2TG2CGGC4CG4CTAGTAGA4CGAGAG1GTGTCTTG6ACTGTC3AC1TGGA8CG2AGTA7CT2CT1CTCGCG1ACTGAC3GA8AG2GC4ATAG2CGATGT6TGAGGT3GA2GAGACG1TG1AG5GA2AGTA4GA2AG2CG2CT2CG5CG1CTCG1CTAG3CGGAATGTCG2AG3AC3AC1CG2GA2G-C-C-1CA2AG1-A-G-G-C-G3TG1C-A-2CG2AG2CACGGCAG2CACT1CGGATA12GA4CA9AG2AG2GA5CG2CG1CTCGGACAAG1CT3C-1CTCT4AT1-A1CA3CG2TC2AG8AG5CGTATCTG2-C-C-C-C-G-A3AG5-A-G-GCA4AG3CGGA1AG2CT2GCCGTA9GC5GAGCTCCA1GT3GC1TG3GAAG1CG4CG2CTACCG1CG5CA2ATCGTC3CG2CGGCCT1ATCTCG1GA3-GCG2GAAC2AC1C-3AT1-G-G-T4TG1CG4CA1C-C-G-2CA1CTAGTG1CG5CA2AGCG4CT11GC1CGCG1GACG11CG2GT3TGGCCTATCT1GC4CACTCG6AG5CG1CT3
vOTU_032	NODE_33_length_14483_cov_13.908719	78.261	115	12646	14483	2145	2258	8829	8716	5.07e-16	88.7	90	2CA2TC1CG13GA8GA5-C3G-2ACTCGAAG3AGCGCG7CT6CA6TA1CTGT1CG2AG2CAGACA12CG14
vOTU_032	NODE_275_length_4598_cov_30.572749	67.810	379	12646	4598	2422	2792	4153	4523	6.60e-21	104	257	13CTCG2CATCTGAG5CA4CG3CG8CG11CG2CT2GCCGTACTCTCG3CA5CA2AT2CA1GACT1TC3AGTC1GTCTGC3T-6-G2CA4CTAGTAGAGA3CGAG2GT10TGTCGCCT1AC1TGGA12TA1GC5CT4CTCG5AGGC10AG2GC1GA2ATAC2CGAGGT2-G2GTTG1AC1-C-G-A5CT2C-2C-A-C-4GA2AGTA4GA2AG8CG2GA2CG2CG1CTAG2G-3-TGTCG2AG3AGTG2AC1CG6-A-T1CGAC1TGCGAGCG3TG1C-A-2CG5CGCGGC4CT1CGGATA12GA4CACG1GTCT5AG2AG8CG2
vOTU_032	NODE_20841_length_225_cov_1.929412	71.751	177	12646	225	5669	5845	196	23	1.19e-17	93.3	127	4GT3AG2GC2AG8CG6AGCTAG7AGAG2CA13CG3GC5TCGC8TC1ACAG1AC1AGACCG5ACCGGC3GA1GC2AGCA1GA2CG1TC2CTCGCA2CG4CG2A-C-G-10GCACAG5CG8GCCGTAGT5CG3AG5
vOTU_032	NODE_34_length_14446_cov_17.781461	63.021	960	12646	14446	2155	3074	3658	4607	2.16e-14	82.4	605	20GA2-G5TCG-2ACTCGAAG3AGCGCA7CT6CA6TA1CTGT1CG2AG2CAGACACG2AG2GT21-G-C-G-G-C-G-C-A-T-T-CTC1AGTC1AC2CG1TA2TAGT2AGTG2AG2-A-T-A-G3TG3-A-G-ACT3AG2AG3CG3GCCA2G-A-GA2ACGC2AT2CATG1ATTA1-C-T3CTCTGC3CAGTCACGTGGCCG9AGGCCAGTGCGA2CGGC2GCTA3CG5AG9CGGTCGCACA2CT5CAACCGTACT2GC1CG4CACAAG2AG1TCAG2GC10CTCG3TCTGAG4CTCG4CG3CG4AG3CG5CGCTAG6CT3CGTACTCTCG9CT2AG2CG1GC1GATAAG2AGTC1GCCTGC3T-6-G2CG4CTAGTAGAGA3CGAGAG1GTGCCG7AGTGTC3AG2GA6AGAGCG2AGTA1GC5CA4CTCTCG1ACTGAC3GC6GC1AG2GC4ATAG2CT1GT3CG1TCTAAGGATG7CA1TGCTAG5GA2AGTA7AG2CG2CT2CG7CACG1CTAG2-C2GCAT1C-2AG3AGTG1CGAC1CG2GA2-G-A-T-C2CAAGCGTC2CG2AT2CG2C-CG5CTCGGC3CGCT1CGGATACA11GA2GT1CA8TGAG2AG8CG2CG2CGGACAAG5C-1CTCT3GAAT1-G1CA3CG2TC10-G4GT1-G2TG1TCTG1-C-G-C-T3AG2-T-T-GGC1CGCG4AG3CGGA1AG2CT3CGTA16GCTCCG1GT6CG2GAAG6CG2CTAG1CTCG1GT3CG2AGCGTC3CG2CG1CT1ATCTCG1GACG2CGTGCTGA3AGACCG3AT2CG2T-T-C-1CTCG2CG1CT1-G-A-T2CG1CTAGTG1CG5CG2AGCG9AT6GC1CGCG1GACG8GC2CA2GC2CATGGC1AG2GC4CGCTCG6AG11
vOTU_032	NODE_885_length_1437_cov_15.091172	67.286	269	12646	1437	3103	3356	1072	807	1.12e-11	74.3	181	15AGCG1CG1CG1AT1CTGTAG2GCGAGC6AC2CGTAGACA2TC1GC3TA2ACTGGA3AGCG19ACTAAGCG2TG6TC2-A-T3-G-G4-A-T-T-G-T-C-G-GCA3TC4CTTC1CG4CA1AG2CG2AG1CG6AG8GC1TGCG1GA6AG1TA6-T3A-1TGGC2AG7G-C-ATAG4GC1-T-GAG5TCGTCG2GC3CA2CGGACA5ACTA5AG2GA6GA1GC3CTCT6
vOTU_039	NODE_1621_length_765_cov_5.685915	86.076	79	10738	765	8096	8174	652	574	1.01e-17	94.2	68	5GA7CAAG5TC6GC5TA2CG11GC2AT5AG4GA16
vOTU_047	NODE_16756_length_239_cov_2.836957	69.469	226	9348	239	8719	8936	221	1	6.77e-13	77.9	157	11TG5AC2ACGCCACT1GC2CT3AG1GCTGAG1TG4-A-G2CG1GT1CGGC1AG2-C10CGGCCTCG8CG3AGTGGA5CG2GA2TG2GC1CT5T-2GT2-A-T5A-1TGGT4CG2GC2CA1GC3TC2-C-A-ATG6AGAGGTAG2A-C-G-5GC10AC3TC1TCGC2AC2CG5CG7CGGC1AC6GA8
vOTU_048	NODE_162_length_6784_cov_11.943231	66.396	738	9323	6784	2102	2818	5057	5776	1.14e-41	172	490	6GC6GC1AG9CGGC2GACT8CG1AT5GAGT2GC2TCTA4CG1A-C-G-G-A-C-5ACTG4-C5-T-T-C-G2GACT3AG1CA1AGC-5GCA-5GA1GCA-3ACGA1TACTATAC2TAGCTC3-C5ACCACG6TC4CT2CTCT1GT6CA2GC4CG5CGTG1CG2CGAG1CG5CG2CT1ATTA3TG1GCGTGC1GCCGCT3ATACCG9CT1CG8GT9TACGGC2AG3CA1GT6GC4CGATAC6AGGC2CTGC2-A-A-C5GT1CG2GT4TACT1-A-C1TG2-T1CG3GAGC1CA2CT1CGT-C-2C-1AC2CA1TC2TCCA4AG2GCCGGC2CT2AC8CGCA7CG2AG2CG3CT17AG1CGCT1GC2CG2GCGACGGT8CG2C-A-2GACG1GA1GA-C-C2AGCG1TG2AG8AC2AG2CT2ACTA1GC2CT2CT12CAAT1TC2CA7CT2CG2AG2CT2GC5CT10GACG8TCGCTGCG2TG4GTGT3GCGTAG5GTAT1CG3TC4ACAGAGGC3AGCT1GA3GC4CG2AT1AGGCGAAT9C-C-C-A-4-T-C-A-G6-G-G-CTG3CGGACGAT1CGGCAGAC2GC8CTACCACG5CG2CT3CGAC2CTTG9GCCACG1TAGA3AG5CG4AG5CGAGGACT8
vOTU_048	NODE_162_length_6784_cov_11.943231	64.987	397	9323	6784	729	1119	3513	3906	5.54e-14	80.6	258	4TC7GA3AC2GACG5TCTACG1CT3CT5TGGC1GT8GA2TCTC4TG11TCCG1CT1GC8CT6A-T-TG3T-2-G-A-ACG4GA4CGCT2GACA4TCTCCTTG2CAGC7GAGACT1AC1GC1TC2AC2CT4ACGA1CAGAAGTC2CG4TA1AG16GAACGA1CACATCTG2CG3CT1TC5AG2CA1GTAT1CGGACAGCGA1GC2GCGTGC4AG1CGCA1GC2GC1GAGC5GA2GC1CAGT5TCGCCG1AGTCCGAT5TG4GCGTGC3TC3AGCA2GAGACG1CGAC1TG2CG1TGTC2CT3AGAGGC10AG1GCCG7GT1CG2GA6AC2CT1CG2TG2CT2-G-G-ACA2CG1GC7TA1GA1TC6
vOTU_048	NODE_218_length_5599_cov_14.053211	67.701	548	9323	5599	4341	4882	570	1111	8.78e-37	157	371	2TG4CG3GA2AGACCG2CT2CT3GA1GCAG10AG2CG2CT6TC1TCAC2AG1CG6GC1CAGT1CG1CTGCGTCG2TC7CA1GCGC1CG8CG2GA2GC2CA1TCTG5TC1GAGC3CG2AG1CGACCTCG1CACTCG1CGTG1CG2CTAGAT1CA1GCCG1GT2TC1GT1AG5AG3CTCGAG1GC3CAAGGC2CT2TCCG1GC4GCGCCAGACT12CTGCCG2GA2GC1TC1TGCGGTAG10AGTA1CG5TCTA1GC2CT2CGACAGCG1AT1AT1AG6CG-A3CGGC1CG3TG1CGC-6AC5AC1CG3CA13CGA-1CT2GTATTG1-C3AGCA6GC3GA1CT8CTA-1TC2GA1-G2GA4GC2CT2CT5-T-G6C-G-5CATCGC4TC3TG2GCGC3GAGCGC13AC2TC4ATTC11CGTC10CT2CTAG1GC1CG3AG5CG2AC4GACT2G-3-CAG4CT1AC13CT4GA5TG3AGGC4
vOTU_048	NODE_218_length_5599_cov_14.053211	65.448	547	9323	5599	5989	6520	2627	3153	3.99e-22	108	358	5-A3AG6GT1CT4CAGA10AC1CT3CA1TC3AC1CT1GA1-C-T5C-G-G-C-A-2CG1CG1AG1GCTATA3AGCACG2GCGA7CG3AC4GCCTGC1ACCG4TACGGTCT1GC6AG7CG2CT1CT4GAAGTCGCGTCG2CA2CT1TC3ACCG1AC8AG5GTTG1CG8CG12GT1GAGA1GT5GCCGAC15CT2TCGACAGCTA1GC2TC1CA1GCCG1AGTCCG3GC2GACT6C-G-C-C-C-AT1AG5CA1AGCT2TC2-A-T-T-T-T1GA1CG5GA1GC3GA1CT6AGCT1CG2GC5GC6TA1GA1GT5TCCA1GC2AG2CTGT1GC2C-4-T2GA1GC8CG1GC2TA2CAGCAC3GCCG5GCATGCCG2CG2CT1ATAGAC1TG1GCCG2CTGAGCAG3AC7A-G-T-6GCGC1A-1TA2-CAG2TC2GA1CTTG3GACT8CAGT2G-G-C-GTGC4G-A-1GCTA4-G-C-C-A-ATG24AC1CG3AG9
vOTU_048	NODE_20841_length_225_cov_1.929412	70.233	215	9323	225	7807	8021	8	216	7.21e-19	96.9	151	8ACTG3CGGT6CG3TG1CG2GA8GCAG7GCAGAG6TG1CA1CA1ACTA4ACATGT1GA1C-T-G-1AGGT2TAGT6G-C-A-1CT3AGACTG7TC1CGAG1TG1CGGC2TG2AG1CG1AG4TG3GCTC1CG3ACTG2AG2CT4AT6TC5CG2GC8TCGA14GATC6CG5CT4
vOTU_048	NODE_22509_length_220_cov_1.163636	76.923	104	9323	220	1162	1265	132	29	5.54e-14	80.6	80	9CG1GC12CG6TG3AGTG14GCAG1CG7CTGC2AG2GCCATG2GA2AG1GA1CA4ATTC2GC5GC4TG2
vOTU_051	NODE_2103_length_622_cov_2.987654	71.311	244	8783	622	5173	5416	354	111	1.40e-27	125	174	3CA5GA2CG2ACCA4GTGAGC13TGCT6CT1GT2GA6GC5CT5TG2GCCA1CT2GT3AGCTAG1AC1CTCA3CT1GC1TGTA1CG1GT2GC1TC1GTGTGA2GC2AGTCCAGC3CT1GT2CA2CG4CT3GA5AT2CG2TC2GC5CT2GA5ACGATC6GACGTGCT5GC4TAGA24ACTA1CG1CG5GT2AG9
vOTU_053	NODE_81_length_9764_cov_18.981975	67.454	762	8224	9764	3573	4315	2053	2774	3.51e-41	170	514	6GC1AC18AG5GA2GA5CT5GCCAAC1TA10GC1TG10AG3TG6TA2CGCAACGC5TC3TC1GC2CAGTGA3GCGCTGGCGT2GACACA5CGCTAGAC5CG6TG1AC3AC1CG1GTGCATTC2CTGA7CACATG1GC1C-A-2G-1TGCA2TC2AG5C-1CA1CACT1CT-T-T1AGTC2-T6GC-A-C3T-C-G-C-3CT2GCATCT6C-2CG2AC2GC2-T3CG4GTC-C-2CACG1C-C-C-C-2CACT2CT1G-C-G-C-A-C-G-G-C-11CG6GA1CA5TC2GCGTC-6GC2GC2AG5GC1TCCGA-T-9CG8GA3G-A-G-2CG3TA2AC2CT-C-A-A4GC2GA2CG1AT6GA2CGTC2CACAC-3-G5CGCGGAGA2AT2GCGT2TC1TG5CT1A-4-A2CACT-A3CT1GC1-T-C6GCTG7CT2-C3GA1T-3CTGA5GCCG1CAGT10GCGCCT2G-A-1GC5G-7GC5CA1TAG-T-2T-1GC1AG1CAGT3-C-G-T3GA2GCGTTC4ATTACA3GC4GC3TA4ACTC4AC1CTGA1CACG1T-2GT1AG1-T6AG2GC1AC6CG2GA2GC2GCTC4GC6GA6CTCGTG7TC3AGCG6AGTG1TC2TG4CGGC1GA12GC11GA5GC4GCGC2CA2TC5CT5
vOTU_053	NODE_123_length_7968_cov_10.013269	68.220	472	8224	7968	3858	4322	3407	2946	3.75e-28	128	322	12CG2CA2CTGA1CA2CG2TC2GCGTC-6GC2GC2AT5GC1TCCGA-T-3GT4TGCG8GA2GC3TGTCCG1GT3GTAT1GA1GACA2GC2GA3GTAT3GA2GA3TC2CACAC-3AG1CAGC2CG1-C3AC2GTGT1GATG1TG5CA1A-4-T2CACT-A5GC1-T-C6GTTG4TC2CT2-C3GA1T-3CTGC5GCCAGA1GT10GCGCCT2G-A-1GC3CG1G-7GC5CA1TAGCTGCGGCTA3ATGCCTGTTC5GC2GCGTTC3GAATTACA3GT4GC3TATC3ACTC4AT1CTGC2CG1T-2GT1AG1-T6AG2GC1AC6CG2GA2GC2GCTC4GC6GA6CT1TG7TC3AGCG6AGTCCTTA2TC4CGGC1GA9CT2GC11GA10GCGT2CA2TC5CT7GT4
vOTU_053	NODE_123_length_7968_cov_10.013269	82.353	102	8224	7968	3573	3674	3674	3573	4.28e-21	104	84	6GC1AC18AG1CT3GA2GA5CT5GC1AG1TA10GC1TG10AG3TG6TA2CGCT7TC2
vOTU_053	NODE_1621_length_765_cov_5.685915	92.000	50	8224	765	4	53	605	654	7.25e-12	73.4	46	11GCTCCT33CT2
vOTU_056	NODE_4093_length_412_cov_1.344538	67.857	392	8069	412	5553	5928	384	10	4.49e-27	124	266	8GCAGGCGC3ACGA14GA2TC1GTGT1GA4GC3GTGCCG3GA1TGGAAC4CG3CA8GACG5CT2AG2-C2TC1C-CA6CGAGCTGC3TG10CG1CGGC5GC7CACG2CAAC9GAGCCG1GA1AC1AG1CG8GA3CG4CG5CT2CG1CT2T-C-A-5T-2TCCT2CG5C-G-C-C-G-G-A-G-T-T-C-TA2ATCA2GA1CA1GC2CT1GAAT8CG8GA11GC2GC1GA2-A-A-G5-T-G-A2-T-G-T-C-G-T-G-T10TC1CT1AG2AG2-G1TC1GT3T-GC3AGTC4GC3GCCA5CG1CT2CT4CA1GC1CG1GA4ACCG2CG6CA7
vOTU_056	NODE_18533_length_233_cov_1.078652	76.774	155	8069	233	2280	2434	1	155	1.91e-25	118	119	4GC2CA8CG8CG11GCAGTCCT5GCAC1TG3GA7TC3GAAC3GT2GC1CGGA2GC5CG2CGTA1CG2GC8GC5GC5GACT4GC3ATTC3CG5CG8CG4CT4
vOTU_056	NODE_25312_length_212_cov_1.191083	81.250	112	8069	212	7498	7609	211	100	3.45e-22	108	91	7CA8TGCGGC2CG2CG3GA10GC2CG8TC5GCAG1CG8CG3ATGCCG2CG2CG18AG4GC6
vOTU_061	NODE_7244_length_304_cov_1.542169	88.851	296	7573	304	1443	1735	302	7	3.44e-104	379	263	41GACA7CG3AG10CG14GTTG12AG13AG2CT1TG3AGGC19GA3CG3AG2TG20CG8TC14GA17CT1GA6CT26AG2AT5AG9-C1TC1CGGATA11-A-A9
vOTU_066	NODE_34_length_14446_cov_17.781461	66.153	2207	7142	14446	4328	6459	5802	3653	1.48e-146	520	1460	5GT3AG5AGAC6GA1GA1CGACGTCG7TCGCGTACAG3GAAC3GA2GC4GTCGGA1GC5GC9ACCG1GACT3GC4CG4CA1GCGA1GC11G-2CA2-T-C-C-G11G-C-C-5GAACGCCAGCGC8-T-G-G6CT6CGAG-T1AG1CA2-G-T1GA1GA5GC-G-A-G-T4ACCT1G-6CGGTGC1A-A-T-5GC2CG1GC3TG5GA2AC6GA8AG1GC2GC8GC6GA3AC1CA1CG2CTCA1CG11GCCTTG3GCGTTGCG2CT1GC3CTGA6ACCG4TC1CG1GC5GTCT1GC4ACGC2AC3CAATAG2CGCGTCGC1GC4GA4GT8AC3CATCCG2CT2TC1CT10CGGAGT10ACGCCA1TC20GAAC2GACG2GT6GCAT4GC3GC1-G-G-C-C-G-A-C-C-C2GA3-C2TC1GA4GC2GAGCTCG-2GC2GC5GC8CG1GC1GT2AGCG4-T-T3GTGTGAC-2GCACCA3GACT2CT1G-1GC3GA2AGCG1GAT-G-C-4CT2CT1ACGCGAACCT2GC1TC1CGTA5GT1CA1TC3ACCT1AC3CA1GCCA1AC1GC3CA3ATGC1CT3GA2CG3GCAGTG2CGAC3GC1CA1CGTGGC4AGACAGCG1GCCG1GACA4GCGACGGC2GC1CTTC3AG11GA13CT2TGCGAT4CAGA1AG1CGCAGA3GC1CGGC8GT2GC-T-C2GACA2GC2GC1GC2GC2GCGCCAGA-C3CTAC6CT6GA1GC2CG3GA1GC2GC1CAGT9TC1-T2GT-G-C2GACA1GA1GC4GA1CT9GC6AGAC3TCGTCTCT1GC3CG2CGGC1CG5ACACGA2CA1CA1CGGACACG5CT6GCCGGC2GC4ATTC2CT2GC21GC8GAGCGC2GA3GA7TCGA1GC2TCTA-A3-C-G-C-C-A-C-G-C-C-G-G5GC1GT1AC2ATTC2CG5CG10G-C-2CT1ATC-G-2GA1GC1T-G-G-G-8-A-T-T-T-G-T-C-G4AG2GC3GAGACG1GC2CGCTGA7-A-A3CAGAAGCTAG3CG2GCCTTG1C-G-4CGAG1CG3CATC5CGAGCA8CG1CGGT1CG4GA1CA1GC2TCTACG2ATTC1GC3GCCT2GC1GC-A-G-C2AT3TGCGGTTCATCG2GC14TCCT1GT3TCTA3CT-T2CGACAG3C-5CT2CG5CT6GC1CG2TC3TA4AG4GC3GC5GCCAGCGCGA1GC2CAGTAC1GA5GA1GCGAGC2TA4TGTC3CTGA4GCCT1GC1TA1GA1GC5CG10AGGC1-G-C-A-T-C-C-T3TG4C-C-3A-G-1AC3CA1TC2TC15ATGC3GA2TC6TC4GC3GCCAGA6TACGGC10TACT1AT1AC1TC5CT9GT1GCCG2CG1GCGACAGC4CA21TC8CGGT1CA2CT5G-G-C-3GC1AG1GTCT2-A-C-C-A-T2GA1GAGT2GCGC2C-G-2CA2TCGTAG2GCCTTG2GACT3CT4TG2AC1GTCAGT4GA1CGGC1GAGAGC3GT1CG8G-C-1TG2-T-T8AT4CGGC4GAAC1GT7GCGT1GT2GC1GA2CTCA5CGGC6CG9AT2TGTG1CA5CT5CG1AT4GC7CT3GCCGACAGGC7GA2GA1GC6GT2GA1GC2GC1GC13GATGGC3-T-T2AC2G-A-4CA8CG1GACA2GC2GA6TCGAGCCT1GC5GA2CG5TC2CG2GCGA5ACAG4GA1GC18GT13CG2GC10TCCG2CG9ACCGGC2GCGTCG3GC2CT3CGTC10CGGCGC1TACT2CG2CA3C-A-T-C-T-C-4G-G-T-G-G-G-A-TA2GT2CACT2C-C-3C-T-T-CT2CT1GC4GACA7CA1AC2GTCG2GA10GC2CT3GC2GC1GTCGCTCGTC3C-GA2TG1AGTC1-GTC12CT8TA1TATC2GCGTCTGT2TC4GACA1GTCG5CT6CAGC3CT2CTGCACCG11CG13AC3CG5CG2CG4
vOTU_066	NODE_33_length_14483_cov_13.908719	65.393	2199	7142	14483	4329	6459	6676	8824	2.05e-100	367	1438	4GT3AG5AGAC6GA1GACG1ATGTCG7TCG-G-1ATGC1-T4-C5GT4GTCGGA1GC5GC2TG1AT4ACCG1GACT3GC4CG4CA1GCGA1GC8GT3CGGACT3-C-G-C2GA3AGCT2GA1CAAC4G-3G-G-2AG5-T-G-G3GA3GA4CG1AC2C-C-2C-1ATGC2GC2GC3-G-A-A2CTACGT4GTCACT1GC2AGTC5GC2CG1GC3TC5GA2ACCGCA4GA7CTAG1GACA4CG5GC2TC3GA1GAGCACAGCA1CG3CA1CG2CT1GA7CTTG3-C-T3CA1A-3CG2CAGAG-5ACCG2GAATTCGC2GC2TC3CT1GC3GTAC3AC3CAATAG3CGTC2GC4GA1GC2GT8AC3CATC8CT3GC6CGGAGA3GACAGC2GCG-3-G1TC24GACG2GTCT6AT8GC3GC-G-G-A-T-C-C-C-G-A3-C2TC1GA3AGGC3G-2CAGAGA5GA3CA7CG1GCCTGT1GAAGCG4-T-T3GCGTGA1T-G-1AC1CA1GT5GA2G-1GACA4CT1GCTA-C-T-G4GA1CGGT1CG2GCGA2-C4TC1CGTAGA4GT1CA1TC4CTGTAT3CA1GA1GCAG1GC3CA3AT2CT6CG3GCAGTG3AC2GTGC4TGGCCT2GAAGAC1CG2CG1GACA4GCGACGGC2GC1CTTG3AG1CA11CT8CT5TGCA5CAGA1AG4GC2GC1CGGC8GT3-G-C2GACGGA1GC2GC1GCAG1GCCTGTGT2GT1-T2CGACGT5CT6GA1GT2CT2C-3-T3CTCTGT5CT2CTTC1-C2-T2GC1CA2-A1GC1GC2GT1CT3TC5GC5GTAGAC3TCGTCT2GCCA2CG2CGGCAGCG2GC2ATACGA2CA1CA1CGGACACG9CT2GCCG8ATTC2CT2GC9AC7GC3GC8GAGCGCCATA3GCGA7TCGA1GC2TATA-A3-C4-C-C-T-C-T-G-G-C-C3GC3TCAT4-A5CT5GC4GC1-T-G3GCAC2T-C-4TC3GCCTGTGTCG1GA2CG2AG2GA3GAGACA1GC3CGGT1GC2GT3GA1CGGC1CAAG1CGGT1CG-G4TGCTGT1C-8GCCATC3GC3CA1TC6CA1CTGT5GAG-G-1GCGAGA1TA2-A-G2AGTG1GC3GC4-T2-A-C9TCATCG2GC2CA3GA1GC5TCCT1GT3TC-A2CT1CT2CA4TGC-2GA11CT6GC1CG2TC13GC3GT5GCCAGCGCGA1GT2CGGTACCG3GA2GA1GCGAGC2TA3CTTGTCCG2CGGA5CT1GC1TA1GACGGC5CG2CA2CT3ACAGGCAG2GA1GC2-C1CG3ATAG1-G-C1AG3CA10CG9ATGCCG2GA2TC6TC4GT2GT2GC11CG10AT1AC1TC15GT1GTCG1TCCG1GCGACAGC3GACA4GA10CT5TCCA7CGGT4CT5GC1CA2AG1GTATTC1CACTGCGA2GCGT1GA2G-T-3G-A-2GC2A-4TC-T-G2GACTCT2CT4TGCG2CGGTCAGT4GAGACTGCGCGAGAGC3GA10G-C-1TG2-T-T3CT4AT4CGGC5AC1GCCTCT2CT2GAGA1GCGA3GA2CA6CGGC13GT2AT2TGTG4GA2CA7AT4GTCT6CTAC1C-2AGAC2-G6GCCAGAGA1GC5TCGT2GA1GC2GC1GCCG5GC2GC3GATGGC3GAGCAG5CG2CA8CG1GACG2GC12CT1GT2CG2GA2CG2CG2TC2CG3GA1CT2CTACAGGC3GA1GC14CG3GT13CG2GC2GT7TCCG5TC6ACCGGT2GCGTCG6CT3CGTC3CT6CGGCGC1TA3CT2CG2G-C-A-T-C-T-3CT1G-G-1GTGCGT2CT1GT1C-C-C-T-G-C-C-3C-T-T-CT1ACCA1GC3CGGACA3CT2GCCATCAC3CG7TC3GAGAGT8GCGC1-T1CTCA1TC2G-C-GA2TG1AGTC1TG1-G11CT2GC5TC1TA4GTCTGT2TC4GACA1GTCG5CT6CAGC3CT3GCACCG8GA2CG2CG10ACCT2CG5CG7
vOTU_066	NODE_33_length_14483_cov_13.908719	67.841	227	7142	14483	2639	2856	5090	5307	7.69e-11	70.7	154	5CT18CATG4CAAGGC2GC1TAGC4AC3T-G-C-2CA3CT3G-3GC2AGAG3-G-A-T-C-A3AC1G-2TC2CG2GCGT7TC2GCCACG4GA1GTAC1GC1GCCT2GCACGT2GA3AC11-G-A-T-G4GC2AC1GC1G-A-C-G-3ATCT1AT2CTAG10CA1GTAT1CG2GC1CGGC2CT2GC4TC3CG5CT12
vOTU_066	NODE_712_length_1789_cov_15.844291	64.989	1808	7142	1789	4695	6454	1760	1	1.80e-88	327	1175	11AC5CT7CT10CAGAGC2GT3CT2GAACGCCG1TC11CG9AC1CGGT3GT4GA1GCAT2CGGC4GC1-G-C-C-C-G-A-T-C-C2GA4CGTCGC2GA1AG1TCGT5GA10CA7CG1GC1GT2AGCG4CTAT2GCGTCTTAGT1AC1-A3GACT1CT2G-2CAGC1GA1AG4-A4C-3GAG-4GTAT2T-G-1TC1CGTA4CGGTGCCA1TC2GC1CTGAAG1CT1CACT3AC1GC2CT5GA1CT1GT8GCAGTG3AG3-C-G-C-T1CG3TC1CG1CG1ATAC2T-G-3CT1CTGCTA1GC1G-C-3CTTG3AG1CA8CG5CT5CT2CA2TGCA1CT3CAGCGCAG1CT5GCGACAGA8G-G-6G-C-G-A-1GA4GC-A3-T2-C-A-C-T4CTACGA3AG7CG1GCGC2CG2CA1ACGC2GC3CG2GA5TCGA2GT2GACT3GAGA5CT3TC5GC5GTAGACCG3GTCT1GTGCCA2CG3GC1CA2GA2ATACGA4CA2GACACT12GCCG6CG1ATTC2CT9CA14GC3GA4GAGCGC6GA4CG3GTGCGC1-A1TATA3-A-G-C-C-G-G-T-G-T-C-G1CA5GC1AC1TCATTG2CT5CG2GC7G-3CGGCAT2TC1-A2GA1TCGT3CTGTGCCG5TA8-A-A3ACGAT-G-2GC7CA2CGGC1CGAG1CT2CGCGGC4GT1CT8GCCATC3GC3CA1TC3AGGCCGCG1CTGT5GAGCGTCAGC3TGTA1CG1AGTG1GC3GTCGCGGC1CT3AT3TGCGGC1ATCG2GC2CG3GA1GC6CT1GC2GCTCTA4GTCGCT1ACGTCGTCCG2GA5CG5CT6GC1CG2TC8AG3CAGT3GT6CAGC1GA1GC2CGGAAG3CT2CAGTGCGCGAGCCA1TA3CGTGTCCT2CTGA9TA6CG2CG2CG6ACAGGCAG1GCGA1GT2GTCGCG2AC2-G-C-A1AG3CA1TC2TC15ATGCCA2GA2TC6TC4GC2GCGACGGC2CT2CG8CT2CGTG3AT1AC1TC15GT2CG1TCCG1GCGACAGC4CA4GA16TCCA2CG1GCCG1CAGT4CT5GC1CA2AG1-T-T-T3GCCA1GCGT2GAGT1GC2GCTCCA1GC1AC1GCGC2A-G-C-G-C-T-1GAGACT3CT4TGCG1AC1GTCAGT4GAGACTGC1GAGAGC5CG2CT6CGAGTCGTCT8AT4CGGC4GC1CGGA1CT5GC1-A1GA2G-1GA9CAGC13GC1CGACGTCA1TGCG6CG3GA1CG1AT4GTCT7AC1C-3AG3-T5GACGGCGA1GT5TCGTTA1GA1GT2GC1GCCG11-A2TC3CTGTGCAG1ACG-2CG2CT8CG1GACG2GA12CT1GC5GA2CG5TC2CG2GT6ACAGGT3GA1GC11CT5CTGT7GA5CG5GA3TCTACGAG1CG5TCTCTA4ACCGGC2GTGTCG10CGTCGC8CGCGGC2TACT5CG3C-A-TA1TGCT1GT3GT1G-G-G-A-T-C-C-G-G-C-C-3CGCG1GT3T-C-G-A-C-1GC3CGGACA7CG1AC3CG1CT5TC1GC2GCGT1GCCG5GCGA1G-C-CTCG3GC3TC1CGACTG1-C-GTC21TC1TA4GTCTGC5-G1GA1CG1G-2CG4GA5CTGCCG6GCACCG11CG5TC7AC4CA7
vOTU_066	NODE_18_length_18031_cov_14.452603	64.584	2033	7142	18031	4476	6459	7152	9135	3.05e-79	297	1313	2CT8CT5CG1AC2C-C-2C-1ATGC2GC2GC3-G-A-A4GT4GT1CG1GC1ATACTC14TGTAGC6AG6GA8AG4GCGA7GC2TC3GA1GAGCACAGCA1CG3CA1CG11GCCTTG3-C-T3CA1AC3CGGAGT3C-G-3ATCT4TC1CG1GC5GCCT1GC4ACGA2AC1AG1CAATAG2CGCGTC1GTGC2AG1GA1GT14CT2CG7CTCG2GC6CAGCGC2GA2GC3GAACGCCG1TC11CGCA1GC6AC1CGGT3GT6GCAT2CGGC4GC1CG1GC1-G-A-T-G-C-C-G2GA1TC1-C-C4AGGCTCGTGC8GC2GC2GCCA9GC1GT2AGCG4CTAT2GCGCCTTAGT1AC1CA1GCGT2CGCT3G-1GA4-G4-A3G-3C-1GT1GC2GTAT1GCT-G-G-T-2TC2-G1CA2GT2-A4AGCTGC2CG1CA1GA1GAAC4CT2CG2GA1CTGTGT4CA3GCAGTG2CGAG3GCCG2CGTGGC4AGACAGCG2CGACGCCA4GCGACGGC4CTTG3AG11GA4CT5CG2CG2TCCA1CT3CAGC1AG1CG6GACA3CG5GC3-G-C2GACGGA4-T1AT1AC1GA1GTGCG-C-G-3CTAC9CT2CG1GCGC2CG4ACGA6CG2GA5TCGA1AGGT2GA4GAGA5CT9GA2GA3AGACCA2TCGTCT1GTGCCG2CG2CGGC1CG2GC2ACACGA3GCCA2GACACG9CT2GCCG6CG1ATTC2CT9CA10GC3GC1CG2CG2CTGAGCGC6GA8GTGC2-A1TATA3-C-G-C-C-G-G-T-G-T-C-G1CA2AG2GA1AC1TCATTC11GC7GC1CTTG1GTAC1GCTCCA4TCGA2GTCTGTGCCGCT3CG2AG6GAGACG1GCTC1CGCAGA4GT2CG2CGGC1CGAGT-2CT1CA2-A3GT1CT4CA3GCCA5GT1ACCA1TC3AGGC1CA1CTGT5GAGCGCCAGCGC2TGTA1CT1AGTG1GC3GCCGCG1GA1GC2AT3TGCGGT1AT3GC6GA1GC6CT1GT2GTTCTA4-T1CTCGACAT2TGC-2GA5CG12GC1CG2TC2CA9CGGT9GCCAGCGAGA1GC3GAAG2GC5GCGCGAGC2TA4TGTCCT5CG2GC4TA6CG2CGGT1CG2CT3ACAGGCAG1GCGA1GC2-C-G-G1CG2CGAGAGGA1AC3CA4TC2TC2CA1CGCG6ATGC13TC4GC4CGGC2CT2CGTA7CT4TACT1AT1AC1TC5CT5CT3GT2CG1T-C-1GA2-A-AGC4CA4GA16TCCA5CG1CGGT10GC1CA2AC1GTAT2CA1GCGA1G-G-G-GCGT2GA1CG3A-2GC1-G1AC2GC1TG2GACT3CT4TG1GAAC1GTCAGT4GAGACTGCGCGAGAGC5CG9CGAGTGGTCTCT7AT4CGGC4GCACCGGA7-C1GA1GA2G-1GA9CGGC13GC2ATGTCATCTACG3GA2CA5CG1AT3CGGTCT6CTAC1C-4-G1CT6GACGGCGA1GC5TCGTTA1GA1GT2GC1GCCG1GC8-A1GA1TC2GTCTGC1AC2G-2CA2CG5GA2CG1GACG2GC5GCAT5CT1GC5GA2CG5TC5GC2CG2CTACAGGC3GA1GC14CG3GTTA3CT5AG2CG2GC6TC1CG1TCCG6TCTA3G-A-1GC1GC3-T-G3GC5TCCGTC9C-C-G-G-T-T-C-C-T-C-G-A-3GC5C-A-1CGTA2TC1GAGCAC1CT3C-C-2GT1CT3CG1TGCAGT1CTGC1GC2CA1C-C-2CT3CA1AC2GCCACG1GC1CT2TC4GCGACTGC6G-GC2C-1CG1CG1GC1GA1TC1CGACTG1-G-G13CT2GC5TC1TA4GTCTGC5-A1GA1CG1G-9CA3CTGCCG5CGGCACCG11CT13ACCT2CG5CG2CG4
vOTU_066	NODE_277_length_4590_cov_16.881367	64.896	1732	7142	4590	4476	6151	2897	4590	4.24e-71	269	1124	11CT5CG1AC3CGAGGT1G-A-G-2GC2GC3-G-A-A3ACGT3TCGT3GC1ATACTC14TGTAGC3GAGTGCAG6GA8AG4GCGA7GC2TC3G-2-T-C-C2A-C-1CG5CG11-C-T1CGTC2GT3CA1AT1C-G-5GACT4ACCG2GA1TCGC9CT1GC4ACGC2AC3CAATAG3CGTCGCGAGC2AG1GA1GC11AC5CT7CTCG9CAGAGT9GAACGCCG1TC20GAAC2GACG2GT4-A-T-C-TGT2ACTC3-C-T3GC1-A-T-CTC2GA4CGTCGC2GA1AG1TCGT5GA10CA7CG1GC1GT2AGCG4CTAT2-CGTGTCA2GCACCA3GACT1CT1G-3CAGC1GA1AG4-A4C-3G-GA4GTAT2T-G-G-T-2TC2-G1CA2GT1-A1TC2GC1CTGCAG1CT1CACT3AC1GC2CT2CG1AC2CT1GT8GCAGTG3AG3GCCG2CGTGGC4AGACAGCG2CGACGCCA4GCGACGGC4CTTG3AG1CG14CT8CG2TCCA1CT3CAGCGCAG1CG5GCGACA9GC3C-A-G-C-2GC1CA2-CGC3CGGT1GC2-C-T-C3CTAC6CT2CT2CG1GC3CG2CAGTACGA2GA3CG2GA4CTTCGA2GT2GA4GAGA5CTCT8GA2GA3AGAC4GTCT1GTGCCG2CG2CGGC1CG3AG1ATACGA4CA2GACACG12GCCG6CG1ATTC2CT2GA6CA14GC1CG2CG3GAGCGC2GC3GA6-G-G-T-C-C-G-A-C-A-A-C-G-C2GCGC2C-1TG1GCCG1CT2AG2GC1AC1TCATTG2CG5CG2GC7GC1-TCG1CTGC2GC1CGGC2GC4GTCTGC1C-4CG2AG5C-G-G-2GATGGA5GC1GC6-AGC3-G-G4CACGGCCG2CTGT4CG2CT3CATCGC2GC2AGCA1TC3AGGCCGCA2GT4CTGAGCGACAGC3TCTACTCG1AGTG1GC3GTCGCGGC5AC3TGCGGC1ATCG2GC2CT11TCCT1GT2GC1TA4-T-G-T3A-A-2T-CG8CG5CT6GC1CG2TC5GC2AG3CAGT3GT2GC3CAGC1GA1GC3GAAG3CTGT2GA1GCGAGC2TA3CGTGTCCG3GA9TAGA5CG2CG2CG6ACAGGCAG1GCGA1GC2GCCGCG2AC2-G-C-A1AG3CA1TC2TC5CG1CGCG6ATGCCG2GA2TC6TC4GT4CGGC5CG5CG2CT2CG1TACT1AT1AC1TC2CT2CT9GT1GCCG2CG2GACAGC4CA4GA10CT5TCCA5CG2GT10GC1CA2AGGCGTAT2CA1-C-A-T1GC2GAGT1GC2GCTG1CT2AC1G-G-T-G-A-G-1GC1TG2GACT8TGCG1AC1GTCAGT4GAGACTGC1GAGAGC3GA4CT6CGAGTGGTCT3CG4AT3T-3ACGT1GCAC2-A7-C1GA1GA2G-1GA6CG2CGGC1GA8TC2GC1CGACGTCA1TGCG6CG3GA1CG1AT3CGGTCT6C-AT1CT3AG2-T6GCCAGAGA1GC6GT2GA1GC2GC1GCCG8-C1GA1GA4-T2GC1A-2G-2CA2CT3GA1GA2CG1GACA5GA2GTAC5CT1GC5GA2CG5TC2CG2GT6ACAGGT3GA1GC11
vOTU_066	NODE_277_length_4590_cov_16.881367	64.735	604	7142	4590	2639	3230	1153	1744	6.74e-18	93.3	391	5CT14CT3CATC4CGAT5TAGT4AC3T-G-C-2CA1TA4-A-C3GT2TG1ATAC-G3CA1GAAT1GC2TC6GC7TC4CG4GA1GTACCGGC1GTCT2GCACGT2GC3AC1GA2GC5-C4GA-T1AG2A-G-1GC6ACCT1AT1GCCTAG10CA1GC1CT3GCAGCTGC2CT2GC3GATGGCCT13CT7AC1AGCT1AT1CGCG4CT2CT12CG1GAGC3CACA1CG4CT1ATAG1GC2-C-T-C-G2GACAGTATGC3G-A-G-A-C-2CG3-C2GAGC2GT2GC1CTGC1GAGTAG7GT1TCGC2AG2GT1CT4TA5CGTAGTGCCG4CAAC4GA1CG2CT2TCCA1GC2TC7AGTG3GAGAGC2GA1GC1AG5GC3TGCG1TGCG2CG4-G3AC1GA1GA1CT3G-2AGAC2CG2CTGT3-G2AGTCGTCT2GC1AC2C-4CTGC2GA1GCACAG7GC1TCCAAT3TC2CTAGCT7CG5GA2AC4CGACGACTCGGT3CGGA3GATGCAAC1CGGT7CGTC3CT1GA1CGGC1CA1CT5CT4TC11CGGC6CG1GC5CT2
vOTU_066	NODE_277_length_4590_cov_16.881367	74.074	108	7142	4590	3478	3585	1995	2102	7.69e-11	69.8	80	2CG2CT8GAAC1TGTC1CG1CACA6ACAGGC1CAGC5CT1GC5GC15TC6CA2CA1GT5CAAC1TG7CT1AC2ACAG7
vOTU_066	NODE_885_length_1437_cov_15.091172	65.798	1266	7142	1437	4533	5753	192	1433	3.26e-66	254	833	14TGTAGC3GA2AC2GC2CTGA8AG4GCGA10TC3G-2-T-C-C2A-C-1CG5CG5CG2GC2GCCTTG3-C-T3CA1AT3C-G-3GACT4ACCT2GA1TCGC2GC6CT1GC4AC3AC3C-1AT2C-C-T-4AT2GCCA2-A-C-C-C10AT5CT7CT10CAGAGT9GAACGCCG13CG5GC3AC1CGGT3GT6GCAT2-G-C-C-C-C-G1GT3GC1-A-T-CTC2GA2-C3TC1GA3ATGC1G-16CA7CG1GC1GT2AGCG4CTAT2GCGTCTTAGC1AC1-A3GA2CT1G-3CAGCCAGA6T-GA5CGGCGA4GTAT1G-T-2TC1CGTA4CGGTGCCA1TC2GC1CTGAAG1CT1CACT3AC1GC2CT2CG4CT1GT8GCAGTG3AG3G-C-1TG3CG2GCACAGAG1TC1CTAT2-C-A4GCGACGGC4CTTG3AG1CG14CT2GA5CG2TCCAAGCT3CAGC1AG1CG2GC2GCGACA9G-G-5-C1GACA3GC1GC1-GCT2GC1GCCT4CTAC12CG1GAGC2CAGT1CA1AC3GA3CG2GA4CTTCGC1AGGT2GACT3GAGA5CTCT5CT2GC5GTAGACCG3GTCT1GTGCCT2CG2CGGC1CG5ACACGA4CA2GACACG12GCCGGA5CG1ATTC2CT9CA14GC9GT7GA4-G-T-A-T-T-C-C-G-A1TA3GC3-C-G-GTGTA1GCCG1CG2AG2GC1AC1TCATTG2CG5CG10G-3CGGTAT2TC1-T4TC3GTCTGTGCCG4CA2AG6GAGACG1GCTC3GC7CG2CGGC1CGAG4CTCGGC4GT4CG2CG3CATCGC5AGCA1TC2C-A-G-C-1TG2CGCT1GT5-A-C-C-AGC3TGTA1CG1AGTG1GC3GCCGCGGC5AT3TGCGGCTAAT3GC2CG3GA1GC6CT1GC2GCTCTA4-T1CTCGACAT2T-CG2GA11CT6GC1CG2TC8AG3CAGT3GC5GCCAGC1GA1GC2CGGAAGCT2CT3GA1GCGA3TA3CGTGTCCA3GA4GT4TA6CG2CG2CG2CT3ACAGGCAG1GCGA1GC2-C1CGCT2AGAG3-C-C3CA1TC2TC8CT6ATGCCG2GA8CGTC1CT2GC2GC1CGGC2CT2CA8CT2CG1TACT1AT1AC1TC15
vOTU_066	NODE_218_length_5599_cov_14.053211	69.572	631	7142	5599	570	1186	2638	3254	9.99e-54	213	439	5GT1CT3GA1GAGC8TC3TC2CA1GC1GA3CT3GCCT1GA4CTAG-C1CG4CAG-8GCGA1GC12AG1ACCTGC3GC3GACGCT8AC2GA15GAA-T-3-T-G2GA2CT5TCCG1GC8AG5CT1GCCG2CG2CG2CG4AG1CTGCCG3GT1GACA1GT8CG8CTACAGGC3TGTCGCGACAGCTA6CA1GCCG2TC3GC11CT1AG-C4CA2ATTG1G-3CACT2CT4CT1GA1GC6GA8CG2AG1CGACCACG8CT3CA1GT5GCCA4AG3GT5G-3-T4TC7TCCG1GC2TACT2GC10ACAC8CT1CT3CGGA1CG2CTGATC13CT5GCGTCTGAG-5-G3GA4G-2CACT3AG-C1CG2CT2GT1-A3ACG-1GAGT3CGTC1TAGACG8CG14AG2C-G-A-3TG3T-T-C-3GC5GAAC1-G-G5GT1-A-T2-A-C6CG4CG4GACGTG1CG2CG2CGCT1CTGT1ACGA8CG2AC1CGCGTC1AC1CGAC1CG1CT6TGCT1TG12
vOTU_066	NODE_427_length_3030_cov_15.183193	64.786	1329	7142	3030	4476	5753	1728	3026	2.20e-49	198	861	2CA8CT5CG1AC3CGAGGT1G-A-G-2GC6-G-A-A3ACGT4GT3GC1ATACTG14TGTAGC3GA1GCAG5CTGA8AG4GCGA10TC3G-2-T-C-C2A-C-1CG5CG5CG2GC2GCCTTG3-C-T3CA1AT3C-G-3GACT4ACCG2GA1TCGC2GC6CT1GC4AC3AC3CAATAG3CGTA1GAGC2AG1GA1GC11AC5CT7CTCG9CAGAGC2GT6GAACGCCG4CT8CG8GAAC1CGGT1CG1GT7AT2-G-C-C-C-C-G1GT3GC1-A-T-CTC2GA4CGTCGC4AG1TCGT12GA3CA7CG1GC1GT2AGCG3GACTAT2-CGCGTCA2GC1CA2G-1CA1CGCT4CAGC1GA1AG2C-G-T-G-2CAGT4CGGT1GT2C-2GTGCTG2TC2-G1CA2GT2T-GA2AT1G-1CT5-A-T-A2AC1GC2CT7CTGAGT8GCAGTG2CGAG3G-C-1TG3CG2GCACAGAG1TC1CTAG2GCCA3GT1-A-GGC4CTTG3AG1CG14CT8CG2TCCAAGCT3CAGC1AG1CG2GC2GCGACA9GT2-A2A-G-1GACA3GC1-C1AGCT2GC1GCCT4CTAC4AG1CT5CG1GC3CG4ACGC2GC3CG2GA5TCGAGAAGGT2GA4GAGA5CT6CT2GC5GTAGAC4GTCT1GTGCCG2CGGC1CGGC1CG2GC2ACACGA4CA2GACACG9CA2GCCG6CA1ATTC2CT9CA14GC1CG1GTCGAG1CTGAGC7GA4CG3-T-C-C-G-A-C-A-A-C1GC3-T-G-G1TG1GCCG1CG2AG2GC1ACCT1ATTG2CG5CG2GACA6G-3CGGCAT2TC1-T4TCGT2GCCTGTGTCT4CG2AGGA1GT3GAGACG1GCTC3GC7CG2CGGC1CGAG4CGCGGCCT3GT4CG2CT2GCCA1GC3GT1-C-A2AT1TCTG3CTCG3C-C-3GAGCGCCAGCGA2TGTA1CG1AGTG1GC3G-C-3-C-A4AT3TGCGGC1ATCG2GC2CG3GA1GC5TCCT1GC2GCTCTA4-T-G-T3A-A-2T-CG8CG5CT6GC1CG2TC2CA2GC2AG3CGGT4CT4GCCAGC1GA1GC3GAAG2GC4GA1GCGAGC2TA4TGTCCA3GA4GA4TA1GA4CG2CG2CG6ACAGGCAG1GCGA1GT2-T-G-G3-A-G3AC1CA3G-C-4TC15ATGCCG2GA2TC6TC4GC2GC1CGGC2CT2CA8CT2CG1TACT1AT1AC1TC15
vOTU_066	NODE_275_length_4598_cov_30.572749	66.197	781	7142	4598	5706	6471	4594	3851	3.06e-41	171	517	6G-1CT2CA8CT2CG1TACT1AT1AC1TC15GT1GCCG2CG1GCGACAGC4CA4GA16TCCA4GACA2GT4CT5GC1CA2AG1G-A-1GT1CGGA2GAGT1GCG-2GA1CG1GC1A-2GC2A-2GC1T-4-G-A-T8TGCG1AC1GTCAGT4GAGACTGC1GAGAGC8CT6CGAGTGGTCT3CT4AT4CGGC2GA1GCACCAGA4CT2GC1-A1GA2G-1GA6CG2CGGT13GC1CGACGTCA1TGCG6CA5CG1ATCT2CGGTCT6CTAC1C-3AG3-T5GACGGCGA1GT6GT2GA1GC2GT1GC12GAGATGGC2CT1GC1CTACGT2CA2CT5GT2CG1GACA5GA2GC6CT1GC5GACT1CG5TC2CG2GT6ACAGGT3GA1GC8GC5CG3GT4CT5AG2CG5GA3TCTACGAG1CG2CT2TCTCTA3G-A-1GC1GC3-T-G3GC6CGTC10CGGCGC1TA6CA2-AGA1AC1CG2ATGT1-A-T3TG1GT3C-C-G-3C-T-G-C-C-G-G-G-C-T-T-C-G-A-C-G-G-G-3GCCA7CG1AC3CA4CT2TCGA3GCGC1GCCG5-C-A-A-C1GTAG2CACATA1GT3ACTGTG1A-T-C-T-21TC1TA4GTCTGC3C-3GCCACA2-A1CG4GA5CTGCCG5CGGCACCG11CT5TC7AC4CA4CG2CG4CT1CT2GC3GC2
vOTU_066	NODE_511_length_2469_cov_11.345070	65.734	715	7142	2469	5746	6449	1	680	1.22e-33	146	470	4CG6CG2-G2GA2G-4CA2TGCTGA4CA11TCCA7CG5CT5GC1CACT1AGGC3GA2GCGACT1GCG-G-G-2GA1CG3AG1GT1TG1AG1C-G-C-4CTCA3GA4CG3GTCAGC3CAGA1CGGCGCGAGAGT5CG2CG6CGAGTCGTCACT8CT2-C-G-A-C4ACG-3CG2CG1ACCGCTGT4GCCA4A-C-C-4CACGGC10TC5ATGTCA1TGCGCTAG4CT5CT2CT3GACA6CTAC1CGGACA10GT2GCAT1CGCAGA3GCTA6GACAGT10GCAGGC1TCGC1GC2GTAG1AC3CG11CA1GACG15CT1GT5GACTTACT6CG5GC1CG8CG6CG4GC3GATACG2CTGC4CT8CG6-TAC1CA1TG1ATTG2CG1TGAG1TA1C-4CAGC3GCCG3GC2CT8CG3CAGTCG1GAGA1TA3CGGCAGCG3C-2CGTG1AG2T-G-G-T-G-1GT2C-CT3C-C-T-GACG1GA2CA1TA2A-C-G-G-G-G-C-C-2CG6CG1AC3CG1CG2CT10GCCG5GC2-T-A-T-G2CG1TA3C-G-A-T-TG3CG1CG3AG7CT5GA2TA5G-1CTGA3CT3GCCA2CAAGCT4-G2CT3CG4CT8CT1GAGCCGGC2TG3CG2TC11CG3
vOTU_066	NODE_20841_length_225_cov_1.929412	76.744	172	7142	225	2492	2662	12	182	3.98e-27	123	132	3CG6ATGC8GC4A-2GT2TG1-G1TG9GCAGAG5CT2TA3GCGA3GCTC13CT5CTCG3ACCGCG2CGCAAC8CGGC7CG10GCTC12GT3ACCTCG6GATC6GC2CG6
vOTU_066	NODE_2897_length_501_cov_4.919283	70.100	301	7142	501	4476	4768	135	427	5.91e-25	116	211	11CT5CG1AC2C-C-2C-1ATGT2GC2GC3-G-A-A3ACGT4GT3GCCGATACTG8CG5TGTAGCCA2GA1GCAG6GA8AG4GCGA7GC6G-2-T-C-C2A-C-1CG5CG5CG2GC2GCCTTG3-C-T3CA1AT3CGGAGT1G-G-5AGCG2GA1TCGCCG8CT1GC4ACGA2AC3CAATAG3CGTCGCGAGC2AG1GA1GC11AT13CTCG9CAGAGT9GAACGCCG1TC11CG8
vOTU_066	NODE_616_length_2077_cov_11.183976	71.041	221	7142	2077	4574	4794	1151	931	2.51e-23	111	157	4GA1CT11CG1ATGC2AG2CT1ACCG1TC2CA1GA1CTGC3CAGC8CT2CT1GCCG4GA3GA1ATCG3AC4GA2TC3CATAGA8AGAGATGCCG1AG2CGCG7CG2GA11AC3CG1CT7CTCG3TA5CGGAGT10AC1CG1TG2CT8CGCA1GT6AC1CTGT1CG1GT7AG1CG3CG3
vOTU_066	NODE_100_length_8719_cov_15.941367	80.357	112	7142	8719	6349	6459	225	335	5.53e-19	96.9	90	13CT2GC5TC1TA4GTCTGC5-G1GA1CG1G-7GA5CTGCCG6GCACCG11CG13AC4CA7CG4
vOTU_066	NODE_2149_length_611_cov_14.834532	67.407	270	7142	611	4328	4592	295	559	6.31e-12	73.4	182	3GC1GT9AGAC6GA1-A3AT2C-6TCGCGTACAT3GAAC3GA2GCGA1GC1GTCGGA1GC5GC8CTACCG1GACT4AC3CG4CA1GTGA1GC8GC3CGGACT4ATGC2-A2CGCGAT1CAC-1GT3GTACGACA1GCCTACAG19A-G-A-3GACG1ATGCAG1GC2GC3-G-A-A3ACGT4GT3GC1ATAC15TGTAGCCG2GA2AC2GC3GA7CTAG4GCGA7GC6
vOTU_067	NODE_162_length_6784_cov_11.943231	73.023	430	7007	6784	3814	4235	5629	5205	6.60e-56	220	314	10GACA2GC8GATA4GC2GC11GCGTCG8AC9GA2GC2GC2GA2GC2GC2GC17GA2GA2CG1ATAG2GA15TGGCGC1TC3CG1CT2C-1AC4GA-C8CATC1CG5CG1GAGC7CG9GC1GACG2GC2TC23-ACTCT3C-6GCGTTG2AG1CTCT1CG4GC1GT4GTCT1TATC9GAAT4GA4GACG1ATGC1G-5-G-A5T-2CT3GA1-C-C-GTC1GA5CA1GT3GC3GCAT5TG3GA1AC6GC1GA6TC2GCTGTA3GA2GC1CACG5ATTA1GA4GCGA2GC1GC2-C1GA1TC2G-GC6GTAG2GT5CA3GA2
vOTU_067	NODE_162_length_6784_cov_11.943231	66.122	490	7007	6784	6035	6507	3723	3242	8.60e-23	109	324	7GC2GC3CGGTGT1CT1CT11GC1AC2GC1GTCG5CGCGTCGTGT1CT5GA5AGGCCG1CG1TACT5ACTA4GCA-A-A-8GTGTGCAC-A-C-C1GTTC5TC8TC2GA3CA10GA8GCTGAGGC2GC5CGGCCTCT2GC2AG2CA1CG2ACGC2GA14CT5AG2-C-G3G-A-1CG4GA3ACCTGTCG3GCTC2ACTC2ACTC1GTAT4-C-C2GC2CT1CGCG2CG1-CAG1AGTCTACG2CTCA1AC2CG5CG5CATACAGC1TC12GCGA1GC1CGGACT1CA1GTCG2CT3GC10GC1-C-G-C-GTC1CT4AC2-C-C-G4TCTACA1C-C-C-3CT2-C2-G2CT2GC3ATGCCG2CG8TC2CG5CG16ACGC11GC2CG1GTCG1GC3TGTGGT1CTGT4TA1GC3GTACCG2CT5TC2CG1CG4CA4
vOTU_067	NODE_162_length_6784_cov_11.943231	69.508	305	7007	6784	2543	2842	6534	6247	1.05e-21	106	212	7AG2GT2GC2GC1CG3GC1TC6GA2GC2GC1TG3CGAG1CA3CA3G-C-5GC2GTCTC-C-G-G-C-6T-C-3CTGT5TC2GATG3CG2GAAT1AG14GA2GA1CT6GT5GC1TG4TGGCGC1ACAC8C-C-C-8TC1TA2ATTCCT5-A-A-T3GC4CT3GAATCAGC5CGCTGTCGCG1AG4-C1GC3AC1GT1G-1GTTC3GA2CG9CT2CG4CG2GA8GC6CTGT2T-G-2GC2C-G-5CG5-T7
vOTU_067	NODE_218_length_5599_cov_14.053211	67.713	669	7007	5599	1104	1758	1113	461	5.79e-44	179	453	4CA3TC1T-G-7GTGTCT2GA6CG1CT4TG4AG2-G3C-2CACT7GC9GC1CG1TCGA2GA2AC2GC2GA1AGGC11AGTA1GC19CG1CT2TG4GC3AG5A-G-3GT1AGGC6-C-A2GA2GA2GA5GC5CA1TA2ACGACTCTCG5GA5CG14CATACTGC1CG2TC4AT11GCTG4TGTG1GT1GA2GC2AC-G2GA3G-G-2GT1AC1-A3GC1GAAGTA1GCTCTGGC2GA3GAGT8GT9CG2GA1T-1TG3TGGTCTGTCT2-A12GA3CG4CGTGGCCG2GA4CT3CG1TC2CGGC2GA5GC5GA1TCCG1GT1GA1GA2G-G-5-C-A-T-T-C3CG2G-3G-G-3CT4GC3TGGCAT4TACT1ACGC2GAGTTA3GC1CGCGCT8AGCT4GA1GCTGTACT1CG6GC1TCGCTGCG2AG2TC2TGGA2GC2TC2CG6GT3CTCG2GA1TCGA2ACCGTC2CT3GC4ACGC1AC4TGGACTGCCG6C-G-1CT2CTTC3CACA3TG1GC3-C-C1TG5GCGC2GC1TCAG2GA1CAGT8GA2GC6G-2TC3-C5GTCTCG9TCATGC5
vOTU_071	NODE_569_length_2236_cov_8.466300	70.493	1298	6393	2236	1303	2570	1640	352	1.50e-158	560	915	2CG2TC2CT2TC8TG2TC2TG11TG2ATTG1GA2GA11C-1TA3-G3CG2GA2CG5GA5CT1GCGC8GCTACGGC2GC2TC2CT2TC2CT11TCGC1GT6GT1CG8GTATACCG5TG2CTGT1TC2AG2CG2CG3ATCTGT5TCGATATA2GC2GC2CGGCCA10CG1TG1CG1GATGTC2CT2CAGAAGGC6C-2CA2CG1GTA-1GAGA1T-T-1GC3CG4TA2TG1-G-C-A-G7CGGTGC6TC3TC3AT3CGCA1GT2AG2TA2TG2GC1CTGT2CG1GCCGCA2GA1GCAG7CG2GATG5AT1CG2TC8TC2GCCG1GCGA1AT2CGTC4TG8CT5GCCG1CT3CA4TG8TC2CT5TC5CGGCGC9CT2TC2CT2CG5CGGA4GA3GA5AGGC3TG1GATG5CG17GA2TG8CT2CG2CT5-C2AGTAGC1GT1GTCG1GC1T-2GA1TC3GA1CT2TC2TC2GA2CT3AC1TG3GC2-A3GA1T-5GT2CG8GA3AC4CTGA1GATACGTC5TC2TC5GT2GT2TG2TC2TGGT7GC2CTG-1CA2CT1-G7AC5AG2CT5GC4TCCT5CGCA1TGCTATTC11GT8GA2TC2GC1GCCG14CT1-C-C-A4-C-G-A-G2CG3-A-T-C-C4ACTC-G1AG2TC1GT2GA5GCAGCTGCGC3GA10ATAC3CT1ATTC5CTACAG9GC2TG8TG2AG2GA5TC2GA5CAGT4TCTCCAGA8TC8TG3CT1AGAG7CG20CT2CG2TG5CG5CT3TACG1CT10GC3AG1CG8CG3CAGACG2CG6GA1GT2GA5AC3GA11AC1GTGTCGTC1AGCG7AGCG1CACA2CG2AG2CTAT2AG1CGTC2GACT4ACTGGC5GTAC1CG5TA1ACTC2CT2-T-G-A-G-G3-C3CA1AC1TC1-T-T-G-G5C-3CT5TC8CGGC2CAATAG6CA1CT6CGACGC2AG4CTCT2CG2CG8GT3AC1CG2CATG4TG2GT14GA2CG2CT5GA2TC2CT1ATTCAGGA1GA1CT2GA2GC2GC3GT4GA2CT5TA5CG2GA5
vOTU_071	NODE_505_length_2479_cov_12.435231	68.532	1608	6393	2479	3225	4802	1945	369	1.32e-146	521	1102	5TC2CTGT1TC5TC3GT1GC5CG5CGGATCGCAG1GA2TC3GACGTC2CG2TC2CT5AGTA2GA1CGGCCA3CTAT2AG1GCCG1CGGC10GC2GC2TC2TG5AT2GCAGAG14TCCAAC3GATA1ACAC2CG4CTTG9GT1AC2GC7CTCG2ACGA1GCAG4AG1GC3GC2CG10AT4GC-A6GC1AT1CG1ACT-2CACT1CT11GC8TCTACGGC3GA1GCTGCTCG6AG1CG3CA4GC2TG5TA6ACCAGA2TC12AGCTCT2GC2TCCT1TC3AGGACA3TC1CG2GC5CG2TCCA1AC2CG3C-3A-3-G-A6TC2CGGCCG4CG2TACGGC8GA2AG2CT2TG2CG8GC2CT1ACCT8TG3AC1-G-T1AGGA2TCG-A-5CG5GA1GC3TA1GCCACACG3CG1GA5CG2GC2GATG1CG14CG2GTAT2GATCCG1GC3GA2TCGACATG5CT5AG8GCCT3CG6CT4AG6CG5AG2CACA1GC11CT2CG2CG2GC8TC5TC17TG6CG2GA1TC5TC1AGTG2AG2GTGC1CG2CG2GT3TG-C3AG1TA2G-1TG8-C-G2CAGC1T-C-3AG1TC6GATATGCGGCTG11TC14CT4G-G-A-1GC3TGCG3-T-A-T4TGCA1GA1CTGC3GA1CT2AGGA1GA1CG2TG2CG1TACG2GC5GC1TCGC6GAGTTGCA7AC11CGGACA1TGCTCG1CTGT2GCACAG6GTCG5GACGGC3GTAC1CTTC4ACCT1AT4TC4AG1AC2CT4CG3CA1GCAC1CGGC2GACAAC3-A-C1TG3-A2AT1C-A-A-10CGGC9AT1GC3CA1GC2CG2TA11GC1CGGC2GCTGCG6CTGC1CG4CGCT6GT1GC1TC1AGACTGGC4CG2CG2GA2CT17CG8TG2GA2TGGT1AC3AC1AC2TC8CA11TG2GA5GC4TC3GC11CG2TC3GATC9TG5CT5CG11CG1GA2CGAGTCGA2GC1CT3TG3A-A-G-2GT1TATA2-A-T4GCAG1G-3C-4C-2CG1CA1T-1AC3TGCTGTGT1ACAC4GT2-T1TACT1AGAT1TA2CGTAGCAT4T-C-GC6CTGC3-C-C-G1AT1ACTCTG2AG1TCTACTGT2AG1TA1GT3GA2G-1TG3-TGT4AC1GC3-A-C-A4TACA1GT6C-A-A-2CG1CGGC3TACACTAC3TC1CT3ACACAT1CG3CATCGC2TCTACAGC2TC2CG5ATGC5T-3-G-G-C3AG4ATTCGA1GT3TG4GCAG5CG5TA4GC2GC7ACCG2TCCATCGC2CT8CG3GA1TC2TG5CG3GA7CT2ACAC1CA5TC2CG11TACT7TC2C-2T-G-TA4-T-C-T7TGCGAGCACA11
vOTU_071	NODE_304_length_4229_cov_11.308098	66.776	915	6393	4229	3530	4414	1244	2120	5.28e-44	179	611	16TACGGC2TCCT1TC4GA6CG2GC3GA4T-4GCCGGATATC5GT1CGTG1-G6GACG5TG3TACGGC2CGCA1GC3-A-C2AC2CT1-G1TC5-A3-A1AG1GT3G-A-9TG-G3-G-A1TC1AC6T-C-A-5GTGC3GCTG1C-1CG3CT-T3CG1GA6AT1GT3TA1CG11GAGACG1CATCGC2CGGCTGCG5GA2TCGACATG2AGGTGC6AG5AC2GCCTTA4GA-C3TAC-3AGA-C-2GA2-A-G6AG11TC2CT2CT2CG2CG2GC2TCGCCG1CGGA6TC1ACAG1TC1AGTC5AGGCGACTTG5GTCG2GA1TC5T-G-A-T-4TCGT2C-G-C-C-C-5T-T-G-C-4GT4GCCT1-T1GCGAGATC9AG1TC2-A-G-A6TGCGGCTC11TGGAACTC9CATC5-C-C-G-G2AC6C-2CA1CG2TG1CG1T-2T-C-A-G-C-3AGGA3CG2TC3CATACG2GC5GCAGT-3-T5GC9ACAGAT3TG3GA2GACACTTG1-G-A3GC4A-G-5GTCG1GC2CG1CG3CT2-G4G-4GTACCT3TG6AG2CT4-T-T3AT2G-A-4GC2AG3GC1CTAGGC3GCCGATAG5GC3GACGGC11GC2GCCT4CT2TA5CTCA1GC2G-G-3AT1TA1-C-G2GAGC3GA7CT2TC6AG1CTACATTGGC4CT2CG2GA8CT5CTATGCCG8GC2TG2GACA1TG2AG3AC1AC2TA18CAGTTG8GC2CTAG1CG11CTGTCG3TC2GT6CTAGCG2TC5CT4GTCG2CTGC4TG4GA1-G5
vOTU_071	NODE_304_length_4229_cov_11.308098	67.601	321	6393	4229	4613	4927	2319	2633	3.34e-21	104	217	2TC2CG6GA5TC6AG8GC3TACA3GTAG1TA1CA7TA1CTCG1GC2GC3GTCA6T-C-T-1TA2GA4CG1TG1GT2GC1TGGA-A-G-T1TC3GCCTCT5CA2CA5ACATACCT2TC2TC3GCCTTG2CG6CGCAGC2CG2TC2C-G-A-3AG4GT2-G-A-G5AGCACT12GACGGCGA2CGTAGT1CTGTAT7TC2CG1AC2TC13GACAGT2TC3GAGAAG3GACT2AC2AGAC3GA7AC5GC3CA1GT2TC1CT6CT1CTTG2TG5CG5TG4
vOTU_071	NODE_261_length_4803_cov_14.739890	68.018	444	6393	4803	3951	4385	3098	3532	5.64e-31	137	302	10CTTC12CATACG2CG2GTAG1GTCGCGTATG3CTCGCA1GC4TACT1TC2GC4ATGC3CA2TC2CG2CG3AC4GC1TCGC5GA3CA1GC5AGACAGGC1CT-C-A5TGCT1CA1T-C-C-G-C-7TATA10GC6ACTG9AGCT3TC2AGCA1GAATTGTG5C-2AC1T-G-1AT4-C-C-C7TC1AGGC3GTCGATAG9GT4CTAGACGCCA2AT5CG7TA5CT2GC1-G1GA2GTACAGGATC2-G-G5CT3TATC9-G5T-CG1ATTC1CA2TG8AT9GC2CGAG2GACA1CG1AG5TC3CG1TG1CA4AC2GTACTC8CT3CGTAGC3CGGTTG2GATA7CG17CA2TCGTCTGCGA4TC5TC3
vOTU_071	NODE_775_length_1629_cov_10.955527	68.108	370	6393	1629	1564	1926	670	308	6.44e-24	113	252	2TC5GC2CT5CA2TC2TC2TCTA4CGCA4AG2TC1CA1GACTGT5CG2CG5GC2CA2CT8CT2CTAG1CG2TG1TCGCG-A-1AT1TA2GA3-A-A2AC2CGTCTC3TC2GT6CT25-C-A1GC2AC4-ATA1AT2TCCG3AGAGCG4GT1TAAT3C-G-T-C-2-A3CT2CG5CT5GCAGGACA2TC2TACA1CGGC1CG15ACACGTGACGTC6ACCACT3GCTACG2CT2-GTA1AC1GA2ACGC1GC1A-TC7CGGA1CT2TG5GTGC1CG2GTAT1TG7GT1GACATG3CT3GC6GT5GTAC16TG2TC3
vOTU_071	NODE_189_length_6219_cov_14.268981	67.494	443	6393	6219	3951	4385	3228	3662	2.25e-23	111	299	10CTTC12CATACG2CG1GC2-G2CG1TGT-3CTCGCA1GC4TA2TCCG1GC3GAATGC3CA2TC2CA2CG3AC4GC1TCGC8TCCA1GC5AGACAGGC1C-2CAG-G-2G-1CG1CGCT1-A1GA2GA3TATACT9GC6ACTG9AGCTGC2TC3CA2ATTGTG5C-2AC1TA-T-C1AC2GC2GC2A-1CA1TC1AGGC3GCCGATAG5GC3GT5AGAC1CA2AT5CG4CG2TA2GC6AT1GC-A-G-C4AC1TCCG6CT3TATC3CT7-G3TGC-1ATTC1CA2TG3CT4ATCT11CGAG2GACA1CG1AG5TC3CG1TC1CA4AC1AGGTACTG8CT3CGTAGC3CGGTTG2GATA7CG17CT2TCGTCTGCGA4TC5TC3
vOTU_071	NODE_82_length_9674_cov_13.751222	76.531	98	6393	9674	2473	2570	4165	4068	5.65e-12	74.3	75	5CATG1CG7TAGA6CAGCCA2GA3GA17AGGA2TC4ACCAGACG7CG2GA6GCCG3CA5GC5
vOTU_072	NODE_12006_length_260_cov_0.936585	82.101	257	6246	260	2072	2328	2	258	2.34e-67	257	211	5AG8AG11CG2AG5GC2AG5GC17GA2CG1TC6CA8GA1CGGACGCA6AG8ACGTCG6GC2CA2AC2GA2CA1CGAC5GCGATCCG5AC2GA5TCTGCA3TC1CG6GA2GC17TC23GC8CT8GC8CG5GA11
vOTU_073	NODE_2512_length_549_cov_0.890688	87.013	77	6209	549	524	600	109	184	2.04e-17	91.5	67	9AC7TC12CTAC25CG1G-GC3GA3CT2TG5
vOTU_074	NODE_123_length_7968_cov_10.013269	65.868	334	6183	7968	1763	2094	2397	2728	1.56e-12	75.2	220	5CG2CGAGGC4CATC4GA1GC2CT5GC2AGCT2AC2CAATGC2GC5CGCT2AG1CG12TACTGC1CACA3TG2-G2-T2AG5AGCA1C-2T-4CAGACG3CA1GC4AC1ACAG9CTGATC3AC10GACGGACT6TC1GC3AGCA1CTCT1GCTACT1AC7CGTCATCG2GCGA1GCGAACGC13AT3TC1CG4CGAC4CA1GCCAGACG2TCTG4CGCAGACG2CG1ATCG2GC1CG9CT3CT1CG1TG3GCGCAG5AC4AT5AG2GC1CG3CGGACAAG1GA3GA2CA4CTAC1CG4GA3
vOTU_076	NODE_64_length_10693_cov_14.543147	70.008	1237	5969	10693	1624	2841	8710	7496	8.30e-149	528	866	3CT1AT3AC5GACG4AG3GCATAG2GCGA1GC3CG3ACTGGT4CG1CATG5-T4CA1G-2CG5AC3GC5TG1AG2TCCAGACG3AC7CG2CGAG2ACAG6TG5GA2GC5CG1GAGT2CG2CGAGGCCG8CT3CA2ACAGGC1CA9TCTC1CGCT7GT1CG1TGCAGCTGCA1GA1CGGC4TCGA1GC2GC11AG2GA3CG4TC9AGTC3GCTACAGC13ATCT1TC3TC2CT2CG8AG6AC1GC6TCGA12GAAC16CGACAGGC23GC2GATACGTCGC1GT1CAGC3GCCG5TG1AG2GACA3CG2GC2CGATGCCG2GC2TCTG10GC2TG3GT11CGGC3TC3GA1GC3GA1GC5CG9ATGCCG5AT2CGTC4CG2GT1TCGC4TC7CA1GC5TC11CT1GCGC6-G-C2GC1A-C-1TC3GC1GATA9GC2AG2TA7CG2GA5CGAT3GTCG5TC2-C-C-A10AG4TCAC1CG2GC8GC2GC1T-C-2GC4CT2CGGA3-G-G5AG2CG5CT5CT8AG5CG1AT3CT11AG2CT3ATAG3CTCGCAGC2GA3TC1GTCAGACA5GC1AGAG9GC1TG5GCCA1AG8CG2CG1CA3CTACTA7TGCG3CT2-T2CG1G-1GC2TCTGCG3GA3CA8TGGC10CG13TGTG3-C-C-G-C-C-G-T-T-GTC3ACCG1GTGCGCCG1ACGT4CTAC2CT1TA6GC3TG8ATGCCG3GA1GC7GTCGTACGCT3CGGATGGCAGCG4C-3CG1-T1GA8CG3G-T-3C-A-A-G-G-A-G-T-C-G-7CA2CACG9AG1CG3ACAGGC5CGGAATGC2GT17GAGAACAC8GA2CT8AG2TG2GCGTTA3GC2CG6GCAGGC1AGCGCAGACAATTC5GCCG5GACGACAG5TGCT2CT1GC3GATCTC1GC3CG2GC14TC2CG7CT1TGCAGT8CA1TGCG2GT5CGACAT4TACGGC10A-G-C-3GA4CG4
vOTU_076	NODE_64_length_10693_cov_14.543147	71.166	163	5969	10693	135	294	10222	10060	3.55e-14	81.5	116	2GC2CG11GC1AGGT8AC1ATGC1TC9CT5TC1CACT5AG2GC5GA1TC1CGAT5GCGTCT7TC8GC1GCGTCGGATGTC7CGCGGC5CGTC1CT3TC6CG2TCTCGC4-G-C-A1GC6GAGC5
vOTU_076	NODE_64_length_10693_cov_14.543147	73.134	134	5969	10693	3311	3440	7011	6882	1.24e-13	78.8	98	2GA5AG3AC4AC2GA11CG9TCAGTG5CT8GC5AC1CGCG1GT6ACCGTC6C-T-T-C-1AT3AC2CA1-G-A-G-A1CA8AT2GC3CGGAGT5GC4
vOTU_076	NODE_358_length_3737_cov_26.446225	69.078	1106	5969	3737	1742	2829	1851	767	3.78e-115	416	764	5GA2GC2GA4GAGCCA4CGAGGCCG11CT3ACAGGC1CA10TGGCCG6CA2AGCG1TCCAGCTC3TCCGGC4TCGA1GCGATGGC11AC2GA3CG1CG2TC2GA2CG2GAAGTC3GCTACAGC14CT2CG2TC14AG6AC7CGTAGT4AT1GCGA1GC3AT4CA7AC3CGACAGGCCGAG9CT2GCCT6ACGC2GCTACGTCGC4G-2GT3-C4TG1AG2GACA3CG5CGATGCCG2GC3TG7CTAT4TG3GT10CT1GCGC2TC3GA1GC6AC7CG2GC2CTATGCCG4TCACGA2TC13GA1TC7CA1GC2CT2TC8TG5GC2TCCACA2TCGTGTACCG2CG4GATG8TCGC2AG2TA10GA8GCCAGC6TCGT1-G-C-A10AG1CG2TA2CG2GC13T-C-2GC5CT1CGGA3-G-G5AG2CG11CAATGCCG5AG5CG11GC5AG6AGAGCGCGACCGCACT7TC3GACA5GC1AGAC10ACTG5GC2AG2GC2AC8AC3ACTA7TGCGCT5CG1CGCGGT1GC2TCTG7CT9TCGAGA5GT2GA2TG5AG5TGTG3TC3-G-G-T1CTAC1GA2AG1-T-C-C-CGC2GTGC2-T-C5TC3CA1GC3TG4GC2CTATGCCG2GCGT8CAGACATACG4CGGCTC7C-T-G-C-4TA2GAATAG2CT1CG2TG1A-AG5A-GC2G-3TACGGA1CACT2CT3-TAG2AGAC1ACCG1T-T-C-A-A-G-6GCAT9AG2CA5CG2GAGTACAT5AT5CG2CA5AG2TG4TCCG2GT10ATGC2-T-C5T-C-G-G-C-1GC8AGACGCGT3TG3CT1GC3GATCTC1GC3CG2GC2CT5GA5TC2CG5GA1CTCTTGCAGC10TGCG9ACAT3AGTACGGT8CG2GA2
vOTU_076	NODE_485_length_2624_cov_14.814714	68.528	1128	5969	2624	1742	2852	2379	1269	4.31e-108	393	773	5GA10GAGT5CGAGGC4AG11ACAGGC1CA9TCTGGCCG8G-2CGTG1GATC1GC1TG2-C1GA2TG2GCGATGGC8GA2AT2GA3CG4TC9AGTCGT2GCTACAGC13ATCT2CG2TC5CT8AG6AC7CA1GT5CGGCGC1GC2GAAC12ACCG2C-1AC2AG1-G3AC1CG2CT2GT5CTGTACGT2GT2TCGC1GT6GCCGGC4TG1AG2GACAAC2CG2GC2CGATGCCG2GT2TCTG7CTAT4TG3GT1CA2GA2GA4GCGC2TC3GA1GT6AC10GC8GCGATCAC3TC13GC1TC7CA1GC5TC8TC4GCGC6-G-C2GC1AG1G-T-3GC1GATA2AG6GC2AG2TA7CT2GA5CG2GCCAGC3CA3GT1CG1-A-T-C8AG1CG2TC2CG2GC5GC9TCCG3GAGTCTCG3GCCG3CT5CG2AG1ATCT2GT8CT2AG2CT2CG2CT8GC5AC2CT3AGAG1CGACCGCACT3GA3TC3GACG2CT2GC1AGAC11TC7AGAG2GC2AC8AC2CTACTA7TGCG6CA1CACGGC1GC2TCTG7CTCT8TCGA12TG5AG5TGTG1GA1TC4-G-T-G-T-C-C-G1AC1GAGT1ACACGC2GTGC2-T-C9CA1GC3TG4GT2CTATGCCG3GC8CAGACATACG5GATGGC1CG5TGGCCG2CA4GCATAG2CG2C-G-T-C-A-AG5A-GC2G-3TGCGGA1CACT2CT3A-1CGATAG1ACCG1T-T-C-A-AGGC6GCAT12CT5CG3GAAGAC5AC2GA2CG2CA5AG2TG4TC3GA8GA1ACGCTC1CTCG2-GAG1CGGC4C-2GT2GCCGATAC2CT5GTCT1GC3GATCTG1GCCT4CTGC2CT5GA5TC2CG7CT1TGCAGC8CT1TGCG2GC2CG2CTACAT4TACGGC11GT2TCCAGT4CA1GCAGTC5AG1AC3
vOTU_076	NODE_479_length_2680_cov_28.763048	69.015	1107	5969	2680	1742	2829	790	1874	4.31e-108	393	764	5GA2GC2GA4GAGCCA4CGAGGCCG11CT3ACAGGC1CA10TGGCCG6CA2AGCG1TCCAGCTC3TCCGGC4TCGA1GCGATGGC11AC2GA3CG1CG2TC2GA2CG2GAAGTC3GCTACAGC14CT2CG2TC14AG6AC7CGTAGT4AT1GCGA1GC2GAAT4CA7AC3CGACAGGCCGAG9CT2GCCT6ACGC2GCTACGTCGC4G-2GT3-C4TG1AG2GACA3CG5CGATGCCG2GC3TG7CTAT4TG3GT10CT1GCGC2TC3GA1GC6AC7CG2GC2CTATGCCG4TC1GA2TC13GC1TC7CA1GC2CT11TG5GC2TCCACA2TCGTGTACCG2CG4GATG9GC2AG2TA1GC14CG2GCCAGCCG6GT1-G-C-A10AG1CG2TC2CG2GC5GC9T-6C-CT1CGGA3-G-G5AG2CG5CT5CAATGCCG5AG5CG2CT2CT5GC5AG2CT3AGAGCGCGACCGCACT3GA3TC3GACG2CT2GC1AGACCT9ACTG5GC2AG2GT2AC2CG2CG2AC2-T3C-6TG1CG5CG1CACG2GC2TCTG4GA2CT9TCGA11GATG11TGTG3TC3A-1AGGT1GT1AG2-C-G-AAT1GC3-T-T-C-G-A-T-C2CG2TC2CTCA1GC3TG4GC2CTATGCCG2GTGT8CAGACATACG4CGGCTC7C-T-G-C-4TG2GAATAG2CT1CG2TG1A-AG5A-GC4-A-A2TGCAGT2CT1C-4A-2AGAC1A-1CG1T-C-A-A-G-6GCAT9AG2CA5CG2GAGTACAT5AT5CG2CA8TG4TCCA2GT10AT2AT1CG2A-2GA2A-G-CG7AGACGCGT3TG2GCCT1GC3GATCTC1GC3CG5CT5GA5TC2CG7CTCGTGCAGC10TGCG5CG2CAATAT3AG2GC8CG2GA2
vOTU_076	NODE_82_length_9674_cov_13.751222	67.317	1178	5969	9674	1676	2829	7547	6397	1.08e-96	354	793	2CG6CGTAGT2CG5AG9TG4TC1GACA2CTAC1GCATTG3CG3AT-C2AGAT1GC1GATG1T-5GA2GC5CG1GAGC5CGAGGCCG8CT2CT2GTACAGGT1CAGA9TGGCCG9ACCG1TCCAGTTC3TC1GC4TCGA1GCGTTC9GA2AC2GA3CG4TG9AGTC3GCTACAGC13AT3CG2TC14AG6AC4GC3TCGT3GA2GC5GA5CG2GA4AC3CGACA-2AG1-T3AC1CT2CT10AC3GCTACGTCGC4GTCT2GCCGGC4TG1AG2GACAAT2CG5CGATGCCG2GC3TG1GT5CTAT4TG2GAGT7GA4GCGC2TC2CTGA1GC6AC7CT2GC3ATGCCG2GCGATCAC3TC4CG8GA1TC7CA1GC2CT2TG13GCGC6-G-C-ACTTC2AC2TA4G-G-T-9GC2AG2TA1GCCT7GA5CG2GCCAGC6TCGT1-G-C-ACT9AG1CG2TC2CG2GC8GC6T-5GT1CTTGCA1GC1-G6AG5AG1AT6CGATGCCG2CT2AG5CG2CT8GC5AG2CT2CTAGAGCGCGACCGCACT7TC3GACG2CT2GC1AG11ACTG5GC11CG2CG5CTACTACA5GATGCG5AGCA1CACGGC1GC2TCTG1CG5CT9TGGC6GT5TG2CT2AG5TGTG1GA1TC3-G-AAC1ATGC3ACAGGAAT1GC3-T-T-C-C-A-T-C2CG2TC5GC3TG4GC2CTATGCCG3GC1GT2CG3CAGACGTACG4CG1TCGC1CG5T-G-3CA1TAGCGT1A-A-2CT1CG2TG1A-A-CGAC3AGGT3-G-A3TACAGT2-T-G-C-G7ACTG1A-A-G-A-C-C-T-T-C-A-A-G-6GCATGT2GT5AG12GTACAT5AC2GA2CG2CA5AG2TA4TCCA2GT5C-G-A-3GATGAC1CTGT2TC2GCCG1GC9ATGCGTCT2TC3CT1GC3GATCTC1GC3CA2GC8GA3GA4CG5GA1CT1TGCAGT2CG5CT1TGCG2GC2CG3ATAT4TACGGC14
vOTU_076	NODE_747_length_1708_cov_27.770720	69.646	649	5969	1708	2205	2829	1708	1087	1.16e-64	248	452	10GCCAGC6TCGT1-G-C-A10AG1CG2TC2CG2GC8GC2GC3T-5GT1-T-G-A1TC3C-C-5AG2CG17CT2AG8CT2CT5GC5AG2CT3AGAG4CACT12CT2CT4AGAG10ACTG5GC2AG2GC2AC2CG2CG2AC2-T3C-6TGCG6CG1CACGGC1GC2TCTG7CT9TCGA12TC11TGTG1GA1TC3-G-G-T1CTAC1GA2AG1-T-C-C-CGC2GTGC2-T-C8CTCA1GC3TG4GC2CTATGCCG3GT8CAGACATACG4CGGCTC7C-T-G-C-4TG2GAATAG2CT1CG2TG1A-AG5A-GC4-A-A-G-A3-G1GT2-G2CT4ACTG3GT2CGTC2A-A-G-A-A-C-A-C-C-G-A-G-CT10CA9GTACAT5AT5CG2CA5AG2TG4TCCG2GT10ATGC2-T-C5T-C-G-G-C-1GC8AGACGCGT7CT1GC3GATCTC1GC3CT5CT5GA5TC2CG7CTCTTGCAGC10TGCG2GC2CG2CAATAT4TACGGC5GTGA7
vOTU_076	NODE_5254_length_359_cov_64.194079	73.056	360	5969	359	1901	2256	359	1	4.32e-51	204	263	11AG6AC7CGTAGT4AT1GCGA1GC3AT4CA7AC3CGACAGGCCGAG9CT2GCCT6ACGC2GCTACGTCGC4G-2GT3-C4TG1AG2GACA3CG5CGATGCCG2GC3TG7CTAT4TG3GT10CT1GCGC2TC3GA1GC6AC7CG2GC2CTATGCCG4TCACGA2TC13GC1TC7CA1GC2CT2TC14GC2TCCACA2TCGTGTACCG2CG4GATG9GC2AG2TA19GCCAGC6TCGT1-G-C-A10AG1CG2TC2CG2GC8
vOTU_076	NODE_545_length_2339_cov_16.577496	68.439	583	5969	2339	1689	2260	816	1387	7.81e-48	193	399	2AC4AG5AC3TG1AC2TC6AC1GC2GC2CGT-3GC1AC1G-G-1GC2TG2CA2GA18AGGA16ACAGGC3AG1CG5TCTGGCCT5GCC-C-G-5-A-A1TC1GCGC1CA-T2GA2TG2GC3TC1CA7CGAC6CATC5CGGCAT1CG2GAAGTCGA3TCCT7AC8GA4TC2CGCA1CT2GC2GC2-C1CT2-C-C3AC3CT1GA1C-T-G-4AT1GCGC1GC2GC4CTCGACAG7TA1CT1ACGTCGAT6CT2CT13ACGCTA1TCGC1GT2GC3GCCGGT2AT3AG1CTGT1AGCG2GC2CA1CGATGCCG2GC3TG1GC2CG4-G-C1GTAG3TC1G-C-3GAGTACGC4GCGC6GCTA18GC5CT2GC2AC3TC4CA2GC1TC3GC2GC2CG11TG8TG5GC5GCCGTGGC2CT1TC3GT2TC9GC2AG2TGCAGT6GAATGCGCCA6GCCAGC6-C-C-GTG1CGCG2GC10TATC2CG2GC2GC5GC3
vOTU_076	NODE_1293_length_957_cov_15.977827	67.807	643	5969	957	2205	2829	957	336	1.41e-44	181	436	10GCCAGC6TCGT1-G-C-A10AG1CG2TC2CG2GC15TCCG4-T-T1CT1TC3C-C-5AG2CG11CGATGCCG2CT2AG17GC5AG2CT3AGAGCGCGACCGCACT7TC3GACG2CT2GC1AGAT10ACTG5GC2AG2GC2AC2CG2CG2AC2-T3C-6TGCGCT5C-2CG1-C1GC2TCTG1CG5CT9TCGA11GATG11TGTG3TC1GT1AGCGAT1-T-C3ACAGGAAC1GCGA2-T-T-C-C-A-T-C5TC3CA1GC3TG4GT3ATGCCG2GAGT8CAGACATACG4CGGCTC2CG4C-T-G-C-4TG2GAATAG2CT1CG2TG1A-AG5A-GC3-G-A3TACAGT2CA1C-4A-2AGAC1ACCG1T-T-C-A-A-G-5CGGCAT6CG2AG2CG5CT2GAGAAGAT5AT5CA2CA5AG2TG4TCCG2GT10ATGT1AT1CA2A-2GA2A-G-CG7AGACGCGT3TGCT2CT1GT3GATCTC1GC3CG2GC11GA2TC2CG7CTCGTGCAGC10TGCG2GC2CG3ATAT3AG2GC8CG2GA2
vOTU_076	NODE_97_length_8869_cov_14.132970	67.481	532	5969	8869	1739	2260	1477	953	2.39e-35	150	359	2TG2CG2GA17CGAGGACT2CG5CA2CT3ACAGGC2GTAG1CG5TCTGGCCG5GCC-C-G-5-C-A1TC1GCGT1CA-T2GA2TG2GC3TC1CG7CGAC5GACATCCT2TC1CGGCAT5AGTCGT3TCCT7AC1CG6GA4TC2CGCA4GC2GC2-C1CT2ACTCG-3GCCT4TAGT4AT1GCGC1GC2GC4CTCGACAG7TA1CA1ACGCCGAT6CT2CT13ACGCTA1TCGC1GT2GC3GCCGGT2AT3AG2GT1AGCG2GC1GACA1CGATGCCG5TCTG4CG4-G-C1GTAG3TC1G-C-3GAGTACGC4GCGC6GCTA15CG11GC2AC3TC4CA2GC1TC3GC8CT8TG8TG2CT2GC6CGTGGC2CT1TC3GT2TC2AG6GC1GCAG2TGCAGT2GA1C-3GTGT1-A6GCCAGCCG2CG3-C-G-C1CGCA13TATC2CG2GC2GC5GC3
vOTU_076	NODE_24924_length_213_cov_1.215190	74.419	215	5969	213	2249	2461	1	213	1.84e-30	135	160	11GC3TCC-G-5CT1CGGA3-G-G5AG2CG4AT6CAATGCCG5AG8CT2CT5GC5AG2CT2CTAGAG4CACG11GACG2CT2GC1AGACCT9ACTG5GC2AG2GC2AC8AC2CTACTA7TGCG3CT2CA1CACGGC5TG7CT9TCGA7
vOTU_076	NODE_27263_length_165_cov_41.936364	79.339	121	5969	165	1835	1955	121	1	8.92e-22	106	96	11AC2GA3CG4TC9AGTC3GCTACAGC14CT2CG2TC2CT11AG6AC7CGTAGT4AT1GCGA1GC3AT4CA7
vOTU_076	NODE_27258_length_174_cov_8.000000	77.600	125	5969	174	1835	1959	45	169	3.79e-20	100	97	11AG2GA3CG4TC9AGTC3GCTACAGC14CT2CG2TC2CT8GC2AG6AC7CGTAGT4AT1GCGA1GC2GAAT4CA7AC3
vOTU_076	NODE_2007_length_648_cov_9.902192	70.455	220	5969	648	2627	2846	535	319	1.32e-19	98.7	155	6GCAT6CT2AG2CG5CG3GTACAG5AC5CG2CA5AG2TG4TCCG2GT2CG7AT2ATCTC-2ACTG2GA1A-G-8AGACGCGT3TG3CT1GC3GATCTC1GC3CG2GC2CT11TC2CG7CTCGTGCAGC10TGCG2GC2CG2CAATAT3AG2GC8CG2GA2TCCAGT6GTACTC5
vOTU_081	NODE_162_length_6784_cov_11.943231	68.059	814	5722	6784	1886	2686	4820	5626	3.87e-64	247	554	10CAGA3CGGA1CT2GC2GA5TG2CG5TG5CG1ATCGCT4CG1GAGT1GC4GC3TGCGGTCAGT1CAGC1AT3CT11GT2CGCG2GCCGCG8TC3-G3GAAG2CG4ACCG1CA1C-2CGCT1CT4GCCG2CG4GC3CGCT1CG2CGGT1CG5GC2TC2CA2TC2GT5CG2CGT-3TGCG1AG1GC2CG3-T-T-G-C2CG5CG1CGTC3CT1CT5CACG3TC6CGGC1GC5GC1CG3CG15CT3CT5TC3CAAC3CG3GT1AG3ACCG1ACTACT2CG1AT3TCCAAT1GA2GCCACG1AGTG4CT7CTTGGC3CA1GTA-3TA1-C9TCTACG11CT3CT1GT2TG2CG3GC7CG6CG2CG1CG2CTAG1CG2CT1ATCA5GCGTGCAGGCCGCT3ATACCG9CT1CG5CT2CT2CG5CGTACGGC2CG3CA1CT4-A4CG2CT1A-2CA4ACCACGGT3TACAT-1CT3AC-T2-G-A-T4TACT9AGAT1GACA4CA1CG5GC1GA1TC1CT8C-3-C11CG2TGCA10CG2CG2GCCT14CA1CGTGCGCGAT1GCATGCCG2GC1AGGT8-GCT4TG1G-2GA5AG1CG1GC3CG2CG8CT2GCCA1GC2CT1CTCT2GC9CA5CA1CG2CGCA1GT2CG2CG2CTAGAC3GCCT4GC5CTGCCA6GC5CG2CG4ATCT2CG1AT3CG2GTAT1CG5
vOTU_081	NODE_162_length_6784_cov_11.943231	66.017	718	5722	6784	441	1146	3275	3974	5.05e-31	137	474	4CA2TC4CG2GA2CA1CG5CG5AG2CG12AG1GC2TG5AG5TG4GC1AGTACG2CGCG-A-A2GC4TGCA3G-3CGGA1ACG-A-A-3-G-T4TC1GA7CG8CG2CG6TA1CT1CAGTGCCACG8CG6AG1CGGTATGT3CGCAGCGACG3G-A-T-4ACCTCA1TC2AG2A-C-1AG4GCGC1G-1GTACCG6AGAGCACA3CGTA1CG1CG1CGC-C-T-4-A-A-G3CT1TGCGATAC14GA2CG5CG1CTCG2CT3TG1CGGC1GT2TC5CAGA1GC5CG8AG5GT5GC3TGGT3CT2AG2CG2CG6CAGACGTA1TGCGCT1AGCAGA3AG21GC6C-CG1CT4CAGAGACA1-C5TGGC2AG1CG5CG8GA1GA1CACAGCAG1CGCG2CG1CG5AGAGGC1CA1CTCT2GACA1GA4G-1GT2-ATC1CGGT1GA3GC2GA1TG3GCGA3AGTAGT1AC4GCCG3CGCT4CG3CG2GT1CG8-GCG1CA1GTTG1GATG3C-1AGAC4CG6CG2CG15CT1CG2GA2TGGCAT1AC2AT1CG5-T3C-2GAAGAGTG5CG5-AGT3GCAGCACT2A-1CG5CGTGGCCG3ACCTCG2TG2GT1CT3CGCACA3CGGACG3CG5CG2CG2CG5CT7
vOTU_081	NODE_218_length_5599_cov_14.053211	66.667	477	5722	5599	4834	5305	646	1117	1.11e-26	122	318	5GC9TC2CG8CG2GAAT1GC2GA1TCCG7GA3CTCG2AG1CGGCAT3CTCG4CG6CA1GCAG1CT5AGAG4CT6AG1GC2GCGA4CT2GCCGACGC5GCGATACT7CT4CTGCCG2GA3CGACGCAG1CT1TC1AG4AC3TA1CGCAGACG3G-A-4-A-T-G4CGCT1AC1A-5CTAC1CGCA1CGCG1GCCTCG1TCTG5GTCG4CG3ACCGCGTC1CG3TGCGGC1TA6CGGC1CGGAATGT14GC5CT5GC2CTTG1G-2GA1CG2-A4GC2CT2CT5CTCGGC1CA7CTCATCGCGA3TC3CG3GC1CG1GA1AC1CG2CG5CG5TC2CG1ATTC2CG2GC5CGTC1CT5CG2CT2CTAG1GC1CGGC5CG2CG7GACT2G-3-C2TC1AT3GC12CT4GA5CG1CT1AGGC4GC2GC2
vOTU_085	NODE_81_length_9764_cov_18.981975	71.935	367	5590	9764	3182	3544	1940	2305	8.91e-47	189	264	5GC5-G4AC2G-3TG4GATGTC5GC1GCTC2TG5CG2TGTG1GA2GA3TCTC3GC2CGCA1GC2CG3CTCT3GC2AC4AG6TCCA4CA1CTAGAGGC6AG2TC1AC3GA9AGGT1CTGT7-T-C-A5CT6GA7CT1TCCG2AC1CG1TG6GTCG14CGCAACGC8CGAC7AG5TC11AG2AC2AG2CG1TGCT3TGTCGC2GA10CTGA2AG2GA1CATATG3ATTC1CGCA5AG6GACG3AT2CG1TC1TG4CT3TAGC2GTCG11GC6CGGC3AG2AG6
vOTU_085	NODE_81_length_9764_cov_18.981975	73.381	139	5590	9764	3902	4040	2636	2774	2.73e-15	85.1	102	7AG2GC2GC1CG1GTACAG2CA2GC3TC2CGTCGC6GA1TC3TGGT1TG4AC1TG3AG8AGTG9CGGC1GAGC5GC1TG17TC3GC5GC1CA3TCGTAT3CT5
vOTU_085	NODE_123_length_7968_cov_10.013269	69.516	351	5590	7968	3197	3544	3772	3422	7.81e-35	150	244	2GC4TG4GATCTC8TC2TG5CG2TGTG1GA2GA3TCTCGC2GC2CGCA1GCCTGTCG3CTCT3GC2AC4AG2GACG2TCCA1CT2CG1CTACAGGC6AG2TC1AC3GA9AGGT1CTGT2CT4-T-C-A5CT6GCCG6CT1TCCG2AC1CG1TG6GTCG14CGCT10CTAGGC6AG5TC3AT1AT5AG2AC2AG2CGGATC4TGTCGC8CT4CTGA2AG2GA3TG3ATTA1CACACT4AG5GAGACG3AC2CG1TC10TA3GTCG2TC8GC2GA3CGGC3AG2AG2GC3
vOTU_085	NODE_123_length_7968_cov_10.013269	72.222	144	5590	7968	3902	4042	3091	2951	1.72e-11	72.5	104	7AG2GC2GC1CG1GTACAG2CA2GC3TC2CGTCGC6GA1TC3TGGTGCTG4AC1TG3AG8-G-C-T7T-3C-G-1GAGC5GC1TGCT16TC9GT1CA3TCGTAT3CT7
vOTU_091	NODE_2598_length_537_cov_4.948133	72.984	496	5275	537	2846	3341	499	4	9.57e-78	291	362	2AG5CG13TAGAGC2CT1CG5AGTC2TG2AG6TG4CA5TC1GAGA2AC12AT1AG5GTTG4TA1AG9CG4CT13CG3TC3GA2CGTGCGGT8AG4TA6CACTTC5CG1ACCACT2TC1GC5TCGA5AG1TC3GC5AG5CA2TGTGCGGA2CG2CG1TC3CGTC4GCCTGTGA2GA3AGTC1GCATCGCA16GT2TG7TC1GA3CTAG2GT2CG2CGTC8TCTG1CG8GC1TGGCCGAC1CG3GA5AG2GT2GT2GT14GC1CT7CG9TGCGGA1CG1CT3CG2GCTC1TGTA1GCGT10CGCA2CGACTG1TG9CATC1TG2CT3CGAC8TG5TG3AC1GA3AT3GC1TG12CGTAGC1GA6TC1TG4
vOTU_091	NODE_303_length_4230_cov_14.222994	72.885	520	5275	4230	2846	3357	3334	3848	1.17e-76	288	379	2AG5CG13TAGAGC4CG5AGTC2TG9TG4CGGCAT3TC1GAGA2AC12AT1AG4TGGATC4TA1AG9CG4CT13CG3TC3GC2CGTGCG9AG2AG1TA6CTCGTC5CG1ACCACT2TG1GC5TC6AG1TCGA2GT5AG5CG2TGTGCG3CG1CTCG1TCGA8-T-T-T-TGC5G-3AC2G-A-C-CA16GT2TG9GA4AG5-A2CG1TG1GA6TGTC1C-8GC1TGGCCGAG1CG3GA5AG2GC5GA2GT1CG3GA2TC2GT9CG9TGCGGA3CTGT2CT2GCTC1TG2GCGT10CGCA2CGACTG1TG6GA2CATC1TG2CT3CGAC8TC5TG3AC1GA3AT3GC1TG12CGTAGC1GA6TC1TG4GC1ATAGGA5-T-G-C6
vOTU_091	NODE_303_length_4230_cov_14.222994	76.875	160	5275	4230	1897	2056	2640	2799	1.02e-26	123	123	4TCTG11CGCGGC2GA5GA5CA2TA1ACCG1AG2TCGT5AC4AGAT5CT5AT3ATCGCA5GA2GT5GC16AC2TGTA1CG5GA7AG4TC1CG5AG5AG4AGCT6
vOTU_091	NODE_1155_length_1074_cov_17.063788	73.077	520	5275	1074	2846	3357	1036	522	4.96e-75	283	380	2AG5CG8TC4TA1GC4CG5AGTC2TG4CT4TG10TC1GAGA2AC12AT1AG6TC4TA1AG9CG4CT3AG9CG3TC3GA2CGTGCG9AG4TA6CTC-5CG2AG1CA1C-4-C-G4TC6AG1TCGA8AG2GA5TGTGCG3CG1CTCG1TCGA8GTCTGT3GA3A-T-1GC2CT-G-A16GT2TG9GA4AG5CG2CGTC1GA5CGTCTG1CG8GC1TGGCCGAG1CG3GA5AG2GC2GT2GT1GA6GA2TCCT1GT9CG9TGCGGA1CG2GA2CT2GCTC1TA2GCGT4CT5CACA1GTCGACTG1TGGT4G-2ATCA3-G2CT3CGAC8TG3CA1TG3AC1GA3AT3GC1TG12CGTAGC1GA6TC1TG4GC1ATAGGA5-T-G-C6
vOTU_091	NODE_610_length_2095_cov_15.007353	72.581	496	5275	2095	2846	3341	499	4	4.96e-75	282	360	2AG5CG13TAGTGC4CG5AGTC2TG9TG4CGGCAT3TC2GA2AC12AT1AG6TC4TA1AGCT5CG2CG4CT13CG3TCGA2GC2CGTGCG9AG2AG1TAGA5CTCTTCGT1GT2CG1ACCACT2TC1GC5TCGT5AG1TC3GC5AG8TGTGCGGA2CG2CG1TCGA2CGTC4GCCTGTGT2GA3AGTC1GCATCGCA16GT2TG7TC1GA4AG5CG2CGTCGA3GA3TCTG1CG8GC1TGGCCGAG1CG3GA8GC5GC8GA2TC2GT9CG9TGCGGA1CG1CT3CG2GCTC1TG2GCGT4CT4CTCGCA2CGACTG1TG9CATC1TG2CT3CGAC18AC1GA3AT3GC1TG12CGTAGC1GA6TC1TG4
vOTU_091	NODE_610_length_2095_cov_15.007353	80.000	160	5275	2095	1897	2056	1103	944	8.98e-34	145	128	4TG10CA1CG1GC8GA5CAGA3ACCG1AG2TC6AC4AGAT5CT4AGAT3ATCGCA14GC1GA14AC2TGTA1CG13AG4TC1CG5AG5AG4AG7
vOTU_091	NODE_469_length_2728_cov_14.540965	71.676	519	5275	2728	2846	3357	1832	2346	1.97e-67	257	372	2AG5CG13TA1GC4CG5AGTC1CATG2AG6TG4CGGCAT3TC2GA2AC12AT1AG4TGGATC4TA1AG9CG4CT9GA3CG3TCGA2GC3TG10AG2AG1TA6CTCGTC5CG1ACCACT2TGCGGC5TC3GT2AG1TCGC8AG5CG2TCTGCGGA2CG2CG1TC3-A2-G3-T-TGCGC5G-3AC2G-A-C-CA1GT2CT11GT2TG5GA3GA4AG2GT2CG2CGTC1GA2GA2CGTA2CG7GAGC1TGGCCGAG1CG3GA5AG2GT5GA1GA6GA5GT9CG1GT7TGCGGA3CTGT2CT2GCTC1TG2GCGT10CACA2CGACTG1TG6GAAT1CTTC1TG2CT3CGAC8TG9AC1GA3AT3GC1TG12CGTAGC1GA6TC1TG4GC1ATAGGA5-T-G-C6
vOTU_091	NODE_469_length_2728_cov_14.540965	79.870	154	5275	2728	1903	2056	1144	1297	1.33e-31	139	123	3GA7CG1GCCT7GA5CA4ACCG1AG2TA6AC4AGAT5CT4AGAT2GAATCGCA14GC16AC2TGTA1CG13AG4TC1CG5AG5AG4AG7
vOTU_091	NODE_763_length_1665_cov_15.183230	81.169	154	5275	1665	1903	2056	711	558	2.57e-34	148	125	3GT7CGCGGC8GA5CA2TC1ACCG1AG9AC4AGAT5CT4AG4ATCGCA14GC2GA13AC2TGTA1CT18TC1CG5AG5AG4AG7
vOTU_093	NODE_162_length_6784_cov_11.943231	67.387	972	5204	6784	2460	3405	4834	5776	1.60e-68	261	655	4CT5GA9TG1AGGCCT3CGTC1C-G-C-6CGGCTA3CT1GCGC1CA3-G2-G-T1CT2TC1CT10GCCT1AG1AT3AG1CG2TG8TC2CG1AC4TGCG1GC1AG6CT2AT1GT8CG4GC1GCCA5AT1GT13CA2TCGC1CT6AGC-C-G-G-C-G-A-3GC1A-T-2AG1AG6-C-T-T5AG4CG2TCGAGT1CT1CT4GCTACGGC2TC2GCGA2AGAC1GC4TG5CGCGGC1TGCAAT8CG1AT3CT1GAGT2TC2TCTA1CG2AG1A-C-G-G-A-C-5GCTGGC3-C5GTCTGC1GA1GAGTC-G-4G-1TA3C-2CT1GC2ACTC1C-5ACACGA1TAGT1GC5-T-T-C-C-A-T-C3TA7TCGAGT2CT2GTCT1GT6CA2GC11CGATAG1GC8CT3CT1ATTA6GTG-3CG1GT1AGAT1-G5CG3CT10GT9TACGGC6CA1GTAG5GC1GC1CG1ATGC1AG4CGGC2CTGC2TAG-2GT3-C-T-C3-T4TACT2GCGCCG4AGAT1GA1TCCG2TA2TGCA1AGAC1GATA1TC2GCCACG2GC3ACCG3CT5AG8CG11TG2GCAT14CA2AG1CGCT1GCAT4GCGACGGT2GC5-G5-G3CA1G-G-3AGCG1TG17CT3CA1GC2CT2CT2GC9CAAT4CA7AT5CG5GC5CT9TCGACG8TCGCCG3CG4GTGT2AG1AT6GTAT1CG8GCCG6CT1GA3GC4AG2AT2GCGACT7-C1CA1-T-T-T-C6TGCA1C-1GC4C-2AGAT1CG2GC1TCGC2CT6GCCA3CGTC4GTCT2CGAC1CGCTTG5GC3GCCACG1TAGA9CG3AG7CGGACT8
vOTU_093	NODE_162_length_6784_cov_11.943231	67.848	395	5204	6784	3876	4250	6165	6548	1.50e-24	114	268	2AG5CT10GTGC2C-1TC4-T4TA1AGAG6CT17GC1TA2CGGCGAAC3TC3G-C-C-3AG2-C-T3-A5AC3GCTG4-G-T-C-A-A-G6ATAGCG5CT2TCGC2CGGC1GCCA4GA4GC2CT5GCCG2AG1CGGCTGCG2GA2TC2GCCAGA3CG4TACT2GCCAGACG2CG5CTGCAT2-C1CGTA3CG1GCCG2AC3G-2GCTGTACG2CG1GT3CGTC2ACGTCGCGGC3CA6CA1GT20CT6GCCT6CG-G-A-A-C-G2GA2TG2GA2-G-G-C-A1CA6GTC-G-3TC4G-C-G-G-1CG5GT20GA2TC8GT2GC1GAGA6
