vOTU_001	NODE_50404_length_225_cov_1.100000	76.027	146	43643	225	31574	31718	1	145	2.62e-18	99.6	111	9CATC2GC4CA2CGTG5AG1TC1CT1GA3TGCA6GC2CG5CG2CG2-T1AC2GC2CT1T-8AG17AG5CG2CG1ATCG3GC7CAGC3TACG1GT2CT6CG5
vOTU_001	NODE_53616_length_220_cov_1.163636	81.319	91	43643	220	31645	31733	10	98	2.02e-13	83.3	74	8AC2GC2CG11AC5CG4ATCG3GC13CG1GCGC8CGGA4T-T-4-A-G9
vOTU_002	NODE_21_length_48646_cov_541.704328	85.882	85	43474	48646	43385	43469	9649	9731	1.11e-16	93.3	73	7CAAG21T-1GT4TG3CA1A-22CATA1ACAG7GT6
vOTU_002	NODE_108_length_14433_cov_45.871609	82.143	84	43474	14433	43385	43468	2572	2655	5.75e-14	85.1	69	7CAAGGC4GA9CT5TAAG10TCAT2GC15CG3CA2AC4AG3GT5
vOTU_002	NODE_14899_length_348_cov_1.095563	80.723	83	43474	348	43385	43467	123	205	2.45e-12	78.8	67	7CGAG1GA1TC1GA9CT1AG4AGGA3TCTA4TC3GA15CT5TG5AG8
vOTU_003	NODE_3516_length_953_cov_19.708241	69.592	809	42130	953	32283	33083	926	121	3.51e-86	324	563	11CT2TG2TG5GA5GC1TGCG2CT2CGGCAG3CT11GA2GCGA1AC2AG2GA2GA2GA3CT2CT1GT2GC1-T-G-G2TG1CGTCCT1CG2CGCTTG2GA2TC2AC1CT6GA8CT5GC2CT5GA10GA2CT3CG5GA2GC2AG1CT8GTCG4AGCGTCTG16GT2TCCGGC1TC3CTGTCG6CT6AG4GC2CAGC4CT3CG1AG2CGTCTG3GCGATCCA2CT2CG1TACT5TG2AGCGTC6CT2GA2CT17GACG1GC2GC2CT1GCCT5CGTCCTCGTATGGC5GT1GCCG1AC6GA2CATGGC3GTCGTA6CG4CTCG1GC5AT3CG1ACCA1GA14CGGC4GA3GCCG2GATC16CG4CGGCATGC1AC2TCGA2CA1GT6GC2ACTCGTCG2CT1TCCAGC4GA1TA7CAAG2TCCGGCAT1CGCA9GA16GAGT5CGTCTG1GACTCG2TG2CT5TG2CATCTG2AT3CT2CT8CT5GT5C-TG1CTTG2-T5G-1GT1GA1GTGCCA1TATC1-C4TG1AG7CGGTCTCA1GCCT6CG1GC6AG1CT4TATC2CG5G-AC3GCCTAG2-G1CT3GT6CG4CT1ACTC2GCGACG2TAAG1GCGC5CG4CG6GT3GTGCCG1CT6GC1TGGC2CT11GT12GA1GA2-G-C2GC7
vOTU_003	NODE_1562_length_2133_cov_11.792108	96.875	64	42130	2133	31008	31071	691	628	4.89e-21	107	62	12GA37CT13
vOTU_003	NODE_15974_length_335_cov_1.203571	68.077	260	42130	335	32628	32884	308	52	1.95e-13	83.3	177	5GCTA3AC6GC2C-T-2GT2CG2-A-A2CT2CG2GA1CTCG1GC2GACG1AC2CG2AC2GA3CG5C-2CT1CT1-C8GCCGTCGCGATC6GA5GT3CG1CT2CGGCAT2ACCA1TCGA11GCAC1AC5CG1TCCGGC9AG4CAAGCGAG1CGGCAT1CGCA9GA13GA3GC2GC2CGTCTG1GACTCG2TG2CT5TG2CGTCTGCG1AT6CT8CT2GA5GT2
vOTU_003	NODE_7677_length_512_cov_2.032823	69.474	190	42130	512	41	230	155	344	1.95e-13	82.4	132	8CTATGCCA2TG12TCCGCG2GC5GT2GT3AGAG1TG4CG2CT2CATCCATA3AC1CACAGAGA1GA3GA6AG2GCATAG2CT5AC2CA8CGCA1GC5TCGC2AGGA9TCGC10CGAG8TATAGT2GA2CT2CAACCG4CA1AC3CTGT3TG4
vOTU_005	NODE_21288_length_286_cov_1.679654	71.569	204	39533	286	3803	4002	286	87	8.29e-18	96.9	146	9GT1CT1AGCG2CT11TC2GATAGA1TGGT9CG1TCGC8CG2CG2AG2GACAAC12GT2GA2TC6TC9ACCT1GAGA5AG2GC3TCTGCGCAAC5-T-C-C4CGCG2GTGT3C-T-T-3CG5CG2TC3A-GT1AG2GC1-ACTCT4AG11TC5CG2
vOTU_005	NODE_111_length_14274_cov_42.843730	75.573	131	39533	14274	3190	3320	7035	6905	1.01e-16	93.3	99	3AC2CG20CA7TCCA5CAGT10GA4GAGAGTACGA2TCGA4GT1CG3AG5CG2TG2CG3CTCAGT1GC6CT2TA2AG2GC2AG2TG5GA4
vOTU_005	NODE_2127_length_1564_cov_26.348575	85.333	75	39533	1564	635	709	218	292	1.50e-14	86.9	64	11AG1CT13GATC2ACTA16CTTG2AT9TA4TC6
vOTU_005	NODE_2297_length_1452_cov_21.815319	82.278	79	39533	1452	631	709	1327	1405	6.37e-13	80.6	65	2GA11TAAG16TC2ACTA1CT13GACGTG2AT9TA4TCAT5
vOTU_005	NODE_428_length_5999_cov_9.494448	83.784	74	39533	5999	636	709	156	83	6.37e-13	80.6	62	10AG1CA13GTTC4TGCA7AG1GA5TC2AT9TA4TC6
vOTU_006	NODE_29808_length_261_cov_0.932039	99.234	261	39529	261	10363	10623	1	261	5.20e-128	462	259	71GA169CA19
vOTU_006	NODE_20762_length_290_cov_1.634043	71.483	263	39529	290	24038	24299	274	13	1.40e-27	130	188	2CG8CT5-C2GA5T-5TC3AG2GCGACTCG5CG9CT1GC2GC4GT7AGAC3AG5CG1CT3CGGCCATG2GC1TG6CG1CTAC2GC11TC5CG1CA3AG2AG5CG5CG6CGTAGA4TC7TC1CG2CG2CA1GCGCAGGC3AG2CATG1CG2GCAC3GTCA8CGGT1AGTG1GCGATCGC1GT6GT5TG5TCATCG3CT2AG2CG4
vOTU_007	NODE_42_length_27243_cov_41.219876	69.032	1508	39259	27243	13461	14956	9106	10595	1.14e-161	574	1041	2CG2TC2AC2AG5TG5CG1ATCG2CG1GA3GCGTTC3GA5AG2AG2GAGA5CTGTAC8CT2GC1GTAG5CA2AC2AC5CGGCAT1TAGT9GT2ATTGTC2TCCA8CA7GCC-G-G-T-T-2GCTA1GC1ACT-2GTAT3GTTG4GA5AT2CT2CT3CTACAC1GT4CG1GA6GTCTAGTC3GTCG5CGAGTACG2TG1GT1TCTG3CTGT4GT3CGTA3CG10TCGA2GC1TAGA5TG2CT5GC2CG10GTAG11GC4GT3AG2GA8GCAG1GC5GA2CGGCATCGGCATCG1CT4CTAG3CG1GTCA2GC5AG3TAGTAGGTCT6GA5CT2AG2TC2GT1TC2CGAG2GA2CG2GT2TC7GA1GTTGTCTCGCGT1GAAT6GC2CGTA3CG3GACG3CT2ACTA1GTCGTACT2TC10GCAG8AC17CG8CG5AC1GACAGTCTAC17GA19GT7TAGCAGTCTCGA2GC8CG1GTAG2AG8AG2CG3AT3TG1GAGA3AC4TC9GA2CGGC1GC2AC1TA1GTAT4GA4GC2GA3CTCT1GCCT3CGGCTCCA2GA2CT1A-4CG3TA2AGGC1CA-T3AG4CTAG5GC5GA2GA2CG8CT3GC4CA2CG8AG3GCCA3GT2GC5CT2GC2CGGCATCG1CT1CACA3CGGTAT18CT9GA1CG6TAGC3G-A-T-3AC1CACG5-A-C-C1GC4CG4CT3AG5TC5AG2GC1CTGC1GACG1GT1GATA2TA3CG2AG2CT2GC2AG2GA4TCGT2AG2GT5GT2AC4-T4C-1GCCA2CG5GA8CA3-T4CTGT1C-GA5CA2AG5GA2CT2AC5AC1CG7CG4AT1GA3AC2CGGC4GA8CT5GA8TC2GA2AC1GTCG1TC3GA2CGGA1TGTCTG3GACG1AGTCTCCA1CACT1GTGA7GCTGGC1GA1GTCG1TAGC5ACAGTC2CA3GA11GC2AG2TC2CGGCCT3GC1TGCG2CG1CT2CA1GT1CG2-T-T-G-C4A-TC1GA1GA3G-T-C-2TG2GT1CT3GA5GA2GC2CG5AC2GA2CG2CG1TAAG2GTTGTC6GC1TGGC1GA3TG5CGCGAC6GT7GTAG5TC2CG5CT2CG1C-G-3-C-T2GA2TC1TGCGTC1GTAG1GAAT4GC4GT8CT1AG1CG8GA2GA2GT8TCTGGTCA5GA5GT1TC19TAGACA5GC1TGGC1AG1TG1CGTA1GCGTAG3CG8CT2GCGATCGA4CTGA2AT2GC3TAAT3CT2GCCG4AG5CA2GA5CT2
vOTU_007	NODE_42_length_27243_cov_41.219876	63.204	2147	39259	27243	2818	4910	135	2222	1.14e-47	196	1357	7AG7CT5TAGA1GCAGCTGC6GA2AGCG3GC2GA5GC1TCTC2GAGT1AGTA1GA2GA2GC5GACG1GC1TC1CG2TC1GTAT1CAGA-T3CGCT3ATGCGT1AC1G-5GT1GA1ACCG2CT2TC3GATC3GA2GAGC1AG4TCCT2TCAG10GA4CTACTA1AC2GA5GTCGTCTG2ATA-5CTGCAGTC2-C3AG1CG5GACG1TC2GATA1GC7GT1GACT11GCGA2AC5GA5AG2CAG-1GT1TA4AG2GA1-C3GT2CG2CT5GTGACG1AGCGGT2ATAT7GA2AG3GATCCG4TCTG2CT2GT2CG2AG2CATGCT3CA2ACGTCT3GC1CG1GC1CT2TG1TG3GCCG1GC2TC1TCGA8GA11CG2CGGT1TG5GC2CT1AC4CGTATC2TC2GA2ATATGTGT2GCGAGTCG1C-1GC2-G8AG7ACCG1ACGA4GTAG8GA2GACT1GC9CTGTTG1CTCG4TA7TCTGGC6GCCTGTAGTC2AT3AGAT3GT3C-2CTTG1-C1AGCTAG2AG2GC1AGGC2GA1TG3CT2CT2GA2CG2CTGA1CT1-G2GTAGAT2A-5GA11CG1GTAT2CGGCCTCT2GC2GC4-C1TA2CG2ATTC1GT1ATATCTGAG-5GT3GAC-C-A-T-3ACCAGC1TC1GA3TC3CG1ATAG2GT1GCCT2TG1CT1AGCT7GTCT6GT2GC1TCAG2GT5CGGCTCGA7CGCT1AGCT1GC2AC2AT3AG4CT3CG2CA1GC2TA3AG5CG2GA5GCAGTC8ATCGCT2AG4CTGTCG1CTCT7GCGCAC2GC3CTGTAG2AG2GAGCCT3GC1TG6AGTC1AC3GACAGCGC3TC5G-C-C-2CT1TAAT1-G-T-C1AT1GA4GCTC2G-2CTGT1TG1G-3-G-T2GT1GCCTGC2AGTC-C2GC2ATCT-T-G2CT3CG1TGAG1G-C-C-7CA2GA2AGTC2AGTAC-1TCGAAC3CGCG-G3GA2TG1GA2GA1CT7GCCTGC1TCTA1AT2CA2TGCA1GA1TGCAGC2TC1AGTG2GC1TCGA2GACG1TG2AG5GC2GC3GA13GAAG1GT4GC2TCGC2GCTG1AG2AGTG2TGCT6GA2GC1CG2CT1CT1CG2GC1TGGT3CG3GTCT1C-C-G-A-A-T-C-3CT1CG-T-G6GT1TG1GC1GA2AG2-T-T-C-T-T6TC4CAGC8GA1GCAGAT2TG1GA1CT3CA3GTCT3CT-A-G-T6A-T-A-8GA2AG2TCTG7CGAGCT2CATG11TG1ATCG2TG2GA5GA2GA2AC1TC6C-C-C-2GT1GA2-G4TCGA3-A-G3TA1GA1CATG2GA3CG1GCAG1CAGC4GC2TC2GC2GC3GTCGGC1TCCA5CG1TAGC2TAGC-T2GC2ATCGGC2TGGC5AGTC1A-4GA3TCTCGA1AGCG1CTGT5AG5GA1TG3CT1TC6GA1TG1GATCGC2TG11CT1TACG8CG5AC2GC1TGGC1CTCG4TC1GT1GC2AC2AG2-T-T-G5C-C-G-C-4-T5AG2AC1ATAG2GA1AT1GA1CG-A5T-6CTGT1GATCGC2AT1AG2AGGT1GTCGTGCT3GA5AG2TC4GCACAC1CT1TAGA4GA3GA1CACG3GC1TAGCAT3CG1ACTG2CG2CG4CTGT7GACT1TGGC1GA3GA2CA2CT2AC5CG1AGAC1CTGC1TCCG2CG2AG1ATGT2TC2GA1CTGC2CT2TC8TA2CG4CTCG8GA1TC3ACG-T-T-C-G-2TCGC1AC5-G-C7CG4CT1AGCT15GC3TA1GAAT1AG2CT5CT2GA1GT1T-C-A-6-G-C-T-T-G3TACG2-T-T-G-T5CG-T-T-G-A-C-G-T-T3GA2TG2CT1TCGT2CG5GC1CG2AT1GT1GT1CAGA2GCGATC9GC2GC1T-T-G-C-A-A-A-C-C-C-G-4CGCA1CA1G-2CT3GTGA2GC2GCGT4ATTA1GA5CA2CTGT1GT6CTGTCG2GC4CATA5GA5GC11CT1CTGC2TC2AC2GA2CT1GTCG2CAGA4GT2GC1TC2GC3GA2AG2TG5GC1GACG2AC8AC2GT2AC2GA8TA2GA2GA2AG5CG4GACG2CG4GAGA5TC8GT3
vOTU_007	NODE_42_length_27243_cov_41.219876	68.182	286	39259	27243	9901	10184	7588	7871	3.50e-16	92.4	195	8GT11TA2CT2CT2TG5CG5GT1GTTGTCCTGT5GA1AGTC2CT14GA2GATCCTAG2CG2AG5TGTA1CA8ACTC2GCCTTC2GCCTGCGA7T-GC1CG1TG2-G1TG3ATCTCT3GA1TACG4GAAC5AG2GA2CG6AT1AG2ACATGTCG3TA4TG3-G5C-2CT1AC3TG2CA2TGTGCGCT1GA3TA2GA2GA2TCGCGCGA5AGCG1GA8TCAT1CG2GA2CT5TC2TA5GTGCCG6
vOTU_007	NODE_42_length_27243_cov_41.219876	66.781	292	39259	27243	7283	7569	4753	5039	7.71e-12	77.0	195	2CG11GTCT1AG3CTCAGCAC1AC2AG4TCCA2GCCTGT8TG2CT2ACGC4TCGA3GTACTA1GATC4TC3GTCGGT4GCCG2AG1GTGCCATCTC3TA3TA1GC4GAAC2AG2GA2AG3AC1CG2GA4GCCA2GC4ATGTGT4GTATCG2G-1TC4GC-C8CA4-G-C-G2ATGCTA1-A4G-T-C-G-5GC5AC1TC6CACAGCCG5CG11CA1CTGAAGTC2GA6GC11CGGCGC3GTCT10CT2GA2CG2
vOTU_007	NODE_1_length_365826_cov_606.839892	73.596	178	39259	365826	27502	27679	131034	131210	1.59e-20	106	131	19GCAG4GT4GA13CT6TGGA4CGTAGT2CG4AGAG4CAGA5GC2TG8GA2CA2CGTCGTCT2GC9CGTAAC1GA3CGGCCTCG2CG4TC5TGCG1CTTG1CT3GC5CG2GA1GT1AGTC3GC2A-7
vOTU_007	NODE_111_length_14274_cov_42.843730	66.193	352	39259	14274	2282	2631	13737	14086	5.20e-14	85.1	233	9GA4CGGTGTCT2TC1AC2CTGA6TCTCGA2CG5GTCGTAAG5GTG-3-G1GT17AG2GC2CA2GC4CGTG1CGGCTACGGC1TC4GA1TG2GTATCG1AT1CATA1CG2CT1CGGC1TC2GAAG2AG4TC3GT1AGGC5CG2GTCGTC3GT2CT14GC4GC3GC1GT1GACGGC1TA6CT4TAGA1TGCGTCGT3ACAGCTGA7GC2ACAG5GA3AT4GC3TC1AG1-C1GA2AT2GT2TATG2G-ATAG8GA4GCATCG4CTGTCGGC2TC5CG2TA2TG4ACCG2CA2CT2AG4ACCA1AGTC5GC2GC1TG3
vOTU_008	NODE_57_length_20520_cov_984.915661	67.033	364	36032	20520	22224	22576	10924	11276	2.64e-17	96.0	244	2GC8GCCA1GC4AC12GCTCCG2TC4CTGTACATCG3AC3TGCGGA2C-G-T-A-3TG1-T1AG2-G-T-C4AG9TA1GT1TC1GT1CAGC3TC10TCTG1CA1TCGA3AGCTCG1GT3CGAG1GC2GCTG1GC4GTCG2CGTC3GATC2CGAG1CGGCCG4CT1GTAG7AT3GT1GC5GTGT6TA3GCCG1TC2TG2CAGA7TC11TA2GC2C-A-A-A-T-1TC3A-4AC2CTTC6TC2-G-C-T2CT1-A-A-GGC5GA2CG1ATCGATTACA2CG23GC1-G1GC1TC1C-7AT1TC3GC2GC5AGGC1CT1GC6
vOTU_008	NODE_34_length_31580_cov_641.513751	70.874	206	36032	31580	22250	22453	20551	20754	3.21e-16	92.4	146	6GCTG4CGGC4AC1CG3AG3TGCGGA2CG2AG2CG2GC1CGGC4AG9TA1GT1TG15TG13AGCTCA1GT3CGAG5TG1GC4GT5GTCG1G-1TCCT1AGCT5T-5-T-G1GC5AT3GA1GC2AG2GCGT4GC1TC2GAGCCG1TC2TG2CGGACT6TC2CG5GA2
vOTU_008	NODE_28_length_38013_cov_1387.913457	72.917	144	36032	38013	22406	22549	28180	28323	4.77e-14	85.1	105	2GT12CG1GTGCCGCTTC2TG14CGGAGC3GA2TGTCCT2GT1ACAGAG2TA6TGGCAG5CG4TCCG1TGGCCGAT13AT1CG4TA3GA10TC8CTGCGT2CA7
vOTU_011	NODE_10_length_98740_cov_670.203293	69.485	1301	26064	98740	20342	21627	83904	82622	2.64e-142	510	904	4GC2TC4CTGT2GCAG4AG20CA2GA8CT2CT6TC4GCAG1CA2GC5CTAG2GA3TC6CT5GC2AG8CG5TC5TG2CGGA1GC6AGAT3CG1ATTC5GCGACGGCTC7GCATGCCG3GA1GC4AGGC2-T-G-G4CACT1TACGGCAG1CG5TC2CT5TG2CGGC1CG2TC2CT3CGACTG3GC1CGGT1AG2GA5GC3AC1-G2AC3G-2AG2CG2CGCAGCCG2CTATGCCG5TCGATATC3AC1CG5GC2CA2TCGA1CGTCGCTG12AG1CG3C-C-4-A-A6GCTGGC2GC2AC6GCCA1GA2AG1TG1CT1C-C-G-G-G-C-3CAGAGA8GC5GC11GC5CT5GA8CG2GT2GC3GA1GCAG1CG5CGTGGCTC2CT6AGGA2CACA1ACGCGAACCG2GCAG1GCGC1CGACAG1AC1CG2TC2TC4GT12TCCG8GCTGGC2GT15AG1CG4CG2ACCG6CATAGA2ACCGACGA9AG1CG2CA3AC2AG1CG7AT2TCGCCA6CT4CAGAC-1TA3GT2TA1-G4CG7ACCG2GA6GA1GC11CG2CG2GA2GCGT1CG2CG5CT2GC3CTAT12CG1AT6GC5GC5GCGC1CG2AG2CGCAAT3CG2GCGA1GC2GCTA4AGAC1CG6CAGC2GCCGGA1CT1GACT1ATTC8GC5CG11GC2AC2GC2GT2CT8CG2TCGC1CGTGGCTG2GA3ATAT5ACGC1TACT2GCCG1GC1AGCG4CGGC2GCGCTG3AC1GA4GT1CT2-C-A-C3CG1A-T-A-1CG2TG2GCCACA6GC5AC5CT2TC5TG8CG3TA1GCGTTGGC2GC1TC2AG4AG1CGGAAC3TC5CG11GT14GCCT1GC5GCTC4GA15C-G-4-T-G5GCCGAT1GCTG15GCTA2AGGC1-G1TC2AT1GACA1CAAG1GC1ACTG2-T1CA1G-A-4GA1GT1TA6GACA2GCAC7ATGCCG2GA2GC2GC2GA2CT2GC7TGCGAGACGC6ACACCG1CGCGAGACTG2CG32-C1GA4G-8CG12ATGCCG2GA5GC2CG2CT5CTAC2AG3GCAC5CG3
vOTU_011	NODE_9_length_101246_cov_573.773784	70.913	832	26064	101246	22595	23414	64798	63973	1.46e-107	395	590	7GCGCCG2TC3AC2TC8GC2GC2GC16CT15AG1CT3TGTCGTAGCGCT2CAGC2CA5GC2GC2CG2GC5GT3TGTAAC5AG4CGGCGATC3GA4GCTGTCTG3CG2AG3GT5TA1CGTGGC3CG2CT1CGTCTACG7-G1TG1AGTC-C3GCAT2GC1TGT-T-3TG2CGGCAGGC2CG2CAAT1GAGT1GAGT1TGTG1TC3GTACA-A-C-A-2CT2GC1-T1GA2GCGT10CT7CG-C-G-T-G-C-T2TC3AG5AC1CA2GCCG1GC2GTCG17CG4TC1-G-A-A2GC2AG10TC1GA1GC2GT2CGTGCTCT2GC2GC3CTCT3TG1TCGAGCTG3GA3GCCGGC2AG1GC2GT6ACTC4GA8CT2GC1AGGC2CGGCAC2TC2GT1CGTC30CT5CG3GCCTCG5TG4TGCT5GC1GACA5GCCGTAGC17GA8GC2AG11GC5GA2CG5GC5GA5GT5AG2GA2TGTCTGCT2GC2GC11GC9CG4TG12CG1GCATTG5GA15AG8GA5GT3AG1GC1GAGC2AC5TGGCAT3CG2AC1GTGCCTGTAG2GC5TGTGCTGC1GC9CA3GATC3GA8TC6AT1CT2CT2GT3TGTGGCGT13TC5GT2TC2GCGTAG2GTAG5CGGTAT3TG8AC2
vOTU_011	NODE_9_length_101246_cov_573.773784	72.414	290	26064	101246	25135	25422	63284	62997	8.12e-35	153	210	6GC5GACT2GATC3GC9GTTG3TCTGCTGC1TC1TCCT3GC1TCGCGT1AG3AT1GC2CG1AC2GA3GAGTCGGA2GC10AT3GT3GA1GC4TGGA1CGAG2GC14CG1GTGC20ATGTCT1AG1AC5GC1T-G-2GC4GC-A2-G13GAGTCG3GC2GC5CG5GC6TGCT9CG2CG2CG5GCGA1GCGA4GC3GA3CG5CT2TC3AG5AG2CGTG1GA5
vOTU_011	NODE_2897_length_1153_cov_20.938069	69.547	706	26064	1153	20362	21063	455	1153	3.02e-78	297	491	2AC5GA14CA2GA8CT2CT11GCAG1CA2GC5CTAG2GA3TC6CT5GT2AG2CT11TC2GA2TG2CGGA1GC6AGAT3CG1ATTC5GCGACGGCTC7GCATGCCG3GA1GC4AGGC2-T-G-G4CACT1TACGGCAG7TC8TG2CGGC1CG2TC6CGACTGCT2GC1CGGT1AC5CT2GA3AC1-G2AC3G-2AG5CGCGGTCG3ATGCCG5TCGATATC3AC1CG2CT2GC2CA2TCGA1CGTCGCTG2GT9AG1CG3CGCGGC1CA7GCTGGC2GC2AC6GCCA1GA2AG1TG1CT1C-C-G-G-G-C-3CAGA9GC5GC11GC20CG5GC3GA1GCAG1CG5CGTGGCTC2CT6AGGATC4ACGCGAACCG2GCAG1GTGC1CGACAG1AC1CG2TC2TG4GT12TCCG8GCTGGC13AC4AG1CG4CGGT1AC7CATAGA2ATCGAC1CT6AC1AG1CG2CG3AC2AG1CG10TCGCCA4GA1CT4CAGACAGA1TA2GCGA1TCCG1GA5GC2GC1AC3GC6GA1GC5CT2AG5CG2GA2GCGT1CG2CG5CT2GC3CTAT12CG1AT6GC3
vOTU_011	NODE_40120_length_241_cov_1.032258	86.250	240	26064	241	2347	2586	241	2	1.91e-74	285	207	6AG2GC2AG2AG8AG14CT7CA12GA8CG8GC2GC8AG17CG2GCCTGT18AG11GC2TC2GA5GC2CG4GTTGTCTG13GTTC3GC1TC14TG1AG13CG20
vOTU_011	NODE_28838_length_263_cov_0.923077	82.759	261	26064	263	24844	25104	1	261	1.47e-69	269	216	3CG14GT1CTAG17AG5GC2AG5CG5GC2GC13CA2TGAG14GA8CG22TCGC2GC8CG2TC1AC1GC1AG4GCCT5CT2GTGTTC6AGAGCTGC32CA8GCCTGTCG5GC14AG3GCTCAGTG7GC2
vOTU_011	NODE_5_length_177758_cov_542.156812	72.383	449	26064	177758	11064	11504	155033	154590	2.04e-61	241	325	14GT2CT5CGCA2GC10CGTG1TG2CGAG1CG8CT1ATTA2-G-G-C4GC1GTG-C-C-3ATACCG9CT10CT2CGAC5TACGGC2TG2CGCA1GT6GC5CTGC7GC2CTGC2-A-A-C5GT1CG2AT4TACT2TC1TG4AGAT1GACA4CA3CACG1AC1GAGAGC3TCCA3GC3GCCG16CA2TC7CG2CG2GCCT17AG1CG1GTGCAT1CG2GCGACGGT2GC5CG2C-A-2GACG1GA1-A-C4CG1TG8CGAC1GC9CA1GC2CT5GC8AGCAAT1TC2CA13CG22GACG8TCGCCGCG2CG4GTGT2CGGCGT6GTGT4CG6CG5
vOTU_011	NODE_5_length_177758_cov_542.156812	65.389	887	26064	177758	15612	16480	145885	145013	1.06e-39	168	580	5GC5GA5CG2TCCG3CGG-A-3CG1-T-C10AG2GA1GA1CT11CG5CG2CA2AGACCA1TC7GA2AGTGGTCG4CAGCGA1GTGC9GA1GTTGGCGACACG3TA7TG2GA8GC2AG3GTCTGT2GCGTTAGT1GACTGA3CAGT2GA1GA-T2GACTTAGT5CT2GT14CG2CT4AGTC5TCCTAG1GA3CGCA2AC3TAGAGC3CACT3CG4GC3CT5GC2CT4GACTGAGC1GCGACTCGTC3CT4CG1CTTG1T-T-C-1AG1GTGC2CTCA1CAGCGA1TC1CT2CA3TC3GACACGAG2CA1GT8CG2GC5GC1TACT7TACT2TC1CA1AT1-G-C-C8ACC-C-G-1GTCT7GCCG1AC1GC1CAAG6CAAC4AGCG3CTCT4CT3GCACCT5AT1TACT2GCGATA10GATACAGA11ACATCG1CATA2CT2TC2TG3CACT7AGATCGAC1ACAGGC4AGCT3CG2CGCG10GAGCGAAGATTC10CT4GT5GA1TACT2TC2CT5CGGC5CAGAAG8TC1CA6TCGATACG2CTGC7CG2G-1GT1CGGT2A-3-T2-AGT1TC6CGCG1TA3CG1CA4GCTG3AC2CT2CT1GT7CAGT2GA1ATCAGC3GCAG4GA2CGTC1AGTC1CT3-GTG1GA1-C-A3GTGA8A-A-T-2CG6CG1CGCG7TC9CG1GC2-T-A-T4-C-A-C1CGAGGC3CTCG3TGGC6CT5GA2CA1AT4GTCA4C-4CAACAGGA1CT4-G2CT4CG5CG2GAACGACACT1GAGC2CGAC1TC2AG2TC3TC11
vOTU_011	NODE_5_length_177758_cov_542.156812	77.419	93	26064	177758	14858	14950	146783	146691	6.25e-11	74.3	72	2TG4AG2GA4CAACGCTG2GC1TA7AGCTCT12TA1AC9CG6GCAGCG4CT9GA1GT8
vOTU_011	NODE_4_length_229683_cov_605.599269	69.057	488	26064	229683	19304	19788	215215	214731	7.60e-48	196	337	13CT8GC2GC3GACT3TGTA5GTGCCG3TC7AC2TC6CG1GAGA2GC4GA1TGCG2GA1AGTC2CT3CG1GCAGCG5CTCGCAACGC2CT3CGGT1GA1TG2CG6AC1TG2GTCG1CG1A-A-A-1CGCG2GA2-A-A-G2GC4GAGC3GC2CA1GCCGCTGC2CTAT1GCGAGCCAGT8CTCTGT3ACAGGC2CT8TCCA10GC2GC2GC6GTTGGC2GCGC7CT1CG3CTTGTCCG3TC4CG2CT2AGAGGC3GT3GATCGC8TC2GC11GC15GCAC4CGCA12CG5AG3TACGGT1TGCG7CT6GC2AC4CG2GC1ACTACT5CGGTCTCGGACT9GC8CG2GA8CA1CG1CT1TC2GC2GCCG8GC4CG3GA1CTCT1GC2CGCA3CT2ACAC6
vOTU_011	NODE_4_length_229683_cov_605.599269	69.318	264	26064	229683	5410	5672	198269	198010	1.57e-18	98.7	183	7GCATTGAG1GC10GCGCGACAGC2GC5GA4ACAG2CT8TC11AGTA1GTAC1GC6CA3CA1AG1CT2CGAG5TA1TGTG3GACA2TG3CTA-G-4GCCAGCACGA2GC2GT4AG1GACA1G-7TG1AT6CACAGCGC3GCCG1AT1CGGT1CGAG1TC5AG6AGGTCGGA13CT2GC12CA1GC7-A4G-GC1CGGAACGC3GC1TC3CG7CT4
vOTU_011	NODE_401_length_6269_cov_16.398133	65.171	936	26064	6269	15564	16480	862	1785	1.13e-45	188	610	12CAAC4GTCG3AGGTAT1AG1GC2CT1CG2AT2GA1CGTC3GC-T-G-C5GC5GA5CG2TGCG3CGG-A-3CG1-T-C2CT2TC4AG2GA1GA10GA2CG5CG2CG2AGACCA6GTGC1GA2AGTGGTCG5GTGA1GTGC9GA1GTTGGCGACACG3TA7TG2GA11AG3GTCTGC2GCGTTAGT1GACT4-A4GA1GT3CTTAGT2TC5GT8GT5CG2CT4AG6TCCTAG1GA3CGCG2AC3TAGAGT3CACT3CG4GC3CT5GT7GACTGA1CAGCGACTCGTC3CT4CG1CTTG1T-T-C-1AG1GTGC2CTCT1CAGCGA1TC1CT2CA3TC3GACACGAG2CA1GT5GC2CG2GC7TACT7TACT2TC1CA1AT1CG-C-C-A7ACC-C-G-10GCCG1AC1GA1CAAG6CAACCG3AGCA3CTCTAT3CT3GCACCG5AC1TACT2GC12GATACAGA11ACATCG1CATG2CT2TC2TG2AGCACT7AG1CGAC1AGAGGC4ATCT2CGCG2CGCG1CT3GA5GCGAAGATTC10CT4GT5GA1TA3TC2CT2CG2CGGC5CAGAAG8TC1CA6TCGATACG2CTGC1CG2TC2CG3-TAC1CT2C-3ATGCCGGAGT1TC6CGCG1TA3CG1CA4GCTG3AC2CT2CT1GT7CAGT2GAAGATCAGT3GCAG4GA2CGTC1AGTAGACT1TC1TGCG2-G-C-A3GT9A-A-T-2CG6CG1CGCG7TC2GA6CG1GC2-T-A-T4-C-A-T1CGAGGC3CTCG3TGGC6CT8CG1AT4GTCA6CGGCCA1AG4CG1ACCG2CT4CG5CG2GAACGACA2GAGT2CGAC4AG2TC3TC11
vOTU_011	NODE_401_length_6269_cov_16.398133	69.802	202	26064	6269	14858	15056	24	225	3.46e-14	84.2	141	2TG4AG2GA4CAACGCTG2GC1TA8CTCG12TA1AC9CG6GCAGCG1GC2CT9GA1GT8GTGT1CG2TC2AG2CGTG1TC1-G4-G-CAG1CA1CG5TG3CTCGCA3TAGT4ACAGGC1CGCGGC1CG2GCAG2GC4TGGCCG11GCGA1GC2GC4TACT1TC10
vOTU_011	NODE_1222_length_2762_cov_22.196158	72.368	380	26064	2762	21255	21626	4	375	3.94e-45	187	275	6GC5AC5CT2TC5TG8CG3TA1GCGTTGGC2GC1TCCTATACCG3AG2GAAC3TC5CG11GT15CT1GC2GA2GCTC20C-G-4-T-G2CT2GCCGAT1GCTG15GCTA1-C-G1AC3-G-A1GC3-A1CG2AC1GC1A-T-CT1GA2G-A-G-3GA1GC1TA3GA2GA3GCACGC6ATGCCA2GA2GC2GC2GC11CT1TGCGAGAC7ACACCG1CGCGAGACTG2CG8CT2CG14AG5-C1GA4G-8CG2GA2GT6ATGCCG5GA2GT11CTAC2AG3GCAC8
vOTU_011	NODE_4626_length_745_cov_18.197101	73.856	306	26064	745	19484	19788	99	403	1.37e-44	185	226	8CTCTGC3ACAGGC11TCCA7CT2GC5GC6GTTGGC2GCGC4GCAG1CT1CG1GA1CTTGTCCG3TC5GA4ACAGGC3GT3GATC3CT5TC2GC11GC15GCACCG3CGCA12CG2GC2AG3TACGGT1TGCG7CT6GC2AC2GA1CG2GC1ACTA6C-2CT1-ACT9GC8CG2GA8CA1CG1CT4GC2GCCG8GC4CA3GA1CTCT1GC2CG7ACAC6
vOTU_011	NODE_38269_length_244_cov_1.015873	75.904	249	26064	244	20521	20767	2	242	2.48e-41	175	189	2GA8CG3AG1CG5TC1AG3CG2TC2CG12CGACTG3GA3CAAC7AG1ACAG18CGCAGACG4GCCG5TAGC1TG4TCCGAC1CG8TC6CT11AC1CG2TC1CG2CAGC5CTGCTA6AC6G-C-G-G-C-3T-G-C-7-A-GGA1GCCAGA9GC5GC11GA19
vOTU_011	NODE_50796_length_224_cov_1.136095	76.339	224	26064	224	7706	7926	1	224	4.49e-38	164	171	3TC8AG15CA7CGAC1CG3GACG3GC1CG2GTGTTC3-G-C-G2AC6GAAC8CG2AG2CGACAGGCCA1AG5CG3GACACG4AGCAAT3TC6TC17CTGC13GA5AG11CG1GCAC11AG5TC6CA1CAAC1CG2CG3ACCT3TG4
vOTU_011	NODE_43850_length_235_cov_1.066667	78.283	198	26064	235	19497	19694	213	16	4.49e-38	164	155	2AG15CG8GA2GA2GC11GC6AG1CT2CG4TGCG3TG1GC1CACG2CT2AGACGACG7TC21GC2GT9GCACCG3GCACCG3CGCACTACAG9CG5AC3TACGGC17GC2AC5CG2GC5
vOTU_011	NODE_12_length_95464_cov_625.492029	66.267	750	26064	95464	15774	16496	20921	20190	2.33e-35	154	497	2GA4GC2GC2G-2GA4-C4GC2CT5GC3GT4CT5TC5TCCTATTC4CG3AC3TAGAGC4CT3CG3GTGCCA2CT5GC5CTGTGT2GA1G-G-C-1TACT1ACCA1CAGT5G-T-T-3GA2-C-T5CGGC4-T-A-T-G-A-C2-C9GCCACGAG1CGCA1GC3GT7GC2GA2GC19CG1GAACGCGT1GC5GCGT1GT2GC3GACTGAAC1GC2AG6CAAG3CTAGCG3CTCGACT-3GA1GA1AC2-T4AG5GCGCTC7CA1GCGCTG2GC7TA5GC1TG2CTCTATTCGA1TC2AC9AGATCGAGGAAG4CG1ATCT1CG5CG1CA9GCGA1ATTCGC2GA7GAGC2GC5GATC1CG2TC3GC1CG3GA1GC5AG2GCGA1GC2TCGCCA3CG2TC6GT4TC2CG2GAATGCCGCTGC7G-G-G-2GCCA4CG1TA2CT1AT1-G-C-G3GCGTTG3AC2CT2CTCGGC3GC5-C2GCAT1CTG-5GA3GAT-3GAAC-C6TGCG2GT2GT5GC5TC2CGGA4GTCG2CA1TC5TC2GC1CGGT6GC1GT1CT1GC1AG2TA-T-G-C-G-C-C6TAGC6CT8CA2TC2G-G-5CT2GC1CG2-C-T1GA4CT6GA6-G-T3GA1G-C-4-C1CG1AT1T-2AC6TC3AC12CG1GC2AT1AT3
vOTU_011	NODE_12_length_95464_cov_625.492029	77.419	93	26064	95464	14876	14968	21970	21878	6.25e-11	74.3	72	3GC1TA9CG2CT2TC2GC5AC9CG6GCACCA1GC11GCGC7GA2GCGACG3TC2AG5TC2
vOTU_011	NODE_57444_length_215_cov_1.200000	76.617	201	26064	215	20911	21111	209	9	2.83e-34	151	154	3CA4GCAC1CG6ACAGGC11TC1TCGT14CG2TG5TC6CAGAGCCAGA2AC3GCACAGGC2CGGA1GC8AG5CG2GA5CGTC1CG8GC17CG1ATTC5GC5GC5GC1TC3AG5GA3GT7GC2CG2AC2CG6
vOTU_011	NODE_37731_length_245_cov_1.010526	82.895	152	26064	245	22599	22748	83	232	3.45e-33	148	126	3GC8AC2TC8GC5GC11GA8CT11AG2G-T-2TA4-T3-TGC8GC2GC3ATCT3GA5CGTG1AG17GT5TC5CG6GT4
vOTU_011	NODE_26629_length_268_cov_0.901408	73.684	228	26064	268	20991	21217	229	2	1.79e-30	138	168	4GA1GC14CG2GA5CGTC1CG2GC5GC14TC2CG1ATTC5GC14CG2AC1GCCG9GA1GC2GC2CG2AC2CG2GT2GCCG1GC1GC1GA2GA4TC9AC1CG1TCCG5CT2TC2GC2AC2GC2GC3GTACAG5CG2TCGC2TAGCTC5GC1AC5ACGCGA4GCCG3AG3-C5
vOTU_011	NODE_636_length_4598_cov_1607.758089	66.027	730	26064	4598	15791	16499	31	745	6.24e-30	137	482	2TC5GC8GC3GT4CT5TC5-C-T4G-T-2CG3AC3TAGAGC3CACT3CACA1GCGTGC3CT5GC5CGGTGT2-A2GAGTCG1T-3CT2GC2CG3TGTC1GCAC2GC1GACT2CAGC2TC1CG10GCCACAAT1CGCA1GC5GC2CT2GC11CT12-A3GC1GAGC2GAAT1CGGC1GA1GA2G-3GA1GCAC4AGCT5CAAC3CTAGCGGC1CG1CT5GA2GCACCA5AG2CT3GT10G-1TCCA4G-G-4CG2AG1GACA2ACCG3-T-T-CGA1TC2AT9AGATCGAGGA5CGCTAG1GACT1CT2CACG1CT5GT3GCGA1ATTC3GA2GC3CT4GC5GA2CG2TC3GC1CG2CT2GC5AT2GCGA1GC2TCGCCA6TC2CG3GT7CG3-TAC1CT2C-2GA3GCGA1TG4GTCTCA1TCTATC3ACCG3GCGTTG3AC5CTCGGC3GC5-C2GCAT2G-2GC2GA2G-GATAGC3-TAC1GT4TGCG2GT2GT2GC2GCAC4TC2CG6CA2CG4TCGA1TC1GCGC6CG1GCGA1GC1CT4-A-A-C-T-G-C1ACTG6TAGC21G-1CT1TC2CT4-A-A-G4G-C-4GA5GT1CG2-C-GTG4GA1G-C-4GCCGCGACGT3AC2TC3TC3AC3GCCA7CG1GC2AT1AT3GT2
vOTU_011	NODE_235_length_9175_cov_33.355702	68.707	441	26064	9175	20356	20787	208	633	6.24e-30	137	303	8ATGA10CT5GA20CT3TC2TA1GCAG4GC3GC1CGAGTGGC2CG5GT2CT5GC2AC2CT2CT2CT8GC2TG2CGGA1GC1AG7-A-A1TA1TCAG1A-A-4GCCAGCTC1GCCA1GC2GTATGC4GA1GAGT3AGGT4AG-C-G-T2CG2CGGCATTA6TA8TG2CGGA2GTACTG3TG-A3AG1C-2GA3CA4AG1CG2GA1ACGAAC1CG3GACAGA1AGAC5CTCGGA1AG1CG-G-T-T2CT1CGC-4TAT-2G-3ATTCCA1CA2AC1A-A-4TC1T-11GCACTACT3CGCT10GC1GC5AT8G-G-1CA2TG7G-C-G-C-GCCAGA9GC8CG8GC11GA2CT5CT1GCGC2GC5GC6
vOTU_011	NODE_7745_length_508_cov_23.624724	74.057	212	26064	508	25211	25422	26	237	2.18e-29	135	157	2GC10AT3GT3GA1GC4TGGC1CGAG2GC14CG1GTGC20ATGTCTGCAG1AC2GC2GC1TCGC2GCCGTAGC2GCCG14GTCG3GC2GC5CG5GC6TC1CG2CG5CG2CG2CG2GA2GCGA1GCGA8GA3CG5CT2TC3AG5AG2CGTG1GA5
vOTU_011	NODE_36_length_30711_cov_618.072253	65.406	714	26064	30711	15791	16485	20481	21181	2.65e-28	132	467	2TC5GC2CT5GT3GT1CG3GACG3TC5-C-T4G-T-2CG3AC3TAGAGC3CACT3CGCG2GTGC9GC4GCCGGTGTCT1GA1GCGA6CT5CG3TGTCCGGCACGC1GC1GACT2CAGT2TC1CGGCGA8GCCACAAT2CA1GC11GC8CT16CG1GCAC1GA1GC5GC1-A1GA2G-3GA1GCAC1GC2AG6CAAC3CTAGCGGC2CTCT1TCGA2GA1GAGCACCA5AG6GT11GCTACA2CT6TACGGC3GC1TG3CT1TCGA4AC2CG1GC4AGATCGAGGA5CGCTAT4CA2CACG1CG5GA3GCGAAGATTCGC5GCAT2CT4GC5GATC1CG2TC3GC10CT2AC2GCGA1GC2TCGCCA3CG2TC2CG3GTTA6CG3ATGCCGCTGC7G-G-G-TC2CA6TA1-C-A-C3ACCG3GCGTTG3AC6CGGC3GC5-C2GCAC1C-GT8G-1TAGC2GTACTG2AT1TC1CG3-T2GTGACTGC3AC1CG5CGGA4GCCACG6TC2TC1GCGACT1GC3CG1-CGA1AC1GTCG1GC2GAAC3-G-C-G-G-T4TAGC6CT2GC12GTCTTC5-A-C-ACG4A-G-G-7CA3GT1CG2-C-GTG4GA1G-C-4GCCGCGACGT3AC6TC3ACCT11
vOTU_011	NODE_992_length_3346_cov_15.296263	73.832	214	26064	3346	23028	23240	578	790	3.23e-27	127	158	12GA8CGTCTG3CG2GCGTCTCG5TGCG7CG2GC1-T3A-4CT1GTCTGT12CG2GC3GTAC3GCCTGTAG5CGCTAG2TGGC6GC2GA4GA2GC1ACGA4TGGA2CG2AG2GA2TGTCTG3GC7GT9GT11TCGTAG5CGCG6ATTG15
vOTU_011	NODE_80_length_16361_cov_1183.702012	65.176	738	26064	16361	15779	16499	1325	599	1.13e-26	126	481	2GC2GT3CG1GC2TC5GC8GC3GT1CG8TC5-C-T4G-T-2CG3AC3TAGAGC3CACT1CG2CG1GAGTGC3CT5GC5CGGTGTCT1GACTGCGA6CT2GC3CATCGCTGTC1GCACGT1GCGAGACT2CAGT2TC1CG10GCCACAAT1CGCA1GC8CT2GC5GC19CG1GC2GA1GT5-C1GA1GA2G-3GA1GCAC1GC9CAAC3CTAGCGGC1CG1CT5GA2GCACCG3GA1AG5GCGT7TC3GCTACG1GCCT6TACGGC2CTGC1TG3CT1TCGA4AC2CG6AGATCGAGGA1AG3CGCGATCTGCCG4CGCG1CT9GCGAAGATTCGA9CT4GC5GATC1CG2TC3GC1CG2CT2GC5AT2GCGA1GC2TCGCCA3CG8CTGT4T-5GA1GT1CGGT1-G2GA3GCGA1TG4GCCTCA1TCTATC2CGACCG3GTGTTG3AG5CTCGGCGC2GC4-G4AT1C-GT2GC6G-T-GA1TGGT2GCCTAG2TCCT4AT1-C-T11TC2CG6CG1CTCG1TC2TC1GCTC1GCGT6CG1GCGA1GT1CTGC2AC2-C-T-G-C-G-CTC6TAGC21G-1CT1TC2CT4C-A-4-C-A-G4GA5GT1CG2-CTG3GC2GA1CTTG1GC1CG1AT1T-2AC2TC3TC3AC3GCCA4GC2CT1GC2AT1AT3GT2
vOTU_011	NODE_23_length_41352_cov_524.202896	75.723	173	26064	41352	2999	3171	32894	32722	3.94e-26	123	131	7CT10GCAT2CTGC1TG2GCGAGATA4CGAT5CT1TGCT1AGTCGC1TA4TGTC7ACGA6CG3AT9TGGA25GT3GT6TG1TC5GC1ATGCGACG9GC2GC2AG5GTAT7CG2
vOTU_011	NODE_23_length_41352_cov_524.202896	73.913	184	26064	41352	2115	2298	33796	33613	5.85e-24	116	136	7CG1AT3GC4GCGC7CT3GA17CA2GC1TG2GCGC11GAGTACTGTC4CA1GTCA2TC1CG2GA1TATG3GC2CG2GT4TC9AG14GC2CG1CT5TGAG4CA1GTGCCGTCTGGC4GT1GACTGC2GC8GC5
vOTU_011	NODE_637_length_4596_cov_380.656463	69.408	304	26064	4596	15923	16225	361	59	1.38e-25	123	211	9GCCACAAG1CGCA1GC11GC2GA14CT2TC4CG1GCAC3GC5-C1GA1GA2G-3GA1GCAC1GC2AG6CAAC4AGCGGC1CG1CT5GA2GCACCA5AC5GCGT8CT2GCTG2GC7TCCAGA3GC1TG2CTCT1TCGA1TC2AG2CG6AGATCGAGGA5CG1AG2CG4CGCG1CT9GCGAAGATTCGA9CT4GC5GATC1CG2TC3GC1CT4TCGC5AT2GCGA1GC2TCGCCA6TC2CG3GT4TC2CG3
vOTU_011	NODE_134_length_12855_cov_15.301406	76.364	165	26064	12855	2149	2313	8431	8267	1.38e-25	123	126	18GA1TA2GCGC11GAGCAT2CG6CG8CTTATGGC2GC8CA5CG2AG2AG8CT2GA2GC1GA8TCAG2CG2CG2CGTCTG3CA1GAGCGACA3GC8GC2CG11TG2GA2
vOTU_011	NODE_86_length_15629_cov_66.384808	74.719	178	26064	15629	2144	2321	5406	5583	1.68e-24	119	133	3TA1GC1GT7CGTA6GA2CG1GCGT6TG1GA3GTAC2CG6CGTGCATC6TATAGC2GC2CG5CG8AG2AG8CT5GC2CT7TGAG2CG5CGTCTG3CG1GAGCGACG11GAGT1GA12TG5CG7
vOTU_011	NODE_57352_length_215_cov_1.200000	75.926	162	26064	215	21255	21416	205	44	5.85e-24	117	123	3GC2GC5AC8TC2GC2TG12TA1GC2GCGCCGGC1TC1ATACCG11TC17GC3GA1GC2GC5GCCT1GC3AT2TA1GC3AG5GATC6TC2GCAC7GA5GACG5TC1TC2GC2
vOTU_011	NODE_49618_length_226_cov_1.122807	83.486	109	26064	226	20339	20447	116	224	5.85e-24	116	91	2TA4GA5GA2GA2GC5AC2CG2GA11GA24TC2TG1GCAG1CG2GC14GC2GC8GC2
vOTU_011	NODE_159_length_11668_cov_853.141996	63.692	986	26064	11668	15534	16488	2252	3224	2.04e-23	114	628	6G-G-G-5GCCT2AC1GC2GTCA3CT1TC10GCCT1GC2GCGTCGCT2AC1AC1AG6CG2-T-C-G3GC1CT1GCTC7GC2GC6CAGT6GC5CG1CTAC3GA1TC1CGGTGTAC1GA2GAGC2TA10GA1GC2CGTC1CGCAGA1AG1AGTC10ACTGGTCG2GC2GCGA1GCGC1GC5GA3GATC1GACACGCA1GCTGCG6TG1CG15-C1GT3-C-C-AGCGCGA1GC2CG3GA1-G-G-G-T-C-G5GT3CTTAGT2TC5GT2CT5GC3GT4CT2CG2TC5-C-T3T-G-3CG3AC2CTTAGAGC3CACT3CGCG1GCGTGC9GC6GTGTCT1GA1GCGACTCGTC3CT2GC2CG3TGTC1GCACGC1GC1GACT2CAGC2TC1CG10GCCACAAT1CGCA1GC3GA1GC2CT2GC11CG8TC3AT2GCAC1GA1GC5-C1GA1GA2G-3GA1GCAC4AG2GA3CAAC4AGCGGC1CG1CT5GA2GCACCG3GA1AG6GT8CT2GCTACG1GCCT6TCCAGA3GC1TG2CTCTATTCGA1TC2AC2CG6AGAT1AGGA3CT1CGCTAG1GCCG1CA2CACG1CT3GA1GA3GCGA1ATTC3GA2GTAC2CT4GC5GATC1CG2TC3GC1CT4TCGC5AT2GCGA1GC3GCCA3CG8CTGT4TC2CG3ATGCCGCTGCCA2GA3GCGA1TG4GCCTCACT2TC2CGACCG3GCGTTG3AG2CT3CGGC3GC4-G3GTAT2G-2GT2GA3GATC1CT1GTAC2C-A-2TCCT4AT1-C-CGA1GA8TC2CG5GCCA1CG2TC2TC1GCTC1GC7CG1-CGA1AT1GT2GC1AGGAAC3-G-C-G-G-T4TAGC6CT2GC12GTCTTC5-G-C-ACG4A-G-G-5GA5GT1CG2-CTG3GC2GA1CTTG1GC1CG1AT1T-2AC6TC3AC3GCCA4-C-G6
vOTU_011	NODE_137_length_12603_cov_23.918393	65.345	580	26064	12603	14882	15450	4715	4150	7.12e-23	113	379	9CG8GC5AC9CG4GT1GCACCA1GT11GCGC8CA1GCGACG3TC2AG5TC2G-C-G-A-C-1GC3GT2TC2GACT4GATCGA1T-GC1ACAC2CGCG6-T-C-A3GCGC3TAGC1CA7CG1GCGCGT4GC8GCCTTAGT12GA1GC1TGGC3CG4C-4TG1A-C-1CGGC3CGAGCT3AG5TCGC5A-A-T-3-A-G-T1AC1GAGT1CA4GC3CA2TG4TGTA1AG2GC4AG6GA2GA2AGTGGCCT3AGACCGCG2AG1GACA1GT4AG7AG1CG1GC12CTAGGACT3AC4CA2TCGAACGC4CA1AG1CG2GC2CGGAGACG6CGGTGTCGGC2AC4GA1GC2GCGAACGA2CGCG1GCAG1CA5CA4CAAC2GCCA1GC1ACTG5GTCGAC3CTCGAC1CG2AG1-C-A-G-C4C-1GC4GA2AG1GC1CG2GC1CT6TC5GC3TG4CTGTAT1AGGCTG2CGCGGT6CAGA1GTGCCA3AGCA1GC8-C6GC1C-6CGCT1GTCT4TG3GA2TC1CG7
vOTU_011	NODE_921_length_3552_cov_9.116100	76.974	152	26064	3552	20647	20789	984	836	8.68e-22	110	117	7-C-A-T11AT1CT3CG1GA8CT5GT2AT2GA5G-G-C-1AC3CA2CA5CG-C-A3-A-A-A-A6CT2GC5GC8CT2GC20CT1GCGC9AC1CG2GC2
vOTU_011	NODE_921_length_3552_cov_9.116100	72.794	136	26064	3552	20347	20480	1281	1148	6.25e-11	74.3	99	2TC4CT3GTAG4ACGT1CT2GA23GAAT1CG2CG6TC2TA1GCAG1CACA1GC2C-G-3TG1-G-C2CG5GT2CT8AC5CT2CG5TC2GACT1TG3GA1GCGA4
vOTU_011	NODE_2492_length_1339_cov_13.132399	72.059	204	26064	1339	25853	26054	989	788	1.06e-20	106	147	6AC1ATGT1AC1GC4AG2CT8GA4CGCTTA2AT7CTAT4GC1CA-G-G3GTCT2A-T-3CT2CGTCTGGC5CT2CG2ACTC2GT1GA2CG1GC6TC1CTGTCT1CA2CG5GA4GTCG1CA3CG2GC1TC6CG2GC7TG4TA10GA14GC6TAGACT6
vOTU_011	NODE_9146_length_458_cov_2.550868	68.092	304	26064	458	15923	16225	96	398	3.69e-20	104	207	9GCCACAAG1CGCA1GC3GA1GA2CT2GC2GA17TC3AT2GCACGA2GC5-C1GA4G-3GA1GCAC4AG6CAAC4AGCGGC1CG1CT5GA2GCACCG3GA1AG5GCGT8CT2GCTG2GCCT6TCCAGA3GC1TG2CTCTATTCGA1TC2AC2CG6AGAT1AGGA5CGCTAG1GTCG4CGCA1CT9GCGA1ATTC6GC3CT4GC5GATC1CG6GC1CG2CG1TCGA5AT2GTGA1GC2TCGCCA6TC2CG3GT4TC2CG3
vOTU_011	NODE_2_length_258152_cov_535.101380	68.702	262	26064	258152	25799	26060	1140	879	3.69e-20	104	180	6CA2GTTG4GA22GCGAGT1GCGA1GT1ACCG2CGGAGC6AC1AG1GCATCG2CA2AG2CGTG2CGAT7TG1CT1GCGC1AGGA3TA1CTAT4GA1CGCG1TCGA5GC2CG3TA1GC5CT5AGTA1GTGTCT6AG8GCCTCTCG2CG2TC1CGGCGACT1AGGC2CT3CG4TA1GTCGGC2CG2GC2GC5GC3TCTAGA16TC6GC2GA2GCTAGT13
vOTU_011	NODE_4199_length_811_cov_13.873016	69.106	246	26064	811	25815	26060	810	565	1.29e-19	102	170	22GCGAGT1GCGA1GT1ACCG2CGGAGC6AC1AG1GCATCG2CG2AG2CGTG1GACGAT7TG1CT1GCGC1AGGC3TA1CTAT4GA1CGCG1TC6GC2CA3TA1GT5CT5AGTA1GTGTCT6AG5TC2GTCTCT3CG2TC1CGGCGACT1AGGC2CT3CG4TA1GTCGGC2CG2GC2GC9TCTAGA16TC6GC5GCTAGT13
vOTU_011	NODE_8145_length_492_cov_16.004577	76.087	138	26064	492	11367	11504	2	139	4.50e-19	101	105	8CGAC1GC9CA1GC2CT5GC8AGCAAT1TC2CA4GC2TC2GT2CG22GACG5CG2TCGCCGCG2CG4GTGT2CGGCGT7GT4CG5CGCG5
vOTU_011	NODE_4785_length_725_cov_21.505970	69.655	290	26064	725	7710	7987	384	664	4.50e-19	101	202	8AG9GTATGC2-T1CA1GATG5ATTG1ATA-5TGGC2-G-C-C-A-C3GA4ACC-A-5CGGAAC11AG8AG9GC1CG4AG1AG7CGTC1TG1CTCG2TC5CGGC1GT3GC4CA6AC7AG2GA3CG4CG1GCAC4CT3CT3T-T-3T-2-G-A-ACG3CAGACG2CGCG5AGCA2T-TC3T-C-1AG2-A-T-G3ACGAGA4GCGA12GA1GA1TGGC2CG2GT1TA1AG13GA2
vOTU_011	NODE_20_length_55167_cov_656.760415	70.270	222	26064	55167	18652	18870	47561	47343	4.50e-19	100	156	6CGGC1ACCT6CG3GCTA3CT2CGAGAC6GCAGAC13AC1CG11AG1AGAT2ACTGCA3CGAG1TC1GACTAGAG1GA5GCAC1GC17GAACAG3AGACGACG2GC1GCGC8GCTG4ACCGGC5CG2GT1CA4-A-T-C4CT2TCG-G-A-6CG3TA2GC2CGCA3TG11CG9
vOTU_011	NODE_20_length_55167_cov_656.760415	74.405	168	26064	55167	18238	18402	47978	47814	5.48e-18	97.8	125	17GT1TA7CA5A-AC1GC3TA1-C9ACAT8GA1AG2AG10CG1ACGC2GA6-G-C2GCAC2AG1T-G-CAGT4TA3TC3AC1CGGAGACA2TC5GA1ACGC2GC1CGGC8TC2CG11TC3
vOTU_011	NODE_46301_length_231_cov_1.090909	71.859	199	26064	231	20898	21095	34	228	1.57e-18	98.7	143	9ACCG1GT4TGGC5CT2CTCG1GCATATGCAG4GA4ATTC1TCGCCA6CT8TATC2GCGA1TCCG4CA2-T2GA2A-3GC5CTGA1GT8AG5CG5GC1CTCA2CG2GC3GA1GC18TCATTC5GC5GC5GCGA4AG2C-C-A-GT2CG8
vOTU_011	NODE_13103_length_373_cov_42.553459	67.434	304	26064	373	15922	16224	12	314	1.91e-17	96.0	205	10GCCACAAT1CGCA1GC11GC25CG1GCAC3GC5-C1GA1GA2G-3GA1GA5AG6CAAC3CTAGCGGT2CGCGATTG3GA2GCACCA5AC5GCGT8CT2GCTG2GCCT6TCCAGA3GC1TA2CTCT1TCGA1TC2ACCGCACG2CT2GCAGAT1AGGAAG4CGCGAG1GCCG4CGCG1CT9GCGA1ATTCGC2GA2GCAT2CT4GC5GATC1CG6GC1CT2CT1TC3CT2AG2GCGA1GC2TCGCCA3CG2TC2CG3GT10
vOTU_011	NODE_466_length_5731_cov_13.020613	77.311	119	26064	5731	25946	26064	2116	1998	6.67e-17	94.2	92	6AG5TC4CTCG2CG2TC1CGGT2CG1GACGACCT2TGCA2GC2CG2GA2CG2GC7TG4TA18TC6GC2GA3TCGT17
vOTU_011	NODE_1991_length_1688_cov_33.993876	67.578	256	26064	1688	23027	23282	446	701	2.84e-15	88.7	173	22CGTCTG3CG2GCGTCTCG5TGCG3TCCT2CG2GC2CGGCAG4CT1GTCTGT12CG2GA3GTAC3GCCTGTAG5CGCTAG2TC3GATA3TACAGA7GC1AC4TCTGGC2CG2AG2GAAT1TGTCTG6GC4GT11CTGA5CT2TCGTAG5CGCG3CG1GAATTGCG2CT2GT2GA5GCCA4AG2CGACTG6CGTGTA1GA1CT2GC2GC2AC5TG2
vOTU_011	NODE_603_length_4743_cov_54.202218	75.410	122	26064	4743	2137	2258	2343	2464	9.90e-15	86.0	92	5CG15GCCGTA2CTCA1GC12GATGCA4GCAG2CT4ACGACG9TCTA1TACGGT1GTCG1TC3CG1TG3CG2AG1CG20CG5
vOTU_011	NODE_125_length_13376_cov_612.034757	65.210	572	26064	13376	14892	15450	12311	12860	9.90e-15	86.0	373	8GC5AC3GA5CG5G-G-4-C-T12GC4GC6GT4TC2AG3T-4G-C-G-A-2GC3GT1GCTC2GACT4GATCGA1TC1-C-C4AGCT1GT1CG2GCAG2GC4TAGCCGCA7CG1GCGCGT4GC7TCGTCTTAGC8AC1CTGC4TCGACAGAGACAGC5G-C-1TG1AG1GA1G-2CGCTAT4AG5TC2GC2-C-G-C2ATTA2CT2GT1G-C-3G-1GC2CT3TGTA3TG2AG2GC4AG3GC7ATAGTGGC4AGAC1CG1GTAGACGCCA1GC4AG7AG1CG1GC13AGGACT2GAAC4CG2TCGAAGGT6AG1CG2GC3GAGACG6C-1GT2-CGA1AC4GA1GC2GA1AT3CG3A-C-C-5CG3GACAAC2GCCG4TC2GAGT1GACGAC3CA1ACTGCG4C-T-C-G-3GT4-TGC6-A-A-G4CTCT2CT11GTTG4CTGTAT1ATGC3CGCGGT6CGGA1GCGCCA2ACAGCA1GC8-C6GC1C-GA5CGCT1GCCT4TG3GC1CGTA1CG7
vOTU_011	NODE_43039_length_236_cov_1.060773	78.704	108	26064	236	6329	6435	66	172	3.46e-14	85.1	85	9GA1GCCA1CG18CG1GC1TCGC11GC5GC2ACTC2GCAC3GCGC5-G4G-GCGC8GC1GT11CG2
vOTU_011	NODE_42044_length_238_cov_1.049180	72.078	154	26064	238	18797	18950	1	154	3.46e-14	85.1	111	4GC8GC1CA3CTCG1GCACCG1AC1GC8CG6GC2CA4TG14CGAC2GA2CA3TCTG6CGCTTC2AGGC2GC4GCGA1CGAC5AG1TG2GCGACACG2GCTA3AG10GATC4AC1GC8
vOTU_011	NODE_37221_length_246_cov_1.005236	70.109	184	26064	246	21011	21194	246	63	3.46e-14	85.1	129	6GC1GA1CG5GC2CTGC1GC11CG8TC2CG8GC3AC1GCGATC3AC3CGAG3CGGTCGGC2GC2GCTA4ACAC4GC2GC2GC1GA1GA3GA1TCAGTC2GCCG1GC6GATC15AC2GC2GC2CT1ACAC2CA2CG3GC2TAGCTC5GC1AC3
vOTU_011	NODE_3102_length_1076_cov_67.853085	71.348	178	26064	1076	25880	26056	112	288	3.46e-14	85.1	127	6CGTG3GC1AT4CT3AT6CT-G1TCTA2G-8CTCT1TCGC2CTGTGC3CGATGA1TA1GCGTCT6AG5TG1CT1CG2GTGTCG2TC8CGATCG3CG5CG5CG3AGTA2CA6GCTATG15GA1TC6GC6TCGT6GA2
vOTU_011	NODE_34557_length_251_cov_0.979592	71.910	178	26064	251	6324	6499	205	30	1.21e-13	82.4	128	5CT1GC5CT5CA7TA14TA10GCCGGC3CA5TATC2-TAG1GCGA4GA3C-2GA1GCTC1CGCT3CT5CG2GC2GC5TC1TC1CAATGC2GC1AGACAG2G-4-A1ACCG3TC1TGGC1ACAC2GC12CT5GACG3GA3
vOTU_011	NODE_60688_length_211_cov_1.025641	72.619	168	26064	211	15922	16087	175	13	4.21e-13	80.6	122	10GCCACAAT1CGCA1GC6GT4GCGT16CT2TC4CG1GCAC3GC5-C1GA1GA2G-3GA1GCAC1GC9CAAC2A-C-1CT2C-C-3-G3GA2GCACCA11GCGT11GCTGCAGA8TACGGC5TG3
vOTU_011	NODE_780_length_3988_cov_21.212306	68.868	212	26064	3988	18664	18870	2681	2475	5.13e-12	77.0	146	5CG3GCTA6CGAGACGC2GT2GCAGAC3CT9AC1CG11AC1AGAG2ACTGCA3-G-G-G1ATGA1CG3A-C-G-5GCAC1GC1CG8CG6G-A-2TCGCAT3TC1GT1GC3-C-G2TC3GC5ACCG9GC1CA4CA1GCACCACT2GCGAAC6CG3TA2GT2CGCA3TG8GT2CT9
vOTU_011	NODE_6314_length_584_cov_3.293006	68.720	211	26064	584	25225	25434	81	287	1.79e-11	75.2	145	3GC3GA1GC7CTAG2GA17GC5CG2GC1TC9ACGT1GCAG6CT3GC3CGTAGA3CTTGGA2GACACG2A-A-T-2GACA3GC2GTGC3TG9GACTCGGC1CG1GT1C-3CT5-G2CT2GA2GCGA1GCGA3TG8CGCT3TGCAGA1TG3AGAGTC3AGTGCACG8AG2AC4CT3
vOTU_011	NODE_51526_length_223_cov_1.142857	97.674	43	26064	223	3082	3124	174	216	6.25e-11	74.3	42	5TG37
vOTU_011	NODE_2659_length_1251_cov_16.232441	73.171	123	26064	1251	22595	22717	125	3	6.25e-11	74.3	90	7GCGCCGCG1TC3AC2TC8GC2GC2GC16CT3CT2GA8AG2GA2TGTCGTAGCGCT2CAGC2CA5GC2GC2CG2GC5GT3TGTAAC5AG4
vOTU_011	NODE_56315_length_216_cov_2.136646	72.340	141	26064	216	20653	20790	147	7	6.25e-11	73.4	102	12AT4TCCGCTGC1CA1CG1GC3GCTGGC5AC6-C-T3GCCGCA1GTTC1CA2CG1-C1GT2CGGCCAGA9GC5GCCAGACG8GA8TC11CT1GC9GAAC1CG6
vOTU_011	NODE_6_length_143912_cov_589.700758	76.147	109	26064	143912	2216	2323	70768	70875	6.25e-11	73.4	83	2GT4TC9AG14GC4CG5TCAG2C-4GC2TGGAGC1-G3GCGACGGTCTGT3CA2CGAT1GC1GC12TG12GA2
vOTU_014	NODE_33_length_33593_cov_537.073379	67.763	304	22758	33593	21585	21887	18088	18390	3.92e-19	100	206	2GC4GC4CT3CG4ATCGCT4GT2GCTGTC3TCTGCA2TG3CT5CT2CG5CT1GCGATAAG1CT4TC4CT1ATGA4TG4CG2CT2CG1TG6CT1TG4AG1GA1CTGC1CT1CGAC3GACTCTGT8GA3AG1GC2GTTGTA1GTCG27GC1TA1TGTC6CGTCTG3TG1CTCT2GC1TA1AG1CG2CG2G-GCAC1AC3ATCT1-A1GC7TC3GACT1GC1CG1GATATAGCAT3GC1TCCT2AC2AG5CG11CG2CG1GT3CG3CT6
vOTU_014	NODE_2173_length_1531_cov_10.396341	70.811	185	22758	1531	21593	21777	195	11	2.03e-16	91.5	131	4CT7GCATCGCT4GT3TGTCGC2TCTGCA2TG12CG5CT1GCGCTA2CT9CT1ATGACG2CGTG4CG2CT2CT8CT1TG4AG1GA1CTGCCTCT2ACGC1TA1CGCGGC8GA3AG1GC2GCTGTA1GTCG27GC1TA1TGTC6
vOTU_019	NODE_425_length_6018_cov_890.627369	67.102	459	17688	6018	11553	12005	4146	4598	4.83e-23	113	308	4CT3TCCGTG4ATCT11GC1CGCT3CGGCAG19CT1AG1CT2CG2CG2AC1TACT2GC1AGCG6-T2CAAT1GT1CGTGT-1GACAGT6CA2CGAG7G-G-5-G-A4TC3CA3ACT-2GTCT2GT-C14AC3CAAGAG2CTGTG-2TC2GC1TATC3CGCA-T4GATC1GC2GC1TAGCTCCGGC1-G2ACAGAC5C-1TGGC2CG2CGAGGTCG4CTAG6TGTC3CG1CT3CG5TCGACT3AG2GC1TC3GC2GCTGTA1TCTG6CGTGGC2ACAG8CG5ATCTGC3GC1TGGCTGCA1GATG3GCAGCA3GC18AC4AGCTCT2TA2CG4GC1AG2TA4CT3GA2GTCG1GT2GCCG1AG2CT3GATG4TG1CG5TC7CG7CG8AGCATA4TC5
vOTU_019	NODE_425_length_6018_cov_890.627369	64.960	625	17688	6018	12173	12783	4751	5355	6.72e-15	86.0	406	2CG2TG2AC1GA6AG5AG2GCCTTGCG2CG1AGAC1CG5GA3GC4GT1AG1CGCG4GA1CACG4GAAC5CG2GC1TA6GACG3GC-G-A4C-C-4TAAT2CTAG4TGGC2AT4CACG2CG5TC5ACC-G-3GT2T-A-G-1GC2GA1-A3GCTCTGTG1GT3GTC-1AC1C-9AG2AGTCTGCG3CAAG12TGGA4CGCTTGAG5AGGCCG3AG11GCGTCGGC5GCTAACAG5GA2TG1CG1ATGCCA4AC1GT2-TAG2GATACA1GC1TG1A-5CT2AC2CG5ACTAATTC2AC1GC3AT1AG7-A-C-G-A-G1TC4A-T-GC3CA1A-G-G-CG2AG2CG1TG3GA1TA3GC1CG4CA9-T2AT2T-1GC12AGTCCGTCTGCGTCCG5GA3GA2GA10CGGC2AC2AG2GA2CG5TG2AC6-G-C-CCA6AG1AC1AC1CGAC1TC1AGGC1GT2GTAT3A-AT1ACGA5TGTG1C-T-3CGTG3GA1CTGT3CGTC7AG1CT3AG4CTCGGTCTCG1ACGC1TCGCAC2TGCAGT2GA1CT7CTCT15C-TG2TC1-CGC8AC2GC5
vOTU_019	NODE_110_length_14291_cov_1190.374965	67.102	459	17688	14291	11553	12005	10537	10989	4.83e-23	113	308	4CT3TCCGTG4ATCT11GC1CGCT3CGGCAG19CT1AG1CT2CG2CG2AC1TACT2GC1AGCG6-T2CAAT1GT1CGTGT-1GACAGT6CA2CGAG7G-G-5-G-A4TC3CA3ACT-2GTCT2GT-C14AC3CAAGAG2CTGTG-2TC2GC1TATC3CGCA-T4GATC1GC2GC1TAGCTCCGGC1-G2ACAGAC5C-1TGGC2CG2CGAGGTCG4CTAG6TGTC3CG1CT3CG5TCGACT3AG2GC1TC3GC2GCTGTA1TCTG6CGTGGC2ACAG8CG5ATCTGC3GC1TGGCTGCA1GATG3GCAGCA3GC18AC4AGCTCT2TA2CG4GC1AG2TA4CT3GA2GTCG1GT2GCCG1AG2CT3GATG4TG1CG5TC7CG7CG8AGCATA4TC5
vOTU_019	NODE_12_length_95464_cov_625.492029	64.874	595	17688	95464	14545	15132	39135	39722	2.05e-21	108	386	2CG8CG1GC1TATG5TC3CGTCTG4CTCGCGTGTC7GAAG2TATC2GCTG1GTGTTC9CG5GA5GT2GT2AG2CG2GCCGTACGAG8CG4GA13CACG1ATTG1TACG1-G2AC1CG2CGATGA1CA1G-5TC2T-G-4-G-C12TC4GTAG2AC4CT7TG4ACCT4CGTGGA3GC1CT7TC1GCCGTC3CG1TGAC1CAAC2AG5CT2CG5CT8CGGT1CA2AG1ATCTGT1TG7TGGC2AG2AG2GC2C-G-T-2TG1GCAGACAG1CG2-G-C-G3CGAGTC2TGCTCT2TA1GC6ATTG3GCTGACCG1TG3GC2AC2GC2ACTGTCGC2GA9TA1AG2TG1CTGCAC5ATATCGGC1AC5CG1AT1AGTC9CTAG1GCCG7CG1CACGGA1CG1CTTGTCCG2-G1GAAT1ATGC1GTGCAGAC5G-2TC1GAGC1AG6TG2TC5GC1GT3CA2TC2CG2GCCGTCGC2GC2CACT1AC2GC5CT5GC2GC1AC1ACCG1GCAC2CAAC5GC4TGTC2AG2AC7CG3CG3AG5GTGCCG2GA6
vOTU_019	NODE_5962_length_609_cov_40.548736	65.169	534	17688	609	14604	15132	591	63	2.05e-21	107	348	9CG5GA5GT2GT2AG2CG2GCCGTACTAG1CG6CG18CACG1ATTG1TA2-G2AC1CG2CGAT2CA1G-5TC2TCGAACACCG7CG2GC2TG4GTAG2AC4CT7TG4ATCT4CGTGGA3GC1CTGC6TC1GCCGTC5TGAC1CAAC2AG5CT2CG14CGGT1CG2AGCG2GT1TATACT5TGGC2AG2AG2GC2C-G-T-2TG1GCAGACAG1CG2-G-C-G3CGAGTC2TGCTCT2TA8ATTG3GCTGAC2TG3GC2AG2GC2ATTGTCGC2GA9TA1AG2TG1CTGCAC5ATATCGGC4CT2CG1AT1AGTCGC9AG2CG7CG1CA1GA1CG2TGTCCG2CGGC1CTACGTGC1GTACAGTCAC2CGGC2TC2GC1AG6TG2TC5GC1GT3CG5CG2GCCGTCGC2GC2CACT1AT2GC2GC2CT2GC2GC2GA1A-1AG3-CAC2CAAC5GC2GA1TGTC2AG2AT7CG3CG2CGAG4AGGTGC3GA6
vOTU_019	NODE_472_length_5642_cov_2003.902452	66.667	459	17688	5642	11553	12005	5058	4606	2.50e-20	104	306	4CT3TCCGTG4ATCT2GC2AG2GA2GC1CG4CGGCAG19CT1AG1CT2CG2CG2AC1TACT2GC1AGCG6-T2CAAT1GT1CGTGT-1GACAGT6CA2CGAG7G-G-5-G-A4TC3CA3ACT-2GTCT2GT-C14AC3CAAGAG2CTGTG-2TC2GC1TATC3CGCA-T4GATC1GC2GC1TAGCTCCGGC1-G2ACAGAC5C-1TGGC2CG2CGAGGTCG4CTAG6TGTC3CG1CT3CG5TCGACT3AG2GC1TC3GC2GCTGTA1TCTG6CGTGGC2ACAG8CG5ATCTGC3GC1TGGCTGCA1GATG3GCAGCA3GC18AC4AGCTCT2TA2CG4GC1AG2TA4CT3GA2GTCG1GT2GCCG1AG2CT3GATG4TG1CG5TC7CG7CG8AGCATA4TC5
vOTU_019	NODE_472_length_5642_cov_2003.902452	66.245	474	17688	5642	12176	12640	4450	3993	2.34e-14	85.1	314	2TG2AC1GA3GA2AG8GCCTTGCA2CG1AGAC1CG9GC4GT1AG1CGCG4GA1CACG4GAAC5CG2GC1TA7CG3GC-G-A4C-C-4TAAT2CTAG4TGGC2AT2GC1CTCT2CG5TC2AG2A-C-3CTGT2TCACGCCGGA1GA1AGGC3TGTA1AC1C-G-G-1CT1AC1C-13TCTGCG3CAAG12TGGA4CACTTGAG2GT2ACGCCG3AG2CT8GTGTCG6GCTAACAG5GA2TG1CG1-T-C1GA1GCTG2ATGT4-T2GATG3G-T-C-AC5CT2AC2CG5ACTAATTC2AC1GC3AC9GATC2-G-GTC3GC1C-GT3GC1C-2AG2CG1TGGC2GA1TA3GC1CG4CA4GA4-T2AT2T-1GC8GC2-G1ACTG1TGTG1TG1T-4GA6GA10CGGC2AC2AG2GA2CG5TG2AG6C-5
vOTU_019	NODE_80_length_16361_cov_1183.702012	66.667	459	17688	16361	11553	12005	14198	14650	2.50e-20	104	306	4CT3TCCGTG4ATCT11GC1CGCT3CGGCAG5GA5CT7CT1AG1CT2CG2CG2AC1TACT2GC1AGCG6-T2CAAT1GT1CGTGT-1GACAGT6CA2CGAG7G-G-5-G-A4TC3CA3ACT-2GTCT2GT-C14AC3CAAGAG2CTGTG-2TC2GC1TATC3CGCA-T4GATC1GC2GC1TAGCTCCGGC1-G2ACAGAC5C-1TGGC2CG2CGAGGTCG4CTAG6TGTC3CG1CT3CG5TCGACT3AG2GC1TC3GC2GCTGTA1TCTG6CGTGGC2ACAG8CG5ATCTGC3GC1TGGCTGCA1GATG3GCAGCA3GC18AC4AGCTCT2TA2CG4GC1AG2TA4CT3GA2GTCG1GT2GCCG1AG2CT3GATG4TG1CG5TC7CG7CG8AGCATA4TC5
vOTU_019	NODE_80_length_16361_cov_1183.702012	66.245	474	17688	16361	12176	12640	14806	15263	2.34e-14	85.1	314	2TG2AC1GA3GA2AG8GCCTTGCA2CG1AGAC1CG9GC4GT1AG1CGCG4GA1CACG4GAAC5CG2GC1TA7CG3GC-G-A4C-C-4TAAT2CTAG4TGGC2AT2GC1CTCT2CG5TC2AG2A-C-3CTGT2TCACGCCGGA1GA1AGGC3TGTA1AC1C-G-G-1CT1AC1C-13TCTGCG3CAAG12TGGA4CACTTGAG2GT2ACGCCG3AG2CT8GTGTCG6GCTAACAG5GA2TG1CG1-T-C1GA1GCTG2ATGT4-T2GATG3G-T-C-AC5CT2AC2CG5ACTAATTC2AC1GC3AC9GATC2-G-GTC3GC1C-GT3GC1C-2AG2CG1TGGC2GA1TA3GC1CG4CA4GA4-T2AT2T-1GC8GC2-G1ACTG1TGTG1TG1T-4GA6GA10CGGC2AC2AG2GA2CG5TG2AG6C-5
vOTU_019	NODE_38_length_29372_cov_607.733977	71.429	175	17688	29372	11817	11991	22619	22793	1.58e-16	91.5	125	3TC2TGGC3TCTC2TG6CGTGGC3AG1CT6CG5ACCTGC3GC1TGGCTGCACAGA4GCAGCT12GT5CG3AGCT3AG5GC1CG4GC4TG2GC5GC2GCCG4GCCGACAG2CT3GATG4TG4AG2TC7CG7CG7
vOTU_019	NODE_38_length_29372_cov_607.733977	65.510	490	17688	29372	12155	12640	22927	23405	6.72e-15	86.9	321	4GT3AC2C-4GT-T6TC2AC5GC12CATGCG2CG1AGACAGCT14GT1AG1CACGGCCT2GA1CA5GA6CG2GC1TA6-A3CTTC1CA3C-CG4TAAG6CG2GC6GC1CA5CG2TG2AG2A-CG1GT1CTGC1GCTC3G-C-G-GC4GCTCTGTG1GT3GT1-A2T-C-G-11AGTCTGCG3CAAG12TGGA4CG1TGAG5AGGC1GA2AG2CT5GC2GCGTCGGA5GCTAAGACTCTCGCCG2TCTCTG1CGGC2CG3GCAG1GT1GC1ATGAGT2GAGA1TGCGAC5CT2AC1ACCA5ACTAATTC2AC2CT2AC1AG3CA2CA4TGCAACTCGA2GTCT1AT1GCCG5CG1TGGA10CT3CGCA1CT5GC1CAAC2AGTA1GT8-C1GC2ACTC1TGTG1TG1T-4GAGC2GA5GA7CG3AC2AG2GA2CG2CA2TG2AG6C-5
vOTU_019	NODE_7741_length_509_cov_1.268722	67.550	302	17688	509	12464	12760	469	173	6.72e-15	86.0	204	5CT2AC2CTGT4ACTAAGTC2AT5AG1ATCT6GTTG2TG1ACTCGA2GCCT1AG1GC3AG4TGGA2GC1TAGC2GC5CG1CACT8AC1GCAGTA1GC1CT6GC2GC1TC1TA2TG1TC5GA8GA2GA4CAGC5AG2GA2CG5TA2AG6CG-C-G-A4GC3AC1AT1CGAC1TCGCAT2GT1C-G-A-3AG2AG3TGT-1TA4-C4TATG2G-3-A9GC2AG5AC3GACGCGGTCT5TC3CGTG1GC3ACCACG2GA3CG14TG2
vOTU_019	NODE_586_length_4853_cov_20.205502	72.297	148	17688	4853	14539	14685	1468	1322	1.21e-11	76.1	107	5CG2CG8CG1GC1TA2AT3TC3CGTCTG3GC3TCTG6CG1ATCG2TG2GC1CG1GA7CAGTTCCG5GA2GA2GC3TC4CG2GAC-2AG4-G6AG2GC13CA2AGTA1TA2CG3CG3
vOTU_021	NODE_3702_length_904_cov_2.696113	73.321	521	16581	904	1623	2126	324	830	2.19e-71	274	382	6CG2GC2GA4GT9GC5CG2GC3CAGT3CG1C-G-C-G-5-C2GA2AGGAGT1CT3GC-T-C-G-A1GC2AGGA1-C-C1GA2GC7TC3GC1TC2CG3GATC2TAAG3-C-T1GC4TC1G-T-1CG5TGCT2GT8-C-T-T3G-2GAAG3C-C-2GA5GC1GT3GT11GC11TGCT22GA11TC5CG5CT2GC1TG6CT29GC5CG3TCCG9CG1GTGA2GC2CG2CT8GC7TGGC2TC1TC3AT2TC1CT4T-3AT1GC1GT2C-TA2GA1-T1GC2ACTAGC1GTGT1-A4CT2AT1AC3CGGCGCAG1CTTG11CGGAAT3GC2GC5-A-T-T3C-T-T-3GA2GC1GACGTGGT9CG1GT6GA2GA2CG25CT2TCGA5
vOTU_021	NODE_319_length_7510_cov_10.023608	81.000	200	16581	7510	1753	1952	4010	4209	2.05e-46	190	162	2GT4GA6GCAT4CA2CG2GA11GT2CTTG1GC2GA2GC1GT9TGCT4CG2CT5CT8GA11TG5CG5CT2GA1TG6CG23GC5GC4GTCG4CT11GCGA2GT2CG5GC5GA2GC2
vOTU_021	NODE_319_length_7510_cov_10.023608	66.667	642	16581	7510	2779	3412	5045	5678	2.34e-39	168	428	8AGCGGA8GACG2GC1GT3GCGATA9CT2TC17GC2CG2CT20TC1CTC-C-1CA3-A-A1TC5GACT8CT2GA2CG5CG1ATTCGTCTCG2CG1GC2CT1CTCT2TC3CGCT1CGGCATCG2GCCGTA2TA1CTGT6CT5CG5CG1CTGC2GA2GCAC1CA1CG2CACGTA2TCCGGC1TG2GT3CTAT1CA2CGAT1CT10CAAG2CT2AG2CT1TC6GA1TCGC1GT3CGCTGCCATA1CG1GCCG5CGAGCG1C-T-C-5-G1GT3CA1GA-A2TCCT1TACA1GTCT2CT2-C3CAGA1GAGC1TG1TGCT3CGTGCA2AGGA9ATGCCGGACA2GTCT5CT8CT2CG5CA1CTTG2AC2GC2CA2CA1CTGC2A-2GC1TC2-T-T-G3C-G-3TG4AC1GTGC1TG2AGCT2CGTCTG4TA1GC14CG20GA2GC5CG1GCGAAT1CG9GTTG3CT7GT1TGCAGCCT1AG2GA2CG2GTCGGT20GCCG4CT1CGTACG2CAGTCGCG2CG4GT6GA2AGTAGA3CACTCG3GC2CAAT4GC2CG1GACG2CT3GA6
vOTU_021	NODE_15559_length_340_cov_1.168421	71.940	335	16581	340	12363	12697	6	340	1.06e-43	181	241	5GC6ACAG3CG3GCACCG12GAAC1GC4CGTA4TC2TG2GA2AC2GC6TA1AC2AGAT4CT1GTGC2TC2CA1ACCG8GC11GCCGTC3CA2TC5GC2CGAGGTCGTC4CG1GA1CTCTGC2GC12AGAG3CG3AG4CT9AG1CTGC1CA2CT5CGAG4CG2CGGTCA6CG2CT6CG2ACGA1GA2GA3TA5GC2TACA3GC1TGCAGCCG3GATCTC18AG1CT5TC2GCGT1GC2CG1GT3GC6GC1CG2TC5TC8
vOTU_021	NODE_15319_length_342_cov_3.365854	68.327	281	16581	342	3140	3420	1	281	6.72e-21	106	192	10CT5CGAG4CG1CTTG2AG3GCCACG2CG1CT3AG2GAGCTGGCCT3CAGA3TC1CA2AGAGGC3CA1AGCT9TAAGGC2CG2GC17CG5GC5GA10GA3CG2CG2CT3GTTGGC1GTCG7GTCGTG1GCCT4GA5GCCGGT6AG7GACG2CA1GCCG2GATA1GACGTACG2CGGTCGCG8CT1TC3GA2AGTAGA3CACTCG3GC2CGATTG6CT10CAAGGA1CA2CG6
vOTU_021	NODE_1774_length_1896_cov_3.996198	73.759	141	16581	1896	1830	1970	1797	1657	1.80e-15	88.7	104	9GA4GCGC1TC3TG2GA1ATCG14GCTA4AG10GTGA3TA7CG4GCGA2CGGCCA1TACA3GC8GA2GC2CG2CGGC1GA2AG7CA2TCGC2TA1TC1TC4TC2
vOTU_021	NODE_118_length_13713_cov_42.899985	74.603	126	16581	13713	1830	1954	2747	2871	3.26e-12	77.0	94	12GC5GA2TG2GCATATCG2CT2CT4TGGC3TG4AG10GA4TAATGA4CT2T-1AC1GT1GC2CA1TC1-G9CG5GT3CGCACA5AG6GC3
vOTU_022	NODE_43070_length_236_cov_1.060773	74.236	229	16437	236	7847	8075	8	236	2.18e-33	148	170	8AG2TC1GACG2CGGT15ATCGTC1GC1GC4TACGGT4GACGGATATG5CG1GAGCCA1TG6TCTA3AC5CG3GA8AGGACA2CG2AG2TG1CTTC4CGGCTC1CGTA2ACAG7CA7CT6GA1CT2GATGCT6AC8TC11CT2CT7GA5AG11TC2AG11
vOTU_023	NODE_20762_length_290_cov_1.634043	71.233	219	15987	290	12640	12858	248	30	1.52e-22	112	156	5TCCG6TAGTCG6CGGTGC5GCCT1GC2GC4GT3GC3AGAC11CT4GCCAAG11CG1GTGCGT1GC11TC5CG1CAGCGTCG9CG5CG2CG2CG2GA4TC6CG1CTTG2CG2GA1GC1AG5CTGTCATG1CG2GCTCGA2GTCA2TC11GCGATCGC1GT3CG2CT4TC6
vOTU_026	NODE_16925_length_325_cov_1.422222	74.832	298	15200	325	3884	4176	51	325	1.55e-47	194	223	4TATC12CA5TC8GC7GATG1CT7CTTCGC1TCGC4AGAG5AG5GCTG1AG10TA36GC1CTGC1TG3GC4GC2T-A-C-C-T-T-C-G-A-G-G-A-AC7C-C-A-A-A-T-10TC13C-3C-G-1CG6-A-C-A3-G-C4GT1A-A-3TC2GC2GCTGTCGC2GCCTTG9CT5GA2CG2TC8AG7GC3AC5GC8
vOTU_026	NODE_52614_length_222_cov_0.892216	79.186	221	15200	222	4433	4653	2	222	5.39e-47	192	175	8CT11GC2AG2GA10AGGC1TCCG2GA2AG2GCGT1TGTG1GC2TG2CG1CTCG2CG1GACG8GA3CGGT19CGTCTC8CT5AGTC1CG14GC1CG9CG5TGTC4GCCG1GC2CG2GC14TC2GCAT14TC13
vOTU_026	NODE_5_length_177758_cov_542.156812	70.896	402	15200	177758	11838	12233	154452	154850	2.79e-44	184	285	15GC6TC1GCCGTC3CTATAGGCCT1TG5GC3TA1GC4GACA2GC1TG4CT1GA2GC6AG1-G-C-G1GA2ATGC1GA7GAGCG-1AG1CTCG1TACA1GT3-C4CACA4TA2GC1CG1GC3AGGTGC1TC1GT1TG2CGGA9GAGA1TC4GAAGTC2CACA1CG2TC2GC2AG10TGGA2AG11CG2GA2GC5CA1GTGC2GC1GT15CG2GA6GA4GA18GT1TC2-G-GCTAC3CT1A-C-3GC8GAGCCT5TACG1GAGC1TC2GT2CG2GT3TGGTTCAC1GA3GC2TC20AG14GCGTCG1ATAG1CT1CG8TC2
vOTU_026	NODE_5_length_177758_cov_542.156812	68.698	361	15200	177758	9520	9875	152337	152691	1.45e-22	112	248	3CA4CGCA2C-1AC6CGTC9CT4GA12CGTG1GAGA1AG1TC1GCATCG2GACTAC6GC2GC6GC1CG5GA2ACTATGGC2GAATAG7TGTCGC1TAAGTA1AC2AG8AC1TC1ACCG1GATGCG2GCCG13CGAGGT6CGG-C-2TG1-C-A4TCGA2GA2CG2GC4-C1CT2AG1TAG-5GC5AG14CG2CATACTGC1TG12GC1GT2AG1GCTG7GTTCCA5GC1TC3GC1TCCGGTGC2CA4-A4AC3G-2GA2AGTA2GTTC3GC1AT6GC1T-1CG2GA2AG2-G2GTCT3CAAG11
vOTU_026	NODE_5_length_177758_cov_542.156812	71.429	175	15200	177758	14369	14543	156252	156426	1.36e-16	91.5	125	4GC11GC5CGGA1GC2CGACCT2AGTCGTCT3GCGA2AG2CT3CG9AC2GC1AG1TAGTAC2GCTGGA8AGAC8GCAG4GCGT1AC1GACG3TACGGC2CTGT1AC1TA31GCCG5CGGC1TC1GT2GT4AG2
vOTU_026	NODE_61175_length_210_cov_1.238710	77.885	208	15200	210	11800	12007	209	2	6.15e-40	168	162	7ACCG14TC5GC2AG4AT1AG4AG6GC3CT3CT4TC5AGGC2TC11GC8GC1TG12AG2GC13CGCA2GC1GCCG1CACACTAGTC4GCCG8CGGC5CT1GC9GCTGTCCT1CG2CG13TA1GAAGTC7
vOTU_026	NODE_21673_length_284_cov_0.737991	74.138	232	15200	284	5189	5420	53	284	5.76e-34	149	172	2TG2AC5AG8GC8AG2GC5GT1TC15AG2CG8TCTCTG1GAGCCAGA1AG2TC5GCGT1CG1CT3AC1TG1TCCGGC1TCCG1TA4ATCG3GC3GTCGGCCT3AG3GCCG7CG3TC7GT5CG4AGGC1TC3TC6GT13CT5GCCGTAGT5CG1ACCT2CG11GA7
vOTU_026	NODE_8145_length_492_cov_16.004577	69.453	311	15200	492	11805	12111	310	1	2.30e-26	124	216	6CA1CG2TA1GA1GC2TC2CT3TG1ACCAGCCT1AT9CG2CA2GC5CATC2CGTC3CTATAGGCCT1TA2GC2GC2CTTA1GC4GACG2GC1TG4CT1GA2GC6AG1-G-C-G1GA2ATGC1GA8GCG-1AG1CTCG1TA2GC3-C4CACA4TA2GC1CG1GC3AGGTGC1TC1GT1TG3GA9GAGC1TC4GAAGTC2CACA1CG2TC2GC2AG2GC7TGGA2AG11CG2GA2GC2CA2CG1GT3GC1GT15CG2GA6GA4GA18
vOTU_026	NODE_2853_length_1168_cov_20.017969	73.077	130	15200	1168	14414	14543	149	20	2.99e-12	77.9	95	2CT3CG9AT2GC1AG1TAGTAT3TGGATA7AGAC8GCAG4GCGT1AC6TACGGC2CTGT1AC1TG3CT14CT12GCCG5CGGC1TC1GT2GT4AG2
vOTU_027	NODE_137_length_12603_cov_23.918393	65.050	1691	14847	12603	8613	10256	4843	3173	4.04e-80	302	1100	14TC3CAGAGTGCAC1CA1CG3CA1CG5GC2GC2GCATTGCG3GTTGCGCT3GC4AGCACT2GA1ATTG4AC3CG2TC3CT6TCCA1CGCGATAT1GAAT3AG4-A-G4G-G-1GC2TA14CG5CTAG12GACT2TG2AG2CT2GCCA1GT11GC5TG3CA2TACGGC8GCGT1GC5CGGC2AGGC1-G-A-T-C-C-C-G-A-C2GC2GC1CACG1CG2ATCG2GCCAGA7CAACGCGA7CG1GCGCGT1CG18CA1GC2CA2CG1GTGCGATG1TCCG2T-C-C-T-3CA3AC1CGAG-G2TA1CG1GT1CG1CG1TA5GT1CA2-G-C3C-3AGGAGT1CA2CGAC2G-2TAGT2ATAG1CTCGTA1CG6GCCG4CG1GA1GCCA1TA1TGGCCT3CGGC1CG4GACA1GT3GA4CG2CG2AGTG10ACAGCACT2CT5GC2GA1AG1CAGC4CATA3CGGCTG3CG9AGAT1AG1CG1ACTCCACA1CAT-2TAGC1CAGC1GC2AG-T2ACCA3ATGCCA2CG1CA3GCCA4CG2CG2GT1AC3CTTG1CT2CG3-A-G-C-C3CAGC2A-6CT2CGGC3CT3TC8GC2CGTG1CG2CTATCT1AG7CGGCCA3GA2CT1GA3CGCA1GCCAGA1TG1AG5TG3GCCGCG2CG3CT1CT2CT2CG7AT7AG1TG3CT8GAGC7GA8CTTCGC1-A-C-A-A-C5-C3AGGT1-G-G-G5CG2CGCTAT3CG11CG5GCGTTGGC2GC6CG1CG3CTTAGTGCCTGT2GA3CGCT3TCGAGACG2GCCG1GCGA1GCGT1GT2AT3GCCACG2ATCTGC6CG8CT2T-1GA1CG3-G2GA5AG1CG2GTAT5GAACGCGA1CG4GC2AGTGGA1GT2AGCGCGGC1CT3GT3TGCGGC8TGTA1CG9CT5GCCACT3GTCG1AGTCCG2GA8CG2GC2CTAG1GCCT1GCGC14CA1CG12CAGCCGGA1GC2AC2CG1-A4GA1G-1GATC6GAGA1GT7AC4GATA18CG8GC2-C2GC5C-4CAGA4AGCG6CG1CGTC6AT1CG5-T-T-T-CCG3GA2CAAT1GC1CG2CGGA3-C-TAC3AC2ACCG2CTGT3CT1CAGC5TC5CG3GT1CG1CA1CG1GCGACA4GA2GTCTGCGA2TGCGGC6GACAGC1GAGTTCGT7GT1CG11TC3GTCTCT1CACT2CTGCCTGC2CT3-C-A-A-G-AGTCG2GT7T-C-G-1CAGT2-AGT4CG6CT4TAGA1CG1GAGAGC1CTGC2GC2AG2GC7AT2ACCG1AGCG1CT7GAAG3GC2TC1CAAC2CTAT4CG5GCCA1GA3GC1CG8CT2CG7GC6CG1TGCG2CG1AT15-G3G-1GCAC6GTCTCGCA1GC2CG2CTGTCAGCGA1GC3GCTCGC5CG2-G-CCA3TCTG2CGCT4C-G-4TCCT6CG1CG1GA1TGCGGC2GA2CG6CT3AC3GAGC13GCGA11GA5GCGA3GC4CTCG2CTCTCTCT5CG2GA2GTGTTC2-A1GA1GTAG2CA1T-GC3CTCAGT5CG6ATCG10
vOTU_027	NODE_137_length_12603_cov_23.918393	66.802	491	14847	12603	12175	12657	1249	771	1.42e-22	111	328	5-A-C3GTGT3TG9GCCT3CA2CG3TG1GC2AG8GC11GC8CAGCCT6TC1CG3CG3GCGA3GTGT1CG2CGGC1CG1CA6TCGTCT3GCAG4GC2CGCG1GC1CGGC2GA1GC3GA4ACCG2GC3CA4CG2GC2CTTGCGGTCG4GC3TG1CG1TGCGGT4GCCTAGTGGA7GCAG1CA2CAGCCT2-G-G3A-C-2GC2CG7AT1-CTGTC2TG2GA3G-3GA1CT7TGCGTGGTCG1AGCG2CG1CACGCGGA5AG1GCCT7CG1GTCT3AG4TG4CA3C-G-A-1GT1TG1GCGA4-G2TC2TG3C-GT2GCTA1GA2G-G-G-2-C3G-GCCTCG5CG2CG5GCGA1CG2CT3CG2GAGCCG6CT1GC16AC6G-4-A1GC3CAGA1CA1GC2GC1GCGC9TA1GC3CG1CT5GCCTTA2ACGCCA12
vOTU_027	NODE_12_length_95464_cov_625.492029	64.470	1973	14847	95464	8347	10256	22340	20419	4.93e-79	298	1272	7TCCG4CG2GCAG1GC2AG3TCC-G-G-2CA2TA5-G-C-C5GA5TGCGCTTG5CG3GC1CT8CGGA1CG2GCCA1GC2GC3GA1GC11CG2GCCGGACT4TGGC3CG2GATCG-T-C-C-T-A-2GA3GC3GAGC1G-1CAGA4CG1C-G-8CT4C-G-T-C-2AG2CG1ACC-G-C-C-G-3A-C-C-4CACAGA5-G-A-G3ACGT5CACT2CGATAC1AT7CG1GCCG8GA9GA2TGTG1GA1GCCG5AG14CAGA2ACGACA1CG2CTCA1CG5GC5GCATTGCG3GTTGCGCT3GC3CT1CG5ACTG3GAAC9GTCT1GC4TC7GAAT3AG4GC1CA1GCGA19CG2CT3AG12GACT2TG2AG2CG2GCCA1GC11GC5TG2GA3TACGGC8GCGT1GC5CGGC2AGGC1-G2GCGC2-A-CGA4GCCG1CA1-G-A-C2-A-C-C2GC6CAACGCGC7CG1GCGCGT1CG9GATCCT6CA1GC2CT2C-A-G-GT3T-2GCTACACATG2-A4CTAG1CTAG1GCTA1CT1GTGCCG1CG1TA5GT1CA2CGAC5A-G-G-3-A3-G-C1GC3TAGTGC1ATAC1CTCGTG1CA2CG3GCCG8GC1CA2TGGC4CGGC1CG1GC2GACA1GC3GA10AGTG1GC8AC1CA9GC2GT1AGCGCGGT4CATA3CGGATACG3AGAGGC6AGAT1AG2-T-C-C-A-A-A-GGCACTA2GA1TA2TC3-A-A-C-T1AGGT2AGCT2CA2G-A-5-A7-C-ATA5GACTGCCT2A-G-G-C-C-2CA1TC3CGTACT2G-G-C-A-3GA1GA3CGGC1CA1CT15CGTG5ATCTCTAG1GC5CGGCCA8GA3CGCA2CAGA1TG1AG2CT2TG3GCCG6GCCT4CT6AC1CG1AT7AG1TG12GAGC3GA3GA6-A-C-A-G-C1GC1TAGAGT2GC2-C-A-C-GAC2AG4GA2CT3CTAT3CG5CG2CG2CG5GTGTTGGTGT1GA6CG4GACT1GT1CTGC2GC1C-G-C-3ATTC1GA2CA1CA1GT1-G-T-A8GA2GCCACA2AGCTGC3GC2CG5CGAG1CG2TGCAGCCG2CGTGCGCGGA1CT4CG4AT1CG6GACG3GC4ATTCGA1GC2ACCT2GC1-C-A-GGC2GT3TGCGGT8TCTA1CG9CT1CT2CGGCCA3CTGTCG1AGTCCG2GT5CT2CG2GC2CTAG1GCCT1GCGC8TA4AGCA1CGGCTC3GC6CAGC1GA1GC6-A5G-GA2GATC6GC2GC2GTGA3ACGCCT1GCGATA1GA1GC2GC5GC5CGCA2GACG3GC2-C5CT3G-3CAGA4AGCG3CT5TC6AT4GA3GTGT2CG4GCTA3-G-C-A-ACGGA3-C2-C2AC2ACCG1GCCTGACT4CAGC15GT3CA1CG1GCGACA7GTCTGC3TGCGGC6GACAGC1GAGCTCGT7GT1CA2CT8TC2CTGTCT2CA3CT2GA2CT1-C1GCGT2CAGA3CTCG2T-1GT3CA1-C-T-AGT4CG6CT4TA3CGGAGAGC1CTGCGT4AC2GC2GA2GC1AT5AGCG1CT3CT3GAAG1GA1GCGT1TC1CAAC3AT1GT6GA1GA2GC3GC1CG4CG3CT2C-1CG2AG4-A5CT1TGCG2CG1AT13CA2GCCGGC1GCAC6GA1CGCA1GC2CG2CTGTCTGCGA1GC3GCTCGC5CG2-G-GCA3TCTG2CTCT4C-G-4TCCA8CG1GA3GC2GA2CG3TCGAGCCT3AC3GAGC13GCGA11GA5GCGA8CT4CTCT3TC2CG2GA3GTTCGC3GA1ACCTGT1CATC4CTCAGT5CG6ATCG6CT3
vOTU_027	NODE_12_length_95464_cov_625.492029	73.381	139	14847	95464	12200	12337	18483	18346	2.92e-12	77.9	102	3CG2CT2GATG1GC2AG5CT2GC21GCCT8CGGCCA1CG3GCGAGA3GT1CG1TC1GC3CACT3G-1TC3-C2GC9CG1GC1CGGC2GC1GC3GC5CT3TC7CG2
vOTU_027	NODE_36_length_30711_cov_618.072253	64.643	1779	14847	30711	8531	10255	19220	20962	3.79e-74	283	1150	7A-C-C-6GA1GC3-G-A-A4GT3CT2CG3ATAC1AT4CG5CG3TAGC6CG6GA2TGTG1GA1GCCG1CG14TC3CAGAGAGCAC1CA1CG3CA1CG5GC5GCATTGCG3GTTGCGCT3GC3CAAT1CG4AT4GAAC9GCCT1GC4TCCA4A-3GT2AG1CG2GT4GC-A1GT2TG8CA2CTACCTCG5CTAG1CG2GC6GAGC3TA2AC2CGGA1GCCG1GC12CA1GC2TG5CG2GC8GCGT1-C5CG1GTTG1ACGCCG1CT1GC2-A-C-A-C-C4CA1-G-G-C1AT12GCCAACGCGA9GCGCGT1CG10TC7CA1G-G-A-1GT1CGAGGT4TA2-A-A1TA2-G-A3G-3CGATGC2CGGT4G-G-C-3TA4C-1GT2CACTA-2TG1-T2-C2CA1GA1CAAC4CTTCGT5CTCT2CG2CA3GCCG4CG3GCCG3TGGC4CGGC1CG3ACGCCA1GC3GA4CG2CG2AGTG1GC8AC1CA3CT10AG1CAGACT3CATC3CGGCTGCG2CG5CG3AGATTCAG1CG1A-T-2GACATGCA1TGGA1CT1AT2GC2GTA-4ATGCCG2CGGACA3GTCG1CG5CG2GC1ACGA2CGTC1CG2CGGA2TACGGC1GA1CGAT3GC3CAGACGGC1CG1CT9CA2GA2CGTG1CA3ATCT1AT7CGGCCA3GC4GA2AC1CA1GCCAGA1TG1AG5TGCT2GCCGCG2CG3CT4CT2CG3AC1CGCAAT7AG1TC5CG2CG2CTGAGC7GA6GAGTCTTC2-A-C-A-A-T2GC2ACCG1AT1CT1-G-G-A-C2CG1CA4AT15CG5GCGTTGGCGT1GC2GA3CG1CA2GTCT1GC1CT7CGCT3T-G-G-2CA1-A4-A-A4GT2AG3-C-A1CG3ACCA1G-G-1GACT4CT4CA3TCCAGTCG2CG3GA5AG2GA1GTAT5GAACGCGA6GCCT1A-T-G-C-G-10-G-A-C-C-G1GT3TGCGGTCT1GC5TCTA1CGGA1GC5CTCT1CT2CTGCCA4GTCGCTAGTCCT5GA5CG2GC3AG1GCCT1GCGC7CA6CA1CG12CAGCCAGA1GC2A-T-1CA6-C-C1GC1GATC6GC2GT2GC2CG1ACGC3GATA10GT4CT2CG8GC2GC3CG3CG4CAGA3CTAGCG6CA1CGTG6AT7CTGTGT2CG4GCTA3CG1CGGC2-T-G-G-G-A-C3AC2ATCG1GCCTGACT4CAGC11CT3GT1CG1CAT-C-1GA2-A-A7GTCTGCGA2TGCGGC6GACAGC1GAGCTAGT4CG2GT13TC1GCCGGTCTCT1CA4GCCTGC2CT7GT3CG1GC1TG2GACTGCCTTAGT4CG1GA4CT4TAGAGT2GAGAGC1CTGC5AC2GC7ATCT4AGCG1CT3CT3GAAG1GC2GA1TC1CAAC3-G2GA1C-4GATCGC2GC3GC1CG8CT5CT3GA4GA2CA1TGCG2CG1AT3CGCTCT9CGGCCAGA2AT6GACG1CA1GC2CG3GTCAGCGA1GT3GCTC2GC3CG2CG1-A-A2TCTG1CTCT2G-C-2GA2CA1TCCG5GA2CG1GAAG2GC6AT5CT3AC3GAGC10GC2GC2CG2CT2GC3GA5GCGA8CTCG3CTCA6CG6GTTCGC3G-G-A-CA5CA4GC1-A-T-CTA10ATCG9
vOTU_027	NODE_36_length_30711_cov_618.072253	75.229	109	14847	30711	7768	7876	18483	18591	1.02e-11	76.1	82	3AC15GA1CG1CTGCGATA3TACGGCCT2ACAGGC5GC8CT5GT7TC15GC1CAGTGC1TGCG1GT2CG9GC3
vOTU_027	NODE_637_length_4596_cov_380.656463	64.479	1737	14847	4596	8572	10256	1713	11	1.84e-65	253	1120	4CG2CG2CG3TAGCCA2GA1GCCG6GA2TGTG1GA1GCCG1CG18CA1GTGCAC1CA1CG5CG8GC2GCATTGCG3GTTGCGCT2CTGC4AGCACT4ACTC2GAGAACGCGC8CT1GC4TCCG6GAAT3AC1CAC-1GA4GC-A1GC2TG12ACCTCT5CTAG11GAGA6AGCT1CGGA1GCCG1GC17TG5CG2GC6GA1GCGT1-C5-G-C-T-G-C3TA-T-C-C-C2G-6GC1CACA1CG2ATCG4GA3CG3CAAC1GA7CG1GCGCGT1CG10TCCT6CA6CT1A-1GT1TA1TCCAGA1TA2TGGA5C-A-5TACG1GTGC1CG3TA4-G-T1GAGA1AG3GT1T-2AC1GA1CAGCCA1AC2GAAT4GCAGA-1CTCG2CG6GCCG3GCCG3GCCG3TGGC4CGGC1CG3ACGCCA1GC3GA4CG2CG2AGTG10ACAGCA3CT5GC4AG1CAGACT3CATC3CGGCTGCA2CG9-G-T-C-G-C-G-G-C-C2TG3-A-C-G1ATTG6CTTG1CT2AGGTCG2C-G-A-C-3AT1CT1TG3C-4TACTGTCACG3G-3AT1GAC-C-2CA3GATGCA1CT1-A5CA1A-G-G-G-3C-G-C-C-1CT12GC2CGTG4CTATCT1AT7CGGCCA3GC4GA2ACCGCA1GCCAGA1TG7TGCT2GCCGCG2CG3CT1CT2CT2CG3AC1CGCAAT7AG1TG7GA5GTCG6GA4CG1-A-T-T-C-C1GA1-A-A2-C3-T4CTGCAG1CA3CG1CT2CACTATCG2CG5CG5CG5GCGTTGGCGT4GT3CG1CT3CT1GC9CACTGT2TCGAGACG2GCCG2GC1GC2GC2ACGT2GCCACG2ACCAGC3GCCT7CGAG1CT2TGCAGC3CTTG2GA5AG1CA2GTAT5GAACGCGA1CG4GCCA1AGTGGA1GC2ACCGCGGC5GT3TGCGGCCA1GC5TGTA1CGGA1GC6CT5GCCA4GTCGCTAGTC6GA8GC2CTAG1GCCT1GCGC13AGCA1CGGA4GC6CAG-C-G-T-G-7CGGACGCT2-T-G-C-C-A2GATC9GT2GCGA3AC4GATA12GA5CG3GACG3GT2-C5CTGA2G-2CGCA4CTAGCG3CT2CG2TA6AT1CG2GA3GTGT2CG4GCTACT4-G-C-G-A3-C2-C2AC2ATCG2CTGACT2CT1CAGC5TC9GT1CG1CATCCGCT1GACA4GA2GTCTGCGA2TGCGGC6GACAGC1GAGTTAGT4CG1GCGT1CG15GTCTCT1CA3CT2GC2CT2GC2GCCAGC3CG1G-2CGGC1CAGT2GA-C4CG6CT4TAGA2CGGAGAGC1CTGC5AC2GC2GA4AT5AGCG1CTCT6GAAG1GC4TC1CAAC3-G2GA3C-2GATCGC2GC3GC1CG13CG3CT8CA1TGCG4AT4CTCT7CT1-G3G-1GCAC6GCCACACA1GC2CG2CTGTCAGCGA1GC2CGGCTC6CG2CG1-A-A2TCTG2CG5C-G-2CG1TCCT8CG1GAAG2GA5CG6CT3AC3GAGC10GT2GC1TC6GT3GA5GCGA3GC4CTCG3CTCT3TC2CG6GTTC3GAGA1AC1GACGCG4GCCTCAGT5CG6ATCG6CT3
vOTU_027	NODE_159_length_11668_cov_853.141996	63.342	1885	14847	11668	8382	10211	1133	2956	4.93e-60	236	1194	3TG4CA2GA3GA1TGCGCTTG5CG3GC1CT5CT2CGGA1CG5GT2GC3GA1GC14GCCGGACT2CT5GACG5TACA1T-A-C-A-G-G-2GCAT2GA1CTGT4GCC-G-C-T-C-G-8CT4CG1TC2C-A-G-T-C-G-A-C-G-C-C-G-A-A-G-2CG6GA1GC3-G-A-A3ACGT10ATAC1AT4CG5CG3TAGC3GAGTGCCG6GA2TGTG1GA1GCCG1CG14TC3CA1GTGCAC1CA1CG5CG5GC5GCATTGCG3GTTGCGCT2CTGC4AGCACT4ACTG2GAGAACGCGC1CG6CT1GC4TC7GAAT3AC3GAG-4GC-A1GC2TG12ACCTCT5CTAG1CG9GAGACT2TG2AG2CGGA1GCCG1GC11GC5TG2GA3TACGGC6GA1GCGT1GTC-6TC-T-G-C-C-C2GT1AC2GA1-A-C5CA-A-G-G2ATCG4GA3CG3CAAC1GA7CG1GCGCGT1CG10TCCT6CA6CT1A-1GT1TA1TCCAGA1TA2TGGA5C-A-5TACG1GTGC1CG3TA4-G-T1GAGA1AG3GT1T-2AC1GA1CAGCCA1AC2GAAT4GCAGA-1CTCG2CG6GCCG3GCCG3GCCG3TGGC4CGGC1CG3ACGCCA1GC3GA4CG2CG2AGTG10ACAGCA3CT5GC4AG1CAGACT3CATCGC2CGGCTGCG12-G-T-C-G-C-G-G-C-C2TG3-A-C-G1ATTG6CTTG1CT2AGGTC-G-A-C-2CA3AT1CT1TG3CG2GCCA2GACG1CAGC2CGGT2G-G-C-C-2CA3GATGCA3-A5CA1A-G-G-G-3C-G-C-C-1CTCT8CA2GA2CGTG4CTATCT1AT7CGGCCA4AG1CT1GA2ACCGCA1GCCAGA1TG1AG5TG3GCCGCG2CG3CT4CT2CA3AC1CGCAAT7AG1TG5CG2CG3GAGC3GC3GA8CTTCGC1GA1GA-A-C3-T-C2AG-T-G-T-C-G1CT3CG6ATCG2CG5CG5CG5GCGTTGGTGT1GA2GT2GCCG1CT3CT1GC9CGCT3TCGAGACG2-C-G-C3GC2GC2GCGA2GCCA2CT2TC1C-G-G-3CT1CT5CG2CT2TGCAGC4TG1CGGA5AG1CGGA1GCAT4CTGAACGAGA1CG2GC1GTCG1AGTGGA1GC2ATCGCGGC5GC3TGCGGCCT8TA1CG9CT1CT3GTCA4GTCGCTAGTC12CG2GC2CTAG1GCCT1GCGC10GC2AGCA1CGGA4GT2GC2CGCAG-C-G-T-G-8GACG3-T-T-C-C-A2GATC12GCGA3AC4GATAGA17CG8GC2GC5GA1CGGC2CGCAGA4AGCG3CT2CG1CGTG6AT1CG2GA3GTGT2CG4-C-A-T-C-C-G1TG1CGCA2CG1GTAC3AG2ATCG2CTGACT4CAGC2CT12GT3CA1CG2GACA7GTCTGCGA2TGCGGC5CTGACAGC1GAGCTAGT4CG1GCGT13TC3GTCTCT1CA3CT2GC2CT2GC4GT5GC1TG2GACTGCCTTAGC4CGCG5CT4TAGAGT1CGGAGAGC1CTGCGA1GC2AT2GC7AT3CG1AGCG1CT7GTAC1GC2GA1TC1CAAC3-G2GA1C-4GATCGC6GC1CA13CG3CT8CG1TGCGGA1CG1AT3CGCTCT7CT1CGGCCA2GCAT6GCCACACA1GC2CG2CTGTCTGCGA1GC3GCTC6CG4-A-A3TG1C-C-CT1GC1CG1GA2CA1TCCT3GA1GA2CG1GA6GA2CTAC5CT3AC3GAGC10GT2GC1TC6GT3GA4CTGCGA6CT1CT3CTCTCT3TC2CG6
vOTU_027	NODE_159_length_11668_cov_853.141996	73.810	126	14847	11668	7746	7871	505	627	2.92e-12	77.9	93	5TC3C-G-A-3CA2ACTG1CG3AC1CT5GA7GA1CG1CTGCGATG3TACGGC3ACAGGC14CT5GC7TC15GA1CAGT2TGCG4CG2CA5
vOTU_027	NODE_80_length_16361_cov_1183.702012	64.056	1864	14847	16361	8403	10211	2678	876	1.09e-55	221	1194	5CG3GC1CT5CT2CGGA1CG5GC2GC3GA1GT15CGGACT3CG1GC2GACG5T-C-C-T-A-C-1GAGT2GCAT1CAGA2GT1C-5C-T-C-G-G-12C-G-T-C-2A-G-T-C-G-A-C-G-2GC3AGCT2TC4GA1GCAGCACA3ACGT3CT6ATACCTAT4CG5CG3TAGCCG2GA5GC3GA2TGTG1GA1GTCG1CG18CA1GTGCAC1CA1CG5CG8GC2GCATTGCG3GTTGCGCT2CTGC4AGCACT4ACTC2GAGAACGCGC8CT1GC4TCCG6GAAT3AC1CAC-1GA4GC-A1GC2TG12ACCTCT5CTAG11GAGA6AGCT1CGGA1GCCG1GC17TG5CG2GC6GA1GCGT1-C4-C-G-C-T-G4-A-T-C-CTC2G-6GC1CACA1CG2ATCG4GA3CG3CAAC1GA7CG1GCGCGT1CG10TCCT6CA1GC2CT1CT1A-1GT1TA1TCCAGA1TA2-G-A4C-3-A-C-G2CTAT2TG1CG1GA1CACA3GC3C-G-2ACCACT5CAAT1G-C-4A-2GAAT2G-GC4CTCG2CG6GCCG3GCCG3GCCG3T-2CT1G-4TG1GTACGA1-C-A1GT3GA4CG2CG2AGTG1GA8AGAGCA3CT5GT2GA1AGCGCAGACT3-A1TC1GT3T-CG5GA6A-A-TGAT1CGGC1TG2GACATGCA1TCGA1CG1AT2GC2G-ATCG3ATGCCA2CG1CA3GCCG1CG5CG2GA1ACGC3TC1CG2CGGA2TACGGC1GA1CAAT3GT3CAGACGGC1CG1CT3TC11CTTG1CG2CTATCT1AT1GA6GCCAGA2GA2CT1-A-G1GC2CT1-A-A4G-T-C-A-5TG3GCCGCG2CG3CT4CT2CG3AC1CGCAAT7AG1TG7GA4GAGC7GA4-G-T-A-T-T1TC1GA1-A-A2-C-A1GC3CTAGCTGCAG1CA2GACG6ATCG2CT5CG5CG5GCGTTGGCGT4GA2GACG1CT3CT1GC5GCTA1GACGCT2-A-C1TA3A-1GA2G-GC11GCCACG2ATCGGC3GCCT4CT8TCCAGCCG3TG1CAGA5AG1CG2GTAT5GAACGTGA1CG4GCCG1A-T-G-C-G-7CT2AC4-A1CT1-G-G-G-CCT7TGTA1CGGA1GC5CTCT5GCCA4GTCGCT1TCCT5GA5CG2GC2CTAG1GCCT1GCGC13AGCA1CGGA4GT5C-C-G-C-G-TGGA6-G1CA2CG1GT2GA2-C-A-C-A8GT2GTGA3AC4GATA18CG8GT2GT5GA1CGGC2CGCAGA4AGCG3CT5TC6AT1CA2GA3GTGT2CG4GCTA4-A-G-C-G-A-T1CG1GTAC3AC2ATCG2CGGT5CAGC5TC9GT1CG1CATCCG1GCGACA7GTCTGCGA2TGCGGC6-AGA1GTTAGCGA6C-1GAGT4CT8TC2CGGTCTCT1CACT3GCCTGC2CT2GC2GCCAGCGC4G-2CGGCGACAGT2-AGT4CGCG5CT4TAGAGT1CGGAGAGC1CTGC5AT2GC5GC1AT5AGCG1CT3CT3GAAG1GCCA1GA3CAAC3-G2GA1C-4GATCGC2GC2GAGC1CG8CT4CG3CT8CG1TGCGGA1CG1AT4CTCT6TC2CGGCCA2GCAT6GACG1CA1GT2CG3GTCAGCGA1GT3GCTC6CG2CG2G-T-TA1CG1CG2-T-T1CG1GC2CG1TCCT8CG1GAAG2GA5CG6CT3AC3GAGC13GT8GT3GA5GCGA6CT1CT3CTCTCT3TC2CA2GA3
vOTU_027	NODE_5_length_177758_cov_542.156812	65.779	1014	14847	177758	9274	10263	146202	145219	5.27e-47	192	667	15AT6-T2TG1CTCG2CGC-5CT3CT2CT1GT2CT6-A-G1TG6C-1CT2GT1C-4CG1CTCG1ATCG2CA8CG2CG5GAGC6CA6CG4TA6GCTA-G5G-1TCGC1CA2GTC-C-G-4CT5CA5-A-G-G1AGCGGC4CT1CT8CG2TG1GACG1CA3CG2CT2CT3GATC1AGCTCT4AG1GCCACG3AGGT4GT4AG3GACAGT2GA3TCCG1CTTAGT2CG2TG3GA1GC5CTCT4CGGA1CG2CTGTCG1AGT-3-T3GC2CT2CG5CTAG2CT1GCGTTGGC12CA1C-1TCCG4-G3CG2GAC-G-T-G-C-8CG-T-G6TA1-A-G-T1AT12CG1AC1CT1GAGCTG1GCCAGA8GA2CG2CG2CG1CA3GT10CAGCATCG1CAGA1AC1CG5CT2CG2TA6AT7CTGTGTCT1CG1CT1C-G-T-CT1CACTGA4GT3GA1ATCG1GACTGACT2CT1CAGT2CT2TC5CG5CG1CA1CG1GCGACG6C-G-1GT2CA3-G-A6GACAGC1GAGCTAGT12CT13CACTGA4CT2GC2CT4C-2GT2C-C-CG1CG4CTGACTTAGCGA3CTCG1CA7CATA4GAGAGT1CTGC5AG2GC5GC2CT4AGCG1CACT4-A-C-T-C-G-C4CG5T-G-C-A-C-G-CGATCT3CG3GCTG3GC1CA1GC1CG11CG2CT2CT2CTAG4CT1TGCG2CT2CT3CACA9CGGACAGAGA1AC6GT1CG1AT1CGCACA2CTGCCAGC5CAGA1GC5CG2-G2AC1TCTC1C-3GTCG5CG1TC9CA1GAAG8CG6CT1CT1AC3GAGTTAGT5CTCG1GC3GC1CG3CAGA3CG2CG4GA3GC3GACACG2CT1CT6CG2GA3GTTC4-TGC2CT1C-7CG2TACT2CGCAGA3CGACCG6CT10
vOTU_027	NODE_5_length_177758_cov_542.156812	66.720	628	14847	177758	4229	4843	150812	150204	1.97e-33	148	419	16CA7CT3-C-T5CGATCG3TG2CA-A4TA1GA2GA3TCCG2CG9CTGCCG1AGGC5CT11GAGA4CG2CT2CG3-A-G1AC2CGGACA3C-C-2GC2GCCG16GT2CG7CG7CTGC3AGGTGCGAGA1GTAT1CG5CG2CGAG1CG2CTTC4CT1ACGCGACAGCGA6CA2TG2TCCG2GC3GA1GCCT1GC2CT1AG2AG2TACGAG1CG1GCCG1CACT1GTGT14CG2CT8CG8AG2CG2CT2CG2CTTA2AGGC1CA1GCCG4-T-T4-CGA2GT2CA1T-G-C-GC7TC3GC1TACT5CG2CG4ACGCATGCCG5AT1CT3CGGA1CG2CT2CG2CG6GT1A-C-CGGT2C-A-T-G-GA2ACAT1CA4A-C-2GC2-A-G-T-G1AC3C-A-1CT1CG1GTTGCG2CG1GT1G-G-2AC3TACT1C-AT3T-1TAGACG11CG2TG11CG5CG3TC1CG1GA1GATC2AG1GTACCG3CAATGC1CAGC4GT1CG1AG7GA2AC3CG3CT1CTGT1GC2CG6CG2GC1CG8CG1CT3CG2CGCT12AG1-T5
vOTU_027	NODE_5_length_177758_cov_542.156812	78.761	113	14847	177758	8715	8827	146785	146673	3.12e-18	96.9	89	5AG1CTCG3CA4GA2TG12AGCTCT5CTAG1CG3TA6GACT2TG2AG2CG3CG4CT9CA1GT2TG5CT17
vOTU_027	NODE_5_length_177758_cov_542.156812	64.299	549	14847	177758	1440	1982	152877	152353	4.63e-16	89.7	353	2CT2CT3GA2AG7GC1CA6CTAC2AG3-A-C-C4C-A-A-3CG2CG2GAGT2AGGTTC3GA10GCAC1CG4TACT5CAAT1GC2TA1TC8GA3CTCG1CG2CGGCCTCG5C-T-C-G-A-C-G-4T-G-G-G-G-C-C-G-T-C-C-4CT1CA1GCAG1CT5CGAG4CT6AG1GCCGGCGCGA4CT3CGACGC5GCTACAGT5CG6CTGC3GA2-C2AC1TGCTC-3AG1CG6CA1CG4CAGC1GT1AGCACT3GCAGAG1AT1AT5-T1AG1CA2CGC-8TC3CTCG2ACACCG2CGACCGCG8AC1TA4CG2GC1CGGAATGT2GC11GC5CT2CG2GCGA1CT2GCATCAGTCG1CGGA1CG5CT2CT2CT2CTCGGC1CA1GC5CTCATC1GA1GC1TCGC2CG2GCGCTC2GA1GC1CGAC13TC2CG1ATTC2CG8CGTC1CT8CT2CTAG1GC1CGGC5CG10GACT2G-3-C5CT1ACTC2CG8CGCT4GA4GCCGAGCT7
vOTU_027	NODE_5_length_177758_cov_542.156812	70.423	213	14847	177758	7740	7947	147713	147506	1.61e-15	87.8	150	2AC6CT11CG2AGTACGCT17CTCGGTCA2CTGCGATG2CGTG2CG2ACAGGC4TC3CGTAGCCG2CT2CT8CGGC7CG2CT5GC6CTTGGC2CGGC10-G4-TCG3AG1A-G-4TA3CA7GT4AGGC2GTCG2-G-G-C7GTATGT4C-G-C-1AC3GA2GC6
vOTU_027	NODE_5_length_177758_cov_542.156812	66.583	398	14847	177758	203	587	154061	153674	5.64e-15	86.0	265	8CT3ATGCCG7AG1-C1TG3C-2CT1TACG3CG1TG2CT1CT4ACTA1CG9TACT1CG1GAACGC6CAGA1CGGC2GT2GCCA5GC3GCTG3CG-G-T-C-A-A-G5CG8CT5CG1GCCG6CA1GC4CTCT3-G2CG2CG1T-6GA4ACGCCAGA6CG1TACT3CA-A1TG4CGC-C-T-C-1AT3CGTG1-A-G-A6CG2GC1CG8TC1CGATCG2CG6-G9G-1CG2CT2CT2CG14CT3GA1C-G-TG1ATCG2CGCG4CAGC1AC1CA2C-1GC1CACG3ACTACACA1CG1GT3CTAG2CGGA1GC4CG2CT6AG1CG2CG2CG5CA6CA1CG2GT2TCCG1GA2CG2CG4
vOTU_027	NODE_260_length_8730_cov_834.544323	63.686	1454	14847	8730	8403	9798	1390	1	2.56e-38	163	926	5CG3GC7CT2CGGA1CG5GC2GC3GA1GC14GTCGGACT3CA1GT3CG5TAC-C-T-3GC1AT3C-C-G-1CTGT4GAC-G-C-T-C-G-8CT4CG1TC2C-A-G-T-C-G-A-C-G-C-C-G-A-A-G-2CG6GA5-G-A-A3ACGT3CT6ATACCGAT4CG5CG3TAGC3GA1GCCG5CTGA2TGTG1GA1GCCG1CG11CG2TC3CA1GTGCAC1CA1CG5CG8GC2GCATTGCG3GTTGCGCT2CTGC4AGCACT4ACTC2GAGAACGCGC8CT1GC4TCCG6GAAT3AC1CAC-1GA4GC-A1GC2TG12ACCTCT5CTAG1CG9GAGA6AG2CGGA1GCCG1GT2CT14TG2GA2CG11G-2GT7-C2-C-C-C-G-A-T-C-C-CAGGA6GC1CACG1CG2ATCG8CG2GACAAC1GA7CG1GCGCGT1CG5GA4TC6CACA1GC2C-1CGCTAG1GT1TA1TCCAGA1TA2-G-A4C-2CT1GTCG1C-2CT3G-C-3TA3C-2GT2CA1AGGT1TAGT1A-G-4CACT3-C-C-C2CTTCGTGC2AG1CTCA2CG6GCCG4CG3GCCG3T-4G-4-C-G3ACGCCA1GT3GA4CG2CG2AGTG10ACAGCA3CT5GC4AG1CA1CT3CATC3CGGCTG13AGAT1AG1-A-G-C-C-ACA2TC1-A2CG1CG1TC2CT1AT1C-1AT2A-CG4-T-G4CG2-G5T-4CGGC1GC3AT1G-C-CA2CA1TC1GATACG3-A5C-G-A-G-GA4C-G-C-C-1CT6CT8CTTG4CTATCT1AT5GC1CGGCCA3GC4GA2ACCGCA1GCCAGA1TG1AG5TGCA2GCCGCG2CG2GACT4CT2CG3AC1CGCAAT7AG1TG5-G-GCT2CAAT3G-C-6GA4-G-T-A-T-T1TC1GA1TAGAGC5ATCG1-T-G-T-CAG1CG3CG4CTCTATCG2CG5CG2CACA1CG5GCGTTGGCGT4GT3CG1CT2GCCT1GTGT8CACTGT2TCGAGACG2GCCG1GCGC7AG3GCCACG2ACCGGC3GTCT7CG2CT2TCCAGT3CG3GA5AG1CA3AT1CG3GAACGCGA1CA4GCCG1A-T-G-C-G-7-C-G-G-C-A4GT3TGCGGCCT7TGTA1CGGA1GC6CT5GCCA4GTCGCTAGTC12CG2GC2CTAG1GCCT1GCGC7CA2GC2AGCA1CG6CT5C-G-C-G-T-GA6-G-C-A6-C-CGA2GATC6GC2GA2GCGA3ACGA3GATA1GA16CG8GT2GT5GA1CGGC2CGCAGAGA2CTAGCG3CT5TC6AT1CG2GA3GTGT2CG4GCTA5CGGC2-T-G-G-A-T-C3AC2ATCG2CTGACT4CAGC5TC9GT3
vOTU_027	NODE_260_length_8730_cov_834.544323	74.803	127	14847	8730	7746	7872	2042	1919	1.97e-14	84.2	95	5TC3C-G-A-7TG5AC1CT13GA1CG1CTGCGATG3TACGGC3ACAGGC5GT8CT5GT2CT2CG1TC15GC1CAGT2TGCG4CGGA8
vOTU_027	NODE_125_length_13376_cov_612.034757	63.282	1438	14847	13376	8403	9798	11987	13376	3.11e-37	159	910	5CG3GC1CT8CGGA1CG3CA1GT2GC3GA1GC14GCCGGA3CT5GACG4G-T-C-C-T-A-2GAGC3AT2GA1CTGT1C-5C-T-C-G-G-4GA2CT4C-G-T-C-2A-G-T-C-G-A-C-G-2GC3A-C-C-6GA1GC3-G-A-A3ACGT6CG2CTATACCGAT4CG5CG3TAGC3GA5GC2CTGA2TGTG1GA1GCCG1CG11CG2TC3CA1GTGCAC1CA1CG5CG8GC2GCATTGCG3GTTGCGCT2CTGC4AGCACT4AC3GAGAACGCGC8CT1GC4TCCG6GAAT3AG2CTGAG-4GC-A1GC2TG8CT3ACCTCT5CTAG11GAGACT2TG2AG2CGGA1GCCG1GT17TC5CG2GC8G-GC1GT7-C2-C-C-C-G-A-T-C-C-CAGGA3GC2GC1CACA1CGGT1ATCG8CG3CAAC1GA7CG1GCGCGT1CG10TCCT2TC3CA1GC4CT1A-1GT1TA1TACAGAGATA2TGGA5C-A-4-G-A2CT3-C-G-G-A1CACA3GC3C-G-2ACCACT5CAAT1G-C-4A-2GAAT2G-3AG1CTCG2CG6GCCG3GCCG3GCCG3T-4G-4TC1GTAT2-C-A1GC3GA4CG2CG2AGTG10ACAGCA3CT2GA2GC4AG1CA1CT3CATC3CGGCTG13A-A-TGAT1CGGC1TG2GACATGCA1TCGA1CA1AT2GCAG1G-ATCG3ATGCCG2CGGACA3GCCG1CG1CA3CAGT1GA1AC3CATC1CG2CGGA2TACGGT1GC1CGAT3GT3CAGACGGC1CG1CTCT5CT8CTTG1CG2CTATCT1AT1GT5CGGCCA8GA2ACCGCA1GCCAGA1TG1AG5TG3GCCGCA2CG3CT4CT2CG3AC1CGCAAT7AG1TG13GTCG6GA4-G-T-A-T-T1TC1GA1-A-A-T-GTC2GC3CG1CTGCAG1CG3CG6ATCG2CG5CG2CG2CG5GCGTTGGTGT4GT3CG1CG2GTCT1GC5GA3CGCT3TCGAGACG2GCCG1GCGC7AG3GCCACG2ACCGGCGT2GCCT7CG2CG2TGCAGC3CGTG1CGGA5AG1CG3AT1CG3GAACGCGA1CG4GCCG1AGTGGA1GC2ACCGCGGC5GT3TGCGGCCA1GC5TGTA1CGGA1GC5CTCT5GCCA4GTCGCTAGTCCT5GA8GC2CTAG1GCCT1GCGC13AGCA1CGGA4GC6C-G-C-G-T-GA7CGGACGCT2-T-G-C-C-A2GATG9GA2GCGA3ACGT3GATA15CT2CG8GC2GC2GTCG3CGGC3CAGA4AGCG3CT12AT1CG2GA2CTGTGT2CGCG2CTGCTA5CGGC2-T-G-G-A-T-C3AC2ATCG2CTGACT4CAGC5TC9GT3
vOTU_027	NODE_401_length_6269_cov_16.398133	63.867	1143	14847	6269	9143	10263	465	1579	1.61e-34	150	730	4CA1CT1CG3CG3GC4CGTA3TACG2CGTC1GA4ATCG2GC2CG2CGGT1CG1CT15CGTG1CG2CTAG1CGAG1GA3GA3CA7CGGT1GA1CGCA1GC2GTTACGACCG1CT2TC1TA1GCCACG2CG1CT1CT1CT2CT10AT6-T2TG1C-CT1CG1CG9CT4GA9CATGGC4-C1CG1CT2G-CT5CG1CTCG1ATCG2CA8CG2CG6GC6CA3GA2CG4TA6GCTACGGCCA1GC2T-G-G-1ACCG1CA1GC10CA4-G-A-G2AGCGGC4CT1CT8CG2TG1GACG2CATG1CG2CT2-T-G-C6G-A-C-CT4AG1GCCACG3AGGT4GT1GC2AG5GT6TCCG1CTTAGT2CG2TG3GA1GTCT5CT1CT2CGGA1CG2-G-T-G3CGAT1C-G-C-3GC2CT2CG2GT3AG2CT1GCGTTGGC12CA1CGGCTGCG3CG3CG2GACGGA1GC2ATTGCG4CGCGGC1GA1GATG2AT6GA5CG1AC1CT2GCTG1GCCAGACT4GTGC1GA2CG2CG2CG2CT2GT10CAGCATCG1CAGA1AC1CG5CT2CG2TA6AT1CG5CTGTGT2CG1CT1C-G-T-CT1CACT5GC2AGGA1ATCG2CTGACT4CAGC2CT2TC5CT5CG1CA1CG1GCGACGCT6GTCGGTGA2TGCG7GACAGT1GAGCTAGT12CT5CT2TC4CACTGACGCA2CT2GC2CT4C-2GT2C-C-CG1CG4CTGTCTTAGCGA3CTCG1CA7CATA4GAGAGT1CTGC2GC2AG2GC8CT4AGCG1CACT4-A-C-T-C-G-C1CA2CG5TG1C-A-C-G-C-A-4CG3GCTG3GA1CA1GC1CG5CG4GACG2CT1ATCT2CTAG4CG1TGCG5CT3CGCT9CGGACAGAGA1AC6GT1CG1-T-G-G3CACT3G-C-G-5CGGA1GC5CG1-ATG2AG1TCTC3CTGT1C-1CG3CG1TCCT3GA4CG1GAAG8CG6CT1CT1AC3GAGTTAGC5CTCG5GC1CG3CAGA3CG2CG4GA3GC3GACACG2CT1CTCG2TC2CG6GTTC4-TGC2CT1C-7CG2TACT2CGCAGA3CGACCG6CT10
vOTU_027	NODE_401_length_6269_cov_16.398133	77.876	113	14847	6269	8715	8827	22	134	1.33e-16	92.4	88	5AG1CTCG3CA4GA2TG13CTCG5CTAG1CG3TA6GACT2TG2AG2CG3CG1GC2CT9CA1GT2TG5CT14GC2
vOTU_027	NODE_1913_length_1763_cov_49.166862	65.406	529	14847	1763	8381	8900	1562	1058	1.84e-27	128	346	4TG4CG6GA1TGCGCTTG9GC1CT8CGGA1CG5GT2GC3GA1GC14GCCGGA3CT5GACG5TACA1T-A-C-A-G-G-3AT1CAGA2GT1C-5C-T-C-G-G-12CG1T-C-G-C-A-G-T-C-G-A-C-G-6AGCT1GATC4GA2AGCACA3ACGT3CT6ATAC1AT1CT2CG2CG2CG3TAGCCG2GA5GC3GA2TGTG1GA1GCCG1CG11CA6CA1GTGCAC1CA1CG5CG5GC2GC2GCATTGCG3GTTGCGCT2CTGC3CAAT6ACTG3GAACGCGC1CA2TC2GCCT1GC4TCCG6GAAT3AG3GA2CAAGGCGA1GC2TG12ACCT6CTAG1CG8GAGAGA3TG2AG2CGGA1GCCG1GC5CT5GC5TG6TACGGC6GA1GCGT1-C2GC4GT1-C-C-C2-T-C-C-T-GGA3GC2GC1CACG1CGGT1ATCG4GA7CAAC1GA7CG1GCGCGT1CG8CT1TC7
vOTU_027	NODE_636_length_4598_cov_1607.758089	66.599	491	14847	4598	9774	10256	31	513	6.42e-27	125	327	4CAGC5TC9GT3CA1CG1GCGACA7GTCTGCGA2TGCGGC6GACAGC1GAGCTAGT3GACA1GCGT4CT8TC2CGGTCT2CACG2CT2GC2CT2GC4GT5G-C-T-5CA1GC-T-A-C4CGCG5CT4TAGAGT1CGGAGAGC1CTGC2GC2AT2GC7AT3CT1AGCG1CT3CT3GA2GC1GAGA1TC1CAAT3-G2GA3C-2GATCGC6GT1CG8CT4CG3CT8CA1TGCG2CG1ATCT2CGCTCT9CGGCCA2GCAT6GACG1CA1GT2CG2CTGTCTGCGA1GC2CTGCTCGC5CG2CG2GATAT-2CGCGGT2CA-T1GT2CA1TCCT5GT2CG1GA6GA9CT3AC3GAGT13GT8GT3GA5GCGA3GC4CTCG3CTCT6CG6GTTC3G-G-G-1CA3TA1CGCT3GT1-A-C-CTA10ATCG10
vOTU_027	NODE_9146_length_458_cov_2.550868	69.578	332	14847	458	9930	10256	120	446	7.83e-26	122	231	2AT2GC2GA4AT5AGCG1CT7GTAC1GC1GA2TC1CAAC3-G6C-2GATCGC6GC1CG13CG3CT8CG1TGCGGA1CG1AT4CTCT7CT1C-3GC1AC1GT1TGGT3CACA1GA3-G2CTGTCTGCGA1GC3GCTC6CG5-A-A1TCTG1CTCG1GT3-A4CTG-T-C-8CG1GA16CT3AC3GAGC4CT10TCCA5GT2CTGA5GCGA3GC4CTCG3CTCT3TC2CG6GTTCGT2GAGA1AC1GACGCG4GCCTCAGT5CG6ATCG6CT3
vOTU_027	NODE_37064_length_246_cov_1.005236	77.698	139	14847	246	8572	8710	90	228	1.42e-22	112	108	9GC1CG2TGGC6CG7CA1TGTGCGGA1GCCG5AG7CG2TC2CG4AT1CA1CG5CGAT1CT2GC8CG8TC1GT3CG8TC4AC1GC15TC3
vOTU_027	NODE_38_length_29372_cov_607.733977	65.563	453	14847	29372	8382	8830	10283	9856	2.10e-20	104	297	14CT2TGCGCTTG5CG3GC1CG1AT6CGGA1CG2GCCA1GC2GC3GA1GC11CT3CGGACT4TGGC2GACG4G-T-C-C-T-A-2GAGC6GA2G-1CA5CG1C-G-5GA3GA3CG1T-C-G-C-A-G-T-C-G-A-C-G-6A-C-C-6GA1GC3-G-A-A2CTACGT3CT1CACT4AG1AT7CG1GCCG2GC5GA3CGCA4GA2TGTG1GA1GTCG1CACA1CGAG1CG8TC3CAGAGAGCAC1CA1CG3CA1CG2CT1GAGC6ATTGCG3GTTGCGCT3GCCG2CG1CA5ACTG2GAGTACGCGC4TC3CT1GC3GTTCCG6GAAT3AC2CG1GC1CA1GCGA1GC23CTAG4GC7GACA2TGGACAAC3-A5G-11GC5TG3CA2TACGGC2CT6GT1GC2CG2
vOTU_027	NODE_38_length_29372_cov_607.733977	76.842	95	14847	29372	12185	12279	6457	6363	3.56e-11	73.4	73	3TG9GCCTGC2CAGT1CG3TG13GC14CG5CGGCCT3CG5GCCA1CG3GCGA4GT1CG3GC3
vOTU_027	NODE_20612_length_291_cov_2.610169	73.333	165	14847	291	8668	8830	243	81	5.64e-15	86.0	121	3GC5CA5ATTG2GAGTACGCGC7GACT1GC3GATG7GAAT3AC2CT1G-5-A1GA2TC5TC14CTAG1CG8GA1GACA2TG1CAAC3-C5G-11GC2GA2TC3CA2TACGGC9GT1GC2CG2
vOTU_027	NODE_937_length_3504_cov_226.351406	71.895	153	14847	3504	12185	12337	1979	2131	6.87e-14	83.3	110	3TG5CT3GCCT4GT1CG3TG10CT2GC14CG5CGGCCA3CG5GCCA1CG2GTGCGA4GT1CG2CGGC1CG1CA7GCCT3GAAG1GC5CACGCT1AT1GC3GAGC3GC2CT5GC3CA4CG2
vOTU_027	NODE_194_length_10385_cov_750.506292	71.895	153	14847	10385	12185	12337	9224	9072	6.87e-14	83.3	110	3TG9GCCT3CAGT1CG3TG10CT17CG5CGGCCT3CG6CA1CG2GCGCGA3GCGT1CG2CGGC1CG1CA3CG3GCCT3GAAG1GC2GA3CG1GC1CGGC4GCCA2GC2CT5GC3CA4CA2
vOTU_027	NODE_3618_length_926_cov_9.871412	66.541	266	14847	926	9540	9794	512	772	2.40e-13	80.6	177	6CT1CT3GCCA4GTCG1AGTCCA5GA8GT2CTAG1GCCT1GCGC2AC3GCCA5AGCA1CGGA4GT6CAG-C-G-T-G-8GACG4-G-C-C-A-G1GATC6GA2GT2GCGA3AC1CT2GATAGAGT13CT2CG3GA4GC2GC5GA1CGGC3CAGA4AGCGCT8TC6AT1CG2GA2CTGTGT2CG4GCTA6GC2-C-G-G-C-A-GGT2AC2ATCG2CTGT5CAGC5TC9
vOTU_027	NODE_2067_length_1622_cov_16.432036	70.492	183	14847	1622	12185	12364	226	47	8.36e-13	79.7	129	3TG9GCCT4GT1CG3TG10CT4CG12CG5CGGCCT3CG5GCCA1CG2GTGCGA3GTGT1CG2CGGC1CG1CA3CG3GCCT3GAAG1GC2GA3CG1GC1CGGC4GC3GT2CT5GC2CTCA4C-G-C-6-T-G2-G4GA3TCCT2TGCG5
vOTU_028	NODE_5_length_177758_cov_542.156812	69.048	630	14391	177758	1750	2367	155045	154422	1.37e-60	238	435	2TC6ACCA9CT5CTCT1GT6CA2GC4AG5CGTG1TG3AG1CG2CT5CT1ATCA2-G-G-C4GC1CTGTCGCG1GC3C-A-T-7CT2AGGA6GT9TACGGC5TGCA1GT2TC2CTGC1GC1CG1CTGC7GC2CTGC1TC-A-A-C4GCGT1CG2GT4TACT2GCACCG4AGATAGGACA4CA3CA5GA4TCCA3TC2AGGCCG6GC8CGCA2TC7AG2CG2GCCT17AG1TG2GC2CG2GCGACGGT2GC3AG1CG2-T2TG1G-2GAGC4CG1TG11AC5CT3TA1GC2CT2CT2GC9CAAT4CA7CT5AG5GC5CT10GATG8TCGCCG3CG4GTGT3GCGT6GTAT1CG9CG1GC3AGCT1GA1CG1GC3CGCG2AT1CGGCGAAT7GC1-A-G-T-T-T3AC3AGCA4AG1C-TG1CA1CTATTG2AC3G-8GTACCA3TG5CTCT2CGAC2CTCG5GC3GCCACG1TAGA9CG4CG6AGGACT8CAGAAT2AC3GACAGA5GT1AT2GCCT4
vOTU_028	NODE_5_length_177758_cov_542.156812	69.961	516	14391	177758	4848	5349	152864	152363	1.78e-46	190	361	13CG2CT6TC1TCGCA-C-A-T-2TG2CGGT1AG3-A-A-T2AG2AT3AC-C6GA1GCAC1CG5CT5CA2GC2TA10CA3CT2CGTG2ACCTCG3CG8CGGT1CA1GCAG1CT6AG9CTCGAG1GC3CAAGGC5GCCG1GC4GCGCCAGAGT12-T3-A-A-A-C3A-4CGTC2A-C-G-G-8TA1CG5TCGACTGC2CT3ACAGCG1ATTCAT1CG3AT2CG-A3CGGC1CG5C-3CT3AC4CGAC1CG3CA13CGA-1CT2GTATTG1-C3AGCA6GC5CT8CTAGGC1GTCAGT5TG5CT2CT2CT2-T-G6C-G-5CATCGC4TC3CG2GCGC1CG1GA1GC19CG1ATTC4TC6CGTC10CT2CTAG1GC1CG6CG10GAGT2G-3-CAG4CT1AC3CG6GC2AT4GA5
vOTU_028	NODE_5_length_177758_cov_542.156812	67.455	550	14391	177758	13	551	156845	156307	3.02e-37	160	371	5GA4G-2G-C-4CG5CG3CGCAGA3CA1GTCG1CTGC1TG15AG1CGGTAT3-C1CA1TATG3G-4ACGTGA3ATTG7GC1GC1GAGT2AG7TACA1AGTG4T-G-T-2AG4-C-A-A4CT10CG5AC2GA5CG4CTCG9GC1AT2TC5GA2TCTC16TCCG3ACCG7CT3CT3TC1CGT-3CACA-G3CAGA5CT2GACA4TCTCCTTG2CA4TC3GAGAAT1GC1GC1TC2AC2CT5GA1CAGAAGTC5TG1TA2CT15CAAC2CACAGCCGAT3CG1CT5GAAGAG1CGCA1GTAT2GACA1GA1GC2GC3GA6CTGC2GC1GAGC3AC1GA2GC1CAGT1ACGC3GCAG2ACCGAT5TG5GTGC5GT2CA2GAGACG2AC2ACCG2TGTC2CT8AG7AG1GCCG7CT4TA4A-G-G-5-T-T-G-G-A-G3CGTC3CA2CG1GCTG8TACTACCG1AC8CA1CGGC4
vOTU_028	NODE_5_length_177758_cov_542.156812	65.745	651	14391	177758	6699	7327	150826	150210	2.65e-25	121	428	5CT1CTAG3CAGA3GC8GTTC2CA1GC3AC1CT1GA1-C-T6GT1A-G-A-G-C-3AG1GCCAGA4CACG2GCGA1GC9AC4-C-T-C3GC1CTGC1TG2C-G-C-1GC5GCCGGAGA2AG5CT5GCGAAG1GCGTCG2CA2CT5ACCG1GC8AG5GT2CG8CG12GT1GAGA1GT5TCCGAC3CG11CT2GCGACA1TA1GC4CA1ACCGCGAGTCCG3GC2GA7CT2GCCGAGGC4CT2GC1CGGACT1GTGT1GA1CG5GA1GC3GA1CT9CG2GC5GC4CT1TA1GA1GT2GC2GCCA1GC2AG3GT5G-3-T1TCGA1AC10GC2TACT1CA5GCCG6ATGCCG2CG2CT1ATAGGC1CGGAGC4GA7TG3C-C-T-3G-G-G-C-T-T-3GA1GC1GTAT2C-G-G-2T-C-G-6G-G-C-CA6GA1G-5CT2GACT2-TGC4AC1GAGTCG2TGGC1-A-A-G5CG8TGGC8AC1CG7GC5G-G-C-TA3GC3A-3GC1-G-A-T-C2AC4CT2CA3-G-T-T-C2TG5C-2CG2CTGTGT3TC1-C-G-C3CG2A-1CT1TG2-C6CT5TG1CT10GC3
vOTU_028	NODE_5_length_177758_cov_542.156812	69.588	388	14391	177758	2740	3111	154068	153688	3.23e-24	117	270	4AG1CG8CT5CG4GTGC2C-1TC4-T4TA1AGAG13GCCA1CGGC6GC1TACT1CG1GAAC3TC3-A-A-G4GT1AG1CA1GC3-C-G5-C1AG2GCCAGA7CTAGCG5CT2ACA-G-4-C2CA1TC2-A4GC2CT9AG2GCTGCG2GA2TC1ACGCCAGATC2CG4TACT2GCCAGACG8CTGCAT2-C1CGTA3CG1GCCG2AC4C-2TG1TG2CG1GT7ACGTCGCGGC3GA6CA1GT2CT14AC1TACT6G-1GT4C-4-A-A5GC2ACCAGA1TGTG2-A-A-A2GC4GTA-4GA1-C7GT20GA2TC8GT2
vOTU_028	NODE_5_length_177758_cov_542.156812	65.885	384	14391	177758	10855	11222	147058	146679	1.91e-14	85.1	253	2GT2CT2TC4CT3TG3AG1AG15GT2GA6TA6GACGGTGTAGATCG2-G3AT1A-3CT2GC6AGCG1GAGC3GA1GAAG-C-C4TA1GC2AC3-T-T-T-T8CG1GC2TCTA1CG2CG2CG2CA5CT1ACAG5GA2CAGAACTG1GC5GA3TG2CT5CG2CT2CGC-A-1CT3-G-C-T2GCAG2TCGA2GA1GT1GTTGGAGA1GC1AGT-2CG2GTCT3GCCG4GAGCCGCAGA1ATTG3ACCT3CA2TC2CGCATAGA11GC7CT1TG-G-C-A-A-G-G1GA2CG11GCAGCTGT12TA18ACCGCG1TG1ATCT5TC2AGCACTGT8GTATGCCG8
vOTU_028	NODE_137_length_12603_cov_23.918393	65.871	838	14391	12603	11986	12789	3772	2960	2.48e-38	163	552	2TG8CG2-C4C-1GC2GC3GC4ACCG1-C-G4G-T-4CA1GCTGCG8CGGC11AG2CTGTCT1TG1TG4GAGT2GT1ACGC2TC2AC5-C4G-3CTGC2CT8TC9GT5CG1GCGACA4GA1TC1AT1GA11TAGAGC2CTGCCT4AC2GTGCCG8G-G-C-G-G-G-3GC3GTGTCT1TAGTGC1CTGCCT4-G1TG1TAGA2AT2-C-T4GC2-G-A-T1GT2-G-A3-C1AC7GCCAGA1CGGCCA1GCGA4GC2CG13ACCG12GA3AC2ACAC2TC2CTGTAC10CA1GATA2GC1CGGA2GATC3CTAGCG4CT1TC1GC1GA2GCACCG11GCACTC10GCTG2GC8CT1CA1TCGC1AG2CTCT4TC2GC2GC5CG2C-A-G-4-A5CG1-G-G4GC2CT5TGCG2GCGAGAAGTGGC2GA6CT1TGCT1GC5GATC1CG2GC3GC4GCGA1GC2TC2CG3GA4TCTCCA6TCCG5CTATGT2CT2CG2GAATGCCT2CG5CT2C-C-T-1CA1GC2CG4CTGCAT2-C1GC3-T-GAGAC1GC5CTCAGCGC2GC2-G-C5GT3G-G-1GT5G-G-T-G-C-T-4CT2TC2-T-G-G-T-G-G1AG1GAACTG1CTAT8TC5GC1C-4-G6GTGC1AGGC7CG2GC1GT1GTACGC4-A-T-G-C-G-CCG6TAGC22GTCT6GC1CAGAGCCT2ACGCAG8GACG3CT1CG1TG2GACA5GA1TCGT3CG10AC3TG3
vOTU_028	NODE_137_length_12603_cov_23.918393	75.664	226	14391	12603	11017	11236	4846	4621	3.68e-36	157	171	5TC15CA1GT9CA4GC5GCGA1GC1AGTG3GTTG1CT3GC5GAGTCGCAGA1ATTG3AG2CG1CG2TC2CGCT6ACGA1CG1GT2GAAT6-C-G-A-G1TC1GA3-C-A11GC11GC20GT1AC1CA3AT6TC2AC1CT7CA1GC17TC1GCCG4
vOTU_028	NODE_50796_length_224_cov_1.136095	77.833	203	14391	224	53	254	1	202	3.68e-36	157	158	3TC15AG1CG2TG3CA1TG5CG4GA1GACG1AT3C-2CGGTGT1GC7-C5GCTA2AGTG4TC1TGCG1AC4GCCA7CG3CACACG6GT3TC4CT1GC11GC2AG8GC2TCTC2CA1GA11TC4ACCG27
vOTU_028	NODE_12_length_95464_cov_625.492029	72.830	265	14391	95464	10978	11236	22134	21870	1.28e-35	155	193	8CG2CG2TG9GCAC4GAACTC2GCGA1GC2GC2TCAG10CT3CA2CG1GA5CTCA4GC6GA1GC1AGTG3GTTG1CT3GC3CTGA1GCCGCA2ACTG6CG7CTCT1GC4ACGC2GCGATA1GAAT6GCTG1-C-A-A-C-A-C3CT11GC5CT2TC2GC22AC1CA1TC1AT6TC2AC1CT6GA2GC17TC1GCCG4
vOTU_028	NODE_12_length_95464_cov_625.492029	65.272	789	14391	95464	12036	12799	20968	20197	7.59e-26	123	515	3CT2GC2GC8GC6GTCT1TG1TC4GAGC3GC1GA2TC2-C1TG3GC4G-1GC1CAGT17GC3GT1GC3CG1GCGACA6TC1AT13TAGAGC3GCCT4AC2GTGCCA2CT5G-G-C-G-G-G-3GC2CTGTGT2TAGCGC1CT2CA3-G1TC2GC5-C-T4GT2-G-A-T1GT2-G-A3-C1AC7GCCA4CA1GCGA2GT10GA2GC14CT3GA2GAAC1GTACAC2TC3GTACGT2GC3GA1CA2GCTA2GC1CGGA2GATG3C-ATCG2CG1CTAGTC3GA1GA1AC1-T11GCACTC7CA1GCGCTG2GC7TA2CA1TCGC1AG2CTCTAT3TC2GC2GC5CG2C-A-2CAAGGA5CT1-G-G4GC2CA5TG3GCGAGAATTCGC2GA7GATCCT1GC5GATC1CG2GC3GC4GCGA1GC2TC2CG3GA4TCTCCA3CG2-C-G3GTTC3A-G-5CG2GAATGCCG5AG3GTCT1CATC4CTCACT1ATTC3-CAG3-CGT3A-A-1GC2CT2CTCGGC3GC6CGGCGCGTCAGTGC4GA2G-1TA3GAAC1-T5TGCG1AGCT3CG1AG2GC5TC3GA1GC2CT1AC1GA8A-5-T6GC1GT1GTAGGC4-A-T-G-C-G-C7TAGC6CT8CA2TC2GCGTCTCT2TC2GC1CAGAGCCT2ACGCAGCAGT6GA4CT1CGCTTC2GACA6AGTCGTCG5CT7AC3TG1G-3GT2AG4
vOTU_028	NODE_159_length_11668_cov_853.141996	65.133	826	14391	11668	11986	12785	2405	3210	2.32e-32	143	538	2TG8CG2-C4C-1GC2GC3GC4AG2GA1AG1GATCCG3CA1GCTGCG3CT4CG16GTCT1TG1TC4GAGT4AGGC2TC2AG6AGCAGT4CAGT8CT8GC3GT1GC3CG2GACA6TC1AT1GA10CTTAGAGC3GACT4AG1GCGTGC8G-G-G-C-G-G-4G-G-G-4GT1GT3-C-A-T6CGTC1TGGC1ACAT2GCGC2GC2-G-A-T-C-T-A3TC1CG2AC7GCCAGAGT2CA1GCGA2GA1GC2CT14CG12G-GT1GCAC3-CAC2TC5GCGACGGC3GATC4TA2GC1CAGA2GATC4AGCGGC1CG1CT5GA2GCACCG3GA8AT8CT2GCTACG1GCCT6TCCAGACA1TCGC1AG2CTCTAT3TC2GC8CG3A-1GACA2-T1CGGT3TG1CA2GA2CT3GA1TA3GCGAGAATTC3GA2GTAC2CT1TGCT1GC5GATC1CG2GC3GC1GT2GC1TCGC2TC2CT3GA5TCCA3CG3CG1GC3CTATGC5CG3ATGCCG2CA5C-G-C-2TA1CGCT8CTGCAT2-C1GC3-T-GAGAC4CT3CGGC3GC3C-G-C-5-T-T-AGCGC1GT2GA3GATC1CT1GTACCT1CTATTC1TGCG1AGCT1ACTCCA10TC5GC3G-3-C4TC1GC1AGGC7CG1GCGAAGGT1GTAC2GC3-T-G-C-G-C-G1CT4TAGC6CT2GC12GTCT7GCCA3GC1-CAC3G-GA5GT1CG4CG1TC2GACA6AGTCGTCG5CT7AC3
vOTU_028	NODE_159_length_11668_cov_853.141996	72.093	215	14391	11668	11017	11225	1337	1551	9.24e-25	119	155	5TC15CAAGGT14GC6GA1GC1AGTG3GTTG1CT2CTGC5GAGTCGCA2ACTG2GA2GC2CG5CGCT1GC4ACGC2GCGATA1GAAT3GC2GCTA1GC-A-G-C-A-C-C2CG11GCACCTGT18GA11GAAC1CG1TC1AT6TC2AC1CT6GA2GC9GA4
vOTU_028	NODE_80_length_16361_cov_1183.702012	65.335	776	14391	16361	12036	12785	1377	622	2.32e-32	143	507	3CT2GC2GC8GA6GTCT1TG1TC4GAGC2GCGAAGGC5AG5-C2CT1GTTG3G-11TC5GC3GT4TCCG1GCGACA6TC1AT1GA11TAGAGC3GACT1CG1GCAG1GAGTGC3CT5GC1-A4CT-T-T2GTGCGA1GCGT2TAGT1AC4GAACTC-G-C1TC3GC2GTGCGTGACTC-G-G-C-C-2TC1CG2AC7GCCAGAGT2CA1GCGA7CT8GC14CT3GA2GC1CGGAACAT2TC5GCGACGGC3GATC3GCTA1GAGC1CGGA2GATC3CTAGCGGC1CG1CT5GA2GCACCG3GA7GCAT7TC3GCTACG1GCCT6TACGGCCA2GC1AG3CT7GC8CG2C-A-2CA6-G-TCT1TG7CT5TG3GCGA1ATTCGA9CT1TGCT1GC5GATC1CG2GC3GC4GT2GC2TC2CT3GA4TCTCCA3CG3CG1GC3CTATGC5CA2GAATGCCG2CG6GCCACGCG4GCCTCA1TC1TC3-CAG3-TGT3A-A-7CTCGGCGC2GC3C-G-C-6-T-A-TGC1GC5G-G-T-G-C-T-4CT2-C-T-G3-T-G-G1AGCT1AC1CG1AG8TC5GC2CG1ACCT5TC1GC1AGGCGT6CG1GCGA1GT1GTAC2GC2-C-T-G-C-G-C7TAGC22GTCT7GCCA3GC1-GAC3G-GA5GT1CG4CG1TC2GACA6AGTCGTCG13AC3
vOTU_028	NODE_80_length_16361_cov_1183.702012	69.907	216	14391	16361	11017	11226	2495	2280	8.66e-19	98.7	151	5TC11CT3CAAGGT14GC2CG2GCGA1GC1AGTG3GTTG1CT2CTGC5GAGTCGCA2ACTC2GA2GC8CGCT1GC4AC3GCGATA1GAAT3GC1CA1TA1GC-A-G-C-A-C-C2CG11GCACCTGT8GC9GA1TC2GT3CT2GAAC1CG1TC1AT6TC2AG1CT10ATGC7GA5
vOTU_028	NODE_637_length_4596_cov_380.656463	66.346	520	14391	4596	12036	12546	557	47	9.87e-31	139	345	3CT5GA15GTCT1TG1TC4GAGT2GC1AGGC2TC2-C1TG3GC2CT1G-3CAGT2CT8TC5GC3GT4TCCGCT1GACA4GA1TC1AT1GA11TAGAGC2CTGACT4AG1GCGTGCCG8G-G-C-G-G-G-3GT3GTGTCT1TAGCGC1CT6CGTC1TGGCGC1AC2GC3GT2-G-A-T-C-T-A3TC1CGGC1AC7GCCAGA3CA1GCGA13GA14CT6GA2GCACCG1ACAC2TC5GCGACGGC3GATC3GCTA2GC1CGGA2GATC4AGCGGC1CG1CT5GA2GCACCA5GC5GCAT8CT2GCTG2GC7TCCAGACA1TCGC1AG2CTCT4TC11CG2C-A-2CA1GA3-G-C2CGTG7CT5TG3GCGA1ATTCGA9CT1TGCT1GC5GATC1CG2GC3GC1GT2GC1TCGC2TC2CT3GA4TCTCCA6TCCG4TCCTATGC5CG3ATGCCG2CG6
vOTU_028	NODE_637_length_4596_cov_380.656463	64.595	740	14391	4596	11017	11736	1675	953	7.10e-20	102	478	5TC11CT3CAAGGT14GC2CG2GCGA1GC1AGTG3GTTG1CT2CTGC5GAGTCGCA2ACTC2GA2GC8CGCT1GC4AC3GCGATA1GAAT3GC1CA1TA1GC-A-G-C-A-C-C2CG11GCACCTGT8GC9GA1TC2GT3CT2GAAC1CG1TC1AT6TC2AG1CT10ATGC7GA5-G2TC3-T-G1TCGC2-T-C-CGC1GA1GAGC2T-T-1TC1GA3A-1ACAT1CG2GC3GC4TAGCTGCA7CG1GCGCGT1CG2AC6AGTC1CTTAGT2GC2CG2-C1CT2A-2TATC1CAGA1CAGC5GC1CGTGGC4AGAC3A-C-C-1TC9GCCA2-G1ACGA3ACAC1GA1CA2G-AC5AC1CG2TG1CT1GT1CGAC4TC1AG3GC3A-TG2C-2TGTG2GCACAGCG1TG1ATAG2-C-A1GC5TC8CG1GCCG18AC1AC2CG3CA4TCCAGC4ACAGGA3GAGACG2GC4-TGC3A-1AC6GC4CT5A-G-A-CT9CG1CAAT3CG3GCCG5GAGTATCA2CG1ACTGTG4TCTACGGTACCA1CAAT3GC2TCGACA5CT9GC2GC1C-T-T-3AC3GTATGT1-T-C-G2AGCGGT6GCGA1GCGCCACG3CA1GC5CAACAGGC4GT1GCAG3CG2CGCT1CT9GC1CGTA1CG8AGGC4GC1GA5GTCG2TG3GA4CG3
vOTU_028	NODE_36_length_30711_cov_618.072253	66.441	590	14391	30711	11986	12561	20367	20939	4.20e-29	132	392	2TG6GT1CG2-T4C-1GC2GC3GC4AGCG3AGCGGATC4CA1GTTGCG6GA1CG9GC2AG2CTGTCT1TG1TC4GAGC4AGGC5AGTA4G-A-2GA4GT-A-T17GT3GT4T-C-1GA2-A-A6TC1AT1GA11TAGAGC3GACT4AG2GTGC9GC1CAGC1GCCGGTATGT1GA1GCGA1GC1GC2CT2CG1ACTG2C-T-G-G-A-A-2GC3GC2-G-A-T1GT2-G-A3GC1-C7GCCAGAGT1GCCA1GCGA19CT11CT3GA2G-AC3-CAC2TC5GCGACGGC3GATC3GCTA2GC1CGGA2GATC3CTAGCGGC2CTCT1TCGA2GA1GAGCACCA12AT11GCTACA2CT6TACGGCCA1TCGC1AG3CT7GC4GC3CG2C-A-2CA1GA4-T-T1CGTC1CA2GA2CG5TA3GCGA1ATTCGC5GCAT2CT1TGCT1GC5GATC1CG2GC3GC1GC2GC12GA4TCTCCA3CG2TCCG4TCCT1GC2CT2CG3ATGCCG5AG2C-G-C-4CA8
vOTU_028	NODE_36_length_30711_cov_618.072253	72.685	216	14391	30711	11017	11226	19299	19514	6.23e-27	125	157	5TC15CA1GA9CA4GC6GA1GC1AGTG3GTTG1CT3GC3CAGTGC1CGCA2AT7CG8CT1GC4ACGA2GCGATG1GAAT8-C-C-A-G-C-A1GT2CG8CA2GTACCT12GC6GAACTC2GA2GC3GAAC1CG1TC1AT6TC2AGCACTGC9ATGC13
vOTU_028	NODE_636_length_4598_cov_1607.758089	64.777	741	14391	4598	12079	12799	10	735	5.11e-28	129	480	11GCAGCAGT4CAGT11TC5GC3GT1GC3CG1GCGACA6TC1AT1GA11TAGAGC3GACT3GA2GCGTGC3CT4G-G-G-C-G-G-4GC2CGGTGT2TA1GC1CT6CGTC1TGGC1ACAT2GCGC5-G-A-T-C-T-A3TC1CG2AC7GCCAGAGT2CA1GCGA4GC2CT14CT8CT3GAGA1G-A-1GC2-C-C8GCGACGGC3GATC4TA2GT1CGGA2GATC3CTAGCGGC1CG1CT5GA2GCACCA8CT3AT11GCTACG1GCCT6TACGGCCA2GC1AG2CTCTAT3TC2GT2GC5CG2C-A-2CA1GA3-G-T2CA2CT2GA2CT9GCGAGAATTC3GA2GC3CT1TGCT1GC5GA2CG2GC3GC4GT2GC2TC2CT3GA4TCTCCA6TCCG4TCCTATGC2CT2CG3ATGCCG2CG6GCCACGCG4GTCTCA1TC1TC2G-A-1GC1GC3-T-GAGAC1GC5CTCGGC3GC6CGGCGCGTCAGCGC1GC2GA2G-GATAGC3AT1-TGT4TGCG1AGCT3CG1AC2GCAC4TC5GC2CGGAAC3CT2TCGA2AGGCGC6CG1GCGA1GC1GTAG2GAGA2-T-G-C-G-C-G6TAGC22GTCT7GCCAGA2GA1-GAC3G-GA5GT1CG4CGCGTC2GACA6AGTCGTCT13AC3T-1GA3GT2AG4
vOTU_028	NODE_4785_length_725_cov_21.505970	71.329	286	14391	725	57	337	384	664	2.17e-26	124	204	15AG1CGGTATTC2-T1CA1TATG5C-2ACGT4ATTG6GAGC3GAGT2AG7TA2AGTG4TCG-T-2A-4-C-A-A15CG5AC8CG4CTCG2TC6GC1AT2TC5GA2TCTC13GA2TCCG3ACCG7CT3CT2GATC1C-TG3-ACACG3CAGA6GC1GACG4TCTCCTTG2CA4TC3GAGAAT1GC1GCGATC2AC8GA1CAGAAGTC7TA2CT12GA2
vOTU_028	NODE_125_length_13376_cov_612.034757	72.222	216	14391	13376	11017	11226	12170	12385	2.65e-25	121	156	5TC8CG6CAAGGT14GC2CG2GCGA1GC1AGTG3GTTG1CT2CTGC5GAGTCGCA2AC3GA2GC8CGCT1GC4AC3GCGATA1GAAT6GTTA1GC-A-G-C-A-C-C2CG8CT2GCACCTGT8GC9GA11GAAC1CG3AT6TC2AG1CT3GC6ATGC13
vOTU_028	NODE_40321_length_241_cov_0.940860	75.410	183	14391	241	6270	6450	58	239	3.23e-24	117	138	2CA4AG1CT1GAGC8GA7AGTGCG2GCATCG1TG2TC1CT5CGTC1AC1CG2AG2CGAT15TG10-G3TG4TGAG7TGCAGA6CT3TA2TG1TC1CT3TG6G-6-T1CG2GA5GC5TG3TGGCTG15
vOTU_028	NODE_8145_length_492_cov_16.004577	78.626	131	14391	492	2065	2195	2	132	1.37e-22	111	103	11AC5CT3TA1GC2CT2CT2GC9CAAT4CA4GC5GT2AG5GC5CT10GATG5CG2TCGCCG3CG4GTGT3GCGT7AT1CG8
vOTU_028	NODE_38_length_29372_cov_607.733977	69.732	261	14391	29372	10975	11228	10118	9859	4.79e-22	109	182	2TC8CG2CG2TC15GAACTC2GCGA1GT2GACA1TGAG1CG12CA1GA9CA4GT1GA4GA3AGTG3GTTG1CT3G-3CG1GAGA1CG-A2ACTG2GAAT1GC5TC2CGCT1GC3GTAC3GCGATA1GAAT3GC3TG1GC-A-A-C-A-C-C2CT11GC2GC8GC2GC8TA3GACAGC2GCGAAG1CG1TC1AT6TC2AC1CT7CA1GC5CT5CG5
vOTU_028	NODE_1726_length_1952_cov_18.110174	66.923	390	14391	1952	10098	10470	1124	1508	5.83e-21	106	261	5CTATGC2CT7AGGC8GTGC1CTAG7CT2CA2CT1TGCG5GA1TC2AT3GCGT1GT1TC1GTGCCT2CG2CGCA1CT2CT8CTCT-T-G-G2AG6-C-G-G-G-G-T-T-C-A5TA3CT1CT2ACGCCGGAGA6CA1CT3CA1TC5CG2TC3CGGT9GTTG2CG2ACAGGC2CG1AC4GA4CT12GC1TG5CGCG1TG7AC1GCCTGTGTTA6GA8AG5TG3CG5TA2CACTCG6GT1CG2GAAC1GC2TC1-G-G-C7A-G-T-CTCT7CA2-GTG1TC2G-3AC3AT2-C1TG2ACGA1TG1GC2CA3AG1G-CA8TCCG5CTAG1CG3GC4CT2CG3
vOTU_028	NODE_1913_length_1763_cov_49.166862	70.776	219	14391	1763	11017	11226	1357	1142	2.04e-20	104	155	5TC8CA2CT3CAAGGT14GC5GCGA1GC1AGTG3GTTG1CT2CTGC3-A-T-C2GA1CG2G-A-T-5GC2CA2TC3CT1GC4AC3GCGATA1GAAT6GCTA-G-C-A-G-C-A1GC2CG11GCACCTGC17GAGA1TC9GAAC1CG1TC1AT3CT2TC2AC1CT9GC9GA5
vOTU_028	NODE_1913_length_1763_cov_49.166862	67.568	296	14391	1763	11986	12274	289	1	3.02e-18	96.9	200	14-T4C-1GT2GC3GC4AG4AG1GATCCA3CA1GCTGCG3CT4CGGA2CT11CTGTCT1TG1TC4GAGT4AGGC2TC2AGTC4GTAGCAGT4CTGC11TC5GC3GT1GC3CG1GCGACA6TC1AT1GA11TAGAGC2CTGACT4AG1GCGTGC3CT4G-G-G-C-G-G-4GT3GTGTCT1TAGCGC1CT6CGTC1TGGCGC1AC2GCGC5-G-A-T-C-T-A3TC1CG2AC7GCCAGAGT2CA1GCGA24
vOTU_028	NODE_260_length_8730_cov_834.544323	69.907	216	14391	8730	11017	11226	1207	992	8.66e-19	98.7	151	5TC8CG6CAAGGT14GC2CG2GCGA1GC1AGTG3GTTG1CT2CTGC5GAGTCGCA2ACTC2GA2GC8CGCT1GC4AC3GCGATA1GAAT3GC1CA1TA1GC-A-G-C-A-C-C2CG11GCACCTGT18GA1TC2GT6GAAC1CG3ATCT5TC2AG1CT6GA3ATGCCG8CG3
vOTU_028	NODE_260_length_8730_cov_834.544323	70.414	169	14391	8730	10208	10376	2043	1878	8.11e-13	78.8	119	9AC1C-G-G-2GC2CACGGC12CG2TC2TC1GAGCCG7GCTACGGC3ACAGGC2CG1ATGT2GCGTCGGC2CT2TC2GT2GT4TCTG6CG1TC8GT1CT3CG3CA1GC6GA1AG3GA1TC5CG5CT1CG3CT4CG9
vOTU_028	NODE_260_length_8730_cov_834.544323	67.025	279	14391	8730	11437	11713	781	508	3.45e-11	73.4	187	5TC8CG1GCCG18AC1AC2CG3CAAG3TCCAGC4ACAGGC2GCGAGACG2GC4GTGTCGGC2AC6GC4CT5AT1A-C-C-8CG1CAAT2TCCG3GCCG5GC1AC5ACTGTG4-CTATG1GC1CA1C-ATTC2GC2TCGACA5CT6CT2GC6TG1GC2CTGTATGCATGCCG2AG1GT6GCGA1GCGCCACG3CA1GC5-G1AGAC3GA2GC1A-3CG2CACT11GC1CGTA1CG8AGGC6
vOTU_028	NODE_401_length_6269_cov_16.398133	69.778	225	14391	6269	11110	11319	10	234	1.05e-17	96.0	157	11GC7CT1TG-G-C-A-A-G-G1GA2CG11GC1CT13TA18ACCGCG1TC1ATCT5TC2AGCACTGT8GTATGCCG8CGTG2-C-G-G-G2TG3CATG2-CAG6-T-G-A-C2TA5AC1GC2AGAC1CG2GCAG2GC4TGGCTG11GCGA4AC4TACTAGTCTG5GC3GAAC4AG2
vOTU_028	NODE_9146_length_458_cov_2.550868	66.667	315	14391	458	12234	12546	98	410	4.48e-16	90.6	210	7GCCAGA3CA1GCGA2GA1GA2CT5GA21GTGC1GCACCA1ACAC2TC5GC1CGGC3GATC4TA2GC1CGGA2GATC4AGCGGC1CG1CT5GA2GCACCG3GA7GCAT8CT2GCTG2GCCT6TCCAGACA1TCGC1AG2CTCTAT3TC2GC8CG3A-G-1CA1GA3-G-T2CTTG5GA1CT5TG3GCGAGAATTC6GC3CT1TGCT1GC5GATC1CG2GT3GC6TCGA2TC2CT2CTGA4TCTCCA6TCCG4TCCTATGC5CG3ATGCCG2CT6
vOTU_028	NODE_37064_length_246_cov_1.005236	73.154	149	14391	246	10978	11124	89	235	1.91e-14	84.2	109	12CG1TGTGGC3AG2CGGCAC6TC3GA1GC2GC2TCAG7CG5CG1AG1CGCT10AT1GT6GA2TAATTG5GC2TC1GT2G-C-2GA2-G-A3TC3AG10CG7ACGC3GA1GC3
vOTU_028	NODE_20612_length_291_cov_2.610169	68.037	219	14391	291	11027	11239	291	73	2.32e-13	81.5	149	4CT6CA2CG8CA3CGGC5GCGA1GC1AGTG3GTTG1CT3GC4GAGAGCCGCA2ATTG2GAAT1GC8CACT1GC3GAAGGC2GCGATA1GAAT3GC2-T-G-C-C-A-G1TA1GA8TC5GC2GC17GA2TA4CAGC2GCGCAG1CG1TC1AT6TC2AC1CTGA2GC3CA1GC11CG5TG1GCCG4AC2
vOTU_028	NODE_6145_length_595_cov_18.442593	73.973	146	14391	595	4848	4991	281	138	8.11e-13	78.8	108	16CTCT5TC2GCA-1AT3-G1CG3GC1CAGT1CG1A-2AT3AC-C6GA1GCAC1CG5CT11TG10CA3CT2CGTG2AGCT4CG4GC3CGGT1CA1GCAG1CT6AG1CT7
vOTU_029	NODE_41269_length_239_cov_1.043478	78.166	229	14134	239	3804	4028	225	1	4.70e-41	173	179	5CG7CT1G-2CG1CT1CT2TG-A6GA5GA7GAGC2AG4CA6CT2GCCGTAGC9TG4GC2GC8GA2GC5GC2GC14CG8CG2AGTA7CA1TG12-C-T-G4A-3A-G-2GC1CGGC5CG1GC2GCCG5GA2GA3TC13TC8GA3
vOTU_030	NODE_2519_length_1327_cov_2.680031	69.072	194	14079	1327	3162	3355	461	654	2.27e-13	80.6	134	2CT2AG6GT1CT1GTGT5AG1CT2TCGT2AG2CG1CTCA4ATGTGCCG6CT4ACCA5GT2CA2GA7CTAG1GTTA2CGAC1GA2TA2TG3TAGAGA8CGAT1TA2GT5TA2GA2CG5AG14GC3GA2CT1GCCGCT3CA2CG2CT2GC2CG1AGTC4GTCA1AG6
vOTU_032	NODE_5_length_177758_cov_542.156812	69.912	678	12646	177758	2422	3087	145293	145955	5.47e-65	251	474	7GC3GC8AG2GC1CG3CG2GA2CG2CAAT4CG2GA14GCCGTA1CTCGCT8CG2AC6GATCAGCG1AGTGTC6T-7GACT-T2GC2AG2GA2-T-T3AGTC1GA1T-C-5AGTC1GTCTGTAC1TGGA6ATATCG5GA5CA5CA8GC2AG5AG2GC3GTATAG3AC6TCTC1-A-C1TC2GC-C4C-1TCCG1CG1G-G-14AT1CG5CG2GC5CG1CT4CGGCACGTCT2AGAG2AG5CG1CT3GTC-C-2TCCG4A-T-6-C5CGCGGC3CGCGCTCAGTTCCG2GA8GA14AG2AG8CT2CG1CTCAGCCAAG5C-2CT3GAAT1-C8TC2AG2GA2GA5GAAT1-T-A1TA4G-C-4GC1CTCA2GA5CAGA8CGTA6GT2GC15-C-A4CG1AC3CA2C-G-1CTAGCT10ATCGTC6CTGTCG1ACCGCT1GA4TG1GC2GCAGAC6GA4TCCG5CA5CG1CTAC1TGCGGC3GCCG2AC5CT12ACCACG1GA6GC2GC2CA6TA2AG2GC5CGCT3AG8CG1CTCG1TA1TC11
vOTU_032	NODE_5_length_177758_cov_542.156812	72.500	360	12646	177758	11657	12009	154597	154955	2.33e-44	184	261	8GC1TACA1GC3ACTA1GC2CACA1CG1GA12TC2GCGTCGGAATGA6GA2TG3TGTCGA2GC5TA7GT6GC8AG2GA2CA2CG1GTCG2GA2AC2CG2TC5AC2AC1TC5CT2C-1AC5-C8GA1GTTG5TG1GA1GC1GC2GC1TG11GACG2GC5GC11TC12GCCGGC5GCGTAG1ATAG3CGTG4GC1GT4CT2TATCGC5CG2GAAT8TGCA6-T-T2-GTATC2GC3-T2CG3-C-GGCAG6CA1GT6AG2TC2TC5CA8GC1GA9
vOTU_032	NODE_5_length_177758_cov_542.156812	67.978	534	12646	177758	9457	9985	152363	152891	1.47e-40	170	363	5CT4GA9AC3TG2TA5GCCT2TCGACT7AC8CGGC1CG1TC8AG5AG7CGTCGCCGTA18GC1TG2CG1CT2TG4GC3AG1AG2CGAGGT3AG4GTCGTGTCGA2GA5GA2CG2GC4A-3CA1AGGCTA3-G4GA2AG1TC15CAT-C-G-1CT3TCTA1-C-G2-T7GC1AG3GC3TGTGGCCT1GATC6TCGC1CGTCGC2GTGC1TGGA6AGTA1ACTCTGGC2GA3GACTAG5GC1GT8GCCG2GA2CGT-2AGCGCT2GT2-A8GCCGCA1GACT4AG2CGTGGCCG2GA2AG1CT3CG1TC2AGAC14GA1TCCG1GT6GCCGTCGC5GCCATG5GCCA1GACGGT1AG8GT2AG1TAGT2GC1TC3CG2GC5CG6CG5CATC2CACT1CGGC5AC1ACAC1TGCGGTCG2TC2AG3GC13TC1GA4GA2GA2GC1TCCG1CTAG7
vOTU_032	NODE_5_length_177758_cov_542.156812	74.390	164	12646	177758	6443	6602	149364	149526	7.62e-19	98.7	122	6GA3CG3CT-T-T-G3GC2GC5TG8CA2GA4AC3CT20CT13GACA3A-TC4TGGCGC2-G6GA2AGTCAT1CG1CG5CG1CTAC1TC3GC2TG2TC1TGGC5AC1CGGCGA6CG4
vOTU_032	NODE_5_length_177758_cov_542.156812	66.292	445	12646	177758	3084	3510	146017	146447	1.38e-15	88.7	295	3CT4CA3CA1-G1TCAG6GCCG3GT1CT5GCCG1CA1ATCT2AG4G-2AC1-G2AC8TC5TCGT1ACT-1AC2AGCT-G10CG5CT2ACTAAG1GA1TC1CG3CA2GACT2-G-C-C4CTACTC1TG2GA2TA1CA2GACG5CG2AC3GAGA1ATCG8TG3CG1GACG2AG2AG1TA1GA5-T2A-A-4ACCAGC2CTC-3AGAG3-T-T6CT2TCGT1CG1GT5ACCA7ACTC5AT9GA1GC1GA2CGGC2AG2ACT-G-G-A-A-G-G-4CGA-C-10CG1ATCG-C-C-T3TC1AC1CG2CA2GCAC3TC1-G-C-C1AG1TCCA3GC-A-T-C2TC3AC1AG2GCCA4TC3GTCG3AG3CTGTCG4CG10GTAGTC5AG8AG11GC1CACA10CA4
vOTU_032	NODE_5_length_177758_cov_542.156812	73.239	142	12646	177758	4566	4707	147563	147704	4.81e-15	86.0	104	3CG1GC5TCAC5GC2TC2CGTG4AGTC1CA1GC3CG5CA14CG5GA5GCCGAT4AG5ACCGAC1GC2AC9CTCAGC6AC5CG1ATACAC1CAGCCT7GT1CG6
vOTU_032	NODE_5_length_177758_cov_542.156812	72.340	141	12646	177758	7163	7303	150210	150350	7.14e-13	79.7	102	3AG11TC6CA3AGTC1TG4GATG2ACAG2CG4CTCG2CA1CA3TC2GCCG2GTACAG8GCGA3AGCGCT1CG1CT3ACTGCAGC2CG1CT2GC4CGGC2TC9CG20
vOTU_032	NODE_401_length_6269_cov_16.398133	68.935	676	12646	6269	2422	3087	1505	843	8.12e-63	244	466	7GC3GC8AG2GC1CG6GA2CG2CGAT4CG2GA14GCCGTA1CTCG5CT3CA2AC3GC2GATAAGCG1AGTGTCGC3AT1T-7GA-T3GC2AG2GA3CTACACTA1GCCGTA6AGTC1GTCTGTAC1TGGA7ACCG17CA3TA4GCCT1AG2GC2AG2GC3GTATAT3AC6T-T-A-G-T-1GC1TC2GC2TC1AT6-A-G-T-C-G12AT7CG2GC2CG2CG1CT4CGGCACGTCT2AGAG2AG5CG1CT3GAC-C-2TCCG4A-T-6-C5CGCGGC3CT1CTCAGTTCCG5GA5GA14AG14CG1CTCAGCCAAG5CAG-1CT3GAAT1-C5CA2TC2AG2GA5AG2GAAT2TATCTA1CTGC2AG2GC2CA2GA5CGGA7GCCGTA6GT2GC15-C-A4CG1AC3CA2C-G-1CT1CG10ATCGTGCA4GACTGTCG1ACCG2GA4TG1GC2GTAGAC11TCCG5CG2GA2CG1CTAC1TGCGGC3GC3AC5CT12ACCACG1GA3AG2GA2GC2CA6TAGA1AG2GC1AC3CGCT6AG4GACA1CTCG1TA1TC11
vOTU_032	NODE_137_length_12603_cov_23.918393	66.051	975	12646	12603	2145	3075	2945	3905	1.68e-52	211	644	5TC1CGCA3CG23-G3-T2GC1TGG-A-3AG1CG6GCCT7TG5TA1CTGT1CG5CGGACA15AG12TG-C-C1ACTGAC1AT3TG1C-T-5CG6G-T-1AG2-G4TA2T-T-1CA3G-C-5CA1AC1AG-G-T-T-G-T-T-C-G-C4CG2ACTCGC1GA2CA1-A-G-A-T-A1AGGT5-C-A-A-G-C-C-A-G2-G8CGAGGTCAGTGC3CGGC2GCTA3CG5AG8CGCGGT1CG1GA1CTCT2GC1CA1CGTACT2GC1CGGA2GACACA3AC1TCAG13CTCG3TCTGAG4CTCG4CG3CG4AG3CG14CT4TCCTCTCG2GC6CA2AG2CG1GC1GATCAG2AGTC1GCCT4T-8CG-G4CTAG1GAGA3CGAGAG1GTGCCATA6AGTGTC3AC1TGGA6AGAGCG2AGTA1GC10CTCGCG1AG2AG2GC8AG2GC4ATAT1GTCG1GC5TCTCAGGATA9TG1AG8AGTA4GCTG1AG8CG2GC2CG2CG1CTAG4GCATGTCG2AG3AGTG1CGAC1CG2GA3CA-T1AG1TG-G-G-C2CG5CTAT2C-5CGCA4CACT1CAGATACG14GC1CA8TG3AG8CG2CG1CTCGGACAAG1CT3C-1CTCT3-AGTAC2CA6TC2AG15TATCTG2-G-C-C-C-G-A3AG5-A-G-GCA4A-5-A7GCCGTA7GC1GC2AG3GCTCCG1GT10AG1CG4CG2CTAGCG1CG5CG2ACCGTC10ATCT6CGTG1GC2GAAGATCT3AT2CG2TC1CGCG1CGGT2CGCA3CG1CTACTG1CG8AGCAGC3CT11GC1CGCG1GACG8GC2CG2GC2CTTGGC1AG2GC1AG2CACTCGCG2AG2AG12
vOTU_032	NODE_36_length_30711_cov_618.072253	67.414	669	12646	30711	2422	3074	20896	20235	1.91e-45	187	451	2GC10CTCG2CGTCTG3GC2CG2CG1CG3CG4AG3CG10TACG6CGTA1CTCG3CT8AT2CT4TA3AGTC1GTCTGC3TC2CG5CG2GA1CTAG1GA4CGAGAG1GT10-C-C4GAAG2G-T-10AGTA1GC5CT2CT1CTCG1CTAG14AG2GC4ATAG2CGAGGT3CGGC1TGATGCTG7CTGCTGCGAG5GA2AGTA16CG8CG1CTAG3CGGAATGTCG2AG3AGTGCTCGAC1CG2GA3-ACT1AG1TGCGAG1-G3TG1C-A-8CGCA1AG2CGCT1CAGATA1CG15CA2GC6AG2AG8CG2CG1CTCGGACAAG4-T-G1CT2CT1GT1G-A-2CA3CA2TC10-G4GT1-G2TA1TCTG1-C-C-G-TGC6GC2-G-G-G4AG3CGGA8CGTA6GCGC1GT2AG3GCTCCA1GT9GCAG6CG2CTAGCG1CG5CA2ACCGTA10ATCT3CG3TG4GAAGACCG3AT2CG2TGTCCGCG1CG2CG1CT3CG1CTATTG1CG8AGCAGC3CT5GT5GC1CGCG1GACG2AG5GC2CG2GT3T-3-G1GAGC1AG2CGCTCGCA11CG1CT3
vOTU_032	NODE_80_length_16361_cov_1183.702012	66.261	658	12646	16361	2404	3042	881	1527	7.13e-32	141	436	4C-4CACA3AG1TC3GC10CTCG2CATCTGAG5CA4CG3CG4AG3CG17GTCGTA1CTCG9CA2AC2C-4TA3-C-GACTC1GT1G-3TC2CGGC4CG2GA1CTAG1GA4CGAG2GT10TGTCGCCT1AC1TG9CG2AGTA1GC1CT8CTCG5AGGC10AG2GC2CT1ATAG2CGAGGT3CGGC1TGATGCTG5GA1CTGC1CGAG5GA2AGTA7AG2CG5CG2GA5CG1CTAG2G-3-TGTCG2AG3AGTG2AC1CG2GA3C-C-1CT1-G2-G-G-GCG1CGAG1C-C-AG2CG5CGCA1AG2CACT1CAGATA12GA4CACT1GCCG1GC3AG2AG8CG2CG1CTCGGACAAG5C-1CTCT4-TAC2CA3CG2TC2AG8AG4AC1TATCTA3-C-C-C-G-A-C5-G-C-T2CGCG4AG3CGGA1AG2CT2GTCGTA16GCTCCG1GT3GC2CG2GTAGCG3GA1CGGA1CTAGCG1CG5CG2ACCGTC10ATCT6CGTGCTGA2GAAGAC4AT1GTCG2-G-A1TG1CA4CT1C-G-2CG1CTACTG7CA2AGCAGT15GC1CGCG1GACG8GC2CG2GT3
vOTU_032	NODE_637_length_4596_cov_380.656463	65.032	632	12646	4596	2422	3042	78	707	3.69e-29	133	411	13CTCG2CATCTGAG3AG1CG2CA1CG3CG4AG3CG17GTCGTA1CTCG9CA2AC2CG1GC2TCAG2AGTC1GTCTGC3TC2CGGC9CTAG1GAGA3CGAGAG1GTGTCTTG6AGTGTC3AC1TAGA8CG2AGTA7CT4CTCG5AGGC4AG5AG2GC4ATAG2CGAGGT3CGGC1TGATGCTG8GCTGCGAG9TA7AG5CT2CG8CG1CTAG2-C2GTAT1C-2AG3AGTG1CGAC1CG6C-CAAT1TG2CGCG1AGTC1-GCTAG2CG5CGCGGC3CGCT1CAGATACG2GA11GC1CACG1GC9AG8CG2CG1CTCGGACAAG1CT3CGGTCT1GAGCCGGTAC2CA3CG2TC2AG11GAAT2TATCTA4-C-G-C-T-G-C-C-G-T1AGTC3CGCA4AG3CGGA1AG2CT2GCCGTA6GT2GC6GCTCCA1GT1TC1GC2CG1CTGAAG6CGGA1CTAG1CTCG5CG2ATCGTC10ATCT6CGTGCT3GAAGAC4AT2CG2TC1CGCG1CAGC1CA1CTGC2CG1CTACTG1CG5CG2AGCAGT15GC1CGCG1GACG11CG2GT3
vOTU_032	NODE_6145_length_595_cov_18.442593	71.193	243	12646	595	9730	9971	53	294	2.84e-24	116	173	6GACTAG5GC1GT8GCCG2GA2CGT-3CGCT2GT2-A8GCCGCA2CT4AG2CGTGGCCG5AG1CTGC2CG1TC2AGAC5GA8GA1TCCG1GT7CGTCGC6CATC5GCCA1GACGGT1AG8GC2AC1TA3GC1TC3CG2GC5CG6CG5CATC2CACT1CGGC5AC4TGCAGTCG2TC20TC1GA4GA5
vOTU_032	NODE_38_length_29372_cov_607.733977	64.435	672	12646	29372	2422	3074	8464	9125	1.21e-22	112	433	2GC10CTCG2CGTCTG3GA1CT5CG8AG6GA15CGTA1CTCG9CT2AC3GT4AG2AGTC1GCCTGCCG2TG2CGGC4CG4CTAGTAGA4CGAGAG1GTGTCTTG6ACTGTC3AC1TGGA8CG2AGTA7CT2CT1CTCGCG1ACTGAC3GA8AG2GC4ATAG2CGATGT6TGAGGT3GA2GAGACG1TG1AG5GA2AGTA4GA2AG2CG2CT2CG5CG1CTCG1CTAG3CGGAATGTCG2AG3AC3AC1CG2GA2G-C-C-1CA2AG1-A-G-G-C-G3TG1C-A-2CG2AG2CACGGCAG2CACT1CGGATA12GA4CA9AG2AG2GA5CG2CG1CTCGGACAAG1CT3C-1CTCT4AT1-A1CA3CG2TC2AG8AG5CGTATCTG2-C-C-C-C-G-A3AG5-A-G-GCA4AG3CGGA1AG2CT2GCCGTA9GC5GAGCTCCA1GT3GC1TG3GAAG1CG4CG2CTACCG1CG5CA2ATCGTC3CG2CGGCCT1ATCTCG1GA3-GCG2GAAC2AC1C-3AT1-G-G-T4TG1CG4CA1C-C-G-2CA1CTAGTG1CG5CA2AGCG4CT11GC1CGCG1GACG11CG2GT3TGGCCTATCT1GC4CACTCG6AG5CG1CT3
vOTU_032	NODE_38_length_29372_cov_607.733977	78.261	115	12646	29372	2145	2258	8169	8282	1.38e-15	88.7	90	2CA2TC1CG13GA8GA5-C3G-2ACTCGAAG3AGCGCG7CT6CA6TA1CTGT1CG2AG2CAGACA12CG14
vOTU_032	NODE_7364_length_526_cov_21.443737	83.186	113	12646	526	6439	6550	62	171	1.79e-20	104	94	5CA1G-6CT1CT2C-2GA2GC5TG5GC2CA7AC24CG14C-4TC4TGGCGC2-G6GA2
vOTU_032	NODE_636_length_4598_cov_1607.758089	67.810	379	12646	4598	2422	2792	446	76	1.79e-20	104	257	13CTCG2CATCTGAG5CA4CG3CG8CG11CG2CT2GCCGTACTCTCG3CA5CA2AT2CA1GACT1TC3AGTC1GTCTGC3T-6-G2CA4CTAGTAGAGA3CGAG2GT10TGTCGCCT1AC1TGGA12TA1GC5CT4CTCG5AGGC10AG2GC1GA2ATAC2CGAGGT2-G2GTTG1AC1-C-G-A5CT2C-2C-A-C-4GA2AGTA4GA2AG8CG2GA2CG2CG1CTAG2G-3-TGTCG2AG3AGTG2AC1CG6-A-T1CGAC1TGCGAGCG3TG1C-A-2CG5CGCGGC4CT1CGGATA12GA4CACG1GTCT5AG2AG8CG2
vOTU_032	NODE_1726_length_1952_cov_18.110174	78.632	117	12646	1952	4566	4682	1391	1275	7.62e-19	99.6	92	3CG1GC5TCAC5GC2TC2CTTG4AG2CA5CG26GA5GCCGAT4AG5ACCGAC1GC2ACCA9CAGC6AC5
vOTU_032	NODE_14039_length_359_cov_2.720395	68.093	257	12646	359	2422	2678	6	262	9.28e-18	95.1	175	11GT1CTCG5AG2GA2CGGCCACG1CG3CG2CA5CG11CG8CTCT1CT2CA5CA2AC2CA2CGGC5TC1GTCTGC6CGGCCTCA2CA4CTAGTAGA4CTAGAT1GCGTCTTG6AG5AG1TA3CT2GCATAG6GA5CA4CTCG1CT3AC5AG2GA5GT2CG1ATAG2CGAGGT3CAGC1TGATGCTA5GAGTCTGTTGCAAG14GA5CG2CT2CA2
vOTU_032	NODE_16317_length_331_cov_2.333333	77.143	105	12646	331	2155	2259	187	291	5.86e-14	82.4	81	2CT8GA2CG5GA5ACGATGGC2ACTCGAAG3AGCG8CT6CG2GA3TA1CTGT7CGGACA12CG15
vOTU_032	NODE_12_length_95464_cov_625.492029	63.021	960	12646	95464	2155	3074	20201	21150	5.86e-14	82.4	605	20GA2-G5TCG-2ACTCGAAG3AGCGCA7CT6CA6TA1CTGT1CG2AG2CAGACACG2AG2GT21-G-C-G-G-C-G-C-A-T-T-CTC1AGTC1AC2CG1TA2TAGT2AGTG2AG2-A-T-A-G3TG3-A-G-ACT3AG2AG3CG3GCCA2G-A-GA2ACGC2AT2CATG1ATTA1-C-T3CTCTGC3CAGTCACGTGGCCG9AGGCCAGTGCGA2CGGC2GCTA3CG5AG9CGGTCGCACA2CT5CAACCGTACT2GC1CG4CACAAG2AG1TCAG2GC10CTCG3TCTGAG4CTCG4CG3CG4AG3CG5CGCTAG6CT3CGTACTCTCG9CT2AG2CG1GC1GATAAG2AGTC1GCCTGC3T-6-G2CG4CTAGTAGAGA3CGAGAG1GTGCCG7AGTGTC3AG2GA6AGAGCG2AGTA1GC5CA4CTCTCG1ACTGAC3GC6GC1AG2GC4ATAG2CT1GT3CG1TCTAAGGATG7CA1TGCTAG5GA2AGTA7AG2CG2CT2CG7CACG1CTAG2-C2GCAT1C-2AG3AGTG1CGAC1CG2GA2-G-A-T-C2CAAGCGTC2CG2AT2CG2C-CG5CTCGGC3CGCT1CGGATACA11GA2GT1CA8TGAG2AG8CG2CG2CGGACAAG5C-1CTCT3GAAT1-G1CA3CG2TC10-G4GT1-G2TG1TCTG1-C-G-C-T3AG2-T-T-GGC1CGCG4AG3CGGA1AG2CT3CGTA16GCTCCG1GT6CG2GAAG6CG2CTAG1CTCG1GT3CG2AGCGTC3CG2CG1CT1ATCTCG1GACG2CGTGCTGA3AGACCG3AT2CG2T-T-C-1CTCG2CG1CT1-G-A-T2CG1CTAGTG1CG5CG2AGCG9AT6GC1CGCG1GACG8GC2CA2GC2CATGGC1AG2GC4CGCTCG6AG11
vOTU_032	NODE_9146_length_458_cov_2.550868	67.557	262	12646	458	2422	2681	379	120	8.70e-12	76.1	177	13CTCA2CATCTGAG2GTAG6CG3CA4AG3CG11CG5GCCGTACTCTCG9CA1CTAC2CG1GCCA1TC3-GAC2GT2C-2TC2CGGC4CG4CTAGTAGAGA3CGAGAG1GTGTCTTG7TGTC3AC1TAGA8CG2AGTA1GC1CT8CTCG5AGGC4AG5AG2GC4ATAC2CGAGGT2-G2GCTG1AC1T-8GTTGCGAGCGTA6AGTA7AG5CT2CG2GA2
vOTU_032	NODE_125_length_13376_cov_612.034757	67.286	269	12646	13376	3103	3356	13011	12746	3.03e-11	74.3	181	15AGCG1CG1CG1AT1CTGTAG2GCGAGC6AC2CGTAGACA2TC1GC3TA2ACTGGA3AGCG19ACTAAGCG2TG6TC2-A-T3-G-G4-A-T-T-G-T-C-G-GCA3TC4CTTC1CG4CA1AG2CG2AG1CG6AG8GC1TGCG1GA6AG1TA6-T3A-1TGGC2AG7G-C-ATAG4GC1-T-GAG5TCGTCG2GC3CA2CGGACA5ACTA5AG2GA6GA1GC3CTCT6
vOTU_035	NODE_43565_length_235_cov_1.066667	85.957	235	11914	235	2253	2487	1	235	4.52e-72	276	202	8TC2GA2CA5ACGT1AC2GT14CT2GA2CG2GA4AGTC14GC5TG8CA5TC2CT2GC5CT5TC8AG2GA3CT13CT2AG2GA26GA11GC9TA1GC2CT26GA7
vOTU_039	NODE_1115_length_3031_cov_257.040323	85.897	78	10738	3031	8096	8173	78	1	9.60e-17	92.4	67	5GA7CAAG5TC6GC5TA2CG11GC2AT5AG4GA15
vOTU_044	NODE_16922_length_325_cov_1.522222	99.383	162	9638	325	6765	6926	325	164	5.79e-76	288	161	114TC47
vOTU_044	NODE_43565_length_235_cov_1.066667	85.957	235	9638	235	4068	4302	235	1	3.65e-72	276	202	7CT26GA2CG1AT9CG11CT26CT2TC2GA13GA3CT2TC8AG5GA5CG2GA2AG5GT8AC5CG14AGTC4CT2GC2CT2GA14CA2TG1CATG5GT2CT2AG8
vOTU_048	NODE_5_length_177758_cov_542.156812	66.396	738	9323	177758	2102	2818	155169	154450	3.10e-41	172	490	6GC6GC1AG9CGGC2GACT8CG1AT5GAGT2GC2TCTA4CG1A-C-G-G-A-C-5ACTG4-C5-T-T-C-G2GACT3AG1CA1AGC-5GCA-5GA1GCA-3ACGA1TACTATAC2TAGCTC3-C5ACCACG6TC4CT2CTCT1GT6CA2GC4CG5CGTG1CG2CGAG1CG5CG2CT1ATTA3TG1GCGTGC1GCCGCT3ATACCG9CT1CG8GT9TACGGC2AG3CA1GT6GC4CGATAC6AGGC2CTGC2-A-A-C5GT1CG2GT4TACT1-A-C1TG2-T1CG3GAGC1CA2CT1CGT-C-2C-1AC2CA1TC2TCCA4AG2GCCGGC2CT2AC8CGCA7CG2AG2CG3CT17AG1CGCT1GC2CG2GCGACGGT8CG2C-A-2GACG1GA1GA-C-C2AGCG1TG2AG8AC2AG2CT2ACTA1GC2CT2CT12CAAT1TC2CA7CT2CG2AG2CT2GC5CT10GACG8TCGCTGCG2TG4GTGT3GCGTAG5GTAT1CG3TC4ACAGAGGC3AGCT1GA3GC4CG2AT1AGGCGAAT9C-C-C-A-4-T-C-A-G6-G-G-CTG3CGGACGAT1CGGCAGAC2GC8CTACCACG5CG2CT3CGAC2CTTG9GCCACG1TAGA3AG5CG4AG5CGAGGACT8
vOTU_048	NODE_5_length_177758_cov_542.156812	67.701	548	9323	177758	4341	4882	152894	152353	2.38e-36	157	371	2TG4CG3GA2AGACCG2CT2CT3GA1GCAG10AG2CG2CT6TC1TCAC2AG1CG6GC1CAGT1CG1CTGCGTCG2TC7CA1GCGC1CG8CG2GA2GC2CA1TCTG5TC1GAGC3CG2AG1CGACCTCG1CACTCG1CGTG1CG2CTAGAT1CA1GCCG1GT2TC1GT1AG5AG3CTCGAG1GC3CAAGGC2CT2TCCG1GC4GCGCCAGACT12CTGCCG2GA2GC1TC1TGCGGTAG10AGTA1CG5TCTA1GC2CT2CGACAGCG1AT1AT1AG6CG-A3CGGC1CG3TG1CGC-6AC5AC1CG3CA13CGA-1CT2GTATTG1-C3AGCA6GC3GA1CT8CTA-1TC2GA1-G2GA4GC2CT2CT5-T-G6C-G-5CATCGC4TC3TG2GCGC3GAGCGC13AC2TC4ATTC11CGTC10CT2CTAG1GC1CG3AG5CG2AC4GACT2G-3AC-G4CT1AC13CT4GA5TG3AGGC4
vOTU_048	NODE_5_length_177758_cov_542.156812	65.448	547	9323	177758	5989	6520	150837	150311	1.08e-21	108	358	5-A3AG6GT1CT4CAGA10AC1CT3CA1TC3AC1CT1GA1-C-T5C-G-G-C-A-2CG1CG1AG1GCTATA3AGCACG2GCGA7CG3AC4GCCTGC1ACCG4TACGGTCT1GC6AG7CG2CT1CT4GAAGTCGCGTCG2CA2CT1TC3ACCG1AC8AG5GTTG1CG8CG12GT1GAGA1GT5GCCGAC15CT2TCGACAGCTA1GC2TC1CA1GCCG1AGTCCG3GC2GACT6C-G-C-C-C-AT1AG5CA1AGCT2TC2-A-T-T-T-T1GA1CG5GA1GC3GA1CT6AGCT1CG2GC5GC6TA1GA1GT5TCCA1GC2AG2CTGT1GC2C-4-T2GA1GC8CG1GC2TA2CAGCAC3GCCG5GCATGCCG2CG2CT1ATAGAC1TG1GCCG2CTGAGCAG3AC7A-G-T-6GCGC1A-1TA2-CAG2TC2GA1CTTG3GACT8CAGT2G-G-C-GTGC4G-A-1GCTA4-G-C-C-A-ATG24AC1CG3AG9
vOTU_048	NODE_5_length_177758_cov_542.156812	64.987	397	9323	177758	729	1119	156713	156320	1.51e-13	80.6	258	4TC7GA3AC2GACG5TCTACG1CT3CT5TGGC1GT8GA2TCTC4TG11TCCG1CT1GC8CT6A-T-TG3T-2-G-A-ACG4GA4CGCT2GACA4TCTCCTTG2CAGC7GAGACT1AC1GC1TC2AC2CT4ACGA1CAGAAGTC2CG4TA1AG16GAACGA1CACATCTG2CG3CT1TC5AG2CA1GTAT1CGGACAGCGA1GC2GCGTGC4AG1CGCA1GC2GC1GAGC5GA2GC1CAGT5TCGCCG1AGTCCGAT5TG4GCGTGC3TC3AGCA2GAGACG1CGAC1TG2CG1TGTC2CT3AGAGGC10AG1GCCG7GT1CG2GA6AC2CT1CG2TG2CT2-G-G-ACA2CG1GC7TA1GA1TC6
vOTU_048	NODE_50796_length_224_cov_1.136095	75.814	215	9323	224	634	845	1	212	5.25e-32	141	163	3TC8AG6AG1CG6CA14GACG1GT1G-G-5-T-T5TC5AG2-G4TGAGTGC-1AGTG2AG1CG5ACCATG6TG3CACA2GA4GT2CGTC3GC1TA3GC2CT5TC5CT5GC2TCTC2CA1TA11TC2CT1GC12TC2AG5TC8GAAC6
vOTU_048	NODE_40321_length_241_cov_0.940860	77.344	128	9323	241	5708	5833	113	239	2.91e-16	90.6	99	2AG3AT10TGGC3TGCGTG10CGTG1-G3CG8TGGATA5GCCT2AG1GCTGTG11T-2GC6GT1-G5AG12TGGCCG2AG12
vOTU_048	NODE_4785_length_725_cov_21.505970	70.000	220	9323	725	727	943	473	689	1.01e-15	87.8	154	6TC7GA3AC3CG5TCTACG1CT9TGGC1GT8GA2TCTC4TG8GA2TCCG1CT1GC8CT7T-T-3T-2CGTAGA1AT5CACA2GC5TATG-G-C4CGGA-C7GAGACT1AC1GCGATC2AC7ACGA1CAGAAGTC2CG2GT1TA1AG13GA3ACGA1CACA1TG2CG3CT1TC5AG2
vOTU_048	NODE_1726_length_1952_cov_18.110174	68.254	252	9323	1952	8741	8989	1260	1508	3.54e-15	86.9	172	6GAAG4CA1GCAG1TC9AGAT3CT2AG2GTAGGCCG3ACAGAC3CGAC4GA4CT12GC7CG2CG5TC1AC1GC1CTGTTA3TG1GC6AG2TG1TCAGTG5CG1GC3TA1GCCACTTG6GT1AG2GAGCTC6CGGCAG4AGCAATCT5CGACTA5-C-G-A3GCCT3GT2TG1GCTG1GA2ACTC3C-1TG3CA1C-A-6CG4CG2CT11CT6
vOTU_048	NODE_8145_length_492_cov_16.004577	70.833	168	9323	492	2544	2711	2	169	4.32e-14	83.3	119	2AG8AC2AG2CT2ACTA1GC2CT2CT12CAAT1TC2CA4GC5CT2AG2CT2GC5CT10GACG5CG2TCGCTGCG2TG4GTGT3GCGTAG6AT1CG3TC4AGAGAGGC3AGCT1GA3GC4CG2AT1AGGCGAAT9
vOTU_051	NODE_867_length_3693_cov_154.278725	71.311	244	8783	3693	5173	5416	716	959	3.80e-27	125	174	3CA5GA2CG2ACCA4GTGAGC13TGCT6CT1GT2GA6GC5CT5TG2GCCA1CT2GT3AGCTAG1AC1CTCA3CT1GC1TGTA1CG1GT2GC1TC1GTGTGA2GC2AGTCCAGC3CT1GT2CA2CG4CT3GA5AT2CG2TC2GC5CT2GA5ACGATC6GACGTGCT5GC4TAGA24ACTA1CG1CG5GT2AG9
vOTU_053	NODE_57_length_20520_cov_984.915661	67.585	762	8224	20520	3573	4315	10115	10836	7.84e-42	175	515	6GC1AC18AG5GA2GA5CT5GCCAAC1TA10GC1TG10AG3TG6TA2CGCAACGC5TC3TC1GC2CAGTGA3GCGCTGGCGT2GACACA5CGCTAGAC5CG6TG1AC3AC1CG1GTGCATTC2CTGA7CACATG1GC1C-A-2G-1TGCA2TC2AG5C-1CA1CACT1CT-T-T1AGTC2-T6-C-A4T-C-G-C-3CT2GCATCT6C-2CG2AC2GC2-T3CG4GTC-C-2CACG1C-C-C-C-2CACT2CT1G-C-G-C-A-C-G-G-C-11CG6GA1CA5TC2GCGTC-6GC2GC2AG5GC1TCCGA-T-9CG8GA3G-A-G-2CG3TA2AC2CT-C-A-A4GC2GA2CG1AT6GA2CGTC2CACAC-3-G5CGCGGAGA2AT2GCGT2TC1TG5CT1A-4-A2CACT-A3CT1GC1-T-C6GCTG7CT2-C3GA1T-3CTGA5GCCG1CAGT10GCGCCT2G-A-1GC5G-7GC5CA1TAG-T-2T-1GC1AG1CAGT3-C-G-T3GA2GCGTTC4ATTACA3GC4GC3TA4ACTC4AC1CTGA1CACG1T-2GT1AG1-T6AG2GC1AC6CG2GA2GC2GCTC4GC6GA6CTCGTG7TC3AGCG6AGTG1TC2TG4CGGC1GA12GC11GA5GC4GCGC2CA2TC5CT5
vOTU_053	NODE_34_length_31580_cov_641.513751	68.094	467	8224	31580	3858	4317	19768	20224	1.24e-26	123	318	12CG2CA2CTGA1CA2CG2TC2GCGTC-6GC2GC2AT5GC1TCCGA-T-3GT4TGCG8GA2GC3TGTCCG1GT3GTAT1GA1GACA2GC2GA3GTAT3GA2GA3TC2CACAC-3AG1CAGC2CG1-C3AC2GTGT1GATG1TG5CA1A-4-T2CACT-A5GC1-T-C6GTTG4TC2CT2-C3GA1T-3CTGC5GCCAGA1GT10GCGCCT2G-A-1GC3CG1G-7GC5CA1TAGCTGCGGCTA3ATGCCTGTTC5GC2GCGTTC3GAATTACA3GT4GC3TATC3ACTC4AT1CTGC2CG1T-2GT1AG1-T6AG2GC1AC6CG2GA2GC2GCTC4GC6GA6CT1TG7TC3AGCG6AGTCCTTA2TC4CGGC1GA9CT2GC11GA10GCGT2CA2TC5CT7
vOTU_053	NODE_34_length_31580_cov_641.513751	82.353	102	8224	31580	3573	3674	19501	19602	1.16e-20	104	84	6GC1AC18AG1CT3GA2GA5CT5GC1AG1TA10GC1TG10AG3TG6TA2CGCT7TC2
vOTU_053	NODE_1115_length_3031_cov_257.040323	92.000	50	8224	3031	4	53	31	80	1.97e-11	73.4	46	11GCTCCT33CT2
vOTU_056	NODE_15559_length_340_cov_1.168421	79.104	335	8069	340	6556	6890	6	340	1.39e-76	289	265	5AC11CGGAAG3AG6ATTG3TCGATCTA14CG2GA2GCTG1GCAT1GC8CGAT1CG2CT8CA2CG14ACTC4GCAGTC3CA6AG1TC2CGAGCTCG1AT3CG1GACG1AT6TC2TC8GC2CG8CT11GTGC1CA2GTCG10CG2AGGTCA3TC5CT9AC2GA5TC1TC3GA2AG1CA13GC21CT14AGCAAT9CA20
vOTU_056	NODE_58367_length_214_cov_1.094340	71.141	149	8069	214	6248	6396	9	157	5.54e-12	76.1	106	10AC1CG5CACA3CA1GC3GTAC1CGCTCG2CG3CGACGC3CGGC8AT5GAGA2GC4GA3CG3TGAC1CGCG1ATGCCA3AG1GT2TC24CGAC4GCAC1CACACG2CGGC4GA6
vOTU_060	NODE_589_length_4834_cov_27.211760	69.110	191	7593	4834	7399	7582	2886	3072	6.35e-11	71.6	132	21GT1-C-C-C-C-A4AG3AG4G-G-1TA1GC4TACT2AC2CTTC4AG3GCCA1GC1AG3CG1GCCT1AC1CT6GC2ACGATA10AG7CGAGCT3AGTAGTGC3GTTGTC8TC7-C-CGATA2ACTCTA1G-C-3TC8TCAC1TC1TA3AG5AC4
vOTU_062	NODE_43565_length_235_cov_1.066667	100.000	235	7457	235	5403	5637	235	1	2.47e-117	425	235	235
vOTU_064	NODE_42080_length_238_cov_1.021858	87.931	232	7348	238	6106	6337	7	238	1.04e-77	293	204	14TG10AG18GT2AG33TA12TAGT5CT5TC2GA2CG1GC3TC2TC2CT5AG2GC5CG35GT2GT8CA8CT2TC2GC2AC10GACG2AT10
vOTU_066	NODE_12_length_95464_cov_625.492029	66.153	2207	7142	95464	4328	6459	22345	20196	4.00e-146	520	1460	5GT3AG5AGAC6GA1GA1CGACGTCG7TCGCGTACAG3GAAC3GA2GC4GTCGGA1GC5GC9ACCG1GACT3GC4CG4CA1GCGA1GC11G-2CA2-T-C-C-G11G-C-C-5GAACGCCAGCGC8-T-G-G6CT6CGAG-T1AG1CA2-G-T1GA1GA5GC-G-A-G-T4ACCT1G-6CGGTGC1A-A-T-5GC2CG1GC3TG5GA2AC6GA8AG1GC2GC8GC6GA3AC1CA1CG2CTCA1CG11GCCTTG3GCGTTGCG2CT1GC3CTGA6ACCG4TC1CG1GC5GTCT1GC4ACGC2AC3CAATAG2CGCGTCGC1GC4GA4GT8AC3CATCCG2CT2TC1CT10CGGAGT10ACGCCA1TC20GAAC2GACG2GT6GCAT4GC3GC1-G-G-C-C-G-A-C-C-C2GA3-C2TC1GA4GC2GAGCTCG-2GC2GC5GC8CG1GC1GT2AGCG4-T-T3GTGTGAC-2GCACCA3GACT2CT1G-1GC3GA2AGCG1GAT-G-C-4CT2CT1ACGCGAACCT2GC1TC1CGTA5GT1CA1TC3ACCT1AC3CA1GCCA1AC1GC3CA3ATGC1CT3GA2CG3GCAGTG2CGAC3GC1CA1CGTGGC4AGACAGCG1GCCG1GACA4GCGACGGC2GC1CTTC3AG11GA13CT2TGCGAT4CAGA1AG1CGCAGA3GC1CGGC8GT2GC-T-C2GACA2GC2GC1GC2GC2GCGCCAGA-C3CTAC6CT6GA1GC2CG3GA1GC2GC1CAGT9TC1-T2GT-G-C2GACA1GA1GC4GA1CT9GC6AGAC3TCGTCTCT1GC3CG2CGGC1CG5ACACGA2CA1CA1CGGACACG5CT6GCCGGC2GC4ATTC2CT2GC21GC8GAGCGC2GA3GA7TCGA1GC2TCTA-A3-C-G-C-C-A-C-G-C-C-G-G5GC1GT1AC2ATTC2CG5CG10G-C-2CT1ATC-G-2GA1GC1T-G-G-G-8-A-T-T-T-G-T-C-G4AG2GC3GAGACG1GC2CGCTGA7-A-A3CAGAAGCTAG3CG2GCCTTG1C-G-4CGAG1CG3CATC5CGAGCA8CG1CGGT1CG4GA1CA1GC2TCTACG2ATTC1GC3GCCT2GC1GC-A-G-C2AT3TGCGGTTCATCG2GC14TCCT1GT3TCTA3CT-T2CGACAG3C-5CT2CG5CT6GC1CG2TC3TA4AG4GC3GC5GCCAGCGCGA1GC2CAGTAC1GA5GA1GCGAGC2TA4TGTC3CTGA4GCCT1GC1TA1GA1GC5CG10AGGC1-G-C-A-T-C-C-T3TG4C-C-3A-G-1AC3CA1TC2TC15ATGC3GA2TC6TC4GC3GCCAGA6TACGGC10TACT1AT1AC1TC5CT9GT1GCCG2CG1GCGACAGC4CA21TC8CGGT1CA2CT5G-G-C-3GC1AG1GTCT2-A-C-C-A-T2GA1GAGT2GCGC2C-G-2CA2TCGTAG2GCCTTG2GACT3CT4TG2AC1GTCAGT4GA1CGGC1GAGAGC3GT1CG8G-C-1TG2-T-T8AT4CGGC4GAAC1GT7GCGT1GT2GC1GA2CTCA5CGGC6CG9AT2TGTG1CA5CT5CG1AT4GC7CT3GCCGACAGGC7GA2GA1GC6GT2GA1GC2GC1GC13GATGGC3-T-T2AC2G-A-4CA8CG1GACA2GC2GA6TCGAGCCT1GC5GA2CG5TC2CG2GCGA5ACAG4GA1GC18GT13CG2GC10TCCG2CG9ACCGGC2GCGTCG3GC2CT3CGTC10CGGCGC1TACT2CG2CA3C-A-T-C-T-C-4G-G-T-G-G-G-A-TA2GT2CACT2C-C-3C-T-T-CT2CT1GC4GACA7CA1AC2GTCG2GA10GC2CT3GC2GC1GTCGCTCGTC3C-GA2TG1AGTC1-GTC12CT8TA1TATC2GCGTCTGT2TC4GACA1GTCG5CT6CAGC3CT2CTGCACCG11CG13AC3CG5CG2CG4
vOTU_066	NODE_137_length_12603_cov_23.918393	65.843	1982	7142	12603	4560	6487	4858	2922	8.26e-117	423	1305	3GA8AG4GCGA7GC2TC3GA1GTGCACAGCA1CG3CA1CG8GC2GCCTTG3GCGTTGCG2CT1GC5GACT2GA1ATCG3AGTC1CG4TC3CT6AC-A-G2CTATAG1GTCGAGAG4TGGA3AC2GC1G-C-1GA8AC3CATCCG7CT10CGGAGT8GT1ACGCCA26GACG2GT6GCAT4GC3GC1CG1GC1-G-A-T-C-C-C-G2GA1TC1-C-C4AG1TCGT3GCCAGA3GC5GCCA7CG1GC1GT2AGCG4CTAT2GTG-2GAGTAG2CAG-G-C-G-3GATA3CAGTAC1AG3TG1-G2CA3GC1CG1AGGC4-G3TC1CGTA5GT1CA1TC2GC1C-1ATCG2-A-T1CA3AC2G-2CA1CG1AT2CT1GA8GCAGTG2CGAG1GA1-C-A-C-A1CG3TC1CG1CG1-T-G-G3CG2-T4G-C-G-T-G-G-C-G-4CTTG3AG1CG11CT2CT8CA2TCCAAC4CAGA1AG1CG2GC3GACA9GT3-G-C2GACGGA1GC2GC1GC2G-3GT2-C-A3CTACGA3AG5GA3GC3CG2CT1AC3GTCG1GTCG8-C1GC2GC-G-C2GACG2CTGC4GC1CT3TC5GC2GC3AGACCG3GTCT2GCCG2CG2CGGC1CG2GA2ATACGA2CA1CA2GACACG12GCCG6CG1AT3CT6CA1GC15GT8GAGCGC6GA6AG-G1GCGC1GA1TATATC3-G3-C-G-G-T-C-G-G-G-C3GC1AG1TGAT4-G8GC7GC1CTTG2AC1GCTCCG4TC4CTGAGT1CTGT2CA2AG6GAGACG1GCTC3GA1GCGT1GT2-T-G3CA1AGCTAT3CG1C-3TGCTG-7CT2GCCATC3GT2ACCA1TC3AGGCCGCG1CTGT5GAGCGCCAGC3TGTA3AGTG1GCCT3CGCGGC1CT3AT3TGCGGCTCATCG2GC2CG11TCCT1GC2GCTCTACT3GTCG1AGAC1CGTCCA8CG5CT6GC1CG2TC12CGGT9GCCAGC1GA1GC3GTACCG1GA4GA1GCGAGC2TA3CATATCCT2CG10TA6CG2CG2CG6ACAGGCAG1GCGA1GC2-C1CG3ACAG1CG1-C-C3CA1TC2TC2TC2CG1CG7ATGCCG11CGTC4GT2GT2GC17CG4ATCTAC1TC11CG3GT2CG2CG1GCGACAGC3GACA4GA25CGGT1CG8GC1CA2AGGCGTAT2-A-T1CAGTGCCTGC1GAGT3G-T-1CAGA2CT2TCGTAG2GC1TG2GACT3CT4TG2AC1GTCAGT4GAGACG1GCGAGAGC8CG6CGAGTGGTCT2ACCG4AT3TCCGGC5AC9GTGT6GA1AGCT1CA1CA2CGGC16ACGTCATCTG7CG5CG1AT4GC7-T1ATTG3A-AGGC7GTCT1GA1GC6GTTA1GA1GC2GC1GC10GC2GATGGC4GTAGCGACGC5CT6CG1CG1GACATGCGGC2GA9CT1GC5GA2CG5TC2CG2GCGA5ACAG4GA1GC8GC5CG2CTGT1CT2CT8CT5GA2CTTGTCCG1TC3CG9ACCGGC2GCGTCG3GC6CATCGC9CGGCGC1TGCG2CT2CG3-A1AG1CA2A-GT7G-A-T-C-C-3CA1T-G-C-C-G-G-4C-G-A-C-G-G-G-2CGGACA7CG1AC3CA1CG6GTGC2GC2GCCG6GC1GTCGCT1TC3C-GA2TG1-GACTGCGTC21TC1TA4GTCTGC7GACA1GTCG4ACCG6CA4CT4ACCG7GAGA5CG2TC7AC3CG9GT3CT1CG2-C-T1TG5A-T-3AG1CG4GA3
vOTU_066	NODE_80_length_16361_cov_1183.702012	65.213	2202	7142	16361	4328	6471	2739	596	6.35e-112	407	1436	3GC1GT9AGAC6GA1-A3AT2C-6TCGCGTACAT3GAAC3GA2GCGA1GC1GTCGGA1GC5GC8CTACCG1GACT4AC3CG4CA1GTGA1GC8GC3CGGACT4ATGC2-A2CGCGAT1CAC-1GT3GTACGACA1GCCTACAG19A-G-A-3GACG1ATGCAG1GC2GC3-G-A-A3ACGT4GT3GC1ATAC15TGTAGCCG2GA2AC2GC3GA7CTAG4GCGA7GC6G-2-T-C-C2A-C-1CG5CG5CG2GC2GCCTTG3-C-T3CA1AT3C-G-3GACT4AC3GA1TCGC2GC6CT1GC4AC3AC3CAATAG3CGTA1GAGC2AG1GA1GC11AC5CT7CT10CAGAGC2GT3CT2GAACGCCG1TC11CG9AC1CGGT3GT4GA1GCAT2CGGC4GC1-G-C-C-C-G-A-T-C-C2GA4CGTCGC2GA1AG1TCGT5GA10CA7CG1GC1GT2AGCG4CTAT2GCGTCTTAGT1AC1-A3GACT1CT2G-2CAGC1GA1AG4-A4C-3GAG-4GTAT2T-G-1TC1CGTA4CGGTGCCA1TC2GC1CTGAAG1CT1CACT3AC1GC2CT5GA1CT1GT8GCAGTG3AG3-C-G-C-T1CG3TC1CG1CG1ATAC2T-G-3CT1CTGCTA1GC1G-C-3CTTG3AG1CA8CG5CT5CT2CA2TGCA1CT3CAGCGCAG1CT5GCGACAGA8G-G-6G-C-G-A-1GA4GC-A3-T2-C-A-C-T4CTACGA3AG7CG1GCGC2CG2CA1ACGC2GC3CG2GA5TCGA2GT2GACT3GAGA5CT3TC5GC5GTAGACCG3GTCT1GTGCCA2CG3GC1CA2GA2ATACGA4CA2GACACT12GCCG6CG1ATTC2CT9CA14GC3GA4GAGCGC6GA4CG3GTGCGC1-A1TATA3-A-G-C-C-G-G-T-G-T-C-G1CA5GC1AC1TCATTG2CT5CG2GC7G-3CGGCAT2TC1-A2GA1TCGT3CTGTGCCG5TA8-A-A3ACGAT-G-2GC7CA2CGGC1CGAG1CT2CGCGGC4GT1CT8GCCATC3GC3CA1TC3AGGCCGCG1CTGT5GAGCGTCAGC3TGTA1CG1AGTG1GC3GTCGCGGC1CT3AT3TGCGGC1ATCG2GC2CG3GA1GC6CT1GC2GCTCTA4GTCGCT1ACGTCGTCCG2GA5CG5CT6GC1CG2TC8AG3CAGT3GT6CAGC1GA1GC2CGGAAG3CT2CAGTGCGCGAGCCA1TA3CGTGTCCT2CTGA9TA6CG2CG2CG6ACAGGCAG1GCGA1GT2GTCGCG2AC2-G-C-A1AG3CA1TC2TC15ATGCCA2GA2TC6TC4GC2GCGACGGC2CT2CG8CT2CGTG3AT1AC1TC15GT2CG1TCCG1GCGACAGC4CA4GA16TCCA2CG1GCCG1CAGT4CT5GC1CA2AG1-T-T-T3GCCA1GCGT2GAGT1GC2GCTCCA1GC1AC1GCGC2A-G-C-G-C-T-1GAGACT3CT4TGCG1AC1GTCAGT4GAGACTGC1GAGAGC5CG2CT6CGAGTCGTCT8AT4CGGC4GC1CGGA1CT5GC1-A1GA2G-1GA9CAGC13GC1CGACGTCA1TGCG6CG3GA1CG1AT4GTCT7AC1C-3AG3-T5GACGGCGA1GT5TCGTTA1GA1GT2GC1GCCG11-A2TC3CTGTGCAG1ACG-2CG2CT8CG1GACG2GA12CT1GC5GA2CG5TC2CG2GT6ACAGGT3GA1GC11CT5CTGT7GA5CG5GA3TCTACGAG1CG5TCTCTA4ACCGGC2GTGTCG10CGTCGC8CGCGGC2TACT5CG3C-A-TA1TGCT1GT3GT1G-G-G-A-T-C-C-G-G-C-C-3CGCG1GT3T-C-G-A-C-1GC3CGGACA7CG1AC3CG1CT5TC1GC2GCGT1GCCG5GCGA1G-C-CTCG3GC3TC1CGACTG1-C-GTC21TC1TA4GTCTGC5-G1GA1CG1G-2CG4GA5CTGCCG6GCACCG11CG5TC7AC4CA7CT4CT1CT2GC3GC2
vOTU_066	NODE_637_length_4596_cov_380.656463	65.890	1803	7142	4596	4476	6228	1771	1	3.08e-103	378	1188	11CT5CG1AC2C-C-2C-1ATGT2GC2GC3-G-A-A3ACGT4GT3GCCGATACTG8CG5TGTAGCCA2GA1GCAG6GA8AG4GCGA7GC6G-2-T-C-C2A-C-1CG5CG5CG2GC2GCCTTG3-C-T3CA1AT3C-G-3GACT4AC3GA1TCGC2GC6CT1GC4AC3AC3CAATAG3CGTA1GAGC2AG1GA1GC11AC5CT7CT10CAGAGC2GT3CT2GAACGCCG1TC11CG9AC1CGGT3GT4GA1GCAT2CGGC4GC1-G-C-C-C-G-A-T-C-C2GA4CGTCGC2GA1AG1TCGT5GA10CA7CG1GC1GT2AGCG4CTAT2GCGTCTTAGT1AC1CA3-A2CT2G-2CAGC1GA1AG4TAG-5CGGCGA4GCAT2T-G-G-T-2TC2-G1CA2GT2TA-C2GC1CTGCAG3CA1GA1GAAC1GC2CT2CG1AC2CT1GT8GCAGTG3AG3GCCG2CGTGGC4AGACAGCG2CGACGCCA4GCGACGGC4CTTG3AG1CG14CT8CG2TCCA1CT3CAGC1AG1CG2GA3GACA9GC3C-A-G-C-2GC1CA2GC-C3CGGT1GC2-C-T-C3CTAC4AG1CT2CT2CG1GC3CG2CAGTATGA6CG2GA4CTTCGA2GTCT1GA4GAGA5CT9GC2GC3AGAC4GTCT1GTGCCG2CG2CGGC1CG2GC2ACACGA4CA2GACACG2GA6CT2GCCG6CG1AT3CT9CA14GC3GA5GT7GA4CG3GTGCGC1-A1TATA4CG1ATAG2-A-T-C4TA-G-G-C-T-G-C2-T-G2CG5CG2GC7G-3CGGCAT2TC1-T4TCGT3CTGTGCCG4CG2AGGA1GT3GAGACG1G-T-G-5GC1GC6GTAC-G2TGCGGT1CA2-G-C4GT4CGAG1CT3CATCGC2GT2ACCA1TC3AGGCCACG1CTGT5GAGCGCCAGC3TGTA1CA1AGTG1GC3GCCGCGGC5AT3TGCGGCTAAT3GC2CG3GA1GC5TCCT1GC2GCTCTA4-T-G-T3AGAC1C-T-C-2GA11CT6GC1CG2TC8AG3CAGT3GC5GCCAGC1GA1GC2CGGAAGCT2CT3GA1GCGAGC2TA3CGTGTCCT3GA9TA6CG2CG2CA6ACAGGC1CGGCGA1GT2-C1CGCG2AT4-C-G1AG1CA4TC5CG2CA6ATGCCG2GA2TC6TC4GT2GC1CGGC6TACGGC5CT2CG1TACT1ATCTAC1TC15GT2CG1TCCGCT1GACAGC3GACA4GA17CA5CG2GT1CG8G-G-C-3GT1AGTCGTCTCT1GA1GCGAGT1GC2GA1CG1GC1AC1GAGCTG1AC2GCCTTG2GACT8TG2AC1GTCAGT4GAGACGGC1GAGAGC5CG8GACGAGTGGTCT8ATCT2TCCGGC4GCACCG8GC1-A1GA2G-1GA9CGGC10TC2GC1CGACGTCA1TGCG6CA7AT4GTCT6CTAT1C-2AGAC2-C6GCCAGAGA1GC6GTTA1GA1GC4GCCG11GA-A1TC2-C4AC2G-A-1CG2CT8CG1GACG2GA12CT1GC5GA2CG5TC2CT2GC1TC4ACAGGT3GA1GC8GC5CG3GT10AG2CG5GA3TCTACGAG1CG12ACCGGC2GCGTCG3GC2CT3CGTC8
vOTU_066	NODE_38_length_29372_cov_607.733977	65.393	2199	7142	29372	4329	6459	10322	8174	5.57e-100	367	1438	4GT3AG5AGAC6GA1GACG1ATGTCG7TCG-G-1ATGC1-T4-C5GT4GTCGGA1GC5GC2TG1AT4ACCG1GACT3GC4CG4CA1GCGA1GC8GT3CGGACT3-C-G-C2GA3AGCT2GA1CAAC4G-3G-G-2AG5-T-G-G3GA3GA4CG1AC2C-C-2C-1ATGC2GC2GC3-G-A-A2CTACGT4GTCACT1GC2AGTC5GC2CG1GC3TC5GA2ACCGCA4GA7CTAG1GACA4CG5GC2TC3GA1GAGCACAGCA1CG3CA1CG2CT1GA7CTTG3-C-T3CA1A-3CG2CAGAG-5ACCG2GAATTCGC2GC2TC3CT1GC3GTAC3AC3CAATAG3CGTC2GC4GA1GC2GT8AC3CATC8CT3GC6CGGAGA3GACAGC2GCG-3-G1TC24GACG2GTCT6AT8GC3GC-G-G-A-T-C-C-C-G-A3-C2TC1GA3AGGC3G-2CAGAGA5GA3CA7CG1GCCTGT1GAAGCG4-T-T3GCGTGA1T-G-1AC1CA1GT5GA2G-1GACA4CT1GCTA-C-T-G4GA1CGGT1CG2GCGA2-C4TC1CGTAGA4GT1CA1TC4CTGTAT3CA1GA1GCAG1GC3CA3AT2CT6CG3GCAGTG3AC2GTGC4TGGCCT2GAAGAC1CG2CG1GACA4GCGACGGC2GC1CTTG3AG1CA11CT8CT5TGCA5CAGA1AG4GC2GC1CGGC8GT3-G-C2GACGGA1GC2GC1GCAG1GCCTGTGT2GT1-T2CGACGT5CT6GA1GT2CT2C-3-T3CTCTGT5CT2CTTC1-C2-T2GC1CA2-A1GC1GC2GT1CT3TC5GC5GTAGAC3TCGTCT2GCCA2CG2CGGCAGCG2GC2ATACGA2CA1CA1CGGACACG9CT2GCCG8ATTC2CT2GC9AC7GC3GC8GAGCGCCATA3GCGA7TCGA1GC2TATA-A3-C4-C-C-T-C-T-G-G-C-C3GC3TCAT4-A5CT5GC4GC1-T-G3GCAC2T-C-4TC3GCCTGTGTCG1GA2CG2AG2GA3GAGACA1GC3CGGT1GC2GT3GA1CGGC1CAAG1CGGT1CG-G4TGCTGT1C-8GCCATC3GC3CA1TC6CA1CTGT5GAG-G-1GCGAGA1TA2-A-G2AGTG1GC3GC4-T2-A-C9TCATCG2GC2CA3GA1GC5TCCT1GT3TC-A2CT1CT2CA4TGC-2GA11CT6GC1CG2TC13GC3GT5GCCAGCGCGA1GT2CGGTACCG3GA2GA1GCGAGC2TA3CTTGTCCG2CGGA5CT1GC1TA1GACGGC5CG2CA2CT3ACAGGCAG2GA1GC2-C1CG3ATAG1-G-C1AG3CA10CG9ATGCCG2GA2TC6TC4GT2GT2GC11CG10AT1AC1TC15GT1GTCG1TCCG1GCGACAGC3GACA4GA10CT5TCCA7CGGT4CT5GC1CA2AG1GTATTC1CACTGCGA2GCGT1GA2G-T-3G-A-2GC2A-4TC-T-G2GACTCT2CT4TGCG2CGGTCAGT4GAGACTGCGCGAGAGC3GA10G-C-1TG2-T-T3CT4AT4CGGC5AC1GCCTCT2CT2GAGA1GCGA3GA2CA6CGGC13GT2AT2TGTG4GA2CA7AT4GTCT6CTAC1C-2AGAC2-G6GCCAGAGA1GC5TCGT2GA1GC2GC1GCCG5GC2GC3GATGGC3GAGCAG5CG2CA8CG1GACG2GC12CT1GT2CG2GA2CG2CG2TC2CG3GA1CT2CTACAGGC3GA1GC14CG3GT13CG2GC2GT7TCCG5TC6ACCGGT2GCGTCG6CT3CGTC3CT6CGGCGC1TA3CT2CG2G-C-A-T-C-T-3CT1G-G-1GTGCGT2CT1GT1C-C-C-T-G-C-C-3C-T-T-CT1ACCA1GC3CGGACA3CT2GCCATCAC3CG7TC3GAGAGT8GCGC1-T1CTCA1TC2G-C-GA2TG1AGTC1TG1-G11CT2GC5TC1TA4GTCTGT2TC4GACA1GTCG5CT6CAGC3CT3GCACCG8GA2CG2CG10ACCT2CG5CG7
vOTU_066	NODE_159_length_11668_cov_853.141996	64.953	2043	7142	11668	4476	6459	1241	3224	2.70e-91	338	1327	11CT5CG1AC3CGAGGT1G-A-G-2GC2GC3-G-A-A3ACGT3TCGT3GC1ATACTC14TGTAGC3GAGTGCAG6GA8AG4GCGA7GC2TC3G-2-T-C-C2A-C-1CG5CG11-C-T1CGTC2GT3CA1AT1C-G-5GACT4ACCG2GA1TCGC9CT1GC4ACGC2AC3CAATAG3CGTCGCGAGC2AG1GA1GC11AC5CT7CTCG9CAGAGT9GAACGCCG1TC20GAAC2GACG2GT4-A-T-C-TGT2ACTC3-C-T3GC1-A-T-CTC2GA4CGTCGC2GA1AG1TCGT5GA10CA7CG1GC1GT2AGCG4CTAT2GCGTCTTAGT1AC1CA3-A2CT1G-3CAGC1GA1AG4T-GA5CGGCGA4GCAT2T-G-G-T-2TC2-G1CA2GT1-A1TC2GC1CTGCAG3CA1GA1GAAC1GC2CT2CG1AC2CT1GT8GCAGTG3AG3GCCG2CGTGGC4AGACAGCG2CGACGCCA4GCGACGGC4CTTG3AG1CG14CT8CG2TCCA1CT3CAGCGCAG1CG5GCGACA9GC3C-A-G-C-2GC1CA2-CGC3CGGT1GC2-C-T-C3CTAC6CT2CT2CG1GC3CG2CAGTACGA2GA3CG2GA4CTTCGA2GT2GA4GAGA5CTCT8GA2GA3AGAC4GTCT1GTGCCG2CG2CGGC1CG3AG1ATACGA4CA2GACACG12GCCG6CG1ATTC2CT2GA6CA14GC1CG2CG3GAGCGC2GC3GA6-G-G-T-C-C-G-A-C-A-A-C-G-C2GCGC2C-1TG1GCCG1CT2AG2GC1AC1TCATTG2CG5CG2GC7GC1-TCG1CTGC2GC1CGGC2GC4GTCTGC1C-4CG2AG5C-G-G-2GATGGA5GC1GC6-AGC3-G-G4CACGGCCG2CTGT4CG2CT3CATCGC2GC2AGCA1TC3AGGCCGCA2GT4CTGAGCGACAGC3TCTACTCG1AGTG1GC3GTCGCGGC5AC3TGCGGC1ATCG2GC2CT11TCCT1GT2GC1TA4-T-G-T3A-A-2T-CG8CG5CT6GC1CG2TC5GC2AG3CAGT3GT2GC3CAGC1GA1GC3GAAG3CTGT2GA1GCGAGC2TA3CGTGTCCG3GA9TAGA5CG2CG2CG6ACAGGCAG1GCGA1GC2GCCGCG2AC2-G-C-A1AG3CA1TC2TC5CG1CGCG6ATGCCG2GA2TC6TC4GT4CGGC5CG5CG2CT2CG1TACT1AT1AC1TC2CT2CT9GT1GCCG2CG2GACAGC4CA4GA10CT5TCCA5CG2GT10GC1CA2AGGCGTAT2CA1-C-A-T1GC2GAGT1GC2GCTG1CT2AC1G-G-T-G-A-G-1GC1TG2GACT8TGCG1AC1GTCAGT4GAGACTGC1GAGAGC3GA4CT6CGAGTGGTCT3CG4AT3T-3ACGT1GCAC2-A7-C1GA1GA2G-1GA6CG2CGGC1GA8TC2GC1CGACGTCA1TGCG6CG3GA1CG1AT3CGGTCT6C-AT1CT3AG2-T6GCCAGAGA1GC6GT2GA1GC2GC1GCCG8-C1GA1GA4-T2GC1A-2G-2CA2CT3GA1GA2CG1GACA5GA2GTAC5CT1GC5GA2CG5TC2CT2GC1TC4ACAGGT3GA1GC2CT8CT5CTGT10AG2CG2GA2GA3TCTACGAG1CG12ACCGGC2GCGTCG6CT2TCCGTC9CGCGGCGT1TA3CT2CA3-A1AG1CT2AT1C-T-G-G-T-G-G-G-A-T-C-C-G-G-C-C-C-1GT1CT3CG1TG1GC2G-G-GA2CGGACA7CG1AC2GCCA1CGGC4TC1GC2GC2GCCG5G-GC2C-CTCG3GC3TC1CGACTG1-G-G13CT2GC5TC1TA4GTCTGC5-G1GA1CG1G-7GA5CTGCCG6GCACCG11CG13AC4CA7CG4
vOTU_066	NODE_36_length_30711_cov_618.072253	64.584	2033	7142	30711	4476	6459	19203	21186	8.27e-79	297	1313	2CT8CT5CG1AC2C-C-2C-1ATGC2GC2GC3-G-A-A4GT4GT1CG1GC1ATACTC14TGTAGC6AG6GA8AG4GCGA7GC2TC3GA1GAGCACAGCA1CG3CA1CG11GCCTTG3-C-T3CA1AC3CGGAGT3C-G-3ATCT4TC1CG1GC5GCCT1GC4ACGA2AC1AG1CAATAG2CGCGTC1GTGC2AG1GA1GT14CT2CG7CTCG2GC6CAGCGC2GA2GC3GAACGCCG1TC11CGCA1GC6AC1CGGT3GT6GCAT2CGGC4GC1CG1GC1-G-A-T-G-C-C-G2GA1TC1-C-C4AGGCTCGTGC8GC2GC2GCCA9GC1GT2AGCG4CTAT2GCGCCTTAGT1AC1CA1GCGT2CGCT3G-1GA4-G4-A3G-3C-1GT1GC2GTAT1GCT-G-G-T-2TC2-G1CA2GT2-A4AGCTGC2CG1CA1GA1GAAC4CT2CG2GA1CTGTGT4CA3GCAGTG2CGAG3GCCG2CGTGGC4AGACAGCG2CGACGCCA4GCGACGGC4CTTG3AG11GA4CT5CG2CG2TCCA1CT3CAGC1AG1CG6GACA3CG5GC3-G-C2GACGGA4-T1AT1AC1GA1GTGCG-C-G-3CTAC9CT2CG1GCGC2CG4ACGA6CG2GA5TCGA1AGGT2GA4GAGA5CT9GA2GA3AGACCA2TCGTCT1GTGCCG2CG2CGGC1CG2GC2ACACGA3GCCA2GACACG9CT2GCCG6CG1ATTC2CT9CA10GC3GC1CG2CG2CTGAGCGC6GA8GTGC2-A1TATA3-C-G-C-C-G-G-T-G-T-C-G1CA2AG2GA1AC1TCATTC11GC7GC1CTTG1GTAC1GCTCCA4TCGA2GTCTGTGCCGCT3CG2AG6GAGACG1GCTC1CGCAGA4GT2CG2CGGC1CGAGT-2CT1CA2-A3GT1CT4CA3GCCA5GT1ACCA1TC3AGGC1CA1CTGT5GAGCGCCAGCGC2TGTA1CT1AGTG1GC3GCCGCG1GA1GC2AT3TGCGGT1AT3GC6GA1GC6CT1GT2GTTCTA4-T1CTCGACAT2TGC-2GA5CG12GC1CG2TC2CA9CGGT9GCCAGCGAGA1GC3GAAG2GC5GCGCGAGC2TA4TGTCCT5CG2GC4TA6CG2CGGT1CG2CT3ACAGGCAG1GCGA1GC2-C-G-G1CG2CGAGAGGA1AC3CA4TC2TC2CA1CGCG6ATGC13TC4GC4CGGC2CT2CGTA7CT4TACT1AT1AC1TC5CT5CT3GT2CG1T-C-1GA2-A-AGC4CA4GA16TCCA5CG1CGGT10GC1CA2AC1GTAT2CA1GCGA1G-G-G-GCGT2GA1CG3A-2GC1-G1AC2GC1TG2GACT3CT4TG1GAAC1GTCAGT4GAGACTGCGCGAGAGC5CG9CGAGTGGTCTCT7AT4CGGC4GCACCGGA7-C1GA1GA2G-1GA9CGGC13GC2ATGTCATCTACG3GA2CA5CG1AT3CGGTCT6CTAC1C-4-G1CT6GACGGCGA1GC5TCGTTA1GA1GT2GC1GCCG1GC8-A1GA1TC2GTCTGC1AC2G-2CA2CG5GA2CG1GACG2GC5GCAT5CT1GC5GA2CG5TC5GC2CG2CTACAGGC3GA1GC14CG3GTTA3CT5AG2CG2GC6TC1CG1TCCG6TCTA3G-A-1GC1GC3-T-G3GC5TCCGTC9C-C-G-G-T-T-C-C-T-C-G-A-3GC5C-A-1CGTA2TC1GAGCAC1CT3C-C-2GT1CT3CG1TGCAGT1CTGC1GC2CA1C-C-2CT3CA1AC2GCCACG1GC1CT2TC4GCGACTGC6G-GC2C-1CG1CG1GC1GA1TC1CGACTG1-G-G13CT2GC5TC1TA4GTCTGC5-A1GA1CG1G-9CA3CTGCCG5CGGCACCG11CT13ACCT2CG5CG2CG4
vOTU_066	NODE_125_length_13376_cov_612.034757	65.382	1479	7142	13376	4328	5753	11926	13372	2.53e-66	256	967	3GC1GT3AG5AGAC6GA1-A1CT1AT2C-6TCGCGTACAT3GAAC3GA2GCGA3GTCGGA1GC5GC9ACCG1GACT6CT1CG4CA1GCGA1GC8GC2GCCGGA3CT-C-T-G2GA3AGCT2GA1CAAC1AT2-A1ATGT3C-A-A-G-7GA2CT7A-G-A-3GACG1ATGC2GC2GC3TG1CA-T1GC2AC1GA1-T4ATATTC-G14TGTAGC3GA2AC2GC2CTGA8AG4GCGA10TC3G-2-T-C-C2A-C-1CG5CG5CG2GC2GCCTTG3-C-T3CA1AT3C-G-3GACT4ACCT2GA1TCGC2GC6CT1GC4AC3AC3C-1AT2C-C-T-4AT2GCCA2-A-C-C-C10AT5CT7CT10CAGAGT9GAACGCCG13CG5GC3AC1CGGT3GT6GCAT2-G-C-C-C-C-G1GT3GC1-A-T-CTC2GA2-C3TC1GA3ATGC1G-16CA7CG1GC1GT2AGCG4CTAT2GCGTCTTAGC1AC1-A3GA2CT1G-3CAGCCAGA6T-GA5CGGCGA4GTAT1G-T-2TC1CGTA4CGGTGCCA1TC2GC1CTGAAG1CT1CACT3AC1GC2CT2CG4CT1GT8GCAGTG3AG3G-C-1TG3CG2GCACAGAG1TC1CTAT2-C-A4GCGACGGC4CTTG3AG1CG14CT2GA5CG2TCCAAGCT3CAGC1AG1CG2GC2GCGACA9G-G-5-C1GACA3GC1GC1-GCT2GC1GCCT4CTAC12CG1GAGC2CAGT1CA1AC3GA3CG2GA4CTTCGC1AGGT2GACT3GAGA5CTCT5CT2GC5GTAGACCG3GTCT1GTGCCT2CG2CGGC1CG5ACACGA4CA2GACACG12GCCGGA5CG1ATTC2CT9CA14GC9GT7GA4-G-T-A-T-T-C-C-G-A1TA3GC3-C-G-GTGTA1GCCG1CG2AG2GC1AC1TCATTG2CG5CG10G-3CGGTAT2TC1-T4TC3GTCTGTGCCG4CA2AG6GAGACG1GCTC3GC7CG2CGGC1CGAG4CTCGGC4GT4CG2CG3CATCGC5AGCA1TC2C-A-G-C-1TG2CGCT1GT5-A-C-C-AGC3TGTA1CG1AGTG1GC3GCCGCGGC5AT3TGCGGCTAAT3GC2CG3GA1GC6CT1GC2GCTCTA4-T1CTCGACAT2T-CG2GA11CT6GC1CG2TC8AG3CAGT3GC5GCCAGC1GA1GC2CGGAAGCT2CT3GA1GCGA3TA3CGTGTCCA3GA4GT4TA6CG2CG2CG2CT3ACAGGCAG1GCGA1GC2-C1CGCT2AGAG3-C-C3CA1TC2TC8CT6ATGCCG2GA8CGTC1CT2GC2GC1CGGC2CT2CA8CT2CG1TACT1AT1AC1TC15
vOTU_066	NODE_401_length_6269_cov_16.398133	63.943	1811	7142	6269	4684	6449	29	1785	4.58e-63	245	1158	7CG2GA11AC3CA1CG7CTCG3TA5CGGAGT10AC1CG1TC2CT8CGCA1GT6AC1CTGT1CG1GT7AG5CG3TCCG-C-A-G-G-G-C-G-G3-G-G-T-G3-G-A-T4AC1GC2TGGC13AG14GA1GCAGCG4CT1CT1GC5AC1CA1GCGA9GACTGTATAC1CG2-A5GC1CG2C-1AT1GA2GCTG1GTTC1CGTCGC2CTCGGT4GT2AC1GTAT1CG1CGCGGCCAGA2GC2CTCT3AT1GA1GC2GTCT1CG1AGCGGC1TGCT1-G1AGAC1GAGTCGCATGCT4CG1AGA-A-4AG1CG3-G2GT6CTTG2GTAT1CG5CT5CT3CT5GTCGCT2TC2CG3CGGC1AG1CG5GCGACA7GCTA4CGAC2GTCG2CT1AG1ACCA1CG2-A-T-G2GA4AG2TC1AGAG3CGGA1CT2GC2CG2CGGC5CA1GCCGTA3-G-C-C-A1AG6GCCG5CTG-G-G-C-3CT9GC6AGACCG5CG1GCCA2CGGA4CG5ACAGGT1GACA1CA2G-1CGGTCA3CGGT3TCGA2-A5CTCG1AT3CT2GC3CA1GC8CTGCTA1CTCT3CG8GCCT4GA7A-T-2GA2TGTGTC3CG-A-T-G-A-T2AGGC3ATCGTCATTG2CA16GCCG2CG1ACCGGCTACG2GAGCTC5GA1CG5TACGACGATCGC3GC1CG1GCTC2CG5GA1CACG5CGAG1CG2CGCGGCCG2CTGT7CG4TA3GA2AGCG4CTAGGC1CATC2CTCT7GA3TGTGCT4ATGC9GT2AG3TCCG3CT5CGAT1GCGA1GTCT4TCCT1GT3TATCCG2CGGTCG1AGAC1CT1CG2GC2CT2CG2CT5CG3GTTG3TC14CG3CG3CGGC1GA1GA1GC2CT1AG2GCCG1CG2GAGCGA7CGTGTCCA2CG2CG3CT2ACT-3GACA1CT1CG1GT2-A2CG3ACAG1AG1GTGA1GT3-G-G-G3CG1ACGTCGAC5TGGAGCTC5CG2CA6ATGCCG14CT2GTC-C-G-8CGTAC-G-G-G-C-G-1CT2CG1TACT1AT1AC1TC2CT8CT6CG2CG1GCGACGGT4CA2TGCTGA4CG8CT2TCCA7CG5CT5GT1CA2AGGC3GAC-C-G-1CAGCGAGT1GC2GA1CG3AG1GT1TG1AG1C-G-C-4CTCT3GA4CG3GTCAGC3CAGA1CGGCGCGAGAGT8CG6CGAGTGGTCACT8CT2-C-G-A-C4-C2CA1AG2CG2AG1C-G-4GCCA4A-C-C-2CA1CACGGC7CG2TC1GA3ATGTCT1TGCGCTAG4CG8CT4CT6CTAC1CGGACA10GT2GCAT1CGCA4GCTA7CAGT8TA1GCAG2TCGC1GC1GTGTAG1AG3CG2CT3GA4CG1GACG15CT1GT5GACTTA7CG1CG3GC1CG8CG6CG4GC3GATACG2CTGC1CG8AG2CG6-TAC1CA1TG1ATTG2CG1TGAG1TA1C-4CAGC3GCCG3GC2CT8CG3CAGTCG1GA2T-C-CA2GTAG2CG2A-T-C-T-C-A-1CA3TC2GA2CA1GT1C-C-C-T-G-C-CG4T-T-C-G-1CG1GAGT2CG2CG6CG1AC3CG1CG2CT8GA1GCCG5GC2G-C-C-CTTACT4-C2-G-GTG3CG1CG3AG7CT8TG5G-1CTGA3CT3GCCA2CAAGCG2AG1-G2CT3CG4CT10GAGTCGGC2TGCT2CG2TC11CG3
vOTU_066	NODE_5_length_177758_cov_542.156812	63.354	1932	7142	177758	4574	6449	146888	145013	7.75e-54	214	1224	4GA1CT11CG1ATGC2AG2CT1ACCG1TC2CA1GA1CTGC3CAGC8CT2CT1GCCG4GA3GA1ATCG3AC4GA2TC3CATAGA8AGAGATGCCG1AG2CGCG7CG2GA11AC3CG1CT7CTCG3TA5CGGAGT10AC1CG1TG2CT8CGCA1GT6AC1CTGT1CG1GT7AG1CG3CG3TC-G-C-A-G-G-G-T-G-A-G-G-C-T-G4AT-G2CG2GAAT3GT1GT1-C-A-G-C-A-G-G-C-C4GA7AG1GC2GT5CG3GA1GCAGCG3GACT1CT1GC5ACCACA1GCGA1GA7GACTGTATAC1CG2-A5GC1CG2CGGT1GAGAAC2TGGTGCTG2T-3CTCGGT7AC1GTAT3CGCGGCCA3GC2CTCT3ACGCGA1GC2GTCT1CG1-G2GAAG1CTTG1AGAC1GAGTCGCATGCT4-G2A-A-A-4AG1CG3-G2GT6CTTG2GTAT1CG5CT8CT6GTCG3TG2CG3CGGC1AG1CG5GCGACA7GCTA4CGAC2GTCG4AG1ACCA1CG2-A-T-G2GC4AG2TC1AGAG3CGGA1CT2GC2CG2CGGC4-A4CATA1GTTG1AC2TGGT1AT1C-1GA3CGGC2CT3CTCT8GA6AGACCG5CT1GCCG2CGGA4CG2GA2-T-G-C-C3GAGT1G-C-T-3CAGA2C-1CT4TA1GCCA5CTCG1ATTC5GC3CA1GC8CTGCTA1CTCT3CG5CT2GCCT2CT1GT2CT4A-T-2GA2TGTGTG3CG-A-T-G-A-T2AGGC3ATCGTCATTG2CA16GCCA2CG1ACCGGCTACG3GCTC5GA1CG5TACGAC1TCGC3GC1CA1GC3CG1CT3GA1CACG5CGAG1CG2CGCGGCCG2CTGT7CG4TA2CAGCGT1AGCG4CT1GC1CATCCG1CTCT7GA3TGTGCT4ATGCCG6GACAGT6TCCG3CT5CGAT1GCGA1GC6CT1GC3TATCCG2CTGTCG1AGAC3CG2GC2CT2CG2CG2CT2CG3GTTG3TC14CG2GCCG3CGGC1GA1GA1GC4AGCT1GCCG1CG2GAGCGA1CT5CGTGTCCG2CG2CG3CT1G-1TC3GA-A2CG2CG2CA2CG3ACAG1AGCAGCGA1GT3-G-G-G3CG1ACGTCGAC5TGGAGCTC5CG2CA6ATGC9CT5CT2GTC-C-G-G-C-G-G-4CA1C-G-2CAGA1CT2CA1TACT1ATCTAC4CT8CG6CG2-G2GA2G-4CA2TGCTGA4CA11TCCA7CG5CT5GC1CACT1AGGC3GA2GCGACT1GCG-G-G-2GA1CG3AG1GT1TG1AG1C-G-C-4CTCA3GA4CG3GTCAGC3CAGA1CGGCGCGAGAGT5CG2CG6CGAGTCGTCACT8CT2-C-G-A-C4ACG-3CG2CG1ACCGCTGT4GCCA4A-C-C-4CACGGC10TC5ATGTCA1TGCGCTAG4CT5CT2CT3GACA6CTAC1CGGACA10GT2GCAT1CGCAGA3GCTA6GACAGT10GCAGGC1TCGC1GC2GTAG1AC3CG11CA1GACG15CT1GT5GACTTACT6CG5GC1CG8CG6CG4GC3GATACG2CTGC4CT8CG6-TAC1CA1TG1ATTG2CG1TGAG1TA1C-4CAGC3GCCG3GC2CT8CG3CAGTCG1GAGA1TA3CGGCAGCG3C-2CGTG1AG2T-G-G-T-G-1GT2C-CT3C-C-T-GACG1GA2CA1TA2A-C-G-G-G-G-C-C-2CG6CG1AC3CG1CG2CT10GCCG5GC2-T-A-T-G2CG1TA3C-G-A-T-TG3CG1CG3AG7CT5GA2TA5G-1CTGA3CT3GCCA2CAAGCT4-G2CT3CG4CT8CT1GAGCCGGC2TG3CG2TC11CG3
vOTU_066	NODE_5_length_177758_cov_542.156812	69.572	631	7142	177758	570	1186	150826	150210	2.71e-53	213	439	5GT1CT3GA1GAGC8TC3TC2CA1GC1GA3CT3GCCT1GA4CTAG-C1CG4CAG-8GCGA1GC12AG1ACCTGC3GC3GACGCT8AC2GA15GAA-T-3-T-G2GA2CT5TCCG1GC8AG5CT1GCCG2CG2CG2CG4AG1CTGCCG3GT1GACA1GT8CG8CTACAGGC3TGTCGCGACAGCTA6CA1GCCG2TC3GC11CT1AG-C4CA2ATTG1G-3CACT2CT4CT1GA1GC6GA8CG2AG1CGACCACG8CT3CA1GT5GCCA4AG3GT5G-3-T4TC7TCCG1GC2TACT2GC10ACAC8CT1CT3CGGA1CG2CTGATC13CT5GCGTCTGAG-5-G3GA4G-2CACT3AG-C1CG2CT2GT1-A3ACG-1GAGT3CGTC1TAGACG8CG14AG2C-G-A-3TG3T-T-C-3GC5GAAC1-G-G5GT1-A-T2-A-C6CG4CG4GACGTG1CG2CG2CGCT1CTGT1ACGA8CG2AC1CGCGTC1AC1CGAC1CG1CT6TGCT1TG12
vOTU_066	NODE_1913_length_1763_cov_49.166862	64.229	1381	7142	1763	4476	5812	1453	96	1.40e-50	203	887	17CG1AC2CACGAGGT1GAACGC2GC3AGCACA3ACGT4GT3GC1ATACTC2CT5CG5TGTAGCCG2GA2AC2GC3GA8AG4GCGA7GA6G-2-T-C-C2A-C-1CG5CG8GC2GCCTTG3-C-T3CA1AT3CGGAGT1G-G-5ACCG4TCGC2GA2TC2GCCT1GC4AC3AC3CAATAG2CGCGTCGCGA3AG1GA1GC11AC13CTCG8GACAGAGC9GAACGCCG1TC5CT15AC2GACG2GT4GA1GCAT2-G1GCGC2GCGT2-C-C-G-A-T-C-C-T1GA3GCCGTCGC4AGGTTCGT5GA3GC6CA7CG1GC1GT2AGCG4CTATCT1GCGCCTTAGT1AC1CA1GC1CA1CGCT4CAGC1GA1AGAG3-A4C-3G-GA1GC2GTAT2T-G-G-T-2TC2-G1CA2GT1-A1TC2GC1CTGTAG1CT1CACT3AC1GC2CT2CG1AC2CT1GT4CT3GCAGTG2CGAG3G-C-1TG3CG2GCACAGAG3CTAG2GCCA3GT1-A-GGC4CTTG3AG1CT11CT2CT8CG3CTACCT3CAGCGAAG1CG5GCGACAGA2CG5GC3C-A-G-C-2GC1CA2GC1CAGC2GT2-C-G-C-TGC3CTAC12CG1GC3CG2CG1AC7CG2GA5TCGA2GT2GA4GAGA5CTCT2TC2CT2GC2GC3AGAC4GTCT1GTGCCA2CG2CGGC1CG5ACACGA4CA2GACACG9CT2GCCG6CG1AT3CT9CA14GC1CG2CG2CTGAGCGC2GT3GA4CG3-T-C-C-G-A-C-A-A-C1GC3-T-G-G1TG1GCCG1CA2AG2GC1AC1TCATTG2CG5CG10G-3CGGCAT2TC1-A2GA1TCGA3CTGTGCCG4CG2AG6GAGACG1GCTC1CT1GC7CG2CGGC1CGAG4CACGGCCT3GT1CT4CG3GCCATC3GC2ACCA1TC3AGGCCGCG1CGGT1CG3GAGC1CAGC3TCTA1CA1AGTG1GC3GCCGCGGC5AC1-G-G4GT1A-C-2GC2CG3GA1GC5TCCT1G-G-2TCTC1CA2GT1CTAGAT2T-CG3-G-T-A5CA5CT6GC1CG2TC1GCCA2GC2AG3CAGT3GC5GCCAGC1GA1GC3GAAG2GACTGA2GA1GCGAGC2TA4TATC3CGGA4GCCT3TAGA2GT2CG2CG5CT3ACAGGTAG1GCGA1GC2-C-G-G4CGAGACGA5CA1TC2TC5CG1CGCA2CT3ATGCCG2GA9TC4GT4CGGC5CGTC4CT2CT2CG4AT1AC1TC15GT1GCCG2CG1GCGACAGC4CA4GA17CA5CG2GT4CT5
vOTU_066	NODE_260_length_8730_cov_834.544323	64.861	1329	7142	8730	4476	5753	1303	5	1.40e-50	203	862	2CA8CT5CG1AC3CGAGGT1G-A-G-2GC6-G-A-A3ACGT4GT3GC1ATACTG14TGTAGC3GA1GCAG5CTGA8AG4GCGA10TC3G-2-T-C-C2A-C-1CG5CG5CG2GC2GCCTTG3-C-T3CA1AT3C-G-3GACT4AC3GA1TCGC2GC6CT1GC4AC3AC3CAATAG3CGTA1GAGC2AG1GA1GC11AC5CT7CTCG9CAGAGC2GT6GAACGCCG4CT8CG8GAAC1CGGT1CG1GT7AT2-G-C-C-C-C-G1GT3GC1-A-T-CTC2GA4CGTCGC4AG1TCGT12GA3CA7CG1GC1GT2AGCG3GACTAT2-CGCGTCA2GC1CA2G-1CA1CGCT4CAGC1GA1AG2C-G-T-G-2CAGT4CGGT1GT2C-2GTGCTG2TC2-G1CA2GT2T-GA2AT1G-1CT5-A-T-A2AC1GC2CT7CTGAGT8GCAGTG2CGAG3G-C-1TG3CG2GCACAGAG1TC1CTAG2GCCA3GT1-A-GGC4CTTG3AG1CG14CT8CG2TCCAAGCT3CAGC1AG1CG2GC2GCGACA9GT2-A2A-G-1GACA3GC1-C1AGCT2GC1GCCT4CTAC4AG1CT5CG1GC3CG4ACGC2GC3CG2GA5TCGAGAAGGT2GA4GAGA5CT6CT2GC5GTAGAC4GTCT1GTGCCG2CGGC1CGGC1CG2GC2ACACGA4CA2GACACG9CA2GCCG6CA1ATTC2CT9CA14GC1CG1GTCGAG1CTGAGC7GA4CG3-T-C-C-G-A-C-A-A-C1GC3-T-G-G1TG1GCCG1CG2AG2GC1ACCT1ATTG2CG5CG2GACA6G-3CGGCAT2TC1-T4TCGT2GCCTGTGTCT4CG2AGGA1GT3GAGACG1GCTC3GC7CG2CGGC1CGAG4CGCGGCCT3GT4CG2CT2GCCA1GC3GT1-C-A2AT1TCTG3CTCG3C-C-3GAGCGCCAGCGA2TGTA1CG1AGTG1GC3G-C-3-C-A4AT3TGCGGC1ATCG2GC2CG3GA1GC5TCCT1GC2GCTCTA4-T-G-T3A-A-2T-CG8CG5CT6GC1CG2TC2CA2GC2AG3CGGT4CT4GCCAGC1GA1GC3GAAG2GC4GA1GCGAGC2TA4TGTCCA3GA4GA4TA1GA4CG2CG2CG6ACAGGCAG1GCGA1GT2-T-G-G3-A-G3AC1CA3G-C-4TC15ATGCCG2GA2TC6TC4GC2GC1CGGC2CT2CA8CT2CG1TACT1AT1AC1TC15
vOTU_066	NODE_3618_length_926_cov_9.871412	65.546	833	7142	926	4998	5812	2	831	1.31e-44	183	546	4CTTG3AG1CG14CT8CG2TCCA1CT3CAGC1AG1CG5GCGACA9GC3CGACG-1GACA3GC1-C1AGCT2GC1GCCT4CTAC4AG1CT2CT2CG1GC3CG4ACGC2GC3CG2GA5TCGA2GT2GA4GAGA5CT6CT2GA2GA3AGACCG2TCGTCTCTGTGCCA2CG2CGGC1CG2GC2ACAGGA4CA2GACACG12GCCGGAGA4CG1AT3CT9CA7CTGA1GC3GC1CT6GAGC6GAGA4CG3-T-C-C1GAGC3-G-C-C-G-C1TG2-A-T-C-G4AG2GT1ACCA1ATTG2CA5CG2GC7G-3CGGTAT1GTTC2-G3TC4CTGTGCCG1GA2CA2AG2GC3GAGACG1GCTC3GA7CG2CGGC1CGAG4CACGGCCG2CTGT6CG3GCCATC3GC2ACCA1TC3AGGCCACG2GT3GA1GAGCGCCAGC3TATA1CG1AGTG1GC3GTCGCGGC5AT3TGCGGT1ATCT2GC2CG3GA1GC5TCCT1GT2GCTCTA4-T2CGAC3TGC-2GA8CT2CT6GC1CGAC1TC1GCCA5AG3CAGT3GT5GCCAGC1GA1GC3GAAG3CG3GA1GCGAGC2TA3CATGTCCT3GA5CT3TAGAGT4CG2CG2CG2CT3ACAGGC2GCGA1GC2GCCGCG2AC2-G-C-A1AC3CA1TC5TC12ATGCCG2GA9TC4GC2GC2GC6TACGGT5CT2CG4AT1AC1TC15GT2CG1TCCA1GCGACAGC3GACA4GA17CA4GCCG2GT4CT5
vOTU_066	NODE_636_length_4598_cov_1607.758089	66.197	781	7142	4598	5706	6471	5	748	8.29e-41	171	517	6G-1CT2CA8CT2CG1TACT1AT1AC1TC15GT1GCCG2CG1GCGACAGC4CA4GA16TCCA4GACA2GT4CT5GC1CA2AG1G-A-1GT1CGGA2GAGT1GCG-2GA1CG1GC1A-2GC2A-2GC1T-4-G-A-T8TGCG1AC1GTCAGT4GAGACTGC1GAGAGC8CT6CGAGTGGTCT3CT4AT4CGGC2GA1GCACCAGA4CT2GC1-A1GA2G-1GA6CG2CGGT13GC1CGACGTCA1TGCG6CA5CG1ATCT2CGGTCT6CTAC1C-3AG3-T5GACGGCGA1GT6GT2GA1GC2GT1GC12GAGATGGC2CT1GC1CTACGT2CA2CT5GT2CG1GACA5GA2GC6CT1GC5GACT1CG5TC2CG2GT6ACAGGT3GA1GC8GC5CG3GT4CT5AG2CG5GA3TCTACGAG1CG2CT2TCTCTA3G-A-1GC1GC3-T-G3GC6CGTC10CGGCGC1TA6CA2-AGA1AC1CG2ATGT1-A-T3TG1GT3C-C-G-3C-T-G-C-C-G-G-G-C-T-T-C-G-A-C-G-G-G-3GCCA7CG1AC3CA4CT2TCGA3GCGC1GCCG5-C-A-A-C1GTAG2CACATA1GT3ACTGTG1A-T-C-T-21TC1TA4GTCTGC3C-3GCCACA2-A1CG4GA5CTGCCG5CGGCACCG11CT5TC7AC4CA4CG2CG4CT1CT2GC3GC2
vOTU_066	NODE_13103_length_373_cov_42.553459	69.164	347	7142	373	5886	6228	31	373	1.08e-26	124	240	5CG9CGAGTGGTCT8AT4CGGC4GCACCG8GC1-A1GA2G-1GA3CACA1CG2CGGC13GT2AG1CTTGTGCG6CA7AT4GTCT6CTAT1C-2AGAC3-T5GCCAGAGA1GC2GA3GTTA1GA1GC2GCCGGACG2CT2GC2GC3GATG-C-G4GC1AC2G-A-1CG2CT8CG1GACA2GC2GA2GCAT5CT1GC5GA2CG2CT2TC2CT2GT1TCCG2CTACAG4GA1GC14CG3GT4CT2GC11GA3TCTACGAG1CG12ACCGGC2GCGTCG3GC2CT3CGTC8
vOTU_066	NODE_9146_length_458_cov_2.550868	70.303	330	7142	458	5906	6230	134	458	3.77e-26	123	232	8AT3T-3ACGT1GCAC1-A8GC1-A4G-1GA6CG2CGGC10TC2GC1CGACGTCA1TGCG6CG3GA1CG1AT4GTCT6CTAT1C-2AGAC3-T5GCCAGAGA1GC6GT2GA1GC2GC1GCCG8GC2GA-A1TC2-T2GT1AC2G-A-1CGGA1CT8CG1GACA8GC6CT1GC5GA2CG2CT2TC2CG4TCCA3ACAGGT2CTGA1GC8GC5CG3GT10AG2CG2GT2GA3TCTACGAG1CG12ACCGGC2GCGTCG3GC2CT3CGTC10
vOTU_066	NODE_937_length_3504_cov_226.351406	81.250	112	7142	3504	6349	6459	158	268	1.23e-19	101	91	13CT8TC1TA4GTCTGC5-G1GA1CG1G-7GA5CTGCCG6GCACCG11CG5TC7AC4CA12
vOTU_066	NODE_37064_length_246_cov_1.005236	77.311	119	7142	246	4550	4668	106	224	1.83e-17	94.2	92	6AG7CA3CG3AG1GC2GC11TC2CGGCAG2ATAGCA1CG5CGAT1CT9CA4GC3TC3GT3CGGAGC10AGTC3GC13
vOTU_066	NODE_110_length_14291_cov_1190.374965	69.170	253	7142	14291	2639	2886	537	290	7.77e-16	87.8	175	5CT14CT3CATC4CGAT5TAGT4AC3T-G-C-2CA1TA4-A-C3GT2TG1ATAC-G3CA1GAAT1GC2TC6GC7TC4CG4GA1GTACCGGC1GTCT2GCACGT2GC3AC1GA2GC5-C4GA-T1AG2A-G-1GC6ACCT1AT1GCCTAG10CA1GC1CT3GCAGCTGC2CT2GC3GATGGCCT13CT7AC1AGCT1AT1CGCG4CT2CT12
vOTU_066	NODE_7364_length_526_cov_21.443737	74.839	155	7142	526	1833	1983	217	68	2.71e-15	86.0	116	5CTCG5CT2CAAC4GT3GA5GT1-C-A5-A6A-T-T-6-T4C-2ACCGAG1ACTGCT17GC3GC1CG9CA8AGAC6CT2CG2CT3TCCG3CG2CT2C-2CA1CAGC6
vOTU_066	NODE_16317_length_331_cov_2.333333	72.667	150	7142	331	6310	6457	331	184	1.40e-12	77.0	109	9GC10GC1-T1CT2TC2GAC-G-2TG1AGTC1TG1-C11CT2GC5TC1TA4GTCTGC5CG1GACA1GTCG2CT9CAGC3CT2CGGCACCG11CG2CG8GC1ACCT2CG5CA2CG2
vOTU_067	NODE_5_length_177758_cov_542.156812	73.023	430	7007	177758	3814	4235	154597	155021	1.79e-55	220	314	10GACA2GC8GATA4GC2GC11GCGTCG8AC9GA2GC2GC2GA2GC2GC2GC17GA2GA2CG1ATAG2GA15TGGCGC1TC3CG1CT2C-1AC2-A2GC8CATC1CG5CG1GAGC7CG9GC1GACG2GC2TC23-ACTCT3C-6GCGTTG2AG1CTCT1CG4GC1GT4GTCT1TATC9GAAT4GA4GACG1ATGC1G-5-G-A5T-2CT3GA1-C-C-GTC1GA5CA1GT3GC3GCAT5TG3GA1AC6GC1GA6TC2GCTGTA3GA2GC1CACG5ATTA1GA4GCGA2GC1GC2-C1GA1TC2G-GC6GTAG2GT5CA3GA2
vOTU_067	NODE_5_length_177758_cov_542.156812	67.713	669	7007	177758	1104	1758	152351	153003	1.57e-43	179	453	4CA3TC1T-G-7GTGTCT2GA6CG1CT4TG4AG2-G3C-2CACT7GC9GC1CG1TCGA2GA2AC2GC2GA1AGGC11AGTA1GC19CG1CT2TG4GC3AG5A-G-3GT1AGGC6-C-A2GA2GA2GA5GC5CA1TA2ACGACTCTCG5GA5CG14CATACTGC1CG2TC4AT11GCTG4TGTG1GT1GA2GC2AC-G2GA3G-G-2GT1AC1-A3GC1GAAGTA1GCTCTGGC2GA3GAGT8GT9CG2GA1T-1TG3TGGTCTGTCT2-A12GA3CG4CGTGGCCG2GA4CT3CG1TC2CGGC2GA5GC5GA1TCCG1GT1GA1GA2G-G-5-C-A-T-T-C3CG2G-3G-G-3CT4GC3TGGCAT4TACT1ACGC2GAGTTA3GC1CGCGCT8AGCT4GA1GCTGTACT1CG6GC1TCGCTGCG2AG2TC2TGGA2GC2TC2CG6GT3CTCG2GA1TCGA2ACCGTC2CT3GC4ACGC1AC4TGGACTGCCG6C-G-1CT2CTTC3CACA3TG1GC3-C-C1TG5GCGC2GC1TCAG2GA1CAGT8GA2GC6G-2TC3-C5GTCTCG9TCATGC5
vOTU_067	NODE_5_length_177758_cov_542.156812	66.122	490	7007	177758	6035	6507	156503	156984	2.33e-22	109	324	7GC2GC3CGGTGT1CT1CT11GC1AC2GC1GTCG5CGCGTCGTGT1CT5GA5AGGCCG1CG1TACT5ACTA4GCA-A-A-8GTGTGCAC-A-C-C1GTTC5TC8TC2GA3CA10GA8GCTGAGGC2GC5CGGCCTCT2GC2AG2CA1CG2ACGC2GA14CT5AG2-C-G3G-A-1CG4GA3ACCTGTCG3GCTC2ACTC2ACTC1GTAT4-C-C2GC2CT1CGCG2CG1-CAG1AGTCTACG2CTCA1AC2CG5CG5CATACAGC1TC12GCGA1GC1CGGACT1CA1GTCG2CT3GC10GC1-C-G-C-GTC1CT4AC2-C-C-G4TCTACA1C-C-C-3CT2-C2-G2CT2GC3ATGCCG2CG8TC2CG5CG16ACGC11GC2CG1GTCG1GC3TGTGGT1CTGT4TA1GC3GTACCG2CT5TC2CG1CG4CA4
vOTU_067	NODE_5_length_177758_cov_542.156812	69.508	305	7007	177758	2543	2842	153692	153979	2.84e-21	106	212	7AG2GT2GC2GC1CG3GC1TC6GA2GC2GC1TG3CGAG1CA3CA3G-C-5GC2GTCTC-C-G-G-C-6T-C-3CTGT5TC2GATG3CG2GAAT1AG14GA2GA1CT6GT5GC1TG4TGGCGC1ACAC8C-C-C-8TC1TA2ATTCCT5-A-A-T3GC4CT3GAATCAGC5CGCTGTCGCG1AG4-C1GC3AC1GT1G-1GTTC3GA2CG9CT2CG4CG2GA8GC6CTGT2T-G-2GC2C-G-5CG5-T7
vOTU_067	NODE_8145_length_492_cov_16.004577	83.077	130	7007	492	3813	3942	133	4	1.68e-30	136	108	11GA3GC8GATA4GC2GC5GC5GCGTCG8AC9GA2GC2GA8GC2GC17GA2GA2CG1ATAG2GA15
vOTU_067	NODE_4785_length_725_cov_21.505970	67.146	487	7007	725	6035	6507	685	204	5.85e-30	134	327	7GC2GC3CAGTGT1CT4CT8GC1AC2GC1GTCGCA4CGCGTCGTGT1CT11AGGTCG1CG1TACT5ACTA4GCA-A-A-8-C-T-C2GCAC1GTTC5TC11GA3CA10GA5CT2GCTGAGGC2GC5CGGCCTCT2GC2AG2CA1CG2ACGC23AG2-C-G3G-A-1CG8ACCTGTCG3GCTCCG1ACTC2ACTC2AT4-C-C2GC2CT2CG1CTCG1-CAG1AGTCTACG3CA1AC8CG2GA2CGTACAGC1TC12GCGA1GC1CGGACT1CA1GTCG2CT2CGGC10GC1TCCG1-G-C-T-T4AC1-GACGC2TGTG3CACG1CG1GT2TC2-A2CT2GC3ATGCCG2CG8TC2CG5CG16ACGC11GC2CG1GTCG1GC3TGTGGT1CTGT4TG1GC3GTACCG2CT5TC2CG1CG4CA4
vOTU_071	NODE_6_length_143912_cov_589.700758	68.532	1608	6393	143912	3225	4802	143382	141806	3.58e-146	521	1102	5TC2CTGT1TC5TC3GT1GC5CG5CGGATCGCAG1GA2TC3GACGTC2CG2TC2CT5AGTA2GA1CGGCCA3CTAT2AG1GCCG1CGGC10GC2GC2TC2TG5AT2GCAGAG14TCCAAC3GATA1ACAC2CG4CTTG9GT1AC2GC7CTCG2ACGA1GCAG4AG1GC3GC2CG10AT4GC-A6GC1AT1CG1ACT-2CACT1CT11GC8TCTACGGC3GA1GCTGCTCG6AG1CG3CA4GC2TG5TA6ACCAGA2TC12AGCTCT2GC2TCCT1TC3AGGACA3TC1CG2GC5CG2TCCA1AC2CG3C-3A-3-G-A6TC2CGGCCG4CG2TACGGC8GA2AG2CT2TG2CG8GC2CT1ACCT8TG3AC1-G-T1AGGA2TCG-A-5CG5GA1GC3TA1GCCACACG3CG1GA5CG2GC2GATG1CG14CG2GTAT2GATCCG1GC3GA2TCGACATG5CT5AG8GCCT3CG6CT4AG6CG5AG2CACA1GC11CT2CG2CG2GC8TC5TC17TG6CG2GA1TC5TC1AGTG2AG2GTGC1CG2CG2GT3TG-C3AG1TA2G-1TG8-C-G2CAGC1T-C-3AG1TC6GATATGCGGCTG11TC14CT4G-G-A-1GC3TGCG3-T-A-T4TGCA1GA1CTGC3GA1CT2AGGA1GA1CG2TG2CG1TACG2GC5GC1TCGC6GAGTTGCA7AC11CGGACA1TGCTCG1CTGT2GCACAG6GTCG5GACGGC3GTAC1CTTC4ACCT1AT4TC4AG1AC2CT4CG3CA1GCAC1CGGC2GACAAC3-A-C1TG3-A2AT1C-A-A-10CGGC9AT1GC3CA1GC2CG2TA11GC1CGGC2GCTGCG6CTGC1CG4CGCT6GT1GC1TC1AGACTGGC4CG2CG2GA2CT17CG8TG2GA2TGGT1AC3AC1AC2TC8CA11TG2GA5GC4TC3GC11CG2TC3GATC9TG5CT5CG11CG1GA2CGAGTCGA2GC1CT3TG3A-A-G-2GT1TATA2-A-T4GCAG1G-3C-4C-2CG1CA1T-1AC3TGCTGTGT1ACAC4GT2-T1TACT1AGAT1TA2CGTAGCAT4T-C-GC6CTGC3-C-C-G1AT1ACTCTG2AG1TCTACTGT2AG1TA1GT3GA2G-1TG3-TGT4AC1GC3-A-C-A4TACA1GT6C-A-A-2CG1CGGC3TACACTAC3TC1CT3ACACAT1CG3CATCGC2TCTACAGC2TC2CG5ATGC5T-3-G-G-C3AG4ATTCGA1GT3TG4GCAG5CG5TA4GC2GC7ACCG2TCCATCGC2CT8CG3GA1TC2TG5CG3GA7CT2ACAC1CA5TC2CG11TACT7TC2C-2T-G-TA4-T-C-T7TGCGAGCACA11
vOTU_071	NODE_2130_length_1563_cov_547.698939	70.082	1220	6393	1563	1380	2570	1	1212	2.26e-142	508	855	3GA5CT1GCGC8GCTACGGC2GC2TC2CT2TC2CT11TCGC1GT6GT1CG8GTATACCG5TG2CTGT1TC2AG2CG2CG3ATCTGT5TCGATATA2GC2GC2CGGCCA10CG1TG1CG1GATGTC2CT2CAGAAGGC6C-2CA2CG1GTA-1GAGA1T-T-1GC3CG4TA2TG1-G-C-A-G7CGGTGC6TC3TC3AT3CGCA1GT2AG2TA2TG2GC1CTGT2CG1GCCGCA2GA1GCAG7CG2GATG5AT1CG2TC8TC2GCCG1GCGA1AT2CGTC4TG8CT5GCCG1CT3CA4TG8TC2CT5TC5CGGCGC9CT2TC2CT2CG5CGGA4GA3GA5AGGC3TG1GATG5CG17GA2TG8CT2CG2CT5-C2AGTAGC1GT1GTCG1GC1T-2GA1TC3GA1CT2TC2TC2GA2CT3AC1TG3GC2-A3GA1T-5GT2CG8GA3AC4CTGA1GATACGTC5TC2TC5GT2GT2TG2TC2TGGT7GC2CTG-1CA2CT1-G7AC5AG2CT5GC4TCCT5CGCA1TGCTATTC11GT8GA2TC2GC1GCCG14CT1-C-C-A4-C-G-A-G2CG3-A-T-C-C4ACTC-G1AG2TC1GT2GA5GCAGCTGCGC3GA10ATAC3CT1ATTC5CTACAG9GC2TG8TG2AG2GA5TC2GA5CAGT4TCTCCAGA8TC8TG3CT1AGAG7CG20CT2CG2TG5CG5CT3TACG1CT10GC3AG1CG8CG3CAGACG2CG6GA1GT2GA5AC3GA11AC1GTGTCGTC1AGCG7AGCG1CACA2CG2AG2CTAT2AG1CGTC2GACT4ACTGGC5GTAC1CG5TA1ACTC2CT2-T-G-A-G-G3-C3CA1AC1TC1-T-T-G-G5C-3CT5TC8CGGC2CAATAG6CA1CT6CGACGC2AG4CTCT2CG2CG8GT3AC1CG2CATG4TG2GT14GA2CG2CT5GA2TC2CT1ATTCAGGA1GA1CT2GA2GC2GC3GT4GA2CT5TA5CG2GA5
vOTU_071	NODE_89_length_15277_cov_411.056891	66.776	915	6393	15277	3530	4414	9571	10447	1.43e-43	179	611	16TACGGC2TCCT1TC4GA6CG2GC3GA4T-4GCCGGATATC5GT1CGTG1-G6GACG5TG3TACGGC2CGCA1GC3-A-C2AC2CT1-G1TC5-A3-A1AG1GT3G-A-9TG-G3-G-A1TC1AC6T-C-A-5GTGC3GCTG1C-1CG3CT-T3CG1GA6AT1GT3TA1CG11GAGACG1CATCGC2CGGCTGCG5GA2TCGACATG2AGGTGC6AG5AC2GCCTTA4GA-C3TAC-3AGA-C-2GA2-A-G6AG11TC2CT2CT2CG2CG2GC2TCGCCG1CGGA6TC1ACAG1TC1AGTC5AGGCGACTTG5GTCG2GA1TC5T-G-A-T-4TCGT2C-G-C-C-C-5T-T-G-C-4GT4GCCT1-T1GCGAGATC9AG1TC2-A-G-A6TGCGGCTC11TGGAACTC9CATC5-C-C-G-G2AC6C-2CA1CG2TG1CG1T-2T-C-A-G-C-3AGGA3CG2TC3CATACG2GC5GCAGT-3-T5GC9ACAGAT3TG3GA2GACACTTG1-G-A3GC4A-G-5GTCG1GC2CG1CG3CT2-G4G-4GTACCT3TG6AG2CT4-T-T3AT2G-A-4GC2AG3GC1CTAGGC3GCCGATAG5GC3GACGGC11GC2GCCT4CT2TA5CTCA1GC2G-G-3AT1TA1-C-G2GAGC3GA7CT2TC6AG1CTACATTGGC4CT2CG2GA8CT5CTATGCCG8GC2TG2GACA1TG2AG3AC1AC2TA18CAGTTG8GC2CTAG1CG11CTGTCG3TC2GT6CTAGCG2TC5CT4GTCG2CTGC4TG4GA1-G5
vOTU_071	NODE_89_length_15277_cov_411.056891	68.108	370	6393	15277	1564	1926	7636	7998	1.74e-23	113	252	2TC5GC2CT5CA2TC2TC2TCTA4CGCA4AG2TC1CA1GACTGT5CG2CG5GC2CA2CT8CT2CTAG1CG2TG1TCGCG-A-1AT1TA2GA3-A-A2AC2CGTCTC3TC2GT6CT25-C-A1GC2AC4-ATA1AT2TCCG3AGAGCG4GT1TAAT3C-G-T-C-2-A3CT2CG5CT5GCAGGACA2TC2TACA1CGGC1CG15ACACGTGACGTC6ACCACT3GCTACG2CT2-GTA1AC1GA2ACGC1GC1A-TC7CGGA1CT2TG5GTGC1CG2GTAT1TG7GT1GACATG3CT3GC6GT5GTAC16TG2TC3
vOTU_071	NODE_89_length_15277_cov_411.056891	67.601	321	6393	15277	4613	4927	10646	10960	9.04e-21	104	217	2TC2CG6GA5TC6AG8GC3TACA3GTAG1TA1CA7TA1CTCG1GC2GC3GTCA6T-C-T-1TA2GA4CG1TG1GT2GC1TGGA-A-G-T1TC3GCCTCT5CA2CA5ACATACCT2TC2TC3GCCTTG2CG6CGCAGC2CG2TC2C-G-A-3AG4GT2-G-A-G5AGCACT12GACGGCGA2CGTAGT1CTGTAT7TC2CG1AC2TC13GACAGT2TC3GAGAAG3GACT2AC2AGAC3GA7AC5GC3CA1GT2TC1CT6CT1CTTG2TG5CG5TG4
vOTU_071	NODE_24_length_41240_cov_653.001093	68.018	444	6393	41240	3951	4385	24938	24504	1.53e-30	137	302	10CTTC12CATACG2CG2GTAG1GTCGCGTATG3CTCGCA1GC4TACT1TC2GC4ATGC3CA2TC2CG2CG3AC4GC1TCGC5GA3CA1GC5AGACAGGC1CT-C-A5TGCT1CA1T-C-C-G-C-7TATA10GC6ACTG9AGCT3TC2AGCA1GAATTGTG5C-2AC1T-G-1AT4-C-C-C7TC1AGGC3GTCGATAG9GT4CTAGACGCCA2AT5CG7TA5CT2GC1-G1GA2GTACAGGATC2-G-G5CT3TATC11-G3TGC-1ATTC1CA2TG8AT9GC2CGAG2GACA1CG1AG5TC3CG1TG1CA4AC2GTACTC8CT3CGTAGC3CGGTTG2GATA7CG17CT2TCGTCTGCGA4TC5TC3
vOTU_071	NODE_6818_length_554_cov_31.729459	67.304	471	6393	554	3951	4409	14	472	1.86e-29	132	317	10CTTC12CATACG2CG1GC2CGG-C-C-T-T-4CG4-G-A-T-T-T3TACT1TC2GCCG2GTATGC3CT2TC2CG2CT3AC4GC1TCGC8TCCA1GT5ATACAGGC1CTT-C-1GAGTTC3CG2CAG-4GC3TATA10GC4CT1ACTG9AGCT3TC2AGCA2ATTGTG5C-2AC1T-G-1AT4-C-C-C2AC4TC1AGGCCT2GTCGATAG9GT5AGAC1CA2AT5CG7TA9AT1GC-A-G-C2GC1ACGCTCCG6CT3TATC9-G5T-CG1ATTC1CA2TG3CT4AT9GC2CGAG2GACA1CG7TC3CG1TG1CA4AC1ACGTAC3CT9CGTAGC3CGGTTG2GATA7CG17CG2TCGTCTGTGA4TC2CT2TC3GTCGCG1AT2GACG5GT2TC2CG3
vOTU_071	NODE_39_length_29241_cov_550.532550	67.494	443	6393	29241	3951	4385	18516	18950	6.09e-23	111	299	10CTTC12CATACG2CG1GC2-G2CG1TGT-3CTCGCA1GC4TA2TCCG1GC3GAATGC3CA2TC2CA2CG3AC4GC1TCGC8TCCA1GC5AGACAGGC1C-2CAG-G-2G-1CG1CGCT1-A1GA2GA3TATACT9GC6ACTG9AGCTGC2TC3CA2ATTGTG5C-2AC1TA-T-C1AC2GC2GC2A-1CA1TC1AGGC3GCCGATAG5GC3GT5AGAC1CA2AT5CG4CG2TA2GC6AT1GC-A-G-C4AC1TCCG6CT3TATC3CT7-G3TGC-1ATTC1CA2TG3CT4ATCT11CGAG2GACA1CG1AG5TC3CG1TC1CA4AC1AGGTACTG8CT3CGTAGC3CGGTTG2GATA7CG17CT2TCGTCTGCGA4TC5TC3
vOTU_071	NODE_1916_length_1761_cov_226.302462	75.969	129	6393	1761	1303	1430	1630	1757	2.43e-15	86.9	98	2CG2TC2CT2TC8TG2TC2TG11TG2ATTG1GA2GA11C-1TA2-G4CG2GA2CG5GA5CT1GCGC8GCTACGGC2GC2TC2CT2TC2CT11
vOTU_071	NODE_2819_length_1184_cov_10.002657	94.340	53	6393	1184	6340	6392	1179	1127	2.95e-14	83.3	50	8GA26GT11CA5
vOTU_071	NODE_64607_length_111_cov_4.928571	89.474	57	6393	111	6330	6386	63	7	1.26e-12	77.0	51	9AT7AG21AG2CT1TCGA11
vOTU_071	NODE_36_length_30711_cov_618.072253	76.531	98	6393	30711	2473	2570	7086	7183	1.53e-11	74.3	75	5CATG1CG7TAGA6CAGCCA2GA3GA17AGGA2TC4ACCAGACG7CG2GA6GCCG3CA5GC5
vOTU_071	NODE_2325_length_1436_cov_25.391745	87.719	57	6393	1436	6330	6386	1180	1124	5.34e-11	72.5	50	7AT1AT7AG21AG2CT1TCGA11
vOTU_073	NODE_1330_length_2527_cov_56.988269	91.358	81	6209	2527	524	604	215	295	4.85e-24	115	74	9AT2CG13GC34AG6CT2TA6CA2
vOTU_073	NODE_21_length_48646_cov_541.704328	84.146	82	6209	48646	524	605	41606	41525	1.93e-16	90.6	69	7GA1AC2CG13GC4ACTC9AG7CT8GA8CT2TG1CT5GC2
vOTU_073	NODE_1781_length_1893_cov_6.335691	82.500	80	6209	1893	523	602	93	172	2.87e-14	82.4	66	10AC2CA13GT4ACTCCT3CG7GC3GACT8GA1AG6CT2TG7
vOTU_074	NODE_34_length_31580_cov_641.513751	65.868	334	6183	31580	1763	2094	20778	20447	4.24e-12	75.2	220	5CG2CGAGGC4CATC4GA1GC2CT5GC2AGCT2AC2CAATGC2GC5CGCT2AG1CG12TACTGC1CACA3TG2-G2-T2AG5AGCA1C-2T-4CAGACG3CA1GC4AC1ACAG9CTGATC3AC10GACGGACT6TC1GC3AGCA1CTCT1GCTACT1AC7CGTCATCG2GCGA1GCGAACGC13AT3TC1CG4CGAC4CA1GCCAGACG2TCTG4CGCAGACG2CG1ATCG2GC1CG9CT3CT1CG1TG3GCGCAG5AC4AT5AG2GC1CG3CGGACAAG1GA3GA2CA4CTAC1CG4GA3
vOTU_076	NODE_12_length_95464_cov_625.492029	70.008	1237	5969	95464	1624	2841	39773	38559	2.25e-148	528	866	3CT1AT3AC5GACG4AG3GCATAG2GCGA1GC3CG3ACTGGT4CG1CATG5-T4CA1G-2CG5AC3GC5TG1AG2TCCAGACG3AC7CG2CGAG2ACAG6TG5GA2GC5CG1GAGT2CG2CGAGGCCG8CT3CA2ACAGGC1CA9TCTC1CGCT7GT1CG1TGCAGCTGCA1GA1CGGC4TCGA1GC2GC11AG2GA3CG4TC9AGTC3GCTACAGC13ATCT1TC3TC2CT2CG8AG6AC1GC6TCGA12GAAC16CGACAGGC23GC2GATACGTCGC1GT1CAGC3GCCG5TG1AG2GACA3CG2GC2CGATGCCG2GC2TCTG10GC2TG3GT11CGGC3TC3GA1GC3GA1GC5CG9ATGCCG5AT2CGTC4CG2GT1TCGC4TC7CA1GC5TC11CT1GCGC6-G-C2GC1A-C-1TC3GC1GATA9GC2AG2TA7CG2GA5CGAT3GTCG5TC2-C-C-A10AG4TCAC1CG2GC8GC2GC1T-C-2GC4CT2CGGA3-G-G5AG2CG5CT5CT8AG5CG1AT3CT11AG2CT3ATAG3CTCGCAGC2GA3TC1GTCAGACA5GC1AGAG9GC1TG5GCCA1AG8CG2CG1CA3CTACTA7TGCG3CT2-T2CG1G-1GC2TCTGCG3GA3CA8TGGC10CG13TGTG3-C-C-G-C-C-G-T-T-GTC3ACCG1GTGCGCCG1ACGT4CTAC2CT1TA6GC3TG8ATGCCG3GA1GC7GTCGTACGCT3CGGATGGCAGCG4C-3CG1-T1GA8CG3G-T-3C-A-A-G-G-A-G-T-C-G-7CA2CACG9AG1CG3ACAGGC5CGGAATGC2GT17GAGAACAC8GA2CT8AG2TG2GCGTTA3GC2CG6GCAGGC1AGCGCAGACAATTC5GCCG5GACGACAG5TGCT2CT1GC3GATCTC1GC3CG2GC14TC2CG7CT1TGCAGT8CA1TGCG2GT5CGACAT4TACGGC10A-G-C-3GA4CG4
vOTU_076	NODE_12_length_95464_cov_625.492029	71.166	163	5969	95464	135	294	41285	41123	9.63e-14	81.5	116	2GC2CG11GC1AGGT8AC1ATGC1TC9CT5TC1CACT5AG2GC5GA1TC1CGAT5GCGTCT7TC8GC1GCGTCGGATGTC7CGCGGC5CGTC1CT3TC6CG2TCTCGC4-G-C-A1GC6GAGC5
vOTU_076	NODE_12_length_95464_cov_625.492029	73.134	134	5969	95464	3311	3440	38074	37945	3.36e-13	78.8	98	2GA5AG3AC4AC2GA11CG9TCAGTG5CT8GC5AC1CGCG1GT6ACCGTC6C-T-T-C-1AT3AC2CA1-G-A-G-A1CA8AT2GC3CGGAGT5GC4
vOTU_076	NODE_826_length_3824_cov_1779.581852	70.350	1113	5969	3824	1742	2829	1956	872	3.57e-133	478	783	5GA2GC2GA4GAGCCA4CGAGGCCG3AG11ACAGGC1CA10TGGCCG6CA2AGCG1TCCAGCTC3TCCGGC4TGGA1GCGATGGC8GA2AC2GT3CG1CG2TC9AGTC3GCTACAGC14CT2CG2TC2CT11AG6AC7CGTAGT4AT1GCGA1GC3AT4CA7AC3CGACAGGCCGAG9CT2GCCT6ACGC2GCTACGTCGC4G-2GT3-C4TG1AG2GACA3CG5CGATGCCG2GC3TG7CTAT4TG3GT10CT1GCGC2TC3GA1GC6AC7CG2GC2CTATGCCG4TCACGA2TC13GC1TC7CA1GC2CT2TC14GC2TCCACA2TCGTGTACCG2CG4GATG9GC2AG2TA19GCCAGCCG6GT1-G-C-A10AG1CG2TC2CG5GC2GC9T-5-T-C-T1CT1TC3C-C-5AG2CG17CT2AG8CT2CT5GC5AG2CT3AGAG4CACT12CT2CT4AGAG10ACTG5GC2AG2GC2AC2CG2CG2AC2-T3C-6TGCG6CG1CACGGC1GC2TCTG7CT9TCGA12TC11TGTG1GA1TC3-G-G-T1CTAC1GA2AG1-T-C-C-CGC2GTGC2-T-C8CTCA1GC3TG4GC2CTATGCCG3GT8CAGACATACG4CGGCTC7C-T-G-C-4TG2GAATAG2CT1CG2TG1A-AG5A-GC4-A-A-G-A3-G1GT2-G2CT4ACTG3GT2CGTC2A-A-G-A-A-C-A-C-C-G-A-G-CT10CA9GTACAT5AT5CG2CA5AG2TG4TCCG2GT10ATGC2-T-C5T-C-G-G-C-1GC8AGACGCGT7CT1GC3GATCTC1GC3CT5CT5GA5TC2CG7CTCTTGCAGC10TGCG2GC2CG2CAATAT4TACGGC5GTGA7
vOTU_076	NODE_110_length_14291_cov_1190.374965	69.831	1180	5969	14291	1676	2829	14018	12871	3.57e-133	477	824	9CG1GTCA1CG5AG9TG1AC4GACG2CTAC1GCATTG3CG2CGAT-C2ATACGA3T-C-T-G-4GA2GC2GA4GAGCCA4CGAGGCCG11CT3ACAGGC1CA10TGGCCG6CA2AGCG1TCCAGCTC3TCCGGC4TCGA1GCGATGGC11AC2GA3CG1CG2TC2GA2CG2GAAGTC3GCTACAGC14CT2CG2TC14AG6AC7CGTAGT4AT1GCGA1GC3AT4CA7AC3CGACAGGCCGAG9CT2GCCT6ACGC2GCTACGTCGC4G-2GT3-C4TG1AG2GACA3CG5CGATGCCG2GC3TG7CTAT4TG3GT10CT1GCGC2TC3GA1GC6AC7CG2GC2CTATGCCG4TCACGA2TC13GC1TC7CA1GC2CT2TC14GC2TCCACA2TCGTGTACCG2CG4GATG9GC2AG2TA19GCCAGCCG6GT1-G-C-A10AG1CG2TC2CG5GC2GC9T-5-T-C-T1CT1TC3C-C-5AG2CG17CT2AG8CT2CT5GC5AG2CT3AGAG4CACT12CT2CT4AGAG10ACTG5GC2AG2GC2AC2CG2CG2AC2-T3C-6TGCG6CG1CACGGC1GC2TCTG7CT9TCGA12TC11TGTG1GA1TC3-G-G-T1CTAC1GA2AG1-T-C-C-CGC2GTGC2-T-C8CTCA1GC3TG4GC2CTATGCCG3GT8CAGACATACG4CGGCTC7C-T-G-C-4TG2GAATAG2CT1CG2TG1A-AG5A-GC4-A-A-G-A3-G1GT2-G2CT4ACTG3GT2CGTC2A-A-G-A-A-C-A-C-C-G-A-G-CT10CA9GTACAT5AT5CG2CA5AG2TG4TCCG2GT10ATGC2-T-C5T-C-G-G-C-1GC8AGACGCGT7CT1GC3GATCTC1GC3CT5CT5GA5TC2CG7CTCTTGCAGC10TGCG2GC2CG2CAATAT4TACGGC5GTGA7
vOTU_076	NODE_472_length_5642_cov_2003.902452	70.350	1086	5969	5642	1769	2829	1667	2724	2.25e-129	465	764	11CT3ACAGGC1CA10TGGCCG6CA2AGCG1TCCAGCTC3TCCGGC4TCGA1GCGATGGC11AC2GA3CG1CG2TC2GA2CG2GAAGTC3GCTACAGC14CT2CG2TC14AG6AC7CGTAGT4AT1GCGA1GC3AT4CA7AC3CGACAGGCCGAG9CT2GCCT6ACGC2GCTACGTCGC4G-2GT3-C4TG1AG2GACA3CG5CGATGCCG2GC3TG7CTAT4TG3GT10CT1GCGC2TC3GA1GC6AC7CG2GC2CTATGCCG4TCACGA2TC13GC1TC7CA1GC2CT2TC14GC2TCCACA2TCGTGTACCG2CG4GATG9GC2AG2TA19GCCAGCCG6GT1-G-C-A10AG1CG2TC2CG5GC2GC9T-5-T-C-T1CT1TC3C-C-5AG2CG17CT2AG8CT2CT5GC5AG2CT3AGAG4CACT12CT2CT4AGAG10ACTG5GC2AG2GC2AC2CG2CG2AC2-T3C-6TGCG6CG1CACGGC1GC2TCTG7CT9TCGA12TC11TGTG1GA1TC3-G-G-T1CTAC1GA2AG1-T-C-C-CGC2GTGC2-T-C8CTCA1GC3TG4GC2CTATGCCG3GT8CAGACATACG4CGGCTC7C-T-G-C-4TG2GAATAG2CT1CG2TG1A-AG5A-GC4-A-A-G-A3-G1GT2-G2CT4ACTG3GT2CGTC2A-A-G-A-A-C-A-C-C-G-A-G-CT10CA9GTACAT5AT5CG2CA5AG2TG4TCCG2GT10ATGC2-T-C5T-C-G-G-C-1GC8AGACGCGT3TG3CT1GC3GATCTC1GC3CG2GC2CT5GA5TC2CG5GA1CTCTTGCAGC10TGCG9ACAT3AGTACGGT8CG2GA2
vOTU_076	NODE_38_length_29372_cov_607.733977	68.528	1128	5969	29372	1742	2852	25755	24645	1.17e-107	393	773	5GA10GAGT5CGAGGC4AG11ACAGGC1CA9TCTGGCCG8G-2CGTG1GATC1GC1TG2-C1GA2TG2GCGATGGC8GA2AT2GA3CG4TC9AGTCGT2GCTACAGC13ATCT2CG2TC5CT8AG6AC7CA1GT5CGGCGC1GC2GAAC12ACCG2C-1AC2AG1-G3AC1CG2CT2GT5CTGTACGT2GT2TCGC1GT6GCCGGC4TG1AG2GACAAC2CG2GC2CGATGCCG2GT2TCTG7CTAT4TG3GT1CA2GA2GA4GCGC2TC3GA1GT6AC10GC8GCGATCAC3TC13GC1TC7CA1GC5TC8TC4GCGC6-G-C2GC1AG1G-T-3GC1GATA2AG6GC2AG2TA7CT2GA5CG2GCCAGC3CA3GT1CG1-A-T-C8AG1CG2TC2CG2GC5GC9TCCG3GAGTCTCG3GCCG3CT5CG2AG1ATCT2GT8CT2AG2CT2CG2CT8GC5AC2CT3AGAG1CGACCGCACT3GA3TC3GACG2CT2GC1AGAC11TC7AGAG2GC2AC8AC2CTACTA7TGCG6CA1CACGGC1GC2TCTG7CTCT8TCGA12TG5AG5TGTG1GA1TC4-G-T-G-T-C-C-G1AC1GAGT1ACACGC2GTGC2-T-C9CA1GC3TG4GT2CTATGCCG3GC8CAGACATACG5GATGGC1CG5TGGCCG2CA4GCATAG2CG2C-G-T-C-A-AG5A-GC2G-3TGCGGA1CACT2CT3A-1CGATAG1ACCG1T-T-C-A-AGGC6GCAT12CT5CG3GAAGAC5AC2GA2CG2CA5AG2TG4TC3GA8GA1ACGCTC1CTCG2-GAG1CGGC4C-2GT2GCCGATAC2CT5GTCT1GC3GATCTG1GCCT4CTGC2CT5GA5TC2CG7CT1TGCAGC8CT1TGCG2GC2CG2CTACAT4TACGGC11GT2TCCAGT4CA1GCAGTC5AG1AC3
vOTU_076	NODE_36_length_30711_cov_618.072253	67.317	1178	5969	30711	1676	2829	3704	4854	2.93e-96	354	793	2CG6CGTAGT2CG5AG9TG4TC1GACA2CTAC1GCATTG3CG3AT-C2AGAT1GC1GATG1T-5GA2GC5CG1GAGC5CGAGGCCG8CT2CT2GTACAGGT1CAGA9TGGCCG9ACCG1TCCAGTTC3TC1GC4TCGA1GCGTTC9GA2AC2GA3CG4TG9AGTC3GCTACAGC13AT3CG2TC14AG6AC4GC3TCGT3GA2GC5GA5CG2GA4AC2C-1AGAC2AG1-T3AC1CT2CT10AC3GCTACGTCGC4GTCT2GCCGGC4TG1AG2GACAAT2CG5CGATGCCG2GC3TG1GT5CTAT4TG2GAGT7GA4GCGC2TC2CTGA1GC6AC7CT2GC3ATGCCG2GCGATCAC3TC4CG8GA1TC7CA1GC2CT2TG13GCGC6-G-C-ACTTC2AC2TA4G-G-T-9GC2AG2TA1GCCT7GA5CG2GCCAGC6TCGT1-G-C-ACT9AG1CG2TC2CG2GC8GC6T-5GT1CTTGCA1GC1-G6AG5AG1AT6CGATGCCG2CT2AG5CG2CT8GC5AG2CT2CTAGAGCGCGACCGCACT7TC3GACG2CT2GC1AG11ACTG5GC11CG2CG5CTACTACA5GATGCG5AGCA1CACGGC1GC2TCTG1CG5CT9TGGC6GT5TG2CT2AG5TGTG1GA1TC3-G-AAC1ATGC3ACAGGAAT1GC3-T-T-C-C-A-T-C2CG2TC5GC3TG4GC2CTATGCCG3GC1GT2CG3CAGACGTACG4CG1TCGC1CG5T-G-3CA1TAGCGT1A-A-2CT1CG2TG1A-A-CGAC3AGGT3-G-A3TACAGT2-T-G-C-G7ACTG1A-A-G-A-C-C-T-T-C-A-A-G-6GCATGT2GT5AG12GTACAT5AC2GA2CG2CA5AG2TA4TCCA2GT5C-G-A-3GATGAC1CTGT2TC2GCCG1GC9ATGCGTCT2TC3CT1GC3GATCTC1GC3CA2GC8GA3GA4CG5GA1CT1TGCAGT2CG5CT1TGCG2GC2CG3ATAT4TACGGC14
vOTU_076	NODE_35566_length_249_cov_0.989691	90.361	249	5969	249	1460	1708	249	1	1.85e-92	342	225	9TC2TC17TC5CTGA4CG2CG8GA11CTAG4CT20GC2CG2AGTG17TC8TC8TC4TC8TG34AG20TC5CTAG35
vOTU_076	NODE_5962_length_609_cov_40.548736	72.128	592	5969	609	1624	2211	12	599	5.67e-80	300	427	3CT1AT3AC5GACG4AG3GCATAG2GCGA1GC3CG3ACTG5CG2TG5CT3CGTAGC2CG2GC2AC3GC5TG4TCCAGACG2CTAC7CG2CGAG2ACAGGC2GT2TG2CG2GA8CA1GAGT2CG2CGAGGCCG5GA6CA2ACAGGC1CA9TCTC1CG8-C1AG1CGTA2TAC-1GA1CGGC4TC2GC14AC6CG4TG7-A2AC3GCGATA1G-13ATCT1TC3TC2CT2CG2GA5AC6AC8TCGA6GC5GAAC16CGACAGGC21GAATGT5TCGC1GC1CAGC3GCCG3AG1TG1AG2GACA3CG2GC2CGATGCCG5TCTG13TG3GT7GA3CGGC3TC3GA1GC3GA1GC8CG2GC3ATGCCG5AG2CGTC4CG2GC1TCGC4TC3CG3CA1GC5TC8TC2CT1GCGC3-C4-A1GC1A-C-1TC3GC1GATA9GC2AG2TA7CG2GA5
vOTU_076	NODE_24_length_41240_cov_653.001093	68.439	583	5969	41240	1689	2260	33869	33298	2.12e-47	193	399	2AC4AG5AC3TG1AC2TC6AC1GC2GC2CGT-3GC1AC1G-G-1GC2TG2CA2GA18AGGA16ACAGGC3AG1CG5TCTGGCCT5GCC-C-G-5-A-A1TC1GCGC1CA-T2GA2TG2GC3TC1CA7CGAC6CATC5CGGCAT1CG2GAAGTCGA3TCCT7AC8GA4TC2CGCA1CT2GC2GC2-C1CT2-C-C3AC3CT1GA1C-T-G-4AT1GCGC1GC2GC4CTCGACAG7TA1CT1ACGTCGAT6CT2CT13ACGCTA1TCGC1GT2GC3GCCGGT2AT3AG1CTGT1AGCG2GC2CA1CGATGCCG2GC3TG1GC2CG4-G-C1GTAG3TC1G-C-3GAGTACGC4GCGC6GCTA18GC5CT2GC2AC3TC4CA2GC1TC3GC2GC2CG11TG8TG5GC5GCCGTGGC2CT1TC3GT2TC9GC2AG2TGCAGT6GAATGCGCCA6GCCAGC6-C-C-GTG1CGCG2GC10TATC2CG2GC2GC5GC3
vOTU_076	NODE_24_length_41240_cov_653.001093	72.851	221	5969	41240	1741	1959	224	6	3.83e-25	119	161	6GA2GC2GA4GAGCCA4CGAGGTCG8CT6ACAGGC1CA10TGGCCG6-A3AG2TAC-G-2GC1TG2-C4TGGA1GCGATGGC11AC6CG4TC5CG2GAAGTC3GCTACAGC8CT5CT2CG2TC14AG6AC7CGTAGT4AT1GCGA1GC2GAAT4CA7AC3
vOTU_076	NODE_586_length_4853_cov_20.205502	68.067	595	5969	4853	1676	2259	879	1462	1.10e-44	183	405	2CT2CA4TC1CA2AC4AG2GA2AC3TG4TC6AC1GC2GC2CGTC1C-A-2ACA-1GA1GT2TG2CG2GA8CT9AGGA12CT3ACAGGC2GTAG1CG6TGGCCG5GCC-C-G-5-C-A1TC1GCGC1CA-T2GA2TC2GC3TC1CG5GA1CGAC6CATC3TA1CG1AT1CG3AGTCGC3TCCT7AC1CG2CT3GA4TC2CGCA4GA2GC2A-C-1GAAT2-C-C3GCCT4TAGT4AT2GC1GC2GC4CTCGACAG7TA3ACGCCGAT6CT2CT13AC1TA1TCGC1GT2GC3GCCGGA2ATCT2AG2GT1AGCG2GC1GACA1CGATGCCG2GC3TG4CG4-G-C1GTAG3TC1G-C-3GAGTACGC4GCGC2TC3GCTA15CG8CT5AC3TC4CG2GC1TC3GC2GC2CG2CT8TC8TG5GC5GCCGTGGC2CT1TC3GT2TC2AG2CT3GC2AG2TGCAGT4C-3GTGC1-A6GCCAGC6-C-C-GTG1CGCG9AG3TATC2CG2GC8GC2
vOTU_076	NODE_45277_length_232_cov_1.864407	78.605	215	5969	232	1742	1955	2	215	5.68e-42	174	169	16GAGT6AGGC9CT6ACAGGC1CA9TCTGGCCG10CG1T-1GA2GC1TG2-C4TG2GCGATGGT11AG6CG4TA5CA2GAAGTC3GCTACAGC11CG1ATCT2CG17AT2GT3AC7CGTCGT9GC16
vOTU_076	NODE_39_length_29241_cov_550.532550	67.481	532	5969	29241	1739	2260	11270	11794	6.48e-35	150	359	2TG2CG2GA17CGAGGACT2CG5CA2CT3ACAGGC2GTAG1CG5TCTGGCCG5GCC-C-G-5-C-A1TC1GCGT1CA-T2GA2TG2GC3TC1CG7CGAC5GACATCCT2TC1CGGCAT5AGTCGT3TCCT7AC1CG6GA4TC2CGCA4GC2GC2-C1CT2ACTCG-3GCCT4TAGT4AT1GCGC1GC2GC4CTCGACAG7TA1CA1ACGCCGAT6CT2CT13ACGCTA1TCGC1GT2GC3GCCGGT2AT3AG2GT1AGCG2GC1GACA1CGATGCCG5TCTG4CG4-G-C1GTAG3TC1G-C-3GAGTACGC4GCGC6GCTA15CG11GC2AC3TC4CA2GC1TC3GC8CT8TG8TG2CT2GC6CGTGGC2CT1TC3GT2TC2AG6GC1GCAG2TGCAGT2GA1C-3GTGT1-A6GCCAGCCG2CG3-C-G-C1CGCA13TATC2CG2GC2GC5GC3
vOTU_076	NODE_2429_length_1378_cov_324.350718	71.837	245	5969	1378	1742	1985	256	13	9.01e-27	124	176	5GA2GC2GA4GAGCCA4CGAGGCCG11CT3ACAGGC1CA10TGGCCG6CA2AGCG1T-1GA2GC1TG2-C4TGGA1GCGATGGC11AG2GA3CG4TC9AGTC3GCTACAGC14CT2CG2TC2CT8GC2AG6AC7CGTAGT4AT1GCGA1GC2GAAT4CA7AC3CGACAGGCCGAG9CT2GCCT6
vOTU_076	NODE_2040_length_1642_cov_33.296786	69.820	222	5969	1642	2609	2829	2	222	5.32e-17	92.4	155	9AG1CG3ACAGGC5CGGAATGC2GT17GAGAACAC2CG5GC5CT6CA1TG2GCGTTA3GC2CG5G-1AC1TCATCGCGGA3-C5GCCG5GCCGACAG5TG3CT1GC3GATCTC1GC3CG2GC11GA2TC2CG2CT4CT1TGCAGC10TGCG2GT2CG2CTACAT4TACGGC5GC5GT2
vOTU_076	NODE_2040_length_1642_cov_33.296786	73.134	134	5969	1642	3311	3440	716	845	3.36e-13	78.8	98	2GA5AG3AC4AC2GA11CG5CT3TCAGTG5CT8GC5AC1CGCG1GT6ACCGTC8T-C-G-A-3AC2CA1-G-A-G-A1CA8AT2GC3CGGAGT5GC4
vOTU_081	NODE_5_length_177758_cov_542.156812	68.059	814	5722	177758	1886	2686	155406	154600	1.05e-63	247	554	10CAGA3CGGA1CT2GC2GA5TG2CG5TG5CG1ATCGCT4CG1GAGT1GC4GC3TGCGGTCAGT1CAGC1AT3CT11GT2CGCG2GCCGCG8TC3-G3GAAG2CG4ACCG1CA1C-2CGCT1CT4GCCG2CG4GC3CGCT1CG2CGGT1CG5GC2TC2CA2TC2GT5CG2CGT-3TGCG1AG1GC2CG3-T-T-G-C2CG5CG1CGTC3CT1CT5CACG3TC6CGGC1GC5GC1CG3CG15CT3CT5TC3CAAC3CG3GT1AG3ACCG1ACTACT2CG1AT3TCCAAT1GA2GCCACG1AGTG4CT7CTTGGC3CA1GTA-3TA1-C9TCTACG11CT3CT1GT2TG2CG3GC7CG6CG2CG1CG2CTAG1CG2CT1ATCA5GCGTGCAGGCCGCT3ATACCG9CT1CG5CT2CT2CG5CGTACGGC2CG3CA1CT4-A4CG2CT1A-2CA4ACCACGGT3TACAT-1CT3AC-T2-G-A-T4TACT9AGAT1GACA4CA1CG5GC1GA1TC1CT8C-3-C11CG2TGCA10CG2CG2GCCT14CA1CGTGCGCGAT1GCATGCCG2GC1AGGT8-GCT4TG1G-2GA5AG1CG1GC3CG2CG8CT2GCCA1GC2CT1CTCT2GC9CA5CA1CG2CGCA1GT2CG2CG2CTAGAC3GCCT4GC5CTGCCA6GC5CG2CG4ATCT2CG1AT3CG2GTAT1CG5
vOTU_081	NODE_5_length_177758_cov_542.156812	66.017	718	5722	177758	441	1146	156951	156252	1.37e-30	137	474	4CA2TC4CG2GA2CA1CG5CG5AG2CG12AG1GC2TG5AG5TG4GC1AGTACG2CGCG-A-A2GC4TGCA3G-3CGGA1ACG-A-A-3-G-T4TC1GA7CG8CG2CG6TA1CT1CAGTGCCACG8CG6AG1CGGTATGT3CGCAGCGACG3G-A-T-4ACCTCA1TC2AG2A-C-1AG4GCGC1G-1GTACCG6AGAGCACA3CGTA1CG1CG1CGC-C-T-4-A-A-G3CT1TGCGATAC14GA2CG5CG1CTCG2CT3TG1CGGC1GT2TC5CAGA1GC5CG8AG5GT5GC3TGGT3CT2AG2CG2CG6CAGACGTA1TGCGCT1AGCAGA3AG21GC6C-CG1CT4CAGAGACA1-C5TGGC2AG1CG5CG8GA1GA1CACAGCAG1CGCG2CG1CG5AGAGGC1CA1CTCT2GACA1GA4G-1GT2-ATC1CGGT1GA3GC2GA1TG3GCGA3AGTAGT1AC4GCCG3CGCT4CG3CG2GT1CG8-GCG1CA1GTTG1GATG3C-1AGAC4CG6CG2CG15CT1CG2GA2TGGCAT1AC2AT1CG5-T3C-2GAAGAGTG5CG5-AGT3GCAGCACT2A-1CG5CGTGGCCG3ACCTCG2TG2GT1CT3CGCACA3CGGACG3CG5CG2CG2CG5CT7
vOTU_081	NODE_5_length_177758_cov_542.156812	66.667	477	5722	177758	4834	5305	152818	152347	3.02e-26	122	318	5GC9TC2CG8CG2GAAT1GC2GA1TCCG7GA3CTCG2AG1CGGCAT3CTCG4CG6CA1GCAG1CT5AGAG4CT6AG1GC2GCGA4CT2GCCGACGC5GCGATACT7CT4CTGCCG2GA3CGACGCAG1CT1TC1AG4AC3TA1CGCAGACG3G-A-4-A-T-G4CGCT1AC1A-5CTAC1CGCA1CGCG1GCCTCG1TCTG5GTCG4CG3ACCGCGTC1CG3TGCGGC1TA6CGGC1CGGAATGT14GC5CT5GC2CTTG1G-2GA1CG2-A4GC2CT2CT5CTCGGC1CA7CTCATCGCGA3TC3CG3GC1CG1GA1AC1CG2CG5CG5TC2CG1ATTC2CG2GC5CGTC1CT5CG2CT2CTAG1GC1CGGC5CG2CG7GACT2G-3-C2TC1AT3GC12CT4GA5CG1CT1AGGC4GC2GC2
vOTU_081	NODE_4785_length_725_cov_21.505970	70.444	450	5722	725	438	876	234	666	2.83e-39	166	317	2AC4CA2TC4CG2GA2CA1CG5CG5AG2CG12AG1GC2TG5AG5TG4GC1AGTACG2CGCG-A-A2GT3AGTGCA3GCC-T-3C-1GCACAC1CG1-C4TC1GAGA6CG8CG9TA1CT1CAGTGCCACG8CG6AG1-G-T-T2A-1GT1CA1CA1G-C-4AC1CG3AG2GTTG1TGA-2A-6C-G-G-G-2GTACCG6AGAGCA4CGTA1CG3CGC-C-T-4-A-A-G5TGCGATAC17CG5CG1CTCG6TG1CGGC1GT2TC5CAGA1GC5CG14GT5GC3TGGT3CT5CG2CG6-ACA1CATAAGTG4C-4AG21GCGA5CG2C-4CAGAGACA1-C6GC2AG1CG5CG5GA4
vOTU_081	NODE_6145_length_595_cov_18.442593	74.101	139	5722	595	4834	4972	235	97	1.79e-16	89.7	103	5GC9TC2CG8CG2GCAT6TCCG7GA3CTCG2AG1CG1ATGC2CTCG11CA1GCAG1CT5AGAG1CT2CT6AG1GC3GA7GCCGACGC5GCGATA8CT4
vOTU_081	NODE_50796_length_224_cov_1.136095	68.750	192	5722	224	587	778	4	189	1.37e-11	73.4	132	9CG6AG1CG5CGCA2GT1CG3AC1CGCATA2CG1GT2TGAG2ATCT1ACC-C-G-C-G-3AC3G-5AGACCA4CGTA1CG1CG1CGCG1TG4CA4TGCGATAG3CACA6CAGT3TCCG2GCCT7CT3TG14GA1GC3CA1CA8AG3GC1GT5GC3TGGC6
vOTU_082	NODE_41269_length_239_cov_1.043478	99.582	239	5702	239	1677	1915	1	239	5.42e-118	427	238	26AG212
vOTU_085	NODE_57_length_20520_cov_984.915661	72.207	367	5590	20520	3182	3544	10002	10367	5.69e-48	194	265	5GC5-G4AC2G-3TG4GATGTC5GC1GCTC2TG5CG2TGTG1GA2GA3TCTC3GC2CGCA1GC2CG3CTCT3GC2AC4AG6TCCA4CA1CTAGAGGC6AG2TC1AC3GA9AGGT1CTGT7-T-C-A5CT6GA7CT1TCCG2AC1CG1TG6GTCG14CGCAACGC8CGAC7AG5TC11AG2AC2AG2CG1TGCT3TGTCGC2GA10CTGA2AG2GA1CATATG3ATTC1CGCA5AG6GACG3AT2CG1TC1TG4CT3TA3GTCG11GC6CGGC3AG2AG6
vOTU_085	NODE_57_length_20520_cov_984.915661	73.381	139	5590	20520	3902	4040	10698	10836	7.41e-15	85.1	102	7AG2GC2GC1CG1GTACAG2CA2GC3TC2CGTCGC6GA1TC3TGGT1TG4AC1TG3AG8AGTG9CGGC1GAGC5GC1TG17TC3GC5GC1CA3TCGTAT3CT5
vOTU_085	NODE_34_length_31580_cov_641.513751	69.516	351	5590	31580	3197	3544	19403	19753	2.12e-34	150	244	2GC4TG4GATCTC8TC2TG5CG2TGTG1GA2GA3TCTCGC2GC2CGCA1GCCTGTCG3CTCT3GC2AC4AG2GACG2TCCA1CT2CG1CTACAGGC6AG2TC1AC3GA9AGGT1CTGT2CT4-T-C-A5CT6GCCG6CT1TCCG2AC1CG1TG6GTCG14CGCT10CTAGGC6AG5TC3AT1AT5AG2AC2AG2CGGATC4TGTCGC8CT4CTGA2AG2GA3TG3ATTA1CACACT4AG5GAGACG3AC2CG1TC10TA3GTCG2TC8GC2GA3CGGC3AG2AG2GC3
vOTU_085	NODE_34_length_31580_cov_641.513751	72.222	144	5590	31580	3902	4042	20084	20224	4.68e-11	72.5	104	7AG2GC2GC1CG1GTACAG2CA2GC3TC2CGTCGC6GA1TC3TGGTGCTG4AC1TG3AG8-G-C-T7T-3C-G-1GAGC5GC1TGCT16TC9GT1CA3TCGTAT3CT7
vOTU_086	NODE_51834_length_223_cov_1.059524	94.170	223	5415	223	929	1151	1	223	4.82e-93	344	210	19GC6GT1TAGC2GC1TA9GC15TA76AT19CG8AC8AC34TC12
vOTU_091	NODE_2690_length_1237_cov_32.862098	73.321	521	5275	1237	2846	3357	807	293	2.60e-77	291	382	2AG5CA13TAGAGC4CG5AGTC2TG2AG6TG10TC1GA3AC1CT10AT1AG6TC4TA1AGCG8CG4CT13CG3TCGA2GC2CGTG10AG2AG1TAGC5CT-T7CGGC2C-2TC1GC2TCGA1TCGT5AG1TCGA8AG5CG2TG-G-G-A5-G-G1TA3T-2CA1TG1GTCTGTGC6G-2AC2GA1C-C-A-15GC2TA7TC1GC4AG5CG2CGTC1GA5CGTCTG1CG8GC1TGGCCGAG1CG3GA5AG2GT5GT24CG1GT7TGCGGA1CG5CG2GCTC1TA2GCGT4CT5CACA2CGATTG1TG6GAAT1CGTC1TG2CT2GACGAC8TG5TG9AT3GC1TG2TC9CGTAGT1GA6TC1TG4GC1ATAGGA5-T-A-C6
vOTU_091	NODE_430_length_5996_cov_618.122538	73.077	520	5275	5996	2846	3357	2329	2843	1.35e-74	283	380	2AG5CG8TC4TA1GC4CG5AGTC2TG4CT4TG10TC1GAGA2AC12AT1AG6TC4TA1AG9CG4CT3AG9CG3TC3GA2CGTGCG9AG4TA6C-CT5CG2AG1CA1C-3-G-C5TC6AG1TCGA8AG2GA5TGTGCG3CG1CTCG1TCGA8GTCTGT3GA3A-T-1GC2-T-GCA16GT2TG9GA4AG5CG2CGTC1GA5CGTCTG1CG8GC1TGGCCGAG1CG3GA5AG2GC2GT2GT1GA6GA2TCCT1GT9CG9TGCGGA1CG2GA2CT2GCTC1TA2GCGT4CT5CACA1GTCGACTG1TGGT4G-2ATCA3-G2CT3CGAC8TG3CA1TG3AC1GA3AT3GC1TG12CGTAGC1GA6TC1TG4GC1ATAGGA5-T-G-C6
vOTU_091	NODE_430_length_5996_cov_618.122538	81.169	154	5275	5996	1903	2056	1635	1788	6.99e-34	148	125	3GT7CGCGGC8GA5CA2TC1ACCG1AG9AC4AGAT5CT4AG4ATCGCA14GC2GA13AC2TGTA1CT18TC1CG5AG5AG4AG7
vOTU_091	NODE_98_length_14982_cov_692.056542	72.581	496	5275	14982	2846	3341	14484	14979	1.35e-74	282	360	2AG5CG13TAGTGC4CG5AGTC2TG9TG4CGGCAT3TC2GA2AC12AT1AG6TC4TA1AGCT5CG2CG4CT13CG3TCGA2GC2CGTGCG9AG2AG1TAGA5CTCTTCGT1GT2CG1ACCACT2TC1GC5TCGT5AG1TC3GC5AG8TGTGCGGA2CG2CG1TCGA2CGTC4GCCTGTGT2GA3AGTC1GCATCGCA16GT2TG7TC1GA4AG5CG2CGTCGA3GA3TCTG1CG8GC1TGGCCGAG1CG3GA8GC5GC8GA2TC2GT9CG9TGCGGA1CG1CT3CG2GCTC1TG2GCGT4CT4CTCGCA2CGACTG1TG9CATC1TG2CT3CGAC18AC1GA3AT3GC1TG12CGTAGC1GA6TC1TG4
vOTU_091	NODE_98_length_14982_cov_692.056542	80.000	160	5275	14982	1897	2056	13880	14039	2.44e-33	145	128	4TG10CA1CG1GC8GA5CAGA3ACCG1AG2TC6AC4AGAT5CT4AGAT3ATCGCA14GC1GA14AC2TGTA1CG13AG4TC1CG5AG5AG4AG7
vOTU_091	NODE_24_length_41240_cov_653.001093	71.676	519	5275	41240	2846	3357	13713	14227	5.36e-67	257	372	2AG5CG13TA1GC4CG5AGTC1CATG2AG6TG4CGGCAT3TC2GA2AC12AT1AG4TGGATC4TA1AG9CG4CT9GA3CG3TCGA2GC3TG10AG2AG1TA6CTCGTC5CG1ACCACT2TGCGGC5TC3GT2AG1TCGC8AG5CG2TCTGCGGA2CG2CG1TC3-A2-G3-T-TGCGC5G-3AC2G-A-C-CA1GT2CT11GT2TG5GA3GA4AG2GT2CG2CGTC1GA2GA2CGTA2CG7GAGC1TGGCCGAG1CG3GA5AG2GT5GA1GA6GA5GT9CG1GT7TGCGGA3CTGT2CT2GCTC1TG2GCGT10CACA2CGACTG1TG6GAAT1CTTC1TG2CT3CGAC8TG9AC1GA3AT3GC1TG12CGTAGC1GA6TC1TG4GC1ATAGGA5-T-G-C6
vOTU_091	NODE_24_length_41240_cov_653.001093	79.870	154	5275	41240	1903	2056	13025	13178	3.62e-31	139	123	3GA7CG1GCCT7GA5CA4ACCG1AG2TA6AC4AGAT5CT4AGAT2GAATCGCA14GC16AC2TGTA1CG13AG4TC1CG5AG5AG4AG7
vOTU_091	NODE_13288_length_370_cov_1025.419048	71.901	363	5275	370	2984	3341	365	8	3.39e-44	182	261	9AG2AG1TA6CTCGTC5CG1ACCACT2TG1GC5TC6AG1TCGA2GT5AG5CG2TGTGCG3CG1CTCG1TCGA8GT-T-T-T-C6G-2AC2GA1C-C-A-15GT2TG9GA4AG5CA2CGTC4-A4TGTC2C-7GC1TGGCCGAG1CG3GA5AG2GC5GA2GT1CG3GA2TC2GT9CG9TGCGGA3CTGT2CT2GCTC1TG2GCGT10CGCA2CGACTG1TG6GA2CATC1TG2CT3CGAC8TC5TG3AC1GA3AT3GC1TG12CGTAGC1GA6TC1TG4
vOTU_091	NODE_1337_length_2510_cov_567.556415	77.128	188	5275	2510	2846	3033	188	1	2.44e-33	146	145	2AG5CG13TAGAGC2CT1CG5AGTC2TG1CTAG6TG4CA5TC2GA2AC12AT1AG6TC4TA1AG9CG4CT13CG3TC3GA2CGTGCG9AG2AG1TA6CTCGTC5CG1ACCACT2TG1GC5TC5
vOTU_091	NODE_1337_length_2510_cov_567.556415	80.000	160	5275	2510	1897	2056	882	723	2.44e-33	145	128	4TG10CA1CG1GC8GA5CAGA3ACCG1AG2TC6AC4AGAT5CT4AGAT3ATCGCA14GC1GA14AC2TGTA1CG13AG4TC1CG5AG5AG4AG7
vOTU_091	NODE_109_length_14409_cov_432.549046	76.064	188	5275	14409	2846	3033	14222	14409	1.26e-30	137	143	2AG5CG13TAGAGC4CG5AGTC2TG9TG4CGGCAT3TC1GAGA2AC12AT1AG4TGGATC4TA1AG9CG4CT13CG3TC3GC2CGTGCG9AG2AG1TA6CTCGTC5CG1ACCACT2TG1GC5TC5
vOTU_091	NODE_109_length_14409_cov_432.549046	76.875	160	5275	14409	1897	2056	13528	13687	2.78e-26	123	123	4TCTG11CGCGGC2GA5GA5CA2TA1ACCG1AG2TCGT5AC4AGAT5CT5AT3ATCGCA5GA2GT5GC16AC2TGTA1CG5GA7AG4TC1CG5AG5AG4AGCT6
vOTU_091	NODE_1651_length_2039_cov_39.467742	67.976	331	5275	2039	2849	3175	1570	1244	7.47e-21	104	225	5CG8TGGC4GC5CT3CG1AGTC2TA2AG5TCTG4CA1AT3TG5AT6-A4T-1AT1AG6T-2CG1TCAC1CG2TCCT2AG2A-C-1GA4AGAG2-A-A-G7TG2TGGA2GACTCGCGTG4GA2TC2AG2AG1TAGC2CGCA1CGCGTGGC2GCCT7TG1GC12AG1TC2CGGC5AG5CG2TCTGCG3CG2CG1TC3CATCCGGC2GTCTGT3GC4TC3CGCA1GC8GC8TC2GAAGGT2TC1GA4AC1ACGC2CG2CGTC1GCAC1GC2CGTCTG3AG8TG5AG8
vOTU_093	NODE_5_length_177758_cov_542.156812	67.387	972	5204	177758	2460	3405	155392	154450	4.34e-68	261	655	4CT5GA9TG1AGGCCT3CGTC1C-G-C-6CGGCTA3CT1GCGC1CA3-G2-G-T1CT2TC1CT10GCCT1AG1AT3AG1CG2TG8TC2CG1AC4TGCG1GC1AG6CT2AT1GT8CG4GC1GCCA5AT1GT13CA2TCGC1CT6AGC-C-G-G-C-G-A-3GC1A-T-2AG1AG6-C-T-T5AG4CG2TCGAGT1CT1CT4GCTACGGC2TC2GCGA2AGAC1GC4TG5CGCGGC1TGCAAT8CG1AT3CT1GAGT2TC2TCTA1CG2AG1A-C-G-G-A-C-5GCTGGC3-C5GTCTGC1GA1GAGTC-G-4G-1TA3C-2CT1GC2ACTC1C-5ACACGA1TAGT1GC5-T-T-C-C-A-T-C3TA7TCGAGT2CT2GTCT1GT6CA2GC11CGATAG1GC8CT3CT1ATTA6GTG-3CG1GT1AGAT1-G5CG3CT10GT9TACGGC6CA1GTAG5GC1GC1CG1ATGC1AG4CGGC2CTGC2TAG-2GT3-C-T-C3-T4TACT2GCGCCG4AGAT1GA1TCCG2TA2TGCA1AGAC1GATA1TC2GCCACG2GC3ACCG3CT5AG8CG11TG2GCAT14CA2AG1CGCT1GCAT4GCGACGGT2GC5-G5-G3CA1G-G-3AGCG1TG17CT3CA1GC2CT2CT2GC9CAAT4CA7AT5CG5GC5CT9TCGACG8TCGCCG3CG4GTGT2AG1AT6GTAT1CG8GCCG6CT1GA3GC4AG2AT2GCGACT7-C1CA1-T-T-T-C6TGCA1C-1GC4C-2AGAT1CG2GC1TCGC2CT6GCCA3CGTC4GTCT2CGAC1CGCTTG5GC3GCCACG1TAGA9CG3AG7CGGACT8
vOTU_093	NODE_5_length_177758_cov_542.156812	67.848	395	5204	177758	3876	4250	154061	153678	4.07e-24	114	268	2AG5CT10GTGC2C-1TC4-T4TA1AGAG6CT17GC1TA2CGGCGAAC3TC3G-C-C-3AG2-C-T3-A5AC3GCTG4-G-T-C-A-A-G6ATAGCG5CT2TCGC2CGGC1GCCA4GA4GC2CT5GCCG2AG1CGGCTGCG2GA2TC2GCCAGA3CG4TACT2GCCAGACG2CG5CTGCAT2-C1CGTA3CG1GCCG2AC3G-2GCTGTACG2CG1GT3CGTC2ACGTCGCGGC3CA6CA1GT20CT6GCCT6CG-G-A-A-C-G2GA2TG2GA2-G-G-C-A1CA6GTC-G-3TC4G-C-G-G-1CG5GT20GA2TC8GT2GC1GAGA6
vOTU_093	NODE_8145_length_492_cov_16.004577	77.108	166	5204	492	3131	3296	2	167	1.85e-28	129	128	17CT3CA1GC2CT2CT2GC9CAAT4CA4GC2AC2GT2CG5GC5CT9TCGACG5CG2TCGCCG3CG4GTGT2AG1AT7AT1CG9CG6CT1GA3GC4AG2AT2GCGACT7
vOTU_093	NODE_13942_length_361_cov_0.947712	90.278	72	5204	361	2105	2176	88	158	3.82e-18	96.0	65	9GACA17GC10TC9T-3CG11GA6
vOTU_093	NODE_43641_length_235_cov_1.066667	89.041	73	5204	235	2105	2176	104	176	1.33e-17	93.3	65	10CT18TC15TG3TC1-TATAG12GA6
vOTU_093	NODE_29519_length_261_cov_1.524272	81.013	79	5204	261	2171	2249	261	184	4.35e-11	72.5	64	6CG1CTTC1GATG3GA3GA3CAG-2GA17TC2TG2AG14CA6AG4
